Angle_deg,Distance_mm,Intensity
228.34,523,232
229.13,539,232
229.91,539,235
230.70,539,235
231.49,554,234
232.28,554,233
233.06,554,234
233.85,539,233
234.64,539,233
235.43,539,234
236.21,554,234
237.00,554,233
237.80,570,232
238.59,585,235
239.38,601,234
240.18,585,231
240.97,585,236
241.76,585,235
242.55,585,236
243.34,601,235
244.13,616,235
244.93,632,232
245.72,632,239
246.51,632,238
247.58,632,236
248.37,648,236
249.16,648,237
249.96,632,235
250.75,632,235
251.54,632,237
252.33,632,236
253.12,632,231
253.91,648,235
254.71,648,233
255.50,648,235
256.29,648,236
257.12,648,236
257.91,648,236
258.70,648,234
259.49,632,235
260.28,632,236
261.07,616,229
261.87,601,224
262.66,570,228
263.45,570,229
264.24,554,229
265.03,539,228
265.82,539,228
266.61,523,230
267.40,523,227
268.19,507,229
268.98,499,231
269.77,487,230
270.56,481,232
271.34,470,233
272.13,457,231
272.92,451,233
273.71,440,233
274.50,427,233
275.29,421,234
276.11,418,234
276.94,409,235
277.78,405,233
278.61,403,233
279.44,394,232
280.28,397,233
281.11,399,233
281.95,392,235
282.78,396,235
283.61,398,233
284.45,399,233
285.28,400,234
286.07,400,234
286.86,400,235
287.65,407,233
288.43,404,234
289.22,395,230
290.01,390,234
290.80,376,235
291.59,381,236
292.38,391,234
293.16,403,233
293.95,424,216
294.74,819,224
295.56,835,222
296.35,835,224
297.14,835,226
297.93,866,226
298.72,866,232
299.51,881,236
300.29,850,237
301.08,757,233
301.87,772,220
302.66,523,200
303.45,788,212
304.24,772,213
305.03,772,211
305.87,430,161
306.70,437,180
307.54,426,135
308.38,420,155
309.22,417,174
310.05,401,164
310.89,393,135
311.73,336,151
312.57,149,211
313.40,168,217
314.24,171,223
314.99,172,225
315.78,173,227
316.58,173,229
317.37,161,230
318.16,167,229
318.95,158,231
319.75,153,230
320.54,151,231
321.33,162,232
322.12,168,233
322.92,158,231
323.71,153,232
324.54,163,229
325.33,156,233
326.12,165,226
326.90,169,228
327.69,171,223
328.48,172,218
329.27,180,212
330.06,157,171
330.85,255,138
331.63,492,158
332.42,484,145
333.21,538,216
334.01,554,227
334.80,538,232
335.59,554,231
336.38,538,231
337.17,538,234
337.96,538,233
338.75,538,233
339.54,538,233
340.33,538,234
341.12,523,234
341.91,523,233
342.70,523,232
343.49,523,232
344.28,523,230
345.07,523,235
345.86,523,232
346.65,507,235
347.44,523,228
348.24,386,221
349.03,374,229
349.82,368,234
350.61,365,233
351.40,363,237
352.19,374,235
352.43,380,228
353.22,383,223
354.00,459,227
354.79,523,235
355.58,523,235
356.37,523,231
357.15,523,221
357.94,322,210
358.73,476,214
359.52,467,222
0.30,386,223
1.09,374,213
1.92,322,158
2.73,335,158
3.53,335,142
4.34,554,211
5.15,523,228
5.95,538,232
6.76,523,234
7.56,538,235
8.37,538,231
9.18,554,234
9.98,538,232
10.79,554,235
11.55,554,232
12.34,570,225
13.13,309,212
13.92,309,228
14.71,302,226
15.50,298,218
16.29,303,215
17.08,585,219
17.87,362,219
18.66,349,219
19.45,335,229
20.24,328,228
21.07,318,217
21.85,300,213
22.62,297,212
23.40,289,212
24.18,285,212
24.95,297,184
25.73,289,232
26.50,278,237
27.28,280,239
28.06,287,230
28.83,415,219
29.61,422,229
30.37,426,233
31.12,428,232
31.88,421,236
32.63,418,233
33.38,409,234
34.14,405,233
34.89,403,233
35.65,394,233
36.40,390,233
37.15,388,233
37.91,375,234
38.66,368,234
39.45,365,233
40.24,363,236
41.04,356,233
41.83,352,234
42.63,344,232
43.42,340,230
44.22,338,236
45.01,337,236
45.81,323,235
46.60,329,236
47.40,325,235
48.19,323,233
48.98,322,234
49.76,322,237
50.53,315,235
51.31,312,236
52.09,310,236
52.86,309,238
53.64,309,239
54.41,309,236
55.19,302,238
55.97,298,237
56.74,296,237
57.52,295,239
58.31,295,239
59.10,295,236
59.90,288,236
60.69,285,234
61.49,283,236
62.28,282,239
63.08,282,236
63.87,282,237
64.67,282,237
65.46,282,237
66.26,275,238
67.05,271,235
67.97,276,237
68.76,279,238
69.56,280,235
70.35,281,240
71.15,281,237
71.94,281,234
72.74,281,237
73.53,274,236
74.33,278,233
75.12,280,232
75.92,281,237
76.71,281,238
77.50,274,238
78.25,271,237
79.01,269,236
79.76,268,237
80.51,261,237
81.27,241,235
82.02,241,232
82.78,228,236
83.53,228,231
84.28,234,231
85.04,231,232
85.79,237,234
86.65,241,233
87.44,244,231
88.23,263,232
89.02,265,235
89.81,273,235
90.60,270,234
91.40,276,235
92.19,279,233
92.98,273,236
93.77,277,236
94.56,272,235
95.35,263,237
96.15,259,237
96.96,257,239
97.76,256,235
98.57,255,237
99.37,241,237
100.18,241,235
100.98,241,236
101.79,241,235
102.59,241,236
103.40,244,238
104.20,242,239
105.01,245,237
105.80,250,239
106.57,259,238
107.35,257,238
108.12,256,238
108.89,255,239
109.67,261,240
110.44,264,239
111.22,266,239
111.99,260,237
112.76,271,240
113.54,290,237
114.31,306,237
115.14,307,234
115.93,314,218
116.72,304,119
117.51,299,84
118.30,241,171
119.09,234,215
119.89,231,222
120.68,229,219
121.47,235,214
122.26,238,213
123.05,239,210
123.84,233,210
124.63,230,211
125.42,229,212
126.22,228,213
127.01,234,214
127.80,231,222
128.59,223,227
129.39,219,216
130.18,230,215
130.97,235,229
131.76,231,234
132.56,236,228
133.35,238,217
134.11,239,211
134.96,243,197
135.80,246,210
136.65,250,200
137.49,259,171
138.34,263,187
139.18,265,138
140.03,273,135
140.87,277,155
141.72,272,142
142.56,283,168
143.41,282,180
144.27,275,132
145.06,278,142
145.84,201,71
146.63,152,77
147.42,322,126
148.21,308,168
148.99,301,145
149.78,298,161
150.57,303,168
151.36,299,122
152.14,304,171
152.93,306,168
153.76,321,151
154.55,74,100
155.34,322,142
156.13,585,224
156.92,585,227
157.71,336,220
158.50,336,221
159.29,336,228
160.08,336,229
160.87,336,232
161.66,322,235
162.45,315,234
163.24,312,234
164.07,303,231
164.91,312,235
165.74,317,235
166.57,319,232
167.40,327,233
168.24,338,224
169.07,1489,219
169.90,1474,229
170.73,1489,227
171.57,6352,210
172.40,6321,187
173.15,1489,216
173.94,174,222
174.74,174,230
175.53,161,236
176.33,147,239
177.12,133,237
177.92,126,240
178.71,122,240
179.51,120,241
180.30,104,240
181.10,89,235
181.89,81,234
182.68,85,236
183.47,94,241
184.26,106,237
185.05,120,239
185.84,119,245
186.63,119,246
187.41,104,242
188.20,104,241
188.99,89,241
189.78,96,243
190.57,92,240
191.36,98,243
192.16,101,238
192.95,102,238
193.75,103,241
194.54,88,239
195.33,81,236
196.13,77,238
196.92,83,243
197.72,101,239
198.51,117,232
199.30,125,232
200.10,129,236
200.89,139,240
201.69,156,237
202.47,165,240
203.24,176,240
204.02,188,229
204.80,194,223
205.57,211,217
206.35,459,224
207.12,452,229
207.90,455,232
208.68,457,233
209.45,451,232
210.23,455,229
211.06,457,234
211.86,458,231
212.67,458,229
213.47,467,228
214.27,479,229
215.07,507,232
215.88,491,230
216.68,507,232
217.48,507,232
218.28,499,233
219.09,495,229
219.89,493,231
220.68,492,233
221.48,492,233
222.27,484,232
223.07,488,232
223.87,507,231
224.67,507,229
225.46,507,231
226.26,523,231
227.06,523,230
227.86,538,234
228.65,538,234
229.45,554,235
230.21,554,235
231.00,554,235
231.79,570,233
232.58,554,234
233.37,554,233
234.16,554,235
234.94,554,233
235.73,570,232
236.52,570,230
237.31,585,233
238.10,585,235
238.89,601,231
239.69,616,233
240.47,601,235
241.24,601,238
242.02,601,234
242.80,601,236
243.57,616,235
244.35,632,236
245.12,632,239
245.90,647,238
246.68,632,235
247.45,647,237
248.23,647,239
249.02,647,236
249.82,647,235
250.61,647,235
251.41,647,237
252.21,632,233
253.01,632,236
253.80,647,239
254.60,647,237
255.40,647,237
256.20,647,237
256.99,647,234
257.79,647,234
258.55,632,236
259.35,647,237
260.16,632,237
260.96,601,225
261.76,585,227
262.56,570,226
263.37,570,230
264.17,554,228
264.97,538,228
265.77,538,228
266.58,523,230
267.38,523,229
268.21,507,233
269.00,499,229
269.78,487,231
270.57,481,232
271.36,478,235
272.15,461,234
272.93,453,234
273.72,441,235
274.51,428,233
275.30,421,234
276.08,418,235
276.87,409,233
277.65,405,236
278.44,403,234
279.24,402,234
280.03,382,234
280.82,384,233
281.62,385,234
282.41,393,233
283.21,397,235
284.00,399,235
284.79,400,234
285.59,393,233
286.38,397,233
287.14,413,234
288.00,407,236
288.87,396,234
289.73,379,235
290.60,370,234
291.46,378,237
292.33,389,235
293.19,402,234
294.06,416,216
294.92,819,225
295.79,835,226
296.65,835,227
297.45,835,226
298.24,850,227
299.03,866,231
299.82,866,238
300.61,835,237
301.40,757,233
302.20,772,219
302.99,523,212
303.78,757,212
304.57,757,214
305.36,788,210
306.15,445,171
306.90,437,145
307.69,419,145
308.49,410,168
309.28,405,132
310.07,395,155
310.86,378,145
311.66,382,158
312.45,174,211
313.24,174,217
314.03,174,221
314.83,174,224
315.62,174,226
316.42,174,228
317.21,161,229
318.01,155,230
318.80,152,231
319.59,163,232
320.39,168,233
321.18,158,234
321.98,153,233
322.77,163,232
323.56,168,230
324.36,171,229
325.15,172,229
325.95,173,228
326.74,173,225
327.54,173,221
328.33,180,219
329.12,177,212
329.92,182,210
330.71,459,193
331.51,467,180
332.30,471,180
333.09,554,214
333.89,554,227
334.68,554,233
335.51,554,233
336.35,538,233
337.18,538,236
338.02,538,232
338.86,538,232
339.70,538,235
340.53,538,234
341.37,523,233
342.21,538,234
343.05,538,233
343.88,523,233
344.72,523,234
345.52,523,232
346.23,523,234
346.93,523,234
347.64,507,224
348.35,386,224
349.06,386,230
349.76,374,232
350.47,368,235
351.18,358,235
351.89,372,235
352.59,379,229
353.30,382,223
354.09,459,224
354.88,523,233
355.67,523,235
356.46,523,232
357.25,523,223
358.04,554,210
358.84,507,213
359.63,491,223
0.42,386,223
1.21,336,213
2.00,89,132
2.79,336,177
3.58,349,184
4.36,585,210
5.14,538,229
5.92,538,232
6.70,538,235
7.48,538,235
8.26,538,231
9.04,538,235
9.82,538,235
10.60,554,236
11.38,554,232
12.16,570,225
12.92,309,213
13.72,309,226
14.51,302,227
15.31,298,222
16.11,296,215
16.91,585,218
17.70,362,219
18.50,355,217
19.30,345,225
20.10,333,227
20.89,327,220
21.69,311,213
22.40,296,211
23.18,289,212
23.96,278,212
24.74,280,210
25.52,281,225
26.30,268,236
27.08,275,239
27.86,285,232
28.64,297,220
29.42,430,230
30.20,430,232
30.98,430,233
31.85,430,231
32.62,422,235
33.40,411,237
34.17,406,234
34.94,403,234
35.71,394,231
36.49,390,233
37.26,388,233
38.03,375,230
38.80,368,232
39.58,358,231
40.35,360,234
41.11,361,232
41.91,355,236
42.70,345,231
43.50,340,229
44.30,331,235
45.10,320,234
45.89,321,236
46.69,321,236
47.49,321,236
48.29,321,236
49.08,321,235
49.88,321,235
50.68,315,235
51.47,312,237
52.27,310,236
53.06,309,236
53.85,309,236
54.64,302,235
55.44,298,237
56.23,296,237
57.02,295,237
57.81,295,238
58.61,295,238
59.40,295,238
60.15,288,237
60.93,278,238
61.70,280,237
62.48,281,236
63.26,274,237
64.03,278,239
64.81,273,239
65.58,277,238
66.36,279,238
67.14,280,239
67.91,274,238
68.69,271,238
69.49,269,238
70.28,268,238
71.08,275,235
71.87,271,237
72.66,276,237
73.46,279,236
74.25,280,234
75.05,281,231
75.84,281,234
76.63,281,238
77.43,274,237
78.22,264,239
79.02,266,236
79.78,274,237
80.55,271,234
81.31,241,234
82.07,234,232
82.83,224,236
83.60,226,231
84.36,233,234
85.12,230,230
85.88,235,231
86.65,240,231
87.41,254,233
88.21,268,233
89.00,275,235
89.80,271,234
90.59,276,235
91.38,272,236
92.18,270,234
92.97,276,237
93.77,279,237
94.56,273,237
95.35,264,236
96.15,259,238
96.94,257,238
97.97,256,238
98.76,241,236
99.55,241,238
100.34,241,235
101.13,241,233
101.92,244,236
102.72,246,237
103.51,250,238
104.30,252,237
105.09,253,238
105.88,254,237
106.67,254,237
107.50,254,237
108.29,241,236
109.08,241,239
109.87,254,239
110.66,261,238
111.45,264,239
112.23,266,235
113.02,274,239
113.81,284,238
114.60,289,235
115.39,299,232
116.18,310,215
116.98,228,87
117.77,228,100
118.57,234,210
119.36,231,218
120.15,229,219
120.95,228,217
121.74,228,214
122.54,234,210
123.33,237,211
124.12,232,211
124.92,230,212
125.71,229,212
126.47,235,213
127.31,238,217
128.14,226,223
128.98,220,224
129.81,224,215
130.65,226,216
131.48,233,233
132.32,230,232
133.15,235,220
133.99,238,215
134.82,260,211
135.66,264,193
136.45,259,184
137.27,263,184
138.09,259,171
138.91,263,135
139.73,265,187
140.55,273,119
141.36,270,171
142.18,276,148
143.00,292,145
143.82,300,161
144.64,291,132
145.46,300,71
146.26,89,58
147.05,295,87
147.85,295,164
148.64,295,184
149.43,295,177
150.23,295,129
151.02,288,168
151.82,298,151
152.61,303,138
153.40,306,145
154.20,321,151
154.99,328,174
155.82,601,219
156.63,585,229
157.44,362,217
158.25,349,222
159.06,342,224
159.87,339,230
160.67,330,232
161.48,326,235
162.29,317,236
163.10,313,234
163.91,311,235
164.72,310,240
165.55,316,234
166.35,326,233
167.16,331,235
167.96,340,228
168.76,351,215
169.56,1489,226
170.37,1489,228
171.17,1505,217
171.97,6321,211
172.77,1505,214
173.58,174,218
174.38,161,230
175.14,155,235
175.94,144,238
176.73,124,236
177.53,121,240
178.33,120,240
179.13,112,241
179.92,100,239
180.72,87,235
181.52,80,233
182.32,77,237
183.11,90,241
183.91,104,236
184.70,119,237
185.52,119,244
186.34,111,243
187.16,107,243
187.98,113,242
188.80,101,241
189.61,102,244
190.43,103,242
191.25,111,243
192.07,107,246
192.89,105,244
193.71,112,244
194.50,115,244
195.30,117,246
196.11,125,243
196.91,137,235
197.71,155,235
198.51,152,236
199.32,163,236
200.12,168,238
200.92,178,237
201.72,176,241
202.53,182,240
203.33,185,239
204.13,186,228
204.93,200,222
205.72,207,219
206.52,459,225
207.32,459,230
208.12,459,232
208.91,467,233
209.71,463,233
210.51,469,230
211.31,464,231
212.10,470,229
212.90,473,231
213.69,482,228
214.46,507,229
215.24,499,228
216.01,507,231
216.78,507,231
217.55,523,230
218.33,507,232
219.10,507,234
219.87,507,233
220.64,507,232
221.42,507,233
222.19,499,232
222.99,507,234
223.78,523,232
224.58,523,229
225.37,523,232
226.16,523,233
226.96,538,233
227.75,538,236
228.55,554,234
229.34,554,235
230.13,570,234
230.93,554,233
231.72,570,231
232.40,554,235
233.19,570,235
233.98,570,233
234.77,570,233
235.56,585,232
236.35,585,232
237.14,585,236
237.93,601,235
238.72,616,233
239.51,601,231
240.30,601,238
241.09,601,233
241.85,616,233
242.64,616,234
243.43,632,238
244.22,647,233
245.01,632,237
245.80,647,237
246.58,647,238
247.37,663,237
248.16,663,237
248.95,647,235
249.74,647,235
250.53,647,239
251.36,647,237
252.15,647,237
252.94,647,236
253.73,647,238
254.52,647,237
255.31,647,236
256.11,647,237
256.90,647,232
257.69,632,235
258.48,647,236
259.27,647,236
260.06,632,236
260.86,616,229
261.64,601,226
262.42,585,225
263.20,570,227
263.98,554,229
264.76,538,230
265.53,538,228
266.31,523,233
267.09,523,230
267.87,507,229
268.65,499,231
269.43,495,231
270.19,485,232
271.02,472,234
271.85,465,234
272.68,455,232
273.51,442,232
274.34,428,235
275.16,421,235
275.99,418,235
276.82,416,234
277.65,408,234
278.48,404,236
279.31,395,233
280.14,390,233
280.93,395,235
281.72,398,232
282.51,392,235
283.30,396,233
284.09,398,235
284.89,399,235
285.68,400,236
286.47,400,235
287.26,407,236
288.05,411,235
288.84,406,233
289.59,396,234
290.42,391,234
291.24,388,237
292.07,394,238
292.89,397,234
293.72,406,224
294.54,819,219
295.37,819,223
296.19,835,225
297.02,850,225
297.84,850,229
298.67,850,230
299.43,881,234
300.21,850,235
300.98,788,230
301.76,772,228
302.54,523,212
303.31,772,211
304.09,772,213
304.86,757,212
305.64,757,187
306.42,445,193
307.19,445,197
307.97,445,161
308.77,386,203
309.56,374,145
310.36,380,210
311.15,397,148
311.94,188,203
312.74,181,214
313.53,165,218
314.33,157,222
315.12,153,225
315.91,163,227
316.71,168,229
317.50,171,231
318.29,172,232
319.08,173,232
319.88,173,232
320.67,173,231
321.47,161,232
322.26,167,231
323.06,170,232
323.85,172,232
324.65,173,229
325.44,173,229
326.24,173,228
327.03,173,226
327.79,173,221
328.59,180,217
329.39,184,210
330.19,459,158
330.99,475,184
331.79,483,184
332.59,479,203
333.39,554,227
334.19,539,229
334.99,539,233
335.79,554,233
336.59,539,232
337.47,539,233
338.26,539,234
339.05,539,236
339.84,539,233
340.63,539,234
341.42,523,233
342.20,523,232
342.99,523,233
343.78,523,235
344.57,523,232
345.36,523,233
346.15,523,234
346.98,523,230
347.74,523,225
348.49,386,226
349.25,374,231
350.01,368,235
350.77,358,235
351.52,360,234
352.28,361,232
353.04,373,227
353.80,368,219
354.55,507,230
355.31,523,232
356.11,523,233
356.90,523,230
357.69,554,217
358.49,309,212
359.28,445,218
0.07,423,220
0.86,404,220
1.65,395,203
2.44,44,145
3.24,336,174
4.03,342,171
4.82,554,218
5.61,539,230
6.37,539,233
7.14,539,233
7.90,539,235
8.67,539,235
9.43,554,234
10.20,554,238
10.96,554,236
11.73,554,231
12.49,570,213
13.26,309,221
14.02,302,230
14.82,298,225
15.62,296,216
16.43,585,216
17.23,363,217
18.03,356,215
18.84,352,219
19.64,337,229
20.45,329,221
21.25,325,214
22.05,303,210
22.86,299,210
23.66,290,211
24.41,279,210
25.21,280,215
26.01,274,237
26.81,278,240
27.61,286,234
28.41,290,228
29.20,415,228
30.00,422,232
30.80,426,235
31.60,428,231
32.40,421,233
33.20,418,233
33.96,409,233
34.73,405,235
35.51,403,236
36.28,394,231
37.05,390,232
37.83,376,232
38.60,369,234
39.38,366,233
40.15,364,234
40.92,356,230
41.70,352,233
42.47,344,230
43.34,340,229
44.13,331,233
44.92,326,237
45.71,331,234
46.50,320,235
47.29,321,234
48.07,321,235
48.86,321,235
49.65,321,236
50.44,315,237
51.23,312,236
52.02,310,236
52.65,309,235
53.45,309,235
54.24,309,237
55.04,302,238
55.83,298,240
56.63,296,237
57.42,295,238
58.22,288,235
59.01,285,240
59.81,283,236
60.60,275,237
61.40,271,240
62.12,276,236
62.93,279,239
63.73,280,239
64.54,281,239
65.35,281,238
66.16,274,236
66.96,278,237
67.77,280,235
68.58,281,238
69.39,281,237
70.19,281,235
71.00,281,238
71.79,281,237
72.58,274,239
73.37,278,238
74.16,280,237
74.95,281,229
75.74,281,234
76.52,274,235
77.31,278,237
78.10,273,237
78.89,277,235
79.68,266,236
80.47,260,236
81.30,242,232
82.09,235,233
82.88,225,235
83.67,226,230
84.46,234,232
85.25,231,234
86.05,237,232
86.84,239,234
87.63,260,229
88.42,264,230
89.21,273,232
90.00,277,237
90.79,279,237
91.56,280,235
92.34,267,237
93.11,274,239
93.88,271,236
94.66,269,238
95.43,268,237
96.21,261,239
96.98,258,238
97.75,256,237
98.53,255,237
99.30,242,236
100.17,235,234
100.96,238,235
101.75,240,237
102.54,243,237
103.33,246,237
104.12,250,237
104.90,252,241
105.69,253,237
106.48,242,238
107.27,245,238
108.06,256,237
108.85,242,239
109.64,245,239
110.43,256,239
111.22,262,237
112.01,265,235
112.80,273,236
113.59,284,239
114.39,289,233
115.18,305,233
115.97,307,219
116.76,255,106
117.55,275,142
118.34,228,148
119.13,235,214
119.97,231,218
120.80,229,217
121.64,235,212
122.48,231,212
123.31,236,210
124.15,232,210
124.98,230,212
125.82,236,211
126.66,232,211
127.49,237,213
128.33,232,218
129.09,223,227
129.88,219,217
130.67,217,214
131.46,222,227
132.25,225,233
133.04,233,229
133.82,238,219
134.61,240,213
135.40,254,171
136.19,254,190
136.98,254,184
137.77,268,187
138.63,268,151
139.40,268,164
140.17,261,158
140.94,258,180
141.71,256,190
142.48,262,177
143.26,265,174
144.03,266,158
144.80,267,142
145.57,288,61
146.34,89,71
147.11,282,100
147.94,288,148
148.74,285,171
149.53,336,161
150.33,315,184
151.12,312,129
151.92,310,177
152.71,302,151
153.51,305,135
154.30,320,164
155.10,314,135
155.89,601,219
156.69,585,229
157.43,585,216
158.22,336,224
159.02,336,225
159.81,336,230
160.60,329,231
161.39,325,235
162.19,317,237
162.98,313,233
163.77,311,232
164.56,310,236
165.36,309,233
166.15,322,235
166.94,329,231
167.74,332,231
168.55,340,217
169.35,1489,225
170.15,1489,229
170.96,1505,220
171.76,188,211
172.57,168,219
173.37,158,231
174.17,153,235
174.98,151,238
175.78,135,237
176.54,127,238
177.34,138,241
178.13,143,237
178.93,158,237
179.72,166,239
180.52,170,242
181.31,172,236
182.11,173,238
182.90,180,240
183.70,190,233
184.49,189,237
185.29,181,234
186.08,150,244
186.87,134,243
187.67,126,244
188.46,115,241
189.26,109,240
190.05,114,240
190.85,109,242
191.64,106,244
192.44,112,242
193.23,115,242
194.03,124,235
194.82,129,236
195.61,139,238
196.39,156,239
197.18,165,240
197.96,176,238
198.74,175,239
199.53,174,236
200.31,174,239
201.10,181,239
201.88,184,240
202.66,179,240
203.45,183,238
204.23,185,224
205.06,193,219
205.85,459,219
206.65,459,226
207.44,467,232
208.23,471,231
209.02,473,231
209.82,474,233
210.61,475,233
211.40,475,230
212.19,483,231
212.99,487,229
213.78,507,228
214.57,523,231
215.35,507,230
216.14,523,232
216.92,523,232
217.70,507,230
218.49,499,232
219.27,507,233
220.06,507,232
220.84,523,235
221.62,523,231
222.41,523,233
223.19,523,233
223.99,523,231
224.79,523,231
225.59,523,232
226.39,554,230
227.19,554,232
227.99,570,231
228.79,570,234
229.59,570,233
230.39,585,233
231.19,585,234
231.99,570,233
232.79,585,233
233.58,570,236
234.37,585,232
235.17,601,230
235.96,585,234
236.75,616,234
237.54,616,233
238.34,616,235
239.13,601,233
239.92,616,234
240.71,616,232
241.51,616,235
242.30,616,234
243.09,632,233
243.85,648,238
244.62,648,238
245.38,648,237
246.15,648,237
246.91,663,238
247.68,663,237
248.44,663,235
249.21,648,235
249.97,648,236
250.74,648,238
251.50,648,237
252.29,648,238
253.08,648,240
253.87,648,239
254.66,648,235
255.45,648,235
256.24,648,235
257.02,648,235
257.81,648,237
258.60,648,235
259.39,648,237
260.18,632,231
260.97,601,225
261.80,586,225
262.62,570,226
263.43,554,228
264.25,554,230
265.07,539,230
265.89,539,230
266.70,523,229
267.52,508,230
268.34,508,229
269.16,500,231
269.97,496,230
270.79,486,232
271.58,473,232
272.40,459,232
273.21,444,231
274.03,437,231
274.85,426,235
275.66,421,235
276.48,411,234
277.29,406,233
278.11,403,234
278.93,402,233
279.74,394,233
280.56,397,236
281.36,399,234
282.15,400,234
282.94,400,235
283.74,400,234
284.53,400,233
285.32,393,233
286.11,397,235
286.90,406,234
287.69,411,232
288.49,398,233
289.28,392,234
290.07,389,235
290.87,387,235
291.69,394,235
292.51,397,235
293.33,413,226
294.15,819,219
294.97,819,226
295.79,835,226
296.61,835,226
297.43,851,226
298.25,851,229
299.07,882,236
299.89,866,238
300.68,773,226
301.49,757,228
302.29,508,212
303.10,508,210
303.91,757,216
304.72,773,212
305.52,788,210
306.33,445,193
307.14,437,171
307.95,426,168
308.75,413,206
309.56,399,197
310.31,381,168
311.10,365,174
311.90,188,200
312.69,181,214
313.48,178,221
314.27,176,224
315.07,175,224
315.86,175,229
316.65,175,230
317.44,175,230
318.24,162,233
319.03,168,233
319.82,171,234
320.61,173,231
321.41,174,234
322.20,174,233
322.99,162,233
323.78,168,232
324.58,171,231
325.37,173,228
326.16,174,226
326.95,174,224
327.75,181,219
328.54,178,215
329.30,176,211
330.15,477,197
331.01,477,210
331.86,484,164
332.71,554,211
333.57,539,225
334.42,554,233
335.28,554,232
336.13,539,232
336.98,539,234
337.84,539,234
338.69,539,236
339.45,539,234
340.24,539,233
341.03,523,233
341.82,539,232
342.61,523,233
343.40,523,233
344.20,523,233
344.99,523,232
345.78,523,231
346.57,523,232
347.36,523,229
348.15,386,221
348.98,386,228
349.74,374,233
350.50,368,236
351.26,365,240
352.02,364,235
352.78,375,230
353.54,380,225
354.30,460,225
355.06,468,233
355.82,523,234
356.58,523,233
357.34,523,225
358.10,309,212
358.90,539,212
359.69,416,222
0.49,401,225
1.29,382,216
2.09,74,135
2.88,323,126
3.68,329,177
4.48,492,200
5.28,539,228
6.07,539,230
6.87,539,234
7.47,539,235
8.26,539,234
9.06,539,235
9.85,554,236
10.64,554,236
11.44,554,232
12.23,554,226
13.03,336,211
13.82,322,226
14.61,309,229
15.41,302,221
16.20,305,215
16.99,320,216
17.75,341,221
18.51,345,217
19.27,340,225
20.03,324,229
20.79,330,219
21.55,306,213
22.31,294,211
23.07,288,211
23.83,285,212
24.59,283,210
25.35,289,225
26.18,285,237
26.97,283,238
27.76,289,230
28.55,292,221
29.34,445,228
30.13,437,233
30.93,433,234
31.72,424,233
32.51,420,235
33.30,410,235
34.09,405,235
34.88,403,237
35.68,394,234
36.46,390,235
37.24,376,233
38.02,369,233
38.80,366,232
39.58,364,233
40.35,363,233
41.13,356,235
41.91,352,234
42.69,344,230
43.47,340,232
44.25,331,235
45.05,333,235
45.83,334,237
46.62,328,237
47.40,325,233
48.18,324,232
48.96,316,233
49.75,319,235
50.53,314,234
51.31,311,237
52.09,310,236
52.88,309,235
53.66,309,240
54.52,309,238
55.31,302,238
56.10,299,235
56.88,297,237
57.67,296,236
58.46,296,238
59.25,296,237
60.04,289,237
60.83,279,237
61.61,280,238
62.40,274,234
63.19,278,238
63.98,280,237
64.75,281,239
65.51,281,238
66.28,281,238
67.05,281,237
67.81,275,237
68.58,272,237
69.34,277,239
70.11,279,240
70.88,274,238
71.64,278,239
72.41,280,238
73.21,281,238
74.00,281,232
74.79,281,232
75.58,281,235
76.37,275,238
77.16,272,236
77.95,277,237
78.74,273,237
79.53,271,237
80.32,263,237
81.11,259,233
81.90,228,235
82.58,221,235
83.37,224,229
84.15,233,232
84.94,230,232
85.73,236,234
86.52,252,235
87.30,253,228
88.09,261,232
88.88,271,234
89.67,276,233
90.45,279,238
91.24,280,237
92.07,267,236
92.86,274,238
93.65,278,236
94.44,280,235
95.23,267,237
96.02,261,238
96.80,258,237
97.59,256,237
98.38,255,235
99.17,242,235
99.96,245,234
100.75,236,235
101.55,239,235
102.34,243,237
103.13,246,235
103.92,257,237
104.71,263,238
105.50,259,236
106.29,264,236
107.08,266,238
107.87,260,237
108.66,242,240
109.45,255,238
110.24,262,240
111.07,265,240
111.86,267,237
112.65,274,236
113.44,285,236
114.23,297,239
115.02,289,232
115.81,306,225
116.60,321,174
117.39,269,84
118.18,228,155
118.97,228,212
119.76,221,218
120.55,231,217
121.36,229,213
122.16,228,213
122.97,228,211
123.78,228,206
124.58,235,211
125.39,238,211
126.19,233,212
127.00,237,213
127.81,232,217
128.61,230,222
129.42,222,222
130.17,225,214
130.97,233,223
131.77,237,235
132.57,232,232
133.37,237,221
134.17,253,216
134.98,254,210
135.78,254,197
136.58,268,184
137.38,268,171
138.18,268,168
138.98,275,174
139.74,278,151
140.53,280,193
141.31,274,155
142.10,271,168
142.89,269,164
143.67,275,171
144.46,242,142
145.24,242,71
146.03,173,64
146.82,295,90
147.60,288,145
148.39,291,142
149.22,293,161
150.02,294,155
150.82,294,174
151.63,294,174
152.43,301,210
153.23,305,151
154.03,307,145
154.83,321,155
155.63,601,214
156.44,585,232
157.24,336,218
158.04,336,223
158.80,329,223
159.60,332,232
160.39,334,232
161.19,328,235
161.99,325,233
162.79,317,233
163.58,313,232
164.38,311,235
165.18,316,234
165.98,319,234
166.77,327,232
167.57,331,235
168.37,347,218
169.17,1489,224
169.97,1489,229
170.77,1489,226
171.57,6321,213
172.37,1505,210
173.16,1505,215
173.96,188,228
174.76,181,234
175.56,165,236
176.36,149,237
177.16,149,239
177.95,168,231
178.75,178,229
179.54,183,227
180.34,185,228
181.14,179,232
181.94,176,237
182.73,175,235
183.53,195,232
184.33,191,229
185.13,182,231
185.92,158,239
186.72,138,244
187.94,121,244
188.73,112,242
189.53,108,242
190.32,106,242
191.11,97,242
191.91,100,243
192.70,102,245
193.50,118,239
194.29,126,232
195.08,150,234
195.88,162,238
196.67,168,238
197.46,171,241
198.24,172,241
199.01,173,238
199.79,180,237
200.57,177,237
201.34,175,240
202.12,162,239
202.89,148,238
203.67,141,237
204.45,157,242
205.22,165,233
206.00,176,224
206.83,182,218
207.62,476,223
208.41,476,227
209.20,476,232
209.99,476,229
210.78,484,230
211.58,488,229
212.37,490,230
213.16,507,230
213.95,507,229
214.74,523,228
215.53,523,232
216.33,523,229
217.15,507,231
217.96,507,229
218.78,507,232
219.59,507,230
220.41,523,230
221.22,523,232
222.04,523,231
222.85,523,233
223.67,523,231
224.48,523,229
225.30,539,232
226.09,554,231
226.88,554,237
227.68,570,233
228.47,570,234
229.26,585,234
230.05,585,233
230.85,585,234
231.64,585,233
232.43,585,230
233.22,585,234
234.02,601,231
234.81,616,235
235.64,601,231
236.43,616,238
237.22,616,234
238.01,632,233
238.80,601,234
239.59,616,234
240.39,616,234
241.18,632,234
241.97,632,233
242.76,648,234
243.55,648,238
244.34,648,237
245.13,648,237
245.90,648,236
246.68,663,237
247.45,663,238
248.22,663,237
249.00,663,239
249.77,648,236
250.55,648,237
251.32,648,238
252.09,648,236
252.87,648,238
253.64,663,235
254.43,648,236
255.25,648,233
256.08,648,233
256.90,648,236
257.72,648,236
258.54,648,236
259.37,648,239
260.19,632,237
261.01,616,226
261.83,585,225
262.66,585,226
263.48,570,225
264.27,554,228
265.06,539,229
265.85,539,233
266.64,523,230
267.43,523,231
268.22,507,233
269.02,499,230
269.81,495,232
270.60,485,234
271.39,480,235
272.18,462,231
272.97,453,236
273.73,441,233
274.54,428,235
275.34,421,234
276.15,418,237
276.95,416,236
277.76,408,234
278.56,404,232
279.37,383,233
280.17,392,234
280.98,396,234
281.78,398,232
282.59,399,237
283.39,400,234
284.21,400,232
285.03,400,233
285.86,400,234
286.68,400,233
287.50,415,235
288.32,408,231
289.14,397,233
289.96,391,236
290.79,377,235
291.61,381,234
292.43,391,233
293.19,403,232
293.98,416,215
294.78,819,221
295.57,819,225
296.36,835,223
297.16,850,225
297.95,850,226
298.75,866,231
299.54,866,235
300.33,850,236
301.13,757,230
301.92,772,218
302.75,507,211
303.55,741,211
304.35,741,214
305.15,430,211
305.95,437,184
306.75,433,193
307.55,431,193
308.35,423,161
309.15,412,193
309.95,399,174
310.75,381,177
311.55,358,177
312.30,174,212
313.10,174,216
313.89,174,220
314.69,161,222
315.49,167,227
316.29,158,228
317.08,166,229
317.88,170,230
318.68,159,233
319.48,166,231
320.27,170,231
321.07,159,232
321.87,166,230
322.66,170,231
323.46,172,233
324.25,173,230
325.04,173,228
325.84,173,227
326.63,173,226
327.43,173,220
328.22,180,216
329.01,177,212
329.81,175,168
330.60,476,210
331.43,507,145
332.27,499,210
333.10,554,216
333.94,554,229
334.78,554,232
335.62,539,234
336.45,539,232
337.29,554,229
338.13,539,233
338.97,539,234
339.80,539,233
340.64,539,233
341.44,539,231
342.24,523,231
343.03,523,233
343.83,523,232
344.63,523,234
345.42,523,232
346.22,523,231
347.01,523,233
347.81,523,230
348.61,386,223
349.40,374,227
350.20,368,236
350.96,358,235
351.67,353,237
352.38,369,234
353.09,377,230
353.80,381,224
354.51,459,226
355.23,507,232
355.94,523,234
356.65,523,233
357.36,523,223
358.07,554,211
358.78,539,211
359.57,476,224
0.37,386,224
1.17,374,213
1.97,355,132
2.77,338,129
3.57,337,145
4.37,554,211
5.17,539,228
5.97,539,231
6.77,539,235
7.57,539,234
8.37,539,234
9.16,539,232
9.95,554,235
10.75,554,234
11.54,554,233
12.33,554,224
13.13,322,211
13.92,315,225
14.72,305,230
15.51,300,220
16.30,304,213
17.10,585,218
17.89,363,220
18.69,356,215
19.44,346,223
20.19,334,231
20.94,335,218
21.69,322,213
22.44,302,210
23.19,292,210
23.94,287,211
24.69,284,193
25.44,289,221
26.19,278,238
26.94,273,238
27.73,284,230
28.52,296,223
29.32,445,229
30.11,445,233
30.91,437,233
31.70,426,234
32.50,420,234
33.29,410,232
34.09,405,232
34.88,403,237
35.68,394,234
36.47,390,233
37.26,388,235
38.04,375,233
38.81,369,233
39.59,366,233
40.37,364,234
41.14,363,234
41.92,356,234
42.69,352,233
43.47,344,230
44.25,333,238
45.02,334,236
45.80,335,236
46.60,328,238
47.36,325,236
48.13,323,234
48.89,322,234
49.65,322,234
50.41,315,239
51.18,312,237
51.94,303,238
52.70,306,238
53.46,307,237
54.23,308,237
54.99,301,235
55.75,298,234
56.54,296,238
57.34,295,236
58.13,295,237
58.92,295,239
59.72,288,237
60.51,271,234
61.31,276,239
62.10,285,237
62.89,283,236
63.69,282,236
64.48,282,238
65.28,282,239
66.09,282,237
66.89,282,237
67.70,275,238
68.50,278,236
69.31,280,238
70.11,281,240
70.92,274,235
71.72,278,237
72.53,280,240
73.33,274,239
74.14,278,235
74.94,280,233
75.69,281,235
76.44,281,237
77.19,274,237
77.94,271,240
78.69,269,237
79.44,268,237
80.19,268,236
80.94,261,236
81.69,242,232
82.44,228,235
83.19,221,232
83.95,224,231
84.74,233,235
85.54,230,233
86.33,236,235
87.12,239,232
87.92,260,229
88.71,264,232
89.51,273,236
90.30,277,237
91.09,272,234
91.89,277,238
92.68,279,236
93.47,273,236
94.27,270,236
95.08,269,236
95.88,262,240
96.68,258,239
97.48,256,238
98.29,255,237
99.09,255,236
99.89,255,235
100.69,255,237
101.50,228,236
102.30,235,238
103.10,238,237
103.90,242,237
104.69,245,237
105.49,243,237
106.29,246,239
107.08,250,237
107.88,252,239
108.67,253,239
109.47,260,238
110.27,264,238
111.06,266,238
111.86,267,237
112.43,274,237
113.22,278,237
114.02,300,237
114.81,291,232
115.60,300,226
116.40,291,119
117.19,228,106
117.99,235,151
118.78,231,212
119.57,229,221
120.37,228,221
121.16,228,215
121.96,234,214
122.78,231,211
123.59,236,210
124.41,232,213
125.22,230,212
126.04,236,213
126.85,232,212
127.67,237,218
128.48,232,225
129.30,223,219
130.11,225,213
130.93,233,222
131.76,237,234
132.55,232,229
133.35,237,222
134.14,241,214
134.93,241,210
135.73,241,168
136.52,244,190
137.32,246,187
138.11,244,190
138.90,256,161
139.70,262,155
140.49,258,132
141.25,270,177
142.05,269,200
142.86,275,177
143.66,278,145
144.46,286,151
145.26,134,71
146.07,126,67
146.87,309,122
147.67,302,155
148.47,312,148
149.28,303,155
150.08,319,145
150.95,314,138
151.77,311,193
152.58,310,151
153.40,309,164
154.21,329,161
155.03,325,180
155.84,585,221
156.66,585,229
157.47,363,220
158.29,342,222
159.10,339,226
159.92,337,233
160.68,329,231
161.48,325,235
162.27,317,236
163.07,313,232
163.87,311,235
164.67,310,235
165.46,316,232
166.26,326,234
167.06,331,234
167.86,333,229
168.65,1489,214
169.45,1489,227
170.24,1489,230
171.05,1505,216
171.85,6305,211
172.66,1489,216
173.47,1489,223
174.27,539,217
175.08,539,226
175.88,539,230
176.69,523,230
177.50,507,227
178.30,523,222
179.11,523,216
179.86,174,218
180.68,174,225
181.50,181,234
182.32,177,236
183.14,182,227
183.96,185,224
184.77,186,221
185.59,160,231
186.41,132,239
187.23,118,241
188.05,111,241
188.87,100,238
189.63,102,240
190.42,110,238
191.22,107,243
192.01,113,244
192.80,108,243
193.60,121,235
194.39,127,231
195.19,150,233
195.98,162,238
196.77,168,237
197.57,171,242
198.36,172,240
199.16,180,234
199.97,197,234
200.78,212,240
201.59,220,236
202.40,231,239
203.21,236,240
204.01,239,235
204.82,240,228
205.63,459,216
206.44,467,221
207.25,471,229
208.06,473,231
208.82,482,230
209.62,479,230
210.43,485,230
211.23,488,231
212.03,490,231
212.83,507,231
213.64,523,230
214.44,523,228
215.24,523,234
216.04,539,231
216.85,523,230
217.65,523,232
218.48,523,230
219.27,523,231
220.06,523,235
220.85,539,232
221.64,507,229
222.43,539,232
223.22,523,231
224.01,539,231
224.80,539,230
225.59,554,228
226.38,539,231
227.17,570,234
227.97,585,235
228.75,585,231
229.53,601,233
230.31,585,234
231.09,585,235
231.87,585,234
232.64,585,233
233.42,601,233
234.20,616,235
234.98,616,232
235.76,616,236
236.54,616,234
237.30,616,237
238.09,601,232
238.89,616,236
239.68,616,235
240.47,632,233
241.27,648,232
242.06,648,235
242.86,648,234
243.65,648,237
244.44,648,237
245.24,648,235
246.03,663,236
246.86,663,235
247.65,663,239
248.43,663,238
249.22,663,238
250.01,648,236
250.79,648,236
251.58,648,235
252.36,648,239
253.15,663,237
253.94,648,236
254.72,648,237
255.51,647,233
256.31,647,236
257.09,647,234
257.86,647,236
258.64,632,236
259.42,632,237
260.19,616,234
260.97,601,226
261.74,585,226
262.52,570,229
263.30,570,230
264.07,554,230
264.85,538,230
265.64,538,227
266.43,523,230
267.22,507,231
268.01,507,227
268.80,499,230
269.59,487,232
270.39,481,230
271.18,478,232
271.97,461,230
272.76,453,233
273.55,441,232
274.34,428,234
275.17,421,234
275.99,418,235
276.81,416,235
277.63,408,233
278.45,404,234
279.27,395,233
280.08,390,233
280.90,388,234
281.72,387,233
282.54,394,234
283.36,397,233
284.18,399,234
284.97,400,234
285.80,400,233
286.63,400,237
287.46,407,232
288.29,404,235
289.12,395,232
289.94,390,233
290.77,388,235
291.60,387,237
292.43,394,234
293.26,404,233
294.09,424,217
294.88,819,223
295.68,819,226
296.47,835,223
297.27,835,225
298.07,850,228
298.87,866,232
299.66,881,240
300.46,850,238
301.26,757,230
302.06,772,220
302.85,523,210
303.65,788,212
304.45,772,212
305.22,803,210
306.00,445,203
306.77,437,161
307.54,433,197
308.31,424,126
309.09,419,135
309.86,410,210
310.63,405,135
311.40,383,164
312.18,149,210
312.95,161,216
313.75,167,220
314.54,170,224
315.34,172,225
316.13,173,230
316.92,173,227
317.72,173,231
318.51,161,232
319.31,155,234
320.10,152,232
320.89,163,233
321.69,168,234
322.48,171,234
323.23,160,233
324.03,167,231
324.82,170,229
325.62,172,228
326.42,173,228
327.22,173,223
328.01,180,217
328.81,184,214
329.61,179,200
330.41,459,155
331.20,467,190
332.00,463,158
332.80,554,212
333.63,554,227
334.45,554,231
335.28,554,233
336.11,538,230
336.94,538,233
337.76,538,234
338.59,538,234
339.42,538,233
340.25,538,234
341.07,523,234
341.90,523,232
342.72,523,233
343.51,523,233
344.30,523,234
345.09,523,233
345.88,523,234
346.67,523,232
347.45,507,227
348.24,386,221
349.03,386,228
349.82,374,232
350.61,361,237
351.40,361,237
352.20,373,234
352.95,379,233
353.70,382,224
354.44,459,222
355.19,523,231
355.94,523,234
356.69,523,234
357.44,523,225
358.19,554,213
358.93,492,211
359.68,475,220
0.43,401,222
1.18,349,213
1.96,329,119
2.74,325,155
3.52,386,180
4.30,554,174
5.08,538,226
5.87,523,230
6.65,538,234
7.43,538,235
8.21,538,231
8.99,538,236
9.77,554,233
10.60,554,235
11.39,554,235
12.18,554,226
12.97,322,211
13.76,315,226
14.55,305,229
15.33,300,222
16.12,304,216
16.91,585,218
17.70,349,217
18.49,349,218
19.28,342,224
20.07,332,228
20.85,327,218
21.62,311,213
22.40,303,210
23.18,299,212
23.96,290,211
24.73,279,210
25.51,287,225
26.29,277,236
27.07,279,239
27.84,287,231
28.62,298,223
29.38,445,228
30.16,445,233
30.95,437,234
31.73,426,235
32.52,420,233
33.30,417,234
34.09,409,234
34.87,405,233
35.66,395,234
36.44,390,235
37.23,388,233
38.01,375,236
38.76,368,233
39.55,365,234
40.35,357,234
41.14,359,236
41.93,354,234
42.72,345,228
43.52,340,229
44.31,331,231
45.10,333,237
45.89,327,235
46.69,324,234
47.48,323,237
48.27,322,234
49.05,315,233
49.82,318,234
50.60,313,234
51.38,304,235
52.16,306,235
52.93,307,237
53.71,308,235
54.49,301,237
55.27,298,239
56.04,296,236
56.82,295,236
57.62,295,239
58.41,295,235
59.20,288,236
60.00,285,236
60.79,283,235
61.58,282,237
62.37,282,238
63.16,282,238
63.95,282,236
64.75,282,236
65.54,282,239
66.33,282,237
67.12,282,238
67.92,282,236
68.73,282,239
69.53,282,234
70.34,275,241
71.14,271,239
71.95,269,238
72.75,275,237
73.56,278,238
74.36,280,234
75.17,281,229
75.97,281,236
76.72,281,236
77.49,274,237
78.26,271,236
79.02,269,236
79.79,268,239
80.56,261,237
81.33,241,234
82.10,241,233
82.87,228,234
83.63,228,231
84.40,228,234
85.17,228,232
85.96,234,232
86.75,237,232
87.54,252,232
88.34,267,236
89.13,274,234
89.92,278,237
90.71,273,237
91.50,277,235
92.29,279,236
93.09,280,236
93.88,274,236
94.67,271,237
95.47,263,240
96.25,259,241
97.02,257,237
97.80,256,237
98.58,255,235
99.36,241,235
100.13,234,234
100.91,237,235
101.69,239,235
102.47,243,236
103.24,242,238
104.02,245,236
104.78,250,237
105.57,252,236
106.36,260,237
107.15,257,238
107.94,256,236
108.73,262,237
109.53,265,238
110.32,260,241
111.11,264,239
111.90,266,238
112.69,267,238
113.48,274,238
114.30,291,235
115.10,300,233
115.89,318,221
116.69,327,93
117.48,324,90
118.28,228,132
119.07,234,216
119.87,231,221
120.66,229,221
121.46,228,212
122.25,234,213
123.05,231,210
123.81,223,210
124.60,232,211
125.39,230,211
126.18,235,213
126.97,238,215
127.76,233,221
128.56,224,226
129.35,219,217
130.14,223,213
130.93,232,227
131.72,230,236
132.51,235,229
133.34,238,218
134.17,239,214
135.00,243,210
135.83,255,184
136.66,255,168
137.49,261,161
138.32,258,171
139.15,276,148
139.98,279,122
140.81,280,180
141.64,274,164
142.47,271,142
143.26,269,168
144.05,275,168
144.84,285,116
145.64,104,54
146.43,104,51
147.22,336,151
148.01,315,177
148.80,305,138
149.59,300,158
150.39,291,148
151.18,306,151
151.97,300,155
152.77,304,168
153.57,306,203
154.38,386,164
155.18,322,203
155.98,585,223
156.79,585,227
157.59,349,218
158.40,335,223
159.20,335,227
160.00,335,231
160.81,328,231
161.61,318,237
162.40,313,236
163.19,311,230
163.98,310,235
164.78,309,236
165.57,315,233
166.36,325,236
167.15,330,233
167.94,333,227
168.73,1489,215
169.53,1489,228
170.32,1489,227
171.11,1505,212
171.91,6305,210
172.70,1489,217
173.49,1489,221
174.28,538,221
175.07,538,225
175.86,538,230
176.66,523,228
177.45,507,225
178.24,507,220
179.03,523,214
179.82,174,220
180.61,174,222
181.40,181,236
182.24,177,231
183.07,182,226
183.91,178,219
184.75,176,220
185.58,155,232
186.42,137,239
187.25,120,245
188.09,104,240
188.93,104,241
189.76,96,242
190.60,92,241
191.36,105,241
192.15,104,244
192.94,111,241
193.72,122,232
194.51,120,225
195.30,147,230
196.09,160,236
196.88,167,234
197.67,158,241
198.45,166,235
199.24,177,232
200.03,209,229
200.83,218,234
201.61,223,231
202.39,232,233
203.17,236,229
203.95,238,228
204.73,239,221
205.52,459,217
206.30,467,225
207.08,507,231
207.86,507,229
208.64,507,231
209.42,499,232
210.21,507,232
211.02,507,231
211.82,507,231
212.63,507,228
213.44,523,229
214.25,538,229
215.05,538,233
215.86,538,231
216.67,538,232
217.48,538,235
218.28,523,233
219.09,523,232
219.84,538,233
220.63,538,229
221.43,538,230
222.22,507,229
223.01,538,234
223.80,538,231
224.60,538,233
225.39,538,232
226.18,570,230
226.97,570,232
227.77,570,235
228.56,585,233
229.39,585,234
230.18,601,234
230.96,585,234
231.75,585,232
232.54,585,234
233.33,601,232
234.11,616,231
234.90,616,231
235.69,616,237
236.48,616,236
237.26,632,237
238.05,616,233
238.84,616,237
239.62,616,235
240.40,632,234
241.18,632,232
241.96,647,234
242.74,647,235
243.53,647,240
244.31,647,235
245.09,647,237
245.87,663,237
246.65,663,236
247.43,663,236
248.19,663,237
248.98,663,236
249.77,647,237
250.57,647,236
251.36,647,237
252.15,663,239
252.94,647,237
253.73,647,236
254.52,647,234
255.32,647,236
256.11,647,234
256.90,647,236
257.73,647,233
258.55,647,236
259.36,632,237
260.18,632,231
261.00,601,226
261.82,585,226
262.63,570,227
263.45,554,229
264.27,554,226
265.09,538,231
265.90,538,229
266.72,523,230
267.51,507,231
268.31,507,229
269.10,499,229
269.90,487,228
270.69,481,230
271.49,470,234
272.28,457,231
273.08,443,233
273.87,436,232
274.67,425,236
275.46,420,232
276.26,417,236
277.43,416,234
278.22,408,234
279.02,404,235
279.81,395,234
280.60,398,236
281.39,399,232
282.19,400,235
282.98,400,235
283.77,400,235
284.56,400,233
285.36,400,234
286.15,400,234
286.94,407,235
287.73,418,233
288.52,409,234
289.31,397,231
290.10,391,232
290.89,388,234
291.69,387,237
292.48,401,234
293.27,415,229
294.06,803,215
294.85,819,225
295.64,835,224
296.43,835,227
297.23,850,226
298.02,850,229
298.82,866,233
299.61,881,236
300.41,835,237
301.20,757,234
302.00,772,217
302.79,507,210
303.59,772,214
304.38,772,212
305.18,772,210
305.93,788,168
306.74,430,203
307.54,437,193
308.35,426,161
309.16,420,135
309.97,410,171
310.77,427,148
311.58,406,151
312.39,149,211
313.20,161,217
314.00,167,221
314.81,170,225
315.64,172,225
316.43,173,226
317.22,173,229
318.01,161,231
318.80,167,232
319.59,170,234
320.37,159,231
321.16,154,233
321.95,151,234
322.74,150,234
323.53,162,233
324.32,168,233
325.11,171,229
325.90,172,229
326.70,173,227
327.49,173,225
328.28,180,219
329.07,197,211
329.87,199,197
330.66,476,184
331.45,476,187
332.24,484,197
333.04,538,215
333.83,538,231
334.62,538,230
335.44,554,231
336.26,538,234
337.08,538,233
337.90,538,232
338.72,538,230
339.53,538,233
340.35,523,233
341.17,538,232
341.99,523,233
342.81,523,233
343.63,523,235
344.39,523,232
345.12,523,233
345.85,523,231
346.57,523,232
347.30,523,228
348.03,386,222
348.76,374,227
349.49,368,233
350.22,365,235
350.94,357,235
351.67,359,235
352.40,372,232
353.12,379,222
353.92,476,222
354.71,476,233
355.51,523,234
356.31,523,233
357.10,523,221
357.90,322,211
358.69,538,211
359.49,445,223
0.29,386,224
1.08,386,213
1.88,336,145
2.67,329,148
3.44,339,164
4.22,554,206
4.99,538,226
5.76,538,232
6.54,538,233
7.31,538,235
8.09,538,234
8.86,554,236
9.63,538,239
10.41,554,239
11.18,554,235
11.97,554,227
12.76,309,211
13.55,302,226
14.34,298,229
15.13,296,217
15.92,302,215
16.72,570,218
17.51,363,216
18.30,349,216
19.09,335,225
19.88,328,229
20.67,332,218
21.49,313,212
22.27,304,211
23.04,293,212
23.82,287,210
24.60,284,210
25.38,283,223
26.15,282,237
26.93,282,240
27.71,288,231
28.49,298,222
29.26,430,228
30.04,437,232
30.83,433,232
31.63,424,233
32.42,419,232
33.22,417,236
34.02,409,233
34.81,405,234
35.61,395,234
36.40,390,234
37.20,388,234
38.00,387,233
38.79,375,234
39.59,369,230
40.35,366,233
41.14,357,232
41.94,353,235
42.73,344,232
43.52,340,229
44.32,338,233
45.11,337,232
45.91,329,234
46.70,325,236
47.49,323,232
48.29,322,237
49.08,322,236
49.87,322,237
50.64,315,236
51.41,312,237
52.18,310,235
52.95,309,238
53.72,302,238
54.49,298,237
55.26,296,235
56.03,295,235
56.80,295,236
57.57,295,239
58.34,295,238
59.17,295,238
59.96,295,236
60.75,288,235
61.54,278,237
62.33,273,236
63.12,277,238
63.91,279,236
64.70,280,241
65.49,281,233
66.28,281,237
67.07,281,240
67.86,281,238
68.66,281,238
69.46,281,236
70.25,274,240
71.05,278,239
71.85,280,236
72.64,281,239
73.44,281,236
74.23,281,237
75.03,281,230
75.83,281,235
76.62,281,234
77.42,281,238
78.18,268,237
78.95,268,235
79.73,268,235
80.50,261,236
81.27,264,235
82.05,228,232
82.82,221,238
83.60,231,230
84.37,236,234
85.14,232,232
85.92,237,234
86.69,259,232
87.52,263,231
88.31,272,230
89.11,277,234
89.90,279,234
90.69,280,238
91.48,281,236
92.28,281,234
93.07,274,236
93.86,271,238
94.65,269,237
95.45,268,237
96.24,261,239
97.04,242,237
97.83,245,238
98.62,250,237
99.41,252,235
100.20,242,235
100.99,242,235
101.77,245,235
102.56,250,238
103.35,252,237
104.14,253,238
104.93,242,236
105.72,245,241
106.52,250,238
107.32,252,240
108.13,253,238
108.93,260,238
109.73,264,238
110.53,259,238
111.34,263,239
112.14,259,235
112.94,270,237
113.74,282,238
114.55,295,238
115.35,302,234
116.22,312,215
117.01,242,100
117.80,235,100
118.59,238,174
119.38,233,217
120.17,230,224
120.96,222,218
121.75,232,215
122.54,230,211
123.33,239,193
124.12,233,211
124.91,230,211
125.67,236,212
126.46,239,212
127.26,233,214
128.05,230,222
128.84,222,226
129.63,225,216
130.43,233,216
131.22,237,231
132.01,232,236
132.80,237,224
133.60,241,217
134.39,244,212
135.18,256,206
135.99,255,203
136.81,255,210
137.62,255,200
138.43,261,142
139.25,264,151
140.06,273,168
140.88,270,171
141.69,276,200
142.50,279,184
143.32,287,151
144.13,277,168
144.96,286,84
145.75,29,51
146.55,108,67
147.34,295,106
148.13,295,164
148.92,288,171
149.72,298,164
150.51,303,158
151.30,306,135
152.09,307,145
152.89,314,148
153.68,318,164
154.44,313,164
155.28,601,148
156.11,585,226
156.95,585,224
157.78,336,221
158.62,329,223
159.45,332,226
160.29,334,232
161.12,328,234
161.96,325,236
162.79,317,234
163.63,313,234
164.43,311,236
165.21,310,235
165.98,323,233
166.76,329,232
167.54,332,232
168.31,340,223
169.09,1489,221
169.86,1489,229
170.64,1489,227
171.42,6337,210
172.19,1240,177
172.97,1489,220
173.80,1489,219
174.59,539,223
175.38,539,229
176.17,539,231
176.96,523,227
177.75,523,225
178.54,523,219
179.33,539,213
180.12,174,222
180.91,181,226
181.70,177,238
182.49,175,231
183.25,181,222
184.07,198,220
184.90,186,223
185.72,160,236
186.54,139,242
187.36,129,240
188.19,116,241
189.01,102,240
189.83,103,245
190.65,96,239
191.48,100,240
192.30,109,245
193.09,106,239
193.89,112,228
194.68,130,226
195.48,152,232
196.28,170,233
197.08,172,236
197.87,173,239
198.67,173,234
199.47,173,228
200.27,200,225
201.06,221,228
201.86,231,229
202.72,236,228
203.51,239,227
204.31,240,225
205.10,243,221
205.89,363,222
206.69,374,228
207.48,380,231
208.28,390,225
209.07,476,220
209.86,523,229
210.66,507,231
211.45,523,234
212.24,523,231
213.02,523,231
213.79,523,232
214.57,539,228
215.35,554,229
216.12,554,233
216.90,554,229
217.67,539,234
218.45,554,234
219.23,539,232
220.00,539,231
220.78,554,229
221.54,268,229
222.34,261,233
223.14,242,232
223.94,242,237
224.74,245,237
225.54,256,219
226.34,570,225
227.14,570,231
227.94,585,231
228.74,585,231
229.54,585,235
230.34,585,234
231.10,585,235
231.89,585,234
232.68,585,234
233.47,585,232
234.26,616,232
235.05,601,232
235.84,616,236
236.63,616,236
237.42,616,235
238.21,616,233
239.00,616,237
239.79,616,234
240.62,632,233
241.39,632,234
242.17,648,234
242.94,648,233
243.71,648,238
244.49,648,236
245.26,648,236
246.04,663,238
246.81,663,239
247.58,663,238
248.36,663,237
249.13,663,235
249.92,648,236
250.71,648,235
251.51,648,236
252.30,648,237
253.09,663,238
253.89,648,236
254.68,648,238
255.48,648,236
256.27,648,234
257.06,648,235
257.86,648,237
258.65,648,237
259.44,632,237
260.23,632,235
261.02,601,226
261.81,601,226
262.60,570,227
263.39,570,229
264.18,554,230
264.97,539,229
265.76,539,231
266.55,523,231
267.34,507,230
268.13,507,231
268.96,499,231
269.75,487,232
270.53,481,230
271.32,470,230
272.11,457,233
272.89,451,234
273.68,440,236
274.46,427,234
275.25,421,235
276.04,418,234
276.82,409,235
277.61,405,236
278.37,403,232
279.17,394,232
279.96,390,233
280.76,395,236
281.56,390,233
282.35,395,234
283.15,398,233
283.94,399,235
284.74,400,233
285.54,407,232
286.33,404,235
287.13,417,233
287.92,409,229
288.75,397,233
289.58,391,236
290.41,388,234
291.24,387,234
292.07,386,232
292.90,400,235
293.73,422,216
294.56,819,221
295.39,819,223
296.22,835,226
297.05,835,225
297.88,850,229
298.67,866,230
299.46,866,235
300.25,850,238
301.04,757,228
301.83,772,223
302.62,507,211
303.41,772,212
304.20,757,213
304.99,476,211
305.78,460,168
306.57,445,190
307.36,430,203
308.15,415,168
308.95,408,184
309.74,397,168
310.53,380,158
311.33,371,138
312.12,188,211
312.92,181,215
313.71,177,220
314.50,175,223
315.30,174,226
316.09,174,227
316.84,174,230
317.64,161,232
318.44,155,232
319.24,152,232
320.04,163,234
320.84,168,234
321.64,171,233
322.44,160,231
323.24,154,233
324.04,151,232
324.84,162,227
325.64,168,226
326.40,171,225
327.19,172,221
327.99,180,217
328.78,190,213
329.57,209,161
330.37,164,145
331.16,476,171
331.96,484,190
332.75,539,213
333.54,554,231
334.34,554,229
335.13,554,229
335.92,539,233
336.76,539,233
337.60,539,230
338.45,539,234
339.29,539,231
340.13,539,235
340.97,523,235
341.81,539,230
342.65,523,234
343.50,523,232
344.34,523,233
345.18,523,231
345.97,523,230
346.70,523,233
347.42,523,228
348.15,386,222
348.87,386,228
349.60,374,231
350.32,368,237
351.05,365,237
351.77,375,236
352.50,380,232
353.22,371,221
353.95,476,224
354.70,507,232
355.49,523,236
356.29,523,234
357.08,523,223
357.87,554,213
358.67,507,211
359.46,483,222
0.26,386,223
1.05,374,215
1.84,355,168
2.64,352,148
3.43,376,161
4.26,570,210
5.05,539,227
5.83,539,228
6.62,539,234
7.41,539,234
8.19,539,233
8.98,539,234
9.76,554,233
10.55,539,232
11.34,554,235
12.12,554,227
12.91,322,211
13.70,308,224
14.49,301,226
15.29,298,218
16.08,310,215
16.87,585,218
17.67,363,217
18.46,356,217
19.26,339,226
20.05,330,229
20.84,333,218
21.64,314,212
22.43,298,212
23.19,290,211
23.98,286,213
24.77,336,190
25.56,315,230
26.35,255,238
27.14,268,238
27.93,281,229
28.72,430,219
29.51,437,228
30.30,433,230
31.09,431,232
31.88,423,234
32.74,419,235
33.50,410,234
34.26,405,233
35.02,403,232
35.78,402,232
36.54,394,236
37.31,390,234
38.07,376,234
38.83,369,234
39.59,366,236
40.35,364,233
41.11,356,232
41.90,352,235
42.70,344,230
43.49,340,228
44.29,331,237
45.09,333,238
45.88,327,235
46.68,324,237
47.47,323,235
48.27,322,234
49.07,322,236
49.86,322,234
50.66,315,238
51.38,312,236
52.17,310,236
52.96,309,238
53.75,302,237
54.54,305,234
55.33,300,236
56.12,297,237
56.91,296,237
57.70,295,237
58.49,295,238
59.28,288,238
60.07,285,234
60.90,276,234
61.68,279,238
62.45,280,235
63.23,281,236
64.01,281,235
64.79,281,238
65.56,274,237
66.34,278,237
67.12,280,236
67.90,281,238
68.67,281,238
69.45,281,236
70.24,274,238
71.04,278,238
71.83,280,237
72.63,281,235
73.43,281,234
74.22,281,233
75.02,281,232
75.81,281,236
76.61,281,239
77.41,274,236
78.20,271,238
79.00,263,235
79.72,265,235
80.51,260,233
81.30,228,235
82.09,221,232
82.88,218,232
83.67,229,231
84.47,228,233
85.26,228,230
86.05,234,233
86.84,239,232
87.63,260,230
88.42,271,232
89.28,276,237
90.08,279,236
90.88,280,238
91.68,274,237
92.48,271,236
93.28,276,235
94.08,272,237
94.88,270,238
95.68,262,242
96.48,258,237
97.28,256,236
98.08,241,236
98.84,241,236
99.64,244,236
100.43,246,235
101.23,250,237
102.03,252,238
102.82,253,237
103.62,254,238
104.41,241,239
105.21,244,237
106.01,246,238
106.80,250,235
107.60,252,238
108.39,241,238
109.18,244,238
109.98,246,239
110.77,257,238
111.56,262,238
112.36,265,236
113.15,273,238
113.95,291,240
114.74,293,232
115.53,294,231
116.33,362,142
117.12,268,77
117.87,288,96
118.66,241,210
119.46,234,216
120.25,231,218
121.04,229,214
121.84,228,212
122.63,234,210
123.43,251,210
124.22,253,210
125.01,228,210
125.81,228,211
126.60,234,211
127.65,231,215
128.44,229,225
129.24,222,225
130.03,218,215
130.82,229,219
131.61,228,233
132.41,228,232
133.20,234,222
133.99,239,215
134.78,243,210
135.58,246,184
136.37,250,210
137.20,259,177
138.01,263,148
138.81,272,116
139.62,322,109
140.43,268,174
141.23,261,180
142.04,264,210
142.84,273,168
143.65,270,158
144.46,276,148
145.26,279,84
146.07,59,54
146.83,74,58
147.62,295,109
148.42,295,151
149.21,295,148
150.00,288,164
150.79,291,135
151.59,300,138
152.38,304,164
153.17,320,138
153.96,328,132
154.76,338,177
155.55,601,211
156.38,585,228
157.18,585,223
157.97,336,226
158.77,336,220
159.57,336,232
160.37,329,231
161.16,325,234
161.96,317,238
162.76,313,236
163.56,311,233
164.35,310,233
165.15,316,234
165.97,319,236
166.78,327,232
167.59,331,234
168.40,340,221
169.21,1489,219
170.02,1474,229
170.83,1489,226
171.64,6352,212
172.45,1505,168
173.26,1489,218
174.07,1489,218
174.88,538,224
175.64,538,231
176.43,538,229
177.22,523,226
178.01,523,224
178.80,523,222
179.59,538,213
180.38,174,222
181.17,181,227
181.96,165,236
182.75,176,232
183.54,175,220
184.33,174,220
185.16,174,222
185.96,146,235
186.77,125,242
187.57,114,241
188.37,109,240
189.17,106,241
189.98,105,241
190.78,104,239
191.58,111,242
192.38,107,243
193.19,113,237
193.99,116,227
194.79,132,226
195.57,153,233
196.34,163,231
197.12,168,234
197.90,158,240
198.67,166,233
199.45,170,227
200.22,199,225
201.00,213,226
201.78,220,228
202.55,230,227
203.33,229,228
204.09,235,225
204.89,238,220
205.68,554,215
206.48,554,224
207.28,538,226
208.07,476,219
208.87,453,222
209.66,434,223
210.46,417,224
211.26,409,225
212.05,405,231
212.85,395,228
213.64,390,231
214.44,388,233
215.25,387,233
216.05,386,232
216.85,393,222
217.66,570,219
218.46,554,221
219.27,538,224
220.07,538,230
220.87,538,231
221.68,554,231
222.48,523,229
223.27,538,230
224.06,538,230
224.86,309,220
225.65,309,231
226.44,302,233
227.24,298,235
228.03,296,234
228.83,302,235
229.62,305,235
230.41,300,234
231.21,304,234
232.00,313,233
232.47,324,231
233.27,336,226
234.06,616,222
234.86,585,232
235.66,616,235
236.45,616,236
237.25,632,234
238.04,616,234
238.84,616,234
239.64,616,237
240.43,632,232
241.23,632,231
241.98,647,235
242.76,647,234
243.53,647,238
244.31,647,235
245.09,647,238
245.87,663,236
246.64,663,236
247.42,663,237
248.20,663,238
248.98,663,235
249.75,648,237
250.53,648,237
251.36,648,235
252.15,663,238
252.94,663,237
253.73,648,236
254.52,648,235
255.31,648,235
256.10,648,233
256.89,648,235
257.68,648,232
258.47,648,234
259.26,632,236
260.05,616,229
260.84,601,224
261.63,585,227
262.42,570,226
263.21,570,227
264.00,554,228
264.79,539,231
265.58,539,231
266.37,523,231
267.16,507,230
267.95,507,232
268.74,499,231
269.53,487,233
270.29,481,230
271.12,470,233
271.96,457,233
272.79,443,231
273.62,436,236
274.45,425,233
275.29,420,234
276.12,417,235
276.95,409,235
277.78,405,232
278.62,403,232
279.45,402,233
280.32,394,234
281.11,397,232
281.90,399,233
282.69,400,235
283.48,393,234
284.27,397,234
285.05,391,234
285.84,396,235
286.63,398,236
287.42,421,233
288.21,411,233
289.00,398,234
289.80,392,235
290.61,389,232
291.41,395,233
292.22,405,233
293.03,410,234
293.83,803,215
294.64,819,223
295.44,819,223
296.25,835,226
297.06,850,226
297.86,850,228
298.67,866,231
299.42,881,235
300.21,850,236
301.00,757,230
301.79,757,221
302.58,507,210
303.37,757,214
304.17,772,212
304.96,772,211
305.75,445,184
306.54,445,187
307.33,430,177
308.12,437,171
308.91,386,184
309.70,393,184
310.50,371,148
311.29,378,142
312.08,188,210
312.87,188,216
313.67,181,221
314.46,177,224
315.25,163,225
316.04,168,228
316.84,171,230
317.63,160,229
318.39,167,229
319.19,158,231
319.98,153,233
320.78,151,232
321.58,162,232
322.37,155,231
323.17,164,230
323.96,169,229
324.76,171,229
325.56,172,227
326.35,173,227
327.15,173,224
327.91,173,217
328.71,194,214
329.51,191,200
330.31,476,190
331.11,467,161
331.91,616,126
332.70,523,213
333.50,539,225
334.30,554,232
335.10,539,233
335.90,539,232
336.70,539,233
337.97,539,235
338.76,539,235
339.55,539,232
340.34,539,235
341.13,539,232
341.92,539,232
342.70,539,232
343.49,523,232
344.28,539,234
345.07,523,232
345.86,523,232
346.65,523,232
347.45,523,230
348.17,386,220
348.89,374,226
349.60,368,231
350.32,365,238
351.04,364,237
351.76,363,234
352.48,374,229
353.20,380,224
353.91,459,223
354.63,523,234
355.35,507,235
356.11,523,235
356.91,523,228
357.70,539,213
358.50,309,210
359.29,459,219
0.09,437,222
0.88,363,216
1.68,342,177
2.47,325,132
3.27,323,155
4.06,322,174
4.86,539,225
5.65,539,232
6.41,539,232
7.17,539,234
7.92,539,233
8.68,539,233
9.44,554,235
10.20,554,235
10.96,554,236
11.72,554,231
12.47,585,212
13.23,309,220
13.99,302,228
14.78,298,226
15.59,303,215
16.39,585,216
17.20,363,217
18.01,356,218
18.82,346,219
19.62,334,231
20.43,335,222
21.24,322,215
22.05,268,211
22.85,275,212
23.66,278,212
24.41,280,206
25.21,287,220
26.01,284,239
26.81,283,239
27.61,282,231
28.41,295,225
29.20,430,224
30.00,437,231
30.80,433,234
31.60,431,234
32.40,423,235
33.20,419,233
33.96,410,235
34.72,405,232
35.48,403,234
36.23,394,234
36.99,390,235
37.75,376,232
38.51,369,233
39.27,366,234
40.03,364,235
40.78,363,232
41.54,356,234
42.30,346,232
43.16,341,230
43.95,331,232
44.73,326,236
45.52,324,234
46.31,323,235
47.09,322,235
47.88,322,238
48.66,322,233
49.45,322,234
50.24,322,235
51.02,315,238
51.81,312,237
52.47,310,237
53.26,302,238
54.06,305,237
54.85,300,237
55.64,297,238
56.43,296,238
57.23,295,237
58.02,295,237
58.81,295,241
59.60,295,238
60.40,281,236
61.19,281,235
61.98,281,237
62.78,281,235
63.59,281,236
64.39,281,239
65.19,281,239
66.00,281,238
66.80,281,235
67.61,274,236
68.41,278,239
69.21,280,239
70.02,281,238
70.82,281,238
71.68,281,238
72.47,281,236
73.25,281,236
74.04,281,235
74.83,281,230
75.61,281,237
76.40,281,238
77.18,274,239
77.97,271,238
78.76,269,237
79.54,262,238
80.33,265,236
81.16,242,235
81.96,242,233
82.77,228,235
83.57,228,229
84.37,228,231
85.18,228,231
85.98,235,233
86.79,238,234
87.59,260,232
88.39,271,233
89.20,276,237
90.00,272,236
90.79,270,235
91.59,276,237
92.39,265,236
93.19,273,235
93.99,277,237
94.79,272,236
95.59,263,238
96.39,259,238
97.19,257,238
97.99,256,238
98.79,242,236
99.59,245,236
100.46,243,237
101.25,242,235
102.04,245,237
102.83,250,237
103.62,252,237
104.41,242,237
105.19,242,238
105.98,245,238
106.77,243,239
107.56,246,241
108.35,257,237
109.14,256,238
109.90,262,238
110.69,258,238
111.49,263,238
112.28,259,237
113.07,270,236
113.87,282,239
114.66,288,234
115.46,305,232
116.25,320,212
117.04,314,90
117.84,298,106
118.63,228,210
119.38,228,215
120.19,228,219
120.99,228,217
121.80,235,214
122.61,258,212
123.42,242,211
124.22,242,210
125.03,242,212
125.84,235,211
126.65,238,212
127.45,233,214
128.26,230,222
129.09,222,228
129.88,225,215
130.68,226,216
131.47,234,233
132.26,231,233
133.05,236,223
133.85,239,217
134.64,243,212
135.43,246,203
136.22,250,210
137.02,272,206
137.81,263,161
138.56,265,164
139.37,228,113
140.17,238,168
140.98,242,187
141.79,255,164
142.60,261,164
143.40,278,148
144.21,280,126
145.02,274,74
145.83,119,58
146.63,126,64
147.44,295,126
148.23,288,148
149.07,291,177
149.90,293,168
150.74,301,180
151.58,298,155
152.41,303,174
153.25,306,132
154.08,321,161
154.92,321,138
155.76,585,210
156.59,585,230
157.43,585,220
158.19,336,225
158.98,329,223
159.78,332,229
160.57,327,231
161.36,324,231
162.15,316,235
162.95,312,236
163.74,310,233
164.53,309,233
165.32,315,237
166.12,325,233
166.91,330,235
167.70,333,235
168.49,341,218
169.28,1489,220
170.07,1489,230
170.86,1489,225
171.65,6337,214
172.44,1489,210
173.23,1489,220
174.02,1505,220
174.81,539,225
175.60,539,229
176.39,539,232
177.19,523,227
177.99,507,222
178.78,523,218
179.58,539,213
180.37,174,222
181.17,181,229
181.96,177,238
182.76,175,227
183.55,174,221
184.35,174,217
185.14,154,222
185.94,136,240
186.70,127,243
187.50,115,243
188.31,117,242
189.11,95,241
189.91,99,240
190.72,101,241
191.52,102,244
192.33,110,241
193.13,114,236
193.93,124,226
194.74,136,228
195.54,155,232
196.33,164,231
197.13,156,238
197.94,165,236
198.74,169,233
199.54,178,225
200.35,210,225
201.15,226,229
201.96,234,228
202.76,238,228
203.56,240,225
204.37,241,223
205.17,244,216
205.96,866,223
206.76,585,215
207.55,570,227
208.35,570,230
209.15,570,233
209.94,554,228
210.74,539,230
211.53,554,231
212.33,523,232
213.13,539,232
213.92,539,231
214.72,554,232
215.47,539,231
216.26,515,230
217.04,459,223
217.83,452,227
218.62,441,227
219.41,435,229
220.19,425,230
220.98,420,231
221.77,417,229
222.56,409,233
223.34,405,233
224.13,403,233
225.00,402,233
225.79,401,233
226.58,401,232
227.37,401,232
228.16,393,235
228.95,389,233
229.74,387,233
230.53,386,236
231.32,386,236
232.11,393,230
232.90,585,223
233.69,601,228
234.48,585,229
235.28,616,233
236.07,616,231
236.87,616,231
237.67,616,231
238.46,616,235
239.26,616,233
240.05,632,233
240.85,632,235
241.65,648,235
242.44,648,231
243.24,648,236
244.00,648,235
244.79,648,238
245.59,663,240
246.38,663,236
247.17,663,238
247.97,663,236
248.76,663,236
249.56,648,237
250.35,648,238
251.14,648,237
251.94,648,238
252.73,648,237
253.52,663,238
254.31,648,235
255.10,648,238
255.89,648,233
256.68,648,235
257.47,648,234
258.25,648,234
259.04,632,236
259.83,632,236
260.62,616,226
261.41,585,226
262.20,570,226
262.83,554,227
263.62,554,229
264.42,539,230
265.21,539,231
266.00,523,232
266.79,523,230
267.59,507,232
268.38,507,230
269.17,499,229
269.96,487,233
270.76,473,232
271.55,466,234
272.34,455,234
273.14,442,231
273.95,436,231
274.75,425,234
275.55,420,235
276.36,417,232
277.16,409,234
277.97,405,234
278.77,395,231
279.57,390,233
280.38,388,234
281.18,394,231
281.97,390,234
282.76,395,233
283.55,390,234
284.34,395,234
285.13,398,232
285.92,399,235
286.70,407,234
287.49,411,232
288.28,406,230
289.07,396,233
289.86,391,233
290.65,388,235
291.52,394,237
292.36,404,233
293.21,417,228
294.05,803,219
294.89,819,225
295.73,819,225
296.58,835,225
297.42,850,226
298.26,850,227
299.10,881,234
299.95,866,236
300.79,835,229
301.58,757,231
302.34,788,214
303.11,788,210
303.87,772,216
304.64,803,213
305.40,772,210
306.17,445,206
306.93,445,158
307.70,437,171
308.46,419,164
309.23,410,210
309.99,398,180
310.78,392,158
311.57,188,171
312.37,181,213
313.16,177,217
313.95,175,222
314.74,174,225
315.54,174,230
316.33,174,229
317.12,174,231
317.91,174,230
318.71,174,231
319.50,161,232
320.26,155,231
321.06,164,234
321.85,169,232
322.65,159,231
323.44,166,231
324.24,170,230
325.03,172,229
325.83,173,227
326.62,173,227
327.42,173,220
328.21,180,216
329.01,190,212
329.81,147,200
330.66,476,190
331.50,476,164
332.35,476,171
333.20,554,222
334.05,554,229
334.89,554,231
335.74,554,231
336.59,554,233
337.44,539,233
338.28,539,234
339.13,539,234
339.88,539,233
340.67,539,232
341.46,523,231
342.25,539,234
343.04,523,234
343.83,523,233
344.63,523,235
345.42,523,233
346.21,523,233
347.00,523,232
347.79,523,228
348.58,386,223
349.41,374,229
350.11,368,232
350.82,365,237
351.52,364,236
352.23,375,235
352.93,380,227
353.64,383,221
354.34,476,229
355.05,507,234
355.75,523,234
356.46,523,233
357.16,523,220
357.95,554,210
358.75,523,214
359.54,459,223
0.34,363,221
1.14,363,211
1.93,363,142
2.73,59,129
3.52,349,193
4.32,539,214
5.12,539,230
5.91,539,231
6.71,539,235
7.47,539,233
8.26,539,233
9.06,539,233
9.85,554,234
10.64,554,237
11.44,554,233
12.23,570,222
13.03,336,214
13.82,315,226
14.61,305,230
15.41,300,219
16.20,311,213
17.03,554,216
17.82,363,219
18.60,356,216
19.39,339,226
20.18,330,227
20.96,333,220
21.75,282,213
22.53,282,210
23.32,282,212
24.11,282,212
24.89,282,197
25.68,282,232
26.47,275,238
27.26,278,238
28.06,286,230
28.85,401,221
29.64,423,232
30.44,434,234
31.23,432,233
32.03,423,235
32.82,419,234
33.61,417,234
34.41,409,233
35.20,405,231
35.96,395,235
36.70,390,233
37.43,388,233
38.17,375,233
38.91,369,232
39.65,366,233
40.38,364,236
41.12,350,233
41.86,349,234
42.60,342,232
43.33,339,229
44.07,337,234
44.86,336,237
45.66,329,232
46.46,325,235
47.26,323,234
48.06,322,236
48.86,322,236
49.66,322,235
50.46,315,236
51.26,312,237
52.06,310,237
52.86,309,235
53.66,309,238
54.49,302,236
55.28,305,236
56.08,300,236
56.87,297,237
57.66,296,237
58.46,295,238
59.25,295,236
60.05,281,236
60.84,268,236
61.63,275,237
62.43,278,238
63.22,280,237
64.01,281,237
64.80,274,235
65.59,278,234
66.38,280,240
67.17,281,239
67.96,281,236
68.75,281,238
69.54,281,236
70.33,274,239
71.12,278,234
71.91,280,236
72.70,281,238
73.49,281,237
74.28,274,233
75.07,278,231
75.86,280,237
76.65,274,238
77.44,264,235
78.23,259,237
79.02,263,237
79.81,265,236
80.60,260,237
81.39,242,235
82.18,235,232
82.58,225,237
83.37,226,229
84.16,234,231
84.95,238,232
85.74,253,234
86.53,242,232
87.32,255,231
88.11,268,234
88.90,275,232
89.69,278,238
90.48,273,235
91.27,270,235
92.06,276,238
92.89,272,237
93.73,277,238
94.56,272,239
95.39,263,238
96.22,259,241
97.06,257,237
97.89,228,238
98.72,235,236
99.55,238,237
100.39,240,236
101.22,241,236
102.01,241,235
102.80,241,237
103.60,241,239
104.39,244,240
105.18,246,238
105.98,250,238
106.77,252,238
107.57,253,236
108.36,260,238
109.15,257,237
109.95,262,241
110.74,265,238
111.53,266,240
112.33,267,237
113.13,274,235
113.93,298,238
114.73,303,235
115.53,299,233
116.33,304,214
117.13,242,84
117.93,309,106
118.73,228,193
119.53,228,217
120.33,228,221
121.16,228,216
121.95,228,214
122.74,228,210
123.53,228,206
124.32,235,210
125.11,238,212
125.90,233,212
126.69,237,211
127.48,239,215
128.27,227,222
129.06,221,226
129.85,224,216
130.61,233,216
131.41,237,233
132.20,232,235
133.00,237,226
133.80,239,217
134.59,240,213
135.39,241,193
136.18,244,190
136.98,256,171
137.78,275,187
138.57,265,151
139.37,273,142
140.20,270,161
140.98,269,164
141.77,268,151
142.55,288,119
143.33,278,187
144.12,280,126
144.90,281,113
145.69,119,58
146.47,282,51
147.25,288,174
148.04,298,164
148.82,283,145
149.65,289,168
150.48,292,171
151.31,300,180
152.15,297,164
152.98,303,129
153.81,306,151
154.64,321,171
155.47,616,171
156.30,585,227
157.14,585,224
157.97,336,225
158.80,336,222
159.56,336,228
160.35,329,233
161.15,325,230
161.94,317,235
162.73,313,234
163.53,311,235
164.32,310,236
165.12,309,236
165.91,322,232
166.70,329,233
167.50,332,232
168.29,340,224
169.15,1489,220
169.95,1489,229
170.74,1489,227
171.54,6368,211
172.34,1255,155
173.13,1489,219
173.93,1505,220
174.72,538,224
175.52,538,227
176.32,538,232
177.11,523,227
177.91,507,226
178.71,523,219
179.53,507,213
180.36,188,221
181.18,188,227
182.00,168,236
182.82,171,230
183.65,172,222
184.47,173,219
185.29,180,221
186.11,149,235
186.94,134,242
187.76,119,242
188.51,96,240
189.31,100,238
190.10,102,240
190.90,103,242
191.70,103,242
192.50,103,244
193.29,111,239
194.09,122,227
194.89,128,226
195.69,151,234
196.48,162,232
197.28,168,237
198.07,158,237
198.86,166,232
199.65,177,226
200.44,196,224
201.23,212,226
202.02,226,227
202.81,233,228
203.60,237,227
204.39,239,224
205.18,881,215
205.97,881,221
206.76,881,225
207.59,881,227
208.38,912,228
209.17,928,237
209.96,570,228
210.75,585,229
211.54,554,232
212.33,554,231
213.12,554,229
213.91,538,229
214.70,538,232
215.49,538,233
216.28,538,232
217.08,523,230
217.90,538,233
218.71,538,230
219.53,538,232
220.34,538,231
221.16,538,233
221.97,515,227
222.79,495,228
223.60,477,229
224.42,468,232
225.23,463,233
226.05,454,231
226.85,449,231
227.63,447,232
228.40,446,232
229.18,445,233
229.96,445,235
230.73,452,232
231.51,554,224
232.28,585,232
233.06,585,238
233.84,601,232
234.61,616,232
235.39,616,235
236.22,616,235
237.01,616,235
237.80,616,233
238.59,616,235
239.38,616,235
240.17,632,236
240.96,632,233
241.75,647,234
242.54,647,233
243.33,647,237
244.12,647,237
244.91,647,237
245.70,663,237
246.49,663,236
247.29,663,237
248.08,663,237
248.87,647,237
249.67,647,236
250.46,647,237
251.26,647,234
252.05,647,238
252.84,663,237
253.64,647,237
254.43,647,235
255.19,647,234
255.98,647,235
256.77,647,236
257.56,647,233
258.35,647,235
259.14,632,237
259.92,632,235
260.71,601,225
261.50,585,228
262.29,570,228
263.08,570,229
263.87,554,231
264.70,538,229
265.49,538,232
266.27,523,230
267.06,523,233
267.85,507,231
268.64,499,231
269.42,495,230
270.21,485,229
271.00,480,233
271.79,469,230
272.57,457,232
273.36,443,231
274.15,429,234
274.96,422,235
275.77,418,233
276.58,416,235
277.39,408,233
278.20,404,233
279.01,402,233
279.82,401,234
280.63,401,233
281.44,401,234
282.25,393,235
283.06,397,236
283.85,399,234
284.66,400,234
285.46,393,233
286.27,397,235
287.08,406,234
287.88,410,233
288.69,405,233
289.49,395,234
290.30,390,235
291.11,388,234
291.91,394,233
292.72,397,231
293.51,413,226
294.30,819,219
295.09,819,223
295.88,835,224
296.67,835,225
297.46,850,229
298.26,866,227
299.05,897,233
299.84,866,236
300.63,835,227
301.42,757,229
302.21,788,213
303.04,803,210
303.84,757,214
304.64,803,211
305.44,772,203
306.24,445,168
307.04,430,168
307.83,422,168
308.63,411,158
309.43,406,200
310.23,384,158
311.03,385,177
311.83,322,151
312.59,174,214
313.39,174,218
314.18,161,222
314.98,167,225
315.78,170,226
316.57,159,228
317.37,166,229
318.16,170,231
318.96,159,232
319.76,154,232
320.55,164,231
321.35,156,234
322.15,152,234
322.94,163,232
323.74,168,231
324.53,171,232
325.32,172,229
326.12,173,226
326.91,173,223
327.71,173,221
328.50,180,217
329.29,204,210
330.09,476,168
330.88,476,168
331.71,484,193
332.52,488,155
333.33,554,223
334.15,554,229
334.96,554,232
335.77,538,232
336.58,538,234
337.39,554,233
338.20,538,234
339.02,538,233
339.83,538,233
340.64,538,234
341.43,523,235
342.23,523,234
343.02,523,231
343.82,523,232
344.62,523,231
345.41,523,234
346.21,523,231
347.00,523,228
347.80,507,225
348.60,386,223
349.39,386,229
350.19,374,233
350.94,368,236
351.66,365,235
352.38,375,235
353.11,380,228
353.83,371,221
354.55,476,228
355.27,484,235
355.99,523,235
356.71,507,231
357.44,538,220
358.16,309,184
358.88,476,213
359.71,460,221
0.50,386,222
1.28,335,212
2.07,342,164
2.86,332,158
3.65,347,197
4.43,554,214
5.22,538,231
6.01,538,229
6.80,538,235
7.58,538,236
8.37,538,233
9.16,554,233
9.95,554,234
10.75,554,235
11.54,554,233
12.33,569,224
13.12,335,214
13.92,315,226
14.71,305,226
15.50,300,220
16.29,304,215
17.09,362,216
17.88,355,219
18.64,352,219
19.42,337,227
20.20,329,225
20.98,332,218
21.76,313,212
22.54,304,211
23.32,286,211
24.10,284,212
24.88,289,206
25.66,285,230
26.44,276,235
27.22,279,238
28.02,287,231
28.81,444,221
29.60,444,229
30.40,437,235
31.19,433,235
31.98,424,234
32.77,419,233
33.56,409,233
34.35,404,233
35.15,402,235
35.94,394,231
36.73,390,233
37.40,388,235
38.18,375,233
38.95,368,238
39.73,365,236
40.50,363,235
41.28,356,233
42.05,352,235
42.83,343,230
43.60,332,231
44.38,327,236
45.15,324,236
45.93,316,236
46.69,319,236
47.47,320,235
48.24,321,235
49.02,321,234
49.80,321,235
50.58,315,235
51.35,312,237
52.13,310,236
52.91,309,236
53.69,309,235
54.46,309,237
55.24,302,237
56.03,298,237
56.82,296,238
57.62,295,235
58.41,288,238
59.20,291,236
59.99,286,235
60.79,284,237
61.58,283,236
62.37,282,237
63.16,282,237
63.96,282,238
64.75,282,239
65.51,282,236
66.31,282,236
67.10,282,238
67.90,282,236
68.70,275,238
69.50,278,237
70.29,280,240
71.09,281,238
71.89,281,238
72.69,274,236
73.48,278,236
74.28,280,235
75.07,281,232
75.85,281,235
76.63,281,237
77.41,274,236
78.19,271,236
78.97,269,237
79.76,262,237
80.54,258,233
81.32,241,233
82.10,227,234
82.88,220,236
83.66,230,231
84.41,235,229
85.20,231,229
86.00,237,235
86.79,252,229
87.58,267,235
88.37,274,232
89.17,278,236
89.96,273,238
90.75,277,235
91.54,279,236
92.34,280,235
93.13,281,235
93.89,281,238
94.70,274,237
95.50,271,237
96.31,263,238
97.12,259,239
97.92,257,237
98.73,241,237
99.53,234,236
100.34,237,234
101.15,232,236
101.95,236,236
102.76,240,237
103.52,240,237
104.33,243,237
105.14,246,236
105.95,243,236
106.76,246,237
107.57,257,239
108.38,256,238
109.19,241,237
110.00,254,237
110.81,261,238
111.62,258,239
112.43,263,235
113.19,272,235
113.98,290,239
114.78,292,233
115.57,307,232
116.36,308,206
117.15,241,109
117.95,241,135
118.74,241,211
119.53,234,220
120.32,224,220
121.12,226,217
121.91,227,214
122.74,227,211
123.54,227,211
124.33,234,211
125.13,237,213
125.93,232,211
126.72,230,212
127.52,229,217
128.31,228,225
129.11,221,223
129.91,224,217
130.70,232,220
131.50,236,234
132.33,232,231
133.12,236,222
133.92,238,217
134.71,242,211
135.50,245,161
136.29,250,206
137.09,266,158
137.88,267,161
138.67,261,151
139.46,264,164
140.26,266,151
141.05,267,145
141.84,267,171
142.66,241,142
143.47,254,184
144.29,268,142
145.11,134,64
145.93,119,38
146.74,295,96
147.56,308,138
148.38,295,155
149.20,302,116
150.01,298,155
150.83,303,177
151.65,306,206
152.46,320,145
153.28,314,151
154.09,331,161
154.90,333,151
155.72,601,214
156.53,585,231
157.35,601,219
158.16,336,224
158.97,336,224
159.79,336,231
160.60,329,231
161.43,325,233
162.23,323,233
163.02,316,235
163.82,312,233
164.62,310,235
165.41,316,233
166.21,326,233
167.00,331,234
167.80,333,232
168.60,347,216
169.39,1489,222
170.19,1489,229
170.94,1489,223
171.74,6321,213
172.53,1489,211
173.33,1489,220
174.13,1505,214
174.93,538,227
175.72,538,230
176.52,523,230
177.32,523,226
178.12,523,223
178.91,523,218
179.71,215,215
180.47,201,222
181.29,187,229
182.10,187,237
182.92,180,225
183.74,177,221
184.55,175,219
185.37,181,222
186.18,150,236
187.00,134,243
187.82,119,243
188.63,111,243
189.45,115,243
190.24,109,241
191.03,91,239
191.83,97,244
192.62,100,241
193.41,109,235
194.20,114,226
195.00,151,226
195.79,162,236
196.58,168,233
197.37,171,236
198.17,172,237
198.96,173,231
199.72,180,226
200.50,210,225
201.28,225,229
202.06,226,226
202.84,227,230
203.62,234,226
204.40,237,224
205.18,241,217
205.96,881,221
206.74,881,229
207.52,881,228
208.30,912,229
209.10,928,241
209.88,928,235
210.65,928,232
211.43,570,220
212.21,554,230
212.99,554,231
213.76,538,232
214.54,538,231
215.32,523,232
216.10,523,230
216.87,523,233
217.65,523,231
218.48,523,231
219.27,523,233
220.06,538,231
220.85,538,232
221.64,538,230
222.43,538,233
223.21,507,228
224.00,491,227
224.79,483,231
225.58,479,230
226.37,477,231
227.16,476,232
227.95,467,231
228.73,471,234
229.50,473,231
230.28,482,233
231.06,487,232
231.84,538,225
232.61,585,232
233.39,601,233
234.17,616,232
234.95,601,232
235.72,616,236
236.50,616,236
237.30,632,234
238.09,616,233
238.88,616,231
239.68,616,235
240.47,632,231
241.26,647,233
242.05,647,234
242.84,647,237
243.63,647,238
244.43,647,237
245.22,663,236
246.01,663,235
246.84,663,237
247.61,663,235
248.38,663,237
249.15,663,236
249.92,647,239
250.69,647,237
251.47,647,234
252.24,647,238
253.01,647,236
253.78,647,236
254.55,647,236
255.32,647,235
256.11,647,234
256.91,647,233
257.70,647,234
258.50,647,235
259.30,632,240
260.10,616,228
260.89,585,223
261.69,585,225
262.49,570,228
263.29,554,228
264.08,554,230
264.88,538,231
265.64,538,229
266.43,523,230
267.23,507,230
268.02,507,230
268.81,499,232
269.60,495,233
270.40,477,232
271.19,468,230
271.98,456,233
272.77,450,229
273.57,440,232
274.36,427,234
275.19,421,234
276.00,418,235
276.82,409,233
277.63,405,235
278.44,403,233
279.25,382,234
280.07,391,233
280.88,388,234
281.69,394,233
282.50,397,235
283.32,399,233
284.13,400,233
284.89,400,235
285.73,400,234
286.57,407,233
287.41,411,232
288.25,406,234
289.09,396,233
289.92,391,234
290.76,388,235
291.60,387,235
292.44,401,233
293.28,415,231
294.12,819,215
294.88,819,222
295.68,835,223
296.47,835,226
297.27,850,227
298.07,850,228
298.86,866,230
299.66,881,237
300.45,850,234
301.25,757,231
302.05,772,218
302.84,507,210
303.64,772,213
304.39,772,214
305.19,788,211
306.00,445,177
306.80,437,184
307.60,426,174
308.41,420,177
309.21,403,138
310.02,402,177
310.82,401,158
311.62,188,129
312.43,188,211
313.23,181,217
313.99,177,219
314.79,175,224
315.58,174,227
316.38,174,228
317.17,174,227
317.97,174,228
318.76,161,234
319.56,155,230
320.35,152,232
321.15,163,234
321.94,168,232
322.74,171,235
323.54,172,232
324.33,173,231
325.13,161,230
325.92,155,228
326.71,164,225
327.50,169,224
328.30,171,217
329.09,179,213
329.88,197,193
330.67,492,184
331.47,492,158
332.26,484,200
333.05,554,219
333.88,554,231
334.71,538,234
335.54,538,231
336.37,538,235
337.20,538,232
338.04,538,235
338.87,538,232
339.70,538,233
340.53,538,235
341.36,538,232
342.19,523,230
343.02,523,233
343.81,523,233
344.60,523,230
345.39,523,236
346.18,523,232
346.97,523,231
347.75,538,222
348.54,362,222
349.33,374,229
350.12,368,234
350.91,358,235
351.70,360,236
352.40,373,232
353.13,367,229
353.87,376,221
354.60,492,229
355.33,507,233
356.07,523,233
356.80,523,229
357.54,539,217
358.27,322,210
359.00,492,216
359.74,415,220
0.47,363,219
1.22,342,193
2.04,282,135
2.86,302,197
3.68,319,164
4.50,554,218
5.32,539,230
6.14,539,233
6.96,539,235
7.78,539,234
8.60,539,234
9.42,539,232
10.24,554,235
11.07,554,236
11.86,554,233
12.65,585,216
13.44,309,219
14.23,302,229
15.02,298,225
15.81,303,215
16.60,585,217
17.39,349,217
18.18,356,218
18.97,346,220
19.76,334,232
20.55,328,222
21.31,332,215
22.08,282,211
22.84,282,210
23.60,282,211
24.37,282,197
25.13,288,216
25.90,285,239
26.66,283,237
27.42,282,232
28.19,288,225
28.95,445,227
29.71,445,231
30.50,437,234
31.28,426,232
32.07,420,235
32.86,417,235
33.65,409,233
34.43,405,235
35.22,403,231
36.01,394,233
36.80,390,234
37.58,376,234
38.37,369,230
39.23,366,235
40.02,364,231
40.80,356,234
41.59,352,233
42.38,344,234
43.16,340,231
43.95,331,231
44.73,333,237
45.52,327,237
46.31,331,235
47.09,320,235
47.88,321,234
48.71,321,234
49.49,321,238
50.27,315,236
51.05,312,235
51.83,310,236
52.61,309,235
53.40,309,238
54.18,302,237
54.96,298,235
55.74,296,235
56.52,295,238
57.30,295,236
58.02,295,237
58.82,295,238
59.61,295,235
60.41,281,234
61.20,281,239
62.00,281,239
62.79,281,238
63.59,281,238
64.38,281,241
65.18,281,237
65.97,281,237
66.77,281,235
67.94,281,237
68.73,281,235
69.53,281,237
70.32,281,238
71.11,281,239
71.90,281,239
72.70,274,238
73.49,271,236
74.28,276,234
75.07,279,229
75.87,280,238
76.66,274,236
77.45,278,239
78.23,280,239
79.02,274,237
79.80,264,237
80.58,259,236
81.37,242,233
82.15,242,233
82.94,228,234
83.72,235,231
84.50,231,232
85.29,236,235
86.07,240,232
86.83,241,234
87.63,261,229
88.42,271,233
89.22,276,233
90.02,279,235
90.81,273,236
91.61,270,235
92.40,276,235
93.20,279,237
94.00,280,238
94.79,274,237
95.59,271,236
96.38,263,238
97.14,259,240
97.91,257,239
98.67,228,237
99.43,234,235
100.20,238,237
100.96,240,235
101.73,241,235
102.49,241,236
103.25,244,235
104.02,243,236
104.78,246,237
105.54,250,239
106.32,252,238
107.10,253,237
107.88,254,238
108.66,261,237
109.44,264,240
110.22,242,238
111.00,255,240
111.78,261,239
112.56,271,240
113.34,276,240
114.12,285,237
114.88,290,232
115.68,306,228
116.47,321,126
117.27,268,126
118.07,242,145
118.86,242,213
119.66,235,220
120.45,231,219
121.25,229,215
122.05,235,214
122.84,231,212
123.64,237,190
124.43,232,212
125.20,230,211
125.97,229,213
126.74,235,213
127.51,238,219
128.28,226,226
129.06,220,222
129.83,217,213
130.60,222,220
131.37,232,234
132.14,230,231
132.91,236,222
133.74,240,217
134.57,243,211
135.40,246,151
136.23,250,211
137.06,252,203
137.89,260,180
138.71,257,168
139.54,269,177
140.37,282,148
141.20,275,168
142.03,271,161
142.86,269,155
143.66,268,132
144.46,268,193
145.26,268,61
146.06,59,54
146.86,336,84
147.66,282,126
148.45,288,197
149.25,285,177
150.05,290,177
150.85,299,151
151.65,297,171
152.45,303,155
153.21,306,161
154.00,307,129
154.79,301,132
155.58,616,197
156.37,585,227
157.16,585,222
157.95,336,223
158.74,336,225
159.53,336,230
160.32,329,230
161.11,325,232
161.90,323,235
162.73,316,233
163.52,312,232
164.31,303,234
165.10,312,235
165.89,324,233
166.68,330,231
167.46,333,234
168.25,341,224
169.04,1489,220
169.83,1489,227
170.62,1489,228
171.41,6368,210
172.21,1240,168
173.00,1489,220
173.79,1489,220
174.58,539,224
175.37,539,228
176.16,539,232
176.95,523,227
177.74,523,226
178.53,523,222
179.32,523,214
180.11,174,220
180.90,174,225
181.69,174,236
182.50,174,235
183.30,181,220
184.11,184,221
184.92,199,218
185.73,166,232
186.53,142,238
187.34,130,239
188.15,117,241
188.96,103,239
189.76,111,241
190.57,107,241
191.36,105,242
192.15,112,243
192.94,115,242
193.73,117,230
194.52,145,224
195.31,159,232
196.10,166,233
196.89,170,233
197.68,172,240
198.47,173,235
199.26,180,230
200.05,197,225
200.87,219,228
201.66,230,229
202.45,236,229
203.24,239,229
204.03,240,224
204.82,243,222
205.62,881,218
206.41,881,223
207.20,881,227
207.99,897,228
208.78,913,236
209.57,913,238
210.36,913,233
211.14,928,221
211.91,648,224
212.69,648,227
213.47,554,226
214.25,539,229
215.02,523,230
215.80,523,231
216.58,523,232
217.36,523,232
218.13,507,233
218.91,523,231
219.70,523,232
220.49,523,233
221.29,523,233
222.08,523,233
222.87,539,232
223.66,507,230
224.46,491,225
225.25,483,230
226.04,479,231
226.83,477,230
227.63,476,231
228.42,476,234
229.25,476,230
230.05,484,231
230.85,488,231
231.65,523,225
232.45,585,227
233.25,616,232
234.05,616,233
234.85,616,233
235.65,616,238
236.45,632,238
237.25,632,234
238.05,616,233
238.85,616,236
239.64,616,236
240.44,632,232
241.23,648,235
242.02,648,235
242.82,648,236
243.61,648,235
244.41,648,235
245.20,648,238
245.99,663,236
246.79,663,238
247.58,663,238
248.33,663,237
249.12,648,235
249.92,648,235
250.71,648,236
251.50,648,237
252.29,648,236
253.09,648,237
253.88,648,235
254.67,648,234
255.46,648,236
256.26,648,234
257.05,648,236
257.88,648,235
258.68,648,236
259.49,632,240
260.29,616,228
261.09,601,226
261.90,585,227
262.70,570,229
263.51,554,228
264.31,554,229
265.11,539,230
265.92,539,230
266.72,523,230
267.51,523,231
268.31,507,230
269.10,499,229
269.90,495,231
270.70,485,232
271.49,472,233
272.29,458,231
273.08,451,233
273.88,440,234
274.68,427,235
275.47,421,236
276.27,418,235
277.03,409,233
277.85,405,235
278.66,395,233
279.48,390,232
280.30,395,232
281.11,390,233
281.93,395,232
282.74,398,234
283.56,399,235
284.38,400,235
285.19,400,235
286.01,400,233
286.84,407,236
287.65,411,234
288.47,406,231
289.28,396,234
290.09,391,232
290.90,377,238
291.72,389,233
292.53,402,233
293.34,416,226
294.15,819,217
294.97,819,223
295.78,835,225
296.58,835,224
297.38,835,225
298.17,850,225
298.97,881,232
299.76,866,237
300.56,850,231
301.35,757,233
302.15,772,212
302.94,507,210
303.74,772,215
304.53,772,214
305.33,772,193
306.09,445,210
306.92,437,210
307.76,426,206
308.59,413,164
309.42,399,135
310.25,381,171
311.09,372,174
311.92,295,155
312.75,174,214
313.58,174,218
314.42,174,223
315.25,174,224
316.04,174,227
316.83,174,229
317.62,174,229
318.41,161,232
319.20,155,230
319.99,152,231
320.78,163,232
321.57,156,232
322.36,152,231
323.15,150,233
323.94,162,232
324.73,168,230
325.52,171,228
326.32,172,226
327.12,173,224
327.92,173,219
328.72,180,216
329.52,177,197
330.32,459,164
331.12,467,138
331.92,471,211
332.72,481,174
333.52,554,227
334.32,554,231
335.07,554,232
335.88,539,231
336.69,539,232
337.49,554,232
338.30,539,230
339.11,539,234
339.92,539,232
340.73,539,233
341.54,523,234
342.34,523,232
343.15,523,235
343.96,523,232
344.75,523,233
345.47,523,232
346.19,523,233
346.90,523,231
347.62,539,222
348.34,386,224
349.06,386,230
349.78,374,235
350.50,368,235
351.21,365,236
351.93,375,237
352.65,369,226
353.40,445,222
354.20,507,231
354.99,507,237
355.79,523,236
356.59,523,229
357.38,539,215
358.18,309,210
358.97,492,218
359.77,401,223
0.57,382,219
1.36,89,164
2.16,336,161
2.96,329,168
3.77,332,168
4.57,539,220
5.38,539,233
6.19,539,233
6.99,539,235
7.80,539,235
8.60,539,237
9.41,539,234
10.22,539,237
11.02,554,234
11.83,554,231
12.59,554,213
13.38,309,220
14.17,302,228
14.96,298,225
15.75,296,215
16.54,585,217
17.32,363,216
18.11,356,217
18.90,339,220
19.69,330,228
20.48,326,219
21.27,310,215
22.07,296,211
22.85,302,212
23.63,292,213
24.41,287,210
25.19,291,215
25.97,279,236
26.75,280,238
27.53,287,233
28.31,298,225
29.09,445,226
29.87,445,231
30.65,437,233
31.41,426,236
32.19,420,235
32.97,417,233
33.75,409,236
34.53,405,233
35.31,403,233
36.09,394,232
36.87,390,234
37.65,388,232
38.43,375,234
39.21,369,233
39.99,366,236
40.78,357,233
41.57,353,235
42.36,344,230
43.15,340,229
43.94,338,234
44.73,337,237
45.52,323,236
46.31,322,236
47.10,322,233
47.89,322,239
48.68,315,236
49.47,318,234
50.34,313,236
51.15,304,236
51.97,306,234
52.78,307,236
53.59,301,235
54.40,298,238
55.22,296,236
56.03,295,235
56.84,295,237
57.65,295,236
58.47,295,238
59.28,295,238
60.07,288,237
60.83,278,236
61.60,280,234
62.36,281,237
63.13,281,237
63.89,281,236
64.66,281,237
65.42,281,239
66.19,281,236
66.95,281,239
67.72,268,235
68.48,275,240
69.27,278,236
70.06,280,236
70.85,281,233
71.64,281,240
72.43,281,235
73.22,281,236
74.01,281,233
74.80,274,230
75.59,278,235
76.38,280,237
77.17,274,239
77.96,271,237
78.82,269,235
79.58,268,237
80.34,242,235
81.10,242,235
81.86,242,233
82.62,228,232
83.39,228,232
84.15,235,232
84.91,231,232
85.67,229,232
86.43,235,234
87.19,258,232
87.98,270,232
88.77,276,234
89.57,279,236
90.36,273,235
91.15,277,235
91.95,279,238
92.74,267,235
93.54,267,236
94.33,267,236
95.12,267,236
95.92,261,237
96.71,258,238
97.40,256,240
98.18,242,237
98.96,242,237
99.74,242,235
100.52,245,235
101.30,243,235
102.07,242,237
102.85,245,236
103.63,243,237
104.41,246,238
105.19,244,236
105.97,243,238
106.80,242,239
107.63,245,237
108.46,250,240
109.29,252,238
110.12,260,239
110.95,264,241
111.78,266,240
112.61,267,236
113.44,274,238
114.27,291,239
115.10,300,234
115.93,304,227
116.76,320,122
117.55,269,87
118.35,228,116
119.14,228,210
119.93,228,219
120.72,228,219
121.52,228,213
122.31,235,210
123.10,238,210
123.89,233,211
124.69,230,210
125.48,229,210
126.24,235,212
127.02,231,212
127.80,236,216
128.58,225,225
129.36,220,223
130.14,224,214
130.92,233,218
131.70,237,233
132.48,232,233
133.26,237,220
134.04,241,213
134.82,244,210
135.61,243,193
136.42,246,193
137.22,250,190
138.03,259,161
138.84,309,168
139.65,289,174
140.45,292,158
141.26,280,138
142.07,281,187
142.88,281,177
143.68,275,180
144.49,272,161
145.28,175,90
146.07,124,61
146.87,76,80
147.66,296,171
148.45,289,155
149.24,299,158
150.04,304,174
150.83,300,177
151.62,304,190
152.41,306,148
153.21,307,148
154.00,308,174
154.76,315,164
155.57,586,213
156.37,586,230
157.18,586,219
157.99,336,222
158.79,329,224
159.60,332,229
160.40,327,231
161.21,331,231
162.02,327,235
162.82,318,234
163.63,313,235
164.42,311,234
165.24,317,234
166.05,320,235
166.87,328,235
167.69,332,232
168.50,340,218
169.32,1490,222
170.13,1474,230
170.95,1490,226
171.77,6321,214
172.58,1505,210
173.40,1490,220
174.23,1505,216
175.02,539,228
175.81,539,229
176.60,523,230
177.39,508,228
178.18,508,225
178.97,523,220
179.76,242,213
180.55,208,223
181.34,191,229
182.13,183,235
182.92,179,226
183.71,177,219
184.52,182,219
185.32,158,223
186.13,139,237
186.94,129,242
187.75,109,242
188.55,107,240
189.36,106,238
190.17,105,240
190.98,105,244
191.78,105,244
192.59,112,243
193.34,116,235
194.14,125,226
194.93,150,226
195.73,162,235
196.53,168,234
197.32,171,236
198.12,173,238
198.91,174,232
199.71,188,225
200.51,215,222
201.30,228,227
202.10,235,229
202.90,238,226
203.69,240,226
204.48,241,223
205.27,866,216
206.06,866,222
206.85,866,227
207.64,882,228
208.43,913,232
209.22,913,242
210.01,928,236
210.80,928,225
211.59,928,214
212.38,648,221
213.17,632,229
213.97,632,228
214.76,539,229
215.55,539,232
216.35,523,231
217.14,523,229
217.94,523,232
218.73,523,231
219.52,508,234
220.32,508,231
221.11,508,229
221.87,508,229
222.67,523,232
223.46,523,230
224.26,507,230
225.06,499,225
225.85,488,227
226.65,482,232
227.44,479,231
228.24,478,232
229.04,477,233
229.83,477,232
230.63,484,230
231.42,508,229
232.22,539,227
233.02,601,235
233.82,617,232
234.62,617,231
235.42,617,234
236.22,617,238
237.02,632,235
237.82,601,235
238.62,617,235
239.42,632,236
240.22,632,233
241.01,648,234
241.80,648,236
242.59,648,236
243.38,648,236
244.17,648,236
244.96,648,238
245.75,679,235
246.54,664,236
247.33,664,238
248.12,664,235
248.91,664,236
249.70,648,237
250.50,648,237
251.30,648,235
252.09,664,238
252.89,664,237
253.69,648,239
254.48,648,237
255.28,648,232
256.07,648,235
256.87,648,235
257.67,648,235
258.46,632,233
259.26,632,239
260.05,617,231
260.85,617,226
261.66,586,224
262.46,570,226
263.26,570,229
264.06,554,224
264.87,539,231
265.67,539,231
266.47,523,231
267.27,523,231
268.08,508,229
268.88,500,232
269.68,496,230
270.47,486,231
271.26,481,234
272.05,470,233
272.84,457,233
273.63,443,231
274.42,436,231
275.21,425,236
276.00,420,235
276.79,410,233
277.58,405,233
278.37,403,236
279.16,402,231
279.95,401,234
280.75,401,233
281.54,401,234
282.33,401,234
283.13,401,235
283.92,401,234
284.72,401,234
285.51,401,233
286.30,408,232
287.10,411,233
287.89,406,236
288.68,403,231
289.52,394,234
290.37,390,235
291.21,388,233
292.05,401,231
292.89,408,235
293.74,419,220
294.58,819,222
295.42,819,225
296.26,835,225
297.11,835,226
297.95,850,228
298.78,866,230
299.57,881,236
300.36,850,238
301.15,757,228
301.94,757,224
302.73,523,211
303.52,772,212
304.31,757,215
305.10,757,212
305.89,757,210
306.68,445,177
307.47,437,210
308.26,426,164
309.06,413,210
309.85,407,161
310.65,404,155
311.45,383,184
312.24,188,197
313.04,181,216
313.83,177,219
314.63,175,224
315.43,162,223
316.22,155,227
317.02,164,227
317.78,156,230
318.57,152,230
319.36,163,233
320.15,156,232
320.94,152,233
321.73,163,233
322.52,156,230
323.31,165,232
324.10,169,230
324.89,171,230
325.68,172,228
326.47,173,223
327.29,173,223
328.08,180,220
328.88,184,213
329.67,186,210
330.46,476,168
331.26,476,168
332.05,476,193
332.85,539,211
333.64,554,229
334.43,554,230
335.23,554,234
336.02,539,233
336.81,539,235
337.64,539,231
338.47,554,233
339.30,539,232
340.13,539,230
340.96,523,235
341.80,523,231
342.63,539,232
343.46,523,233
344.29,523,234
345.12,523,233
345.95,523,231
346.70,507,232
347.43,523,228
348.15,523,219
348.88,386,228
349.61,374,233
350.34,368,233
351.06,352,240
351.79,357,236
352.52,360,233
353.25,361,223
353.97,459,223
354.70,475,234
355.50,523,234
356.29,523,234
357.07,523,225
357.86,554,214
358.65,322,210
359.44,492,220
0.22,401,224
1.01,382,218
1.80,322,177
2.59,335,180
3.37,322,145
4.16,329,193
4.99,539,222
5.76,539,232
6.54,539,234
7.31,539,233
8.08,539,235
8.85,539,234
9.63,539,232
10.40,554,238
11.17,554,232
11.94,570,230
12.72,585,213
13.49,309,222
14.29,302,231
15.07,298,224
15.84,303,214
16.62,585,217
17.40,363,218
18.17,356,217
18.95,346,220
19.72,334,231
20.50,328,221
21.28,311,216
22.05,296,211
22.83,289,210
23.62,285,212
24.41,283,210
25.21,289,216
26.00,285,239
26.79,276,239
27.59,279,232
28.38,287,226
29.18,445,226
29.97,445,231
30.76,437,234
31.56,433,234
32.35,424,235
33.15,419,233
33.90,410,234
34.65,405,233
35.40,403,233
36.15,394,232
36.90,378,234
37.65,370,233
38.40,366,235
39.15,364,236
39.90,363,234
40.65,356,231
41.40,352,234
42.19,350,232
42.99,343,231
43.78,339,232
44.58,330,235
45.38,326,235
46.18,324,237
46.97,323,238
47.77,322,236
48.57,322,235
49.37,322,235
50.16,315,235
50.96,312,234
51.72,310,236
52.53,309,236
53.35,302,237
54.16,298,237
54.97,296,237
55.78,295,236
56.60,295,239
57.41,295,236
58.22,295,236
59.03,295,237
59.85,288,238
60.66,285,235
61.45,283,238
62.20,282,238
62.96,282,237
63.71,275,235
64.46,278,237
65.22,280,235
65.97,281,236
66.73,281,238
67.48,281,239
68.23,281,237
68.99,281,237
69.74,281,238
70.50,274,236
71.30,271,237
72.09,269,238
72.89,275,238
73.69,278,235
74.49,280,231
75.28,281,233
76.08,281,238
76.88,281,239
77.68,274,236
78.47,271,235
79.27,269,237
80.06,262,237
80.84,242,236
81.61,242,233
82.39,228,236
83.17,221,231
83.94,229,231
84.72,235,231
85.49,231,231
86.27,237,233
87.05,241,233
87.82,261,230
88.60,271,233
89.43,276,236
90.23,279,236
91.02,273,235
91.82,277,236
92.62,272,236
93.41,270,239
94.21,269,234
95.00,268,236
95.80,261,237
96.60,258,240
97.39,256,239
98.19,255,235
99.02,255,235
99.81,228,235
100.61,235,235
101.40,238,237
102.19,240,237
102.99,234,237
103.78,239,238
104.58,243,238
105.37,246,236
106.16,244,238
106.96,246,238
107.75,250,238
108.51,259,239
109.29,257,237
110.07,262,238
110.85,265,239
111.63,266,239
112.41,267,237
113.19,274,238
113.97,284,237
114.75,289,231
115.53,305,230
116.31,307,155
117.09,301,96
117.88,278,100
118.67,228,212
119.46,228,216
120.25,228,218
121.04,228,214
121.83,228,212
122.62,235,212
123.41,240,210
124.20,234,212
124.99,231,211
125.78,229,211
126.57,228,213
127.50,235,219
128.29,231,225
129.09,223,225
129.88,225,213
130.67,226,219
131.47,227,233
132.26,227,232
133.06,234,223
133.85,238,217
134.64,242,211
135.44,262,180
136.23,265,210
136.99,260,180
137.80,264,174
138.60,266,138
139.41,260,142
140.22,264,132
141.02,242,145
141.83,255,171
142.63,261,190
143.44,264,171
144.25,266,190
145.05,89,74
145.86,66,87
146.69,349,74
147.48,282,142
148.27,288,148
149.06,291,164
149.85,293,197
150.64,301,138
151.43,305,168
152.22,300,197
153.01,304,168
153.80,313,171
154.59,311,177
155.38,616,212
156.21,585,229
157.01,585,220
157.82,336,224
158.62,336,221
159.42,336,232
160.22,329,231
161.03,325,237
161.83,323,235
162.63,316,232
163.43,312,236
164.24,310,236
165.04,316,236
165.84,326,235
166.64,331,232
167.45,333,231
168.25,341,219
169.05,1489,223
169.85,1489,230
170.66,1489,227
171.46,6337,213
172.26,1505,211
173.06,1489,221
173.87,1505,219
174.67,539,225
175.46,539,230
176.25,523,230
177.05,507,227
177.84,507,223
178.63,523,218
179.43,149,214
180.22,168,222
181.02,178,226
181.81,176,237
182.60,175,225
183.40,162,221
184.19,175,219
185.02,154,220
185.83,144,235
186.64,124,241
187.45,114,243
188.26,101,240
189.07,102,242
189.88,110,243
190.69,92,238
191.50,98,242
192.31,108,243
193.12,113,234
193.93,123,228
194.76,148,227
195.58,161,232
196.40,167,232
197.23,170,236
198.05,172,237
198.87,173,233
199.69,187,223
200.51,207,226
201.33,224,227
202.16,232,229
202.98,236,229
203.80,238,225
204.56,239,221
205.35,240,215
206.15,866,221
206.94,881,227
207.73,897,229
208.53,912,230
209.32,928,240
210.12,928,232
210.91,928,231
211.70,928,216
212.50,928,222
213.29,632,224
214.12,632,231
214.89,601,225
215.67,538,226
216.44,523,230
217.21,523,230
217.99,523,231
218.76,523,231
219.54,507,231
220.31,523,232
221.08,507,231
221.86,523,232
222.63,523,235
223.42,523,231
224.21,507,232
225.01,507,229
225.80,499,229
226.59,487,228
227.39,473,230
228.18,474,231
228.98,475,230
229.77,483,231
230.56,487,231
231.36,507,229
232.15,523,223
232.76,601,230
233.55,616,234
234.35,632,234
235.14,616,235
235.93,632,237
236.73,632,236
237.52,616,234
238.32,616,234
239.11,616,236
239.90,632,232
240.70,647,234
241.49,647,233
242.32,663,235
243.12,647,239
243.92,647,240
244.72,647,238
245.52,663,236
246.32,647,234
247.11,663,236
247.91,663,236
248.71,663,237
249.51,647,235
250.31,647,235
251.11,647,236
251.91,647,239
252.70,663,237
253.50,647,237
254.29,647,235
255.08,647,236
255.88,647,234
256.67,647,234
257.47,647,237
258.26,647,234
259.05,647,237
259.85,616,232
260.64,601,226
261.43,585,225
262.25,585,228
263.08,570,229
263.90,554,227
264.72,538,228
265.54,538,231
266.37,523,230
267.19,507,229
268.01,507,229
268.83,499,231
269.66,495,231
270.48,485,230
271.27,480,233
272.07,469,233
272.87,457,232
273.67,443,234
274.47,436,234
275.27,425,234
276.06,420,236
276.86,417,230
277.66,409,232
278.46,397,232
279.26,391,234
280.06,396,235
280.86,391,235
281.65,388,235
282.45,394,234
283.24,397,234
284.03,399,233
284.83,400,234
285.62,400,236
286.42,400,235
287.21,407,230
288.00,404,232
288.80,395,233
289.59,390,232
290.38,376,233
291.19,381,239
291.99,391,233
292.80,403,235
293.61,416,222
294.41,819,219
295.22,819,224
296.02,835,223
296.83,835,225
297.64,850,227
298.44,866,229
299.25,881,235
300.01,850,237
300.80,772,229
301.59,757,230
302.38,803,211
303.17,772,212
303.96,803,215
304.74,772,213
305.53,788,211
306.32,445,203
307.11,437,197
307.90,426,184
308.69,420,148
309.52,403,210
310.31,394,161
311.10,378,206
311.89,174,203
312.68,174,216
313.47,181,220
314.27,177,223
315.06,175,225
315.85,174,225
316.64,161,231
317.43,155,230
318.22,164,231
318.98,156,232
319.78,165,233
320.58,157,234
321.38,165,233
322.18,169,233
322.98,171,233
323.78,172,233
324.58,160,229
325.38,167,228
326.18,170,228
326.98,172,225
327.78,173,220
328.54,180,213
329.38,204,211
330.22,445,155
331.06,460,148
331.90,468,210
332.74,523,210
333.59,554,228
334.43,554,230
335.27,554,231
336.11,538,233
336.95,538,233
337.79,538,235
338.62,538,233
339.41,538,234
340.20,538,233
340.99,538,233
341.78,523,235
342.57,523,235
343.35,523,232
344.14,523,231
344.93,523,232
345.72,523,232
346.51,523,236
347.30,523,231
348.10,507,220
348.81,386,223
349.52,374,231
350.24,368,234
350.95,365,240
351.66,363,235
352.37,374,228
353.08,380,228
353.79,383,220
354.51,492,230
355.22,523,237
355.93,523,233
356.68,523,231
357.47,538,215
358.27,322,210
359.06,476,217
359.85,415,225
0.64,362,219
1.44,362,210
2.23,342,126
3.02,332,164
3.81,89,151
4.61,554,219
5.40,538,230
6.19,538,235
7.01,538,233
7.83,538,231
8.65,538,236
9.47,554,236
10.29,554,234
11.11,554,233
11.93,554,232
12.75,585,216
13.57,295,217
14.39,295,229
15.21,295,226
16.01,302,215
16.77,305,216
17.54,362,218
18.30,355,220
19.06,345,219
19.83,333,230
20.59,327,226
21.36,324,217
22.12,303,211
22.88,292,210
23.65,280,212
24.41,281,211
25.21,288,211
26.00,285,238
26.79,276,239
27.59,279,234
28.38,287,228
29.17,430,226
29.96,430,231
30.75,430,233
31.54,430,234
32.34,422,233
33.13,418,234
33.92,416,233
34.72,408,234
35.49,404,233
36.27,395,233
37.04,390,234
37.81,376,230
38.59,369,232
39.36,365,232
40.14,363,234
40.91,356,233
41.68,359,236
42.46,354,234
43.23,345,231
44.02,340,230
44.80,331,234
45.58,326,234
46.35,324,235
47.13,323,234
47.91,322,236
48.69,322,233
49.47,322,236
50.25,315,237
51.02,318,235
51.80,313,236
52.58,311,236
53.37,310,235
54.17,302,238
54.96,305,236
55.76,300,235
56.55,297,235
57.35,296,237
58.14,295,236
58.94,295,235
59.73,295,238
60.53,281,235
61.32,281,238
62.12,281,238
62.88,281,237
63.65,281,237
64.43,281,239
65.20,281,238
65.97,281,238
66.75,274,237
67.52,278,241
68.30,280,236
69.07,281,235
69.84,274,237
70.62,271,237
71.39,276,239
72.26,279,237
73.05,267,234
73.84,274,236
74.63,278,230
75.42,280,231
76.21,274,234
76.99,278,238
77.78,273,239
78.57,270,238
79.36,262,239
80.15,241,235
80.94,244,236
81.73,242,233
82.52,228,233
83.31,228,230
84.10,234,232
84.89,237,235
85.68,232,230
86.48,236,234
87.27,240,232
88.06,261,234
88.85,264,234
89.64,273,235
90.43,277,233
91.22,272,235
92.00,270,237
92.77,269,238
93.55,275,240
94.33,271,238
95.11,269,237
95.88,262,241
96.66,241,239
97.44,244,239
98.22,246,237
98.99,243,238
99.77,242,237
100.57,235,235
101.36,238,237
102.15,239,236
102.95,243,236
103.74,246,238
104.53,250,235
105.32,241,240
106.11,241,238
106.90,244,239
107.70,256,241
108.49,255,240
109.28,255,238
110.04,261,239
110.88,264,239
111.72,266,238
112.56,274,238
113.40,284,238
114.24,289,237
115.08,285,233
115.92,303,226
116.76,299,126
117.60,297,90
118.44,215,132
119.28,221,213
120.03,231,219
120.81,229,220
121.58,235,212
122.36,238,213
123.14,239,211
123.92,240,211
124.69,240,211
125.47,240,211
126.25,240,211
127.03,240,214
127.80,227,218
128.58,221,224
129.41,218,219
130.20,223,213
130.99,232,225
131.78,236,233
132.57,232,230
133.36,237,221
134.15,239,215
134.94,253,211
135.73,241,168
136.52,254,210
137.31,261,200
138.10,264,180
138.85,266,164
139.67,267,180
140.49,267,193
141.31,274,174
142.13,284,138
142.95,276,174
143.77,279,180
144.59,273,177
145.41,241,51
146.23,254,54
147.05,274,80
147.87,284,151
148.66,283,180
149.45,336,151
150.24,282,145
151.03,295,158
151.82,295,193
152.61,302,168
153.40,312,155
154.19,310,168
154.98,323,168
155.77,601,217
156.56,585,232
157.35,336,219
158.15,336,224
158.94,336,224
159.73,336,231
160.52,329,231
161.31,325,235
162.10,317,235
162.88,313,234
163.67,311,234
164.46,310,235
165.25,316,235
166.04,326,233
166.83,331,234
167.66,333,232
168.47,347,218
169.27,1489,228
170.08,1489,230
170.89,1489,224
171.70,6336,213
172.50,1489,211
173.31,1489,221
174.12,1505,216
174.93,538,227
175.73,538,229
176.54,523,231
177.33,507,227
178.13,523,223
178.92,523,219
179.72,174,214
180.52,181,223
181.31,177,231
182.11,175,237
182.90,174,226
183.70,181,218
184.50,191,220
185.29,162,222
186.09,140,236
186.84,122,240
187.64,113,242
188.44,108,240
189.24,113,243
190.04,101,241
190.84,102,242
191.65,110,241
192.45,107,242
193.25,113,236
194.05,123,226
194.85,128,228
195.65,151,230
196.47,162,231
197.25,168,236
198.03,171,237
198.80,172,232
199.58,180,224
200.36,204,221
201.14,222,229
201.92,231,228
202.70,229,229
203.47,235,225
204.25,240,222
205.03,243,216
205.82,881,219
206.62,881,227
207.41,881,228
208.21,912,230
209.00,912,240
209.80,928,235
210.59,928,231
211.39,928,216
212.18,928,223
212.98,647,220
213.77,632,227
214.57,616,228
215.33,554,222
216.13,538,225
216.94,523,231
217.74,523,232
218.54,507,233
219.35,523,233
220.15,523,231
220.96,523,233
221.76,523,230
222.56,523,234
223.37,523,233
224.17,523,230
225.00,507,233
225.77,499,226
226.55,495,230
227.32,493,232
228.09,484,233
228.87,480,234
229.64,485,234
230.42,488,232
231.19,507,226
231.96,538,223
232.74,601,233
233.51,616,233
234.30,632,230
235.10,616,234
235.89,616,238
236.69,632,234
237.49,632,233
238.28,616,234
239.08,616,235
239.87,632,234
240.67,647,234
241.47,647,236
242.26,663,233
243.06,663,238
243.82,663,236
244.63,647,236
245.43,663,237
246.24,663,236
247.05,663,239
247.85,663,236
248.66,663,238
249.46,663,237
250.27,647,235
251.08,647,239
251.88,647,238
252.69,663,237
253.48,663,238
254.27,647,234
255.07,647,235
255.86,647,234
256.65,647,233
257.44,647,237
258.24,647,237
259.03,647,235
259.82,632,234
260.61,616,226
261.41,585,228
262.20,585,226
262.94,569,229
263.73,554,228
264.52,538,229
265.32,538,232
266.11,523,230
266.90,523,233
267.69,507,231
268.48,507,230
269.27,499,228
270.07,487,232
270.86,481,235
271.65,478,231
272.45,461,232
273.26,452,233
274.06,441,233
274.87,428,235
275.68,421,234
276.48,418,236
277.29,409,235
278.09,404,233
278.90,395,233
279.71,397,233
280.51,398,232
281.32,392,234
282.11,396,233
282.90,398,234
283.70,399,234
284.49,399,233
285.28,399,235
286.07,399,236
286.87,407,234
287.66,403,232
288.45,401,233
289.24,393,230
290.04,389,236
290.83,375,234
291.63,387,235
292.46,401,233
293.29,415,225
294.12,819,219
294.95,819,222
295.78,834,224
296.60,834,226
297.43,850,230
298.26,866,226
299.09,881,236
299.92,866,239
300.75,803,227
301.55,772,227
302.37,788,210
303.19,507,212
304.01,772,214
304.83,772,211
305.65,476,210
306.47,460,203
307.29,452,164
308.11,441,174
308.93,428,135
309.75,407,210
310.57,396,145
311.36,391,161
312.15,174,200
312.94,174,215
313.73,174,219
314.52,174,222
315.31,174,222
316.09,174,231
316.88,174,228
317.67,161,229
318.46,155,232
319.25,152,229
320.04,163,233
320.83,156,231
321.63,165,231
322.42,157,231
323.22,153,231
324.02,151,230
324.81,162,230
325.61,168,230
326.40,171,227
327.20,172,222
328.00,173,220
328.79,180,216
329.59,177,210
330.38,476,168
331.20,483,200
332.02,479,200
332.84,523,210
333.66,554,228
334.48,538,231
335.31,554,234
336.13,554,234
336.95,538,234
337.77,538,233
338.59,538,232
339.41,538,231
340.17,538,231
340.96,538,231
341.76,538,233
342.55,523,233
343.34,523,235
344.13,523,233
344.93,523,233
345.72,523,232
346.51,523,230
347.30,507,231
348.10,386,220
348.89,386,228
349.68,374,231
350.44,368,234
351.21,365,237
351.97,363,236
352.74,362,229
353.50,374,224
354.27,459,224
355.03,507,231
355.80,523,236
356.56,523,233
357.33,523,226
358.09,538,212
358.88,335,211
359.66,459,223
0.43,386,224
1.21,374,214
1.99,309,138
2.77,315,180
3.54,312,180
4.32,554,200
5.10,523,225
5.88,538,231
6.65,538,234
7.43,538,236
8.19,538,233
8.98,538,234
9.78,554,236
10.57,554,233
11.36,554,237
12.15,554,228
12.95,309,212
13.74,309,227
14.53,302,228
15.32,298,221
16.12,303,215
16.91,554,217
17.74,362,219
18.50,348,217
19.25,335,225
20.01,322,231
20.77,322,219
21.53,302,213
22.28,292,211
23.04,287,212
23.80,284,211
24.56,283,210
25.31,282,228
26.07,275,238
26.90,278,237
27.69,286,229
28.49,304,219
29.28,445,228
30.07,430,234
30.86,430,234
31.66,422,233
32.45,418,233
33.24,409,235
34.03,405,236
34.83,403,234
35.62,402,236
36.38,394,236
37.16,390,233
37.93,376,235
38.71,369,234
39.49,365,233
40.27,363,232
41.04,356,232
41.82,352,234
42.60,344,230
43.38,340,229
44.15,331,235
44.93,333,237
45.79,334,234
46.58,321,234
47.36,321,234
48.15,315,235
48.94,318,239
49.73,320,234
50.51,314,234
51.30,311,237
52.09,310,234
52.88,309,237
53.66,309,235
54.45,302,241
55.24,298,237
56.03,296,236
56.83,295,235
57.62,295,235
58.41,295,237
59.20,288,236
60.00,285,236
60.79,276,235
61.58,279,237
62.37,280,238
63.17,281,237
63.96,274,236
64.76,278,236
65.52,280,238
66.28,274,239
67.04,278,236
67.80,273,237
68.56,264,237
69.33,273,238
70.09,277,238
70.85,279,238
71.61,280,237
72.37,281,239
73.13,281,237
73.92,281,237
74.69,281,231
75.46,274,238
76.23,278,238
77.00,273,239
77.77,277,236
78.55,272,238
79.32,270,238
80.09,262,237
80.86,241,233
81.63,241,233
82.40,228,235
82.97,228,232
83.76,228,232
84.56,228,231
85.35,228,232
86.14,234,231
86.93,239,229
87.73,260,232
88.52,271,235
89.31,276,235
90.10,272,236
90.90,277,238
91.69,272,237
92.45,270,239
93.30,269,237
94.15,268,238
95.00,268,235
95.85,261,238
96.70,258,238
97.54,256,239
98.39,241,237
99.24,241,237
100.09,241,237
100.94,241,236
101.79,244,237
102.58,246,235
103.37,250,239
104.17,252,239
104.96,253,237
105.75,254,238
106.55,241,239
107.34,244,237
108.14,246,238
108.93,250,240
109.72,252,239
110.52,260,239
111.31,264,237
112.06,266,239
112.84,274,236
113.62,284,238
114.40,289,238
115.18,299,235
115.96,310,220
116.75,296,106
117.53,228,96
118.31,234,171
119.09,237,215
119.87,232,224
120.65,230,218
121.41,229,216
122.22,235,213
123.03,231,203
123.84,236,212
124.65,238,212
125.46,233,211
126.26,237,213
127.07,232,214
127.88,230,220
128.69,222,227
129.50,218,218
130.31,223,214
131.07,232,225
131.86,230,235
132.66,235,226
133.45,238,219
134.24,239,213
135.03,240,210
135.83,261,200
136.62,258,155
137.41,270,145
138.20,269,129
139.00,228,126
139.79,234,161
140.59,251,168
141.42,259,171
142.26,263,177
143.09,265,164
143.92,260,148
144.75,284,103
145.59,104,64
146.42,81,64
147.25,268,129
148.08,268,168
148.92,261,145
149.75,278,126
150.50,293,190
151.29,307,158
152.09,308,210
152.88,308,148
153.67,315,177
154.47,339,155
155.26,337,129
156.06,585,221
156.85,585,230
157.64,336,220
158.44,336,224
159.23,336,227
160.03,336,230
160.83,329,233
161.62,325,235
162.42,317,234
163.21,313,234
164.01,311,236
164.80,310,236
165.60,316,235
166.39,326,235
167.19,331,235
167.98,333,232
168.78,348,215
169.58,1489,226
170.37,1489,229
171.15,1505,217
171.94,6305,211
172.73,1489,216
173.51,1489,222
174.30,539,217
175.08,523,225
175.87,539,230
176.66,523,228
177.44,507,224
178.23,507,222
179.03,523,216
179.83,174,216
180.64,174,226
181.44,181,234
182.24,177,238
183.04,175,225
183.85,174,221
184.65,174,220
185.45,146,230
186.25,132,238
187.06,118,244
187.86,111,239
188.66,100,242
189.45,109,240
190.24,114,240
191.03,109,242
191.82,106,241
192.61,112,243
193.39,123,233
194.18,128,226
194.97,131,227
195.76,152,233
196.55,163,232
197.34,168,237
198.17,171,235
198.98,172,235
199.78,173,226
200.59,200,227
201.40,214,229
202.20,228,227
203.01,235,228
203.81,238,225
204.62,240,223
205.43,881,217
206.23,866,222
207.04,866,226
207.84,881,227
208.63,913,233
209.43,928,240
210.22,913,234
211.01,928,229
211.80,928,214
212.60,928,224
213.39,648,226
214.18,632,232
214.97,616,230
215.77,539,224
216.56,539,230
217.35,523,232
218.11,523,231
218.88,523,231
219.64,523,229
220.41,523,231
221.17,523,232
221.94,523,231
222.70,523,234
223.47,523,234
224.23,523,228
225.00,507,232
225.76,499,229
226.51,495,231
227.32,493,231
228.12,484,232
228.93,480,231
229.74,478,231
230.55,485,230
231.35,523,223
232.16,601,229
232.97,601,236
233.78,601,232
234.58,632,233
235.39,616,235
236.22,632,238
237.01,632,235
237.80,601,233
238.59,632,236
239.38,632,235
240.17,632,232
240.95,648,235
241.74,648,237
242.53,663,232
243.32,663,237
244.11,648,236
244.90,648,237
245.69,663,237
246.48,663,238
247.28,663,236
248.07,663,237
248.86,663,236
249.66,648,235
250.45,648,235
251.25,648,239
252.04,663,237
252.83,663,237
253.63,648,237
254.42,648,236
255.18,648,234
255.97,648,236
256.76,648,235
257.55,648,233
258.34,648,235
259.13,632,238
259.92,632,234
260.71,601,224
261.50,585,226
262.29,570,226
263.08,570,230
263.87,554,228
264.70,554,229
265.49,539,231
266.28,523,233
267.07,523,233
267.86,507,231
268.65,507,230
269.44,499,232
270.23,487,229
271.02,481,233
271.81,470,230
272.60,457,233
273.39,451,231
274.14,433,233
274.95,424,234
275.75,419,233
276.56,417,235
277.37,409,232
278.18,405,234
278.98,403,233
279.79,402,233
280.60,401,233
281.41,393,234
282.21,397,234
283.02,391,234
283.81,396,234
284.61,398,233
285.42,380,233
286.22,390,234
287.02,402,233
287.83,401,232
288.63,393,232
289.44,389,235
290.24,387,233
291.04,386,235
291.85,393,234
292.65,404,232
293.44,417,222
294.23,803,221
295.03,819,222
295.82,835,225
296.61,835,224
297.40,850,228
298.20,866,228
298.99,881,236
299.78,866,237
300.57,772,228
301.37,757,229
302.16,523,212
302.95,507,210
303.77,757,214
304.59,803,213
305.41,788,184
306.23,445,148
307.05,445,180
307.87,423,197
308.69,426,129
309.51,413,171
310.33,421,155
311.15,363,145
311.97,188,193
312.73,188,215
313.53,168,220
314.33,171,220
315.13,172,225
315.93,160,228
316.73,167,231
317.52,158,229
318.32,153,229
319.12,151,231
319.92,162,232
320.72,155,231
321.52,152,232
322.32,150,234
323.11,162,233
323.90,168,231
324.69,171,231
325.48,172,230
326.27,173,226
327.05,173,224
327.84,173,219
328.63,180,215
329.42,177,206
330.21,476,210
331.00,484,148
331.79,480,168
332.61,486,171
333.42,554,225
334.24,554,229
335.06,554,233
335.88,539,232
336.69,539,233
337.51,539,231
338.33,539,233
339.15,539,237
339.96,523,234
340.78,523,231
341.57,539,232
342.36,539,232
343.16,523,233
343.95,523,233
344.74,539,232
345.53,523,231
346.33,523,234
347.12,507,230
347.91,499,219
348.70,386,227
349.50,374,230
350.29,368,235
351.08,358,238
351.83,360,233
352.58,361,234
353.32,373,226
354.07,379,221
354.82,492,231
355.57,507,235
356.32,523,234
357.07,523,227
357.81,554,214
358.56,523,211
359.31,507,219
0.14,401,223
0.91,382,217
1.69,359,161
2.46,340,119
3.24,338,187
4.01,337,200
4.79,539,223
5.56,539,230
6.34,539,236
7.11,539,234
7.89,539,232
8.66,539,235
9.45,539,231
10.25,554,233
11.04,554,236
11.84,554,231
12.63,585,213
13.43,309,221
14.22,302,230
15.02,298,223
15.81,303,215
16.61,585,219
17.40,363,216
18.20,356,219
18.96,346,224
19.75,334,232
20.54,321,221
21.33,315,214
22.12,298,211
22.91,290,211
23.70,286,211
24.49,284,210
25.28,289,221
26.07,285,235
26.86,283,240
27.65,289,232
28.45,292,223
29.24,445,230
30.03,445,232
30.82,437,232
31.61,426,235
32.40,420,234
33.18,410,238
33.97,405,234
34.76,403,232
35.55,402,235
36.34,394,234
37.13,390,234
37.79,376,233
38.58,369,232
39.38,366,232
40.17,364,232
40.96,356,235
41.75,352,234
42.55,344,232
43.34,340,230
44.13,331,234
44.92,333,233
45.72,327,235
46.51,331,238
47.30,320,233
48.09,321,232
48.88,321,234
49.67,315,236
50.46,318,235
51.25,313,234
52.05,311,235
52.84,310,237
53.63,302,237
54.42,298,237
55.21,296,236
56.00,295,238
56.79,295,235
57.58,295,239
58.37,295,238
59.16,295,238
59.95,295,235
60.74,288,237
61.52,285,238
62.31,283,237
63.10,282,235
63.89,282,236
64.68,282,240
65.47,282,237
66.30,275,240
67.11,278,239
67.91,280,235
68.72,281,237
69.53,274,236
70.34,271,235
71.14,276,236
71.95,272,237
72.76,277,237
73.57,279,236
74.37,280,235
75.18,281,228
75.93,281,235
76.70,281,236
77.48,281,238
78.25,268,237
79.03,268,239
79.80,268,238
80.58,268,233
81.35,261,235
82.13,228,232
82.90,221,236
83.68,224,230
84.45,233,235
85.31,230,232
86.10,239,234
86.89,243,233
87.68,262,231
88.47,258,231
89.26,270,232
90.04,276,236
90.83,272,234
91.62,277,237
92.41,272,233
93.20,277,236
93.99,272,237
94.79,263,236
95.55,265,237
96.32,260,238
97.08,257,237
97.84,242,238
98.61,245,236
99.37,236,235
100.14,240,235
100.90,234,235
101.66,238,236
102.43,233,236
103.19,237,237
103.99,241,236
104.81,244,237
105.64,246,239
106.46,250,238
107.28,252,239
108.10,253,240
108.93,260,236
109.75,264,238
110.57,266,240
111.39,267,241
112.22,267,236
113.04,274,238
113.80,284,238
114.59,289,235
115.39,292,234
116.18,307,218
116.97,294,93
117.76,242,122
118.56,235,203
119.35,231,217
120.14,229,222
120.93,228,220
121.73,228,214
122.52,238,211
123.27,240,211
124.06,234,210
124.86,238,211
125.65,233,210
126.45,237,213
127.24,239,215
128.04,233,225
128.83,224,227
129.63,226,216
130.42,227,214
131.22,234,227
132.01,231,233
132.76,236,225
133.55,240,218
134.35,254,212
135.14,254,210
135.93,254,177
136.72,242,190
137.52,255,177
138.31,242,138
139.10,255,138
139.89,261,132
140.69,271,168
141.48,263,151
142.58,265,151
143.37,266,180
144.16,280,151
144.96,281,103
145.75,74,54
146.54,144,48
147.33,282,132
148.12,282,158
148.91,302,126
149.71,298,151
150.50,317,135
151.29,313,174
152.08,311,174
152.88,310,164
153.69,316,171
154.49,326,161
155.29,317,145
156.10,585,225
156.90,585,226
157.71,336,221
158.51,329,222
159.31,332,229
160.12,327,231
160.92,324,233
161.68,323,234
162.48,316,234
163.27,312,233
164.07,310,235
164.86,309,235
165.66,315,233
166.45,325,235
167.25,330,233
168.04,333,226
168.84,1489,217
169.63,1489,229
170.43,1489,230
171.23,1505,211
172.06,6321,203
172.90,1489,218
173.73,1489,221
174.56,539,222
175.39,539,227
176.23,539,229
177.06,523,228
177.89,507,222
178.72,523,220
179.56,523,214
180.39,188,219
181.18,188,227
181.94,188,237
182.71,188,231
183.47,181,222
184.24,177,219
185.00,163,219
185.77,148,235
186.53,126,240
187.30,115,243
188.06,102,242
188.83,103,240
189.59,103,241
190.38,103,240
191.17,96,242
191.97,107,245
192.76,105,241
193.55,112,231
194.34,123,224
195.14,128,229
195.93,151,232
196.72,162,235
197.51,155,239
198.31,164,235
199.10,176,233
199.89,202,223
200.68,215,226
201.48,221,226
202.27,231,229
203.07,236,227
203.86,239,223
204.66,243,221
205.45,881,216
206.25,881,226
207.04,881,231
207.84,897,227
208.63,913,237
209.42,928,239
210.21,928,235
210.99,928,223
211.78,928,218
212.57,648,218
213.36,632,225
214.14,632,229
214.93,585,223
215.72,539,225
216.51,539,233
217.29,523,231
218.08,507,232
218.87,523,232
219.66,523,231
220.46,523,231
221.25,507,232
222.04,523,230
222.83,523,231
223.63,523,231
224.42,507,233
225.21,507,226
226.00,499,230
226.80,495,229
227.59,493,232
228.38,484,231
229.17,488,231
229.97,490,230
230.76,507,227
231.55,554,225
232.35,585,231
233.14,601,236
233.94,616,233
234.73,616,233
235.52,632,237
236.32,632,236
237.11,632,233
237.87,632,234
238.66,632,235
239.46,632,236
240.25,648,232
241.04,648,235
241.83,648,235
242.63,663,236
243.42,663,240
244.21,648,236
245.00,648,237
245.80,679,236
246.59,663,237
247.38,663,238
248.14,663,237
248.91,663,236
249.67,663,237
250.44,663,236
251.20,648,239
251.97,663,237
252.73,648,237
253.50,648,238
254.26,648,235
255.03,648,236
255.79,648,237
256.58,648,233
257.40,648,235
258.22,648,235
259.04,632,236
259.86,632,232
260.68,601,223
261.50,585,225
262.32,570,226
263.14,570,228
263.96,554,229
264.78,539,230
265.60,539,232
266.36,523,231
267.15,523,231
267.94,507,229
268.73,499,230
269.52,495,233
270.31,485,232
271.09,480,231
271.88,469,233
272.67,457,233
273.46,443,233
274.25,429,232
275.04,422,232
275.90,418,235
276.70,416,234
277.51,408,232
278.31,404,234
279.11,402,233
279.92,401,231
280.72,393,233
281.53,397,232
282.33,399,234
283.13,400,233
283.94,393,235
284.74,397,234
285.54,399,234
286.38,400,236
287.21,415,234
288.05,408,234
288.89,397,234
289.72,391,233
290.56,388,233
291.39,387,237
292.23,394,233
293.07,404,235
293.90,424,215
294.74,819,221
295.49,819,224
296.28,835,226
297.08,835,226
297.87,851,228
298.66,866,229
299.45,897,238
300.25,851,236
301.04,773,231
301.83,773,226
302.62,523,211
303.42,773,213
304.21,773,213
305.04,492,210
305.85,476,210
306.66,453,203
307.47,434,155
308.28,432,168
309.09,416,174
309.90,408,145
310.71,412,151
311.52,387,132
312.33,175,210
313.14,181,214
313.95,178,219
314.78,176,222
315.57,175,227
316.37,175,228
317.16,175,233
317.95,162,231
318.74,156,229
319.54,165,232
320.33,157,230
321.12,166,230
321.91,158,233
322.71,166,232
323.50,170,233
324.29,160,231
325.08,167,231
325.88,171,228
326.67,173,225
327.46,174,224
328.25,181,218
329.05,184,214
329.84,186,193
330.63,115,138
331.42,477,184
332.22,484,190
333.01,554,212
333.83,539,226
334.62,554,231
335.40,539,234
336.19,539,235
336.98,539,236
337.76,539,233
338.55,539,231
339.33,539,234
340.12,539,234
340.91,523,233
341.69,523,231
342.48,523,234
343.27,523,234
344.06,523,232
344.86,523,235
345.65,523,231
346.44,523,231
347.24,523,230
348.03,386,220
348.83,386,227
349.62,374,233
350.41,368,237
351.21,358,237
352.00,372,235
352.40,379,231
353.17,382,225
353.94,460,223
354.71,468,233
355.48,523,236
356.25,523,236
357.02,523,225
357.79,554,213
358.56,323,211
359.33,477,220
0.10,401,225
0.87,393,213
1.70,378,151
2.50,323,164
3.31,323,177
4.11,386,158
4.91,539,224
5.71,539,229
6.52,539,233
7.32,539,234
8.12,554,235
8.92,539,232
9.73,554,233
10.53,554,235
11.36,554,231
12.15,554,228
12.93,336,212
13.72,322,227
14.51,309,228
15.29,302,221
16.08,312,215
16.86,554,219
17.65,363,216
18.44,356,217
19.22,339,224
20.01,331,226
20.84,333,221
21.62,282,214
22.39,282,212
23.17,282,212
23.95,275,211
24.73,278,203
25.50,287,225
26.28,284,237
27.06,283,238
27.84,289,229
28.61,299,219
29.39,445,231
30.18,445,231
30.94,437,232
31.69,433,234
32.45,424,235
33.21,420,232
33.97,410,234
34.72,398,233
35.48,392,232
36.24,389,233
37.00,387,232
37.75,386,233
38.51,374,232
39.38,368,235
40.17,365,235
40.95,357,235
41.74,346,233
42.53,341,230
43.31,338,227
44.10,330,235
44.88,333,235
45.67,328,235
46.46,325,237
47.24,324,233
48.03,323,235
48.86,323,236
49.68,323,235
50.50,316,234
51.32,312,237
52.14,310,237
52.96,309,237
53.77,309,236
54.59,302,240
55.41,299,237
56.23,297,235
57.05,296,238
57.87,296,234
58.67,296,238
59.46,296,236
60.26,296,236
61.05,282,236
61.84,282,238
62.63,282,236
63.43,282,235
64.22,282,240
65.01,282,237
65.80,282,238
66.60,282,239
67.39,282,235
67.94,282,241
68.73,275,237
69.53,278,239
70.32,280,240
71.11,281,237
71.90,281,238
72.70,281,237
73.49,281,235
74.28,281,234
75.07,281,231
75.87,281,238
76.66,275,238
77.45,272,237
78.19,277,237
78.93,273,238
79.67,271,238
80.41,242,236
81.15,245,236
81.90,230,230
82.64,222,236
83.38,225,230
84.12,233,231
84.86,230,232
85.60,239,232
86.40,243,234
87.19,246,233
87.98,250,232
88.77,266,234
89.56,267,236
90.35,268,235
91.13,268,233
91.92,275,234
92.71,278,236
93.50,273,237
94.29,271,236
95.08,269,239
95.95,262,239
96.75,258,240
97.56,256,238
98.36,255,239
99.16,242,235
99.97,242,236
100.77,235,235
101.58,238,236
102.38,240,236
103.18,241,237
103.99,244,236
104.79,256,237
105.58,255,239
106.40,242,237
107.21,245,238
108.03,250,240
108.85,259,238
109.66,263,241
110.48,265,239
111.29,266,239
112.11,260,237
112.93,271,235
113.74,283,240
114.56,302,239
115.35,298,234
116.15,303,220
116.94,285,96
117.74,201,77
118.54,295,148
119.33,228,214
120.13,228,219
120.92,228,218
121.72,235,214
122.52,231,211
123.31,229,210
124.11,235,211
124.87,231,211
125.67,229,212
126.48,235,212
127.28,238,213
128.08,233,221
128.88,224,226
129.69,219,217
130.49,230,213
131.29,236,228
132.09,232,236
132.90,230,229
133.70,236,220
134.46,239,212
135.24,260,210
136.02,264,210
136.80,266,193
137.58,260,187
138.36,264,161
139.14,259,168
139.92,263,151
140.70,322,151
141.48,268,171
142.26,268,161
143.04,281,145
143.80,288,168
144.60,291,116
145.40,74,67
146.20,89,71
147.00,282,103
147.80,288,164
148.60,298,168
149.40,296,148
150.20,309,158
151.00,309,155
151.80,309,164
152.60,309,145
153.35,401,142
154.17,322,180
154.98,308,132
155.80,585,220
156.62,585,226
157.43,349,220
158.25,342,222
159.06,339,223
159.88,337,231
160.70,323,228
161.51,322,235
162.33,315,233
163.09,312,233
163.89,310,233
164.68,309,235
165.48,315,234
166.28,325,232
167.07,330,233
167.87,333,230
168.66,1505,215
169.46,1489,226
170.26,1489,227
171.05,1505,215
171.85,6305,212
172.65,1489,217
173.45,1489,220
174.24,539,220
175.04,539,225
175.84,539,230
176.63,523,230
177.43,507,226
178.22,523,224
179.02,523,219
179.82,188,218
180.61,188,224
181.41,181,234
182.16,177,235
182.97,163,223
183.79,189,220
184.60,181,220
185.41,157,231
186.23,138,241
187.04,128,243
187.86,108,241
188.67,106,239
189.48,105,242
190.30,104,240
191.11,111,241
191.97,115,244
192.76,117,241
193.55,125,233
194.34,149,226
195.13,161,230
195.92,167,232
196.71,170,232
197.50,172,240
198.29,173,236
199.08,173,229
199.87,194,225
200.66,211,226
201.45,226,230
202.24,234,229
203.03,238,229
203.82,240,225
204.61,243,221
205.40,881,216
206.20,881,221
206.99,881,231
207.78,897,226
208.57,913,236
209.36,913,237
210.15,928,233
210.94,928,224
211.73,928,215
212.53,632,217
213.32,648,229
214.11,632,229
214.91,554,226
215.70,539,227
216.50,539,232
217.29,523,232
218.08,523,230
218.88,523,229
219.67,523,232
220.46,523,231
221.25,507,232
222.04,523,231
222.83,523,232
223.62,523,230
224.41,507,232
225.20,507,228
225.99,499,233
226.78,495,230
227.57,485,231
228.36,480,230
229.15,478,232
229.94,485,233
230.75,507,225
231.55,554,223
232.36,585,233
233.17,601,238
233.97,632,234
234.78,616,234
235.58,632,238
236.39,632,235
237.20,632,233
238.00,632,233
238.81,632,233
239.61,632,238
240.39,632,232
241.17,648,235
241.95,663,234
242.73,663,235
243.51,663,233
244.29,663,233
245.07,663,239
245.85,679,234
246.63,663,239
247.41,663,237
248.19,663,237
248.98,663,237
249.77,663,233
250.56,648,238
251.35,648,237
252.14,663,237
252.93,663,236
253.72,648,237
254.51,648,235
255.30,648,235
256.09,648,234
256.88,648,234
257.67,648,234
258.46,648,237
259.25,632,238
260.03,632,227
260.82,601,225
261.61,585,227
262.40,570,228
263.18,570,230
263.97,554,228
264.76,539,230
265.55,539,230
266.33,523,229
267.12,523,231
267.91,507,230
268.70,507,229
269.50,499,232
270.29,487,231
271.08,481,231
271.87,463,231
272.67,454,232
273.46,442,233
274.25,436,232
275.04,425,232
275.84,420,234
276.63,410,235
277.58,405,234
278.37,395,233
279.17,398,232
279.96,399,233
280.75,400,235
281.54,400,233
282.34,400,233
283.13,400,235
283.92,400,234
284.71,400,234
285.51,400,233
286.30,400,238
287.09,415,233
287.94,408,235
288.78,397,232
289.63,391,232
290.48,388,234
291.32,387,234
292.17,401,234
293.01,415,234
293.86,430,214
294.71,819,221
295.55,819,223
296.40,835,226
297.19,835,226
297.98,850,227
298.78,866,233
299.57,881,236
300.36,850,237
301.15,757,229
301.95,757,222
302.74,523,211
303.53,757,212
304.32,757,214
305.12,459,211
305.91,452,174
306.71,448,210
307.51,431,145
308.32,423,177
309.12,419,210
309.92,363,155
310.72,363,132
311.53,119,148
312.33,153,187
313.13,163,216
313.93,168,222
314.74,158,223
315.54,166,223
316.37,157,228
317.16,165,231
317.94,157,230
318.73,153,231
319.52,163,232
320.30,156,232
321.09,152,232
321.87,150,234
322.66,162,232
323.45,168,232
324.23,171,232
325.02,172,231
325.85,173,227
326.65,173,226
327.44,180,225
328.24,184,218
329.04,199,213
329.83,207,190
330.63,476,151
331.42,467,171
332.22,471,184
333.02,570,212
333.81,539,226
334.61,539,232
335.37,554,234
336.19,539,233
337.00,539,233
337.82,539,233
338.64,539,232
339.46,539,233
340.27,539,233
341.09,523,235
341.91,523,235
342.73,523,233
343.54,523,234
344.36,523,231
345.19,523,230
345.90,523,234
346.62,523,235
347.33,523,229
348.04,386,222
348.76,374,227
349.47,368,229
350.19,365,234
350.90,364,238
351.61,375,235
352.33,380,231
353.04,383,226
353.87,459,224
354.66,523,233
355.46,523,236
356.25,523,231
357.04,523,227
357.84,539,214
358.63,539,211
359.43,459,220
0.22,401,224
1.01,382,216
1.81,406,158
2.60,322,151
3.40,335,180
4.18,554,148
4.95,539,226
5.73,539,233
6.51,539,235
7.28,539,235
8.06,539,234
8.83,539,234
9.61,554,236
10.39,554,233
11.16,554,236
11.94,554,228
12.73,585,212
13.52,309,225
14.31,302,231
15.10,298,221
15.89,303,216
16.68,585,217
17.48,363,220
18.27,356,216
19.06,346,222
19.85,334,228
20.64,328,221
21.43,338,211
22.26,268,211
23.04,275,211
23.81,278,213
24.59,286,210
25.37,284,221
26.14,276,237
26.92,279,238
27.69,280,230
28.47,294,222
29.25,445,229
30.02,445,234
30.80,437,234
31.59,426,231
32.36,420,231
33.14,410,234
33.91,412,235
34.68,406,235
35.46,403,231
36.23,394,235
37.01,390,235
37.78,376,230
38.55,369,235
39.33,366,232
40.10,364,235
40.89,356,235
41.68,352,233
42.48,344,229
43.27,340,227
44.06,331,232
44.86,333,237
45.65,327,234
46.45,324,236
47.24,323,234
48.03,322,233
48.83,322,234
49.62,322,234
50.42,322,235
51.23,315,235
52.03,312,236
52.84,303,238
53.64,299,238
54.45,304,238
55.25,306,239
56.06,300,237
56.86,297,236
57.67,296,238
58.47,295,236
59.28,295,237
60.08,295,238
60.87,281,235
61.66,281,236
62.45,281,238
63.24,281,236
64.03,281,238
64.82,281,237
65.61,281,238
66.40,274,238
67.19,278,239
67.98,280,236
68.77,281,238
69.56,274,237
70.35,278,237
71.14,280,239
71.93,281,235
72.72,281,238
73.51,281,237
74.30,281,236
75.09,281,234
75.88,281,234
76.67,274,241
77.46,278,236
78.25,273,237
79.12,270,236
79.87,262,235
80.63,258,236
81.38,241,233
82.13,234,233
82.89,224,232
83.64,226,231
84.40,227,233
85.15,227,233
85.90,234,232
86.66,237,235
87.41,252,230
88.24,267,229
89.03,274,232
89.83,278,235
90.62,280,233
91.41,281,237
92.21,274,237
93.00,278,239
93.80,280,238
94.59,274,237
95.38,271,238
96.18,263,239
96.97,259,239
97.94,257,236
98.73,241,234
99.52,244,236
100.31,242,235
101.10,235,234
101.89,231,236
102.68,229,237
103.47,235,238
104.26,240,238
105.05,243,237
105.84,242,237
106.63,245,241
107.49,256,239
108.26,255,237
109.02,261,239
109.79,264,238
110.56,259,237
111.33,263,239
112.09,265,236
112.86,273,238
113.63,284,240
114.40,303,235
115.16,306,234
115.93,321,218
116.76,328,116
117.55,268,113
118.35,241,138
119.14,234,214
119.93,231,218
120.73,229,217
121.52,228,213
122.32,228,211
123.11,234,203
123.90,231,211
124.70,237,212
125.49,232,212
126.25,230,212
127.07,235,213
127.88,231,220
128.70,223,227
129.51,219,218
130.33,223,214
131.14,232,226
131.96,236,235
132.77,238,227
133.59,239,219
134.40,253,212
135.22,241,210
136.05,244,210
136.84,242,158
137.63,255,155
138.42,241,190
139.21,254,168
140.00,261,168
140.79,264,164
141.58,273,193
142.37,270,161
143.16,276,184
143.95,272,164
144.74,263,96
145.57,188,67
146.36,309,51
147.16,302,109
147.95,298,164
148.74,303,148
149.54,299,138
150.33,304,122
151.13,299,161
151.92,297,132
152.71,303,164
153.51,312,132
154.30,317,180
155.06,313,161
155.88,585,224
156.70,585,228
157.52,336,222
158.34,336,223
159.16,336,226
159.97,336,231
160.79,329,231
161.61,325,236
162.43,323,235
163.25,316,234
164.07,305,235
164.86,307,234
165.67,314,234
166.47,311,232
167.28,323,235
168.09,329,228
168.89,1505,215
169.70,1489,227
170.50,1489,230
171.31,1505,213
172.12,6305,211
172.92,1489,216
173.73,1489,221
174.56,538,221
175.35,538,227
176.14,538,230
176.93,523,231
177.72,523,227
178.51,507,223
179.30,538,215
180.09,188,219
180.88,188,226
181.67,181,232
182.46,177,234
183.25,175,224
184.05,188,218
184.87,188,219
185.68,161,233
186.50,132,237
187.31,125,244
188.13,122,240
188.94,105,242
189.76,97,241
190.57,100,239
191.39,109,243
192.20,114,244
193.02,116,240
193.82,117,229
194.60,125,225
195.38,149,231
196.16,168,233
196.94,171,234
197.72,172,239
198.50,173,237
199.28,180,226
200.06,197,224
200.84,212,226
201.62,226,228
202.40,233,229
203.19,237,227
203.98,239,226
204.77,240,218
205.56,881,220
206.35,881,227
207.14,881,228
207.93,897,227
208.72,912,240
209.51,928,235
210.30,928,234
211.09,928,219
211.88,928,220
212.67,647,221
213.48,632,226
214.28,632,229
215.09,554,227
215.90,538,228
216.70,523,233
217.51,523,231
218.31,523,230
219.12,523,233
219.93,507,232
220.73,523,230
221.54,523,233
222.30,507,229
223.09,523,232
223.89,523,230
224.68,507,229
225.47,507,229
226.27,499,230
227.06,487,232
227.86,481,231
228.65,478,233
229.44,485,230
230.24,507,230
231.03,523,227
231.86,585,227
232.67,601,235
233.49,616,233
234.30,632,233
235.11,616,232
235.92,632,237
236.74,632,234
237.55,632,233
238.36,632,235
239.17,616,235
239.99,632,234
240.80,647,231
241.59,647,237
242.35,663,237
243.12,663,239
243.88,647,237
244.64,647,238
245.41,663,239
246.17,663,235
246.94,663,238
247.70,663,238
248.46,663,237
249.23,663,235
249.99,647,235
250.79,647,237
251.58,663,239
252.38,663,238
253.17,647,236
253.96,647,238
254.75,647,232
255.55,647,236
256.34,647,233
257.13,647,235
257.92,647,235
258.72,647,234
259.51,632,241
260.31,616,227
261.10,585,225
261.89,585,226
262.68,570,229
263.47,554,227
264.26,554,228
265.05,538,230
265.84,538,230
266.63,523,229
267.42,507,231
268.21,507,227
269.00,499,231
269.79,495,228
270.60,485,231
271.40,480,233
272.21,462,232
273.02,453,234
273.82,441,235
274.63,435,234
275.43,425,233
276.24,420,235
277.05,417,234
277.85,409,235
278.66,405,232
279.41,383,233
280.21,384,234
281.00,392,234
281.80,396,234
282.60,391,233
283.40,396,236
284.19,398,235
284.99,399,234
285.79,400,233
286.59,407,234
287.38,411,234
288.18,406,233
288.97,396,235
289.79,391,234
290.60,376,236
291.42,388,234
292.24,401,234
293.05,415,229
293.87,819,218
294.68,819,225
295.50,835,223
296.32,835,227
297.13,850,225
297.95,850,230
298.78,881,231
299.60,866,237
300.41,835,236
301.23,757,232
302.05,788,218
302.86,772,210
303.68,757,214
304.49,772,214
305.31,803,210
306.13,445,174
306.94,430,177
307.76,422,206
308.51,411,190
309.31,406,168
310.11,396,193
310.91,391,197
311.71,370,171
312.51,215,212
313.31,194,217
314.11,184,221
314.91,166,224
315.71,170,228
316.51,159,227
317.31,166,227
318.07,157,231
318.86,165,231
319.66,157,231
320.45,165,234
321.24,149,229
322.04,161,233
322.83,155,229
323.63,164,230
324.42,156,228
325.21,165,231
326.01,169,227
326.80,171,228
327.63,179,221
328.42,183,215
329.21,178,212
330.00,445,190
330.79,460,210
331.58,507,168
332.37,491,164
333.16,570,218
333.95,538,229
334.74,554,233
335.53,538,232
336.32,554,233
337.47,538,233
338.27,538,232
339.06,538,232
339.86,538,231
340.66,538,233
341.45,523,232
342.25,538,230
343.04,523,233
343.84,523,233
344.64,523,233
345.43,523,233
346.23,523,232
346.99,523,231
347.73,523,227
348.46,386,223
349.20,374,232
349.94,368,235
350.68,365,235
351.41,363,235
352.15,374,236
352.89,380,227
353.63,371,221
354.36,476,228
355.10,507,234
355.93,523,235
356.72,523,231
357.51,523,222
358.30,336,211
359.09,476,213
359.88,453,220
0.67,386,223
1.46,386,212
2.25,268,145
3.04,288,132
3.83,312,151
4.62,554,214
5.42,538,231
6.18,538,235
6.95,538,234
7.71,538,235
8.47,538,236
9.24,554,234
10.00,554,235
10.77,554,236
11.53,554,234
12.29,570,223
13.06,309,212
13.82,302,226
14.61,298,227
15.38,296,219
16.16,309,215
16.93,362,219
17.70,362,221
18.48,355,218
19.25,338,228
20.03,330,227
20.80,333,217
21.57,314,212
22.35,298,212
23.12,290,211
23.91,279,211
24.70,287,200
25.50,284,231
26.29,283,239
27.08,282,235
27.88,288,228
28.67,430,223
29.47,437,230
30.26,441,231
31.05,435,232
31.85,425,236
32.64,420,235
33.43,417,232
34.22,409,234
35.02,405,231
35.81,395,231
36.60,390,232
37.40,388,231
38.19,375,235
38.99,368,235
39.78,365,233
40.57,357,232
41.37,353,234
42.16,351,232
42.91,343,231
43.71,339,231
44.51,330,236
45.31,326,234
46.11,324,236
46.91,323,233
47.71,322,233
48.51,315,236
49.31,318,238
50.11,320,235
50.91,314,236
51.71,311,234
52.47,310,235
53.26,309,233
54.05,309,236
54.84,309,236
55.63,302,237
56.42,298,237
57.21,290,235
58.00,292,240
58.79,293,236
59.58,294,238
60.37,281,234
61.16,281,236
61.95,281,238
62.72,281,239
63.50,274,237
64.27,271,237
65.04,269,237
65.82,275,236
66.59,278,237
67.37,273,239
68.14,277,239
68.91,279,237
69.69,280,239
70.46,281,239
71.22,281,241
72.02,281,235
72.82,281,237
73.62,281,236
74.42,274,232
75.22,278,231
76.02,280,236
76.82,274,235
77.62,278,235
78.42,273,236
79.22,277,238
80.02,272,235
80.78,263,236
81.54,241,232
82.30,234,233
83.06,224,233
83.82,226,231
84.58,227,232
85.34,234,231
86.10,251,234
86.86,259,232
87.62,270,233
88.38,276,233
89.14,279,233
89.97,280,236
90.77,281,236
91.58,274,236
92.38,271,236
93.18,276,237
93.98,272,237
94.79,270,237
95.59,262,239
96.39,258,237
97.19,256,240
98.00,255,238
98.80,241,237
99.56,241,235
100.36,241,236
101.15,244,235
101.95,242,237
102.75,245,236
103.54,243,236
104.34,246,238
105.13,237,237
105.93,241,239
106.73,254,238
107.52,261,238
108.32,258,237
109.12,256,240
109.92,255,240
110.73,241,238
111.53,254,238
112.33,261,237
113.13,271,235
113.94,290,240
114.74,292,231
115.54,307,230
116.34,308,210
117.15,295,119
117.95,241,122
118.78,241,211
119.57,234,218
120.35,231,218
121.14,236,216
121.93,225,212
122.71,232,210
123.50,295,193
124.28,228,211
125.07,228,212
125.86,234,211
126.64,237,211
127.43,232,214
128.22,230,224
129.02,222,223
129.81,225,215
130.61,233,219
131.41,237,233
132.21,232,233
133.00,236,222
133.80,238,215
134.60,239,210
135.40,243,187
136.19,246,210
136.99,257,155
137.75,262,161
138.55,258,145
139.36,270,164
140.16,269,135
140.96,268,148
141.76,268,164
142.57,275,168
143.37,278,161
144.17,280,190
144.97,287,74
145.78,74,61
146.58,295,80
147.44,295,148
148.23,302,168
149.02,298,168
149.81,290,158
150.60,292,148
151.39,293,138
152.19,294,129
152.98,301,177
153.77,311,174
154.56,323,171
155.35,585,212
156.14,601,230
156.93,585,223
157.74,336,223
158.54,336,221
159.35,336,232
160.16,336,232
160.96,329,233
161.77,319,237
162.57,314,234
163.38,311,236
164.19,310,235
164.99,309,237
165.80,322,236
166.56,322,235
167.39,329,235
168.22,345,221
169.06,1489,221
169.89,1489,232
170.72,1489,228
171.55,6321,214
172.38,1271,190
173.21,1489,223
174.05,1505,218
174.88,538,226
175.71,538,229
176.54,538,232
177.33,523,227
178.11,507,222
178.90,523,221
179.69,174,212
180.48,174,221
181.26,181,226
182.05,177,237
182.84,175,232
183.63,174,221
184.41,174,219
185.20,174,219
185.99,154,236
186.80,136,242
187.61,127,243
188.42,108,241
189.23,106,240
190.04,105,241
190.85,104,240
191.66,104,244
192.47,104,242
193.28,111,240
194.09,122,227
194.90,128,225
195.69,151,234
196.47,162,232
197.25,168,236
198.03,171,240
198.81,172,234
199.59,186,226
200.37,207,224
201.15,224,227
201.93,232,227
202.71,236,225
203.49,238,228
204.27,242,223
205.03,241,216
205.82,866,219
206.62,866,225
207.41,881,229
208.20,897,230
209.00,912,241
209.79,928,234
210.59,928,235
211.38,928,218
212.17,928,220
212.97,647,224
213.76,632,229
214.55,616,229
215.34,538,226
216.12,538,229
216.91,538,231
217.70,523,232
218.48,523,231
219.27,523,233
220.05,507,230
220.84,523,230
221.63,523,232
222.41,523,233
223.20,523,233
224.00,507,231
224.80,507,232
225.59,499,226
226.39,495,232
227.19,485,232
227.98,488,233
228.78,482,231
229.57,487,233
230.37,489,231
231.17,523,225
231.96,570,227
232.76,601,235
233.51,616,233
234.30,632,232
235.10,601,234
235.89,616,236
236.68,632,235
237.48,632,234
238.27,616,237
239.07,632,231
239.86,632,235
240.65,632,233
241.45,647,237
242.24,663,233
243.07,663,238
243.83,647,236
244.58,647,236
245.34,663,238
246.10,679,237
246.86,663,236
247.61,663,237
248.37,663,237
249.13,663,238
249.89,663,236
250.64,648,237
251.40,648,238
252.19,663,239
252.99,663,236
253.78,648,238
254.58,648,234
255.38,648,235
256.18,648,237
256.97,648,236
257.77,648,233
258.57,648,237
259.37,632,238
260.16,616,228
260.96,601,225
261.71,585,227
262.52,570,228
263.32,554,230
264.13,554,230
264.94,539,229
265.74,523,229
266.55,523,230
267.35,523,230
268.16,507,230
268.97,499,231
269.77,495,232
270.58,485,232
271.41,480,234
272.22,462,230
273.04,453,233
273.85,441,231
274.66,435,233
275.47,425,236
276.29,420,236
277.10,410,234
277.91,405,232
278.72,403,233
279.54,394,233
280.35,390,235
281.11,376,234
281.91,388,235
282.70,387,234
283.50,394,234
284.30,397,234
285.10,399,234
285.89,400,233
286.69,400,234
287.49,415,235
288.29,408,235
289.08,397,234
289.88,391,233
290.67,388,235
291.48,394,235
292.29,397,234
293.10,406,233
293.91,819,217
294.72,819,223
295.52,819,223
296.33,835,225
297.14,835,226
297.95,850,228
298.76,866,231
299.57,866,236
300.33,850,237
301.12,772,230
301.90,772,223
302.69,523,211
303.48,741,212
304.26,772,214
305.05,772,211
305.83,445,200
306.62,437,190
307.41,441,190
308.19,421,142
308.98,411,168
309.78,387,148
310.58,386,142
311.37,374,158
312.17,174,211
312.97,161,215
313.76,167,221
314.56,170,223
315.35,172,227
316.15,160,227
316.95,167,231
317.74,158,230
318.54,166,230
319.33,157,231
320.12,153,235
320.92,151,234
321.71,150,234
322.50,162,233
323.30,168,230
324.09,158,230
324.89,166,230
325.68,170,228
326.47,172,226
327.27,173,221
328.06,173,219
328.86,153,212
329.69,459,174
330.52,467,164
331.34,463,184
332.17,469,200
333.00,570,214
333.83,554,227
334.66,539,230
335.49,554,232
336.31,539,232
337.14,539,234
337.97,539,232
338.80,539,234
339.59,539,231
340.38,539,233
341.17,539,231
341.96,539,232
342.75,523,233
343.53,523,232
344.32,523,233
345.11,523,234
345.90,523,235
346.69,523,231
347.48,523,230
348.24,386,222
348.99,386,229
349.74,374,233
350.49,368,235
351.24,358,235
351.99,372,236
352.75,379,228
353.50,382,224
354.25,476,225
355.00,507,234
355.75,523,236
356.50,523,230
357.29,523,225
358.08,554,190
358.88,492,213
359.67,430,220
0.46,408,221
1.25,322,210
2.05,329,122
2.84,325,187
3.63,330,168
4.42,507,212
5.22,539,230
6.01,539,231
6.80,539,233
7.59,539,232
8.37,539,235
9.16,539,233
9.95,554,235
10.74,554,233
11.52,554,235
12.31,570,223
13.10,309,213
13.89,309,231
14.67,302,226
15.46,298,218
16.26,303,215
17.04,585,217
17.83,363,220
18.61,356,218
19.39,339,229
20.18,330,229
20.96,333,217
21.75,282,211
22.53,282,211
23.31,282,212
24.10,275,211
24.88,285,210
25.60,283,234
26.39,269,236
27.19,275,240
27.98,285,231
28.77,401,221
29.56,423,231
30.36,426,233
31.15,428,234
31.94,421,230
32.73,418,234
33.53,416,233
34.32,408,231
35.18,397,233
35.95,399,233
36.73,392,235
37.50,389,230
38.28,376,233
39.05,369,232
39.83,366,235
40.60,357,232
41.38,353,233
42.15,344,233
42.93,340,229
43.70,338,231
44.49,337,234
45.28,329,234
46.07,325,234
46.86,323,235
47.65,322,235
48.44,322,235
49.24,322,234
50.03,315,235
50.82,312,235
51.61,310,236
52.40,309,235
53.19,309,235
53.98,309,236
54.78,309,236
55.57,302,238
56.37,298,235
57.16,296,233
57.96,295,235
58.75,295,239
59.55,295,238
60.34,281,235
61.14,281,238
61.93,281,235
62.73,281,238
63.49,281,236
64.28,281,239
65.07,281,237
65.86,274,237
66.65,278,236
67.44,273,240
68.24,277,239
69.03,279,236
69.82,280,235
70.61,281,238
71.40,281,236
72.19,281,236
72.98,281,236
73.77,281,234
74.56,281,232
75.36,281,230
76.15,281,238
76.94,274,238
77.73,271,237
78.52,269,238
79.31,268,236
80.11,242,236
80.90,242,235
81.69,235,235
82.43,225,231
83.23,220,233
84.02,231,230
84.82,236,231
85.61,232,230
86.41,237,235
87.20,241,232
88.00,261,232
88.79,264,232
89.59,273,236
90.38,277,233
91.18,272,234
91.98,270,235
92.76,269,236
93.53,275,237
94.31,278,236
95.09,273,238
95.87,264,241
96.64,259,240
97.42,242,237
98.20,245,237
98.98,243,236
99.75,235,236
100.53,238,236
101.36,242,237
102.15,245,238
102.94,250,237
103.73,242,238
104.52,245,237
105.31,243,236
106.09,242,237
106.88,245,237
107.67,250,239
108.46,252,240
109.25,253,241
110.04,260,239
110.79,264,239
111.61,259,239
112.43,263,239
113.25,272,237
114.07,283,241
114.89,296,231
115.72,302,229
116.54,319,155
117.36,415,67
118.18,268,109
119.00,242,213
119.82,235,218
120.61,231,221
121.38,229,216
122.16,235,213
122.93,238,211
123.70,240,211
124.48,243,211
125.25,235,213
126.03,238,211
126.80,240,213
127.57,234,218
128.35,231,226
129.12,223,222
129.99,232,214
130.78,237,221
131.57,239,232
132.36,233,232
133.15,237,222
133.94,239,214
134.72,253,211
135.51,260,187
136.30,257,203
137.09,269,168
137.88,268,174
138.67,261,122
139.46,258,148
140.26,309,177
141.07,295,148
141.87,281,187
142.67,281,161
143.48,274,210
144.28,278,161
145.09,293,93
145.89,119,61
146.69,111,64
147.50,309,145
148.30,309,174
149.09,302,197
149.90,298,164
150.70,296,122
151.51,302,145
152.32,298,126
153.13,303,180
153.93,306,180
154.74,314,184
155.55,585,214
156.36,585,229
157.16,585,219
157.97,336,223
158.76,329,222
159.55,332,232
160.35,327,229
161.14,324,232
161.93,316,238
162.72,312,233
163.52,310,232
164.31,309,234
165.10,309,233
165.89,322,233
166.69,329,232
167.48,332,233
168.27,340,223
169.07,1489,222
169.88,1489,230
170.68,1489,225
171.48,6337,213
172.29,1505,211
173.09,1489,220
173.90,1505,217
174.70,523,224
175.50,539,227
176.31,523,229
177.11,523,228
177.91,523,223
178.70,507,219
179.49,149,214
180.29,168,223
181.08,171,226
181.87,172,239
182.66,180,230
183.45,164,222
184.24,182,221
185.04,198,220
185.83,166,237
186.62,142,243
187.43,123,243
188.22,113,241
189.01,108,243
189.80,106,240
190.59,97,242
191.38,100,243
192.16,102,242
192.95,110,238
193.74,114,229
194.53,124,225
195.32,149,234
196.11,161,231
196.87,167,235
197.68,170,238
198.49,172,236
199.30,180,230
200.11,211,224
200.92,226,230
201.73,234,228
202.54,238,228
203.35,240,225
204.16,241,224
204.97,241,218
205.78,881,217
206.57,881,226
207.37,881,229
208.16,897,228
208.96,913,239
209.76,928,233
210.55,928,233
211.35,928,219
212.14,928,219
212.94,648,220
213.74,632,226
214.53,632,232
215.33,554,226
216.08,539,227
216.87,539,231
217.66,523,231
218.45,523,230
219.24,523,231
220.03,523,231
220.83,523,232
221.62,523,231
222.41,523,233
223.20,523,232
223.99,507,231
224.78,507,229
225.61,507,227
226.38,507,231
227.16,499,231
227.93,495,231
228.70,485,231
229.48,488,233
230.25,507,233
231.03,507,225
231.80,570,224
232.57,601,231
233.35,616,237
234.12,632,232
234.92,616,233
235.71,632,237
236.50,632,235
237.30,632,235
238.09,632,234
238.88,632,235
239.67,632,235
240.46,648,234
241.25,648,235
242.05,663,235
242.84,663,236
243.63,663,237
244.43,648,235
245.22,663,237
246.01,679,234
246.80,663,239
247.59,663,237
248.38,663,237
249.17,663,235
249.96,648,237
250.75,648,237
251.54,663,237
252.33,663,238
253.12,648,236
253.91,648,234
254.71,648,237
255.52,648,236
256.32,648,233
257.13,648,238
257.93,648,235
258.74,648,236
259.54,632,241
260.35,616,228
261.15,601,226
261.96,585,226
262.76,570,226
263.55,570,228
264.35,554,230
265.14,539,231
265.94,539,231
266.73,523,231
267.53,507,229
268.32,507,232
269.12,499,231
269.91,495,231
270.71,485,234
271.50,472,234
272.30,458,232
273.06,451,230
273.86,440,233
274.67,427,234
275.47,421,234
276.27,418,236
277.08,409,233
277.88,405,232
278.69,403,234
279.49,402,232
280.29,401,234
281.10,393,233
281.90,397,233
282.69,399,234
283.48,392,235
284.28,389,235
285.07,395,235
285.86,390,232
286.65,402,235
287.45,408,233
288.24,397,234
289.03,391,234
289.82,388,234
290.62,375,235
291.41,388,237
292.65,401,232
293.45,408,227
294.24,803,220
295.04,819,223
295.83,819,224
296.63,835,226
297.42,850,226
298.22,850,228
299.01,881,234
299.81,866,235
300.60,850,233
301.40,757,232
302.16,788,215
302.95,539,211
303.73,772,213
304.52,772,212
305.31,788,210
306.10,445,126
306.88,437,177
307.67,433,158
308.46,439,164
309.25,386,151
310.03,374,155
310.82,59,103
311.61,401,164
312.40,174,213
313.20,181,218
313.99,165,220
314.78,169,227
315.57,171,227
316.37,172,226
317.16,173,230
317.95,161,231
318.74,167,232
319.54,158,234
320.33,166,233
321.15,170,231
321.94,159,232
322.74,166,230
323.53,170,231
324.32,172,229
325.11,173,227
325.91,173,228
326.70,173,224
327.49,173,221
328.28,180,216
329.08,177,211
329.87,163,174
330.66,476,164
331.51,476,190
332.36,484,171
333.20,554,220
334.05,554,229
334.90,539,232
335.75,554,231
336.60,539,230
337.45,539,234
338.29,539,233
339.14,539,232
339.99,539,233
340.75,539,231
341.54,523,236
342.34,539,233
343.13,523,232
343.93,523,230
344.72,523,233
345.52,523,233
346.31,523,231
347.11,523,232
347.90,523,223
348.70,386,225
349.49,374,230
350.24,368,234
350.96,365,235
351.68,364,234
352.40,375,236
353.12,380,227
353.84,371,220
354.57,492,231
355.29,507,234
356.01,523,233
356.73,523,229
357.45,539,217
358.17,295,210
359.00,459,217
359.79,452,223
0.59,386,220
1.38,336,193
2.17,329,177
2.96,325,158
3.76,344,161
4.55,554,218
5.34,539,230
6.13,539,232
6.93,539,236
7.72,539,235
8.48,539,231
9.27,539,234
10.07,554,233
10.86,554,235
11.65,554,232
12.45,585,213
13.24,309,220
14.04,302,229
14.83,298,225
15.62,303,214
16.42,585,217
17.21,363,215
18.04,356,219
18.82,346,222
19.61,334,233
20.39,328,225
21.17,338,214
21.95,316,212
22.74,305,212
23.52,293,212
24.30,280,210
25.08,287,212
25.87,284,238
26.65,283,239
27.48,289,234
28.28,292,229
29.07,445,225
29.87,445,230
30.67,437,232
31.47,426,234
32.26,420,233
33.06,417,235
33.86,409,234
34.66,405,235
35.45,403,236
36.25,394,235
37.01,390,233
37.82,388,233
38.62,375,233
39.43,369,236
40.24,366,233
41.04,364,236
41.85,356,234
42.65,352,235
43.46,344,229
44.27,340,233
45.07,331,235
45.88,333,232
46.67,321,236
47.42,321,235
48.16,315,234
48.91,312,237
49.66,317,234
50.41,313,236
51.15,311,237
51.90,310,238
52.65,309,234
53.40,309,238
54.14,309,238
54.89,309,237
55.64,302,237
56.44,298,235
57.23,296,237
58.03,295,237
58.83,295,238
59.63,295,239
60.42,295,237
61.22,281,238
62.02,274,238
62.82,278,238
63.61,280,238
64.41,281,237
65.21,281,238
66.00,281,237
66.79,281,237
67.58,281,238
68.37,281,237
69.16,281,236
69.94,274,237
70.73,278,237
71.52,280,238
72.31,281,236
73.10,274,236
73.89,278,234
74.69,280,234
75.44,281,230
76.19,281,236
76.94,274,236
77.69,271,237
78.44,269,238
79.19,268,235
79.94,261,236
80.69,264,235
81.44,259,235
82.19,215,235
82.94,215,233
83.69,221,232
84.49,224,235
85.28,226,230
86.08,233,233
86.88,238,232
87.68,260,228
88.47,271,231
89.27,276,233
90.07,265,231
90.87,273,236
91.66,271,236
92.46,270,234
93.26,269,239
94.04,269,236
94.82,269,236
95.60,262,239
96.38,258,241
97.16,256,237
97.93,228,236
98.71,234,236
99.49,239,236
100.27,240,237
101.05,234,237
101.83,239,237
102.59,233,237
103.38,238,239
104.17,242,237
104.96,245,238
105.75,250,238
106.54,252,238
107.34,253,237
108.13,254,238
108.92,261,237
109.71,265,241
110.50,267,239
111.29,268,237
112.08,268,238
112.87,275,237
113.66,285,239
114.45,290,235
115.24,299,235
116.03,317,215
116.82,299,106
117.61,242,103
118.40,245,210
119.19,236,217
119.98,232,221
120.77,230,218
121.60,229,215
122.40,228,212
123.21,228,210
124.01,228,197
124.81,235,212
125.61,238,211
126.42,240,212
127.22,234,214
128.02,231,225
128.82,223,228
129.63,225,216
130.43,233,215
131.22,230,230
132.01,229,233
132.81,235,224
133.60,238,218
134.39,240,212
135.19,254,187
135.98,268,168
136.78,275,174
137.57,272,171
138.36,270,148
139.16,262,122
139.95,272,138
140.71,270,142
141.55,269,190
142.38,282,193
143.22,282,174
144.05,289,151
144.89,279,119
145.72,105,77
146.56,309,54
147.39,309,161
148.23,289,158
149.06,299,151
149.90,304,145
150.70,300,171
151.49,318,145
152.28,313,168
153.07,304,155
153.86,306,180
154.65,321,145
155.43,335,184
156.22,586,227
157.01,586,226
157.80,336,224
158.59,336,222
159.38,336,229
160.17,336,233
160.96,329,234
161.76,326,236
162.55,324,236
163.35,316,232
164.14,312,233
164.94,310,233
165.73,323,234
166.53,329,234
167.32,332,233
168.12,340,221
168.91,1490,220
169.70,1474,230
170.50,1490,228
171.31,6352,211
172.11,6321,158
172.91,1490,219
173.71,1490,220
174.52,523,221
175.32,539,226
176.12,523,232
176.92,523,230
177.73,508,224
178.53,523,222
179.32,554,213
180.15,188,222
180.99,188,227
181.82,188,237
182.65,181,231
183.48,178,222
184.32,176,220
185.15,175,222
185.98,147,235
186.81,141,238
187.65,123,243
188.48,106,243
189.24,105,238
190.03,105,240
190.83,97,238
191.62,93,240
192.41,99,241
193.21,102,237
194.00,118,228
194.80,134,228
195.59,154,233
196.38,164,232
197.18,169,234
197.97,172,237
198.80,173,237
199.59,180,229
200.38,197,224
201.17,212,226
201.96,227,227
202.75,234,229
203.53,238,226
204.32,240,225
205.11,243,217
205.90,882,220
206.69,866,227
207.48,882,230
208.28,897,227
209.07,913,240
209.87,913,236
210.66,928,231
211.45,928,217
212.25,944,218
213.04,648,225
213.84,632,228
214.63,586,224
215.42,539,226
216.22,539,230
217.01,539,234
217.76,523,233
218.56,523,232
219.35,523,229
220.15,523,230
220.95,523,233
221.75,523,233
222.54,523,233
223.34,539,230
224.14,523,229
224.94,508,231
225.73,508,226
226.53,500,229
227.32,496,230
228.12,494,233
228.92,485,232
229.72,488,232
230.52,490,231
231.32,508,226
232.11,539,225
232.91,601,230
233.71,617,231
234.51,617,232
235.31,632,237
236.11,632,235
236.91,632,237
237.70,632,233
238.50,632,234
239.29,632,238
240.08,632,234
240.88,648,237
241.67,648,235
242.47,664,235
243.26,648,238
244.05,664,238
244.85,648,236
245.64,679,236
246.43,664,233
247.21,679,236
247.98,664,236
248.76,664,240
249.54,664,236
250.31,648,238
251.09,648,237
251.86,664,237
252.64,664,239
253.42,648,237
254.19,648,237
254.97,648,236
255.77,648,236
256.56,648,235
257.35,648,235
258.14,648,233
258.93,648,236
259.72,632,237
260.50,617,224
261.29,586,224
262.08,586,223
262.87,570,227
263.66,554,230
264.45,554,232
265.28,539,231
266.07,523,231
266.85,523,230
267.64,508,229
268.43,508,230
269.22,500,230
270.00,488,231
270.79,482,230
271.58,471,231
272.37,458,234
273.15,451,233
273.94,433,236
274.77,424,234
275.60,420,233
276.44,418,235
277.27,409,234
278.10,405,232
278.93,395,233
279.77,398,234
280.60,392,232
281.43,396,234
282.26,391,234
283.10,388,234
283.93,394,232
284.72,397,233
285.51,399,233
286.30,400,233
287.09,408,233
287.88,404,233
288.67,395,235
289.46,390,234
290.25,388,233
291.04,387,233
291.83,394,236
292.62,405,233
293.41,417,225
294.20,819,221
294.99,819,224
295.79,835,227
296.58,835,226
297.37,851,226
298.17,866,226
298.96,897,234
299.76,866,238
300.55,819,230
301.34,757,234
302.14,523,213
302.93,523,211
303.73,773,213
304.54,773,212
305.34,773,210
306.15,430,184
306.95,430,145
307.76,423,168
308.56,419,138
309.37,410,200
310.17,405,142
310.98,384,158
311.78,309,161
312.59,175,214
313.39,175,219
314.18,175,222
314.98,175,227
315.77,175,225
316.56,175,226
317.36,162,231
318.15,156,229
318.95,153,231
319.74,151,233
320.53,163,233
321.33,156,232
322.12,165,234
322.91,157,231
323.70,153,232
324.50,164,234
325.29,169,228
326.09,159,226
326.88,167,225
327.68,171,221
328.47,173,217
329.27,180,211
330.06,177,158
330.86,477,171
331.65,477,171
332.44,477,180
333.25,554,218
334.06,554,231
334.87,554,230
335.68,554,232
336.49,539,233
337.31,539,235
338.12,539,231
338.93,539,236
339.74,523,233
340.55,539,233
341.36,523,234
342.15,539,236
342.95,539,235
343.74,539,234
344.54,523,232
345.33,539,232
346.13,523,231
346.92,508,230
347.72,523,225
348.51,386,223
349.31,386,229
350.10,386,233
350.90,374,236
351.69,368,238
352.41,377,236
353.13,381,227
353.85,383,224
354.57,477,227
355.29,484,236
356.00,523,235
356.72,523,232
357.44,523,222
358.16,539,211
358.88,323,212
359.60,445,224
0.39,386,221
1.18,386,210
1.97,336,132
2.76,336,151
3.55,336,203
4.34,570,211
5.14,539,228
5.93,539,231
6.72,539,235
7.51,554,232
8.30,539,232
9.09,539,234
9.88,539,234
10.67,554,233
11.47,554,235
12.26,570,222
13.05,322,214
13.84,315,228
14.64,305,229
15.43,300,217
16.22,324,215
17.01,585,218
17.81,349,217
18.60,349,219
19.39,335,228
20.16,328,227
20.94,332,219
21.71,282,213
22.49,288,211
23.26,285,212
24.04,283,212
24.81,289,193
25.59,285,233
26.36,276,238
27.14,279,236
27.91,287,229
28.77,445,222
29.55,430,230
30.34,430,232
31.12,430,231
31.91,422,235
32.69,418,236
33.48,416,233
34.26,408,233
35.05,404,233
35.83,402,231
36.62,394,234
37.40,390,235
37.90,376,231
38.70,369,236
39.50,366,237
40.30,357,234
41.10,353,235
41.90,344,231
42.69,340,227
43.49,338,231
44.29,330,235
45.09,326,236
45.89,324,236
46.69,316,239
47.44,319,237
48.26,320,234
49.07,321,236
49.89,315,234
50.71,312,233
51.53,310,235
52.34,309,236
53.16,309,240
53.98,309,236
54.80,302,238
55.61,298,238
56.43,296,239
57.22,295,235
58.01,295,237
58.81,295,237
59.60,295,238
60.39,281,235
61.18,274,238
61.98,278,237
62.77,280,235
63.56,281,237
64.35,281,236
65.15,281,238
65.94,281,236
66.73,274,237
67.51,278,236
68.28,280,238
69.06,281,238
69.84,281,236
70.62,281,238
71.39,281,236
72.17,281,236
72.95,274,237
73.73,278,236
74.50,280,234
75.28,281,235
76.08,281,234
76.86,281,235
77.63,281,237
78.41,274,236
79.19,271,237
79.97,263,237
80.74,259,233
81.52,241,233
82.30,228,234
83.08,221,233
83.85,229,229
84.63,228,232
85.42,234,230
86.21,237,232
87.01,252,231
87.80,241,230
88.59,261,230
89.38,264,232
90.18,273,236
90.97,277,237
91.76,266,236
92.55,274,235
93.35,278,238
94.14,273,234
94.89,270,238
95.71,262,238
96.54,258,241
97.36,241,240
98.18,244,238
99.01,242,236
99.83,241,237
100.66,241,235
101.48,234,236
102.30,239,238
103.13,243,238
103.95,242,236
104.71,245,237
105.50,250,238
106.30,252,238
107.09,241,239
107.88,244,237
108.68,246,237
109.47,257,239
110.27,262,240
111.06,265,237
111.85,266,238
112.65,267,238
113.44,281,238
114.23,295,240
115.02,302,233
115.81,305,229
116.60,320,148
117.39,241,93
118.18,241,93
118.96,241,213
119.75,234,217
120.54,231,218
121.33,229,215
122.12,235,212
122.91,238,211
123.74,253,210
124.53,241,212
125.32,234,211
126.11,237,213
126.90,239,212
127.69,227,217
128.49,221,225
129.28,218,223
130.07,223,214
130.86,232,222
131.65,236,235
132.44,232,233
133.23,236,221
134.02,238,215
134.82,239,210
135.61,243,190
136.40,255,190
137.19,255,184
137.99,261,180
138.78,271,158
139.57,263,174
140.36,265,174
141.16,266,190
141.95,274,129
142.90,271,135
143.69,269,142
144.49,282,151
145.28,282,74
146.07,275,64
146.86,278,93
147.66,293,148
148.45,287,168
149.24,298,197
150.03,290,168
150.83,292,145
151.62,300,168
152.41,297,145
153.21,303,168
154.02,326,142
154.82,317,177
155.62,616,213
156.43,585,228
157.23,585,221
158.04,336,223
158.84,336,222
159.64,336,232
160.45,329,231
161.25,325,234
162.01,323,233
162.81,316,236
163.61,312,234
164.40,310,236
165.20,309,232
166.00,322,232
166.80,329,233
167.60,332,232
168.40,340,219
169.19,1489,222
169.99,1489,231
170.79,1505,227
171.55,6321,213
172.35,1489,211
173.15,1489,221
173.95,1505,218
174.75,523,226
175.55,538,230
176.36,538,230
177.16,507,227
177.96,507,224
178.76,523,218
179.56,215,213
180.36,194,223
181.22,184,227
182.03,166,238
182.85,170,230
183.66,179,223
184.47,164,220
185.29,169,223
186.10,151,237
186.92,135,241
187.73,119,243
188.54,104,240
189.36,96,240
190.17,107,240
190.92,105,238
191.72,104,245
192.51,104,242
193.31,104,235
194.11,119,226
194.90,126,228
195.70,150,233
196.49,162,234
197.29,168,235
198.09,171,238
198.88,172,234
199.68,180,226
200.47,204,223
201.27,222,229
202.06,225,229
202.86,233,230
203.66,237,228
204.46,239,225
205.25,243,216
206.05,866,220
206.85,881,226
207.65,881,228
208.44,912,230
209.24,912,241
210.03,912,234
210.80,928,231
211.57,928,216
212.34,663,217
213.11,647,229
213.88,570,223
214.66,538,231
215.43,538,231
216.20,538,232
216.97,538,229
217.74,523,232
218.51,523,230
219.30,523,233
220.09,523,231
220.89,523,232
221.68,523,231
222.47,523,232
223.26,538,233
224.06,554,230
224.85,538,230
225.64,554,230
226.43,507,227
227.23,507,229
228.02,499,231
228.81,495,231
229.59,485,232
230.37,488,232
231.15,482,235
231.93,487,231
232.71,507,228
233.50,554,220
234.28,616,233
235.06,616,234
235.84,632,236
236.62,632,235
237.40,616,234
238.19,616,234
238.98,616,235
239.77,632,234
240.56,647,233
241.35,647,236
242.14,663,234
242.93,647,238
243.72,647,237
244.51,647,236
245.30,663,235
246.09,663,236
246.88,663,238
247.68,663,237
248.47,663,238
249.27,663,234
250.06,647,237
250.85,647,239
251.64,647,238
252.44,663,237
253.23,647,237
254.02,647,237
254.81,647,233
255.61,647,236
256.40,647,235
257.19,647,236
257.98,647,234
258.77,647,235
259.56,632,238
260.35,616,229
261.14,601,225
261.94,585,226
262.73,570,229
263.52,554,228
264.31,538,229
265.10,538,230
265.89,523,231
266.68,523,229
267.47,507,231
268.27,507,232
269.06,499,231
269.85,487,231
270.64,481,231
271.44,478,231
272.23,461,232
273.02,453,234
273.81,441,234
274.61,428,232
275.40,421,237
276.15,418,234
276.94,409,234
277.74,405,234
278.53,403,233
279.33,402,235
280.12,394,235
280.92,397,232
281.71,391,235
282.51,388,233
283.30,387,235
284.10,394,234
284.89,397,234
285.68,399,236
286.53,407,235
287.37,404,233
288.22,402,233
289.07,394,235
289.91,390,235
290.76,388,234
291.60,394,235
292.45,404,231
293.30,417,229
294.14,819,218
294.99,819,224
295.74,835,223
296.53,835,226
297.33,850,225
298.12,850,226
298.91,866,231
299.70,866,238
300.50,850,234
301.29,757,231
302.08,788,215
302.87,523,211
303.67,757,214
304.46,757,214
305.29,788,210
306.09,459,148
306.89,444,177
307.69,429,197
308.49,415,187
309.29,430,158
310.09,415,190
310.89,400,210
311.69,188,138
312.49,194,212
313.29,191,218
314.09,182,222
314.92,178,222
315.71,163,227
316.51,168,227
317.30,171,228
318.09,160,230
318.88,167,232
319.68,158,230
320.47,166,232
321.26,170,231
322.05,172,232
322.85,160,232
323.64,167,231
324.43,158,231
325.22,166,232
326.02,170,230
326.81,172,226
327.60,173,222
328.39,180,217
329.19,184,212
329.98,476,151
330.77,476,203
331.56,484,171
332.36,480,161
333.15,554,221
333.98,554,231
334.79,554,230
335.60,538,233
336.42,538,233
337.23,538,234
338.04,538,233
338.85,538,233
339.66,538,233
340.47,538,233
341.29,538,232
342.10,538,232
342.91,523,234
343.70,523,235
344.49,523,233
345.28,523,233
346.07,523,231
346.86,523,230
347.65,507,225
348.45,386,225
349.24,374,230
350.03,368,230
350.82,365,235
351.61,363,237
352.40,374,234
352.72,380,227
353.51,383,222
354.31,459,229
355.10,475,233
355.89,523,237
356.68,523,229
357.48,538,220
358.27,322,203
359.06,492,215
359.85,415,222
0.65,400,220
1.44,336,210
2.31,336,164
3.10,336,180
3.88,349,164
4.67,554,217
5.46,538,231
6.24,538,234
7.03,538,234
7.81,538,237
8.60,538,234
9.39,554,233
10.17,538,235
10.96,554,236
11.76,554,232
12.55,570,217
13.35,309,218
14.14,302,230
14.93,298,229
15.72,303,217
16.52,601,216
17.31,538,218
18.10,362,221
18.89,349,218
19.69,342,228
20.48,325,224
21.27,323,215
22.05,309,212
22.83,295,212
23.61,288,212
24.39,285,211
25.17,283,211
25.96,282,238
26.74,282,240
27.52,282,234
28.30,295,226
29.08,401,225
29.86,423,231
30.61,426,233
31.38,428,233
32.16,421,233
32.93,418,233
33.70,409,234
34.48,405,234
35.25,403,235
36.03,394,232
36.80,390,236
37.57,388,235
38.35,375,234
39.12,368,232
39.95,365,236
40.74,357,233
41.53,353,233
42.32,351,232
43.11,343,230
43.90,332,231
44.69,334,235
45.48,328,236
46.27,325,236
47.06,323,235
47.85,322,236
48.64,322,235
49.47,315,235
50.25,312,236
51.02,310,237
51.80,309,237
52.58,309,238
53.36,309,238
54.13,309,236
54.91,302,235
55.69,298,238
56.47,296,241
57.24,295,236
58.02,288,237
58.81,285,238
59.64,290,236
60.47,286,236
61.30,284,238
62.13,283,237
62.96,282,236
63.79,282,238
64.62,282,238
65.45,282,239
66.28,275,234
67.11,278,240
67.94,280,236
68.73,281,235
69.53,281,237
70.32,281,238
71.12,281,239
71.92,281,239
72.71,281,237
73.51,274,240
74.30,278,235
75.10,280,231
75.90,281,232
76.69,281,233
77.49,281,235
78.24,274,234
78.97,271,237
79.69,263,237
80.42,259,235
81.14,263,236
81.87,241,236
82.59,228,234
83.32,221,234
84.04,224,233
84.77,226,235
85.49,227,232
86.22,234,232
86.97,251,234
87.77,266,232
88.56,274,232
89.36,278,234
90.16,280,238
90.95,281,236
91.75,274,235
92.54,271,239
93.34,269,239
94.14,268,234
94.93,268,238
95.73,261,240
96.52,258,240
97.31,256,240
98.10,255,238
98.89,241,236
99.68,244,235
100.47,242,237
101.27,241,235
102.06,241,236
102.85,244,238
103.64,246,239
104.43,250,238
105.22,252,238
105.97,253,237
106.78,254,238
107.58,241,239
108.39,241,239
109.20,244,238
110.01,256,240
110.81,262,242
111.62,265,238
112.43,266,239
113.24,274,236
114.04,291,239
114.85,300,233
115.64,304,229
116.43,320,171
117.22,301,77
118.01,241,142
118.80,241,210
119.59,234,215
120.37,231,219
121.16,236,215
121.95,252,212
122.74,241,211
123.53,234,206
124.32,237,211
125.15,239,211
125.94,240,213
126.72,240,213
127.51,234,216
128.30,231,222
129.09,223,225
129.87,219,214
130.66,230,216
131.45,235,232
132.24,231,235
133.02,236,223
133.81,238,216
134.64,242,211
135.43,241,184
136.22,244,193
137.01,246,177
137.80,250,203
138.59,272,161
139.38,263,145
140.17,265,184
140.96,266,161
141.75,267,168
142.54,267,158
143.33,267,161
144.12,267,180
144.92,267,100
145.71,134,48
146.51,268,54
147.31,288,145
148.10,291,174
148.90,293,171
149.69,294,151
150.49,294,151
151.29,301,174
152.08,305,180
152.88,320,142
153.64,321,119
154.43,321,168
155.21,616,119
156.00,585,225
156.79,585,226
157.58,336,223
158.36,336,222
159.15,336,224
159.94,336,229
160.73,329,232
161.51,325,235
162.30,317,236
163.13,313,234
163.92,311,234
164.72,310,234
165.51,323,234
166.30,322,232
167.09,329,233
167.89,332,225
168.68,1489,217
169.47,1489,227
170.26,1489,230
171.06,1520,212
171.85,6305,206
172.76,1489,217
173.56,1489,221
174.35,538,223
175.15,523,227
175.94,538,229
176.74,523,230
177.53,507,224
178.33,523,223
179.12,523,216
179.92,201,216
180.71,187,225
181.51,180,233
182.27,177,236
183.08,182,225
183.88,178,220
184.69,163,220
185.50,148,233
186.30,133,241
187.11,126,242
187.91,107,238
188.72,105,238
189.53,104,243
190.33,104,241
191.14,104,241
191.97,104,244
192.76,111,237
193.54,122,230
194.33,128,224
195.12,151,229
195.90,162,233
196.69,168,232
197.47,171,237
198.26,172,234
199.05,173,227
199.83,200,224
200.62,214,226
201.45,221,229
202.26,231,227
203.06,236,230
203.87,238,224
204.68,239,219
205.48,866,217
206.29,897,226
207.09,881,230
207.90,897,229
208.71,912,237
209.51,928,237
210.32,928,231
211.08,928,220
211.88,647,211
212.69,554,222
213.49,538,227
214.29,538,230
215.10,538,228
215.90,538,230
216.71,523,230
217.51,523,231
218.31,523,230
219.12,523,233
219.92,523,232
220.75,523,235
221.54,523,234
222.33,538,232
223.12,538,230
223.91,538,232
224.70,554,232
225.48,554,233
226.27,570,235
227.06,554,233
227.85,554,232
228.64,538,233
229.43,507,224
230.23,507,228
231.04,499,229
231.85,495,233
232.66,493,234
233.47,492,231
234.28,507,232
235.08,507,234
235.89,507,231
236.70,523,227
237.51,616,231
238.32,616,236
239.13,632,234
239.89,632,235
240.67,647,236
241.44,647,235
242.22,663,235
243.00,663,236
243.78,647,234
244.55,647,235
245.33,663,235
246.11,679,237
246.89,663,238
247.66,663,237
248.44,663,239
249.23,663,237
250.02,647,237
250.82,647,236
251.61,663,236
252.40,663,238
253.19,647,236
253.99,647,236
254.78,647,234
255.57,647,232
256.36,647,235
257.16,647,235
257.95,647,234
258.75,647,238
259.54,632,238
260.33,616,227
261.12,585,226
261.91,585,225
262.70,570,229
263.49,554,228
264.28,554,229
265.07,538,231
265.86,538,229
266.65,523,228
267.44,507,231
268.23,507,231
269.07,499,231
269.90,487,232
270.74,481,231
271.58,470,234
272.41,457,229
273.25,451,235
274.08,440,234
274.92,435,232
275.76,425,233
276.59,420,234
277.43,410,232
278.19,405,233
278.98,403,231
279.78,402,232
280.57,394,233
281.36,397,235
282.15,399,234
282.95,400,234
283.74,400,233
284.53,400,235
285.32,400,233
286.12,400,235
286.91,407,234
287.67,404,233
288.50,395,234
289.34,390,237
290.17,388,235
291.00,387,235
291.83,394,233
292.67,404,233
293.50,424,225
294.33,819,220
295.16,819,223
296.00,835,225
296.83,835,224
297.62,850,227
298.41,850,229
299.21,897,234
300.00,850,239
300.79,819,228
301.58,757,231
302.38,523,211
303.17,772,211
303.96,757,216
304.75,772,212
305.55,772,212
306.34,430,200
307.14,437,190
307.93,433,193
308.73,417,171
309.52,409,180
310.31,412,155
311.10,399,174
311.90,282,158
312.69,174,214
313.48,174,218
314.27,174,221
315.07,174,225
315.86,174,227
316.62,161,227
317.42,155,229
318.21,164,230
319.01,156,232
319.81,152,230
320.60,150,232
321.40,162,234
322.19,168,232
322.99,171,232
323.79,172,230
324.58,173,230
325.38,173,228
326.17,161,227
326.97,167,226
327.76,170,222
328.56,179,214
329.36,176,211
330.15,445,190
330.95,460,180
331.74,468,177
332.54,463,171
333.34,554,222
334.13,554,232
334.93,554,231
335.69,538,232
336.49,538,232
337.29,538,234
338.09,538,232
338.89,538,233
339.69,538,233
340.49,538,234
341.29,523,235
342.09,523,235
342.89,538,232
343.69,523,232
344.49,523,232
345.32,523,231
346.05,523,232
346.78,523,232
347.52,523,226
348.25,386,228
348.98,374,229
349.71,368,233
350.44,358,238
351.17,360,237
351.91,373,236
352.64,379,227
353.37,445,221
354.16,468,229
354.96,507,236
355.75,523,235
356.55,523,231
357.35,538,219
358.14,309,210
358.94,476,214
359.73,453,223
0.53,401,220
1.33,393,211
2.12,322,109
2.92,322,135
3.68,335,174
4.47,523,213
5.27,538,233
6.06,538,232
6.85,538,233
7.64,538,234
8.44,538,234
9.23,538,236
10.02,554,235
10.81,554,238
11.61,554,236
12.40,570,221
13.16,309,212
13.95,302,228
14.74,298,229
15.53,296,217
16.32,302,216
17.11,362,216
17.90,355,220
18.69,352,221
19.48,337,228
20.27,329,226
21.06,325,215
21.85,310,212
22.40,296,211
23.17,282,212
23.95,282,211
24.72,282,174
25.49,282,233
26.26,275,237
27.04,278,237
27.81,286,230
28.58,415,220
29.35,422,229
30.13,426,231
30.90,428,233
31.66,421,234
32.45,418,236
33.25,416,235
34.04,408,230
34.83,404,235
35.63,395,235
36.42,390,234
37.22,376,236
38.01,381,235
38.80,371,232
39.60,366,235
40.39,357,232
41.25,353,234
42.04,351,234
42.82,343,229
43.61,339,227
44.40,330,234
45.18,333,237
45.97,321,236
46.75,321,234
47.54,321,235
48.33,321,235
49.11,315,235
49.90,318,235
50.69,313,237
51.45,311,235
52.22,310,233
52.98,309,237
53.75,302,236
54.51,298,237
55.28,296,238
56.04,295,240
56.81,295,238
57.57,295,238
58.34,295,239
59.10,295,239
59.89,281,238
60.70,281,234
61.51,281,238
62.32,274,237
63.13,278,236
63.94,280,234
64.75,281,238
65.56,281,238
66.37,281,239
67.18,281,238
67.99,281,237
68.80,274,235
69.56,278,238
70.35,280,239
71.15,281,238
71.94,281,238
72.73,281,239
73.52,281,235
74.32,274,232
75.11,278,230
75.90,273,237
76.69,277,235
77.49,279,237
78.28,273,238
79.04,270,235
79.82,269,238
80.60,262,234
81.38,228,233
82.16,221,231
82.94,218,235
83.72,227,231
84.50,227,235
85.28,234,230
86.06,251,233
86.84,259,231
87.62,270,232
88.41,269,233
89.23,275,234
90.05,278,234
90.87,280,236
91.69,274,234
92.51,271,236
93.33,263,234
94.15,272,239
94.97,270,237
95.79,262,239
96.61,258,239
97.43,256,237
98.19,241,236
98.98,241,237
99.78,241,235
100.57,241,237
101.36,241,236
102.15,241,238
102.95,241,236
103.74,241,236
104.53,244,238
105.32,246,239
106.12,250,240
106.91,252,238
107.70,253,237
108.50,254,238
109.31,261,240
110.11,264,237
110.91,259,239
111.72,263,238
112.52,265,239
113.33,280,235
114.13,287,238
114.93,291,235
115.74,300,231
116.54,362,184
117.33,241,109
118.13,295,126
118.92,228,210
119.72,234,218
120.52,231,220
121.31,229,216
122.11,228,212
122.90,228,210
123.70,234,193
124.50,237,211
125.29,239,212
126.09,233,212
126.85,237,213
127.66,232,216
128.46,223,224
129.27,219,226
130.08,217,215
130.88,229,223
131.69,235,234
132.49,231,232
133.30,236,221
134.11,240,217
134.91,254,211
135.72,254,210
136.51,261,190
137.30,258,184
138.09,270,135
138.88,282,122
139.67,275,174
140.46,285,168
141.26,270,193
142.05,262,187
142.84,265,164
143.63,260,177
144.42,264,148
145.21,266,100
146.00,59,58
146.79,349,80
147.59,282,138
148.38,282,168
149.17,288,155
149.96,298,171
150.76,349,180
151.55,329,168
152.34,332,155
153.13,334,142
153.93,321,197
154.72,315,193
155.51,585,216
156.33,601,229
157.15,349,218
157.97,342,223
158.79,332,225
159.61,327,232
160.43,331,229
161.25,326,234
162.07,317,235
162.89,313,235
163.71,311,233
164.53,310,236
165.29,316,233
166.12,326,235
166.96,331,233
167.79,333,233
168.62,341,217
169.45,1489,223
170.29,1489,230
171.12,1505,223
171.95,6321,214
172.78,1489,213
173.62,1489,220
174.45,1505,215
175.24,538,225
176.03,538,227
176.83,523,230
177.62,507,226
178.41,523,226
179.20,523,220
180.00,201,215
180.79,201,223
181.58,175,230
182.37,174,237
183.17,181,224
183.96,198,219
184.72,193,220
185.52,163,226
186.31,141,237
187.11,130,241
187.91,117,241
188.71,110,238
189.50,107,241
190.30,105,243
191.10,104,241
191.90,111,244
192.69,107,242
193.49,113,234
194.24,123,228
195.03,148,228
195.82,148,233
196.61,161,233
197.40,167,238
198.19,170,238
198.99,172,231
199.78,193,224
200.57,217,224
201.36,229,225
202.15,235,230
202.94,231,228
203.69,236,225
204.49,240,220
205.28,881,216
206.08,881,224
206.88,881,227
207.67,881,228
208.47,912,233
209.26,912,239
210.06,928,234
210.86,928,219
211.65,554,227
212.45,554,235
213.24,554,232
214.05,538,232
214.85,538,229
215.66,523,230
216.47,523,231
217.28,538,231
218.08,523,231
218.89,523,233
219.70,523,232
220.51,538,233
221.31,538,231
222.12,538,231
222.87,538,233
223.66,554,230
224.46,554,231
225.25,554,233
226.04,554,235
226.83,554,234
227.63,554,234
228.42,570,235
229.21,601,234
230.00,616,235
230.80,601,233
231.59,601,234
232.40,585,232
233.18,601,235
233.95,616,231
234.73,585,228
235.51,523,226
236.28,507,229
237.06,507,232
237.83,507,233
238.61,507,234
239.39,507,233
240.16,507,232
240.94,507,233
241.73,507,233
242.54,507,232
243.35,507,232
244.16,523,233
244.97,523,233
245.78,523,234
246.59,523,235
247.40,523,234
248.21,523,234
249.02,538,234
249.83,538,232
250.64,554,230
251.40,601,226
252.19,663,237
252.99,663,237
253.78,663,236
254.57,647,235
255.36,647,235
256.16,647,235
256.95,647,234
257.74,647,235
258.53,647,237
259.33,647,237
260.12,632,235
260.95,601,224
261.69,585,225
262.44,585,224
263.18,570,229
263.92,554,229
264.67,538,229
265.41,538,230
266.16,523,229
266.90,523,230
267.64,507,227
268.39,507,229
269.13,499,232
269.93,495,230
270.74,485,231
271.54,472,231
272.35,458,235
273.16,451,232
273.96,440,232
274.77,427,233
275.57,421,234
276.38,418,234
277.19,409,232
277.99,405,232
278.80,395,233
279.59,390,233
280.39,388,232
281.18,394,233
281.98,397,233
282.78,391,235
283.57,396,232
284.37,391,234
285.16,396,234
285.96,398,234
286.76,406,234
287.55,410,235
288.35,405,233
289.11,395,233
289.94,390,235
290.77,388,233
291.60,394,238
292.43,404,235
293.26,417,228
294.08,803,221
294.91,819,225
295.74,835,225
296.57,835,224
297.40,850,227
298.23,850,227
299.03,897,234
299.82,866,241
300.61,788,231
301.40,757,231
302.19,507,213
302.98,507,193
303.77,772,215
304.56,772,212
305.35,772,210
306.14,445,206
306.93,452,174
307.72,433,174
308.51,431,168
309.30,408,168
310.09,397,161
310.88,379,155
311.67,370,155
312.46,215,212
313.25,201,218
314.04,187,222
314.83,168,226
315.62,158,227
316.41,166,229
317.20,170,231
318.03,172,230
318.82,160,232
319.62,154,231
320.41,151,232
321.20,150,235
321.99,149,232
322.79,161,231
323.58,155,233
324.37,152,231
325.16,163,227
325.96,168,229
326.75,178,224
327.54,176,220
328.33,182,215
329.13,178,210
329.92,476,145
330.71,188,148
331.50,476,193
332.30,484,210
333.09,554,223
333.88,539,232
334.67,554,233
335.47,539,234
336.26,554,234
337.65,539,233
338.45,539,235
339.24,539,233
340.04,539,233
340.84,523,235
341.63,539,234
342.43,523,232
343.22,523,234
344.02,523,233
344.82,523,236
345.61,523,233
346.41,523,233
347.17,523,231
347.89,523,222
348.60,386,224
349.32,374,229
350.04,368,234
350.76,365,235
351.47,364,236
352.19,375,235
352.91,380,229
353.63,383,222
354.34,492,232
355.06,507,234
355.89,523,236
356.68,507,233
357.47,539,220
358.26,554,211
359.05,492,214
359.84,468,222
0.64,386,223
1.43,374,210
2.22,355,142
3.01,345,148
3.80,327,174
4.59,554,214
5.38,539,229
6.16,539,230
6.93,539,235
7.71,539,235
8.49,539,235
9.26,539,234
10.04,554,235
10.81,554,236
11.59,554,232
12.37,570,219
13.14,309,215
13.92,302,229
14.72,298,229
15.50,296,217
16.27,295,216
17.05,363,217
17.83,363,221
18.60,356,218
19.38,339,228
20.15,324,227
20.93,343,216
21.71,319,211
22.48,300,212
23.26,291,214
24.05,286,212
24.84,290,210
25.63,286,236
26.42,284,238
27.21,283,238
28.00,289,229
28.80,415,222
29.59,430,229
30.38,430,233
31.17,430,234
31.96,422,233
32.75,418,234
33.58,409,233
34.36,405,234
35.13,403,230
35.91,394,231
36.69,390,232
37.46,388,234
38.24,375,235
39.01,369,231
39.79,366,232
40.57,364,231
41.34,363,234
42.12,356,237
42.88,346,229
43.67,341,228
44.47,338,235
45.26,330,236
46.05,326,232
46.85,324,239
47.64,323,235
48.44,322,236
49.23,322,234
50.02,315,235
50.82,312,236
51.61,310,237
52.43,309,237
53.22,309,238
54.01,309,237
54.80,309,235
55.59,302,240
56.38,298,235
57.17,296,234
57.96,295,237
58.75,295,235
59.54,295,236
60.33,275,234
61.12,278,235
61.88,280,240
62.69,281,235
63.50,274,236
64.31,278,235
65.12,280,238
65.93,274,236
66.74,278,237
67.55,273,238
68.36,277,239
69.17,279,238
69.98,280,236
70.79,281,239
71.54,281,237
72.34,281,240
73.13,274,238
73.93,278,235
74.73,280,232
75.53,281,232
76.32,281,236
77.12,281,237
77.92,274,236
78.72,271,238
79.51,269,237
80.31,262,234
81.10,258,235
81.89,242,233
82.68,235,233
83.47,225,233
84.26,226,231
85.05,227,233
85.84,227,229
86.63,237,233
87.42,239,232
88.21,253,233
89.00,260,232
89.79,271,236
90.55,276,236
91.33,279,236
92.11,280,235
92.89,281,234
93.67,281,236
94.45,274,236
95.23,271,236
96.01,263,240
96.79,259,241
97.57,257,239
98.35,242,237
99.13,235,235
99.88,238,236
100.68,240,234
101.47,234,236
102.27,238,236
103.07,240,236
103.87,234,238
104.66,238,238
105.46,242,237
106.26,242,236
107.06,245,237
107.85,243,239
108.65,246,237
109.44,250,238
110.24,259,238
111.05,263,240
111.85,265,238
112.65,266,240
113.45,274,235
114.26,291,238
115.06,293,232
115.86,307,229
116.66,321,164
117.47,241,103
118.27,241,155
119.03,241,212
119.83,241,220
120.64,234,220
121.44,231,215
122.24,236,215
123.04,232,211
123.85,230,210
124.65,229,210
125.45,228,212
126.25,228,211
127.06,228,213
127.86,234,220
128.69,224,226
129.49,219,220
130.28,230,215
131.08,235,224
131.88,238,236
132.68,233,230
133.47,238,221
134.27,242,213
135.07,245,211
135.87,250,168
136.66,241,180
137.46,244,158
138.22,256,168
139.04,241,148
139.85,244,138
140.67,256,168
141.48,262,158
142.30,272,168
143.11,270,193
143.93,336,145
144.74,268,122
145.56,74,74
146.37,74,58
147.19,322,103
148.06,302,151
148.85,292,158
149.64,287,164
150.43,298,126
151.22,303,132
152.01,319,164
152.80,307,155
153.59,308,190
154.38,322,168
155.17,315,145
155.96,601,218
156.75,585,227
157.40,336,220
158.19,336,224
158.98,329,224
159.77,332,232
160.56,334,231
161.35,328,235
162.14,318,236
162.93,313,233
163.72,311,235
164.51,310,235
165.30,316,235
166.09,326,233
166.85,331,231
167.66,333,234
168.47,341,216
169.28,1489,226
170.09,1489,229
170.90,1505,219
171.70,6321,213
172.51,1489,215
173.32,1489,223
174.13,538,215
174.94,523,227
175.75,538,231
176.54,523,229
177.33,507,225
178.12,523,222
178.91,507,217
179.70,188,219
180.49,181,225
181.29,184,228
182.08,179,239
182.87,176,225
183.66,175,220
184.45,188,218
185.24,161,228
186.03,140,237
186.85,122,242
187.67,113,243
188.49,93,240
189.31,106,242
190.13,97,240
190.94,108,241
191.76,113,244
192.58,116,242
193.40,125,233
194.22,129,224
195.04,151,230
195.84,162,232
196.64,168,233
197.45,171,236
198.25,172,236
199.05,173,230
199.85,187,224
200.66,214,227
201.46,221,228
202.26,231,228
203.06,236,228
203.87,232,226
204.67,236,221
205.46,866,216
206.25,881,223
207.05,881,228
207.84,897,227
208.63,912,232
209.43,928,240
210.22,912,232
211.02,585,224
211.81,554,227
212.60,554,229
213.40,554,232
214.19,538,232
215.02,538,229
215.82,538,232
216.62,523,230
217.42,523,229
218.22,523,234
219.02,523,235
219.82,523,235
220.62,523,231
221.42,523,229
222.22,523,232
223.02,538,231
223.82,554,231
224.61,523,229
225.39,554,233
226.16,554,234
226.94,538,234
227.72,554,233
228.49,570,232
229.27,585,232
230.04,601,235
230.82,601,235
231.60,585,232
232.37,585,233
233.15,601,234
233.91,616,233
234.70,616,232
235.50,616,237
236.29,632,235
237.08,632,234
237.88,616,234
238.67,616,232
239.47,632,236
240.26,648,234
241.05,648,235
241.85,648,236
242.64,663,236
243.43,663,237
244.22,648,237
245.01,663,235
245.80,663,237
246.59,663,235
247.38,663,236
248.17,663,237
248.96,663,236
249.75,648,237
250.54,663,238
251.33,663,238
252.12,663,236
252.91,663,237
253.71,648,236
254.50,648,237
255.30,648,234
256.10,648,233
256.90,648,236
257.69,648,234
258.49,648,236
259.29,632,239
260.09,616,230
260.88,601,224
261.68,585,226
262.61,585,227
263.40,554,230
264.20,554,228
264.99,539,229
265.78,539,230
266.58,523,229
267.37,507,230
268.17,507,230
268.96,499,233
269.75,495,231
270.55,485,231
271.34,480,234
272.17,462,233
272.95,453,231
273.74,441,233
274.52,428,233
275.30,421,232
276.09,418,236
276.87,409,234
277.66,405,236
278.44,403,234
279.22,394,232
280.01,397,234
280.79,399,234
281.54,400,233
282.34,400,233
283.14,400,233
283.94,400,236
284.74,400,233
285.54,400,234
286.34,400,234
287.14,415,232
287.94,408,234
288.74,397,234
289.54,391,235
290.34,388,235
291.07,387,235
291.91,401,237
292.75,408,234
293.58,426,216
294.42,819,223
295.26,835,222
296.10,835,226
296.94,835,226
297.78,850,227
298.61,866,229
299.45,881,235
300.29,850,238
301.09,757,231
301.87,757,223
302.66,788,197
303.44,757,210
304.22,772,212
305.00,492,210
305.79,468,171
306.57,449,171
307.35,439,193
308.13,434,193
308.92,424,158
309.70,405,142
310.53,395,161
311.32,405,145
312.12,149,210
312.91,161,217
313.70,167,218
314.50,170,223
315.29,172,226
316.09,173,228
316.88,173,229
317.67,173,232
318.47,161,232
319.26,155,231
320.06,152,231
320.86,150,231
321.65,149,232
322.45,161,233
323.25,167,232
324.04,170,233
324.84,172,229
325.63,173,228
326.43,173,228
327.23,173,222
328.02,173,220
328.82,194,215
329.58,164,210
330.41,156,168
331.24,459,197
332.06,467,171
332.89,554,211
333.72,539,227
334.55,554,232
335.38,539,231
336.21,539,232
337.03,539,230
337.86,539,232
338.69,539,234
339.49,539,234
340.28,539,235
341.08,539,231
341.87,539,234
342.66,539,233
343.45,523,235
344.25,523,235
345.04,523,234
345.83,523,231
346.62,523,234
347.42,523,234
348.21,507,220
348.97,386,226
349.72,374,232
350.47,368,236
351.22,365,235
351.97,364,235
352.72,375,230
353.48,380,225
354.23,476,221
354.98,484,231
355.73,523,232
356.48,523,233
357.23,523,228
358.02,539,215
358.81,539,210
359.61,476,222
0.40,401,222
1.19,349,215
1.99,335,135
2.78,44,145
3.58,322,168
4.37,335,180
5.16,554,223
5.96,539,232
6.75,539,233
7.40,539,234
8.17,539,232
8.95,539,234
9.72,554,233
10.49,554,236
11.27,554,235
12.04,554,229
12.82,585,213
13.59,309,222
14.36,302,229
15.14,298,223
15.91,303,214
16.73,570,219
17.51,363,218
18.29,356,218
19.07,346,221
19.85,327,231
20.63,324,224
21.42,303,216
22.20,292,212
22.98,287,211
23.76,284,215
24.54,283,203
25.32,289,221
26.07,285,235
26.86,283,241
27.65,289,233
28.44,299,223
29.23,415,228
30.02,422,230
30.81,433,230
31.60,424,235
32.39,419,235
33.18,417,234
33.97,416,233
34.76,408,232
35.63,404,235
36.38,395,231
37.12,390,232
37.87,388,233
38.62,375,231
39.37,369,235
40.11,366,234
40.86,357,235
41.61,353,234
42.36,344,232
43.10,340,229
43.85,331,231
44.61,326,235
45.43,324,233
46.25,323,236
47.07,322,236
47.89,322,235
48.71,322,236
49.52,322,235
50.34,315,232
51.16,312,236
51.98,310,234
52.80,309,238
53.62,309,238
54.38,309,238
55.17,302,236
55.97,298,236
56.76,296,237
57.55,289,237
58.34,292,237
59.14,293,238
59.93,287,237
60.72,284,236
61.51,283,236
62.31,282,239
63.10,275,238
63.97,278,236
64.73,280,236
65.49,281,237
66.25,281,238
67.01,281,237
67.77,281,237
68.54,281,237
69.30,274,238
70.06,278,236
70.82,280,237
71.58,281,238
72.34,281,236
73.13,281,235
73.92,281,234
74.72,281,231
75.51,281,235
76.30,274,235
77.10,278,239
77.89,273,238
78.69,270,236
79.48,269,236
80.27,262,234
81.07,242,236
81.86,235,232
82.72,225,234
83.52,220,234
84.32,224,233
85.12,233,232
85.92,230,231
86.72,236,232
87.52,240,232
88.32,261,232
89.12,271,233
89.92,276,234
90.72,272,235
91.52,277,235
92.28,272,236
93.06,270,237
93.83,269,236
94.61,268,234
95.39,268,236
96.16,261,238
96.94,258,237
97.71,242,238
98.49,242,237
99.27,242,235
100.04,242,234
100.82,242,236
101.58,235,235
102.38,231,237
103.17,237,235
103.97,239,238
104.77,243,238
105.56,246,238
106.36,250,239
107.15,252,239
107.95,253,238
108.75,254,239
109.54,261,237
110.34,264,241
111.10,266,238
111.90,267,239
112.69,267,238
113.49,281,235
114.29,295,239
115.08,288,231
115.88,305,226
116.67,300,113
117.47,284,116
118.27,303,145
119.06,228,213
119.86,228,222
120.62,228,222
121.41,228,216
122.20,235,214
122.99,238,211
123.78,233,211
124.57,230,212
125.36,236,210
126.15,239,212
126.94,233,212
127.73,230,221
128.52,222,225
129.31,218,220
130.06,223,216
130.85,232,224
131.65,237,235
132.44,232,231
133.23,237,222
134.03,239,214
134.82,240,206
135.62,241,184
136.41,244,203
137.20,243,177
138.00,255,164
138.79,261,193
139.62,228,103
140.42,238,177
141.23,253,142
142.03,260,168
142.83,264,145
143.63,279,158
144.44,273,138
145.24,59,51
146.04,51,51
146.84,309,96
147.65,315,155
148.45,305,158
149.25,300,138
150.08,297,148
150.91,303,145
151.75,306,177
152.58,307,161
153.41,328,135
154.24,325,142
155.07,317,151
155.90,585,221
156.74,570,228
157.57,336,217
158.40,336,221
159.23,329,223
160.02,332,232
160.80,327,232
161.59,324,235
162.38,316,237
163.17,312,234
163.95,310,234
164.74,309,239
165.53,315,231
166.32,325,234
167.10,330,233
167.89,333,232
168.72,348,216
169.54,1489,226
170.37,1489,231
171.19,1489,220
172.01,6305,213
172.83,1489,214
173.66,1474,219
174.48,539,215
175.30,523,225
176.12,539,228
176.95,523,231
177.77,523,225
178.53,507,223
179.32,523,216
180.11,188,218
180.90,181,222
181.69,184,228
182.48,179,238
183.27,176,226
184.06,182,219
184.85,178,220
185.64,156,226
186.43,137,238
187.22,128,242
187.94,116,242
188.73,110,241
189.53,107,242
190.32,98,239
191.11,101,241
191.90,95,241
192.70,99,244
193.49,109,233
194.28,114,225
195.07,124,228
195.87,149,232
196.66,161,231
197.46,155,237
198.27,164,235
199.09,169,230
199.90,185,226
200.71,213,224
201.52,227,229
202.34,234,226
203.15,238,228
203.96,240,224
204.77,241,222
205.59,881,218
206.40,881,224
207.15,881,227
207.95,897,227
208.74,913,234
209.54,928,239
210.34,928,233
211.14,585,223
211.93,554,224
212.73,554,231
213.53,539,232
214.33,539,231
215.12,523,229
215.92,523,231
216.71,523,230
217.48,523,231
218.26,507,232
219.03,523,233
219.80,523,232
220.58,523,232
221.35,507,231
222.13,523,234
222.90,523,233
223.67,554,231
224.45,554,230
225.22,554,233
226.05,554,232
226.82,554,233
227.60,554,237
228.37,554,233
229.14,585,235
229.92,585,233
230.69,601,233
231.47,570,233
232.24,601,233
233.01,601,236
233.79,616,233
234.56,601,231
235.35,616,239
236.15,616,238
236.94,632,233
237.74,616,235
238.54,616,232
239.33,632,237
240.13,632,232
240.92,648,233
241.72,648,233
242.52,663,237
243.31,648,236
244.11,648,236
244.87,663,238
245.69,679,236
246.51,663,238
247.33,663,238
248.15,663,235
248.97,663,237
249.79,663,237
250.61,663,235
251.43,663,239
252.25,663,238
253.07,648,240
253.89,648,236
254.72,648,235
255.52,648,236
256.32,648,235
257.12,648,234
257.92,648,237
258.72,648,237
259.51,648,236
260.31,632,229
261.11,585,222
261.91,585,226
262.71,570,227
263.51,554,230
264.31,554,226
265.11,539,229
265.90,523,230
266.70,523,232
267.50,523,231
268.29,507,230
269.09,499,232
269.88,495,229
270.68,485,232
271.48,480,231
272.27,462,232
273.07,453,232
273.83,449,232
274.65,432,232
275.46,423,232
276.28,419,234
277.09,410,234
277.91,405,234
278.72,403,234
279.54,402,229
280.35,382,234
281.17,391,236
281.98,388,234
282.80,394,235
283.63,390,236
284.42,395,232
285.21,398,233
286.00,399,234
286.79,400,236
287.58,415,231
288.37,408,234
289.16,397,233
289.95,391,235
290.74,388,234
291.53,394,235
292.32,397,233
292.94,413,232
293.74,788,216
294.54,803,222
295.34,819,222
296.14,835,226
296.94,850,227
297.73,850,226
298.53,866,230
299.33,881,237
300.13,835,235
300.93,757,230
301.73,757,221
302.49,523,210
303.30,757,211
304.12,772,214
304.93,772,211
305.74,819,184
306.55,415,193
307.37,422,158
308.18,418,174
308.99,431,174
309.80,416,161
310.62,401,161
311.43,393,155
312.26,188,212
313.05,181,217
313.84,184,218
314.63,179,223
315.42,176,227
316.21,162,228
317.00,168,226
317.79,158,228
318.58,166,231
319.37,157,232
320.16,165,231
320.95,157,231
321.78,153,231
322.57,163,233
323.37,168,233
324.16,171,233
324.95,172,230
325.75,173,228
326.54,173,227
327.34,173,224
328.13,180,217
328.92,177,212
329.72,175,197
330.51,445,148
331.30,460,180
332.12,468,158
332.93,570,215
333.75,554,230
334.57,539,232
335.38,539,231
336.20,539,234
337.01,539,233
337.83,539,235
338.65,539,233
339.46,539,234
340.28,539,235
341.07,523,233
341.86,523,230
342.64,523,234
343.43,539,233
344.22,523,234
345.00,523,235
345.79,523,235
346.57,523,231
347.36,523,226
348.15,386,223
348.93,386,229
349.72,374,235
350.51,368,234
351.25,365,237
351.99,375,236
352.74,380,229
353.48,383,222
354.22,476,226
354.96,507,232
355.70,523,234
356.44,523,232
357.19,523,222
357.93,309,211
358.67,507,212
359.46,483,222
0.27,386,223
1.07,393,212
1.88,309,148
2.69,315,142
3.49,325,161
4.30,554,210
5.10,539,229
5.91,539,229
6.72,539,232
7.52,539,234
8.33,539,233
9.09,554,236
9.88,554,233
10.68,554,236
11.47,554,236
12.26,570,225
13.05,309,213
13.85,302,228
14.64,298,228
15.43,296,218
16.22,302,215
17.02,585,220
17.81,363,219
18.57,356,217
19.35,346,228
20.13,334,227
20.91,335,218
21.69,328,213
22.47,305,210
23.25,293,213
24.03,294,212
24.81,308,180
25.59,295,231
26.37,242,237
27.15,262,235
27.91,278,231
28.71,415,218
29.50,430,231
30.30,430,231
31.10,430,233
31.89,422,231
32.69,418,235
33.48,416,234
34.28,408,233
35.08,404,234
35.87,395,232
36.67,379,230
37.47,382,230
38.26,372,235
39.04,367,236
39.83,365,232
40.62,364,234
41.40,356,236
42.19,352,235
42.97,344,232
43.76,333,228
44.55,334,236
45.33,335,237
46.12,335,234
46.98,328,238
47.73,325,236
48.49,323,235
49.24,322,233
50.00,322,236
50.75,315,236
51.51,312,234
52.26,310,237
53.02,309,237
53.77,309,236
54.53,302,235
55.28,305,236
56.11,300,236
56.90,297,237
57.70,296,237
58.49,295,238
59.28,295,237
60.07,281,237
60.87,281,236
61.66,281,235
62.45,281,237
63.24,281,238
64.04,281,236
64.83,281,234
65.62,281,239
66.38,281,236
67.15,281,238
67.91,281,236
68.68,274,236
69.44,278,239
70.21,273,237
70.97,270,239
71.74,276,237
72.50,279,237
73.27,280,237
74.03,281,235
74.82,281,229
75.61,281,236
76.40,281,240
77.19,274,237
77.98,271,238
78.77,269,237
79.56,262,234
80.35,242,236
81.14,242,231
81.93,242,234
82.72,228,235
83.51,228,232
84.31,235,232
85.10,231,230
85.90,237,233
86.69,239,233
87.48,243,231
88.27,262,232
89.07,272,235
89.86,270,237
90.65,269,234
91.44,268,237
92.24,275,238
93.03,265,236
93.82,266,236
94.62,267,236
95.43,267,238
96.23,261,238
97.03,258,238
97.84,256,239
98.64,255,237
99.45,242,237
100.25,242,235
101.05,242,234
101.86,242,237
102.66,255,238
103.52,255,237
104.31,242,238
105.09,242,238
105.88,245,238
106.67,250,237
107.45,252,237
108.24,242,237
109.02,255,238
109.81,242,238
110.60,242,239
111.38,255,241
112.17,261,239
112.50,271,238
113.29,290,239
114.09,299,236
114.88,297,235
115.67,316,222
116.46,339,96
117.26,282,80
118.05,228,142
118.84,228,213
119.63,228,222
120.43,228,218
121.22,228,214
121.98,228,213
122.82,235,210
123.65,231,211
124.49,229,212
125.33,228,211
126.16,228,211
127.00,235,215
127.83,231,218
128.67,223,225
129.51,219,218
130.34,230,215
131.18,236,228
132.01,232,233
132.80,237,228
133.59,239,219
134.38,240,215
135.17,243,210
135.96,246,210
136.74,250,193
137.53,259,187
138.32,257,148
139.11,269,126
139.90,268,164
140.69,261,155
141.45,271,177
142.27,269,161
143.09,275,193
143.91,271,200
144.73,283,132
145.55,134,71
146.37,81,48
147.19,268,103
148.01,288,145
148.83,291,126
149.65,293,135
150.47,294,174
151.26,301,184
152.05,318,164
152.85,320,187
153.64,314,135
154.43,311,148
155.23,316,151
156.02,585,220
156.82,585,230
157.61,336,218
158.40,329,222
159.20,325,225
159.99,330,232
160.75,326,230
161.54,324,234
162.34,323,232
163.13,316,236
163.92,312,233
164.71,310,234
165.51,316,236
166.30,319,236
167.09,327,234
167.88,331,232
168.68,347,214
169.47,1489,225
170.30,1474,229
171.10,1505,216
171.91,6321,212
172.71,1489,214
173.51,1489,223
174.31,539,216
175.12,539,225
175.92,539,228
176.72,523,230
177.52,507,225
178.33,507,223
179.13,523,219
179.89,188,216
180.71,188,225
181.53,168,231
182.35,171,237
183.17,172,227
183.99,173,221
184.81,161,219
185.63,147,227
186.45,133,240
187.27,118,243
188.09,103,241
188.91,88,240
189.70,96,241
190.49,100,239
191.29,102,243
192.08,103,243
192.87,111,239
193.66,115,232
194.46,132,226
195.25,140,229
196.04,157,234
196.83,165,233
197.63,169,238
198.42,171,235
199.25,172,231
200.04,193,223
200.82,210,227
201.61,225,229
202.40,233,231
203.19,237,228
203.97,239,226
204.76,240,222
205.55,881,217
206.34,866,223
207.12,881,228
207.91,881,224
208.70,928,235
209.49,912,240
210.28,928,231
211.07,928,225
211.86,554,223
212.65,538,225
213.45,538,230
214.24,523,228
215.03,523,229
215.82,523,230
216.61,523,231
217.40,523,230
217.90,507,230
218.70,507,229
219.49,507,235
220.29,523,234
221.09,523,230
221.88,523,232
222.68,523,232
223.47,554,231
224.27,554,234
225.07,554,232
225.86,554,233
226.66,554,233
227.45,554,234
228.27,570,232
229.08,585,234
229.90,601,232
230.72,601,235
231.53,585,233
232.35,585,234
233.16,585,230
233.98,616,233
234.80,601,230
235.61,601,238
236.43,616,237
237.22,616,235
238.01,601,235
238.81,616,233
239.60,616,236
240.39,632,233
241.19,647,236
241.98,647,233
242.78,663,235
243.57,647,238
244.36,647,236
245.16,663,238
245.95,679,236
246.74,663,239
247.52,663,236
248.29,663,238
249.07,663,237
249.85,663,234
250.63,663,238
251.40,663,237
252.18,663,237
252.96,647,237
253.74,663,237
254.51,647,236
255.29,647,233
256.12,647,235
256.92,647,233
257.72,647,234
258.52,647,236
259.32,632,239
260.12,632,232
260.92,601,226
261.72,585,225
262.52,570,226
263.32,570,227
264.12,554,227
264.92,538,227
265.71,538,228
266.50,523,229
267.30,523,227
268.09,507,231
268.88,507,231
269.67,499,231
270.47,487,231
271.26,481,231
272.05,463,232
272.84,454,231
273.64,442,234
274.43,428,234
275.23,421,233
276.02,418,234
276.81,416,232
277.60,408,235
278.39,404,234
279.18,395,233
279.97,398,233
280.76,399,235
281.55,400,234
282.34,400,234
283.13,400,236
283.92,400,235
284.71,400,233
285.54,393,236
286.37,404,235
287.20,409,234
288.03,405,233
288.86,395,233
289.69,390,235
290.52,388,234
291.35,394,236
292.18,397,233
293.01,406,233
293.84,425,215
294.70,819,224
295.49,819,224
296.28,835,225
297.07,835,225
297.86,850,227
298.65,866,231
299.44,881,237
300.23,850,236
301.02,757,231
301.81,772,224
302.60,538,210
303.39,756,212
304.18,756,214
304.98,772,212
305.79,444,210
306.59,444,180
307.39,429,177
308.20,414,193
309.00,422,168
309.81,411,171
310.61,405,145
311.41,402,126
312.22,201,211
313.02,187,217
313.81,180,221
314.60,177,223
315.39,175,229
316.18,162,227
316.97,168,230
317.76,171,229
318.55,160,231
319.34,167,232
320.13,158,235
320.92,153,233
321.71,163,231
322.50,168,232
323.32,171,230
324.11,172,231
324.91,173,232
325.70,173,228
326.49,173,227
327.29,173,223
328.08,180,218
328.88,197,213
329.67,205,168
330.46,476,190
331.26,476,168
332.05,476,197
332.84,554,214
333.67,554,228
334.51,538,233
335.34,554,234
336.17,538,232
337.01,538,231
337.84,538,234
338.68,538,232
339.51,538,231
340.34,538,232
341.18,538,231
342.01,538,232
342.77,538,234
343.56,523,230
344.35,523,231
345.14,523,234
345.93,523,232
346.72,523,235
347.51,523,230
348.30,386,223
349.09,374,228
349.88,368,231
350.67,365,235
351.46,363,235
352.29,374,237
353.01,380,230
353.73,371,224
354.45,476,224
355.17,483,230
355.89,523,234
356.62,523,233
357.34,523,222
358.06,538,211
358.78,476,212
359.50,476,221
0.22,386,222
1.01,374,214
1.80,309,135
2.59,315,158
3.38,318,155
4.17,554,210
4.96,538,228
5.75,538,232
6.54,538,234
7.33,538,234
8.12,538,234
8.91,554,233
9.70,554,236
10.50,554,233
11.29,554,234
12.08,569,222
12.87,309,212
13.66,302,227
14.45,298,229
15.24,296,220
16.03,302,213
16.82,318,216
17.61,333,218
18.40,341,217
19.19,331,229
20.02,320,229
20.80,314,220
21.57,298,211
22.35,296,212
23.13,289,212
23.90,285,212
24.68,283,193
25.45,289,233
26.23,278,238
27.01,280,236
27.78,287,227
28.56,415,221
29.35,422,226
30.13,426,233
30.90,428,233
31.68,421,232
32.46,418,234
33.24,409,233
34.01,404,236
34.79,402,235
35.57,401,232
36.35,393,236
37.12,377,235
37.90,381,235
38.66,371,235
39.46,366,233
40.26,364,233
41.06,356,232
41.86,352,233
42.66,343,231
43.46,332,231
44.26,327,238
45.06,331,234
45.86,326,236
46.66,324,234
47.46,323,232
48.21,322,234
49.01,315,234
49.82,312,232
50.62,310,237
51.42,309,235
52.23,309,236
53.03,302,237
53.84,305,235
54.64,300,239
55.44,297,237
56.25,296,237
57.05,295,237
57.80,295,237
58.60,295,238
59.39,288,237
60.19,278,235
60.99,280,235
61.79,281,240
62.58,274,237
63.38,278,237
64.18,280,235
64.98,274,236
65.77,278,237
66.57,280,234
67.79,274,238
68.59,278,235
69.38,280,237
70.18,281,236
70.98,281,236
71.77,281,236
72.57,281,239
73.36,281,238
74.16,281,236
74.96,281,232
75.75,281,230
76.55,281,237
77.31,274,239
78.04,271,239
78.78,269,238
79.51,241,234
80.25,244,238
80.98,242,236
81.72,241,232
82.45,234,235
83.19,224,236
83.92,226,230
84.66,233,232
85.39,237,232
86.18,241,232
86.97,254,233
87.76,261,230
88.55,264,229
89.34,273,234
90.13,277,234
90.92,279,236
91.71,273,238
92.50,270,235
93.29,269,236
94.08,268,235
94.87,268,236
95.70,268,238
96.47,261,237
97.23,241,238
98.00,244,237
98.77,246,236
99.54,243,236
100.30,246,235
101.07,250,235
101.84,252,235
102.61,253,237
103.37,254,236
104.14,254,237
104.86,254,238
105.67,254,237
106.47,261,238
107.28,264,238
108.09,266,240
108.89,260,241
109.70,257,237
110.50,262,238
111.31,265,242
112.12,266,236
112.92,274,241
113.73,284,237
114.52,303,236
115.31,306,235
116.11,314,222
116.90,311,87
117.69,303,126
118.49,228,171
119.28,234,213
120.08,231,218
120.87,229,214
121.66,228,213
122.46,228,214
123.25,282,211
124.04,228,211
124.83,228,210
125.62,228,213
126.41,228,211
127.20,234,212
127.99,231,218
128.78,222,227
129.57,218,220
130.36,223,215
131.15,232,224
131.94,230,233
132.73,229,227
133.53,235,220
134.34,240,214
135.15,240,210
135.96,240,200
136.77,240,184
137.58,254,206
138.38,261,168
139.19,264,122
140.00,266,161
140.81,267,148
141.62,267,174
142.43,288,151
143.19,278,142
143.98,280,158
144.77,281,135
145.56,174,58
146.35,146,58
147.14,309,116
147.93,288,145
148.72,291,180
149.51,293,184
150.30,294,96
151.09,294,148
151.88,294,142
152.71,294,168
153.50,301,158
154.29,318,145
155.08,320,177
155.87,585,220
156.66,585,230
157.45,335,218
158.24,328,223
159.03,325,223
159.82,330,232
160.61,326,234
161.40,324,236
162.15,323,237
162.95,316,234
163.75,312,233
164.55,310,238
165.35,316,234
166.15,325,235
166.95,330,233
167.75,332,228
168.55,347,212
169.35,1489,225
170.15,1473,227
170.95,1505,219
171.75,6321,211
172.58,1489,215
173.40,1489,223
174.23,538,216
175.05,538,226
175.88,538,232
176.70,523,231
177.53,507,226
178.35,507,222
179.18,523,216
180.00,174,218
180.83,181,224
181.63,177,232
182.42,175,236
183.21,174,224
184.00,174,220
184.79,174,218
185.58,146,227
186.37,132,241
187.16,125,244
187.95,114,240
188.74,101,240
189.53,102,242
190.32,103,240
191.11,103,243
191.91,103,244
192.70,111,239
193.50,107,229
194.30,120,226
195.09,134,230
195.89,154,235
196.68,164,234
197.48,169,241
198.28,171,235
199.07,172,229
199.87,186,224
200.63,213,225
201.42,227,228
202.22,227,229
203.01,234,228
203.80,237,225
204.59,241,221
205.39,881,217
206.18,881,224
206.97,881,227
207.76,881,225
208.56,912,235
209.35,912,240
210.18,912,233
210.97,928,222
211.75,554,226
212.54,538,227
213.33,538,229
214.12,523,229
214.90,523,231
215.69,507,229
216.48,507,231
217.27,507,231
218.05,507,230
218.84,507,234
219.63,507,235
220.42,507,231
221.22,523,231
222.01,523,231
222.80,523,232
223.60,554,230
224.39,554,234
225.19,554,235
225.98,554,233
226.77,554,233
227.57,554,235
228.36,569,232
229.15,601,233
229.95,601,234
230.76,601,234
231.56,585,233
232.36,585,237
233.16,601,237
233.97,616,235
234.77,585,232
235.57,616,235
236.37,616,237
237.18,616,233
237.98,616,234
238.81,616,234
239.61,616,233
240.41,647,232
241.21,632,238
242.01,647,233
242.81,647,235
243.61,647,236
244.41,647,235
245.21,663,235
246.01,678,234
246.81,663,236
247.61,663,235
248.40,663,237
249.19,647,237
249.99,663,237
250.78,663,238
251.57,663,238
252.37,663,237
253.16,647,236
253.96,647,236
254.75,647,233
255.54,647,232
256.34,647,235
257.13,647,236
257.92,647,237
258.73,647,238
259.53,632,236
260.34,616,227
261.15,601,223
261.95,585,226
262.76,569,227
263.56,554,228
264.37,554,231
265.18,538,231
265.98,523,231
266.79,523,226
267.59,507,229
268.38,507,232
269.17,499,230
269.96,495,234
270.75,485,233
271.54,472,234
272.33,458,232
273.12,451,232
273.91,440,230
274.70,435,232
275.49,425,235
276.28,420,233
277.04,410,234
277.86,405,234
278.69,402,233
279.51,401,233
280.33,400,235
281.15,393,233
281.98,396,235
282.80,398,234
283.62,399,233
284.44,392,233
285.27,396,236
286.09,398,236
286.88,414,234
287.73,407,236
288.58,396,233
289.43,391,234
290.28,376,236
291.13,381,236
291.97,398,236
292.82,406,233
293.67,425,217
294.52,819,223
295.37,819,222
296.22,834,224
297.01,834,226
297.80,850,228
298.59,866,230
299.38,881,236
300.17,850,236
300.96,756,229
301.75,772,224
302.54,523,211
303.33,772,214
304.12,756,213
304.91,756,212
305.70,444,211
306.49,444,177
307.29,451,171
308.09,440,210
308.89,420,187
309.69,403,203
310.49,382,161
311.29,372,187
312.09,149,210
312.89,161,218
313.69,167,220
314.49,170,224
315.29,172,226
316.12,173,230
316.91,173,229
317.71,161,230
318.50,167,229
319.29,170,231
320.09,159,233
320.88,154,233
321.68,144,231
322.47,146,232
323.26,160,232
324.06,167,230
324.85,170,228
325.64,172,230
326.43,173,226
327.23,173,222
328.02,173,216
328.81,173,212
329.61,180,177
330.40,476,193
331.20,476,158
331.99,523,184
332.78,554,220
333.58,554,230
334.37,554,230
335.16,554,231
336.02,538,233
336.87,538,232
337.73,538,233
338.59,538,235
339.45,538,233
340.30,538,233
341.16,538,233
342.02,523,234
342.88,523,232
343.73,523,234
344.59,523,233
345.38,523,232
346.10,523,233
346.83,523,232
347.55,507,226
348.27,386,225
348.99,374,229
349.72,368,234
350.44,365,238
351.16,363,236
351.88,374,236
352.61,380,227
353.33,383,223
354.13,476,229
354.93,507,234
355.72,523,236
356.52,523,232
357.31,538,219
358.11,322,211
358.90,476,215
359.70,453,223
0.49,386,221
1.29,374,211
2.08,309,158
2.88,322,148
3.67,335,184
4.46,554,214
5.25,538,230
6.04,538,232
6.83,538,231
7.62,538,235
8.40,538,234
9.19,554,235
9.98,554,234
10.77,538,234
11.56,554,233
12.35,569,222
13.11,322,215
13.90,308,228
14.70,301,228
15.49,298,219
16.29,310,216
17.08,362,218
17.88,355,219
18.67,345,217
19.47,340,227
20.26,331,226
21.06,333,219
21.85,314,214
22.58,298,210
23.38,296,212
24.18,282,212
24.98,288,177
25.78,285,228
26.58,270,239
27.39,276,239
28.19,285,231
28.99,415,222
29.79,422,225
30.59,426,232
31.39,428,234
32.15,421,235
32.88,418,236
33.61,409,233
34.34,404,232
35.07,402,233
35.80,401,235
36.53,393,232
37.26,389,235
37.99,375,231
38.72,368,234
39.45,365,236
40.18,363,232
41.01,356,234
41.80,345,234
42.60,340,232
43.39,337,230
44.19,329,234
44.98,332,236
45.78,327,235
46.57,318,233
47.37,320,235
48.16,321,235
48.96,321,234
49.75,321,234
50.55,315,233
51.34,312,235
52.13,310,237
52.92,309,236
53.71,309,237
54.50,309,234
55.28,302,237
56.07,298,237
56.86,296,238
57.65,295,236
58.44,295,237
59.23,295,238
60.02,295,236
60.78,275,235
61.54,278,239
62.30,280,236
63.06,274,238
63.82,278,236
64.57,280,238
65.33,281,237
66.09,274,236
66.85,278,237
67.61,273,236
68.37,277,238
69.24,279,236
70.03,280,240
70.82,281,241
71.60,281,237
72.39,274,236
73.18,278,238
73.97,280,235
74.76,281,234
75.55,274,237
76.33,278,238
77.12,280,237
77.91,281,237
78.74,274,238
79.53,271,238
80.32,263,235
81.11,265,233
81.90,241,235
82.69,228,235
83.47,228,232
84.26,228,234
85.05,234,234
85.84,231,233
86.63,236,236
87.42,238,232
88.21,260,235
89.01,271,235
89.80,276,236
90.60,279,231
91.39,273,236
92.19,270,234
92.98,262,236
93.78,265,238
94.57,266,236
95.37,267,237
96.16,261,237
96.96,258,240
97.43,256,238
98.22,242,235
99.01,242,236
99.79,242,235
100.58,235,234
101.37,238,236
102.16,240,237
102.95,241,236
103.74,254,238
104.52,242,238
105.31,242,238
106.10,245,238
106.94,250,239
107.74,252,238
108.55,253,238
109.35,254,240
110.16,261,237
110.96,258,238
111.77,263,237
112.57,265,238
113.38,273,237
114.18,291,240
114.99,300,232
115.79,311,230
116.55,363,210
117.34,282,87
118.13,242,113
118.93,242,200
119.72,242,217
120.51,235,220
121.30,238,214
122.09,240,212
122.88,241,211
123.68,241,210
124.47,241,211
125.26,241,212
126.09,234,213
126.89,251,210
127.69,228,217
128.50,221,225
129.30,218,225
130.10,223,214
130.90,231,218
131.70,236,234
132.50,232,232
133.31,237,219
134.11,241,217
134.91,241,211
135.71,295,168
136.50,281,164
137.29,268,193
138.07,268,171
138.86,275,174
139.65,271,151
140.44,263,184
141.23,265,177
142.02,266,148
142.80,267,142
143.59,274,193
144.38,278,145
145.18,273,87
145.97,104,61
146.76,173,80
147.56,295,151
148.35,295,168
149.14,295,145
149.93,288,164
150.72,298,135
151.51,303,187
152.31,299,161
153.10,304,184
153.89,306,187
154.75,321,142
155.55,601,210
156.35,585,229
157.16,585,221
157.96,336,224
158.76,329,222
159.56,332,230
160.36,327,230
161.16,324,232
161.97,316,236
162.77,312,235
163.57,310,234
164.37,309,236
165.17,309,237
165.97,322,236
166.76,329,234
167.56,332,233
168.36,340,221
169.16,1489,221
169.96,1489,229
170.76,1505,227
171.55,6337,214
172.35,1489,212
173.15,1489,222
173.95,1489,217
174.75,539,227
175.55,539,229
176.34,523,232
177.14,523,228
177.94,507,223
178.74,523,219
179.54,134,214
180.34,167,222
181.13,177,225
181.93,175,239
182.73,174,227
183.53,181,218
184.36,177,217
185.19,175,223
186.02,147,239
186.85,133,241
187.68,111,241
188.52,92,241
189.35,98,241
190.18,101,239
191.01,102,238
191.84,110,241
192.67,107,242
193.43,113,234
194.23,116,228
195.03,145,229
195.82,147,230
196.62,160,232
197.42,167,238
198.22,170,236
199.02,179,231
199.82,190,224
200.61,216,226
201.41,229,228
202.21,235,229
202.79,238,227
203.59,240,227
204.39,241,221
205.18,866,216
205.98,881,223
206.78,881,228
207.58,897,228
208.38,928,233
209.18,928,238
209.97,928,235
210.77,570,222
211.57,554,227
212.33,539,228
213.16,539,228
213.99,523,231
214.81,523,230
215.64,507,229
216.47,507,228
217.30,507,234
218.13,507,232
218.96,507,233
219.78,523,233
220.61,507,230
221.44,523,233
222.27,523,232
223.06,539,232
223.85,539,233
224.65,539,235
225.44,554,235
226.23,554,231
227.02,554,232
227.81,554,232
228.60,570,234
229.40,585,235
230.19,601,232
230.98,601,232
231.78,585,232
232.57,585,235
233.36,585,233
234.14,601,234
234.93,601,232
235.72,616,234
236.51,616,236
237.30,616,233
238.09,616,236
238.87,616,234
239.66,632,233
240.45,648,233
241.25,632,237
242.04,648,231
242.83,648,234
243.61,648,234
244.40,648,237
245.19,663,237
245.98,663,236
246.77,663,240
247.56,663,237
248.34,663,234
249.13,663,239
249.92,648,237
250.76,663,236
251.55,663,238
252.34,648,238
253.14,648,238
253.93,648,232
254.72,648,234
255.51,648,234
256.30,648,234
257.09,648,236
257.89,648,235
258.68,648,238
259.47,632,238
260.26,616,230
261.05,601,226
261.84,585,226
262.64,570,226
263.43,554,228
264.22,554,231
265.01,539,232
265.80,523,228
266.59,523,229
267.39,523,231
268.18,507,230
268.97,499,228
269.73,495,230
270.54,485,232
271.34,472,235
272.15,458,230
272.95,451,232
273.76,440,233
274.56,435,232
275.37,425,234
276.17,420,236
276.98,417,234
277.78,409,233
278.59,397,233
279.38,391,233
280.18,388,234
280.97,387,234
281.77,394,234
282.56,397,233
283.36,399,233
284.15,400,232
284.95,400,234
285.74,400,236
286.54,407,235
287.33,411,233
288.13,406,233
288.92,396,235
289.72,391,232
290.52,377,235
291.33,381,232
292.13,391,234
292.93,410,231
293.73,819,218
294.53,819,224
295.33,835,222
296.14,835,224
296.94,850,226
297.74,850,227
298.54,866,230
299.37,881,235
300.21,850,238
301.04,757,231
301.88,757,221
302.71,523,210
303.55,757,213
304.38,772,213
305.22,772,212
306.05,445,210
306.89,430,197
307.72,422,171
308.48,418,193
309.28,409,184
310.07,405,197
310.87,395,161
311.66,390,174
312.46,201,210
313.25,194,216
314.05,171,217
314.84,172,223
315.64,173,226
316.43,173,229
317.23,173,230
317.98,173,229
318.78,161,230
319.58,155,234
320.38,164,231
321.18,169,233
321.98,171,232
322.77,160,230
323.57,167,231
324.37,158,230
325.17,166,232
325.97,170,230
326.77,172,227
327.56,173,223
328.36,173,220
329.16,180,213
329.95,190,211
330.75,476,155
331.55,476,145
332.35,476,184
333.15,484,211
333.95,554,230
334.74,539,232
335.54,554,232
336.34,539,234
337.10,539,230
337.87,539,233
338.63,539,233
339.40,539,232
340.17,539,234
340.93,539,232
341.70,539,232
342.46,523,234
343.23,523,232
344.00,523,234
344.76,523,232
345.53,523,232
346.35,523,230
347.08,507,231
347.82,507,220
348.55,386,228
349.28,374,230
350.01,368,233
350.75,365,239
351.48,364,237
352.21,375,233
352.94,380,227
353.68,459,220
354.41,475,230
355.20,507,235
355.99,523,232
356.78,523,227
357.58,539,214
358.37,295,210
359.16,445,216
359.95,423,224
0.74,363,219
1.53,476,126
2.33,336,164
3.12,329,132
3.91,339,184
4.70,539,221
5.49,539,231
6.28,539,232
7.07,539,236
7.86,539,232
8.65,539,234
9.45,539,237
10.24,554,235
11.03,554,235
11.82,554,234
12.61,585,214
13.40,309,218
14.23,302,231
15.02,298,228
15.81,303,215
16.59,306,215
17.38,363,218
18.17,356,220
18.96,346,218
19.75,334,231
20.54,328,224
21.32,332,214
22.11,313,211
22.90,290,210
23.69,292,212
24.48,280,210
25.27,287,212
26.07,284,238
26.86,283,239
27.65,282,235
28.44,288,228
29.23,415,226
30.02,430,230
30.82,430,233
31.61,430,233
32.40,422,235
33.19,418,233
33.94,409,231
34.69,405,233
35.45,403,232
36.20,394,233
36.95,390,233
37.70,388,232
38.45,375,234
39.20,369,234
39.96,366,232
40.71,357,235
41.46,353,233
42.25,351,233
43.04,343,229
43.83,339,229
44.61,337,236
45.40,336,235
46.19,329,234
46.98,325,236
47.77,323,234
48.56,316,235
49.34,312,235
50.13,317,237
50.92,319,233
51.75,314,237
52.52,311,231
53.28,310,237
54.05,309,234
54.81,302,238
55.58,298,237
56.34,296,238
57.11,295,237
57.87,295,236
58.64,295,239
59.40,295,235
60.17,288,236
60.92,278,237
61.72,280,237
62.52,281,235
63.31,281,236
64.11,281,236
64.91,281,237
65.71,281,236
66.51,281,236
67.31,281,237
68.10,281,240
68.90,274,238
69.70,271,238
70.45,276,236
71.24,279,239
72.03,273,239
72.83,277,238
73.62,279,236
74.41,280,236
75.20,281,235
75.99,281,238
76.78,274,235
77.58,278,238
78.37,266,236
79.16,267,238
79.92,242,238
80.70,255,237
81.48,242,235
82.25,228,234
83.03,228,233
83.81,228,232
84.59,228,233
85.37,221,230
86.15,231,233
86.92,237,231
87.70,252,232
88.48,260,233
89.23,271,234
90.04,276,235
90.86,272,233
91.67,277,235
92.49,279,237
93.30,267,235
94.12,267,236
94.93,267,238
95.75,261,239
96.56,242,238
97.38,245,238
98.19,243,235
98.94,242,237
99.73,242,238
100.52,242,236
101.32,245,238
102.11,243,234
102.90,246,236
103.69,250,237
104.48,252,238
105.27,253,238
106.07,254,234
106.86,254,237
107.65,254,238
108.40,261,237
109.19,258,236
109.98,263,240
110.78,265,240
111.57,266,239
112.36,267,237
113.15,274,238
113.94,291,238
114.73,300,234
115.53,297,229
116.32,309,171
117.11,255,103
117.94,228,119
118.73,228,212
119.53,235,219
120.32,231,221
121.12,229,216
121.91,228,213
122.71,228,212
123.50,228,210
124.30,228,211
125.09,235,212
125.89,231,212
126.68,229,212
127.57,235,217
128.36,231,226
129.15,223,223
129.95,219,214
130.74,223,221
131.53,232,235
132.32,230,232
133.11,236,219
133.90,239,216
134.70,295,210
135.49,242,206
136.28,262,193
137.11,258,210
137.91,309,164
138.71,288,145
139.51,285,151
140.31,283,122
141.11,269,180
141.92,268,151
142.72,275,155
143.52,285,161
144.32,283,168
145.12,134,64
145.92,119,54
146.75,282,87
147.54,282,164
148.34,288,177
149.13,291,155
149.93,300,180
150.72,304,151
151.52,306,180
152.31,314,158
153.11,318,190
153.90,327,138
154.70,331,148
155.49,601,214
156.25,585,229
157.07,601,218
157.88,322,223
158.70,322,223
159.52,329,231
160.34,332,230
161.15,327,231
161.97,324,235
162.79,316,233
163.61,312,232
164.42,310,234
165.24,316,234
166.07,326,233
166.87,331,233
167.68,333,232
168.48,341,218
169.28,1489,224
170.09,1489,228
170.89,1505,224
171.70,6321,213
172.50,1489,213
173.30,1489,221
174.11,1505,215
174.91,539,225
175.71,539,228
176.50,523,230
177.29,523,226
178.08,507,224
178.87,523,219
179.66,201,216
180.46,194,225
181.25,191,232
182.04,182,238
182.83,185,225
183.62,179,220
184.41,176,219
185.20,162,223
186.03,140,242
186.87,122,243
187.70,120,240
188.54,97,240
189.37,93,241
190.21,91,240
191.04,97,241
191.88,108,244
192.71,113,242
193.55,123,235
194.38,121,229
195.17,147,228
195.94,160,234
196.72,154,233
197.49,151,238
198.27,162,235
199.04,168,232
199.82,191,227
200.59,209,227
201.37,218,227
202.14,223,226
202.92,232,228
203.69,237,224
204.45,241,220
205.24,881,216
206.04,881,223
206.83,881,226
207.63,897,227
208.42,913,235
209.22,928,237
210.01,928,229
210.81,554,225
211.60,539,229
212.40,539,230
213.19,523,227
213.98,523,229
214.80,507,232
215.62,507,231
216.44,507,231
217.26,507,233
218.08,507,232
218.91,507,235
219.73,523,232
220.55,507,230
221.37,523,231
222.19,523,230
223.01,523,231
223.76,539,232
224.55,539,234
225.35,554,235
226.14,554,234
226.94,554,232
227.73,554,234
228.53,585,232
229.32,585,234
230.12,601,233
230.91,601,234
231.71,585,234
232.50,585,234
233.33,601,235
234.12,585,233
234.91,601,235
235.69,616,236
236.48,616,232
237.27,616,234
238.06,616,235
238.85,616,234
239.64,632,235
240.42,648,235
241.21,648,236
242.00,648,232
242.79,648,234
243.58,648,233
244.38,648,235
245.17,663,239
245.97,663,238
246.76,663,238
247.56,663,235
248.35,663,240
249.15,663,236
249.94,648,236
250.74,648,236
251.53,663,237
252.29,648,237
253.08,648,237
253.87,648,235
254.67,648,233
255.46,648,235
256.25,648,234
257.04,648,237
257.83,648,233
258.62,648,235
259.42,632,236
260.21,616,230
261.00,601,225
261.82,585,224
262.59,570,227
263.36,554,228
264.14,554,228
264.91,539,230
265.68,523,230
266.45,523,229
267.22,507,234
267.99,507,232
268.77,499,230
269.54,495,232
270.31,485,234
271.10,480,234
271.94,462,229
272.77,453,230
273.61,441,233
274.45,428,232
275.29,421,234
276.12,418,236
276.96,409,234
277.80,405,236
278.64,403,234
279.47,402,234
280.31,394,235
281.06,397,233
281.85,399,232
282.64,400,233
283.43,400,236
284.22,393,235
285.01,389,235
285.79,395,235
286.58,405,236
287.37,410,234
288.16,405,233
288.95,395,234
289.74,390,232
290.60,388,235
291.42,394,235
292.23,404,234
293.05,409,232
293.87,803,215
294.69,819,225
295.50,819,226
296.32,835,225
297.14,850,225
297.96,850,227
298.77,866,229
299.59,881,238
300.38,850,238
301.16,757,231
301.94,772,222
302.71,507,212
303.49,757,212
304.27,757,212
305.05,772,212
305.83,476,187
306.61,460,129
307.38,445,174
308.16,430,187
308.94,430,126
309.73,363,145
310.52,363,145
311.31,363,148
312.11,174,211
312.90,174,215
313.69,174,221
314.48,174,223
315.27,174,227
316.06,174,228
316.86,174,231
317.65,161,231
318.44,167,233
319.23,170,235
320.02,159,231
320.81,166,233
321.61,157,233
322.40,165,231
323.19,169,231
323.98,171,231
324.77,172,230
325.56,173,228
326.36,173,225
327.15,173,223
327.94,180,220
328.73,190,214
329.55,476,177
330.36,467,171
331.18,479,210
332.00,477,164
332.82,539,211
333.63,554,227
334.45,539,230
335.27,554,231
336.09,554,236
336.90,539,230
337.72,539,234
338.51,539,233
339.31,539,234
340.10,539,233
340.90,539,233
341.70,539,231
342.49,523,233
343.29,523,233
344.08,523,231
344.88,523,232
345.68,523,232
346.47,523,233
347.27,523,234
348.07,386,220
348.80,386,225
349.54,374,229
350.27,368,235
351.00,358,237
351.74,372,235
352.47,379,231
353.21,382,225
353.94,445,222
354.67,507,234
355.41,507,234
356.14,523,233
356.94,523,226
357.73,539,214
358.53,322,210
359.32,476,218
0.11,401,222
0.90,382,215
1.70,391,151
2.49,322,142
3.28,329,193
4.07,445,161
4.87,539,222
5.66,539,232
6.45,539,231
7.24,539,235
8.04,539,236
8.83,539,234
9.62,554,233
10.42,554,236
11.21,554,233
12.01,554,231
12.80,601,212
13.59,309,224
14.39,302,228
15.18,298,223
15.94,303,215
16.71,585,219
17.49,363,219
18.26,349,219
19.03,342,221
19.81,332,227
20.58,334,221
21.36,314,213
22.13,298,211
22.90,290,210
23.68,286,212
24.45,290,197
25.28,286,219
26.07,277,239
26.86,279,238
27.65,287,231
28.44,291,223
29.23,430,228
30.02,430,230
30.81,430,233
31.60,422,235
32.39,418,236
33.18,416,234
33.97,408,233
34.76,404,232
35.54,402,232
36.32,394,233
37.10,390,235
37.88,388,234
38.66,375,233
39.44,369,233
40.22,366,233
41.00,357,236
41.78,353,233
42.56,344,232
43.34,333,229
44.14,327,233
44.94,324,237
45.74,323,235
46.54,316,236
47.34,312,238
48.14,310,235
48.94,316,233
49.74,319,235
50.54,314,235
51.34,311,236
52.14,310,236
52.94,309,235
53.80,309,237
54.59,309,236
55.38,309,236
56.17,302,237
56.96,298,235
57.75,296,237
58.54,295,237
59.33,295,239
60.12,295,239
60.91,288,233
61.70,278,236
62.49,273,237
63.28,277,236
64.04,279,236
64.80,273,237
65.56,277,237
66.32,279,236
67.08,280,237
67.85,281,238
68.61,281,236
69.37,281,238
70.13,274,239
70.89,278,236
71.65,280,236
72.44,281,239
73.23,274,237
74.03,278,235
74.82,273,233
75.61,277,236
76.41,272,237
77.20,270,237
78.00,269,238
78.79,268,238
79.58,261,237
80.38,264,236
81.17,266,235
81.96,228,234
82.73,221,236
83.51,224,232
84.28,233,231
85.05,230,233
85.83,236,229
86.60,239,233
87.38,243,229
88.15,255,232
88.92,268,238
89.70,275,235
90.47,271,235
91.30,276,238
92.09,272,236
92.89,270,236
93.68,276,235
94.47,279,236
95.27,273,239
96.06,264,237
96.86,259,238
97.65,257,236
98.44,256,235
99.24,255,235
100.03,242,236
100.82,242,235
101.62,245,238
102.41,243,236
103.21,246,238
104.01,257,237
104.80,262,236
105.60,258,238
106.39,263,239
107.19,259,239
107.99,257,240
108.78,262,237
109.58,265,240
110.34,266,238
111.14,267,237
111.94,267,238
112.74,274,239
113.54,278,238
114.34,293,237
115.14,294,232
115.94,308,222
116.74,301,122
117.54,298,103
118.34,228,138
119.14,228,216
119.97,228,221
120.77,228,221
121.58,228,215
122.38,228,213
123.18,235,211
123.98,238,211
124.79,253,212
125.59,228,212
126.39,228,213
127.19,235,213
128.00,231,220
128.80,223,227
129.59,219,217
130.39,223,214
131.18,232,228
131.98,230,236
132.78,236,226
133.57,240,218
134.37,241,214
135.16,244,193
135.96,256,187
136.76,255,203
137.55,275,161
138.35,271,158
139.11,263,116
139.91,265,145
140.72,266,145
141.52,280,168
142.32,287,180
143.13,277,168
143.93,272,132
144.74,270,119
145.54,104,54
146.34,96,51
147.15,295,135
147.95,281,148
148.81,288,210
149.62,291,177
150.44,300,190
151.25,297,138
152.06,296,148
152.88,302,151
153.69,305,171
154.51,320,142
155.32,386,129
156.13,585,229
156.95,585,228
157.76,336,221
158.51,329,222
159.31,332,229
160.10,334,229
160.90,328,234
161.70,325,237
162.49,317,234
163.29,313,232
164.08,311,236
164.88,316,236
165.68,326,231
166.47,331,233
167.27,333,234
168.07,341,223
168.87,1489,217
169.68,1474,227
170.48,1489,227
171.28,1520,212
172.08,6321,203
172.89,1489,218
173.69,1489,221
174.49,539,223
175.29,539,223
176.10,539,230
176.90,523,230
177.73,507,223
178.52,523,220
179.31,523,215
180.10,188,218
180.89,181,226
181.68,177,234
182.47,175,234
183.26,174,221
184.05,187,222
184.84,180,221
185.63,157,234
186.42,138,242
187.18,128,243
187.97,108,240
188.77,98,242
189.56,108,241
190.35,106,238
191.14,105,243
191.94,112,244
192.73,115,242
193.52,124,229
194.31,129,227
195.11,151,233
195.90,162,229
196.70,168,234
197.51,171,240
198.31,172,236
199.12,180,232
199.93,204,223
200.73,223,227
201.54,225,227
202.34,233,229
203.15,237,228
203.96,241,223
204.76,241,221
205.57,881,219
206.40,881,224
207.19,881,228
207.98,897,228
208.77,913,237
209.56,928,236
210.35,570,220
211.13,539,226
211.92,539,230
212.71,523,229
213.50,523,228
214.29,507,229
215.08,507,230
215.88,507,230
216.66,507,231
217.43,499,232
218.21,507,232
218.99,507,233
219.76,507,229
220.54,507,230
221.31,523,232
222.09,523,231
222.87,539,232
223.64,539,233
224.42,554,233
225.22,554,233
226.03,554,234
226.83,554,231
227.64,554,232
228.45,585,231
229.25,585,236
230.06,585,235
230.86,601,232
231.67,585,233
232.48,585,234
233.28,601,232
234.09,585,232
234.85,601,233
235.64,601,238
236.44,616,235
237.23,616,233
238.02,616,236
238.81,616,236
239.61,632,235
240.40,632,234
241.19,648,235
241.98,648,235
242.78,648,234
243.57,648,235
244.36,648,237
245.14,663,236
245.91,663,233
246.69,663,239
247.47,663,236
248.25,663,236
249.02,648,235
249.80,648,237
250.58,648,236
251.36,663,238
252.13,663,237
252.91,648,237
253.70,648,238
254.49,648,233
255.28,648,236
256.07,648,234
256.86,648,236
257.65,648,236
258.45,648,235
259.24,632,238
260.03,632,234
260.82,601,226
261.61,585,225
262.40,570,228
262.97,570,228
263.76,554,229
264.55,539,230
265.34,539,231
266.13,523,231
266.92,507,231
267.71,507,230
268.50,507,230
269.29,499,230
270.08,487,229
270.87,481,233
271.66,470,232
272.49,457,231
273.34,443,233
274.20,436,233
275.05,425,234
275.90,420,236
276.75,417,234
277.61,409,234
278.46,405,233
279.31,395,234
280.16,398,233
281.02,392,232
281.87,396,233
282.66,398,235
283.46,399,235
284.25,392,233
285.05,389,233
285.85,395,235
286.64,398,234
287.44,414,234
288.23,407,235
289.03,396,235
289.83,391,234
290.62,388,235
291.42,387,237
292.18,401,234
292.97,408,234
293.76,419,218
294.55,819,223
295.34,819,223
296.13,835,226
296.92,835,226
297.71,850,228
298.50,866,230
299.29,881,234
300.08,866,238
300.87,772,227
301.70,757,228
302.50,523,212
303.29,507,211
304.09,757,216
304.89,772,211
305.68,445,187
306.48,445,155
307.27,452,164
308.07,433,168
308.87,417,168
309.66,362,145
310.46,374,180
311.29,368,197
312.09,188,177
312.88,181,213
313.68,165,218
314.48,169,223
315.27,171,226
316.07,172,228
316.86,173,228
317.66,173,228
318.46,173,230
319.25,173,231
320.05,161,231
320.81,155,232
321.60,152,233
322.39,163,233
323.18,168,232
323.97,158,231
324.76,166,231
325.54,170,229
326.33,172,228
327.12,173,224
327.91,180,222
328.70,177,216
329.49,182,211
330.29,185,168
331.09,476,161
331.90,484,187
332.70,480,174
333.50,554,221
334.30,554,231
335.11,538,233
335.91,538,232
336.71,538,232
337.51,538,234
338.32,538,234
339.12,538,234
339.92,538,232
340.71,523,232
341.50,538,233
342.30,538,234
343.09,523,234
343.88,523,232
344.67,523,232
345.46,523,231
346.25,523,233
347.05,523,230
347.84,507,221
348.63,386,224
349.43,374,229
350.18,368,235
350.94,358,237
351.69,360,236
352.45,373,235
353.20,379,225
353.96,370,220
354.71,476,230
355.47,523,233
356.22,523,235
356.98,523,232
357.73,538,215
358.48,538,210
359.27,507,217
0.07,430,224
0.86,362,222
1.65,381,168
2.44,74,126
3.24,309,180
4.03,315,158
4.82,554,222
5.61,538,231
6.41,538,233
7.20,538,231
7.72,538,233
8.51,538,234
9.30,554,234
10.09,554,237
10.88,554,235
11.67,554,230
12.45,585,214
13.24,309,223
14.03,302,229
14.82,298,222
15.61,303,215
16.40,585,219
17.19,570,217
18.01,349,218
18.83,342,223
19.65,325,230
20.47,323,220
21.29,322,215
22.11,308,211
22.93,295,211
23.75,288,212
24.57,291,203
25.39,286,219
26.21,284,239
26.97,283,239
27.76,289,234
28.55,299,221
29.34,430,227
30.13,437,231
30.92,441,234
31.70,428,233
32.49,421,234
33.28,418,235
34.07,409,235
34.86,405,235
35.65,403,233
36.48,394,232
37.23,390,237
37.98,388,232
38.72,375,233
39.47,368,234
40.22,365,231
40.97,357,235
41.72,353,233
42.47,344,231
43.21,340,229
43.96,338,233
44.71,330,233
45.46,333,236
46.30,327,236
47.14,324,234
47.98,323,237
48.82,322,234
49.66,322,234
50.50,315,235
51.34,312,237
52.18,310,237
53.02,302,236
53.86,305,240
54.70,307,235
55.46,301,235
56.25,298,236
57.04,296,235
57.83,295,236
58.62,295,236
59.41,288,238
60.19,285,235
60.98,276,236
61.77,279,238
62.56,273,232
63.35,277,236
64.14,279,235
64.97,280,235
65.75,281,239
66.52,281,236
67.30,274,235
68.08,278,236
68.86,280,236
69.63,281,237
70.41,281,237
71.19,281,237
71.97,281,237
72.74,281,238
73.52,274,236
74.27,278,234
75.07,280,232
75.86,281,238
76.66,281,235
77.46,274,237
78.26,278,234
79.05,273,236
79.85,264,235
80.65,266,236
81.45,228,234
82.24,228,230
83.04,221,234
83.76,231,233
84.56,229,233
85.35,228,231
86.15,234,233
86.95,251,232
87.74,266,231
88.54,274,233
89.33,278,237
90.13,273,237
90.93,277,236
91.72,266,235
92.52,267,237
93.31,267,238
94.10,261,236
94.89,264,238
95.68,259,237
96.47,257,238
97.26,256,239
98.06,241,236
98.85,241,237
99.64,241,235
100.43,241,237
101.22,241,235
102.01,241,238
102.76,244,239
103.56,246,236
104.35,250,236
105.15,252,238
105.94,253,237
106.74,254,239
107.53,261,238
108.33,258,237
109.12,263,239
109.92,259,237
110.71,263,240
111.51,265,240
112.31,266,238
113.08,274,235
113.86,291,240
114.63,293,232
115.40,294,229
116.18,315,161
116.95,291,106
117.73,241,103
118.50,254,210
119.27,241,219
120.05,234,221
120.82,231,216
121.69,229,214
122.52,228,213
123.35,228,210
124.18,234,210
125.01,237,213
125.84,232,213
126.67,236,214
127.50,232,217
128.33,223,224
129.16,219,224
129.99,223,215
130.82,232,221
131.57,236,232
132.36,232,232
133.16,236,221
133.95,240,214
134.74,240,211
135.53,254,148
136.33,254,174
137.12,254,184
137.91,261,187
138.70,264,177
139.50,273,177
140.29,270,106
141.12,276,200
141.91,272,145
142.71,270,132
143.50,276,171
144.29,272,158
145.09,134,77
145.88,119,64
146.68,295,71
147.47,281,142
148.26,288,138
149.06,298,168
149.85,303,155
150.61,299,142
151.43,304,174
152.25,299,148
153.07,304,171
153.89,313,142
154.71,317,184
155.53,601,212
156.35,585,228
157.17,570,225
157.99,336,222
158.81,329,222
159.63,332,232
160.46,334,227
161.25,328,234
162.04,325,236
162.83,317,233
163.62,306,234
164.41,307,236
165.19,314,236
165.98,325,234
166.77,330,233
167.56,333,233
168.35,341,219
169.14,1489,221
169.93,1489,229
170.72,1489,227
171.52,6336,214
172.31,1505,210
173.10,1489,219
173.90,1505,218
174.69,538,224
175.49,538,228
176.28,523,229
177.07,507,226
177.87,507,223
178.66,523,221
179.42,174,212
180.22,174,221
181.02,181,227
181.82,184,236
182.62,179,232
183.42,176,222
184.22,162,219
185.02,168,220
185.82,151,237
186.62,135,242
187.42,112,243
188.22,108,241
189.05,113,239
189.84,108,243
190.63,113,241
191.42,108,241
192.21,113,243
193.00,116,238
193.78,117,232
194.57,133,227
195.36,141,232
196.15,157,233
196.94,165,234
197.73,176,241
198.56,175,235
199.34,181,227
200.11,204,224
200.89,216,227
201.67,222,228
202.45,225,229
203.22,233,226
204.00,237,224
204.78,239,218
205.56,881,217
206.33,881,226
207.11,881,228
207.91,897,227
208.70,912,238
209.49,928,234
210.29,554,227
211.08,538,228
211.87,538,228
212.66,523,229
213.45,507,230
214.24,507,232
215.04,507,230
215.83,507,230
216.62,507,233
217.43,499,233
218.22,495,233
219.01,507,233
219.80,507,229
220.59,507,232
221.38,523,231
222.16,507,232
222.95,538,231
223.74,538,232
224.53,538,235
225.32,554,235
226.11,538,233
226.90,538,233
227.68,554,233
228.46,585,232
229.24,585,235
230.02,585,233
230.80,601,231
231.59,585,232
232.37,570,235
233.15,601,233
233.93,601,233
234.71,601,234
235.49,601,235
236.25,616,233
237.05,616,233
237.84,601,233
238.64,616,234
239.43,632,234
240.23,632,234
241.02,647,237
241.82,647,230
242.61,647,235
243.41,647,236
244.20,647,236
245.00,647,237
245.79,663,236
246.55,663,234
247.31,663,236
248.08,647,236
248.84,647,236
249.60,647,237
250.36,647,235
251.12,647,237
251.88,647,236
252.65,647,237
253.41,647,237
254.17,647,235
254.96,647,236
255.76,647,233
256.57,647,235
257.37,632,234
258.17,647,234
258.98,647,238
259.78,616,234
260.59,601,225
261.39,585,224
262.19,570,226
263.00,554,227
263.80,554,228
264.59,538,230
265.39,538,229
266.18,523,229
266.98,507,229
267.78,507,231
268.57,507,231
269.37,499,230
270.16,487,231
270.96,481,232
271.76,470,233
272.55,457,228
273.35,443,229
274.10,436,232
274.92,425,235
275.74,420,233
276.56,417,235
277.38,409,235
278.20,405,234
279.02,403,232
279.84,402,233
280.66,401,234
281.48,401,234
282.30,401,232
283.12,393,236
283.95,397,234
284.73,399,232
285.52,400,233
286.30,400,235
287.09,407,236
287.87,404,233
288.66,395,233
289.44,390,236
290.23,388,235
291.01,387,236
291.80,401,234
292.58,408,235
293.37,426,217
294.17,819,222
294.96,819,223
295.76,835,225
296.55,835,225
297.35,850,227
298.14,866,226
298.94,897,235
299.73,850,237
300.53,788,227
301.32,772,232
302.12,788,212
302.88,772,210
303.70,772,214
304.51,788,212
305.33,788,200
306.15,445,210
306.96,437,184
307.78,29,135
308.59,445,164
309.41,386,177
310.23,386,190
311.04,374,168
311.86,174,193
312.69,174,215
313.48,174,219
314.27,174,223
315.06,174,225
315.85,174,227
316.64,174,228
317.42,161,230
318.21,155,231
319.00,164,231
319.79,169,232
320.58,159,233
321.37,154,234
322.16,164,232
322.96,169,233
323.75,171,232
324.55,172,229
325.35,173,230
326.14,173,227
326.94,173,225
327.73,180,219
328.53,204,214
329.33,189,211
330.12,181,161
330.92,476,177
331.71,476,197
332.55,483,171
333.40,554,229
334.24,554,230
335.09,538,231
335.93,538,232
336.78,538,232
337.62,538,231
338.47,538,233
339.31,538,231
340.16,538,235
341.00,523,232
341.83,523,233
342.62,538,234
343.41,523,232
344.20,523,235
344.99,523,232
345.78,523,233
346.57,523,232
347.36,523,230
348.15,400,219
348.94,393,228
349.73,377,231
350.52,369,235
351.32,365,237
352.04,363,236
352.76,374,234
353.48,380,225
354.20,459,221
354.92,475,232
355.65,523,232
356.37,523,235
357.09,523,227
357.81,554,212
358.53,322,210
359.25,476,218
0.04,400,224
0.83,393,216
1.62,371,168
2.41,295,126
3.20,302,164
3.99,312,187
4.78,538,222
5.57,538,230
6.36,538,232
7.15,538,233
7.94,538,239
8.73,554,233
9.56,554,235
10.35,554,234
11.13,554,234
11.92,554,228
12.71,362,211
13.50,295,220
14.28,295,229
15.07,295,222
15.86,302,217
16.65,585,219
17.43,349,217
18.22,349,216
19.05,342,223
19.83,332,230
20.60,327,223
21.38,304,215
22.16,293,211
22.93,294,214
23.71,288,211
24.48,285,206
25.26,283,221
26.04,275,238
26.81,278,239
27.59,286,234
28.38,297,223
29.17,444,227
29.97,444,231
30.76,444,235
31.55,429,233
32.35,422,233
33.14,411,235
33.94,405,233
34.73,402,234
35.52,401,231
36.32,393,234
37.11,389,235
37.72,375,232
38.51,368,233
39.30,365,236
40.09,363,235
40.88,356,234
41.67,345,232
42.46,340,232
43.25,337,228
44.04,336,233
44.83,329,234
45.62,325,235
46.41,323,236
47.24,322,236
48.04,322,235
48.85,322,234
49.65,322,235
50.45,315,237
51.25,312,237
52.06,310,237
52.86,309,238
53.66,309,237
54.46,309,235
55.27,302,238
56.07,298,238
56.87,296,238
57.67,295,238
58.46,295,236
59.26,295,238
60.06,281,236
60.85,274,234
61.65,278,237
62.44,280,241
63.24,281,235
64.04,274,237
64.83,278,237
65.63,280,239
66.39,281,235
67.18,281,236
67.98,281,237
68.77,281,239
69.56,274,235
70.35,278,237
71.15,273,238
71.94,277,237
72.73,279,237
73.52,280,236
74.32,281,233
75.11,281,231
75.94,274,235
76.71,271,236
77.48,269,236
78.25,268,238
79.02,268,236
79.79,268,234
80.56,268,236
81.33,261,234
82.10,228,234
82.87,221,236
83.64,231,230
84.41,236,234
85.17,232,230
85.97,237,235
86.77,241,233
87.57,254,228
88.37,268,233
89.17,275,235
89.97,278,234
90.77,273,235
91.57,277,235
92.37,272,236
93.17,270,236
93.97,276,237
94.73,272,236
95.52,263,240
96.31,259,239
97.10,257,239
97.89,256,236
98.68,241,236
99.47,244,234
100.26,246,236
101.05,243,237
101.84,246,238
102.63,243,236
103.42,242,237
104.25,241,237
105.05,244,239
105.86,246,237
106.66,250,239
107.46,259,240
108.26,257,238
109.07,256,237
109.87,255,239
110.67,261,238
111.47,264,237
112.28,259,235
113.08,270,236
113.84,282,239
114.64,288,236
115.43,298,233
116.23,310,216
117.03,362,103
117.82,201,93
118.62,214,187
119.41,227,215
120.21,234,217
121.01,231,217
121.80,229,213
122.60,235,212
123.40,238,158
124.19,233,210
124.97,230,211
125.76,229,210
126.55,235,212
127.33,231,214
128.12,229,222
128.90,221,228
129.69,224,215
130.48,226,215
131.26,233,230
132.05,230,234
132.91,235,226
133.70,238,217
134.49,242,212
135.28,262,193
136.07,258,158
136.86,263,180
137.66,279,174
138.45,280,155
139.24,274,145
140.03,271,151
140.82,269,158
141.61,268,206
142.50,268,168
143.29,275,161
144.09,278,135
144.88,241,90
145.67,241,58
146.47,180,71
147.26,210,145
148.06,309,145
148.85,302,142
149.64,298,180
150.44,296,168
151.23,295,135
151.99,315,174
152.78,325,148
153.58,337,161
154.37,349,132
155.16,355,142
155.95,585,227
156.75,585,227
157.54,335,219
158.33,328,222
159.12,331,225
159.92,326,231
160.71,324,232
161.51,323,236
162.30,316,236
163.10,312,232
163.89,310,232
164.68,309,235
165.48,315,232
166.27,318,233
167.07,326,234
167.86,330,224
168.65,1489,218
169.45,1473,229
170.24,1489,228
171.07,1520,211
171.88,6305,187
172.70,1489,219
173.51,1489,220
174.32,538,221
175.13,538,227
175.95,538,231
176.76,507,230
177.57,507,226
178.38,523,222
179.20,523,214
180.01,174,221
180.80,181,226
181.62,184,236
182.44,179,238
183.26,183,221
184.08,178,218
184.90,183,220
185.71,158,232
186.53,138,240
187.35,128,243
188.17,108,242
188.99,106,237
189.81,105,240
190.61,97,241
191.40,100,244
192.19,102,242
192.98,110,240
193.77,122,229
194.56,135,226
195.35,142,232
196.14,158,234
196.93,166,232
197.72,170,242
198.51,172,234
199.30,173,227
200.13,187,224
200.92,214,228
201.71,221,231
202.50,231,230
203.29,236,224
204.08,238,224
204.87,242,218
205.66,881,215
206.45,866,224
207.24,881,229
208.03,897,226
208.82,912,239
209.61,928,232
210.39,538,224
211.16,538,229
211.94,523,232
212.72,523,228
213.49,507,227
214.27,507,232
215.04,507,234
215.82,507,231
216.60,499,232
217.37,495,235
218.15,493,233
218.95,507,230
219.74,491,230
220.54,507,232
221.33,507,235
222.12,523,232
222.91,538,231
223.71,538,231
224.50,538,232
225.29,538,231
226.08,538,235
226.88,538,234
227.67,554,233
228.50,585,234
229.33,585,234
230.16,601,234
230.99,585,233
231.82,569,234
232.65,569,233
233.48,585,234
234.31,585,231
235.14,601,235
235.97,601,238
236.80,616,234
237.63,601,234
238.42,616,238
239.22,616,234
240.01,632,231
240.81,632,236
241.61,647,234
242.40,647,231
243.20,647,235
243.99,647,237
244.79,647,236
245.59,663,236
246.38,663,236
247.18,663,238
247.43,647,237
248.23,647,237
249.02,647,237
249.82,647,235
250.62,647,238
251.42,647,238
252.21,647,240
253.01,647,236
253.81,647,237
254.61,647,233
255.40,647,234
256.20,647,235
256.99,647,236
257.78,647,235
258.56,632,234
259.35,632,239
260.14,616,228
260.92,601,226
261.71,585,227
262.49,570,226
263.28,554,229
264.07,554,228
264.85,538,230
265.64,538,228
266.43,523,229
267.22,507,229
268.02,507,231
268.81,499,230
269.60,495,232
270.40,485,231
271.19,472,235
271.99,458,232
272.78,451,232
273.57,440,233
274.37,435,233
275.16,425,235
275.96,420,236
276.78,417,234
277.60,409,235
278.42,405,233
279.24,403,233
280.06,402,233
280.87,401,231
281.69,401,234
282.51,401,233
283.33,401,233
284.15,401,233
284.97,401,234
285.80,393,234
286.62,404,235
287.43,409,232
288.25,405,234
289.07,395,235
289.88,390,234
290.70,388,238
291.51,394,237
292.33,404,232
293.15,409,229
293.96,803,220
294.78,819,226
295.57,819,223
296.36,835,226
297.16,850,227
297.95,850,228
298.74,866,231
299.54,881,235
300.33,835,236
301.13,757,232
301.92,772,217
302.71,507,210
303.51,772,214
304.30,772,214
305.09,803,210
305.91,445,206
306.73,445,210
307.55,445,168
308.37,423,184
309.19,404,193
310.00,395,174
310.82,378,174
311.64,188,161
312.46,181,212
313.28,177,217
314.10,175,222
314.86,162,223
315.65,168,227
316.45,171,226
317.24,172,231
318.03,173,230
318.83,161,231
319.62,167,232
320.42,170,231
321.21,172,233
322.00,160,231
322.80,167,233
323.59,170,231
324.42,172,229
325.21,173,228
326.00,173,227
326.79,173,224
327.58,180,223
328.37,177,217
329.16,196,211
329.95,476,168
330.74,476,193
331.53,476,203
332.32,476,193
333.11,554,220
333.91,554,229
334.74,539,231
335.57,539,232
336.41,539,231
337.24,554,231
338.07,539,231
338.90,539,232
339.73,539,232
340.56,539,233
341.40,523,233
342.23,539,234
343.06,523,235
343.82,539,233
344.60,523,233
345.38,523,231
346.16,523,233
346.94,523,232
347.72,523,225
348.50,386,223
349.28,386,229
350.06,374,233
350.84,361,236
351.62,362,235
352.40,374,237
352.72,380,225
353.51,371,222
354.29,476,227
355.08,484,234
355.87,523,237
356.66,523,229
357.44,539,220
358.23,309,211
359.02,507,215
359.81,483,222
0.59,363,222
1.38,309,193
2.17,386,171
2.97,322,142
3.76,329,193
4.56,523,217
5.36,539,229
6.15,539,230
6.95,539,233
7.74,523,233
8.54,539,234
9.34,554,233
10.13,554,234
10.93,554,234
11.69,554,234
12.48,570,219
13.27,309,216
14.06,302,227
14.85,298,225
15.64,296,218
16.43,302,216
17.22,585,217
18.01,363,219
18.80,349,219
19.59,335,230
20.38,328,225
21.21,332,215
21.97,282,212
22.73,282,200
23.49,282,211
24.25,282,211
25.01,282,210
25.77,282,235
26.53,275,236
27.29,278,237
28.05,286,227
28.81,401,223
29.57,423,229
30.40,426,233
31.19,428,233
31.98,429,234
32.77,422,235
33.56,411,232
34.35,406,231
35.14,403,233
35.93,394,232
36.72,390,234
37.51,376,234
38.30,369,234
39.09,366,233
39.85,364,230
40.65,356,232
41.45,352,233
42.25,344,232
43.05,340,229
43.85,338,230
44.65,330,236
45.45,333,235
46.25,327,235
47.05,324,235
47.85,323,234
48.65,322,233
49.41,322,232
50.18,315,235
50.96,312,234
51.73,310,238
52.50,309,236
53.28,309,237
54.05,309,236
54.83,302,236
55.60,298,235
56.37,296,235
57.15,295,239
57.92,295,238
58.67,295,238
59.48,288,238
60.29,278,234
61.10,273,237
61.91,277,238
62.72,279,236
63.53,280,237
64.34,281,236
65.15,274,237
65.96,278,236
66.77,280,237
67.58,281,237
68.37,281,238
69.16,281,239
69.96,281,237
70.75,281,239
71.54,281,236
72.34,281,238
73.13,281,237
73.93,281,234
74.72,281,231
75.51,281,232
76.31,274,236
77.10,271,237
77.89,276,237
78.63,272,238
79.36,270,238
80.10,262,236
80.84,258,236
81.58,242,234
82.31,235,233
83.05,225,231
83.79,233,229
84.53,237,234
85.26,232,229
86.00,250,233
86.83,252,232
87.62,267,233
88.41,274,235
89.20,278,235
89.99,280,236
90.78,267,236
91.58,274,234
92.37,242,236
93.16,255,237
93.95,268,237
94.74,261,237
95.53,242,238
96.32,245,238
97.14,250,238
97.96,252,235
98.78,253,236
99.60,254,237
100.42,254,235
101.23,254,235
102.05,254,238
102.87,228,235
103.69,235,240
104.51,240,238
105.33,254,238
106.09,254,239
106.88,242,239
107.67,245,238
108.46,243,237
109.25,255,238
110.04,255,239
110.83,261,238
111.62,264,236
112.41,266,240
113.20,274,235
113.99,284,240
114.78,296,231
115.57,302,232
116.36,319,211
117.16,268,93
117.95,242,96
118.74,242,193
119.54,235,217
120.33,231,219
121.13,229,216
121.92,228,213
122.71,235,212
123.51,238,210
124.30,240,203
125.10,234,211
125.89,231,211
126.69,236,211
127.48,232,217
128.27,223,222
129.06,219,227
129.86,217,216
130.65,229,215
131.44,235,230
132.23,231,232
133.03,236,223
133.82,240,216
134.57,243,211
135.37,246,184
136.18,257,210
136.98,256,171
137.78,322,145
138.59,268,184
139.39,275,164
140.20,285,138
141.00,276,151
141.80,272,171
142.61,283,155
143.41,275,203
144.20,271,193
144.99,269,103
145.79,289,64
146.58,349,67
147.37,329,129
148.17,312,164
148.96,297,168
149.76,289,142
150.55,292,132
151.34,300,151
152.14,311,177
152.93,310,148
153.69,309,135
154.49,315,135
155.28,318,138
156.08,585,225
156.88,585,227
157.67,336,224
158.47,329,221
159.26,332,226
160.06,327,231
160.86,331,230
161.65,326,235
162.45,317,237
163.20,313,234
164.00,311,235
164.80,310,236
165.60,316,235
166.40,319,233
167.20,327,235
168.01,338,228
168.81,1505,217
169.61,1474,227
170.41,1489,230
171.21,1505,212
172.01,6321,190
172.90,1489,219
173.69,1474,220
174.47,539,223
175.26,539,226
176.05,539,229
176.84,523,230
177.62,507,226
178.41,523,221
179.20,507,214
179.99,174,220
180.77,181,225
181.56,177,236
182.39,175,236
183.22,174,220
184.05,174,220
184.89,174,219
185.72,154,233
186.55,136,239
187.38,120,243
188.21,97,239
189.04,93,239
189.88,98,243
190.71,108,239
191.54,106,242
192.30,105,244
193.10,112,239
193.89,123,229
194.69,128,225
195.49,151,232
196.29,162,234
197.08,168,233
197.88,171,240
198.68,172,233
199.48,180,229
200.27,211,226
201.07,226,228
201.86,227,229
202.64,234,229
203.41,238,228
204.19,240,223
204.97,243,217
205.74,881,219
206.52,866,223
207.29,881,229
208.07,897,228
208.85,913,240
209.62,928,227
210.40,539,228
211.23,539,226
212.02,523,230
212.80,507,231
213.59,507,230
214.38,507,231
215.16,507,231
215.95,507,230
216.73,499,233
217.52,495,231
218.31,493,235
219.09,507,231
219.88,499,231
220.68,507,233
221.48,507,232
222.27,523,235
223.07,539,235
223.87,539,234
224.67,539,234
225.46,554,234
226.26,539,234
227.06,539,232
227.86,554,232
228.65,585,233
229.45,585,235
230.20,585,235
231.00,585,232
231.81,570,233
232.61,585,236
233.41,601,235
234.21,570,230
235.02,601,235
235.82,601,234
236.62,616,231
237.42,585,236
238.23,616,231
239.03,616,233
239.86,632,233
240.63,648,237
241.41,648,231
242.18,648,233
242.95,648,234
243.73,648,236
244.50,648,237
245.28,663,238
246.05,663,238
246.82,663,236
247.60,648,236
248.37,648,236
249.16,648,237
249.96,648,236
250.75,648,237
251.55,648,237
252.35,648,238
253.15,648,236
253.94,632,237
254.74,648,235
255.54,648,233
256.34,632,233
257.13,648,237
257.93,648,235
258.69,632,234
259.49,632,239
260.30,616,228
261.10,585,225
261.90,585,224
262.70,570,229
263.51,554,230
264.31,539,231
265.11,539,232
265.91,539,230
266.72,523,231
267.52,507,233
268.35,507,229
269.18,499,231
270.01,495,231
270.84,485,234
271.67,472,232
272.50,458,232
273.32,451,233
274.15,440,234
274.98,427,232
275.81,421,233
276.64,418,235
277.47,409,234
278.22,405,232
279.02,403,233
279.81,402,232
280.61,401,233
281.41,401,232
282.21,382,235
283.00,384,232
283.80,392,235
284.60,396,236
285.40,398,235
286.19,399,235
286.99,407,235
287.75,404,232
288.57,395,235
289.39,379,233
290.21,382,232
291.03,384,236
291.85,392,237
292.66,403,233
293.48,416,222
294.30,803,220
295.12,819,224
295.94,835,226
296.76,835,225
297.55,850,229
298.34,866,226
299.14,881,234
299.93,866,237
300.73,803,229
301.52,757,231
302.32,523,212
303.11,507,210
303.91,757,213
304.70,788,213
305.50,445,210
306.29,445,168
307.08,437,210
307.89,426,168
308.69,413,180
309.50,407,197
310.31,396,197
311.11,379,210
311.92,371,187
312.72,174,215
313.53,174,221
314.34,174,222
315.14,174,225
315.95,174,228
316.74,161,230
317.53,167,229
318.33,158,229
319.12,166,231
319.91,157,232
320.71,153,232
321.50,151,230
322.30,150,233
323.09,162,234
323.88,168,233
324.68,171,230
325.47,172,228
326.30,173,228
327.09,173,222
327.88,173,220
328.67,173,215
329.46,173,184
330.25,476,190
331.05,484,158
331.84,480,200
332.63,486,200
333.42,554,226
334.21,539,231
335.00,539,232
335.83,554,231
336.65,539,232
337.48,539,233
338.30,539,234
339.13,539,233
339.95,539,232
340.78,539,234
341.60,523,233
342.43,539,232
343.25,523,234
344.08,539,232
344.90,523,234
345.69,523,234
346.43,523,231
347.16,523,233
347.90,507,222
348.64,386,226
349.38,374,231
350.11,368,234
350.85,358,239
351.59,360,235
352.33,373,234
353.06,379,224
353.80,476,221
354.56,507,232
355.35,523,235
356.15,523,232
356.94,523,228
357.73,539,217
358.53,309,180
359.32,476,220
0.12,415,223
0.91,400,218
1.70,336,190
2.50,329,174
3.29,319,177
4.08,314,158
4.86,539,218
5.63,539,231
6.41,539,232
7.19,539,235
7.97,539,231
8.74,539,235
9.52,554,234
10.30,554,233
11.08,554,233
11.85,554,231
12.63,585,213
13.42,309,220
14.21,302,229
15.01,298,226
15.80,303,216
16.59,585,218
17.39,363,222
18.18,356,218
18.98,346,218
19.77,334,232
20.56,328,226
21.36,325,214
22.15,268,211
22.58,288,211
23.37,285,212
24.17,283,210
24.96,282,214
25.75,282,237
26.54,268,238
27.34,281,234
28.13,288,224
28.92,445,224
29.71,445,230
30.51,437,232
31.30,426,233
32.10,420,234
32.89,417,234
33.67,416,233
34.46,408,231
35.25,404,232
36.03,395,233
36.82,390,232
37.60,376,229
38.39,369,234
39.18,366,234
39.96,364,234
40.75,356,231
41.58,352,231
42.37,344,230
43.17,340,228
43.96,338,233
44.75,337,237
45.55,336,234
46.34,322,234
47.14,322,232
47.93,322,236
48.72,322,235
49.52,322,233
50.31,315,235
51.07,312,237
51.85,310,236
52.62,309,235
53.40,309,239
54.18,309,238
54.95,302,237
55.73,298,237
56.50,296,235
57.28,295,236
58.06,295,238
58.83,295,236
59.61,295,238
60.47,288,236
61.24,285,237
62.02,283,237
62.79,282,237
63.56,275,236
64.34,278,233
65.11,273,238
65.89,277,237
66.66,279,236
67.43,280,238
68.21,274,236
68.98,278,235
69.78,280,238
70.57,274,236
71.37,278,237
72.16,280,235
72.95,281,238
73.74,274,236
74.54,278,232
75.33,280,232
76.12,281,239
76.91,274,235
77.71,278,237
78.50,273,236
79.30,270,235
80.07,242,236
80.83,245,234
81.60,243,237
82.37,229,237
83.13,228,233
83.90,235,231
84.66,238,232
85.43,233,231
86.20,237,234
86.96,239,235
87.73,243,231
88.49,262,231
89.28,272,233
90.07,277,235
90.86,272,239
91.65,270,236
92.44,269,236
93.23,275,236
94.02,271,237
94.81,269,235
95.60,262,237
96.39,242,238
97.18,245,239
97.79,243,234
98.58,242,235
99.38,235,234
100.17,231,235
100.96,236,237
101.76,240,238
102.55,241,236
103.35,244,239
104.14,246,237
104.93,250,238
105.73,252,239
106.52,253,239
107.35,260,237
108.20,257,237
109.04,262,238
109.89,242,239
110.73,255,239
111.58,261,238
112.42,264,239
113.27,273,235
114.11,284,238
114.96,289,233
115.80,299,232
116.65,310,174
117.44,242,109
118.23,262,109
119.03,272,193
119.82,228,216
120.61,228,224
121.41,228,216
122.20,235,214
123.00,238,211
123.79,233,210
124.58,238,211
125.38,233,212
126.17,237,211
127.00,232,212
127.82,237,216
128.63,232,223
129.45,223,227
130.27,232,215
131.08,237,217
131.90,232,232
132.71,230,233
133.53,236,222
134.35,239,214
135.16,309,210
135.98,289,200
136.74,272,180
137.50,270,180
138.27,269,138
139.03,262,151
139.79,285,132
140.56,277,187
141.32,273,161
142.09,271,155
142.85,276,180
143.61,279,184
144.38,280,184
145.14,242,77
145.93,158,54
146.72,269,87
147.52,282,180
148.31,289,174
149.10,292,177
149.90,300,161
150.69,291,168
151.49,300,158
152.28,304,171
153.07,306,161
153.87,307,168
154.66,363,158
155.49,601,212
156.29,586,230
157.09,586,222
157.89,336,225
158.69,336,224
159.49,336,231
160.28,336,232
161.08,329,231
161.88,326,234
162.68,317,234
163.48,313,234
164.28,311,235
165.08,317,235
165.90,326,233
166.73,331,233
167.55,333,235
168.37,341,222
169.19,1490,220
170.02,1490,228
170.84,1490,227
171.66,6321,212
172.48,1505,203
173.31,1474,220
174.13,1490,220
174.88,539,225
175.67,539,228
176.46,539,232
177.25,523,227
178.04,523,223
178.83,523,221
179.63,175,214
180.42,175,220
181.21,175,230
182.00,175,238
182.79,175,228
183.58,175,220
184.41,181,220
185.24,165,221
186.07,150,234
186.91,135,241
187.74,120,244
188.57,112,241
189.40,108,242
190.23,106,238
191.06,98,240
191.90,101,243
192.73,103,244
193.56,104,237
194.36,112,225
195.12,123,226
195.88,149,231
196.64,162,234
197.40,168,237
198.16,171,238
198.92,173,234
199.68,180,225
200.44,204,227
201.20,216,227
201.96,229,227
202.72,235,229
203.51,231,227
204.31,236,224
205.10,239,219
205.90,866,219
206.70,882,227
207.50,882,227
208.29,913,228
209.09,913,238
209.89,928,220
210.69,539,226
211.48,539,229
212.28,523,231
213.07,508,228
213.86,508,229
214.64,508,231
215.43,500,233
216.22,496,233
217.00,494,231
217.79,493,232
218.57,508,234
219.36,508,230
220.15,500,229
220.93,508,235
221.72,508,233
222.55,523,234
223.34,539,230
224.13,539,234
224.92,539,236
225.71,539,234
226.50,539,233
227.30,539,233
228.09,554,231
228.88,586,232
229.67,586,236
230.46,586,235
231.25,570,232
232.04,586,232
232.84,586,235
233.63,601,231
234.43,601,232
235.23,601,233
236.02,586,236
236.82,617,232
237.61,601,235
238.41,601,235
239.21,616,234
240.00,632,235
240.80,632,235
241.56,648,231
242.32,632,233
243.08,648,233
243.84,648,235
244.60,648,237
245.36,663,236
246.12,663,238
246.88,648,235
247.64,648,238
248.40,648,238
249.16,632,236
249.92,648,237
250.75,648,235
251.54,648,239
252.33,648,237
253.12,648,236
253.91,648,237
254.70,648,232
255.49,648,235
256.28,648,234
257.07,648,237
257.86,648,236
258.65,648,235
259.44,632,238
260.24,616,228
261.09,585,225
261.93,585,226
262.78,570,228
263.62,554,229
264.47,554,230
265.31,539,231
266.16,523,230
267.00,523,230
267.85,507,231
268.69,507,230
269.54,491,231
270.29,491,231
271.06,483,232
271.82,471,232
272.59,458,230
273.36,451,232
274.13,440,232
274.89,427,234
275.66,421,233
276.43,418,235
277.20,416,234
277.96,408,235
278.73,404,233
279.52,402,234
280.31,394,234
281.11,390,233
281.90,395,235
282.69,398,235
283.49,399,235
284.28,400,234
285.08,400,233
285.87,400,234
286.66,407,234
287.46,411,234
288.25,406,232
289.05,396,235
289.88,391,232
290.71,388,236
291.55,394,237
292.38,404,234
293.21,417,227
294.04,819,218
294.87,819,221
295.70,819,224
296.54,835,225
297.37,850,227
298.20,850,226
298.96,881,232
299.75,866,235
300.55,850,233
301.34,757,232
302.13,788,217
302.92,539,210
303.72,772,214
304.51,788,211
305.30,772,210
306.09,492,151
306.89,430,135
307.68,422,210
308.51,418,168
309.30,402,206
310.08,394,177
310.87,390,135
311.66,388,187
312.45,201,211
313.23,187,216
314.02,180,221
314.81,177,225
315.60,175,227
316.38,174,229
317.17,174,231
318.00,174,232
318.79,161,232
319.59,155,233
320.38,152,231
321.17,150,232
321.97,162,234
322.76,168,231
323.56,171,231
324.35,172,231
325.14,173,228
325.94,173,228
326.73,173,225
327.49,180,222
328.29,184,214
329.09,179,211
329.89,156,168
330.69,476,168
331.49,484,190
332.29,480,161
333.09,539,221
333.89,539,229
334.69,554,231
335.49,539,233
336.29,539,234
337.90,539,234
338.69,539,233
339.48,539,231
340.27,539,231
341.06,539,233
341.85,523,233
342.64,539,231
343.43,523,232
344.22,523,233
345.01,523,233
345.80,523,233
346.59,507,234
347.42,523,232
348.11,507,222
348.80,386,224
349.50,374,227
350.19,368,232
350.88,365,234
351.57,364,238
352.26,375,235
352.95,380,226
353.65,459,221
354.34,507,230
355.03,507,234
355.82,523,234
356.62,523,230
357.41,539,218
358.21,309,210
359.01,492,218
359.80,430,221
0.60,363,220
1.39,349,193
2.19,356,126
2.99,339,161
3.78,104,151
4.58,539,219
5.37,539,232
6.17,539,232
6.97,539,233
7.77,539,236
8.57,539,234
9.37,554,233
10.17,554,234
10.97,554,236
11.77,554,232
12.57,570,217
13.37,309,219
14.17,302,230
14.93,298,225
15.71,303,216
16.49,585,218
17.27,363,218
18.05,356,218
18.83,352,217
19.61,337,229
20.39,329,223
21.17,312,214
21.95,303,213
22.73,292,212
23.51,287,214
24.27,291,210
25.07,293,215
25.87,287,239
26.67,271,240
27.47,276,233
28.27,292,220
29.07,445,225
29.87,445,231
30.67,437,232
31.47,433,232
32.27,424,234
33.07,419,235
33.82,410,235
34.60,405,233
35.37,403,234
36.15,394,235
36.93,390,233
37.71,388,235
38.48,375,234
39.26,369,230
40.04,366,237
40.82,357,235
41.59,353,234
42.37,351,234
43.16,343,229
43.95,332,231
44.74,334,234
45.53,328,237
46.32,325,235
47.11,323,235
47.90,322,235
48.69,322,236
49.48,315,234
50.27,318,235
51.06,313,235
51.85,311,237
52.61,310,236
53.41,309,235
54.20,309,235
55.00,302,235
55.80,298,235
56.59,296,239
57.39,295,238
58.18,288,237
58.98,291,239
59.78,293,236
60.57,294,236
61.37,288,237
62.16,285,236
62.94,283,235
63.71,282,237
64.49,282,234
65.27,282,237
66.05,282,236
66.82,282,238
67.60,282,238
68.38,275,238
69.16,271,236
69.93,276,238
70.71,279,238
71.50,280,237
72.29,274,237
73.08,271,236
73.87,269,236
74.66,275,231
75.45,271,234
76.24,276,238
77.03,272,237
77.82,277,234
78.61,272,240
79.40,270,237
80.19,262,236
81.02,242,234
81.80,242,234
82.57,228,235
83.35,228,232
84.13,235,232
84.91,238,233
85.68,240,232
86.46,241,235
87.24,234,233
88.02,258,230
88.79,270,233
89.57,276,238
90.36,272,237
91.16,277,237
91.96,279,238
92.76,267,236
93.56,274,237
94.36,264,237
95.16,259,238
95.96,257,236
96.76,256,239
97.56,255,241
98.36,228,236
99.16,234,236
100.03,231,235
100.82,237,236
101.61,239,237
102.40,240,237
103.19,243,237
103.98,246,236
104.76,250,239
105.55,252,239
106.34,253,238
107.13,242,239
107.92,245,238
108.71,256,240
109.51,262,238
110.30,258,238
111.09,263,237
111.88,265,238
112.67,266,240
113.46,287,237
114.25,298,238
115.04,296,235
115.83,309,225
116.62,329,84
117.41,242,96
118.20,242,142
118.96,235,214
119.77,231,222
120.57,229,221
121.38,228,214
122.19,235,213
122.99,238,212
123.80,233,210
124.60,230,213
125.41,236,212
126.22,232,213
127.02,223,213
127.83,225,220
128.62,220,228
129.41,217,221
130.21,229,214
131.00,228,224
131.79,228,234
132.58,228,227
133.38,235,222
134.17,238,214
134.96,253,203
135.75,254,210
136.55,254,197
137.34,274,174
138.10,271,155
138.92,290,155
139.74,279,177
140.56,273,164
141.38,270,184
142.20,276,184
143.02,279,168
143.84,273,168
144.66,270,145
145.48,119,77
146.30,104,58
147.12,295,96
147.95,295,142
148.74,281,151
149.54,295,151
150.33,295,145
151.12,295,129
151.91,349,145
152.71,329,177
153.50,319,174
154.29,314,164
155.08,318,135
155.88,601,221
156.67,585,229
157.43,336,219
158.22,329,221
159.02,325,225
159.81,330,232
160.60,326,231
161.40,324,232
162.19,316,236
162.99,312,234
163.78,310,234
164.57,309,234
165.37,315,234
166.16,325,232
166.95,323,233
167.76,329,233
168.56,345,214
169.37,1474,227
170.18,1489,230
170.98,1505,220
171.79,6321,214
172.59,1489,213
173.40,1474,222
174.21,1505,214
175.01,538,226
175.82,538,229
176.61,523,231
177.40,523,224
178.20,507,223
178.99,523,219
179.78,174,215
180.58,181,224
181.37,184,233
182.17,179,238
182.96,176,226
183.75,175,220
184.55,181,220
185.34,157,224
186.13,138,239
186.92,121,244
187.70,112,241
188.49,115,239
189.28,117,241
190.07,110,240
190.85,99,240
191.64,101,244
192.43,110,243
193.22,114,236
194.00,124,225
194.79,149,226
195.61,161,236
196.41,167,233
197.22,170,238
198.02,172,236
198.82,173,234
199.63,173,223
200.43,200,225
201.24,220,228
202.04,230,227
202.84,229,229
203.65,235,226
204.45,238,223
205.24,897,216
206.03,881,222
206.83,881,229
207.62,897,227
208.41,912,231
209.21,912,240
210.00,554,217
210.80,538,225
211.59,523,229
212.38,523,230
213.18,507,232
213.97,507,234
214.76,507,232
215.54,507,231
216.32,499,233
217.10,487,230
217.88,489,235
218.66,507,232
219.44,499,230
220.22,495,230
221.00,523,233
221.78,507,232
222.56,523,234
223.34,538,235
224.10,523,233
224.93,538,233
225.76,538,235
226.59,538,234
227.42,538,234
228.25,570,230
229.07,585,232
229.90,585,235
230.73,585,234
231.56,570,233
232.39,570,233
233.22,585,238
234.02,585,232
234.81,585,232
235.61,601,234
236.40,601,235
237.19,601,234
237.98,601,235
238.78,616,235
239.57,616,232
240.36,632,234
241.15,632,238
241.95,647,233
242.74,647,237
243.53,632,235
244.30,647,238
245.06,647,235
245.83,663,237
246.60,647,235
247.37,663,238
248.13,647,237
248.90,647,237
249.67,647,235
250.44,647,238
251.20,647,238
251.97,647,238
252.77,647,237
253.56,647,238
254.35,647,236
255.14,647,235
255.93,647,236
256.72,647,235
257.50,647,234
258.29,647,235
259.08,632,235
259.87,632,234
260.66,601,224
261.45,585,227
262.28,585,225
263.07,554,227
263.85,554,229
264.64,538,229
265.43,538,232
266.22,523,226
267.00,523,229
267.79,507,229
268.58,507,231
269.37,499,231
270.15,487,231
270.94,481,234
271.73,470,234
272.53,457,232
273.34,443,233
274.14,436,235
274.94,425,234
275.75,420,235
276.55,417,235
277.36,408,235
278.16,404,234
278.96,402,232
279.77,394,232
280.57,397,232
281.36,391,233
282.15,395,234
282.94,397,234
283.73,398,232
284.52,399,233
285.31,392,235
286.10,396,235
286.89,405,234
287.68,402,237
288.47,394,234
289.26,378,235
290.05,370,233
290.88,378,236
291.71,389,234
292.55,402,233
293.38,416,222
294.21,819,221
295.04,819,224
295.88,834,223
296.71,834,225
297.54,850,226
298.37,850,228
299.21,881,234
300.04,850,237
300.83,850,231
301.61,756,231
302.39,803,215
303.17,507,212
303.95,772,213
304.73,772,212
305.51,459,210
306.29,475,135
307.07,459,193
307.85,437,161
308.63,426,174
309.41,413,187
310.17,362,171
310.96,374,145
311.75,368,164
312.54,174,214
313.33,174,220
314.12,174,223
314.91,174,224
315.70,174,226
316.49,174,230
317.28,174,228
318.07,174,231
318.86,174,232
319.72,161,232
320.51,155,236
321.30,152,231
322.09,150,233
322.88,162,232
323.67,168,231
324.46,171,232
325.25,160,227
326.04,167,227
326.83,158,225
327.62,166,222
328.41,177,216
329.21,182,212
330.02,476,168
330.84,134,148
331.65,476,203
332.46,476,193
333.27,554,218
334.09,554,228
334.90,538,232
335.71,538,233
336.52,538,234
337.34,538,232
338.15,538,233
338.94,538,234
339.74,538,234
340.53,538,233
341.33,538,231
342.12,523,232
342.92,523,234
343.71,523,232
344.51,523,232
345.30,523,236
346.10,523,230
346.89,523,231
347.69,523,226
348.48,386,224
349.22,386,229
349.95,374,233
350.69,368,236
351.42,358,238
352.16,372,234
352.89,379,229
353.63,382,220
354.36,476,226
355.10,483,234
355.83,523,235
356.57,523,233
357.36,538,221
358.15,554,211
358.94,476,214
359.74,460,221
0.53,386,221
1.32,374,211
2.11,322,145
2.90,328,180
3.69,331,148
4.49,554,211
5.28,538,231
6.07,538,231
6.86,538,232
7.64,538,233
8.42,538,235
9.21,554,234
9.99,554,234
10.77,554,233
11.55,554,236
12.33,569,224
13.11,322,215
13.90,315,229
14.68,305,226
15.46,300,217
16.21,311,214
17.00,585,219
17.79,362,217
18.58,355,217
19.37,338,226
20.16,330,225
20.96,332,217
21.75,282,212
22.54,282,211
23.33,282,213
24.12,282,214
24.91,288,210
25.71,278,236
26.50,280,236
27.29,281,238
28.09,288,226
28.88,444,222
29.67,437,232
30.46,433,230
31.25,431,233
32.04,430,233
32.84,422,236
33.63,411,234
34.42,405,232
35.21,402,234
35.99,394,232
36.77,390,231
37.55,376,235
38.33,369,232
39.11,365,235
39.90,363,234
40.68,356,230
41.46,352,234
42.24,350,232
43.02,342,231
43.80,338,230
44.56,330,236
45.35,332,234
46.14,327,238
46.93,324,237
47.72,323,233
48.51,322,236
49.31,322,236
50.10,322,236
50.89,315,237
51.68,312,237
52.47,310,237
53.26,309,236
54.05,302,239
54.84,298,236
55.63,303,235
56.41,299,235
57.20,297,236
57.99,296,237
58.78,295,235
59.57,295,239
60.36,288,236
61.14,285,236
61.93,283,235
62.72,282,238
63.52,282,236
64.30,282,238
65.09,282,239
65.87,275,237
66.66,271,239
67.44,276,236
68.23,279,235
69.01,273,237
69.80,277,238
70.58,272,238
71.37,277,237
72.15,279,241
72.90,280,237
73.69,281,236
74.48,281,231
75.28,281,233
76.07,281,234
76.86,274,239
77.65,278,237
78.44,273,238
79.23,270,237
80.03,241,234
80.82,241,234
81.61,241,232
82.40,227,234
83.17,220,234
83.95,224,232
84.72,226,232
85.50,233,231
86.27,238,235
87.05,239,233
87.82,260,230
88.60,264,233
89.37,273,235
90.15,277,236
90.92,272,236
91.75,263,235
92.57,265,236
93.38,266,237
94.20,267,236
95.02,267,237
95.84,261,237
96.65,258,239
97.47,256,239
98.29,241,237
99.11,244,236
99.92,246,235
100.74,243,234
101.50,242,236
102.29,241,237
103.09,244,237
103.88,246,237
104.68,257,238
105.47,241,238
106.27,241,239
107.06,244,239
107.86,246,240
108.65,257,240
109.45,256,238
110.24,262,237
111.04,265,238
111.83,266,239
112.62,267,237
113.41,274,240
114.20,284,238
114.99,289,231
115.79,312,226
116.58,362,90
117.37,309,96
118.16,295,168
118.95,228,212
119.74,228,221
120.53,228,220
121.32,228,214
122.11,234,213
122.90,237,211
123.69,259,211
124.48,241,211
125.28,241,211
126.07,234,212
126.86,231,213
127.65,229,218
128.44,221,227
129.23,217,219
130.02,215,214
130.81,228,225
131.60,234,234
132.40,231,228
133.19,237,219
133.98,239,213
134.77,243,193
135.56,255,210
136.35,255,193
137.15,261,200
137.94,264,122
138.73,266,129
139.56,274,177
140.39,291,174
141.22,279,180
142.05,280,161
142.88,274,168
143.71,271,174
144.54,276,119
145.37,174,51
146.20,131,48
147.03,309,119
147.86,302,184
148.69,285,119
149.49,283,155
150.31,282,142
151.13,295,142
151.95,302,161
152.77,298,164
153.59,303,155
154.41,306,200
155.23,314,168
156.05,585,224
156.87,585,230
157.69,335,222
158.51,328,223
159.30,331,226
160.09,333,231
160.88,334,229
161.68,328,234
162.47,318,237
163.26,313,234
164.05,311,236
164.84,310,234
165.63,316,235
166.43,319,233
167.22,327,233
168.01,331,230
168.80,1489,217
169.59,1489,227
170.38,1489,229
171.18,1505,215
171.97,6321,211
172.76,1489,216
173.55,1489,222
174.34,538,219
175.13,538,227
175.93,538,231
176.72,523,232
177.51,507,226
178.30,507,221
179.09,538,217
179.88,201,218
180.66,194,225
181.45,184,234
182.24,179,234
183.03,176,223
183.82,182,220
184.61,185,222
185.39,152,230
186.18,135,242
186.97,127,241
187.93,115,241
188.73,109,241
189.53,106,239
190.33,105,241
191.13,89,240
191.93,96,243
192.72,107,241
193.52,113,233
194.32,123,225
195.12,136,231
195.92,155,233
196.72,164,232
197.47,169,238
198.27,171,235
199.07,172,231
199.87,180,225
200.67,204,227
201.47,222,229
202.28,231,228
203.08,236,228
203.88,238,226
204.68,242,220
205.48,866,216
206.28,866,225
207.11,881,228
207.90,897,228
208.69,912,235
209.47,928,233
210.26,554,224
211.05,538,227
211.84,538,230
212.63,507,229
213.42,507,229
214.20,507,230
214.99,499,231
215.78,495,227
216.58,485,233
217.34,488,232
218.11,507,232
218.87,507,230
219.64,507,229
220.40,499,232
221.17,507,230
221.93,523,232
222.70,523,233
223.46,538,233
224.23,538,234
224.99,538,232
225.78,538,235
226.60,538,232
227.42,538,233
228.24,569,234
229.06,585,236
229.88,585,237
230.71,585,231
231.53,569,233
232.35,585,235
233.17,585,233
233.99,585,232
234.81,601,234
235.63,601,237
236.42,601,233
237.21,601,233
238.00,601,234
238.79,616,234
239.58,616,231
240.36,632,235
241.15,632,236
241.94,647,234
242.73,647,235
243.52,647,233
244.31,647,237
245.10,663,234
245.86,663,236
246.62,647,238
247.39,663,236
248.15,647,237
248.91,647,237
249.67,647,234
250.43,647,236
251.19,647,236
251.96,647,237
252.72,647,236
253.48,632,237
254.27,647,238
255.06,647,233
255.85,647,233
256.64,632,236
257.43,647,233
258.22,647,234
259.02,632,238
259.81,632,235
260.60,616,226
261.39,585,227
262.18,569,227
262.97,554,228
263.80,554,229
264.59,538,230
265.38,538,229
266.16,523,230
266.95,523,232
267.74,507,230
268.53,499,230
269.32,495,231
270.11,493,231
270.89,484,234
271.68,471,232
272.47,457,231
273.26,450,233
274.08,440,232
274.90,427,234
275.72,421,235
276.54,410,235
277.36,405,235
278.19,402,233
279.01,394,231
279.83,390,233
280.65,395,234
281.47,397,234
282.29,398,233
283.05,399,233
283.85,399,235
284.65,399,234
285.44,399,234
286.24,399,237
287.04,407,233
287.84,403,236
288.64,394,233
289.44,390,235
290.23,388,235
291.03,394,236
291.83,404,234
292.72,409,234
293.51,426,221
294.30,819,220
295.10,819,225
295.89,834,226
296.68,834,227
297.47,850,228
298.26,866,227
299.05,897,233
299.85,866,237
300.64,803,228
301.43,756,232
302.26,819,211
303.06,772,211
303.86,772,215
304.66,756,213
305.46,476,210
306.26,467,200
307.07,455,180
307.87,400,168
308.67,400,164
309.47,393,155
310.27,396,168
311.07,379,155
311.82,201,158
312.62,194,214
313.41,184,219
314.21,179,223
315.00,164,222
315.80,169,227
316.59,159,229
317.39,166,232
318.18,170,232
318.98,172,229
319.77,160,233
320.57,167,235
321.36,158,231
322.15,166,233
322.94,170,232
323.72,159,230
324.51,166,233
325.30,157,229
326.09,165,227
326.88,169,226
327.67,171,219
328.45,179,216
329.24,203,210
330.03,195,151
330.90,476,184
331.73,476,168
332.56,476,210
333.39,554,225
334.22,554,227
335.05,538,231
335.88,554,231
336.71,538,233
337.54,538,232
338.37,538,232
339.20,538,231
340.03,523,233
340.82,538,236
341.61,523,235
342.41,523,234
343.20,523,232
343.99,523,234
344.79,523,232
345.58,523,231
346.38,523,235
347.17,523,232
347.96,507,223
348.76,386,227
349.55,374,226
350.34,368,232
351.07,365,235
351.81,363,237
352.54,374,235
353.28,380,230
354.01,371,221
354.75,491,230
355.48,523,236
356.22,523,234
356.95,523,230
357.69,538,217
358.42,538,197
359.25,507,216
0.01,430,222
0.77,408,222
1.53,335,193
2.29,335,168
3.05,335,177
3.81,328,171
4.57,554,216
5.33,538,231
6.09,538,234
6.85,538,233
7.61,538,235
8.40,538,235
9.19,554,236
9.99,554,236
10.78,554,235
11.57,554,233
12.37,585,218
13.16,309,219
13.96,302,229
14.75,298,226
15.54,303,216
16.34,585,217
17.13,362,216
17.93,362,218
18.72,348,218
19.52,335,232
20.31,335,224
21.10,328,215
21.89,305,210
22.69,300,211
23.48,291,212
24.27,286,211
25.06,290,212
25.86,286,238
26.65,277,238
27.41,279,234
28.20,287,228
28.99,430,226
29.78,437,228
30.57,433,233
31.36,431,230
32.15,423,234
32.94,419,236
33.73,417,232
34.52,408,234
35.31,404,233
36.10,395,236
36.93,390,233
37.69,388,231
38.46,375,234
39.22,368,233
39.98,365,233
40.75,357,235
41.51,353,234
42.28,351,233
43.04,343,229
43.80,339,232
44.57,330,235
45.33,332,237
46.09,313,236
46.87,317,235
47.65,313,235
48.43,317,234
49.21,313,234
49.99,311,236
50.77,310,238
51.55,309,235
52.33,309,238
53.11,309,234
53.89,309,233
54.67,302,237
55.46,298,236
56.25,296,236
57.05,295,235
57.84,295,236
58.63,295,235
59.43,295,236
60.22,275,236
61.02,271,236
61.81,276,239
62.60,279,234
63.40,280,236
64.19,281,236
64.95,281,238
65.75,274,237
66.56,278,236
67.36,280,235
68.16,281,235
68.96,281,239
69.77,281,236
70.57,281,240
71.37,281,234
72.17,281,239
72.98,281,237
73.78,274,236
74.61,278,231
75.39,280,234
76.16,274,235
76.94,278,236
77.72,273,238
78.49,270,235
79.27,262,239
80.04,265,237
80.82,266,235
81.60,241,234
82.37,227,232
83.15,220,235
83.95,228,231
84.74,234,231
85.53,224,229
86.32,231,234
87.11,240,233
87.90,254,231
88.69,268,232
89.48,275,234
90.27,278,235
91.06,280,235
91.85,281,235
92.64,274,237
93.50,278,238
94.27,273,235
95.04,270,237
95.81,262,239
96.58,258,239
97.35,256,240
98.13,241,236
98.90,244,236
99.67,246,235
100.44,243,237
101.21,242,235
101.98,245,239
102.77,250,236
103.57,241,236
104.36,244,239
105.16,246,239
105.96,250,239
106.75,252,236
107.55,260,237
108.34,257,238
109.14,256,238
109.94,262,239
110.73,265,238
111.53,266,238
112.58,267,237
113.38,274,235
114.17,291,240
114.97,286,234
115.77,297,233
116.56,349,187
117.36,241,77
118.15,234,119
118.95,237,210
119.75,232,217
120.54,230,219
121.34,235,215
122.17,238,213
122.97,233,211
123.76,237,211
124.56,239,211
125.36,233,213
126.15,237,212
126.95,239,212
127.74,233,216
128.54,223,226
129.34,218,225
130.13,229,215
130.93,235,219
131.72,238,234
132.52,233,233
133.31,237,222
134.11,239,217
134.91,253,210
135.71,254,180
136.50,254,187
137.30,261,161
138.10,264,210
138.90,259,138
139.69,257,145
140.49,276,177
141.28,285,158
142.07,276,180
142.86,272,174
143.65,277,184
144.44,279,164
145.23,241,71
146.02,165,61
146.81,295,90
147.60,302,138
148.39,292,164
149.18,293,168
149.97,294,138
150.80,308,171
151.61,321,145
152.42,341,135
153.23,325,177
154.04,317,145
154.85,313,174
155.65,601,214
156.46,585,230
157.27,585,221
158.08,335,223
158.89,328,222
159.70,331,231
160.53,326,231
161.32,324,232
162.12,316,234
162.91,312,235
163.70,310,234
164.50,309,237
165.29,315,234
166.09,325,231
166.88,330,234
167.67,332,233
168.47,340,215
169.26,1489,224
170.06,1489,229
170.87,1505,223
171.68,6321,213
172.49,1489,212
173.30,1489,222
174.11,1505,217
174.91,538,226
175.72,538,229
176.53,523,231
177.34,523,225
178.15,523,222
178.96,523,219
179.72,188,217
180.54,181,224
181.35,177,228
182.17,175,238
182.98,174,226
183.80,181,221
184.61,177,220
185.43,163,222
186.24,148,237
187.06,133,242
187.87,103,242
188.69,96,239
189.52,100,242
190.31,102,239
191.09,110,242
191.88,92,241
192.67,105,243
193.46,112,235
194.24,123,227
195.03,136,228
195.82,155,232
196.61,164,233
197.39,169,236
198.18,171,236
199.01,172,233
199.79,173,223
200.57,200,226
201.35,214,227
202.13,227,228
202.91,234,228
203.69,237,227
204.47,239,222
205.25,866,216
206.03,881,220
206.81,881,227
207.59,897,230
208.35,912,232
209.14,928,240
209.94,554,222
210.73,538,226
211.52,538,230
212.32,507,228
213.11,507,229
213.91,507,231
214.70,499,231
215.49,507,233
216.29,499,232
217.08,495,234
217.86,493,233
218.65,507,230
219.44,491,228
220.23,507,233
221.02,523,233
221.81,507,233
222.61,523,234
223.40,523,232
224.19,538,238
224.98,554,232
225.77,538,234
226.56,538,232
227.35,538,235
228.15,569,232
228.94,585,237
229.74,585,236
230.54,585,233
231.33,569,231
232.13,569,235
232.92,585,232
233.72,601,233
234.52,601,233
235.31,601,235
236.11,601,235
236.87,601,233
237.66,601,235
238.46,616,235
239.25,632,233
240.04,616,234
240.84,632,234
241.63,647,228
242.43,647,233
243.22,647,238
244.01,632,236
244.81,647,237
245.60,663,236
246.43,647,239
247.20,647,239
247.97,663,236
248.74,647,238
249.51,647,237
250.28,632,235
251.05,647,236
251.82,647,236
252.59,647,237
253.36,647,236
254.13,647,235
254.90,647,234
255.69,647,234
256.54,632,235
257.39,647,235
258.24,647,238
259.09,647,235
259.94,632,235
260.78,616,226
261.63,585,224
262.48,585,225
263.33,569,228
264.18,554,231
265.03,538,229
265.79,538,232
266.59,523,229
267.38,523,233
268.18,507,229
268.98,499,230
269.77,495,229
270.57,485,230
271.36,480,235
272.16,462,231
272.96,453,232
273.75,441,232
274.55,428,232
275.31,421,233
276.12,418,234
276.92,409,232
277.73,404,233
278.54,402,234
279.34,401,232
280.15,400,234
280.95,400,233
281.76,400,235
282.57,400,234
283.37,400,234
284.18,400,233
284.97,400,234
285.77,400,233
286.58,407,235
287.38,418,233
288.18,409,234
288.98,397,233
289.79,379,236
290.59,382,234
291.39,384,237
292.19,399,234
293.00,407,232
293.80,803,215
294.60,819,223
295.39,819,223
296.19,834,224
296.98,834,226
297.77,850,227
298.56,866,228
299.36,881,237
300.15,850,236
300.94,772,228
301.73,756,228
302.53,523,210
303.32,772,211
304.15,772,214
304.95,756,212
305.74,850,210
306.54,444,203
307.34,437,164
308.13,433,164
308.93,416,197
309.72,362,193
310.52,355,155
311.32,358,168
312.11,282,184
312.91,174,217
313.74,174,221
314.53,174,222
315.32,161,228
316.11,167,229
316.90,170,228
317.69,159,229
318.49,166,231
319.28,170,231
320.07,172,232
320.86,160,232
321.65,154,233
322.44,151,231
323.27,150,233
324.07,162,232
324.86,168,229
325.66,171,228
326.46,172,228
327.25,173,225
328.05,173,219
328.84,173,215
329.64,193,193
330.44,190,158
331.23,476,197
332.03,476,200
332.79,523,211
333.61,554,228
334.42,538,231
335.24,538,235
336.05,554,232
336.87,538,232
337.68,538,233
338.50,538,234
339.31,538,234
340.13,538,232
340.94,523,232
341.76,538,233
342.59,538,232
343.38,523,230
344.17,523,234
344.96,523,229
345.75,523,234
346.54,523,234
347.33,523,230
348.12,386,219
348.91,386,227
349.70,374,230
350.49,361,237
351.28,361,241
352.07,361,235
352.81,373,234
353.54,379,225
354.28,459,221
355.02,507,232
355.76,523,234
356.49,523,232
357.23,523,228
357.97,554,214
358.71,322,210
359.44,476,218
0.18,415,221
0.94,362,219
1.73,348,122
2.52,341,129
3.31,338,164
4.10,343,177
4.89,538,225
5.68,538,231
6.47,538,234
7.26,538,235
8.05,538,237
8.84,538,232
9.63,554,234
10.46,554,232
11.25,554,236
12.03,554,227
12.82,585,211
13.61,309,222
14.39,302,228
15.18,298,223
15.96,316,215
16.75,569,219
17.54,362,219
18.32,355,216
19.11,345,222
19.94,333,230
20.72,327,219
21.49,304,213
22.27,293,211
23.05,287,212
23.83,284,213
24.60,283,211
25.38,282,221
26.16,275,239
26.94,271,240
27.71,276,231
28.49,292,224
29.28,444,227
30.06,444,231
30.84,437,233
31.62,433,233
32.40,424,232
33.18,419,235
33.96,409,233
34.74,404,235
35.52,402,233
36.30,401,231
37.08,393,235
37.86,377,233
38.62,369,234
39.41,365,235
40.20,363,232
40.99,362,236
41.78,355,233
42.57,345,231
43.36,340,232
44.15,331,234
44.94,333,234
45.73,327,234
46.52,324,236
47.31,323,236
48.14,322,236
48.92,322,236
49.69,315,236
50.47,312,235
51.25,310,234
52.03,309,238
52.80,309,236
53.58,302,237
54.36,298,238
55.14,303,235
55.91,306,237
56.69,300,239
57.44,297,238
58.23,296,241
59.03,295,235
59.82,288,235
60.61,278,238
61.41,280,235
62.20,281,237
63.00,274,235
63.79,271,236
64.58,276,239
65.38,279,238
66.17,280,237
67.04,281,238
67.83,281,238
68.61,281,239
69.40,281,236
70.19,281,235
70.97,281,236
71.76,281,238
72.54,281,238
73.33,281,239
74.12,274,237
74.90,278,231
75.69,280,235
76.45,281,238
77.23,281,239
78.01,274,237
78.79,271,237
79.57,269,236
80.35,262,235
81.13,241,235
81.91,241,233
82.69,227,234
83.47,227,232
84.25,227,231
85.03,227,234
85.82,234,232
86.61,231,233
87.41,240,228
88.20,261,231
88.99,271,235
89.79,276,235
90.58,279,236
91.38,280,236
92.17,274,234
92.96,278,237
93.76,273,238
94.55,270,236
95.34,262,236
96.12,258,238
96.89,256,238
97.67,255,236
98.45,255,236
99.23,241,236
100.00,241,235
100.78,244,236
101.56,242,237
102.34,245,237
103.11,243,238
103.89,246,236
104.64,250,237
105.45,241,236
106.25,254,238
107.06,254,239
107.87,254,238
108.67,254,240
109.48,261,240
110.28,264,239
111.09,241,239
111.90,244,235
112.70,263,238
113.51,272,238
114.31,290,240
115.10,299,234
115.90,310,221
116.69,322,103
117.48,302,96
118.27,241,158
119.07,234,213
119.86,224,220
120.65,232,218
121.44,236,214
122.24,238,212
123.03,239,210
123.83,240,210
124.62,234,211
125.41,231,211
126.20,236,212
126.99,238,212
127.78,233,217
128.57,230,225
129.36,222,220
130.15,225,214
130.94,233,225
131.73,237,235
132.52,232,228
133.34,236,219
134.13,238,215
134.92,242,210
135.71,245,206
136.50,263,203
137.29,265,177
138.09,280,193
138.88,274,145
139.67,264,177
140.46,279,151
141.25,273,174
142.04,270,210
142.94,269,171
143.74,275,203
144.53,278,151
145.33,241,45
146.13,180,74
146.92,268,113
147.72,275,109
148.51,278,197
149.31,280,168
150.11,287,155
150.90,304,151
151.70,306,190
152.49,307,161
153.29,308,164
154.09,315,171
154.89,338,177
155.69,601,218
156.49,585,228
157.29,335,217
158.09,335,224
158.89,335,223
159.69,335,231
160.49,335,233
161.29,328,233
162.15,325,236
162.94,317,233
163.73,313,234
164.52,311,235
165.31,316,233
166.10,319,232
166.90,327,233
167.69,331,231
168.48,340,217
169.27,1489,224
170.06,1489,231
170.85,1505,223
171.64,6321,212
172.44,1489,212
173.25,1489,221
174.05,1505,216
174.85,538,225
175.65,538,232
176.46,538,230
177.26,507,227
178.06,523,223
178.86,523,219
179.67,174,214
180.47,181,224
181.23,177,230
182.04,175,238
182.86,174,228
183.67,174,221
184.48,187,221
185.29,180,222
186.11,149,236
186.92,134,239
187.73,119,242
188.54,111,240
189.36,107,241
190.17,105,242
190.93,112,242
191.72,108,239
192.51,113,245
193.30,116,234
194.09,117,225
194.88,125,227
195.67,149,233
196.46,161,234
197.25,167,238
198.04,170,237
198.83,172,232
199.62,193,225
200.41,217,223
201.22,229,227
202.02,235,229
202.83,238,228
203.64,239,227
204.44,240,223
205.25,881,217
206.05,866,219
206.86,881,226
207.67,881,226
208.47,912,232
209.28,928,240
210.08,538,224
210.86,538,229
211.63,538,227
212.41,523,228
213.19,507,232
213.96,507,233
214.74,507,232
215.51,499,230
216.29,495,234
217.07,493,234
217.84,492,231
218.62,491,233
219.38,507,229
220.17,507,232
220.97,507,233
221.76,507,232
222.55,523,233
223.34,538,233
224.14,538,235
224.93,538,235
225.72,538,235
226.51,538,233
227.31,538,233
228.10,554,234
228.93,585,233
229.70,585,236
230.48,585,234
231.25,554,232
232.02,570,233
232.80,585,234
233.57,601,234
234.35,601,233
235.12,601,236
235.89,601,234
236.67,601,235
237.44,601,236
238.24,616,236
239.04,616,231
239.83,632,234
240.63,647,237
241.43,647,232
242.22,647,236
243.02,647,234
243.81,632,235
244.61,647,234
245.41,663,234
246.20,663,236
247.00,647,238
247.58,647,236
248.37,647,237
249.17,647,235
249.96,647,236
250.75,647,239
251.54,647,241
252.34,647,236
253.13,647,235
253.92,647,234
254.71,647,232
255.51,647,234
256.30,632,235
257.13,647,234
257.95,647,236
258.76,647,237
259.58,632,238
260.40,616,227
261.21,585,226
262.03,570,226
262.84,570,226
263.66,554,229
264.48,538,231
265.29,538,231
266.11,538,231
266.90,523,232
267.69,507,232
268.49,507,230
269.28,499,230
270.07,495,231
270.87,485,234
271.66,472,234
272.46,458,230
273.25,451,232
274.04,440,234
274.84,427,235
275.63,421,232
276.42,411,235
277.22,406,236
278.02,403,234
278.82,402,233
279.62,401,234
280.42,401,235
281.22,401,232
282.02,401,235
282.82,393,232
283.62,389,235
284.42,395,233
285.22,398,233
286.09,399,235
286.92,407,235
287.75,404,235
288.58,395,234
289.41,390,235
290.24,388,235
291.06,387,236
291.89,394,233
292.72,404,234
293.55,424,222
294.38,819,221
295.21,819,224
296.00,835,226
296.79,850,225
297.59,850,226
298.38,850,230
299.17,897,233
299.97,866,235
300.76,835,227
301.56,757,233
302.35,803,212
303.14,507,211
303.94,757,216
304.73,772,211
305.52,772,210
306.31,430,210
307.11,430,197
307.90,422,197
308.69,411,210
309.49,406,200
310.28,396,177
311.08,379,161
311.87,201,193
312.66,187,214
313.46,180,219
314.25,177,223
315.00,175,224
315.79,174,226
316.59,174,230
317.38,161,229
318.17,167,231
318.97,170,232
319.76,172,231
320.56,173,231
321.35,161,234
322.14,167,235
322.94,170,230
323.73,159,230
324.49,166,230
325.29,170,228
326.08,172,228
326.88,173,224
327.68,173,220
328.47,180,215
329.27,204,210
330.06,476,187
330.86,476,210
331.66,484,142
332.45,507,210
333.25,538,227
334.04,538,230
334.90,554,233
335.76,554,233
336.62,538,232
337.48,538,233
338.34,538,231
339.19,538,234
340.05,538,234
340.91,538,230
341.77,538,230
342.63,523,233
343.49,523,232
344.24,523,232
344.98,523,232
345.72,523,233
346.47,523,233
347.21,523,229
347.95,507,220
348.69,386,229
349.43,374,232
350.17,368,233
350.92,358,237
351.66,372,233
352.40,379,231
352.97,382,224
353.76,459,223
354.55,507,229
355.34,523,237
356.13,523,232
356.92,523,227
357.71,322,212
358.50,322,210
359.29,476,221
0.08,386,223
0.87,374,216
1.66,322,132
2.45,315,145
3.26,44,126
4.07,554,193
4.88,538,224
5.69,538,233
6.50,538,233
7.31,538,235
8.12,538,235
8.93,538,235
9.74,554,234
10.55,554,233
11.36,554,232
12.12,554,227
12.91,349,210
13.70,329,224
14.49,312,229
15.28,303,222
16.07,319,214
16.86,585,218
17.65,362,222
18.44,355,216
19.23,345,225
20.02,333,231
20.81,327,221
21.63,318,213
22.39,268,211
23.16,275,211
23.92,285,213
24.69,297,211
25.45,289,224
26.22,278,237
26.98,280,239
27.75,287,231
28.51,445,220
29.28,445,227
30.04,445,231
30.79,437,232
31.56,433,233
32.33,424,234
33.10,419,233
33.87,410,233
34.64,405,233
35.42,395,234
36.19,390,235
36.96,388,233
37.73,375,233
38.50,369,233
39.27,366,234
40.03,364,232
40.82,356,236
41.62,352,234
42.41,344,229
43.20,340,230
43.99,331,235
44.79,333,236
45.58,327,235
46.37,324,235
47.16,323,234
47.96,322,238
48.75,322,235
49.54,315,235
50.34,312,235
51.14,310,236
51.94,309,235
52.74,309,236
53.54,309,238
54.34,302,237
55.14,298,238
55.94,296,235
56.74,295,239
57.54,295,237
58.34,295,239
59.17,295,238
59.99,295,236
60.81,281,235
61.63,274,237
62.45,278,237
63.27,280,237
64.09,281,237
64.91,281,238
65.73,281,239
66.55,281,236
67.37,281,237
68.19,274,238
68.98,278,236
69.77,280,240
70.56,281,239
71.35,281,235
72.14,274,235
72.93,278,235
73.72,280,233
74.51,281,234
75.30,281,232
76.09,281,235
76.88,281,234
77.67,274,239
78.53,264,236
79.28,266,235
80.04,267,235
80.79,267,234
81.55,242,234
82.30,242,232
83.06,228,234
83.81,228,231
84.57,228,233
85.32,228,231
86.08,235,235
86.83,238,231
87.66,253,233
88.45,267,233
89.25,274,235
90.04,271,235
90.83,269,235
91.62,268,235
92.42,275,236
93.21,278,235
94.00,273,238
94.79,277,239
95.59,266,240
96.38,260,238
97.14,242,239
97.94,242,237
98.73,245,233
99.53,236,235
100.33,232,237
101.12,237,235
101.92,239,235
102.71,243,236
103.51,246,238
104.31,244,239
105.10,246,237
105.90,250,238
106.70,242,238
107.47,245,239
108.24,250,238
109.01,252,239
109.78,260,240
110.55,257,240
111.32,262,240
112.09,265,238
112.86,266,237
113.63,280,236
114.40,294,236
115.17,301,232
116.04,318,219
116.83,268,103
117.62,322,87
118.41,242,135
119.20,235,213
119.99,231,220
120.77,229,219
121.56,235,214
122.35,238,212
123.14,233,211
123.93,230,211
124.72,229,213
125.52,228,212
126.32,235,212
127.11,238,213
127.91,233,218
128.71,224,225
129.50,219,219
130.30,223,213
131.09,232,226
131.89,230,233
132.69,236,229
133.48,239,220
134.28,243,215
135.04,246,210
135.84,244,190
136.64,246,151
137.44,257,177
138.24,256,138
139.04,262,177
139.84,272,180
140.64,270,171
141.44,269,138
142.24,275,190
143.04,285,168
143.84,283,197
144.70,282,145
145.49,268,67
146.27,29,61
147.06,268,142
147.85,275,148
148.63,285,171
149.42,283,142
150.20,296,187
150.99,295,184
151.78,302,151
152.56,298,177
153.35,317,164
154.18,319,151
154.98,320,161
155.79,601,215
156.59,585,229
157.39,349,219
158.20,342,223
159.00,332,225
159.81,334,231
160.61,328,233
161.41,318,234
162.22,313,236
163.02,311,235
163.81,310,235
164.61,309,236
165.42,315,234
166.22,325,232
167.02,330,233
167.83,333,235
168.63,348,216
169.44,1489,225
170.24,1489,230
171.04,1505,220
171.85,6321,213
172.65,1505,214
173.48,1489,222
174.27,539,213
175.06,539,226
175.85,539,231
176.64,523,229
177.43,507,226
178.21,523,224
179.00,523,219
179.79,201,216
180.58,194,224
181.37,184,232
182.16,179,240
182.92,176,224
183.73,188,219
184.54,168,219
185.35,151,226
186.16,135,241
186.97,127,243
187.78,108,242
188.59,106,237
189.40,105,241
190.21,112,241
191.02,100,242
191.83,102,240
192.62,103,243
193.42,111,235
194.21,122,225
195.01,135,228
195.81,154,233
196.60,164,232
197.40,169,240
198.19,171,235
198.99,172,227
199.79,193,223
200.58,217,225
201.38,222,229
202.14,225,229
202.94,233,227
203.75,237,228
204.55,239,220
205.35,866,215
206.15,866,223
206.96,881,228
207.76,897,227
208.56,912,234
209.36,912,239
210.17,538,223
210.97,538,227
211.77,523,229
212.56,507,229
213.35,507,230
214.14,507,229
214.93,499,232
215.72,495,231
216.51,493,233
217.30,492,234
218.09,492,233
218.88,507,231
219.67,507,231
220.46,499,231
221.25,507,230
222.05,507,234
222.84,523,230
223.64,538,233
224.44,538,236
225.23,554,233
226.03,538,233
226.82,538,235
227.62,554,230
228.42,570,233
229.21,585,235
230.01,585,233
230.81,585,233
231.61,570,236
232.42,570,235
233.22,585,232
234.02,601,232
234.82,601,234
235.63,601,235
236.43,601,237
237.23,585,239
238.03,601,234
238.84,616,232
239.64,616,230
240.47,647,236
241.24,647,235
242.01,647,232
242.78,632,234
243.55,632,234
244.32,647,237
245.10,647,237
245.87,663,236
246.64,663,237
247.41,647,236
248.18,647,236
248.95,647,238
249.74,647,236
250.54,647,236
251.33,647,237
252.13,647,237
252.93,647,236
253.72,647,236
254.52,647,233
255.31,647,235
256.11,647,234
256.91,647,235
257.70,647,233
258.50,647,234
259.26,632,236
260.05,616,232
260.84,601,226
261.63,585,227
262.42,570,229
263.21,570,227
264.00,554,231
264.79,538,231
265.58,538,230
266.37,523,230
267.16,507,228
267.95,507,230
268.78,507,230
269.60,499,230
270.41,487,230
271.23,481,235
272.05,470,232
272.86,457,229
273.68,443,231
274.49,436,231
275.31,425,233
276.13,420,235
276.94,410,234
277.76,405,234
278.55,403,233
279.34,402,234
280.14,401,234
280.93,401,233
281.72,401,232
282.51,401,234
283.31,401,233
284.10,401,235
284.89,401,234
285.68,401,234
286.48,401,234
287.27,408,232
288.07,404,234
288.89,395,233
289.71,390,234
290.53,388,234
291.35,387,234
292.17,394,235
292.98,404,233
293.80,424,217
294.62,819,221
295.44,819,226
296.26,835,224
297.08,835,226
297.91,850,227
298.70,866,229
299.49,881,236
300.28,850,238
301.07,772,226
301.86,757,227
302.65,507,211
303.44,499,211
304.23,772,214
305.02,772,212
305.81,459,210
306.60,467,177
307.36,448,168
308.14,431,190
308.91,416,190
309.69,401,187
310.47,393,203
311.24,389,168
312.02,174,203
312.79,174,215
313.57,174,218
314.35,174,224
315.12,174,225
315.90,174,228
316.66,174,229
317.45,174,232
318.25,161,229
319.04,167,233
319.83,158,232
320.62,153,233
321.42,163,233
322.21,168,232
323.00,158,234
323.79,153,232
324.59,163,229
325.38,168,228
326.21,171,228
327.00,172,223
327.80,180,220
328.59,184,214
329.38,186,206
330.18,180,184
330.97,492,171
331.77,484,203
332.56,585,210
333.35,538,227
334.15,554,227
334.94,554,232
335.73,554,232
336.55,538,232
337.36,538,236
338.18,538,231
339.00,538,235
339.81,538,231
340.63,538,232
341.44,523,230
342.26,538,233
343.08,538,233
343.89,538,232
344.71,523,232
345.50,523,233
346.21,523,235
346.92,523,230
347.64,499,222
348.35,386,228
349.06,374,232
349.77,368,232
350.48,365,238
351.19,363,238
351.91,374,235
352.62,380,223
353.33,459,221
354.09,467,231
354.88,523,234
355.67,523,235
356.46,523,226
357.25,554,215
358.04,322,210
358.82,476,217
359.61,415,221
0.40,362,218
1.19,381,174
1.98,358,151
2.77,347,180
3.56,341,171
4.37,538,223
5.17,538,231
5.98,538,232
6.79,538,230
7.60,538,234
8.40,538,235
9.21,538,235
10.02,554,232
10.83,554,236
11.63,554,232
12.44,585,214
13.23,309,220
14.03,302,231
14.82,298,225
15.62,303,216
16.41,585,217
17.21,349,219
18.00,349,219
18.80,342,221
19.59,332,231
20.39,327,221
21.18,331,214
21.98,306,210
22.94,287,211
23.73,284,212
24.52,362,190
25.32,282,217
26.11,282,238
26.90,282,241
27.69,288,231
28.48,298,224
29.27,445,226
30.07,445,232
30.86,445,233
31.65,430,235
32.41,422,235
33.16,418,234
33.91,409,234
34.65,405,233
35.40,403,235
36.15,394,234
36.90,390,234
37.65,376,231
38.40,369,234
39.14,365,234
39.89,363,232
40.64,362,234
41.43,362,234
42.23,355,233
43.02,345,229
43.82,333,233
44.61,334,235
45.41,328,235
46.20,325,235
47.00,323,236
47.79,322,236
48.59,322,235
49.38,322,238
50.18,315,238
50.90,312,236
51.69,310,235
52.49,309,237
53.28,309,237
54.07,309,238
54.87,309,235
55.66,302,235
56.46,298,238
57.25,290,236
58.04,292,237
58.84,293,238
59.63,294,238
60.43,281,234
61.25,281,238
62.06,281,236
62.88,274,236
63.70,278,237
64.51,280,237
65.33,281,241
66.14,281,238
66.96,281,238
67.78,281,238
68.59,281,238
69.41,281,236
70.24,281,239
71.03,281,239
71.82,281,238
72.62,281,237
73.41,274,238
74.20,278,235
74.99,280,230
75.78,281,235
76.57,281,237
77.37,274,239
78.16,278,238
78.95,273,237
79.75,241,237
80.52,241,236
81.30,254,235
82.07,228,233
82.84,221,235
83.62,224,231
84.39,232,231
85.17,230,230
85.94,229,232
86.71,235,236
87.49,258,232
88.26,270,233
89.09,276,233
89.88,279,236
90.67,280,235
91.46,281,237
92.25,281,237
93.04,281,235
93.84,281,237
94.63,274,236
95.42,264,237
96.21,259,237
97.00,257,241
97.79,256,236
98.55,241,237
99.35,241,236
100.14,241,236
100.94,244,235
101.73,246,238
102.53,250,238
103.32,252,237
104.12,253,238
104.91,254,236
105.71,241,238
106.50,241,238
107.30,244,238
108.05,256,236
108.84,255,239
109.63,255,237
110.42,261,239
111.21,258,238
112.00,263,236
112.80,272,238
113.59,277,239
114.38,293,237
115.17,294,231
115.96,301,216
116.75,284,84
117.62,269,80
118.41,268,210
119.20,228,217
119.98,228,222
120.77,228,219
121.56,234,213
122.35,237,215
123.14,239,211
123.93,233,210
124.71,237,211
125.50,239,212
126.29,233,212
127.05,230,215
127.87,222,221
128.69,218,227
129.51,216,216
130.33,228,215
131.15,234,227
131.97,231,235
132.79,236,224
133.61,238,217
134.43,295,211
135.25,241,206
136.07,244,180
136.87,256,193
137.67,262,161
138.48,258,158
139.28,263,158
140.08,272,145
140.89,270,180
141.69,269,193
142.50,268,184
143.30,268,174
144.10,268,135
144.91,261,113
145.71,104,67
146.50,104,71
147.29,322,135
148.08,302,200
148.88,298,148
149.67,303,119
150.46,306,171
151.25,307,151
152.04,308,174
152.83,308,148
153.63,308,122
154.42,401,155
155.21,616,145
156.04,585,227
156.84,585,225
157.65,336,223
158.45,336,220
159.26,336,228
160.06,336,231
160.87,329,231
161.67,319,235
162.48,314,233
163.28,311,234
164.09,310,236
164.89,309,236
165.64,322,233
166.45,322,231
167.26,329,234
168.07,339,223
168.88,1489,218
169.69,1474,229
170.51,1489,228
171.32,6352,211
172.13,1224,168
172.94,1489,220
173.75,1489,220
174.56,538,221
175.31,538,226
176.10,538,230
176.89,523,228
177.68,507,227
178.47,523,220
179.26,523,213
180.04,188,220
180.83,181,225
181.62,165,235
182.41,169,230
183.20,171,223
183.99,179,219
184.82,183,221
185.62,151,233
186.43,135,238
187.23,119,241
188.03,104,241
188.84,104,242
189.64,104,244
190.45,96,239
191.25,100,243
192.05,102,243
192.86,110,237
193.66,114,228
194.49,124,226
195.29,149,231
196.10,161,234
196.90,167,235
197.70,170,241
198.51,172,234
199.31,180,227
200.12,210,224
200.92,225,228
201.72,220,227
202.53,230,229
203.33,235,228
204.09,238,224
204.89,239,219
205.68,881,216
206.48,881,226
207.27,881,227
208.07,897,228
208.86,912,236
209.66,928,226
210.45,538,226
211.25,538,227
212.04,523,229
212.84,507,230
213.67,507,227
214.46,507,233
215.24,499,232
216.03,495,231
216.82,493,232
217.61,484,232
218.39,507,232
219.18,507,230
219.97,499,229
220.76,507,235
221.54,507,231
222.33,507,236
223.12,538,231
223.91,538,235
224.71,538,234
225.50,538,232
226.29,538,233
227.08,538,234
227.88,554,232
228.67,570,234
229.46,585,236
230.25,585,236
231.05,585,232
231.84,570,233
232.61,570,235
233.41,601,232
234.20,585,231
235.00,585,233
235.79,601,233
236.59,601,233
237.38,601,234
238.18,601,235
238.97,616,235
239.77,632,230
240.56,632,236
241.36,647,233
242.12,647,234
242.90,647,235
243.67,632,237
244.45,647,236
245.23,663,237
246.01,663,238
246.78,647,236
247.56,647,238
248.34,647,238
249.12,647,236
249.89,647,237
250.67,647,237
251.46,647,237
252.25,647,237
253.05,647,236
253.84,647,235
254.63,647,233
255.42,632,234
256.22,647,235
257.01,647,234
257.80,632,234
258.59,647,235
259.39,632,239
260.18,616,229
260.97,601,225
261.76,585,227
262.56,570,230
263.35,554,226
264.15,538,226
264.94,538,232
265.74,538,230
266.53,523,230
267.33,507,231
268.12,507,228
268.92,499,230
269.71,495,232
270.46,485,231
271.25,480,233
272.03,462,232
272.82,453,231
273.61,441,232
274.40,435,231
275.18,425,236
275.97,420,233
276.76,417,236
277.55,409,234
278.33,397,231
279.12,399,235
279.99,400,232
280.78,400,234
281.57,400,236
282.36,393,233
283.15,397,235
283.94,399,235
284.72,400,234
285.51,400,235
286.30,407,234
287.09,418,232
287.88,409,233
288.67,397,233
289.46,391,234
290.28,388,234
291.11,394,234
291.93,397,235
292.75,406,231
293.58,418,215
294.40,819,223
295.23,819,225
296.05,835,223
296.87,850,223
297.70,850,227
298.52,866,228
299.27,881,235
300.06,850,238
300.85,772,231
301.64,757,223
302.43,507,211
303.22,772,212
304.02,772,215
304.81,772,213
305.60,445,177
306.39,460,155
307.18,452,161
307.97,433,168
308.80,417,158
309.59,401,119
310.38,393,145
311.17,59,129
311.96,123,187
312.75,155,216
313.53,164,220
314.32,169,224
315.11,171,226
315.90,160,228
316.69,167,230
317.48,158,228
318.23,166,231
319.03,157,233
319.82,165,232
320.62,157,231
321.41,153,233
322.21,151,231
323.00,162,233
323.80,168,231
324.59,171,230
325.39,172,230
326.18,160,227
326.98,167,224
327.74,170,220
328.54,179,214
329.34,176,206
330.14,147,168
330.94,476,210
331.74,476,210
332.53,570,193
333.33,554,226
334.13,554,229
334.93,554,235
335.73,538,230
336.53,538,233
337.90,538,235
338.69,538,232
339.48,538,235
340.27,538,232
341.06,523,231
341.85,523,232
342.64,538,234
343.43,523,230
344.22,523,234
345.01,523,232
345.80,523,233
346.59,523,231
347.39,523,231
348.14,386,220
348.88,386,227
349.63,374,231
350.38,368,234
351.13,365,235
351.87,363,236
352.62,374,231
353.37,380,225
354.12,459,222
354.86,475,231
355.61,523,235
356.40,523,236
357.20,523,227
357.99,554,212
358.79,523,210
359.59,499,222
0.38,401,221
1.18,381,214
1.97,383,145
2.77,322,161
3.57,322,151
4.36,329,151
5.16,538,224
5.96,538,232
6.73,538,233
7.51,538,232
8.28,538,234
9.05,538,235
9.82,538,232
10.60,554,237
11.37,554,236
12.14,570,230
12.91,336,210
13.69,322,227
14.46,308,229
15.22,301,221
16.00,305,214
16.78,585,218
17.56,362,219
18.34,355,215
19.12,345,223
19.90,333,232
20.68,327,220
21.46,304,213
22.24,293,212
23.02,287,210
23.80,284,213
24.60,283,210
25.39,289,225
26.19,278,238
26.98,280,239
27.77,287,229
28.56,298,220
29.36,445,225
30.15,445,230
30.94,437,231
31.73,426,234
32.53,420,234
33.32,410,234
34.12,405,233
34.88,403,232
35.64,394,233
36.40,390,233
37.16,388,234
37.92,375,234
38.68,368,232
39.44,365,232
40.20,363,234
40.96,356,234
41.72,346,232
42.48,341,230
43.31,338,228
44.14,337,234
44.97,336,238
45.80,322,235
46.63,315,235
47.46,318,235
48.28,320,236
49.11,321,235
49.94,315,234
50.77,312,235
51.60,303,237
52.43,306,236
53.22,307,235
54.01,308,239
54.81,308,237
55.60,301,237
56.39,298,235
57.19,296,238
57.98,295,236
58.78,295,237
59.57,295,237
60.36,295,235
61.16,288,237
61.95,291,237
62.75,286,237
63.53,277,234
64.30,279,235
65.08,280,238
65.86,281,237
66.63,281,238
67.41,281,239
68.18,281,237
68.96,281,237
69.74,281,237
70.51,281,237
71.29,281,237
72.08,281,237
72.87,281,240
73.67,281,241
74.46,281,234
75.25,281,233
76.05,281,235
76.84,274,235
77.64,271,238
78.43,269,238
79.22,262,238
80.02,265,237
80.81,260,237
81.61,241,231
82.35,234,233
83.08,224,237
83.82,226,231
84.56,233,231
85.30,230,230
86.03,239,233
86.77,253,233
87.51,260,230
88.25,271,232
88.98,276,236
89.72,279,237
90.51,273,236
91.31,270,237
92.12,269,236
92.92,268,236
93.72,268,236
94.52,268,237
95.33,261,236
96.13,258,241
96.93,256,241
97.73,241,239
98.54,241,236
99.34,241,236
100.14,241,236
100.93,241,235
101.73,244,237
102.52,246,238
103.31,250,236
104.11,252,236
104.90,253,238
105.70,254,237
106.49,254,238
107.28,254,238
108.08,261,239
108.87,264,239
109.62,259,239
110.41,263,238
111.21,265,239
112.00,260,238
112.79,271,237
113.59,283,240
114.38,289,239
115.18,292,234
115.97,300,220
116.76,304,96
117.56,293,100
118.35,274,168
119.14,228,214
119.94,234,222
120.75,231,218
121.55,229,217
122.35,222,211
123.15,233,210
123.96,237,211
124.76,239,212
125.56,233,211
126.36,237,212
127.17,239,213
127.97,233,221
128.80,224,226
129.59,219,217
130.38,223,215
131.17,232,227
131.96,230,233
132.75,235,225
133.54,238,220
134.33,242,213
135.12,245,171
135.91,250,210
136.70,252,187
137.49,260,203
138.32,264,180
139.14,259,171
139.95,263,184
140.77,272,168
141.59,277,168
142.40,272,155
143.22,277,151
144.03,279,145
144.85,294,103
145.67,104,67
146.48,111,48
147.30,282,96
148.09,295,145
148.89,288,119
149.68,298,164
150.48,296,148
151.28,302,168
152.08,305,148
152.87,320,187
153.67,321,158
154.47,315,145
155.27,325,168
156.06,585,225
156.86,585,230
157.58,336,220
158.37,329,222
159.17,332,226
159.96,334,231
160.75,335,233
161.54,328,233
162.34,318,238
163.13,313,234
163.92,311,234
164.71,310,236
165.51,316,231
166.30,326,236
167.10,331,233
167.90,340,227
168.71,1489,215
169.51,1489,229
170.31,1489,229
171.11,1505,214
171.92,6305,210
172.72,1489,217
173.52,1489,222
174.32,538,221
175.13,538,225
175.93,538,230
176.72,523,229
177.51,507,227
178.30,523,223
179.09,538,216
179.88,228,218
180.67,208,222
181.47,191,233
182.26,189,234
183.05,181,222
183.84,184,219
184.63,192,220
185.42,163,232
186.25,141,242
187.09,122,243
187.93,113,240
188.78,108,239
189.62,113,243
190.46,93,239
191.30,98,243
192.14,108,241
192.98,113,241
193.83,123,231
194.67,121,226
195.51,147,232
196.38,160,233
197.14,167,234
197.90,170,237
198.66,172,236
199.42,173,229
200.18,200,224
200.94,220,225
201.70,230,227
202.46,235,229
203.22,238,226
203.98,239,224
204.74,240,219
205.53,881,217
206.33,866,223
207.12,881,229
207.92,897,229
208.72,912,238
209.52,944,229
210.31,538,225
211.11,523,229
211.91,523,230
212.71,507,228
213.50,507,231
214.30,507,232
215.06,499,233
215.85,495,229
216.64,493,232
217.43,492,233
218.22,492,234
219.01,492,232
219.79,507,229
220.58,499,236
221.37,507,233
222.16,523,236
222.95,538,234
223.74,538,234
224.57,538,235
225.37,538,236
226.17,538,237
226.97,538,230
227.77,554,234
228.57,570,233
229.37,585,233
230.17,585,237
230.97,585,231
231.77,570,235
232.57,570,236
233.37,601,232
234.16,601,231
234.95,601,235
235.75,601,236
236.54,616,237
237.33,601,238
238.13,616,234
238.92,616,233
239.72,632,233
240.51,632,236
241.30,647,231
242.10,647,232
242.89,647,235
243.68,632,235
244.46,647,240
245.24,663,236
246.02,647,235
246.80,647,241
247.58,663,237
248.36,647,235
249.14,647,235
249.92,647,237
250.70,647,236
251.48,647,240
252.26,647,238
253.06,647,235
253.85,647,235
254.64,632,234
255.43,647,237
256.22,647,234
257.01,647,234
257.80,647,235
258.59,647,237
259.38,632,239
260.17,616,228
260.96,601,223
261.75,585,228
262.83,569,227
263.62,554,228
264.42,554,228
265.21,538,228
266.00,523,230
266.80,523,230
267.59,507,230
268.39,507,229
269.18,491,227
269.97,491,230
270.77,483,231
271.56,471,232
272.35,465,232
273.15,454,233
273.96,442,234
274.76,428,232
275.56,421,235
276.36,418,236
277.17,409,232
277.97,404,235
278.77,402,233
279.57,401,233
280.38,393,232
281.18,396,234
281.98,398,233
282.77,399,235
283.57,392,236
284.36,396,235
285.15,398,233
285.94,399,233
286.74,407,234
287.53,411,237
288.32,405,234
289.11,395,236
289.91,390,233
290.70,388,235
291.50,394,236
292.30,397,234
293.11,413,227
293.91,803,217
294.71,819,225
295.51,834,222
296.32,834,226
297.12,834,226
297.92,866,226
298.72,866,231
299.53,881,239
300.33,834,234
301.12,756,232
301.93,788,218
302.73,507,210
303.54,803,212
304.35,772,213
305.15,788,211
305.96,444,164
306.76,437,177
307.57,433,164
308.38,416,171
309.18,408,171
309.99,397,168
310.79,391,158
311.58,370,174
312.38,174,212
313.17,174,217
313.96,174,222
314.75,174,224
315.55,174,226
316.34,174,228
317.13,174,228
317.92,174,232
318.72,174,229
319.51,161,230
320.34,167,233
321.13,158,232
321.91,166,232
322.70,157,232
323.49,165,230
324.28,169,231
325.06,159,229
325.85,166,226
326.64,170,227
327.43,172,221
328.21,173,219
329.00,180,213
329.83,177,190
330.63,459,184
331.44,467,168
332.24,471,210
333.04,538,214
333.84,538,229
334.65,554,234
335.45,554,234
336.25,538,232
337.05,538,233
337.86,538,234
338.66,538,232
339.41,538,231
340.20,538,234
340.99,538,233
341.78,523,233
342.57,523,231
343.36,523,233
344.15,523,232
344.94,523,233
345.73,523,235
346.52,523,234
347.31,523,228
348.10,386,220
348.96,386,229
349.70,374,233
350.45,361,234
351.19,361,238
351.94,373,236
352.68,379,232
353.43,382,223
354.17,476,225
354.92,507,232
355.66,523,237
356.41,523,231
357.15,523,226
357.95,554,212
358.74,554,211
359.54,476,222
0.33,400,223
1.12,381,215
1.91,365,151
2.71,350,190
3.50,342,145
4.29,616,158
5.08,538,226
5.88,538,233
6.67,538,232
7.40,538,235
8.17,538,233
8.95,538,235
9.72,554,234
10.49,554,235
11.26,554,238
12.04,569,230
12.81,585,211
13.58,309,226
14.35,302,231
15.13,298,223
15.90,303,215
16.69,569,221
17.46,362,219
18.24,355,216
19.01,345,225
19.79,333,231
20.56,334,221
21.34,314,214
22.11,304,211
22.89,293,211
23.66,294,213
24.44,288,210
25.21,285,222
26.00,283,238
26.79,275,238
27.59,285,233
28.38,290,222
29.17,444,227
29.96,444,233
30.76,437,232
31.55,433,233
32.34,424,235
33.13,419,235
33.93,409,234
34.72,404,235
35.51,402,235
36.30,394,232
37.09,390,232
37.88,388,231
38.67,375,233
39.46,368,232
40.26,365,235
41.05,363,233
41.84,356,234
42.63,345,232
43.42,340,228
44.21,331,234
45.00,333,238
45.76,327,235
46.52,331,234
47.28,326,236
48.04,324,234
48.80,323,235
49.57,322,235
50.33,315,239
51.09,318,236
51.85,313,237
52.61,311,237
53.37,310,238
54.16,309,236
54.96,302,238
55.75,298,237
56.55,296,237
57.35,295,239
58.14,295,235
58.94,295,236
59.73,295,233
60.53,288,236
61.33,285,239
62.12,283,236
62.92,282,237
63.68,282,240
64.49,282,238
65.30,275,238
66.11,278,239
66.92,280,238
67.73,281,238
68.53,274,239
69.34,278,235
70.15,280,236
70.96,281,239
71.77,274,237
72.58,278,237
73.34,273,237
74.13,270,237
74.93,276,233
75.72,279,235
76.51,280,235
77.30,274,237
78.10,271,236
78.89,269,238
79.68,268,237
80.47,268,237
81.27,241,235
82.06,234,234
82.65,224,234
83.45,226,231
84.24,233,232
85.04,237,231
85.84,239,231
86.63,243,235
87.43,255,231
88.22,261,232
89.02,271,233
89.82,276,236
90.61,265,235
91.41,260,235
92.16,271,238
92.94,269,237
93.73,268,235
94.51,275,236
95.29,271,237
96.08,263,239
96.86,259,236
97.65,241,237
98.43,234,235
99.21,237,235
100.00,252,235
100.78,228,234
101.54,234,235
102.33,239,237
103.12,240,238
103.91,254,238
104.70,254,236
105.49,261,237
106.28,258,237
107.07,256,238
107.86,262,238
108.65,265,237
109.44,266,240
110.23,267,238
111.09,267,239
111.90,267,238
112.72,274,238
113.53,284,237
114.34,303,238
115.16,306,236
115.97,320,221
116.79,241,90
117.60,241,100
118.41,234,145
119.23,231,214
120.04,229,220
120.83,228,218
121.64,234,215
122.44,231,212
123.25,229,210
124.06,228,177
124.86,234,211
125.67,224,211
126.47,232,212
127.28,236,215
128.09,232,220
128.89,223,226
129.70,218,220
130.46,223,213
131.25,232,223
132.05,230,234
132.84,235,229
133.63,240,218
134.42,240,213
135.22,243,197
136.01,246,155
136.80,257,171
137.59,256,164
138.39,255,210
139.18,255,151
140.01,261,145
140.80,264,164
141.59,266,158
142.38,267,151
143.17,274,168
143.96,271,168
144.75,283,122
145.54,201,61
146.33,145,48
147.12,268,96
147.91,281,168
148.70,288,161
149.46,291,164
150.29,293,161
151.13,301,158
151.96,311,174
152.79,310,168
153.62,316,126
154.46,325,193
155.29,323,171
156.12,585,222
156.95,585,229
157.79,349,218
158.62,342,223
159.38,338,223
160.18,336,230
160.97,335,229
161.77,328,236
162.56,318,237
163.36,313,235
164.15,311,233
164.95,310,234
165.74,316,235
166.54,319,233
167.33,327,234
168.13,331,230
168.96,1505,213
169.75,1473,227
170.54,1489,229
171.33,1505,217
172.12,6305,211
172.91,1489,215
173.71,1489,223
174.50,538,218
175.29,538,228
176.08,538,228
176.87,523,231
177.66,523,224
178.45,523,222
179.24,523,216
180.04,134,216
180.83,161,223
181.62,167,233
182.41,177,236
183.21,175,223
184.00,162,221
184.79,175,220
185.58,154,230
186.38,136,240
187.17,120,243
187.94,119,240
188.74,104,239
189.53,104,240
190.33,104,238
191.12,104,242
191.92,111,243
192.71,115,241
193.51,117,232
194.30,133,226
195.10,153,231
195.89,163,236
196.69,175,232
197.49,174,240
198.28,174,236
199.06,174,230
199.85,194,224
200.64,211,225
201.42,226,228
202.21,233,229
202.99,237,228
203.78,239,226
204.57,243,221
205.35,881,216
206.14,881,223
206.94,881,229
207.73,897,229
208.53,912,234
209.32,928,234
210.11,554,224
210.90,538,228
211.70,523,231
212.49,523,228
213.28,507,229
214.07,507,230
214.87,499,231
215.66,495,232
216.45,493,230
217.24,484,232
218.03,487,232
218.82,507,231
219.61,499,230
220.40,507,233
221.19,507,233
221.98,507,235
222.77,523,231
223.56,523,233
224.35,538,234
225.14,538,235
225.94,538,234
226.73,538,232
227.52,554,233
228.31,569,231
229.10,585,235
229.89,601,235
230.68,585,234
231.47,569,235
232.26,585,235
233.05,601,235
233.84,601,230
234.63,601,236
235.46,601,236
236.25,616,236
237.04,601,234
237.83,601,237
238.62,616,232
239.41,632,234
240.19,632,235
240.98,647,235
241.77,647,233
242.56,647,234
243.35,647,235
244.14,647,238
244.94,663,235
245.73,663,237
246.53,647,237
247.32,647,237
248.11,647,238
248.91,647,235
249.70,647,237
250.50,647,235
251.29,647,238
252.08,647,238
252.88,647,236
253.67,647,238
254.42,647,236
255.23,632,234
256.03,647,234
256.84,632,235
257.65,647,236
258.46,647,236
259.26,632,241
260.07,616,231
260.88,601,224
261.69,585,226
262.49,570,229
263.30,554,227
264.09,554,229
264.88,538,232
265.67,538,229
266.46,523,230
267.25,507,230
268.04,507,230
268.82,507,229
269.61,491,232
270.40,483,233
271.19,479,234
271.98,469,231
272.77,457,230
273.57,443,231
274.39,429,232
275.21,422,232
276.03,418,234
276.85,416,235
277.67,401,234
278.48,401,234
279.30,401,234
280.12,401,231
280.94,393,233
281.76,397,234
282.58,399,233
283.38,400,233
284.21,400,236
285.04,400,235
285.87,400,235
286.70,407,236
287.53,411,233
288.35,406,233
289.18,396,236
290.01,391,235
290.84,388,235
291.67,394,237
292.50,404,234
293.37,417,233
294.16,819,216
294.95,819,224
295.74,819,225
296.53,835,224
297.32,850,225
298.10,850,230
298.89,866,232
299.68,866,236
300.47,835,238
301.26,757,231
302.05,772,218
302.85,523,210
303.63,757,213
304.40,772,215
305.18,788,213
305.96,445,193
306.74,445,210
307.51,445,174
308.29,430,177
309.07,430,155
309.85,408,145
310.62,397,203
311.40,379,200
312.15,174,212
312.95,174,218
313.74,174,222
314.54,174,225
315.34,174,226
316.13,174,230
316.93,161,230
317.72,155,231
318.52,152,231
319.32,150,234
320.11,149,231
320.91,149,233
321.70,161,232
322.49,155,232
323.28,164,233
324.07,156,232
324.86,165,229
325.65,169,229
326.44,171,228
327.23,172,223
328.02,173,217
328.81,173,211
329.60,173,211
330.39,445,161
331.25,460,184
332.09,468,206
332.93,554,216
333.77,554,231
334.61,554,231
335.45,538,234
336.30,538,232
337.14,538,231
337.98,538,232
338.82,538,235
339.66,538,234
340.50,538,232
341.29,538,234
342.09,523,235
342.88,523,233
343.68,523,236
344.48,523,231
345.28,523,232
346.07,523,231
346.87,523,235
347.67,507,229
348.47,386,223
349.26,386,227
350.06,374,232
350.81,368,235
351.51,358,239
352.22,372,238
352.92,379,229
353.63,382,225
354.33,459,223
355.04,507,235
355.74,523,235
356.45,523,236
357.15,523,223
357.86,554,211
358.56,507,211
359.39,491,221
0.18,386,224
0.96,374,213
1.75,322,145
2.54,322,164
3.32,322,187
4.11,570,200
4.89,538,227
5.68,538,234
6.47,538,234
7.25,538,233
8.04,538,233
8.84,538,234
9.64,538,234
10.43,554,236
11.23,554,234
12.03,554,229
12.82,322,212
13.62,308,229
14.41,301,228
15.21,298,221
16.01,310,216
16.80,585,218
17.60,362,218
18.36,355,218
19.15,345,223
19.94,333,230
20.73,314,219
21.52,298,211
22.31,296,210
23.10,289,211
23.89,285,212
24.68,283,211
25.47,282,226
26.26,282,237
27.05,282,238
27.88,288,229
28.67,298,220
29.47,445,228
30.26,445,233
31.05,437,234
31.85,426,232
32.64,420,232
33.44,410,234
34.23,405,233
35.02,403,234
35.82,394,235
36.61,390,233
37.40,388,233
38.19,375,234
38.98,368,232
39.77,365,236
40.56,363,233
41.35,356,235
42.14,352,233
42.93,344,232
43.72,340,227
44.51,331,236
45.30,333,236
46.09,334,236
46.88,328,238
47.65,325,233
48.43,323,233
49.20,316,235
49.97,312,235
50.75,310,235
51.52,309,234
52.30,309,236
53.07,309,238
53.84,309,239
54.62,309,238
55.39,302,238
56.25,298,237
57.04,296,238
57.83,295,237
58.62,295,235
59.41,295,238
60.20,288,237
61.00,285,236
61.79,283,237
62.58,282,237
63.37,282,236
64.16,282,237
64.95,282,237
65.74,282,237
66.52,282,236
67.29,282,239
68.07,282,237
68.85,282,240
69.62,282,237
70.40,282,236
71.17,282,238
71.95,282,239
72.73,282,239
73.50,282,235
74.28,282,234
75.08,282,232
75.85,282,237
76.63,275,238
77.40,271,240
78.17,269,237
78.95,268,235
79.72,261,234
80.50,241,237
81.27,241,234
82.04,228,233
82.82,221,233
83.59,224,231
84.38,232,233
85.17,230,232
85.96,235,232
86.75,240,234
87.54,254,231
88.33,268,231
89.12,275,235
89.91,278,238
90.70,280,236
91.49,274,237
92.28,278,235
93.07,273,236
93.94,270,237
94.74,269,236
95.55,268,237
96.35,261,237
97.15,258,238
97.95,241,238
98.76,244,238
99.56,246,233
100.36,243,236
101.16,242,235
101.97,245,235
102.77,250,236
103.53,252,240
104.33,253,236
105.12,254,239
105.92,254,238
106.72,254,238
107.51,254,238
108.31,261,236
109.10,264,236
109.90,266,240
110.70,267,239
111.49,267,238
112.29,267,237
112.94,274,237
113.73,284,241
114.52,296,233
115.31,295,230
116.10,315,212
116.89,134,77
117.68,187,135
118.47,207,158
119.26,217,215
120.05,222,217
120.84,225,216
121.63,226,214
122.49,236,212
123.29,238,210
124.08,233,211
124.88,238,210
125.68,239,212
126.47,233,211
127.27,224,213
128.06,226,222
128.86,220,226
129.66,224,214
130.45,232,216
131.25,236,231
132.05,238,234
132.84,239,225
133.64,243,216
134.43,262,211
135.22,258,206
136.02,263,171
136.81,259,200
137.61,263,174
138.40,259,100
139.19,263,109
139.99,265,132
140.78,273,187
141.57,264,190
142.37,266,164
143.17,274,177
143.97,278,187
144.77,293,77
145.57,89,58
146.37,282,54
147.17,295,135
147.97,288,158
148.77,291,142
149.57,349,151
150.37,295,148
151.23,302,135
152.04,298,197
152.86,296,145
153.67,309,145
154.48,322,161
155.29,554,164
156.11,585,227
156.92,585,226
157.73,336,221
158.54,329,222
159.36,332,230
160.17,334,233
161.00,328,233
161.80,325,236
162.59,317,236
163.39,313,234
164.19,311,234
164.99,310,234
165.78,316,232
166.58,326,232
167.38,331,234
168.18,340,225
168.97,1489,220
169.77,1489,228
170.52,1489,230
171.34,6336,211
172.15,1240,200
172.97,1489,218
173.79,1489,222
174.60,523,223
175.42,538,227
176.23,538,229
177.05,523,227
177.87,507,226
178.68,523,221
179.50,523,213
180.29,174,221
181.08,161,228
181.86,174,235
182.65,174,230
183.44,174,222
184.23,181,221
185.01,191,220
185.80,162,234
186.59,140,241
187.38,122,244
188.16,113,240
188.95,101,238
189.78,102,239
190.57,103,241
191.37,111,243
192.16,115,245
192.95,117,238
193.74,125,229
194.54,129,225
195.33,151,232
196.12,162,234
196.91,168,234
197.71,171,241
198.50,179,231
199.30,176,228
200.10,208,224
200.89,218,227
201.69,229,229
202.49,235,228
203.28,238,225
204.08,239,223
204.87,243,219
205.67,866,218
206.47,881,226
207.26,881,228
208.06,912,229
208.85,928,240
209.63,928,225
210.42,538,226
211.20,538,228
211.98,523,231
212.77,507,230
213.55,507,231
214.34,507,228
215.12,499,230
215.90,495,234
216.69,493,231
217.47,492,232
218.30,507,236
219.09,507,231
219.88,507,231
220.67,507,235
221.46,507,229
222.25,523,233
223.04,538,231
223.83,538,233
224.62,538,236
225.41,538,233
226.20,538,233
226.99,538,233
227.78,554,232
228.58,585,234
229.37,585,237
230.17,585,235
230.97,585,232
231.76,570,234
232.56,585,235
233.35,601,233
234.15,585,232
234.95,601,236
235.74,616,233
236.54,616,235
237.30,601,236
238.09,601,232
238.89,616,237
239.68,632,235
240.47,632,237
241.27,647,233
242.06,647,235
242.86,647,233
243.65,647,234
244.44,647,235
245.24,663,236
246.03,647,238
246.86,647,236
247.66,663,234
248.46,647,238
249.26,647,235
250.06,647,238
250.86,648,239
251.66,648,239
252.46,648,238
253.26,648,235
254.06,648,236
254.86,648,236
255.66,648,236
256.45,648,234
257.23,648,235
258.01,648,235
258.79,648,235
259.57,632,240
260.35,616,230
261.13,601,227
261.91,585,225
262.69,570,228
263.47,554,228
264.25,554,228
265.03,539,229
265.79,523,232
266.58,523,233
267.38,507,230
268.17,507,231
268.96,499,228
269.75,487,232
270.55,481,234
271.34,478,233
272.13,468,232
272.92,456,233
273.72,443,234
274.51,436,234
275.31,425,233
276.09,420,235
276.86,410,233
277.64,405,233
278.42,403,234
279.19,402,232
279.97,401,232
280.74,401,232
281.52,401,233
282.30,401,234
283.07,401,233
283.85,401,233
284.61,401,235
285.45,401,235
286.28,408,237
287.12,411,235
287.95,406,234
288.79,396,233
289.62,391,237
290.46,388,233
291.29,394,235
292.13,404,234
292.96,417,232
293.80,819,215
294.60,819,224
295.39,819,225
296.19,835,228
296.98,835,227
297.77,850,228
298.56,866,231
299.36,881,236
300.15,850,236
300.94,757,228
301.73,772,224
302.53,507,211
303.32,788,211
304.15,757,214
304.95,757,211
305.75,445,210
306.55,437,161
307.35,441,190
308.15,428,187
308.95,414,174
309.75,400,164
310.55,381,190
311.35,383,151
312.15,174,210
312.95,181,214
313.71,165,218
314.51,169,224
315.30,151,224
316.10,162,228
316.90,168,231
317.69,171,228
318.49,172,231
319.28,160,232
320.08,154,231
320.88,164,233
321.67,169,234
322.47,171,236
323.23,172,232
324.03,160,231
324.82,167,231
325.62,170,228
326.42,172,226
327.21,173,223
328.01,173,220
328.80,180,213
329.60,184,210
330.40,492,138
331.19,484,187
331.99,430,171
332.82,507,212
333.65,554,227
334.47,554,230
335.30,539,232
336.12,554,231
336.95,539,233
337.77,539,234
338.60,539,234
339.42,539,233
340.25,539,233
341.07,539,232
341.90,539,235
342.73,523,232
343.52,523,233
344.30,523,234
345.09,523,232
345.87,523,234
346.66,523,233
347.44,523,233
348.23,499,221
349.01,363,228
349.80,363,234
350.58,363,233
351.37,356,236
352.16,359,234
352.91,372,232
353.67,379,225
354.42,459,221
355.18,507,232
355.93,523,236
356.69,523,234
357.44,523,229
358.20,539,213
358.95,322,210
359.71,445,218
0.46,423,223
1.22,363,218
2.00,374,132
2.77,361,168
3.55,348,161
4.33,342,187
5.11,539,225
5.88,539,231
6.66,539,233
7.44,539,233
8.22,539,233
8.99,539,234
9.77,554,234
10.60,554,235
11.39,554,236
12.18,554,228
12.97,554,210
13.76,309,226
14.55,302,232
15.33,298,222
16.12,317,214
16.91,585,216
17.70,362,222
18.49,355,217
19.28,345,222
20.07,333,234
20.84,327,221
21.61,311,213
22.37,296,210
23.14,282,211
23.91,282,213
24.68,288,211
25.45,285,222
26.22,283,241
26.98,282,240
27.75,282,232
28.52,288,222
29.27,445,227
30.04,445,233
30.82,437,232
31.59,433,233
32.37,424,234
33.14,419,232
33.92,410,235
34.69,405,234
35.47,395,233
36.24,390,234
37.02,388,234
37.79,375,232
38.62,368,234
39.41,365,234
40.20,363,233
40.99,356,235
41.78,352,232
42.57,344,232
43.35,340,230
44.14,331,233
44.93,333,235
45.72,334,233
46.51,328,240
47.30,325,237
48.09,323,234
48.88,322,236
49.68,315,234
50.47,312,234
51.27,310,235
52.06,309,237
52.86,309,238
53.65,302,237
54.45,305,239
55.24,300,237
56.04,297,234
56.83,296,236
57.62,295,237
58.42,295,238
59.21,295,238
60.01,288,235
60.80,278,238
61.60,280,235
62.39,281,239
63.19,281,238
63.98,281,236
64.78,281,236
65.57,281,239
66.37,281,237
67.16,281,237
67.94,274,239
68.73,278,240
69.51,280,237
70.30,281,237
71.08,281,238
71.87,274,237
72.65,278,237
73.44,280,236
74.22,281,233
75.01,281,233
75.79,281,237
76.62,274,236
77.41,271,240
78.20,269,237
78.99,268,238
79.78,268,236
80.57,228,233
81.36,234,234
82.15,231,231
82.94,229,233
83.73,228,231
84.52,228,233
85.31,228,232
86.11,238,234
86.91,253,232
87.70,254,228
88.50,268,233
89.29,275,236
90.09,278,236
90.88,280,234
91.68,281,237
92.47,281,238
93.27,274,235
94.06,271,235
94.86,269,237
95.65,262,237
96.48,258,238
97.30,256,237
98.13,241,237
98.96,241,235
99.78,241,235
100.61,241,236
101.43,241,235
102.26,244,238
103.09,242,236
103.91,245,237
104.74,243,239
105.57,242,239
106.36,245,238
107.15,250,238
107.94,259,238
108.73,257,236
109.52,256,240
110.32,262,238
111.11,258,239
111.90,263,235
112.69,265,238
113.48,273,235
114.27,291,240
115.06,300,235
115.86,311,226
116.65,303,145
117.45,306,96
118.24,241,122
119.04,234,212
119.83,237,218
120.63,232,219
121.42,230,213
122.22,235,213
123.01,238,211
123.81,233,203
124.57,237,212
125.36,232,211
126.14,236,213
126.93,232,213
127.72,230,218
128.51,222,225
129.29,218,221
130.08,216,214
130.87,228,224
131.66,234,233
132.44,231,230
133.23,236,221
134.06,252,215
134.86,253,211
135.66,260,210
136.46,264,158
137.26,259,206
138.06,263,161
138.86,272,168
139.66,270,171
140.46,269,171
141.26,275,164
142.06,271,168
142.86,276,148
143.69,279,184
144.49,267,155
145.28,119,61
146.08,96,80
146.87,295,119
147.67,295,180
148.46,302,155
149.26,292,148
150.05,293,164
150.85,301,197
151.64,298,184
152.44,310,116
153.20,309,155
154.02,309,148
154.83,315,164
155.65,601,218
156.47,585,229
157.29,349,217
158.10,342,224
158.92,332,225
159.74,334,231
160.56,328,230
161.37,325,235
162.19,323,237
163.01,316,234
163.80,312,237
164.59,310,236
165.38,316,233
166.17,326,234
166.96,331,235
167.74,333,233
168.53,347,217
169.32,1489,224
170.11,1489,229
170.90,1505,222
171.69,6321,213
172.65,1489,213
173.44,1489,220
174.23,1505,214
175.03,538,227
175.82,538,228
176.61,523,230
177.40,507,227
178.19,507,225
178.98,523,221
179.78,188,217
180.57,181,222
181.36,177,227
182.16,182,236
182.96,185,227
183.76,186,219
184.56,187,220
185.36,168,223
186.16,143,238
186.96,131,243
187.76,125,241
188.56,122,240
189.36,113,239
190.16,108,242
190.96,106,241
191.79,97,243
192.58,108,243
193.38,113,235
194.17,123,224
194.96,148,228
195.75,161,232
196.55,167,233
197.34,170,235
198.13,172,234
198.92,173,232
199.72,194,225
200.51,217,226
201.26,222,227
202.04,231,229
202.82,236,228
203.60,238,226
204.38,242,223
205.16,245,216
205.95,881,220
206.73,881,227
207.51,881,227
208.29,912,231
209.07,912,239
209.85,554,221
210.64,538,228
211.43,538,231
212.22,523,229
213.01,507,229
213.80,507,232
214.59,507,231
215.39,491,231
216.18,507,233
216.97,499,232
217.76,495,231
218.55,507,234
219.34,491,230
220.17,491,231
220.96,523,235
221.75,507,233
222.54,523,234
223.33,538,232
224.12,538,234
224.90,538,232
225.69,538,232
226.48,538,233
227.27,538,232
228.06,554,233
228.85,585,232
229.68,585,236
230.44,585,236
231.20,585,233
231.96,570,235
232.72,585,234
233.48,585,232
234.25,570,231
235.01,601,233
235.77,601,233
236.53,601,233
237.29,585,237
238.05,616,233
238.84,616,231
239.66,632,234
240.48,632,238
241.30,647,232
242.12,647,234
242.94,647,237
243.76,632,235
244.58,647,237
245.40,663,235
246.22,647,238
247.04,663,235
247.86,647,237
248.66,647,238
249.45,647,237
250.24,647,238
251.04,647,237
251.83,647,238
252.62,647,237
253.41,647,238
254.20,647,237
254.99,647,235
255.79,647,235
256.58,632,235
257.37,647,234
258.20,647,232
258.94,632,236
259.69,632,239
260.43,616,229
261.18,585,224
261.92,585,226
262.67,570,228
263.41,554,231
264.16,554,229
264.90,538,233
265.65,538,230
266.39,523,231
267.19,523,231
267.99,507,231
268.78,507,231
269.58,499,230
270.37,487,232
271.17,481,233
271.96,470,231
272.76,457,232
273.55,443,235
274.35,429,234
275.14,422,237
275.94,418,235
276.69,416,235
277.51,408,233
278.33,404,234
279.15,395,232
279.97,398,232
280.79,399,233
281.62,400,235
282.44,400,233
283.26,400,232
284.08,400,235
284.90,400,233
285.72,400,235
286.54,407,235
287.37,418,234
288.19,409,234
289.02,397,233
289.85,391,236
290.68,388,234
291.50,394,235
292.33,404,230
293.16,417,230
293.99,819,216
294.81,819,225
295.64,835,223
296.43,835,223
297.23,850,226
298.02,850,225
298.82,866,229
299.61,866,236
300.41,850,237
301.20,757,230
302.00,772,221
302.79,523,212
303.59,772,212
304.38,772,214
305.18,772,211
305.94,803,206
306.72,445,210
307.49,437,200
308.27,419,197
309.05,410,190
309.83,398,168
310.60,380,155
311.38,371,210
312.16,149,211
312.94,161,215
313.71,167,218
314.49,170,223
315.32,172,226
316.11,173,230
316.90,161,227
317.69,155,228
318.48,152,230
319.27,150,230
320.05,149,230
320.84,161,230
321.63,155,234
322.42,152,230
323.21,163,233
324.00,156,229
324.76,165,230
325.56,169,227
326.35,171,224
327.15,172,222
327.94,180,219
328.74,184,213
329.53,166,158
330.33,476,168
331.12,476,168
331.92,476,171
332.71,554,216
333.51,554,228
334.30,554,230
335.18,538,231
336.05,538,233
336.93,538,231
337.80,538,234
338.68,538,233
339.55,538,233
340.43,538,232
341.30,538,232
342.18,538,231
343.05,523,232
343.93,523,234
344.72,523,233
345.42,523,231
346.13,523,233
346.83,523,234
347.54,523,227
348.24,386,223
348.95,374,229
349.65,368,233
350.36,365,234
351.06,363,235
351.77,374,237
352.47,380,230
353.26,383,222
354.06,476,227
354.85,484,235
355.65,523,235
356.45,523,232
357.25,523,221
358.04,523,210
358.84,523,214
359.64,445,223
0.44,386,224
1.23,374,212
2.03,445,122
2.82,362,158
3.61,309,177
4.41,538,213
5.20,538,231
5.99,538,232
6.78,538,232
7.58,538,233
8.37,538,235
9.16,538,235
9.95,554,235
10.75,554,237
11.54,554,233
12.30,570,220
13.09,309,214
13.89,302,230
14.68,298,228
15.47,303,220
16.27,306,214
17.06,327,216
17.86,338,219
18.65,343,219
19.44,332,229
20.24,327,226
21.03,331,218
21.79,306,211
22.60,300,212
23.40,291,211
24.21,279,212
25.02,287,210
25.82,284,235
26.63,283,238
27.43,282,235
28.24,288,228
29.05,401,224
29.85,423,230
30.66,434,234
31.45,432,232
32.20,423,233
32.95,419,231
33.70,410,233
34.45,405,233
35.20,403,234
35.95,394,234
36.70,390,234
37.45,388,233
38.20,375,234
38.95,368,236
39.70,365,235
40.50,357,234
41.29,353,235
42.09,344,235
42.88,340,229
43.67,338,232
44.47,337,235
45.26,336,234
46.06,329,238
46.85,325,235
47.64,323,235
48.44,322,236
49.23,322,236
50.02,315,237
50.84,312,238
51.65,310,235
52.47,309,234
53.29,309,237
54.10,302,235
54.92,305,236
55.73,300,236
56.55,297,237
57.37,296,238
58.18,295,237
59.00,295,236
59.76,295,239
60.53,281,237
61.29,288,236
62.06,285,238
62.83,283,237
63.59,282,237
64.36,282,236
65.12,275,237
65.89,278,238
66.66,280,237
67.42,281,237
68.19,281,236
68.91,281,236
69.70,281,237
70.50,281,238
71.29,281,237
72.08,274,239
72.88,278,238
73.67,280,237
74.47,281,233
75.26,281,231
76.05,281,237
76.85,281,237
77.64,274,239
78.47,264,236
79.23,266,235
80.00,241,236
80.76,254,233
81.52,241,233
82.29,228,233
83.05,221,232
83.82,231,232
84.58,229,232
85.34,228,231
86.11,234,233
86.87,251,232
87.63,266,233
88.43,274,232
89.22,278,238
90.02,273,234
90.82,270,237
91.61,276,238
92.41,272,238
93.20,270,237
94.00,269,237
94.80,268,237
95.59,261,236
96.39,258,238
97.47,256,239
98.26,255,236
99.05,241,236
99.84,234,235
100.63,237,235
101.42,241,236
102.21,241,236
103.00,244,237
103.79,242,237
104.58,245,237
105.37,243,238
106.16,246,238
106.99,250,238
107.78,252,239
108.56,253,239
109.35,260,237
110.14,257,239
110.92,262,240
111.71,265,240
112.49,266,238
113.28,274,236
114.07,291,238
114.85,300,234
115.64,304,229
116.47,299,174
117.26,74,74
118.06,157,119
118.85,199,212
119.64,220,218
120.44,224,221
121.23,226,217
122.03,227,213
122.82,227,210
123.61,234,210
124.41,231,211
125.20,229,212
126.00,228,212
126.79,234,213
127.58,224,217
128.37,226,224
129.16,220,224
129.95,217,214
130.73,222,218
131.52,231,233
132.31,229,235
133.10,235,224
133.89,238,216
134.68,253,211
135.48,254,180
136.28,254,177
137.08,254,180
137.88,261,210
138.68,271,145
139.48,269,164
140.27,275,126
141.07,271,132
141.87,269,197
142.67,268,164
143.47,275,161
144.27,278,180
145.14,174,90
145.93,154,42
146.72,114,67
147.51,295,177
148.30,302,148
149.09,312,171
149.88,303,164
150.67,306,132
151.46,307,145
152.25,308,151
153.04,315,197
153.83,325,145
154.59,323,177
155.40,601,177
156.20,585,227
157.01,585,224
157.82,336,224
158.62,329,223
159.43,332,231
160.23,327,231
161.04,324,234
161.85,316,237
162.65,319,237
163.46,314,235
164.25,311,235
165.06,316,236
165.86,326,231
166.67,331,235
167.48,333,231
168.28,341,223
169.09,1489,220
169.89,1474,229
170.70,1489,226
171.51,6352,211
172.31,1240,184
173.12,1489,218
173.95,1489,221
174.74,538,223
175.52,538,227
176.31,538,229
177.10,523,228
177.89,507,224
178.67,523,220
179.46,523,214
180.25,174,222
181.04,174,225
181.82,174,236
182.61,174,230
183.40,174,221
184.19,174,219
184.99,174,220
185.78,154,235
186.57,136,237
187.36,120,242
188.16,112,241
188.95,108,238
189.74,106,240
190.53,97,239
191.33,100,242
192.12,109,242
192.92,106,239
193.71,112,231
194.51,123,227
195.30,148,231
196.09,161,235
196.89,167,234
197.68,170,239
198.48,172,234
199.27,173,226
200.06,194,223
200.86,211,226
201.65,226,228
202.43,233,228
203.22,237,227
204.01,239,226
204.80,243,218
205.59,881,218
206.38,866,226
207.18,881,230
207.97,912,228
208.76,928,237
209.55,928,223
210.34,538,225
211.13,538,230
211.92,523,230
212.73,507,230
213.53,507,231
214.34,507,231
215.15,499,230
215.95,495,231
216.76,493,232
217.56,492,234
218.37,507,234
219.18,507,230
219.98,507,230
220.79,523,232
221.54,507,233
222.34,523,234
223.13,523,233
223.93,538,234
224.73,538,233
225.53,538,233
226.32,554,231
227.12,538,233
227.92,554,234
228.72,585,235
229.51,585,234
230.31,601,234
231.11,585,234
231.90,570,232
232.69,585,238
233.48,601,235
234.27,601,232
235.06,601,233
235.84,601,235
236.63,601,235
237.42,601,235
238.21,616,232
239.00,616,234
239.79,632,234
240.59,632,237
241.36,647,232
242.14,647,231
242.91,647,236
243.68,632,236
244.45,647,235
245.23,663,237
246.00,663,235
246.77,663,237
247.54,647,238
248.32,647,239
249.09,647,237
249.88,632,236
250.68,647,237
251.47,647,238
252.27,647,237
253.07,647,238
253.87,647,238
254.66,632,233
255.46,647,234
256.26,647,233
257.06,647,233
257.85,647,233
258.65,647,236
259.45,632,233
260.27,616,228
261.08,585,224
261.90,570,224
262.71,570,228
263.53,554,229
264.34,538,231
265.16,538,231
265.97,523,233
266.79,523,231
267.60,507,229
268.42,507,230
269.25,499,230
270.05,495,230
270.85,485,235
271.65,472,234
272.45,458,231
273.25,451,231
274.04,440,233
274.84,427,233
275.64,421,234
276.44,418,235
277.24,416,233
278.04,401,233
278.84,401,233
279.63,381,234
280.43,383,234
281.22,392,231
282.01,396,234
282.81,398,232
283.60,399,233
284.40,400,231
285.19,400,234
285.98,400,235
286.78,407,232
287.57,404,233
288.36,395,233
289.19,390,233
290.03,388,233
290.86,387,236
291.69,394,232
292.52,404,233
293.36,417,221
294.19,819,223
295.02,819,224
295.85,835,224
296.69,835,226
297.52,850,227
298.35,866,228
299.14,897,234
299.93,850,236
300.72,803,228
301.51,757,230
302.30,523,211
303.09,507,210
303.88,757,212
304.67,476,211
305.46,467,203
306.25,448,210
307.04,446,135
307.79,430,168
308.58,415,174
309.38,415,148
310.17,400,116
310.96,400,142
311.76,174,184
312.55,174,216
313.35,174,219
314.14,174,223
314.93,174,227
315.73,174,228
316.52,174,231
317.32,174,231
318.11,161,230
318.91,167,233
319.70,170,233
320.49,172,232
321.29,173,233
322.08,161,234
322.88,167,232
323.67,158,231
324.46,166,231
325.26,170,228
326.05,172,228
326.84,173,223
327.63,173,221
328.43,194,215
329.22,184,210
330.01,212,168
330.81,476,142
331.60,476,164
332.40,476,190
333.19,554,224
333.98,554,233
334.78,538,231
335.57,538,233
336.37,554,232
337.22,538,233
338.08,538,235
338.93,538,233
339.78,538,236
340.64,538,233
341.49,523,233
342.35,523,232
343.20,523,233
344.05,523,234
344.91,523,231
345.76,523,234
346.56,523,232
347.26,523,232
347.95,523,219
348.65,386,226
349.35,374,231
350.05,368,234
350.74,365,235
351.44,375,234
352.14,380,232
352.84,383,223
353.53,476,221
354.23,476,232
355.03,523,237
355.82,523,234
356.61,523,227
357.40,554,215
358.19,362,210
358.98,492,219
359.77,401,223
0.56,393,218
1.35,322,145
2.14,322,145
2.93,329,193
3.72,345,135
4.51,554,221
5.31,538,230
6.12,538,233
6.92,538,235
7.72,538,234
8.53,538,233
9.33,538,237
10.14,554,238
10.94,554,234
11.74,554,230
12.55,585,215
13.35,309,221
14.10,302,231
14.90,298,225
15.69,303,217
16.49,554,216
17.29,362,218
18.08,355,217
18.88,345,221
19.67,333,229
20.47,327,221
21.27,304,213
22.06,299,213
22.86,290,211
23.62,286,212
24.41,284,211
25.21,283,216
26.00,282,240
26.79,282,238
27.59,288,232
28.38,291,225
29.18,430,223
29.97,437,230
30.76,441,233
31.56,428,234
32.35,421,234
33.14,418,237
33.89,409,233
34.64,405,235
35.39,395,233
36.14,390,232
36.89,388,232
37.65,375,233
38.40,380,236
39.15,371,231
39.90,366,235
40.65,357,233
41.40,353,235
42.16,344,233
42.96,340,229
43.75,338,233
44.55,337,235
45.35,336,236
46.14,322,237
46.94,329,233
47.73,325,234
48.53,323,235
49.33,322,236
50.12,322,237
50.92,315,233
51.71,312,236
52.49,310,239
53.26,309,239
54.04,309,237
54.82,302,237
55.60,298,238
56.37,296,237
57.15,295,236
57.93,295,237
58.71,295,237
59.48,295,237
60.26,288,235
61.05,285,238
61.83,283,235
62.60,275,238
63.38,278,236
64.16,280,240
64.94,281,236
65.71,281,238
66.49,281,236
67.27,281,237
68.05,281,239
68.82,281,238
69.60,281,239
70.35,281,238
71.15,281,238
71.94,281,237
72.74,281,238
73.54,281,236
74.34,281,235
75.13,281,231
75.93,281,234
76.73,281,239
77.53,274,240
78.32,264,238
79.12,266,237
79.91,260,238
80.68,241,233
81.45,241,233
82.22,234,232
82.99,231,233
83.76,240,231
84.53,240,231
85.30,234,232
86.07,251,233
86.84,259,232
87.61,263,232
88.38,272,235
89.25,277,232
90.04,279,236
90.82,280,235
91.61,281,236
92.40,281,235
93.18,274,237
93.97,271,236
94.75,269,237
95.54,262,241
96.33,258,239
97.11,256,237
97.90,255,238
98.66,241,234
99.46,244,236
100.25,246,237
101.05,243,235
101.85,246,237
102.64,243,237
103.44,246,236
104.23,243,238
105.03,246,236
105.83,250,238
106.62,252,237
107.42,253,237
108.22,260,238
109.02,257,240
109.83,262,240
110.63,265,239
111.43,266,240
112.23,267,240
113.04,274,238
113.84,291,240
114.64,300,233
115.44,311,233
116.25,323,211
117.05,241,74
117.91,295,100
118.70,228,206
119.48,234,216
120.27,231,222
121.06,229,218
121.85,228,215
122.63,234,211
123.42,237,211
124.21,239,211
125.00,233,212
125.78,237,212
126.57,232,212
127.36,236,215
128.15,232,223
128.95,223,226
129.74,219,214
130.53,230,219
131.33,235,230
132.12,231,231
132.92,236,224
133.71,240,216
134.50,243,212
135.30,255,161
136.09,255,210
136.85,309,187
137.67,255,187
138.49,261,151
139.31,241,138
140.13,254,161
140.95,254,177
141.76,261,177
142.58,264,151
143.40,266,210
144.22,274,190
145.04,401,74
145.86,104,58
146.69,81,64
147.48,282,142
148.28,288,129
149.07,291,168
149.86,306,145
150.66,300,142
151.45,318,145
152.25,313,190
153.04,311,168
153.83,310,135
154.63,316,158
155.42,601,177
156.25,585,227
157.05,585,223
157.85,336,222
158.65,329,220
159.45,332,230
160.25,327,231
161.04,324,232
161.84,316,236
162.64,312,236
163.44,310,235
164.24,309,235
165.04,315,233
165.80,325,230
166.60,323,234
167.39,329,235
168.19,339,225
168.99,1489,220
169.78,1489,230
170.58,1489,228
171.37,6352,211
172.17,1177,135
172.97,1489,219
173.76,1489,218
174.56,538,225
175.32,538,231
176.11,538,228
176.91,507,228
177.70,507,223
178.49,507,220
179.29,523,213
180.08,188,220
180.88,188,227
181.67,181,237
182.46,177,233
183.26,182,220
184.05,185,220
184.88,179,220
185.69,149,234
186.51,134,238
187.32,119,243
188.13,111,241
188.94,107,240
189.76,105,240
190.57,112,240
191.38,108,242
192.19,106,243
193.01,112,241
193.82,123,229
194.61,128,227
195.42,138,230
196.23,156,231
197.04,165,235
197.85,169,239
198.66,171,235
199.46,179,231
200.27,203,223
201.08,215,228
201.89,221,229
202.70,231,227
203.51,236,227
204.27,238,225
205.06,233,218
205.86,881,218
206.65,881,225
207.44,881,228
208.24,897,227
209.03,912,238
209.83,928,227
210.62,538,225
211.41,538,228
212.21,523,233
213.00,523,227
213.83,507,232
214.59,507,231
215.34,499,230
216.10,495,231
216.86,493,228
217.62,492,235
218.37,492,233
219.13,507,231
219.89,507,229
220.65,507,234
221.40,507,233
222.16,507,235
222.95,538,232
223.75,538,234
224.54,538,234
225.34,538,234
226.14,538,231
226.93,538,234
227.73,554,233
228.52,585,233
229.32,570,232
230.12,585,234
230.91,585,231
231.71,585,234
232.76,585,236
233.56,601,231
234.35,585,233
235.15,601,235
235.95,601,235
236.74,601,232
237.54,601,235
238.33,616,233
239.13,616,235
239.93,632,233
240.72,632,236
241.52,647,231
242.31,632,236
243.10,647,235
243.88,647,234
244.67,647,234
245.46,663,235
246.25,663,235
247.03,663,238
247.82,647,236
248.61,647,237
249.40,647,235
250.18,647,239
250.97,647,238
251.76,647,236
252.55,647,236
253.35,647,235
254.14,647,235
254.93,647,234
255.73,647,234
256.52,647,235
257.32,647,234
258.11,647,238
258.90,647,237
259.70,632,235
260.49,601,227
261.28,585,226
262.12,570,228
262.95,570,228
263.79,554,231
264.62,538,229
265.46,538,231
266.29,523,231
267.13,523,231
267.96,507,231
268.80,507,232
269.63,499,230
270.47,487,230
271.27,481,235
272.07,470,234
272.86,457,229
273.66,451,232
274.46,433,234
275.25,424,237
276.05,419,234
276.84,417,236
277.64,409,236
278.44,405,233
279.23,395,234
280.03,390,233
280.86,395,234
281.65,398,232
282.45,399,233
283.24,400,235
284.03,400,234
284.83,400,234
285.62,400,234
286.42,407,233
287.21,411,236
288.00,406,234
288.80,396,235
289.59,391,232
290.38,388,234
291.24,394,236
292.10,404,233
292.97,417,226
293.83,819,220
294.69,819,224
295.55,835,223
296.41,835,225
297.27,850,227
298.14,866,228
299.00,897,233
299.86,866,238
300.62,803,230
301.44,757,229
302.26,803,211
303.08,757,210
303.90,772,214
304.72,772,212
305.53,803,190
306.35,445,177
307.17,430,158
307.99,422,122
308.81,411,129
309.63,406,145
310.46,403,177
311.25,394,113
312.04,215,210
312.83,194,215
313.62,171,220
314.41,172,223
315.20,173,226
315.99,173,228
316.78,173,228
317.57,173,229
318.36,161,230
319.15,155,233
319.91,164,234
320.71,169,233
321.50,159,235
322.30,154,233
323.10,164,234
323.90,169,230
324.69,171,229
325.49,172,228
326.29,173,225
327.09,173,223
327.88,180,217
328.68,184,212
329.47,166,184
330.34,459,187
331.21,475,203
332.07,483,168
332.94,554,216
333.81,538,229
334.68,538,230
335.55,538,234
336.42,538,231
337.28,538,235
338.15,538,234
339.02,538,234
339.85,538,232
340.64,538,232
341.44,523,234
342.23,538,233
343.02,523,234
343.81,523,234
344.61,523,235
345.40,523,233
346.19,523,234
346.98,523,231
347.78,499,224
348.57,386,224
349.36,374,228
350.11,368,233
350.87,365,236
351.62,363,235
352.37,374,234
353.12,380,227
353.88,383,220
354.63,476,229
355.38,523,234
356.13,507,233
356.89,523,231
357.64,538,217
358.40,322,210
359.20,492,217
359.99,430,225
0.79,362,217
1.58,355,174
2.38,370,151
3.17,346,168
3.97,354,197
4.76,538,220
5.56,538,230
6.35,538,233
7.15,538,233
7.76,538,236
8.55,538,232
9.34,554,235
10.14,554,234
10.93,554,234
11.72,554,231
12.51,585,213
13.30,309,224
14.09,302,229
14.89,298,223
15.68,303,215
16.47,570,221
17.27,362,218
18.06,355,217
18.85,345,221
19.63,333,232
20.42,327,219
21.21,318,213
22.00,300,210
22.79,291,210
23.58,286,213
24.36,284,210
25.15,289,217
25.94,285,238
26.73,283,238
27.53,282,233
28.32,295,225
29.12,445,227
29.91,445,234
30.71,437,233
31.50,433,231
32.30,424,232
33.09,419,237
33.89,410,231
34.68,405,234
35.48,403,232
36.28,394,231
37.05,390,234
37.82,388,234
38.59,375,232
39.36,368,234
40.13,365,233
40.89,363,235
41.66,356,230
42.43,346,231
43.20,341,230
43.97,331,230
44.74,326,236
45.57,331,235
46.34,320,235
47.12,321,236
47.89,321,236
48.67,321,235
49.44,315,233
50.22,312,234
50.99,310,236
51.77,309,237
52.54,309,235
53.32,309,238
54.09,309,238
54.85,302,239
55.65,298,238
56.46,296,237
57.26,295,236
58.06,295,235
58.86,295,235
59.67,288,239
60.47,285,237
61.27,283,237
62.07,282,235
62.88,282,236
63.68,282,237
64.44,282,236
65.21,282,237
65.99,282,238
66.76,282,236
67.54,282,236
68.31,282,235
69.09,282,238
69.86,282,237
70.64,282,237
71.41,282,236
72.19,282,239
72.96,282,236
73.80,282,238
74.58,282,233
75.36,282,232
76.15,282,234
76.93,282,238
77.71,275,237
78.49,271,237
79.27,269,240
80.05,262,237
80.84,258,237
81.62,228,234
82.40,228,232
82.61,221,236
83.41,231,230
84.20,236,233
85.00,238,231
85.79,253,231
86.59,241,232
87.38,254,232
88.18,268,231
88.97,275,237
89.77,271,236
90.56,276,238
91.36,272,236
92.16,277,236
92.92,279,236
93.68,273,235
94.43,270,235
95.19,262,237
95.95,258,239
96.71,241,239
97.47,241,239
98.23,244,239
98.98,236,236
99.74,238,235
100.50,239,235
101.34,240,237
102.14,243,237
102.93,246,236
103.73,250,236
104.52,252,237
105.32,253,238
106.11,254,238
106.91,254,238
107.70,254,240
108.50,241,238
109.29,254,240
110.09,261,239
110.85,264,241
111.64,266,239
112.43,267,239
113.22,274,237
114.01,284,238
114.80,303,235
115.60,306,234
116.39,307,211
117.18,287,103
117.97,271,122
118.76,228,210
119.55,228,216
120.35,228,223
121.11,228,217
121.87,228,213
122.63,238,211
123.39,239,211
124.15,240,211
124.90,227,211
125.66,227,212
126.42,234,212
127.18,231,214
127.94,229,223
128.70,222,228
129.53,225,215
130.33,233,215
131.12,237,228
131.92,232,233
132.71,236,225
133.51,238,218
134.30,239,212
135.10,243,190
135.89,262,190
136.69,258,171
137.48,270,168
138.28,289,161
139.07,292,138
139.86,280,145
140.65,267,158
141.44,281,142
142.23,274,190
143.02,278,148
143.80,273,164
144.59,270,135
145.38,104,84
146.17,255,61
146.96,268,145
147.75,275,142
148.54,285,129
149.35,290,158
150.17,292,151
150.98,300,158
151.80,304,193
152.61,306,129
153.43,307,122
154.24,314,171
155.06,325,155
155.87,601,218
156.69,585,229
157.50,362,217
158.37,342,221
159.16,339,224
159.96,337,232
160.75,336,233
161.54,329,233
162.33,325,236
163.13,317,237
163.92,313,234
164.71,311,237
165.50,316,232
166.30,326,233
167.09,331,233
167.85,333,230
168.67,347,214
169.48,1489,225
170.30,1489,230
171.12,1505,219
171.94,6321,213
172.75,1489,214
173.57,1489,220
174.39,538,215
175.21,538,226
176.02,538,231
176.84,523,230
177.64,507,225
178.44,523,223
179.23,523,216
180.03,174,216
180.82,174,224
181.62,181,232
182.41,177,236
183.21,175,226
184.00,174,220
184.80,181,220
185.59,157,228
186.39,138,237
187.18,128,242
187.99,123,243
188.79,106,240
189.60,105,240
190.40,104,241
191.21,96,239
192.01,100,241
192.82,109,243
193.62,114,231
194.43,124,227
195.23,129,230
196.04,151,234
196.87,162,233
197.65,168,237
198.44,171,236
199.22,172,231
200.01,186,227
200.79,207,226
201.58,224,228
202.36,232,229
203.15,236,227
203.93,238,226
204.72,239,220
205.50,881,217
206.30,881,224
207.10,881,227
207.90,897,226
208.70,912,238
209.50,912,234
210.30,554,225
211.09,538,226
211.89,523,230
212.69,523,230
213.49,507,230
214.29,507,232
215.09,499,233
215.85,495,233
216.66,493,233
217.48,484,233
218.29,507,234
219.11,507,233
219.92,499,230
220.74,507,231
221.55,507,232
222.37,523,233
223.18,538,234
224.00,523,232
224.81,538,233
225.64,538,237
226.44,538,236
227.24,538,235
228.03,554,234
228.83,585,233
229.63,585,235
230.43,585,233
231.23,585,233
232.03,585,235
232.82,585,234
233.62,585,233
234.42,570,231
235.22,601,234
236.02,601,237
236.82,601,233
237.61,601,236
238.41,616,236
239.21,616,234
240.01,632,236
240.81,632,239
241.61,647,230
242.40,647,236
243.20,647,232
244.00,632,235
244.76,647,238
245.56,663,236
246.37,647,236
247.17,647,237
247.98,647,235
248.78,647,236
249.59,647,235
250.39,647,236
251.20,647,237
252.00,647,237
252.81,647,239
253.61,647,235
254.41,647,235
255.19,632,236
255.96,632,233
256.74,632,235
257.51,647,234
258.29,647,233
259.06,632,237
259.84,632,234
260.61,616,227
261.39,585,225
262.16,570,226
262.94,554,230
263.73,554,229
264.53,554,231
265.32,538,230
266.12,523,229
266.91,523,230
267.71,507,231
268.50,507,233
269.30,499,230
270.09,487,232
270.89,481,231
271.68,470,231
272.48,457,232
273.28,451,231
274.11,440,234
274.95,427,234
275.78,421,236
276.62,418,234
277.45,409,237
278.29,405,233
279.12,383,232
279.96,384,233
280.79,385,234
281.63,393,233
282.46,397,231
283.25,399,233
284.04,400,233
284.83,400,234
285.62,400,234
286.41,400,238
287.20,415,232
287.98,408,235
288.77,397,234
289.56,391,234
290.35,388,237
291.14,387,233
291.93,401,234
292.94,415,231
293.74,819,216
294.53,819,223
295.33,819,224
296.12,835,224
296.92,835,228
297.71,850,227
298.51,866,230
299.30,881,236
300.10,850,240
300.89,772,229
301.69,757,225
302.48,507,210
303.27,772,213
304.06,788,214
304.86,772,212
305.65,445,190
306.44,445,161
307.23,437,210
308.02,419,145
308.81,417,190
309.61,409,151
310.40,349,148
311.19,367,142
311.99,201,210
312.78,187,216
313.57,180,220
314.37,177,221
315.16,175,226
315.95,174,227
316.74,174,227
317.53,174,230
318.32,161,230
319.12,155,233
319.91,164,234
320.70,156,233
321.53,152,234
322.33,163,233
323.12,168,231
323.92,171,230
324.71,172,228
325.51,173,227
326.30,173,225
327.10,173,224
327.89,173,220
328.69,180,215
329.48,184,206
330.28,476,210
331.08,476,161
331.91,507,177
332.73,570,210
333.56,554,229
334.39,554,229
335.21,554,233
336.04,538,232
336.86,538,233
337.69,538,233
338.52,538,235
339.34,538,233
340.17,538,231
340.92,538,233
341.71,538,231
342.50,538,233
343.30,523,234
344.09,523,232
344.88,523,234
345.67,523,234
346.46,523,233
347.25,523,232
348.05,507,221
348.84,386,231
349.63,374,232
350.42,368,234
351.14,365,234
351.87,375,235
352.59,380,234
353.31,383,223
354.03,459,221
354.76,475,232
355.48,523,233
356.20,523,234
356.92,523,227
357.65,554,214
358.37,309,210
359.16,476,219
359.94,401,222
0.72,393,216
1.50,322,138
2.28,329,142
3.06,345,180
3.85,340,171
4.63,538,225
5.41,538,231
6.19,538,234
6.97,538,235
7.75,538,235
8.51,538,235
9.30,554,235
10.09,554,235
10.89,554,235
11.68,554,229
12.47,570,213
13.26,309,222
14.05,302,226
14.84,298,225
15.64,303,214
16.43,585,216
17.22,362,217
18.01,355,217
18.80,345,220
19.59,333,231
20.38,327,221
21.17,311,214
21.96,296,210
22.76,289,213
23.55,285,213
24.34,283,210
25.13,289,215
25.92,278,239
26.71,273,242
27.51,284,232
28.30,296,227
29.09,430,224
29.89,437,233
30.68,426,234
31.47,420,232
32.26,417,232
33.05,416,234
33.84,415,235
34.64,408,234
35.43,404,234
36.22,395,234
37.01,390,234
37.79,376,233
38.57,369,234
39.35,365,234
40.13,363,233
40.91,362,235
41.70,355,237
42.48,345,230
43.26,340,228
44.04,338,234
44.82,337,237
45.60,336,234
46.36,329,236
47.12,325,233
47.89,323,235
48.65,322,237
49.42,322,234
50.18,322,238
50.95,315,235
51.71,312,236
52.48,310,236
53.24,309,241
54.01,309,237
54.77,309,239
55.56,288,236
56.35,291,239
57.14,293,236
57.94,294,235
58.73,294,240
59.52,294,240
60.31,288,234
61.10,278,236
61.89,280,236
62.69,274,237
63.48,278,237
64.27,280,238
65.06,274,237
65.84,278,236
66.61,280,238
67.39,281,238
68.16,281,238
68.94,281,239
69.71,281,237
70.49,281,237
71.26,274,236
72.04,278,238
72.81,280,238
73.59,281,233
74.38,281,234
75.15,281,233
75.93,281,237
76.70,274,237
77.48,264,238
78.25,266,236
79.03,260,236
79.80,264,238
80.58,259,235
81.35,241,234
82.13,228,235
82.90,221,230
83.76,224,229
84.55,226,232
85.34,233,230
86.13,238,233
86.92,253,230
87.71,267,232
88.49,274,230
89.28,278,235
90.07,280,236
90.86,281,237
91.65,274,234
92.44,271,239
93.23,276,238
94.03,272,237
94.84,270,236
95.64,262,238
96.44,258,238
97.25,256,241
98.05,241,237
98.86,244,236
99.66,246,236
100.46,243,237
101.27,242,235
102.07,241,236
102.87,241,238
103.66,241,237
104.45,241,237
105.25,241,237
106.04,244,238
106.83,256,237
107.62,255,239
108.41,241,239
109.20,254,236
110.00,254,239
110.79,261,241
111.58,264,239
112.43,259,238
113.22,277,235
114.00,293,238
114.79,301,232
115.57,318,229
116.36,268,158
117.14,261,106
117.93,241,122
118.71,234,210
119.50,231,215
120.28,229,220
121.07,228,213
121.86,228,213
122.67,234,212
123.48,231,211
124.29,236,210
125.10,238,212
125.91,239,211
126.73,233,212
127.54,230,217
128.35,229,224
129.16,222,224
129.97,225,215
130.78,226,220
131.53,233,233
132.32,230,230
133.11,235,220
133.90,240,215
134.69,243,211
135.48,255,210
136.26,255,210
137.05,255,168
137.84,268,180
138.63,275,161
139.42,292,161
140.21,280,164
141.07,274,161
141.87,278,168
142.66,286,151
143.46,284,184
144.26,283,180
145.06,336,87
145.85,59,64
146.65,336,90
147.45,315,138
148.25,305,126
149.04,293,180
149.84,294,151
150.67,294,158
151.48,294,168
152.28,301,158
153.09,305,164
153.90,313,135
154.71,311,161
155.51,585,212
156.32,585,230
157.13,585,221
157.94,336,222
158.74,329,221
159.55,332,229
160.35,334,232
161.14,328,233
161.94,311,236
162.73,310,237
163.53,309,235
164.32,309,235
165.12,315,236
165.91,325,234
166.71,330,235
167.50,333,234
168.30,341,218
169.09,1489,222
169.88,1489,230
170.68,1489,226
171.48,6352,213
172.28,1505,210
173.08,1489,221
173.88,1505,216
174.69,523,227
175.49,538,228
176.29,523,229
177.09,523,225
177.89,523,224
178.69,523,219
179.49,201,214
180.31,194,222
181.12,184,229
181.94,179,239
182.76,183,227
183.57,185,220
184.39,179,221
185.20,156,223
186.02,145,236
186.84,132,241
187.65,110,243
188.47,107,241
189.27,98,240
190.06,101,242
190.86,95,239
191.65,107,243
192.45,105,243
193.24,112,237
194.04,123,227
194.83,148,225
195.63,161,234
196.42,167,232
197.22,170,237
198.01,172,235
198.77,173,236
199.57,180,225
200.38,204,226
201.18,222,228
201.98,231,226
202.79,236,229
203.59,238,226
204.40,239,222
205.20,240,216
206.00,881,222
206.81,881,228
207.61,881,228
208.41,897,233
209.20,928,239
209.99,554,223
210.78,538,225
211.57,538,229
212.36,523,229
213.16,507,230
213.95,507,232
214.74,507,229
215.53,499,231
216.32,495,234
217.11,493,231
217.79,492,234
218.58,507,230
219.37,499,230
220.17,507,231
220.96,507,231
221.75,507,233
222.54,523,233
223.33,538,231
224.12,538,235
224.92,554,234
225.71,538,233
226.50,538,232
227.29,538,234
228.08,570,231
228.87,585,233
229.66,585,235
230.45,585,234
231.24,570,236
232.04,570,234
232.83,585,233
233.62,601,232
234.41,601,234
235.20,601,236
235.99,601,235
236.82,601,235
237.61,601,233
238.40,616,232
239.19,632,230
239.98,632,237
240.77,632,234
241.55,647,229
242.34,647,235
243.13,632,234
243.92,647,237
244.71,647,237
245.50,647,235
246.29,663,236
247.08,663,236
247.88,647,237
248.67,647,234
249.46,647,238
250.26,647,236
251.05,647,238
251.85,647,236
252.64,647,237
253.43,647,235
254.23,647,234
255.02,647,234
255.78,647,236
256.58,647,232
257.39,647,234
258.19,647,236
259.00,632,236
259.80,632,234
260.61,601,224
261.41,585,226
262.22,570,227
263.02,570,230
263.83,554,229
264.63,538,230
265.45,538,231
266.24,523,231
267.03,523,231
267.82,507,231
268.61,499,232
269.40,495,232
270.18,485,232
270.97,480,234
271.76,469,233
272.55,457,234
273.34,443,232
274.13,436,233
274.92,425,233
275.74,420,234
276.57,417,235
277.39,409,233
278.21,405,233
279.04,403,233
279.86,394,233
280.69,397,234
281.51,399,234
282.33,392,233
283.16,396,233
283.98,391,233
284.70,396,235
285.52,398,234
286.34,399,236
287.16,407,234
287.98,404,235
288.80,395,234
289.63,390,234
290.45,388,234
291.27,387,237
292.09,394,233
292.91,404,234
293.73,424,216
294.55,819,224
295.34,819,223
296.13,835,225
296.92,835,225
297.71,850,229
298.50,866,226
299.28,881,234
300.07,850,238
300.86,772,229
301.65,757,226
302.44,523,211
303.23,507,211
304.02,757,214
304.81,772,214
305.60,445,210
306.39,445,151
307.18,437,210
307.97,433,158
308.77,417,164
309.56,409,174
310.35,349,210
311.14,415,158
311.93,174,210
312.72,174,216
313.48,174,219
314.27,174,223
315.06,174,226
315.86,161,229
316.65,167,231
317.44,158,231
318.23,166,230
319.02,157,230
319.81,153,231
320.61,151,231
321.40,162,231
322.19,155,233
323.01,164,232
323.80,169,231
324.59,171,229
325.39,172,229
326.18,173,228
326.97,173,224
327.76,173,219
328.55,173,213
329.34,180,210
330.14,476,190
330.93,476,203
331.72,476,171
332.52,484,210
333.37,554,229
334.21,554,231
335.06,554,232
335.91,538,230
336.75,538,232
337.60,538,233
338.44,538,232
339.29,538,231
340.14,538,233
340.98,538,234
341.83,523,233
342.62,538,231
343.41,523,234
344.21,523,232
345.00,523,231
345.79,523,231
346.59,523,231
347.38,523,233
348.18,507,221
348.97,386,225
349.76,374,230
350.56,368,235
351.35,365,237
352.14,363,233
352.89,374,232
353.64,380,225
354.39,476,219
355.14,476,232
355.89,507,236
356.65,523,235
357.40,523,229
358.15,538,215
358.90,322,211
359.65,476,217
0.40,401,223
1.23,381,220
1.96,365,184
2.69,343,164
3.42,319,184
4.15,327,190
4.88,538,221
5.62,538,230
6.35,538,231
7.08,538,234
7.81,538,235
8.54,538,235
9.27,554,235
10.06,554,234
10.86,554,231
11.65,554,233
12.45,585,215
13.25,309,221
14.04,302,231
14.84,298,225
15.63,296,216
16.43,585,216
17.23,362,220
18.02,362,218
18.82,349,220
19.58,335,233
20.36,328,223
21.13,325,214
21.91,310,211
22.69,302,212
23.47,292,212
24.24,287,210
25.02,284,212
25.80,283,238
26.58,282,239
27.35,282,235
28.13,295,227
28.92,401,223
29.69,423,233
30.46,426,233
31.23,428,233
32.00,421,235
32.77,418,235
33.55,409,232
34.32,405,233
35.09,403,234
35.86,394,233
36.63,390,236
37.40,388,232
37.97,375,231
38.77,368,233
39.56,365,233
40.36,357,234
41.16,353,232
41.95,344,230
42.75,340,227
43.54,331,229
44.34,326,235
45.14,324,234
45.93,323,236
46.73,322,236
47.49,322,237
48.31,322,234
49.12,322,234
49.94,315,235
50.76,312,235
51.57,310,236
52.39,309,237
53.20,302,237
54.02,305,238
54.84,300,238
55.65,297,239
56.47,296,237
57.26,295,241
58.05,295,236
58.84,295,239
59.63,295,237
60.42,281,236
61.21,281,234
62.00,281,238
62.79,281,236
63.58,281,236
64.37,281,236
65.16,281,237
65.95,281,238
66.74,281,237
67.52,281,236
68.30,281,237
69.08,274,238
69.86,278,236
70.64,280,237
71.43,281,238
72.21,281,237
72.99,281,237
73.77,281,234
74.55,274,233
75.33,278,234
76.12,280,238
76.88,274,239
77.64,271,236
78.40,269,237
79.16,268,237
79.92,268,235
80.69,261,231
81.45,241,234
82.21,228,232
82.97,221,231
83.73,224,230
84.49,226,233
85.32,233,233
86.11,238,234
86.90,253,233
87.69,267,234
88.48,274,231
89.27,278,237
90.05,273,235
90.84,277,236
91.63,279,235
92.42,273,239
93.21,270,238
94.00,269,237
94.80,262,237
95.62,258,238
96.44,256,239
97.26,241,240
98.08,244,237
98.90,246,234
99.71,243,232
100.53,235,236
101.35,240,236
102.17,240,236
102.99,243,237
103.81,242,236
104.61,245,238
105.40,250,238
106.20,252,237
106.99,253,240
107.78,254,238
108.57,254,239
109.37,261,239
110.16,258,238
110.95,263,238
111.74,259,238
112.54,263,238
113.33,272,237
114.09,290,238
114.88,292,231
115.68,300,230
116.47,362,129
117.26,268,119
118.05,228,132
118.85,228,212
119.64,228,218
120.43,228,219
121.22,234,214
122.02,237,213
122.81,239,210
123.64,240,210
124.46,234,211
125.27,231,212
126.09,236,213
126.91,232,212
127.72,230,215
128.54,222,226
129.35,218,224
130.17,223,212
130.99,232,223
131.80,236,233
132.62,232,232
133.42,236,219
134.22,240,215
135.01,261,210
135.81,258,210
136.61,256,177
137.40,262,171
138.20,258,171
138.99,276,126
139.79,265,161
140.59,266,138
141.38,267,187
142.18,267,138
142.94,274,168
143.73,271,164
144.52,276,161
145.31,272,84
146.10,134,58
146.89,349,87
147.67,329,161
148.46,312,171
149.25,310,193
150.04,302,180
150.83,298,190
151.62,296,174
152.45,316,168
153.25,312,190
154.04,317,145
154.84,319,145
155.64,616,215
156.44,585,228
157.23,349,218
158.03,335,222
158.83,328,224
159.63,332,232
160.42,327,231
161.22,324,234
162.05,323,237
162.85,316,232
163.64,312,232
164.44,310,235
165.24,309,233
166.03,322,234
166.83,329,232
167.62,332,234
168.42,347,217
169.22,1489,223
170.01,1489,230
170.81,1505,226
171.56,6321,214
172.39,1489,211
173.23,1489,220
174.06,1505,216
174.89,538,227
175.72,538,228
176.56,523,229
177.39,523,226
178.22,507,223
179.05,523,218
179.89,174,215
180.72,181,222
181.52,177,230
182.30,182,236
183.07,178,227
183.85,183,222
184.63,185,220
185.40,152,222
186.18,143,239
186.95,131,243
187.73,117,240
188.51,103,240
189.28,103,238
190.06,103,242
190.86,103,242
191.65,103,242
192.44,103,245
193.23,111,238
194.02,122,226
194.81,148,228
195.59,161,232
196.38,167,232
197.17,170,240
197.96,172,235
198.75,173,231
199.54,180,226
200.37,204,224
201.19,222,229
202.01,231,229
202.83,236,229
203.65,238,228
204.47,239,223
205.29,243,216
206.11,866,221
206.93,881,228
207.75,881,227
208.57,912,232
209.39,912,240
210.18,554,219
210.97,538,225
211.75,523,231
212.54,523,230
213.33,507,229
214.12,507,232
214.90,507,231
215.69,499,232
216.48,495,234
217.27,493,232
218.05,492,233
218.84,507,236
219.63,491,229
220.42,491,232
221.22,523,231
222.01,507,234
222.80,523,232
223.59,538,232
224.39,538,234
225.18,538,235
225.97,538,233
226.76,538,232
227.56,538,233
228.35,554,230
229.15,585,233
229.94,585,238
230.74,585,234
231.53,585,234
232.32,570,236
233.11,585,235
233.91,585,231
234.70,585,233
235.49,601,236
236.28,601,237
237.08,616,237
237.87,601,237
238.67,601,232
239.46,616,232
240.25,632,235
241.04,632,236
241.83,647,232
242.62,647,235
243.41,647,233
244.20,647,236
244.99,647,237
245.78,663,234
246.57,663,235
247.36,647,238
248.01,647,238
248.80,632,235
249.59,647,235
250.38,647,237
251.17,647,235
251.96,647,238
252.75,647,238
253.54,647,235
254.33,647,233
255.12,647,235
255.91,647,232
256.70,632,235
257.49,632,234
258.28,647,233
259.07,632,240
259.86,616,235
260.65,601,225
261.44,585,225
262.23,570,227
263.02,554,227
263.81,554,230
264.60,538,231
265.39,538,229
266.18,523,231
266.97,523,231
267.76,507,232
268.56,507,230
269.35,499,232
270.14,495,233
270.94,485,234
271.73,480,234
272.53,462,231
273.32,446,232
274.11,430,233
274.91,422,234
275.70,418,235
276.49,416,235
277.30,408,235
278.10,404,234
278.91,402,234
279.72,394,234
280.52,397,233
281.33,399,234
282.13,400,234
282.94,400,233
283.75,400,232
284.55,400,234
285.36,393,232
286.12,397,236
286.97,413,233
287.82,407,237
288.67,396,233
289.52,391,236
290.37,388,236
291.21,387,234
292.06,394,235
292.91,404,232
293.76,459,219
294.61,819,221
295.46,819,225
296.22,835,224
297.01,835,225
297.81,850,226
298.60,866,230
299.39,866,232
300.18,866,238
300.98,788,228
301.77,757,229
302.56,523,212
303.35,757,210
304.15,772,214
304.94,772,211
305.77,459,210
306.56,452,161
307.34,433,180
308.13,417,200
308.92,423,184
309.70,412,171
310.49,399,200
311.27,380,151
312.06,174,174
312.85,174,215
313.63,174,220
314.42,174,224
315.18,161,225
315.98,167,226
316.77,170,228
317.57,172,232
318.37,173,233
319.16,161,232
319.96,155,234
320.75,152,232
321.55,150,235
322.35,162,232
323.14,168,231
323.94,171,231
324.70,172,233
325.50,173,229
326.30,173,228
327.10,173,224
327.90,173,221
328.70,173,214
329.50,180,210
330.30,476,168
331.10,484,190
331.90,480,197
332.70,486,171
333.50,554,224
334.29,554,230
335.10,554,229
335.92,538,233
336.73,538,233
337.54,538,234
338.35,538,234
339.17,538,232
339.98,523,235
340.79,523,234
341.60,538,235
342.42,523,234
343.23,523,235
344.02,523,233
344.78,523,232
345.54,523,232
346.31,523,232
347.07,507,233
347.83,523,219
348.59,386,226
349.35,374,228
350.11,368,231
350.88,365,237
351.64,363,235
352.40,374,234
352.97,380,228
353.77,459,221
354.56,475,232
355.36,523,237
356.15,523,231
356.95,523,231
357.74,538,216
358.54,322,210
359.33,476,218
0.13,386,222
0.92,374,219
1.72,368,174
2.48,365,148
3.25,350,193
4.03,356,151
4.80,538,222
5.58,538,232
6.35,538,232
7.13,538,234
7.90,538,236
8.68,538,231
9.45,554,234
10.23,554,234
11.00,554,235
11.79,554,231
12.58,585,216
13.38,309,219
14.17,302,230
14.96,298,226
15.75,303,215
16.55,570,216
17.34,362,219
18.13,355,218
18.92,345,220
19.72,333,232
20.51,327,222
21.26,311,214
22.04,296,210
22.82,289,212
23.60,285,213
24.38,283,203
25.16,289,218
25.95,278,238
26.73,280,236
27.51,281,233
28.29,288,224
29.07,415,226
29.85,430,232
30.61,430,232
31.42,422,232
32.22,418,235
33.03,416,235
33.84,415,232
34.64,408,234
35.45,404,233
36.25,395,234
37.06,390,234
37.87,388,233
38.67,375,232
39.48,368,232
40.28,365,233
41.07,357,235
41.86,353,233
42.65,344,232
43.44,340,232
44.23,331,233
45.01,333,235
45.80,327,235
46.59,324,235
47.38,323,236
48.17,322,236
48.96,322,235
49.75,322,234
50.53,315,236
51.31,312,235
52.09,310,238
52.87,309,237
53.65,309,237
54.44,302,235
55.22,298,238
56.00,296,235
56.78,295,239
57.56,295,235
58.34,295,238
59.06,295,238
59.83,295,236
60.59,275,237
61.36,278,238
62.13,280,236
62.90,281,236
63.66,281,240
64.43,281,236
65.20,281,238
65.97,274,235
66.73,278,235
67.50,280,237
68.30,281,237
69.09,274,237
69.88,278,237
70.68,280,235
71.47,281,237
72.26,281,239
73.05,274,237
73.84,271,234
74.63,276,229
75.43,279,236
76.22,280,237
77.01,274,235
77.80,264,238
78.60,266,237
79.41,267,237
80.21,261,235
81.02,241,237
81.82,234,231
82.63,224,237
83.43,219,230
84.24,223,233
85.04,225,233
85.85,226,232
86.65,233,231
87.40,250,232
88.20,266,234
88.99,274,231
89.79,278,238
90.58,280,233
91.38,274,235
92.17,278,237
92.97,273,236
93.76,277,235
94.56,272,238
95.35,270,237
96.15,262,239
96.95,258,238
97.71,256,237
98.48,255,237
99.24,241,234
100.01,234,236
100.77,231,235
101.54,236,234
102.30,232,235
103.07,237,239
103.83,239,237
104.60,240,237
105.36,243,238
106.15,246,238
106.98,257,237
107.82,256,238
108.65,255,237
109.48,261,239
110.31,258,240
111.15,263,238
111.98,265,238
112.81,266,235
113.64,280,237
114.48,301,238
115.31,291,231
116.07,300,223
116.86,318,67
117.66,327,74
118.45,228,119
119.24,234,214
120.03,231,222
120.83,229,220
121.62,235,215
122.41,238,212
123.20,239,211
124.00,240,210
124.79,234,211
125.65,231,213
126.44,236,211
127.22,238,213
128.01,233,220
128.80,230,226
129.59,222,217
130.37,218,214
131.16,229,226
131.95,235,235
132.74,231,232
133.52,237,221
134.31,239,215
135.10,253,210
135.89,254,210
136.68,254,203
137.47,261,177
138.26,258,148
139.05,241,168
139.85,241,168
140.64,254,148
141.43,261,174
142.22,271,171
143.01,269,145
143.80,268,177
144.56,268,171
145.36,149,61
146.15,188,48
146.95,295,119
147.74,288,145
148.54,291,126
149.33,293,177
150.13,307,148
150.92,301,164
151.72,298,161
152.51,317,148
153.31,326,155
154.10,344,138
154.90,340,155
155.70,585,220
156.50,585,231
157.30,336,217
158.10,336,224
158.91,336,224
159.71,336,233
160.51,329,229
161.31,325,233
162.11,317,236
162.91,313,233
163.77,311,233
164.57,310,237
165.38,316,232
166.18,326,234
166.98,331,232
167.79,333,234
168.59,347,216
169.40,1489,222
170.20,1489,231
171.00,1489,222
171.81,6321,214
172.61,1489,211
173.40,1489,223
174.19,1505,215
174.99,538,228
175.78,538,229
176.57,523,231
177.36,507,226
178.16,507,223
178.95,523,220
179.74,174,214
180.53,174,223
181.33,174,229
182.12,181,237
182.91,177,227
183.71,175,219
184.51,174,221
185.31,154,223
186.11,136,236
186.91,127,244
187.72,108,243
188.52,106,241
189.32,105,244
190.12,104,242
190.92,96,241
191.72,92,243
192.55,105,243
193.34,112,236
194.13,123,228
194.93,128,230
195.72,151,234
196.51,162,233
197.30,168,234
198.09,171,238
198.88,172,232
199.68,173,226
200.47,200,225
201.26,214,226
202.06,227,228
202.84,234,227
203.62,237,225
204.40,239,224
205.18,243,217
205.96,866,220
206.74,881,228
207.52,881,229
208.30,912,231
209.08,912,239
209.86,554,217
210.64,538,225
211.40,523,226
212.21,523,229
213.01,507,228
213.82,507,231
214.63,499,229
215.44,495,233
216.24,493,232
217.05,492,231
217.86,492,232
218.67,507,231
219.47,499,232
220.28,507,231
221.07,507,234
221.86,507,233
222.65,523,232
223.44,538,231
224.23,538,233
225.02,538,234
225.80,538,234
226.59,538,232
227.38,538,234
228.17,554,231
228.96,585,235
229.75,585,233
230.54,601,233
231.32,569,232
232.09,585,234
232.87,585,236
233.65,601,234
234.43,585,233
235.20,601,236
235.98,601,238
236.76,601,235
237.54,601,235
238.31,601,236
239.09,616,234
239.89,632,235
240.68,632,237
241.48,632,234
242.27,647,233
243.06,632,235
243.86,632,233
244.65,647,236
245.45,663,234
246.24,647,237
247.03,647,238
247.83,647,236
248.62,647,235
249.41,647,239
250.20,647,236
250.99,647,237
251.78,647,236
252.57,647,238
253.36,647,237
254.14,647,235
254.93,632,236
255.72,632,234
256.51,647,233
257.30,647,235
258.09,647,233
258.89,632,236
259.70,632,238
260.50,601,227
261.31,601,224
262.12,585,224
262.92,569,229
263.73,554,230
264.53,538,230
265.34,538,231
266.15,523,229
266.95,507,231
267.76,507,232
268.55,507,231
269.37,499,232
270.18,487,233
271.00,481,237
271.82,470,233
272.64,457,229
273.45,443,233
274.27,429,233
275.09,422,234
275.91,418,236
276.72,409,235
277.54,404,235
278.33,402,235
279.12,401,233
279.92,400,234
280.71,400,234
281.50,393,233
282.29,396,233
283.09,398,234
283.88,392,234
284.67,396,232
285.46,398,234
286.26,399,234
287.05,407,234
287.84,403,235
288.63,394,233
289.42,390,232
290.21,388,234
291.00,387,236
291.79,393,233
292.59,404,234
293.38,409,221
294.17,803,221
294.96,819,223
295.75,834,224
296.54,834,224
297.33,850,227
298.12,866,229
298.92,881,235
299.71,866,238
300.50,803,227
301.29,756,229
302.09,819,214
302.88,788,200
303.67,756,214
304.46,741,211
305.26,476,200
306.05,460,168
306.84,445,155
307.67,422,164
308.50,418,184
309.33,409,142
310.16,397,161
310.99,391,129
311.82,149,210
312.65,161,214
313.48,167,218
314.31,170,222
315.14,172,222
315.97,173,227
316.83,173,230
317.62,161,229
318.40,155,233
319.19,152,231
319.98,150,231
320.76,162,230
321.55,155,232
322.33,152,233
323.12,150,231
323.91,162,233
324.69,168,232
325.48,171,229
326.27,172,226
327.07,173,225
327.87,180,220
328.67,184,215
329.47,192,210
330.27,476,177
331.06,507,142
331.86,491,210
332.66,483,164
333.46,554,226
334.26,554,230
335.06,554,235
335.81,538,234
336.63,538,233
337.46,538,230
338.28,538,235
339.10,538,234
339.92,538,232
340.75,538,234
341.57,523,234
342.39,523,233
343.21,523,234
344.04,523,230
344.86,523,232
345.65,523,236
346.39,523,230
347.14,523,231
347.88,507,221
348.63,386,228
349.37,374,230
350.12,368,236
350.86,358,238
351.61,360,240
352.35,373,230
353.10,379,225
353.84,459,224
354.63,475,232
355.42,523,233
356.22,523,233
357.01,523,226
357.80,538,213
358.59,322,210
359.39,476,220
0.18,400,222
0.97,381,216
1.76,322,142
2.56,342,171
3.35,332,174
4.14,340,177
4.93,538,225
5.73,523,231
6.52,538,232
7.31,538,234
8.11,538,234
8.90,538,235
9.70,554,235
10.49,538,235
11.28,554,232
12.08,554,230
12.87,309,210
13.67,309,224
14.46,302,228
15.25,298,221
16.04,303,215
16.83,585,218
17.62,362,220
18.40,355,215
19.19,345,226
19.98,333,231
20.77,334,220
21.56,321,212
22.35,301,211
22.94,284,213
23.74,283,213
24.53,296,197
25.33,289,223
26.12,285,236
26.92,283,237
27.71,289,231
28.51,299,222
29.30,444,230
30.10,444,234
30.89,437,233
31.69,433,234
32.49,424,235
33.28,419,233
34.07,409,233
34.86,404,234
35.65,395,233
36.44,390,232
37.23,388,231
38.02,375,235
38.81,368,232
39.60,365,235
40.39,363,233
41.18,356,233
41.97,352,235
42.76,343,231
43.55,339,229
44.34,330,235
45.13,332,234
45.92,327,236
46.71,324,236
47.50,316,233
48.29,319,237
49.08,320,234
49.87,321,234
50.66,315,237
51.49,312,234
52.27,310,234
53.04,302,238
53.82,305,236
54.60,307,238
55.38,301,235
56.15,298,237
56.93,296,236
57.71,295,235
58.49,295,238
59.26,295,237
60.04,288,236
60.79,285,235
61.57,283,238
62.35,282,235
63.13,282,236
63.91,282,238
64.69,282,239
65.48,282,234
66.26,282,238
67.04,275,238
67.82,278,237
68.60,280,237
69.38,274,238
70.17,271,237
70.96,269,238
71.76,275,236
72.55,271,237
73.34,269,235
74.13,275,233
74.93,278,233
75.72,280,235
76.51,274,236
77.30,271,239
78.10,269,236
78.89,268,238
79.68,268,236
80.44,261,237
81.21,241,237
81.97,241,232
82.74,227,233
83.50,227,232
84.27,234,232
85.03,231,231
85.80,240,232
86.56,254,233
87.33,254,233
88.09,261,232
88.85,271,233
89.64,276,237
90.44,265,235
91.23,266,234
92.02,274,237
92.82,271,236
93.61,269,235
94.41,268,236
95.20,268,238
95.99,261,237
96.79,258,237
97.58,256,237
98.37,255,235
99.16,255,236
99.96,241,236
100.75,244,235
101.54,246,236
102.33,237,237
103.13,239,238
103.92,243,239
104.71,242,237
105.50,245,239
106.30,243,239
107.09,246,238
107.88,243,237
108.68,242,238
109.49,255,238
110.29,261,237
111.09,264,238
111.90,266,239
112.70,274,237
113.51,278,237
114.31,293,240
115.11,301,231
115.92,311,219
116.72,289,109
117.48,278,119
118.28,273,155
119.07,228,214
119.87,228,221
120.66,228,219
121.46,228,214
122.25,228,213
123.05,234,212
123.84,237,211
124.64,232,211
125.43,230,212
126.23,229,212
127.03,235,213
127.83,231,220
128.63,223,226
129.43,219,218
130.23,230,215
131.03,235,225
131.83,231,233
132.63,236,228
133.43,240,220
134.23,243,214
135.03,242,210
135.83,241,187
136.69,244,210
137.48,256,177
138.26,241,126
139.05,261,138
139.84,264,190
140.63,266,158
141.41,280,161
142.20,274,180
142.99,271,200
143.78,269,203
144.56,268,100
145.35,336,58
146.11,134,64
146.91,295,129
147.70,241,129
148.50,261,164
149.29,271,158
150.09,290,164
150.88,299,151
151.68,304,164
152.47,306,164
153.27,307,142
154.06,308,161
154.86,322,171
155.66,601,222
156.48,585,228
157.30,336,218
158.12,329,223
158.94,332,227
159.76,327,232
160.58,324,231
161.40,323,234
162.22,322,236
163.04,315,235
163.86,312,236
164.68,317,236
165.47,319,236
166.29,320,234
167.10,328,233
167.92,332,233
168.74,347,214
169.55,1474,226
170.37,1489,232
171.18,1505,217
172.00,6321,213
172.82,1489,215
173.63,1489,221
174.45,538,218
175.24,538,226
176.03,538,228
176.82,523,232
177.61,507,226
178.40,523,224
179.19,523,217
179.98,174,217
180.77,174,225
181.56,181,231
182.35,184,236
183.14,179,225
183.93,183,220
184.76,178,220
185.55,156,228
186.34,137,240
187.13,120,240
187.92,104,241
188.71,89,241
189.50,96,240
190.29,100,242
191.08,102,242
191.87,110,244
192.66,114,241
193.45,116,234
194.24,125,225
195.06,149,228
195.88,161,234
196.70,167,234
197.52,170,237
198.34,172,233
199.16,173,232
199.98,187,225
200.80,207,225
201.62,224,227
202.44,226,226
203.26,233,227
204.05,237,227
204.84,239,222
205.64,881,219
206.43,881,220
207.22,866,228
208.01,897,226
208.81,912,235
209.60,912,241
210.39,554,225
211.18,538,228
211.98,523,229
212.77,507,229
213.57,507,229
214.33,507,231
215.10,499,232
215.86,495,231
216.62,485,231
217.39,488,230
218.15,490,234
218.92,507,231
219.68,507,229
220.44,507,232
221.21,523,232
221.97,507,234
222.76,523,230
223.55,538,233
224.35,538,235
225.14,554,231
225.93,538,235
226.73,538,234
227.52,538,232
228.32,570,231
229.11,585,232
229.90,585,235
230.70,585,233
231.49,585,233
232.32,570,235
233.09,585,230
233.86,601,232
234.63,601,234
235.40,601,234
236.17,616,236
236.94,601,237
237.71,616,236
238.48,616,234
239.25,616,232
240.02,632,235
240.79,632,236
241.59,647,230
242.41,647,234
243.24,647,235
244.06,647,238
244.88,647,235
245.70,647,235
246.53,647,238
247.35,647,238
248.17,647,234
248.99,647,238
249.82,647,237
250.64,632,235
251.40,632,238
252.20,647,236
252.99,647,237
253.79,647,240
254.58,632,234
255.38,647,234
256.17,632,236
256.97,647,235
257.76,647,235
258.56,647,236
259.35,632,241
260.15,616,234
260.95,601,228
261.72,585,226
262.50,570,225
263.27,570,228
264.04,554,227
264.82,538,231
265.59,538,230
266.37,523,230
267.14,523,232
267.91,507,231
268.69,499,230
269.46,495,232
270.25,485,234
271.07,480,236
271.88,469,235
272.70,457,233
273.52,451,232
274.33,440,233
275.15,427,238
275.96,421,234
276.78,418,234
277.60,409,233
278.41,405,234
279.23,395,232
280.03,390,232
280.82,395,235
281.62,390,233
282.41,395,234
283.20,390,234
283.99,395,234
284.79,398,234
285.58,399,235
286.37,407,234
287.16,411,233
287.96,406,234
288.75,396,234
289.54,391,235
290.36,376,232
291.18,381,236
292.00,391,232
292.82,403,234
293.64,424,217
294.46,803,223
295.28,819,225
296.10,835,225
296.92,850,226
297.74,850,228
298.56,866,231
299.39,866,236
300.17,850,238
300.96,772,227
301.74,772,226
302.52,523,211
303.31,523,211
304.09,772,214
304.88,788,212
305.66,788,210
306.44,445,177
307.23,445,151
308.01,445,161
308.80,423,151
309.60,362,148
310.39,362,132
311.19,342,164
311.99,174,210
312.78,174,215
313.58,174,220
314.37,174,224
315.17,174,224
315.97,174,230
316.76,174,229
317.56,161,229
318.35,155,233
319.14,152,231
319.93,163,232
320.72,156,232
321.51,152,233
322.30,163,232
323.09,156,232
323.88,165,231
324.67,169,230
325.46,171,227
326.25,172,228
327.04,173,223
327.87,180,218
328.66,190,213
329.46,189,210
330.25,146,180
331.04,476,164
331.83,476,177
332.63,476,200
333.42,554,227
334.21,554,231
335.00,538,231
335.80,538,235
336.59,538,234
337.97,538,234
338.77,538,233
339.56,538,232
340.36,538,233
341.16,523,233
341.96,523,233
342.75,538,234
343.55,523,232
344.35,523,235
345.15,523,231
345.94,523,233
346.74,523,234
347.49,523,229
348.24,499,219
348.98,386,227
349.73,374,233
350.48,368,233
351.23,365,237
351.97,375,234
352.72,380,233
353.47,383,224
354.22,459,222
354.96,475,233
355.71,523,238
356.51,523,235
357.30,523,228
358.10,554,213
358.89,322,212
359.68,459,221
0.48,386,223
1.27,374,214
2.07,380,164
2.86,371,138
3.65,346,177
4.45,415,161
5.24,538,224
6.03,538,235
6.81,538,232
7.58,538,235
8.36,538,234
9.14,538,235
9.91,554,233
10.69,554,235
11.46,554,235
12.24,554,227
13.02,616,210
13.79,309,225
14.57,302,227
15.37,298,221
16.14,349,214
16.91,585,219
17.68,362,220
18.45,362,216
19.22,342,223
19.99,332,228
20.76,334,219
21.53,282,211
22.30,282,211
23.07,282,212
23.84,282,213
24.70,288,210
25.49,291,229
26.28,279,236
27.07,280,237
27.86,287,230
28.65,298,222
29.45,444,228
30.24,444,233
31.03,437,234
31.82,426,234
32.61,420,234
33.40,417,235
34.15,408,234
34.93,404,233
35.71,402,234
36.49,394,235
37.27,390,232
38.05,376,233
38.83,369,231
39.61,365,233
40.39,357,234
41.17,353,232
41.95,344,233
42.73,339,230
43.53,337,229
44.32,329,236
45.12,325,235
45.91,323,235
46.70,322,237
47.50,322,236
48.29,315,234
49.09,318,235
49.88,320,235
50.67,314,236
51.47,311,237
52.26,310,235
52.94,309,239
53.73,309,238
54.52,309,238
55.31,302,237
56.10,298,236
56.89,296,238
57.68,295,236
58.47,295,236
59.26,295,237
60.05,281,236
60.84,281,236
61.63,281,236
62.46,281,235
63.23,281,235
64.00,281,235
64.77,281,238
65.54,281,237
66.31,281,239
67.08,274,238
67.85,271,236
68.62,269,238
69.39,275,241
70.16,271,238
70.93,276,235
71.69,272,236
72.49,277,236
73.28,279,235
74.08,280,236
74.88,281,228
75.67,281,234
76.47,281,232
77.26,281,238
78.06,274,237
78.86,271,237
79.65,269,235
80.45,241,235
81.25,241,233
82.06,234,231
82.88,224,235
83.69,232,231
84.50,230,232
85.31,222,232
86.13,230,235
86.94,239,231
87.75,260,232
88.56,271,232
89.38,276,235
90.19,279,232
91.02,280,235
91.77,281,236
92.52,281,238
93.27,281,237
94.02,274,237
94.77,271,239
95.52,269,239
96.27,262,239
97.02,258,239
97.77,256,238
98.52,255,238
99.27,228,236
100.03,234,236
100.83,239,237
101.63,240,238
102.43,240,237
103.23,243,239
104.03,242,237
104.83,241,237
105.63,244,237
106.43,242,237
107.23,245,238
108.03,250,238
108.83,259,237
109.59,257,239
110.39,262,240
111.20,265,238
112.00,260,236
112.80,271,237
113.60,283,240
114.41,296,234
115.21,295,234
116.01,302,216
116.81,278,84
117.62,286,113
118.42,241,174
119.21,234,215
120.02,231,221
120.82,223,219
121.63,225,214
122.44,233,213
123.24,237,211
124.05,241,210
124.85,234,212
125.66,231,211
126.47,236,213
127.27,232,214
128.08,230,221
128.84,222,227
129.64,225,218
130.43,233,213
131.23,237,228
132.03,239,233
132.82,233,226
133.62,237,219
134.41,241,214
135.21,254,193
136.01,261,171
136.80,258,210
137.60,270,184
138.40,262,145
139.19,265,171
139.97,260,145
140.76,264,161
141.55,259,148
142.33,277,184
143.12,279,203
143.90,267,148
144.69,274,113
145.48,291,58
146.26,188,58
147.05,295,138
147.91,275,135
148.70,278,151
149.49,286,206
150.28,297,158
151.07,303,164
151.86,306,158
152.66,307,164
153.45,308,148
154.24,328,142
155.03,332,142
155.82,585,222
156.61,585,228
157.50,349,219
158.29,342,223
159.09,339,226
159.88,330,231
160.67,326,231
161.47,324,235
162.26,316,235
163.06,312,234
163.85,310,235
164.64,309,235
165.44,315,235
166.23,318,234
167.03,327,234
167.85,331,228
168.67,346,215
169.49,1489,226
170.31,1489,229
171.13,1505,216
171.94,6305,211
172.76,1489,218
173.58,1489,221
174.40,538,218
175.22,523,226
176.04,538,231
176.83,523,230
177.62,507,224
178.41,523,222
179.20,523,217
179.99,188,217
180.78,181,224
181.57,177,232
182.36,175,237
183.15,174,225
183.94,174,220
184.73,181,221
185.52,157,228
186.28,138,238
187.09,121,246
187.90,112,241
188.71,108,239
189.52,106,243
190.33,105,239
191.14,104,241
191.95,104,244
192.76,111,239
193.57,115,235
194.38,124,229
195.19,136,231
195.98,155,234
196.77,164,232
197.56,169,239
198.35,171,236
199.14,172,231
199.93,180,224
200.72,204,225
201.51,222,227
202.30,231,227
203.09,236,227
203.88,238,225
204.67,239,221
205.46,881,215
206.25,866,223
207.05,881,227
207.84,897,227
208.63,912,233
209.43,912,236
210.22,554,222
211.02,538,226
211.81,538,228
212.60,523,229
213.40,507,229
214.19,507,231
215.02,507,230
215.81,499,234
216.59,495,231
217.38,493,233
218.17,492,232
218.95,507,231
219.74,507,229
220.52,507,232
221.31,523,231
222.10,507,235
222.88,538,231
223.67,523,232
224.46,538,234
225.25,554,233
226.04,538,233
226.83,538,234
227.62,538,234
228.41,554,232
229.20,585,235
229.99,601,232
230.78,585,234
231.57,570,234
232.36,585,234
233.15,585,232
233.95,601,230
234.74,585,233
235.54,601,235
236.33,601,236
237.12,585,236
237.91,601,237
238.71,616,234
239.50,632,230
240.29,632,236
241.08,632,234
241.88,647,235
242.67,647,232
243.50,632,238
244.29,647,237
245.07,663,234
245.86,663,236
246.65,647,239
247.44,647,237
248.22,647,237
249.01,647,237
249.80,647,237
250.59,647,238
251.37,647,239
252.16,647,239
252.95,647,237
253.75,647,235
254.54,647,233
255.34,647,235
256.14,647,234
256.93,647,235
257.73,647,236
258.52,647,234
259.32,632,241
260.12,616,230
260.91,601,224
261.71,585,225
262.58,570,228
263.37,554,228
264.17,554,227
264.96,538,229
265.75,538,233
266.54,523,230
267.34,507,231
268.13,507,231
268.92,499,230
269.71,487,229
270.51,489,232
271.30,482,235
272.13,463,231
272.93,454,232
273.74,442,229
274.54,436,232
275.34,425,235
276.15,420,234
276.95,410,234
277.76,405,234
278.56,403,234
279.36,402,233
280.17,394,232
280.97,397,233
281.76,391,234
282.55,396,233
283.35,398,234
284.14,392,236
284.93,396,234
285.73,398,233
286.52,406,237
287.32,410,234
288.11,405,234
288.90,395,234
289.70,390,237
290.49,376,235
291.28,388,235
292.10,394,234
292.93,412,229
293.75,819,219
294.57,819,222
295.39,819,224
296.22,835,225
297.04,850,226
297.86,850,227
298.68,866,232
299.51,866,237
300.33,850,236
301.12,757,232
301.93,772,218
302.75,507,211
303.56,757,213
304.37,772,214
305.18,772,211
306.00,445,174
306.81,445,210
307.62,430,174
308.43,422,168
309.25,411,161
310.06,398,203
310.89,399,161
311.68,392,177
312.47,215,213
313.26,194,219
314.05,184,223
314.84,179,224
315.64,176,228
316.43,175,229
317.22,174,231
318.01,174,230
318.80,161,230
319.59,167,229
320.34,170,231
321.14,172,233
321.93,173,232
322.73,173,232
323.53,173,230
324.33,173,232
325.12,173,229
325.92,173,227
326.72,173,226
327.52,173,221
328.31,173,216
329.11,207,212
329.90,204,210
330.70,476,151
331.50,476,126
332.30,476,197
333.10,554,217
333.90,554,227
334.69,554,232
335.49,538,234
336.29,538,232
337.09,538,231
337.89,538,231
338.69,538,231
339.52,538,232
340.31,523,234
341.09,538,234
341.88,538,232
342.67,538,231
343.45,523,235
344.24,523,233
345.02,523,233
345.81,523,234
346.60,523,232
347.38,523,229
348.17,386,223
348.96,374,229
349.71,368,232
350.47,365,240
351.22,357,238
351.98,371,233
352.73,378,231
353.49,445,220
354.24,452,226
355.00,472,231
355.75,523,233
356.51,523,234
357.26,538,223
358.05,322,212
358.84,538,212
359.64,476,221
0.43,401,222
1.22,393,213
2.01,322,155
2.81,329,132
3.60,319,168
4.39,554,210
5.18,538,226
5.98,538,234
6.77,538,233
7.72,538,231
8.51,538,236
9.29,538,236
10.08,538,234
10.87,554,236
11.65,554,231
12.44,554,229
13.22,309,213
14.01,309,224
14.80,302,228
15.58,298,221
16.37,303,215
17.20,585,219
17.93,362,218
18.67,362,217
19.40,349,224
20.14,335,229
20.87,335,221
21.61,322,212
22.34,315,210
23.08,298,212
23.81,290,213
24.55,292,206
25.28,287,225
26.07,277,239
26.86,279,237
27.66,287,229
28.45,298,222
29.24,445,229
30.03,437,233
30.83,433,235
31.62,431,232
32.41,423,236
33.20,419,233
34.00,410,234
34.79,405,236
35.59,395,233
36.38,390,233
37.16,388,235
37.95,375,232
38.74,380,234
39.52,371,231
40.31,366,233
41.09,364,234
41.88,356,236
42.67,346,232
43.45,341,229
44.24,331,234
45.07,333,235
45.86,334,235
46.66,328,235
47.45,325,234
48.24,323,232
49.04,322,235
49.83,322,234
50.63,315,237
51.42,312,237
52.21,310,237
53.01,309,235
53.80,309,238
54.59,302,235
55.39,298,235
56.18,296,236
56.98,295,236
57.78,295,239
58.57,295,239
59.37,295,237
60.16,295,236
60.96,275,237
61.76,278,237
62.55,280,236
63.35,281,238
64.11,281,237
64.90,281,237
65.68,274,237
66.47,278,238
67.26,280,236
68.04,274,239
68.83,278,236
69.61,280,236
70.40,281,237
71.19,281,238
71.97,281,238
72.76,281,234
73.59,281,238
74.38,281,235
75.18,281,230
75.97,281,237
76.76,274,235
77.56,271,237
78.35,269,238
79.15,268,236
79.94,268,238
80.73,241,235
81.53,241,234
82.32,234,234
82.94,224,234
83.74,232,228
84.54,230,231
85.34,229,232
86.14,282,229
86.94,268,232
87.73,261,231
88.53,271,231
89.33,276,235
90.13,279,237
90.93,273,234
91.73,270,237
92.49,269,238
93.26,275,237
94.03,271,236
94.80,269,237
95.57,262,235
96.34,258,240
97.11,256,237
97.88,241,237
98.65,241,235
99.42,241,236
100.19,244,235
100.96,242,235
101.83,241,237
102.62,241,235
103.41,244,238
104.20,246,237
104.99,243,239
105.78,246,239
106.56,257,240
107.35,241,238
108.14,254,237
108.93,261,239
109.72,264,240
110.51,266,240
111.27,267,237
112.06,261,235
112.86,271,238
113.65,290,240
114.44,292,234
115.24,300,233
116.03,318,219
116.83,327,93
117.62,215,87
118.41,228,200
119.21,228,213
120.00,228,218
120.79,228,217
121.61,228,213
122.42,228,214
123.24,228,210
124.06,228,211
124.87,228,212
125.69,234,211
126.50,231,212
127.32,229,213
128.14,228,221
128.95,221,226
129.77,218,216
130.57,223,216
131.36,232,228
132.15,230,234
132.94,235,226
133.73,238,219
134.52,242,213
135.30,295,190
136.09,241,210
136.88,241,164
137.67,244,193
138.46,309,164
139.25,255,151
140.05,261,161
140.86,258,168
141.67,270,174
142.48,269,145
143.29,268,158
144.10,275,168
144.90,271,106
145.71,74,67
146.52,157,58
147.33,309,148
148.14,302,145
148.95,319,138
149.71,314,155
150.50,311,145
151.29,310,132
152.08,323,168
152.87,316,132
153.66,312,171
154.45,317,171
155.24,326,138
156.03,585,227
156.82,585,225
157.61,336,222
158.40,329,222
159.20,332,224
159.99,327,232
160.79,331,231
161.58,326,236
162.37,317,235
163.16,313,234
163.96,311,235
164.75,310,236
165.54,323,234
166.33,329,233
167.13,332,233
167.92,334,224
168.71,1489,218
169.52,1474,229
170.32,1489,229
171.13,6352,210
171.94,1240,200
172.74,1489,217
173.55,1489,220
174.35,538,221
175.16,538,229
175.97,538,232
176.77,523,229
177.58,507,224
178.38,523,220
179.21,523,215
180.04,188,221
180.87,181,226
181.70,177,237
182.53,175,233
183.35,174,225
184.18,161,218
185.01,167,219
185.84,143,235
186.67,131,240
187.50,117,241
188.33,103,241
189.12,103,241
189.92,103,242
190.71,111,240
191.50,107,244
192.29,113,244
193.09,108,239
193.88,106,227
194.67,120,230
195.46,134,233
196.26,154,233
197.05,164,234
197.85,169,239
198.65,171,232
199.46,179,230
200.26,210,225
201.06,225,230
201.86,233,227
202.67,237,229
203.47,239,226
204.27,240,224
205.07,240,215
205.88,866,218
206.68,881,227
207.48,881,229
208.28,897,230
209.07,912,243
209.87,928,221
210.66,538,228
211.46,538,229
212.25,523,231
213.05,507,230
213.84,507,231
214.64,507,231
215.43,499,232
216.23,495,230
216.99,493,235
217.78,492,232
218.57,507,233
219.36,507,231
220.15,499,231
220.94,523,232
221.73,507,230
222.52,523,235
223.31,538,232
224.10,538,233
224.89,538,235
225.68,538,234
226.51,538,232
227.28,538,233
228.06,554,232
228.83,570,235
229.61,585,237
230.38,585,237
231.16,585,232
231.93,585,234
232.71,570,234
233.48,601,232
234.26,585,231
235.03,601,234
235.82,601,237
236.62,601,233
237.41,601,235
238.21,616,232
239.01,616,233
239.80,632,234
240.60,632,236
241.39,647,232
242.19,647,235
242.99,647,234
243.78,647,235
244.58,647,239
245.33,663,237
246.13,663,237
246.94,647,236
247.74,647,236
248.54,647,237
249.35,647,239
250.15,647,238
250.96,647,234
251.76,647,238
252.56,647,236
253.37,647,235
254.17,647,235
255.00,647,233
255.79,647,233
256.57,632,234
257.36,632,238
258.15,632,230
258.94,632,239
259.72,632,237
260.51,616,227
261.30,585,224
262.09,570,226
262.87,570,226
263.66,554,227
264.45,538,230
265.25,538,229
266.04,523,231
266.84,523,230
267.64,507,229
268.43,507,230
269.23,499,231
270.02,487,229
270.82,481,233
271.62,470,236
272.41,457,234
273.21,443,229
273.96,436,234
274.78,425,236
275.59,420,234
276.41,410,234
277.23,405,233
278.05,403,235
278.86,382,235
279.68,391,232
280.50,396,233
281.32,391,235
282.13,396,233
282.95,398,236
283.81,399,233
284.60,400,234
285.38,400,234
286.17,400,237
286.96,407,233
287.75,404,234
288.53,395,232
289.32,390,235
290.11,388,232
290.90,387,237
291.68,394,234
292.47,404,234
293.22,417,222
294.02,819,219
294.82,819,222
295.62,835,224
296.42,835,225
297.22,850,225
298.02,850,226
298.82,881,235
299.62,866,235
300.42,834,233
301.22,756,230
302.02,772,214
302.77,491,193
303.59,803,214
304.41,772,213
305.23,788,210
306.05,444,164
306.87,444,210
307.69,429,177
308.51,429,193
309.33,414,164
310.15,400,142
310.97,381,171
311.79,174,171
312.55,174,214
313.34,174,217
314.14,161,222
314.93,167,226
315.72,170,227
316.51,159,226
317.31,166,232
318.10,170,230
318.89,159,231
319.68,166,233
320.48,170,235
321.27,159,235
322.03,166,233
322.83,170,233
323.62,172,233
324.42,173,229
325.21,173,230
326.01,173,226
326.80,180,224
327.60,177,223
328.39,175,215
329.19,174,211
329.98,476,168
330.78,476,193
331.58,476,164
332.39,476,168
333.19,554,220
334.00,554,229
334.81,538,233
335.62,554,231
336.42,538,231
337.23,538,232
338.04,538,231
338.85,538,233
339.65,538,233
340.46,538,234
341.22,538,233
342.01,538,232
342.80,538,232
343.59,523,233
344.38,523,232
345.17,523,232
345.96,523,232
346.75,523,233
347.54,523,229
348.33,386,222
349.12,386,230
349.91,374,235
350.70,361,236
351.42,361,235
352.15,373,238
352.87,379,229
353.60,370,225
354.32,476,225
355.05,507,234
355.77,523,236
356.50,523,232
357.22,523,222
357.95,554,210
358.67,335,212
359.46,444,222
0.25,386,221
1.05,374,213
1.84,104,138
2.63,322,145
3.43,322,129
4.22,554,211
5.02,538,228
5.81,538,232
6.60,538,234
7.40,538,236
8.19,538,235
8.95,554,232
9.74,538,236
10.54,554,232
11.33,554,234
12.12,554,227
12.91,295,212
13.71,295,226
14.50,295,230
15.29,295,222
16.08,302,216
16.88,554,218
17.67,349,216
18.50,349,217
19.26,342,228
20.02,332,228
20.78,333,218
21.54,314,214
22.30,298,211
23.07,290,212
23.83,292,212
24.59,293,180
25.35,287,229
26.11,277,238
26.87,279,237
27.66,287,230
28.45,291,220
29.25,430,229
30.04,430,231
30.83,430,231
31.63,430,235
32.42,422,235
33.22,418,232
34.01,409,232
34.80,404,236
35.60,395,233
36.39,390,234
37.18,388,234
37.96,375,233
38.73,368,234
39.51,365,233
40.29,357,233
41.07,353,233
41.84,344,234
42.62,339,229
43.40,337,229
44.18,336,232
44.95,335,236
45.73,328,234
46.52,325,235
47.32,323,237
48.13,322,236
48.93,322,235
49.73,322,235
50.53,315,239
51.34,312,233
52.14,310,234
52.94,309,237
53.74,309,235
54.55,302,237
55.35,298,239
56.11,296,236
56.91,295,237
57.70,295,237
58.50,295,237
59.30,295,241
60.10,288,237
60.89,285,236
61.69,283,238
62.49,282,237
63.29,282,237
64.08,282,239
64.88,282,237
65.67,282,238
66.45,282,239
67.22,282,239
68.00,282,236
68.78,282,239
69.55,282,239
70.33,282,239
71.10,282,238
71.88,282,236
72.66,282,239
73.43,282,237
74.21,282,232
75.01,282,231
75.81,282,237
76.61,275,239
77.41,278,238
78.21,273,236
79.01,270,236
79.80,269,237
80.60,241,235
81.40,234,234
82.20,231,230
83.00,222,236
83.80,231,232
84.63,229,232
85.42,228,232
86.22,234,233
87.01,237,233
87.80,259,233
88.60,270,231
89.39,276,240
90.19,279,236
90.98,273,234
91.77,270,235
92.57,276,237
93.36,279,234
94.12,273,238
94.91,270,235
95.71,262,237
96.50,258,241
97.29,256,239
98.08,255,238
98.88,241,234
99.67,244,235
100.46,242,236
101.25,241,235
102.05,241,237
102.84,244,238
103.64,246,238
104.43,250,237
105.23,252,238
106.02,253,239
106.81,254,240
107.60,261,238
108.40,258,237
109.19,256,239
109.98,262,238
110.77,265,239
111.57,266,238
112.36,267,239
112.97,274,234
113.76,291,238
114.56,293,235
115.35,301,229
116.14,325,210
116.94,303,106
117.73,292,96
118.53,280,197
119.32,228,217
120.11,228,220
120.91,234,216
121.70,237,213
122.49,241,211
123.31,241,210
124.13,234,211
124.95,237,212
125.77,232,211
126.59,236,212
127.41,232,215
128.23,223,223
129.05,218,226
129.87,223,215
130.69,232,217
131.51,236,232
132.30,232,235
133.09,236,221
133.88,238,217
134.67,309,210
135.46,241,180
136.25,244,168
137.04,256,168
137.83,262,171
138.62,265,148
139.41,266,164
140.20,280,155
140.99,287,158
141.79,291,164
142.61,293,155
143.43,287,193
144.25,284,145
145.07,283,84
145.89,188,67
146.70,131,87
147.52,282,138
148.34,288,174
149.16,291,168
149.98,300,148
150.80,297,145
151.59,296,168
152.38,295,161
153.17,302,190
153.96,318,148
154.75,326,180
155.54,601,211
156.33,585,230
157.12,585,222
157.91,335,225
158.70,335,223
159.49,335,230
160.28,335,232
161.07,328,233
161.86,318,237
162.66,313,237
163.45,311,234
164.24,310,235
165.04,309,234
165.83,322,232
166.63,328,234
167.42,331,234
168.21,340,222
169.01,1473,219
169.80,1489,229
170.63,1489,226
171.42,6352,212
172.20,1255,210
172.99,1489,220
173.78,1489,219
174.56,538,225
175.35,538,227
176.13,538,229
176.92,507,230
177.71,523,226
178.49,523,221
179.28,188,213
180.08,181,223
180.90,177,227
181.72,182,237
182.54,178,230
183.36,176,221
184.18,182,219
184.99,178,221
185.81,156,234
186.63,137,241
187.45,120,242
188.27,119,238
189.09,104,240
189.85,104,239
190.65,104,238
191.44,111,243
192.24,107,246
193.04,113,238
193.83,116,227
194.63,125,229
195.42,137,233
196.22,155,235
197.02,164,235
197.81,169,239
198.61,171,235
199.41,172,225
200.24,193,223
201.07,217,228
201.91,222,229
202.74,231,227
203.57,236,227
204.40,238,222
205.23,242,219
206.06,881,219
206.90,881,224
207.73,881,229
208.56,897,229
209.36,928,241
210.12,943,223
210.88,554,226
211.64,523,227
212.40,523,231
213.16,507,229
213.92,507,231
214.68,507,232
215.44,507,232
216.20,499,230
216.96,487,233
217.72,489,234
218.51,507,231
219.31,491,230
220.10,507,230
220.90,507,233
221.70,507,234
222.50,523,234
223.29,538,233
224.09,538,234
224.89,538,229
225.69,538,233
226.48,538,236
227.28,538,233
228.04,554,232
228.86,569,233
229.68,585,233
230.50,585,236
231.32,569,233
232.14,585,233
232.95,585,235
233.77,601,233
234.59,585,233
235.41,601,236
236.23,601,235
237.05,616,234
237.84,616,236
238.63,616,236
239.43,616,235
240.22,632,236
241.01,632,236
241.81,647,234
242.60,647,233
243.40,647,234
244.19,647,238
244.98,647,236
245.78,663,234
246.57,647,234
247.36,647,234
248.08,663,234
248.81,647,237
249.53,647,235
250.26,647,237
250.98,647,238
251.71,647,236
252.43,647,236
253.16,647,236
253.88,647,236
254.61,647,235
255.33,647,235
256.09,632,233
256.92,647,235
257.75,647,235
258.59,647,237
259.42,632,236
260.25,616,229
261.08,585,225
261.91,569,225
262.74,569,229
263.58,554,230
264.41,554,230
265.24,538,229
266.07,538,230
266.86,507,230
267.65,507,232
268.44,507,231
269.23,499,231
270.02,495,233
270.82,485,234
271.61,480,233
272.40,462,232
273.19,453,231
273.98,441,233
274.77,428,235
275.52,421,233
276.34,418,235
277.16,409,233
277.98,404,234
278.80,402,232
279.62,394,232
280.44,390,234
281.26,388,235
282.08,387,234
282.90,393,234
283.72,396,233
284.54,391,234
285.33,395,236
286.13,397,235
286.94,406,235
287.74,410,235
288.54,398,231
289.34,392,235
290.15,389,234
290.95,387,234
291.75,393,237
292.55,396,234
293.36,413,230
294.16,803,221
294.99,819,225
295.78,834,224
296.57,834,224
297.36,850,227
298.15,850,228
298.94,881,234
299.73,866,237
300.52,850,233
301.31,756,232
302.10,772,217
302.89,507,210
303.68,756,215
304.48,756,213
305.29,788,211
306.09,788,171
306.90,430,203
307.71,422,197
308.51,411,197
309.32,405,206
310.12,402,177
310.93,401,171
311.74,188,177
312.54,181,214
313.35,177,218
314.10,175,222
314.89,174,226
315.69,174,226
316.48,174,229
317.27,174,231
318.07,174,230
318.86,161,230
319.66,155,233
320.45,164,234
321.24,169,233
322.04,159,230
322.83,166,235
323.66,170,232
324.45,172,231
325.24,153,229
326.03,163,227
326.82,175,225
327.61,174,221
328.41,181,217
329.20,184,212
329.99,179,210
330.78,476,155
331.57,476,174
332.36,467,164
333.19,554,222
334.00,538,227
334.81,538,232
335.63,538,232
336.44,538,233
337.25,538,234
338.06,538,232
338.87,538,230
339.68,538,232
340.50,538,233
341.31,538,233
342.12,523,233
342.91,523,235
343.71,523,231
344.50,523,234
345.30,523,233
346.10,523,231
346.89,523,231
347.69,507,223
348.48,386,225
349.28,386,229
350.08,374,235
350.87,368,237
351.67,365,238
352.39,375,235
353.14,380,226
353.90,383,221
354.65,491,231
355.41,523,234
356.16,523,234
356.92,523,229
357.67,538,218
358.43,309,210
359.18,476,217
359.94,460,223
0.69,386,221
1.48,335,210
2.28,315,129
3.09,332,158
3.89,333,171
4.69,538,217
5.50,538,228
6.30,538,233
7.11,538,234
7.91,538,237
8.71,538,233
9.52,554,233
10.32,554,236
11.11,554,235
11.91,554,231
12.70,569,218
13.50,309,220
14.30,302,230
15.09,298,225
15.89,303,219
16.68,585,217
17.48,335,220
18.28,342,220
19.07,345,218
19.87,333,231
20.63,327,225
21.41,318,214
22.18,300,211
22.96,291,211
23.74,286,213
24.51,284,211
25.29,283,215
26.06,282,237
26.84,282,238
27.62,282,235
28.39,288,225
29.17,444,226
29.97,444,230
30.73,437,232
31.49,433,233
32.25,424,234
33.01,419,236
33.77,409,229
34.53,404,231
35.29,402,234
36.05,394,233
36.81,390,232
37.57,388,232
38.33,375,233
39.16,368,234
39.95,365,231
40.75,357,233
41.54,353,234
42.33,351,234
43.13,343,228
43.92,339,231
44.72,337,234
45.51,329,237
46.30,325,235
47.10,317,232
47.89,319,235
48.68,320,234
49.45,321,235
50.23,321,235
51.00,315,236
51.77,312,238
52.55,310,235
53.32,309,238
54.10,309,238
54.87,302,236
55.64,298,237
56.42,290,238
57.19,292,236
57.98,293,239
58.77,294,237
59.56,288,238
60.35,278,237
61.14,280,236
61.93,281,238
62.72,281,236
63.51,281,237
64.30,281,239
65.09,281,236
65.88,281,236
66.67,281,236
67.94,281,238
68.73,281,238
69.53,281,240
70.32,274,238
71.11,278,241
71.90,280,235
72.70,281,238
73.49,281,234
74.28,281,235
75.07,281,232
75.87,281,236
76.66,281,237
77.45,281,238
78.20,274,240
78.95,264,237
79.69,266,238
80.44,260,235
81.19,257,233
81.94,241,234
82.69,227,232
83.44,220,232
84.18,230,231
84.93,235,231
85.68,231,230
86.54,237,232
87.33,239,232
88.11,260,233
88.90,271,230
89.69,276,236
90.47,279,234
91.26,280,237
92.04,274,236
92.83,271,236
93.62,269,236
94.40,268,235
95.19,268,238
96.02,241,237
96.81,244,237
97.60,246,236
98.39,243,235
99.18,242,237
99.97,241,236
100.76,244,237
101.55,246,235
102.34,250,235
103.13,241,239
103.92,244,237
104.71,256,238
105.51,255,239
106.28,241,236
107.06,241,238
107.83,244,237
108.60,246,238
109.38,257,240
110.15,262,238
110.93,265,240
111.70,266,239
112.47,267,239
113.25,274,237
114.02,284,239
114.88,283,233
115.67,296,227
116.46,315,151
117.25,228,119
118.04,234,116
118.83,231,212
119.62,229,219
120.41,228,219
121.20,228,214
121.99,228,212
122.78,228,212
123.57,228,212
124.33,234,211
125.14,231,212
125.94,236,212
126.75,232,213
127.56,230,216
128.36,229,225
129.17,221,221
129.97,217,213
130.78,229,221
131.59,228,232
132.39,228,232
133.20,234,220
133.99,251,216
134.80,266,211
135.60,260,177
136.41,264,190
137.22,241,210
138.02,261,171
138.83,271,174
139.63,263,148
140.44,259,161
141.25,263,197
142.05,272,200
142.86,270,187
143.66,276,158
144.45,279,148
145.25,59,80
146.04,74,58
146.83,295,84
147.62,288,177
148.42,305,135
149.21,300,119
150.00,297,122
150.79,303,132
151.59,306,168
152.38,307,171
153.17,308,145
153.98,308,164
154.79,400,119
155.60,616,211
156.41,585,227
157.22,569,220
158.03,335,224
158.84,335,224
159.65,335,230
160.46,335,232
161.27,328,233
162.08,318,237
162.91,313,232
163.71,311,233
164.50,310,237
165.30,309,234
166.10,322,236
166.89,328,236
167.69,331,234
168.48,340,222
169.28,1489,223
170.08,1489,231
170.87,1489,227
171.67,6321,212
172.40,1489,197
173.18,1489,221
173.97,1505,219
174.75,523,225
175.53,538,228
176.31,523,229
177.10,507,225
177.88,507,224
178.66,523,220
179.44,188,213
180.23,188,222
181.01,188,230
181.84,181,237
182.64,177,228
183.44,175,222
184.24,174,221
185.04,174,221
185.84,154,234
186.64,136,242
187.44,127,241
188.24,115,238
189.04,109,240
189.84,114,238
190.64,109,240
191.40,106,244
192.20,105,243
192.99,104,235
193.79,111,226
194.59,142,226
195.38,158,232
196.18,166,232
196.97,170,235
197.77,172,241
198.57,173,234
199.36,173,225
200.16,207,223
200.91,217,226
201.72,222,230
202.53,231,228
203.34,229,225
204.15,235,225
204.96,240,216
205.77,866,220
206.58,881,225
207.39,881,229
208.20,912,227
209.01,912,241
209.82,928,225
210.65,538,225
211.45,538,229
212.25,523,231
213.05,507,227
213.85,507,231
214.65,507,232
215.45,499,231
216.25,507,230
217.05,499,233
217.85,495,235
218.65,493,233
219.45,492,231
220.24,507,230
221.03,507,234
221.83,507,231
222.62,523,233
223.41,538,231
224.21,523,231
225.00,538,236
225.80,538,234
226.59,538,231
227.38,538,235
228.18,554,232
228.97,585,233
229.76,585,235
230.51,585,235
231.26,569,232
232.01,569,236
232.76,585,236
233.51,601,231
234.27,585,231
235.02,601,234
235.77,601,236
236.52,616,236
237.27,585,234
238.02,616,235
238.81,616,232
239.61,632,233
240.42,632,235
241.22,647,232
242.02,647,234
242.83,647,234
243.63,632,236
244.44,647,238
245.24,663,236
246.04,663,238
246.85,647,238
247.65,647,235
248.44,647,234
249.23,647,237
250.03,647,233
250.82,647,236
251.61,647,237
252.40,647,239
253.20,647,236
253.99,647,233
254.78,647,236
255.57,647,236
256.37,647,236
257.16,647,233
257.96,647,232
258.77,632,235
259.57,632,239
260.38,616,228
261.19,601,225
261.99,585,226
262.80,569,228
263.60,554,229
264.41,538,227
265.22,538,228
266.02,523,231
266.83,523,230
267.62,507,231
268.41,507,232
269.20,499,231
269.99,487,231
270.78,481,235
271.57,478,232
272.36,461,232
273.15,452,230
273.94,441,234
274.73,428,234
275.52,421,236
276.31,418,236
277.07,409,234
277.86,404,235
278.65,402,233
279.44,401,233
280.23,393,234
281.02,396,233
281.81,398,235
282.60,392,234
283.39,389,234
284.18,387,236
284.97,393,236
285.76,396,234
286.59,405,236
287.42,402,232
288.26,401,233
289.09,393,234
289.92,389,233
290.75,387,234
291.59,393,233
292.42,404,233
293.25,409,229
294.08,803,218
294.92,819,225
295.75,819,223
296.54,834,223
297.33,850,228
298.13,850,227
298.92,866,231
299.71,881,237
300.50,850,235
301.30,756,231
302.09,772,220
302.88,507,203
303.67,772,212
304.47,772,213
305.26,772,211
306.06,476,151
306.86,453,151
307.66,441,193
308.46,435,164
309.26,417,177
310.06,401,171
310.86,393,171
311.66,371,145
312.46,188,212
313.26,188,216
314.06,181,221
314.86,177,223
315.69,175,227
316.49,174,228
317.28,161,229
318.08,155,231
318.88,164,231
319.67,169,232
320.47,171,233
321.26,172,235
322.06,173,232
322.86,173,234
323.65,161,232
324.45,167,230
325.20,170,228
325.99,172,226
326.79,173,226
327.58,173,222
328.37,180,219
329.17,184,212
329.96,166,184
330.76,491,193
331.55,483,168
332.34,479,151
333.14,554,217
333.93,538,229
334.76,554,232
335.56,538,234
336.35,538,234
337.15,538,232
337.95,538,234
338.74,538,235
339.54,554,231
340.33,538,233
341.13,523,235
341.93,523,234
342.72,538,233
343.52,523,235
344.31,523,232
345.07,523,232
345.84,523,234
346.60,523,233
347.37,507,226
348.13,386,226
348.90,386,230
349.66,374,235
350.43,368,235
351.19,365,236
351.96,375,232
352.72,380,230
353.48,383,221
354.27,476,229
355.06,507,235
355.86,523,234
356.65,523,232
357.44,538,220
358.23,335,210
359.02,476,215
359.81,453,223
0.61,386,223
1.40,374,184
2.19,322,129
3.02,328,174
3.80,331,155
4.57,554,216
5.35,538,231
6.13,538,231
6.91,538,232
7.68,538,236
8.46,538,235
9.24,538,233
10.02,554,232
10.79,554,233
11.57,554,231
12.37,569,218
13.16,309,217
13.95,302,230
14.75,298,226
15.54,303,218
16.33,585,217
17.12,362,217
17.91,355,219
18.70,352,216
19.50,337,228
20.29,329,227
21.08,332,215
21.88,320,210
22.67,307,212
23.46,301,213
24.25,291,211
25.04,293,214
25.83,287,237
26.62,284,240
27.41,283,236
28.20,289,229
28.99,415,224
29.78,429,231
30.57,429,232
31.36,429,231
32.12,422,234
32.88,418,235
33.65,409,234
34.41,404,235
35.17,402,235
35.93,401,231
36.69,393,232
37.45,389,233
38.22,375,236
38.98,368,235
39.74,365,234
40.53,357,232
41.32,359,232
42.12,354,233
42.91,344,226
43.70,333,230
44.49,334,234
45.29,328,235
46.08,325,235
46.87,323,234
47.66,322,234
48.46,322,238
49.25,315,236
50.00,312,236
50.81,310,233
51.62,309,236
52.43,309,239
53.24,309,236
54.05,309,238
54.86,302,237
55.67,298,237
56.48,296,234
57.29,295,237
58.10,295,238
58.91,295,237
59.71,295,236
60.50,288,235
61.28,285,237
62.07,283,237
62.86,282,238
63.65,282,237
64.43,282,237
65.22,275,237
66.01,278,237
66.80,280,235
67.58,274,237
68.37,278,239
69.16,280,238
69.95,281,236
70.75,281,236
71.54,281,240
72.33,281,237
73.12,281,239
73.92,274,237
74.71,278,232
75.50,280,231
76.29,281,237
77.09,281,237
77.88,281,237
78.67,274,234
79.44,271,235
80.21,263,235
80.98,241,234
81.75,241,233
82.52,227,234
83.30,227,230
84.07,234,230
84.84,231,234
85.61,236,230
86.38,232,235
87.15,236,231
87.91,259,233
88.70,263,233
89.49,265,236
90.28,266,236
91.07,274,236
91.86,271,237
92.64,269,236
93.43,275,238
94.22,271,236
95.01,269,237
95.80,262,240
96.59,258,240
97.54,241,236
98.33,244,235
99.12,236,235
99.91,232,234
100.70,237,236
101.49,241,237
102.27,244,238
103.06,246,236
103.85,250,237
104.64,252,235
105.43,253,241
106.22,254,238
107.05,254,239
107.84,254,238
108.63,261,238
109.42,258,237
110.21,256,237
111.00,262,241
111.79,265,237
112.58,273,239
113.37,277,237
114.16,293,240
114.95,301,233
115.74,305,224
116.54,286,119
117.33,241,96
118.12,241,171
118.91,241,214
119.70,234,221
120.49,231,221
121.27,229,215
122.06,235,213
122.85,231,211
123.64,236,210
124.43,238,210
125.22,239,212
126.05,240,211
126.88,234,214
127.71,231,218
128.54,222,226
129.37,218,221
130.20,223,212
131.03,232,224
131.86,223,232
132.69,225,230
133.52,233,219
134.35,238,215
135.18,242,210
136.00,245,193
136.78,250,155
137.56,259,184
138.33,270,161
139.11,269,148
139.89,289,151
140.67,285,184
141.45,276,158
142.23,272,155
143.00,270,174
143.78,276,187
144.56,279,142
145.35,74,77
146.14,74,74
146.93,268,87
147.72,281,155
148.51,288,155
149.30,298,174
150.08,296,145
150.87,295,171
151.66,302,158
152.45,305,129
153.24,307,145
154.03,308,145
154.86,315,135
155.67,601,214
156.49,585,232
157.30,569,218
158.11,335,224
158.93,328,219
159.74,331,230
160.56,326,230
161.37,324,235
162.18,323,237
163.00,316,233
163.81,312,234
164.64,310,234
165.43,316,233
166.23,319,234
167.02,327,233
167.81,331,232
168.61,340,218
169.40,1489,224
170.20,1489,229
170.99,1489,225
171.78,6321,213
172.58,1489,210
173.37,1489,222
174.16,1505,215
174.95,523,225
175.75,538,229
176.54,523,228
177.33,523,228
178.12,507,222
178.92,523,220
179.71,174,213
180.50,181,222
181.29,177,231
182.09,175,238
182.88,174,226
183.67,181,221
184.47,165,219
185.28,176,223
186.08,155,238
186.88,137,243
187.69,113,244
188.49,101,240
189.30,102,239
190.10,95,242
190.90,99,239
191.71,101,241
192.51,110,241
193.34,114,236
194.13,124,228
194.91,136,227
195.70,155,233
196.48,171,233
197.27,172,236
198.05,173,238
198.84,161,233
199.62,167,227
200.41,204,224
201.19,222,227
201.98,225,227
202.94,233,227
203.74,237,227
204.54,241,223
205.33,254,216
206.13,866,220
206.93,881,228
207.73,881,231
208.53,912,229
209.33,928,239
210.12,554,219
210.92,538,229
211.72,538,227
212.48,523,230
213.27,507,230
214.05,507,232
214.84,507,228
215.63,499,230
216.42,495,229
217.20,493,231
217.99,492,232
218.78,507,233
219.57,499,232
220.35,495,231
221.14,507,234
221.97,507,233
222.76,523,234
223.55,538,234
224.34,538,233
225.13,538,233
225.92,538,237
226.70,554,233
227.49,538,232
228.28,569,229
229.07,585,235
229.86,585,236
230.65,585,234
231.44,569,233
232.23,585,235
233.02,585,233
233.81,601,232
234.60,585,233
235.39,601,235
236.19,601,237
236.98,601,236
237.77,616,237
238.56,601,234
239.35,616,232
240.14,647,234
240.93,632,237
241.71,647,230
242.48,647,236
243.26,647,236
244.04,647,238
244.82,663,234
245.59,663,236
246.37,647,237
247.15,647,235
247.93,647,238
248.70,647,237
249.48,647,237
250.28,647,237
251.07,647,237
251.86,647,237
252.66,647,236
253.45,647,236
254.24,632,234
255.03,647,235
255.82,632,235
256.61,647,237
257.41,647,233
258.20,647,236
258.99,632,239
259.79,632,234
260.61,601,227
261.43,585,226
262.25,569,224
263.07,569,228
263.89,554,229
264.71,538,229
265.53,538,230
266.35,523,231
267.17,523,230
267.99,507,231
268.81,499,232
269.60,495,229
270.40,493,234
271.20,484,235
272.00,464,230
272.80,454,233
273.60,442,234
274.40,436,234
275.20,425,233
276.00,420,237
276.80,417,236
277.60,408,234
278.40,404,232
279.27,402,234
280.06,394,234
280.85,397,233
281.64,391,234
282.43,395,233
283.22,397,235
284.00,398,237
284.79,399,234
285.58,399,235
286.37,399,235
287.16,414,231
287.95,407,234
288.74,403,232
289.56,394,233
290.37,378,235
291.19,382,236
292.01,398,234
292.83,406,234
293.64,425,217
294.46,819,224
295.28,819,223
296.10,834,222
296.91,834,224
297.73,850,227
298.52,866,230
299.32,881,236
300.11,850,235
300.91,756,228
301.70,756,227
302.50,507,210
303.29,772,211
304.09,803,214
304.88,772,211
305.68,788,210
306.47,430,164
307.27,422,210
307.94,418,148
308.73,431,148
309.52,415,210
310.31,429,132
311.10,349,138
311.89,149,161
312.67,161,216
313.46,174,221
314.25,174,222
315.04,174,225
315.83,174,226
316.62,174,229
317.48,161,229
318.27,167,232
319.05,170,231
319.84,159,233
320.63,154,231
321.41,164,232
322.20,169,233
322.98,159,232
323.77,166,229
324.56,170,229
325.34,172,228
326.13,173,228
326.92,173,225
327.72,173,219
328.51,180,215
329.31,164,211
330.10,476,180
330.90,476,190
331.69,476,168
332.49,554,211
333.28,554,227
334.08,554,232
334.87,538,231
335.67,538,232
336.46,554,235
337.30,538,234
338.14,538,235
338.98,538,234
339.82,523,232
340.66,523,232
341.50,523,233
342.34,523,235
343.18,523,234
344.02,523,232
344.86,523,232
345.70,523,234
346.53,523,235
347.26,523,231
348.00,507,220
348.73,386,229
349.46,374,231
350.20,368,233
350.93,365,238
351.67,363,235
352.40,374,233
353.13,380,225
353.87,459,221
354.60,507,232
355.39,523,234
356.18,523,233
356.98,523,228
357.77,538,213
358.57,362,210
359.36,459,219
0.16,400,222
0.95,381,218
1.75,365,161
2.54,309,138
3.34,362,206
4.13,362,190
4.92,523,223
5.70,538,229
6.47,538,233
7.25,538,235
8.03,538,234
8.80,538,236
9.58,554,234
10.35,554,236
11.13,554,232
11.91,554,232
12.68,585,214
13.46,309,223
14.25,302,232
15.02,298,222
15.79,303,215
16.56,569,219
17.33,362,218
18.10,355,215
18.87,345,222
19.64,327,230
20.41,324,221
21.18,309,213
21.95,295,193
22.72,288,211
23.55,285,213
24.34,276,177
25.14,279,216
25.93,267,239
26.73,267,239
27.52,281,232
28.32,288,225
29.11,444,227
29.91,444,235
30.70,437,231
31.50,426,232
32.29,420,234
33.04,417,235
33.81,416,232
34.58,408,233
35.35,404,233
36.12,395,231
36.89,390,235
37.66,376,233
38.43,369,233
39.20,365,235
39.97,363,236
40.74,362,233
41.51,355,232
42.27,345,234
43.06,340,229
43.86,331,232
44.65,326,236
45.44,330,236
46.24,326,237
47.03,330,235
47.83,326,235
48.62,317,236
49.41,319,235
50.21,314,236
51.00,311,235
51.80,303,237
52.61,306,238
53.41,307,235
54.22,301,236
55.02,298,238
55.83,290,237
56.63,292,237
57.44,293,237
58.24,294,236
59.05,294,237
59.85,294,235
60.66,281,236
61.46,281,238
62.22,281,237
62.99,281,235
63.75,281,236
64.51,281,238
65.27,274,239
66.04,278,236
66.80,280,237
67.56,281,238
68.32,274,235
69.09,271,237
69.85,276,238
70.61,272,236
71.40,277,239
72.20,279,235
72.99,280,235
73.78,281,235
74.58,281,234
75.37,281,234
76.17,281,238
76.96,281,240
77.75,274,239
78.55,271,237
79.34,269,235
80.10,268,233
80.88,268,235
81.65,241,231
82.43,227,235
83.21,220,233
83.98,230,234
84.76,229,232
85.53,228,229
86.31,282,233
87.09,268,230
87.86,275,230
88.64,278,234
89.47,280,238
90.25,281,237
91.02,274,236
91.80,271,236
92.58,269,236
93.35,275,237
94.13,265,236
94.90,266,236
95.68,260,238
96.46,257,238
97.23,256,240
98.01,255,234
98.80,255,235
99.59,255,236
100.39,241,235
101.18,234,236
101.98,239,237
102.77,240,236
103.57,243,235
104.36,246,237
105.16,243,237
105.95,246,235
106.75,250,237
107.54,252,239
108.33,260,238
109.15,241,237
109.96,254,240
110.78,261,239
111.59,264,238
112.41,266,240
113.22,280,234
114.04,294,239
114.85,294,232
115.67,308,231
116.48,301,210
117.30,241,93
118.06,254,113
118.86,241,210
119.66,234,221
120.45,231,220
121.25,229,216
122.05,228,212
122.85,228,213
123.65,228,212
124.45,234,210
125.24,237,211
126.04,232,211
126.84,236,212
127.76,232,217
128.55,223,223
129.35,218,224
130.14,216,214
130.93,228,218
131.73,234,234
132.52,231,235
133.32,236,222
134.11,252,214
134.90,267,210
135.70,241,203
136.49,244,197
137.32,246,200
138.12,257,161
138.92,262,122
139.72,265,164
140.52,260,158
141.32,264,151
142.11,266,164
142.91,267,126
143.71,274,197
144.51,241,161
145.31,362,61
146.11,44,48
146.87,142,100
147.67,268,135
148.46,281,145
149.26,288,132
150.06,285,145
150.86,297,135
151.65,296,174
152.45,302,180
153.25,305,164
154.05,307,142
154.84,314,168
155.64,585,212
156.44,585,229
157.25,585,221
158.05,335,220
158.86,328,220
159.66,325,229
160.47,330,235
161.27,326,235
162.08,317,233
162.88,313,235
163.69,311,232
164.49,310,234
165.30,316,236
166.10,325,232
166.90,330,234
167.70,332,235
168.51,334,218
169.31,1489,223
170.11,1474,229
170.91,1489,225
171.71,6321,213
172.51,1505,210
173.32,1489,219
174.12,1505,216
174.92,538,222
175.75,523,227
176.54,523,228
177.33,523,228
178.12,523,223
178.91,507,219
179.70,174,212
180.50,181,222
181.29,177,230
182.08,175,238
182.87,174,227
183.66,174,220
184.45,187,219
185.21,160,226
186.03,139,235
186.85,129,241
187.67,116,242
188.49,102,238
189.31,103,241
190.12,103,238
190.94,103,238
191.76,111,244
192.58,107,242
193.40,113,237
194.22,123,227
195.01,136,228
195.79,155,233
196.56,164,230
197.34,169,238
198.12,171,238
198.89,179,231
199.67,183,226
200.44,205,225
201.22,216,228
202.00,228,229
202.77,234,227
203.55,237,226
204.31,239,223
205.11,240,215
205.90,866,222
206.70,866,226
207.50,897,227
208.30,912,233
209.09,928,240
209.89,554,221
210.69,538,227
211.49,523,231
212.28,523,232
213.08,507,228
213.87,507,231
214.68,507,233
215.48,499,230
216.29,495,231
217.10,493,232
217.90,492,235
218.71,507,233
219.51,499,229
220.32,495,232
221.13,523,234
221.93,507,235
222.74,523,231
223.50,538,231
224.29,538,231
225.09,538,236
225.88,554,233
226.67,538,235
227.47,538,236
228.26,570,234
229.06,585,233
229.85,585,235
230.64,585,233
231.44,585,234
232.23,585,233
233.19,585,236
233.98,601,231
234.77,601,233
235.56,601,236
236.35,601,236
237.14,601,234
237.94,616,238
238.73,616,234
239.52,616,236
240.31,632,233
241.10,632,237
241.89,647,233
242.68,647,237
243.49,647,236
244.29,647,237
245.10,647,237
245.91,647,235
246.71,647,239
247.52,663,236
248.32,647,238
249.13,647,234
249.94,647,238
250.74,647,237
251.55,647,240
252.30,647,238
253.09,647,238
253.89,647,236
254.68,632,235
255.48,647,235
256.27,647,234
257.07,647,236
257.86,647,232
258.66,647,236
259.45,632,239
260.25,616,229
261.04,601,225
261.84,585,226
262.63,570,229
263.42,554,228
264.21,538,230
265.00,538,227
265.79,523,229
266.57,523,230
267.36,523,230
268.15,507,229
268.94,499,229
269.73,487,231
270.52,481,232
271.31,478,235
272.11,468,234
272.92,456,229
273.72,443,233
274.52,429,236
275.32,422,233
276.13,418,235
276.93,416,234
277.73,408,235
278.53,404,235
279.34,395,232
280.14,390,235
280.90,376,234
281.70,388,233
282.50,387,234
283.30,394,235
284.10,397,235
284.90,399,234
285.71,400,235
286.51,407,237
287.31,411,234
288.11,406,234
288.91,396,233
289.71,391,234
290.50,388,234
291.34,394,235
292.18,404,234
293.03,417,228
293.87,803,219
294.71,819,223
295.55,819,223
296.39,835,225
297.23,850,227
298.08,850,228
298.92,881,231
299.76,866,238
300.55,835,233
301.36,757,231
302.16,788,217
302.97,507,174
303.78,788,214
304.58,757,211
305.39,772,211
306.19,445,177
307.00,445,161
307.81,430,142
308.61,415,177
309.42,408,151
310.21,397,180
311.01,379,161
311.80,370,171
312.60,201,212
313.40,187,217
314.20,180,221
314.99,177,226
315.79,175,226
316.59,162,229
317.39,168,230
318.18,158,231
318.98,153,230
319.74,163,230
320.53,156,231
321.32,152,232
322.11,150,231
322.90,162,233
323.69,168,234
324.49,171,228
325.28,172,228
326.07,173,230
326.86,173,225
327.65,173,223
328.44,180,219
329.24,204,211
330.03,202,211
330.81,476,184
331.60,476,210
332.39,476,151
333.18,554,215
333.96,538,229
334.75,538,231
335.54,538,235
336.33,538,233
337.11,538,234
337.90,538,233
338.69,538,234
339.49,538,233
340.28,538,232
341.08,538,233
341.88,538,233
342.68,523,232
343.47,523,235
344.27,523,232
345.07,523,234
345.87,523,231
346.66,523,234
347.46,523,225
348.21,386,223
348.96,374,227
349.70,368,231
350.45,358,235
351.20,353,236
351.95,369,234
352.69,377,232
353.44,381,224
354.19,476,226
354.94,507,233
355.68,523,235
356.43,523,232
357.26,538,224
358.05,554,212
358.84,523,211
359.63,499,222
0.42,401,223
1.21,381,213
2.00,309,142
2.79,74,142
3.58,322,145
4.37,538,193
5.16,523,224
5.95,538,232
6.75,538,234
7.54,538,235
8.33,538,233
9.12,538,234
9.91,554,234
10.70,554,235
11.49,554,236
12.28,554,230
13.07,335,211
13.86,315,226
14.65,305,227
15.44,300,220
16.23,304,215
16.99,585,219
17.76,362,216
18.52,355,216
19.28,345,225
20.05,333,229
20.81,341,219
21.58,282,211
22.34,282,212
23.10,288,212
23.87,285,213
24.63,283,184
25.42,289,223
26.21,272,239
27.01,277,239
27.80,286,231
28.59,290,219
29.39,415,228
30.18,429,232
30.98,429,231
31.77,429,232
32.56,422,234
33.36,418,236
34.15,409,235
34.94,404,232
35.72,402,233
36.49,394,232
37.27,390,235
38.05,376,233
38.83,369,235
39.60,365,231
40.38,363,233
41.16,356,232
41.94,352,236
42.71,343,233
43.49,339,231
44.25,330,230
45.00,332,235
45.74,327,237
46.49,324,237
47.24,323,236
47.99,316,232
48.73,319,236
49.48,320,235
50.23,314,237
50.98,318,235
51.72,313,233
52.47,311,236
53.33,310,238
54.12,309,238
54.91,302,236
55.70,298,239
56.49,296,239
57.28,295,240
58.07,295,237
58.86,295,237
59.65,295,236
60.44,288,235
61.23,285,235
62.02,283,236
62.78,282,236
63.57,282,239
64.37,282,238
65.16,282,238
65.95,282,236
66.75,282,237
67.54,282,238
68.34,282,240
69.13,275,237
69.92,271,239
70.72,269,238
71.51,275,239
72.26,278,235
73.05,280,236
73.85,274,234
74.64,278,231
75.43,280,234
76.23,274,238
77.02,278,237
77.82,266,238
78.61,267,237
79.40,267,236
80.20,261,236
80.99,258,237
81.86,241,233
82.64,227,233
83.41,220,231
84.19,230,233
84.97,229,235
85.74,235,230
86.52,238,235
87.29,242,232
88.07,262,232
88.85,272,234
89.62,277,235
90.40,279,237
91.16,280,234
91.94,274,235
92.71,278,237
93.49,280,236
94.27,274,236
95.04,264,235
95.82,241,239
96.59,244,240
97.37,246,239
98.15,250,238
98.92,241,237
99.70,241,235
100.46,244,235
101.26,246,235
102.05,243,239
102.85,246,237
103.65,250,239
104.44,252,240
105.24,241,235
106.03,241,237
106.83,241,235
107.63,244,239
108.42,256,239
109.22,262,239
110.02,258,236
110.84,263,241
111.66,265,239
112.48,266,238
113.30,280,239
114.12,294,239
114.93,294,231
115.75,308,228
116.57,321,158
117.39,241,74
118.21,241,138
119.03,244,211
119.86,236,217
120.64,232,219
121.43,230,213
122.21,229,212
122.99,235,211
123.78,238,210
124.56,233,211
125.35,230,212
126.13,229,212
126.91,235,213
127.70,224,216
128.48,219,225
129.31,216,222
130.10,222,214
130.90,231,221
131.69,229,233
132.48,228,231
133.27,234,220
134.07,237,216
134.86,241,210
135.65,244,210
136.44,242,193
137.24,245,210
138.03,243,190
138.83,262,151
139.63,265,135
140.43,260,155
141.23,264,158
142.03,273,203
142.83,277,161
143.62,272,210
144.42,270,168
145.22,59,58
146.02,89,45
146.82,295,80
147.62,288,151
148.49,285,158
149.28,290,132
150.07,286,126
150.86,349,138
151.65,329,155
152.44,312,158
153.23,310,142
154.02,316,145
154.81,319,135
155.60,601,217
156.39,585,230
157.18,585,218
157.94,322,222
158.74,322,222
159.53,328,232
160.33,331,229
161.13,326,234
161.92,317,234
162.72,313,234
163.51,311,233
164.31,310,236
165.11,316,234
165.90,325,234
166.70,330,235
167.46,332,233
168.28,340,215
169.11,1473,227
169.93,1489,228
170.75,1505,222
171.57,6321,213
172.40,1505,214
173.22,1489,222
174.04,538,214
174.86,538,227
175.69,538,231
176.51,523,232
177.26,507,224
178.05,523,225
178.84,523,219
179.63,174,216
180.42,161,224
181.21,167,231
182.00,158,237
182.79,166,224
183.58,170,221
184.37,172,218
185.16,145,229
185.95,132,241
186.75,125,242
187.59,114,239
188.42,101,242
189.26,102,240
190.09,95,240
190.93,99,240
191.76,101,245
192.60,110,241
193.43,114,232
194.27,116,226
195.10,152,230
195.94,163,233
196.73,168,230
197.54,158,238
198.34,166,236
199.15,177,230
199.96,202,223
200.76,215,226
201.57,228,227
202.37,234,229
203.18,237,228
203.99,239,225
204.79,240,218
205.60,881,218
206.40,866,223
207.19,881,227
207.98,897,226
208.77,912,237
209.56,928,234
210.35,538,226
211.14,538,228
211.93,523,231
212.72,523,229
213.51,507,228
214.30,507,231
215.09,507,230
215.92,499,232
216.72,495,235
217.52,493,232
218.32,507,234
219.12,507,232
219.92,499,230
220.72,507,235
221.52,507,230
222.32,507,234
223.12,523,233
223.92,523,234
224.72,538,235
225.51,538,235
226.31,538,233
227.10,538,234
227.90,554,234
228.70,569,231
229.49,585,233
230.29,585,237
231.08,585,232
231.88,569,234
232.68,569,233
233.47,585,233
234.27,601,232
235.06,601,233
235.85,601,235
236.64,601,234
237.43,601,233
238.22,616,235
239.01,616,233
239.80,632,232
240.59,647,235
241.38,647,235
242.17,647,234
242.96,647,237
243.75,647,235
244.55,647,236
245.32,663,235
246.10,663,235
246.87,663,237
247.64,647,235
248.42,647,239
249.19,647,236
249.97,647,236
250.74,647,237
251.51,647,240
252.29,647,237
253.06,647,235
253.85,647,235
254.67,647,233
255.50,647,235
256.32,647,235
257.14,647,236
257.96,647,235
258.79,647,238
259.61,632,238
260.43,616,227
261.25,585,226
262.08,585,224
262.90,569,226
263.66,554,229
264.45,538,227
265.25,538,230
266.04,538,231
266.83,523,230
267.62,507,228
268.42,507,230
269.21,499,230
270.00,495,232
270.79,485,236
271.59,480,234
272.38,462,237
273.18,453,231
273.98,441,233
274.79,428,235
275.59,421,232
276.39,418,235
277.19,409,234
278.00,404,232
278.80,395,234
279.60,397,231
280.40,379,235
281.21,382,233
282.01,391,236
282.77,395,235
283.57,397,233
284.36,391,233
285.16,395,232
285.96,397,234
286.75,406,235
287.55,403,232
288.34,401,235
289.14,393,234
289.94,389,232
290.73,387,235
291.53,393,236
292.47,404,232
293.27,416,224
294.06,818,221
294.86,818,223
295.66,834,225
296.45,834,225
297.25,850,226
298.04,865,227
298.84,865,232
299.64,865,238
300.43,834,235
301.23,756,233
302.02,787,216
302.82,491,210
303.62,756,214
304.42,772,213
305.22,772,212
306.02,429,177
306.82,436,197
307.62,425,171
308.42,412,129
309.22,406,174
310.02,410,126
310.82,397,148
311.61,373,180
312.40,214,212
313.20,181,218
313.99,177,219
314.78,175,222
315.58,174,227
316.37,174,229
317.17,161,227
317.96,155,232
318.75,152,230
319.55,150,233
320.34,149,234
321.13,149,231
321.92,149,233
322.71,161,231
323.50,167,230
324.29,170,231
325.08,172,230
325.87,173,227
326.66,173,226
327.45,173,224
328.24,180,217
329.03,197,211
329.82,192,177
330.69,476,197
331.49,476,210
332.28,476,203
333.08,553,218
333.88,553,231
334.67,553,230
335.47,538,231
336.26,538,234
337.06,538,233
337.86,538,232
338.65,538,235
339.45,538,232
340.24,538,232
341.03,538,232
341.83,522,232
342.62,522,229
343.41,522,233
344.20,538,232
345.00,522,233
345.79,522,233
346.58,522,231
347.37,522,227
348.17,385,223
348.96,385,230
349.76,373,232
350.51,367,235
351.26,358,236
352.01,371,236
352.76,366,228
353.51,375,225
354.27,459,224
355.02,507,234
355.77,522,238
356.52,522,232
357.27,522,224
358.02,553,213
358.77,322,212
359.55,476,221
0.34,400,224
1.12,349,213
1.91,328,96
2.69,331,145
3.48,319,158
4.26,522,171
5.05,538,225
5.83,538,232
6.62,538,233
7.40,538,234
8.19,538,234
8.98,538,234
9.77,538,235
10.56,553,234
11.35,553,234
12.14,553,228
12.92,308,211
13.71,308,227
14.50,301,233
15.29,298,222
16.08,303,213
16.87,553,219
17.67,362,219
18.42,355,218
19.16,338,225
19.91,330,229
20.66,332,219
21.41,281,214
22.15,274,211
22.90,277,212
23.65,279,213
24.40,280,155
25.14,280,224
25.89,280,238
26.68,280,237
27.47,287,234
28.27,291,221
29.06,444,228
29.85,444,232
30.65,436,233
31.44,432,233
32.24,423,233
33.03,419,232
33.82,417,232
34.62,408,229
35.41,404,235
36.20,394,234
36.99,389,235
37.78,387,233
38.57,374,232
39.36,368,234
40.15,358,235
40.94,353,235
41.73,351,234
42.52,343,231
43.31,339,229
44.10,330,231
44.89,326,238
45.68,324,237
46.47,323,235
47.26,322,234
48.05,322,235
48.84,322,234
49.63,322,237
50.43,315,237
51.22,311,235
52.01,309,233
52.80,308,237
53.59,308,238
54.38,294,235
55.17,294,237
55.96,294,241
56.76,294,238
57.55,294,234
58.34,294,238
59.13,294,238
59.93,287,237
60.72,284,237
61.51,282,236
62.30,281,237
63.10,281,239
63.89,281,237
64.68,274,236
65.45,277,238
66.23,279,239
67.00,280,239
67.78,280,237
68.55,280,239
69.33,274,241
70.10,277,240
70.88,279,236
71.65,280,238
72.43,280,236
73.20,280,236
74.03,280,235
74.80,280,232
75.58,280,236
76.35,280,240
77.12,274,237
77.90,271,238
78.67,269,238
79.45,261,235
80.22,264,237
80.99,259,235
81.77,228,232
82.54,221,235
83.37,224,230
84.17,232,230
84.96,236,233
85.76,238,231
86.56,242,233
87.35,261,231
88.15,271,230
88.94,276,232
89.74,278,234
90.54,279,236
91.33,280,236
92.13,280,235
92.88,274,238
93.67,277,236
94.46,272,236
95.25,263,234
96.04,258,240
96.83,256,240
97.63,241,237
98.42,234,235
99.21,239,235
100.00,240,234
100.79,240,234
101.58,234,238
102.37,237,235
103.16,241,237
103.96,241,238
104.75,254,238
105.54,254,237
106.33,254,237
107.13,241,236
107.92,244,236
108.71,246,237
109.50,257,239
110.30,255,238
111.09,261,239
111.85,257,235
112.65,269,235
113.44,288,238
114.24,291,239
115.04,299,232
115.83,317,223
116.63,385,119
117.42,295,84
118.22,228,138
119.02,228,214
119.81,234,220
120.61,231,218
121.37,236,212
122.20,240,212
123.04,240,210
123.87,234,210
124.70,237,212
125.53,239,212
126.37,240,212
127.20,240,213
128.03,234,219
128.86,224,227
129.70,219,219
130.53,223,212
131.29,232,225
132.08,236,233
132.88,232,230
133.67,236,220
134.46,240,213
135.25,243,210
136.05,245,203
136.84,247,193
137.63,257,200
138.42,262,171
139.22,265,164
140.01,266,180
140.84,273,193
141.62,270,164
142.39,275,184
143.17,278,164
143.95,279,132
144.73,280,129
145.50,294,58
146.28,119,71
147.06,308,116
147.84,301,129
148.61,298,155
149.39,303,148
150.18,299,138
151.01,303,171
151.85,305,177
152.68,306,161
153.51,307,168
154.34,307,142
155.18,307,158
156.01,585,221
156.84,585,228
157.67,335,219
158.51,328,223
159.34,331,224
160.17,333,234
160.96,334,231
161.75,328,235
162.54,318,237
163.33,313,235
164.12,304,234
164.91,306,237
165.70,314,231
166.49,324,235
167.28,329,233
168.07,332,228
168.86,1489,217
169.65,1489,227
170.46,1489,230
171.26,1504,213
172.07,6305,210
172.88,1489,217
173.68,1489,221
174.49,538,220
175.29,538,227
176.10,538,230
176.91,522,227
177.71,507,225
178.52,522,222
179.28,522,214
180.10,174,219
180.91,174,224
181.73,174,234
182.55,174,231
183.36,174,222
184.18,180,221
184.99,177,219
185.81,155,232
186.63,137,240
187.44,120,244
188.26,112,240
189.09,93,238
189.88,98,243
190.68,86,238
191.47,95,244
192.26,99,244
193.05,109,237
193.85,114,229
194.64,124,226
195.43,149,233
196.22,161,234
197.02,167,233
197.81,170,239
198.60,172,236
199.40,179,229
200.21,203,222
201.01,215,226
201.81,228,230
202.62,234,230
203.42,237,227
204.23,239,223
205.03,240,217
205.83,881,217
206.64,881,227
207.44,881,229
208.23,896,228
209.02,912,242
209.82,943,224
210.61,538,225
211.40,522,227
212.20,522,232
212.99,522,229
213.79,507,231
214.58,507,232
215.37,507,233
216.17,499,232
216.96,495,233
217.76,493,231
218.55,507,235
219.34,507,230
220.13,491,230
220.92,507,232
221.71,499,231
222.49,507,235
223.28,522,232
224.07,538,232
224.86,538,236
225.65,538,234
226.44,538,235
227.23,538,235
228.02,553,232
228.81,569,231
229.60,585,233
230.39,585,236
231.18,585,234
231.98,569,233
232.77,569,233
233.56,585,233
234.35,600,232
235.14,585,234
235.93,600,236
236.72,616,235
237.52,585,236
238.31,616,234
239.11,616,233
239.91,631,232
240.70,631,236
241.50,647,232
242.29,647,231
243.09,647,237
243.89,647,236
244.68,647,238
245.48,663,236
246.23,647,237
247.01,663,236
247.78,647,237
248.56,647,236
249.34,647,236
250.12,647,238
250.89,647,238
251.67,647,238
252.45,647,238
253.23,647,235
254.00,647,237
254.78,647,231
255.61,647,233
256.40,647,236
257.18,647,234
257.97,647,235
258.76,647,234
259.55,631,238
260.33,616,229
261.12,600,228
261.91,585,227
262.70,569,229
263.48,553,228
264.27,538,229
265.06,538,229
265.85,522,230
266.65,522,230
267.44,507,231
268.23,507,231
269.02,499,231
269.82,495,234
270.61,485,234
271.40,480,235
272.19,462,232
272.99,453,231
273.78,441,232
274.58,428,236
275.40,421,235
276.21,418,235
277.03,409,233
277.85,404,234
278.66,402,231
279.48,393,232
280.29,396,233
281.11,398,232
281.93,391,235
282.74,388,233
283.56,394,233
284.42,397,233
285.21,398,235
285.99,399,236
286.78,407,235
287.57,411,232
288.36,405,233
289.14,395,234
289.93,390,235
290.72,387,234
291.51,393,234
292.29,404,233
293.08,416,230
293.87,803,219
294.67,818,221
295.46,818,222
296.26,834,224
297.06,834,227
297.85,850,228
298.65,865,230
299.44,881,235
300.24,834,237
301.04,756,231
301.83,772,221
302.63,507,210
303.39,772,214
304.19,756,214
305.00,772,211
305.80,772,193
306.60,444,203
307.40,429,197
308.21,429,148
309.01,407,148
309.81,396,197
310.61,398,197
311.42,373,135
312.22,187,210
313.02,187,215
313.81,180,219
314.60,177,222
315.39,182,223
316.18,178,227
316.97,163,228
317.75,156,232
318.54,165,231
319.33,157,232
320.12,153,232
320.91,151,234
321.70,150,234
322.50,149,232
323.30,161,231
324.09,167,233
324.89,170,230
325.68,159,229
326.48,154,226
327.27,164,222
328.07,169,218
328.86,171,214
329.66,172,184
330.45,444,174
331.25,451,193
332.05,463,180
332.90,569,213
333.74,553,227
334.59,553,231
335.44,553,230
336.28,538,231
337.13,538,231
337.97,538,232
338.82,538,232
339.67,538,234
340.51,538,233
341.36,522,235
342.16,522,231
342.95,522,233
343.74,522,235
344.53,522,232
345.32,522,232
346.11,522,233
346.90,522,233
347.69,522,233
348.48,385,221
349.27,373,226
350.06,367,230
350.85,364,233
351.64,363,239
352.33,374,240
353.02,379,230
353.72,382,224
354.41,459,222
355.10,475,233
355.79,522,235
356.48,507,235
357.17,522,227
357.87,538,213
358.56,322,211
359.25,476,221
0.04,385,223
0.86,373,217
1.69,430,155
2.51,44,129
3.33,282,164
4.15,554,184
4.98,538,226
5.80,538,229
6.62,538,235
7.44,538,235
8.27,538,235
9.09,554,233
9.88,538,234
10.67,538,234
11.45,554,234
12.24,554,231
13.03,335,212
13.82,322,225
14.60,308,228
15.39,301,221
16.18,305,215
16.97,300,215
17.75,324,221
18.54,329,217
19.37,325,221
20.13,323,232
20.90,322,219
21.66,315,216
22.42,298,210
23.19,290,212
23.95,286,214
24.72,284,184
25.48,283,223
26.24,275,237
27.01,278,238
27.77,286,231
28.56,297,220
29.36,415,226
30.15,415,232
30.95,422,233
31.75,418,236
32.55,416,234
33.34,408,234
34.14,404,234
34.94,402,235
35.74,401,235
36.53,393,236
37.33,389,235
37.90,375,233
38.69,368,231
39.49,365,232
40.28,363,233
41.07,362,234
41.87,355,236
42.66,345,230
43.46,340,231
44.25,331,233
45.04,326,234
45.84,317,236
46.63,313,237
47.46,317,235
48.23,319,236
49.00,320,233
49.77,321,233
50.54,308,237
51.31,308,236
52.08,308,237
52.85,308,235
53.62,308,240
54.39,308,238
55.16,301,238
55.93,291,236
56.76,293,236
57.55,294,238
58.35,294,237
59.14,294,238
59.93,294,235
60.73,288,235
61.52,285,238
62.32,283,240
63.11,282,236
63.90,282,238
64.70,282,236
65.49,275,238
66.28,278,235
67.10,280,238
67.91,281,236
68.73,281,237
69.55,274,237
70.36,271,238
71.18,276,239
71.99,272,237
72.81,277,235
73.63,279,238
74.44,280,236
75.26,281,231
76.09,281,236
76.88,281,238
77.66,274,236
78.45,271,237
79.24,269,235
80.02,268,237
80.81,268,234
81.59,241,233
82.38,227,233
83.17,220,232
83.95,230,230
84.74,229,233
85.50,228,229
86.30,234,235
87.09,239,232
87.89,260,233
88.69,271,235
89.48,276,233
90.28,279,236
91.07,267,234
91.87,267,236
92.67,274,235
93.46,271,235
94.26,276,236
95.02,272,238
95.82,263,237
96.61,259,237
97.41,257,238
98.21,241,236
99.00,244,236
99.80,242,234
100.59,241,235
101.39,234,235
102.19,237,236
102.98,239,240
103.78,243,238
104.54,246,238
105.32,250,238
106.09,252,239
106.87,253,240
107.65,254,241
108.42,261,236
109.20,258,240
109.97,263,239
110.75,265,238
111.53,266,241
112.30,267,238
113.08,274,236
113.84,284,240
114.64,296,235
115.43,309,230
116.23,329,122
117.03,268,122
117.82,241,106
118.62,241,210
119.41,241,219
120.21,234,221
121.01,231,214
121.80,236,211
122.60,225,211
123.36,233,210
124.18,237,212
125.00,232,211
125.82,236,211
126.64,238,214
127.46,233,218
128.27,230,223
129.09,222,223
129.91,231,214
130.73,236,219
131.55,232,233
132.37,230,232
133.17,235,222
133.96,240,215
134.76,254,211
135.55,241,187
136.34,254,203
137.14,261,187
137.93,264,200
138.73,273,151
139.52,270,187
140.31,276,148
141.11,265,206
141.90,266,126
142.83,267,187
143.62,281,158
144.42,281,135
145.21,59,74
146.00,74,77
146.80,74,71
147.59,295,142
148.39,295,174
149.18,295,210
149.97,288,164
150.77,298,164
151.56,349,171
152.35,295,158
153.16,302,151
153.96,312,197
154.77,317,164
155.58,601,213
156.38,585,228
157.19,585,219
157.99,335,229
158.80,328,223
159.61,331,229
160.41,333,228
161.22,327,233
161.98,324,236
162.77,316,233
163.57,312,235
164.36,310,236
165.15,316,235
165.94,325,233
166.74,330,233
167.53,332,232
168.32,340,221
169.11,1489,223
169.91,1473,229
170.70,1489,227
171.53,6336,213
172.33,1505,210
173.13,1489,222
173.93,1489,216
174.73,538,225
175.53,538,227
176.33,523,231
177.13,523,227
177.93,507,223
178.73,523,222
179.53,268,212
180.33,174,222
181.12,174,229
181.93,174,235
182.74,174,229
183.55,174,220
184.36,181,221
185.17,165,218
185.98,142,236
186.79,130,239
187.60,117,243
188.41,103,239
189.22,103,238
190.03,103,242
190.79,96,241
191.58,107,242
192.38,113,244
193.17,116,238
193.96,125,225
194.75,156,226
195.55,152,233
196.34,163,232
197.13,168,235
197.92,158,236
198.72,166,234
199.51,177,225
200.31,209,223
201.10,225,227
201.89,233,227
202.68,230,229
203.47,235,227
204.26,238,226
205.05,239,218
205.84,881,221
206.63,866,226
207.42,881,227
208.21,912,228
209.00,912,239
209.79,928,220
210.58,538,227
211.38,538,227
212.17,523,230
212.96,523,230
213.75,507,231
214.55,507,231
215.34,499,232
216.13,495,232
216.92,493,233
217.72,492,234
218.51,491,235
219.27,507,232
220.06,499,231
220.86,495,232
221.65,507,229
222.44,523,232
223.24,523,234
224.03,538,233
224.83,538,235
225.62,538,236
226.41,538,232
227.21,538,232
228.00,554,232
228.83,569,233
229.62,585,236
230.40,585,232
231.19,585,231
231.98,569,233
232.76,585,237
233.55,585,233
234.33,585,232
235.12,601,234
235.91,601,235
236.69,616,238
237.48,601,235
238.27,616,234
239.06,616,236
239.86,632,232
240.65,632,235
241.44,647,236
242.24,647,233
243.03,647,232
243.83,647,235
244.62,647,237
245.41,663,236
246.21,663,236
247.00,663,236
247.76,647,238
248.56,647,236
249.35,647,235
250.15,647,237
250.95,647,237
251.74,647,234
252.54,647,237
253.33,647,238
254.13,647,237
254.93,647,234
255.72,647,235
256.52,632,235
257.31,647,235
258.10,632,233
258.89,632,236
259.68,632,240
260.47,616,227
261.26,601,225
262.05,570,225
262.84,570,228
263.63,554,229
264.42,554,228
265.21,538,231
266.00,523,230
266.83,523,232
267.62,507,231
268.41,507,232
269.20,499,231
269.99,495,231
270.78,485,233
271.57,480,235
272.36,462,231
273.15,446,233
273.94,438,232
274.73,426,234
275.52,420,234
276.32,417,234
277.12,416,234
277.93,408,234
278.73,404,234
279.53,395,233
280.33,390,233
281.14,395,233
281.94,397,235
282.74,398,235
283.54,392,234
284.35,396,233
285.15,391,234
285.94,395,235
286.76,405,236
287.57,410,233
288.39,405,234
289.21,395,234
290.02,390,234
290.84,388,235
291.65,394,233
292.47,397,233
293.29,413,228
294.10,803,218
294.92,819,224
295.75,819,225
296.54,834,226
297.33,850,226
298.12,850,227
298.91,866,230
299.70,866,235
300.49,850,237
301.28,756,232
302.07,772,219
302.86,507,210
303.65,772,214
304.44,788,212
305.24,772,212
306.03,444,164
306.82,444,174
307.61,429,180
308.40,414,197
309.19,407,168
309.97,396,129
310.76,398,158
311.55,201,161
312.34,194,211
313.13,184,217
313.92,179,221
314.72,176,223
315.51,175,226
316.30,174,227
317.09,174,227
317.88,174,229
318.67,161,229
319.46,167,230
320.25,158,233
321.04,166,233
321.83,170,232
322.62,172,232
323.41,160,232
324.24,154,230
325.03,164,231
325.83,169,228
326.62,171,223
327.41,172,223
328.21,180,218
329.00,204,211
329.80,189,180
330.59,476,193
331.38,476,164
332.18,467,161
332.97,569,219
333.76,554,228
334.58,554,232
335.40,538,231
336.21,538,230
337.03,538,230
337.85,538,233
338.67,538,233
339.49,538,233
340.31,523,234
341.12,523,233
341.94,538,234
342.76,523,234
343.52,523,235
344.31,523,232
345.11,523,232
345.90,523,232
346.69,523,235
347.48,523,226
348.28,386,221
349.07,374,229
349.86,368,231
350.65,365,237
351.45,363,238
352.24,374,235
352.76,380,229
353.55,383,225
354.34,476,226
355.13,483,232
355.92,523,233
356.71,523,233
357.49,538,223
358.28,554,211
359.07,507,212
359.86,483,223
0.65,400,223
1.44,349,213
2.19,349,145
2.96,335,155
3.73,335,145
4.49,554,211
5.26,523,227
6.03,538,231
6.80,538,232
7.57,538,236
8.34,538,231
9.10,538,235
9.87,538,233
10.64,554,236
11.39,554,232
12.19,569,223
12.98,335,213
13.78,322,228
14.58,308,226
15.37,308,219
16.17,308,215
16.96,362,216
17.76,355,220
18.56,352,218
19.35,337,229
20.15,329,232
20.94,332,218
21.71,313,213
22.49,297,211
23.26,309,211
24.03,295,211
24.81,288,197
25.58,285,229
26.36,276,239
27.13,279,238
27.90,287,228
28.68,291,219
29.45,444,229
30.25,444,231
31.04,437,233
31.83,426,231
32.62,420,235
33.41,417,234
34.20,408,233
34.99,404,232
35.78,402,233
36.57,394,234
37.36,390,234
38.15,388,234
38.94,375,232
39.70,368,235
40.50,358,233
41.29,353,235
42.09,351,231
42.88,343,230
43.68,339,231
44.47,337,233
45.27,336,235
46.06,322,234
46.86,322,235
47.65,322,234
48.45,322,234
49.25,322,234
50.01,322,236
50.78,315,236
51.54,312,233
52.30,310,234
53.07,302,235
53.83,305,235
54.60,300,235
55.36,297,239
56.12,296,236
56.89,295,238
57.65,295,238
58.41,288,233
59.20,291,237
60.00,293,235
60.79,280,235
61.58,281,236
62.37,281,235
63.17,281,239
63.96,281,236
64.75,281,238
65.54,274,237
66.34,278,238
67.13,280,238
67.65,274,237
68.45,278,237
69.24,273,237
70.04,277,234
70.83,279,237
71.63,280,238
72.42,281,240
73.22,274,235
74.01,278,235
74.81,273,229
75.60,277,234
76.40,272,234
77.16,270,238
77.98,269,238
78.79,268,237
79.61,261,237
80.43,264,236
81.24,228,236
82.06,228,233
82.87,221,235
83.69,224,227
84.51,232,233
85.32,230,229
86.14,282,232
86.93,282,235
87.72,282,233
88.51,282,232
89.30,282,235
90.09,282,233
90.88,282,236
91.66,282,237
92.45,282,238
93.24,275,237
94.03,271,235
94.82,263,238
95.61,259,237
96.44,257,239
97.22,256,240
98.00,255,238
98.77,255,235
99.55,255,238
100.33,228,236
101.11,228,235
101.89,234,238
102.67,237,238
103.44,239,237
104.22,240,237
105.00,243,238
105.75,246,237
106.57,250,239
107.38,259,236
108.20,257,238
109.02,256,240
109.84,241,238
110.65,254,240
111.47,261,238
112.29,264,237
113.11,273,238
113.92,284,237
114.74,289,234
115.60,292,231
116.39,313,211
117.17,241,106
117.96,234,100
118.75,237,206
119.53,232,217
120.32,230,221
121.10,235,216
121.89,238,213
122.68,239,212
123.46,240,210
124.25,240,211
125.04,240,211
125.85,234,212
126.66,231,212
127.47,229,216
128.28,221,225
129.09,217,224
129.90,222,215
130.71,231,219
131.52,236,233
132.33,232,234
133.14,236,222
133.95,252,214
134.74,260,203
135.55,257,184
136.37,262,210
137.18,258,193
137.99,256,187
138.81,269,126
139.62,268,190
140.44,268,155
141.25,268,180
142.06,268,168
142.88,275,200
143.69,271,145
144.56,283,155
145.35,104,71
146.14,104,61
146.93,349,90
147.72,282,138
148.51,282,158
149.29,282,138
150.08,288,132
150.87,291,135
151.66,300,161
152.45,304,177
153.24,362,168
153.99,348,126
154.78,335,161
155.58,585,212
156.37,585,230
157.17,585,221
157.96,335,221
158.76,328,222
159.55,331,231
160.35,333,233
161.14,327,234
161.94,318,237
162.73,313,233
163.52,304,234
164.36,299,235
165.19,310,234
166.03,316,234
166.87,325,236
167.70,330,232
168.54,339,217
169.37,1489,225
170.21,1489,229
171.05,1489,224
171.88,6321,214
172.72,1489,213
173.48,1489,222
174.27,1505,215
175.06,523,226
175.86,538,231
176.65,523,233
177.44,507,227
178.23,523,222
179.02,523,219
179.81,174,214
180.61,181,226
181.40,177,229
182.19,175,235
182.98,174,228
183.77,181,221
184.56,197,219
185.35,185,226
186.14,152,239
186.93,135,244
187.73,119,241
188.52,104,241
189.31,104,240
190.10,111,241
190.89,100,241
191.68,102,242
192.47,110,242
193.27,122,236
194.06,128,228
194.86,151,229
195.66,162,234
196.45,168,232
197.25,171,235
198.04,172,237
198.84,173,232
199.64,173,226
200.43,207,224
201.23,217,227
201.98,222,231
202.78,231,227
203.59,236,226
204.39,238,221
205.19,881,214
206.00,881,219
206.80,881,230
207.61,881,228
208.41,912,232
209.21,928,242
210.02,554,220
210.82,538,226
211.65,538,229
212.41,523,229
213.17,507,230
213.93,507,231
214.69,507,232
215.45,499,229
216.22,495,230
216.98,493,233
217.74,492,234
218.50,507,234
219.26,499,230
220.02,495,228
220.82,507,236
221.61,507,229
222.40,523,234
223.20,538,231
223.99,538,233
224.78,538,232
225.57,538,235
226.36,538,233
227.15,538,235
227.95,554,230
228.74,569,232
229.53,585,233
230.33,585,234
231.14,569,235
231.94,569,234
232.75,585,236
233.56,601,235
234.36,601,232
235.17,601,236
235.97,601,237
236.78,601,234
237.59,601,238
238.39,601,234
239.20,616,231
240.00,632,234
240.77,647,237
241.55,647,233
242.32,647,232
243.09,647,234
243.87,647,236
244.64,647,234
245.42,663,235
246.19,663,237
246.96,663,236
247.74,647,235
248.51,647,236
249.30,647,236
250.09,647,238
250.89,647,236
251.68,647,236
252.47,647,237
253.26,647,236
254.06,647,237
254.85,647,233
255.64,647,235
256.43,632,236
257.23,647,233
258.02,647,234
258.81,647,235
259.61,632,235
260.40,616,227
261.20,585,226
262.00,569,227
262.80,569,228
263.59,554,228
264.39,554,230
265.19,538,230
265.99,523,227
266.78,523,231
267.58,507,232
268.34,507,234
269.13,499,231
269.93,487,233
270.72,481,231
271.51,470,234
272.30,457,231
273.10,450,232
273.89,440,233
274.68,427,232
275.47,421,235
276.27,410,234
277.06,405,235
277.94,402,234
278.74,394,231
279.53,397,231
280.33,391,234
281.12,395,233
281.92,390,234
282.71,388,234
283.51,394,232
284.30,397,234
285.10,398,234
285.89,399,236
286.69,407,234
287.48,403,232
288.30,401,234
289.13,393,233
289.95,389,236
290.77,387,233
291.60,393,235
292.42,404,234
293.25,417,227
294.07,803,217
294.89,819,225
295.72,834,225
296.54,834,223
297.29,850,228
298.08,850,228
298.88,881,232
299.67,866,235
300.46,850,236
301.25,756,234
302.05,772,217
302.84,507,210
303.63,788,212
304.42,803,211
305.22,803,210
306.01,772,148
306.84,459,148
307.61,437,155
308.38,386,126
309.15,393,142
309.92,396,171
310.69,379,148
311.47,174,138
312.24,181,213
313.01,177,217
313.78,175,220
314.55,162,221
315.32,168,229
316.08,171,230
316.88,172,232
317.67,173,230
318.47,173,232
319.26,161,233
320.06,167,232
320.85,170,231
321.65,159,232
322.44,154,232
323.24,164,232
324.03,156,229
324.83,165,232
325.62,169,229
326.41,159,227
327.21,166,223
328.00,170,217
328.79,172,213
329.58,186,190
330.38,476,177
331.17,476,151
331.96,476,177
332.75,569,215
333.55,554,229
334.34,554,232
335.17,554,233
336.01,538,237
336.86,538,231
337.70,538,234
338.55,538,233
339.39,538,232
340.24,538,231
341.08,538,232
341.93,523,232
342.77,523,234
343.62,523,235
344.46,523,235
345.26,523,234
345.98,523,232
346.69,523,235
347.41,523,228
348.13,386,222
348.85,386,228
349.56,374,234
350.28,361,236
351.00,355,238
351.72,370,233
352.43,366,230
353.15,364,223
353.95,459,227
354.74,507,230
355.54,523,235
356.33,523,234
357.12,523,222
357.91,554,211
358.71,322,212
359.50,445,221
0.29,423,224
1.08,362,212
1.88,349,122
2.67,335,126
3.47,335,168
4.27,570,210
5.08,538,228
5.88,538,230
6.68,538,232
7.48,538,235
8.29,538,235
9.09,538,235
9.89,554,233
10.69,554,232
11.50,554,231
12.30,570,224
13.09,336,213
13.88,322,227
14.68,308,229
15.47,301,219
16.26,305,215
17.06,585,219
17.85,349,217
18.65,342,219
19.44,339,229
20.23,330,227
21.03,333,218
21.82,282,212
22.40,282,211
23.18,282,211
23.97,282,213
24.75,275,180
25.53,285,230
26.31,241,238
27.10,261,235
27.88,278,228
28.66,415,220
29.44,430,228
30.23,437,231
31.01,433,234
31.84,424,231
32.62,419,235
33.41,417,236
34.19,409,234
34.97,405,233
35.76,403,232
36.54,394,234
37.33,390,233
38.11,376,232
38.89,369,231
39.68,365,235
40.46,357,234
41.29,346,233
42.08,347,232
42.88,341,232
43.67,338,232
44.46,330,236
45.26,333,232
46.05,321,236
46.85,321,234
47.64,321,234
48.43,321,236
49.23,321,235
50.02,315,235
50.81,312,235
51.60,310,237
52.40,302,236
53.19,305,237
53.98,307,236
54.77,308,235
55.57,301,237
56.36,298,235
57.15,296,235
57.94,295,236
58.74,295,241
59.53,295,238
60.33,288,236
61.13,285,236
61.93,283,236
62.73,282,236
63.53,282,236
64.33,282,237
65.13,282,237
65.93,282,237
66.73,282,240
67.53,282,238
68.33,275,237
69.13,278,238
69.99,280,238
70.78,281,235
71.57,281,238
72.36,281,237
73.15,281,240
73.94,281,235
74.73,281,234
75.52,281,229
76.31,274,234
77.10,271,237
77.89,276,238
78.68,265,237
79.44,266,238
80.21,267,237
80.97,261,233
81.74,241,233
82.51,228,232
83.28,221,234
84.04,231,231
84.81,229,235
85.58,228,232
86.35,228,232
87.11,238,230
87.88,253,232
88.63,267,234
89.42,274,236
90.22,278,237
91.01,280,234
91.80,274,236
92.60,278,237
93.39,273,236
94.19,270,237
94.98,269,238
95.77,262,239
96.57,258,238
97.36,256,240
98.12,241,237
98.92,241,236
99.71,244,236
100.51,236,236
101.31,238,237
102.10,233,237
102.90,237,236
103.69,241,237
104.49,254,236
105.29,254,238
106.08,254,239
106.88,254,236
107.64,254,238
108.44,261,239
109.23,264,240
110.03,266,239
110.83,267,238
111.62,267,239
112.42,267,239
113.21,274,238
114.01,284,241
114.81,289,232
115.60,299,231
116.40,317,210
117.15,292,84
117.94,215,119
118.74,221,211
119.53,224,220
120.32,226,224
121.12,227,216
121.91,227,213
122.71,234,211
123.50,231,210
124.29,236,210
125.09,232,211
125.88,230,211
126.67,239,212
127.50,240,216
128.34,227,223
129.17,221,222
130.00,224,214
130.83,232,221
131.67,236,234
132.50,238,233
133.33,239,222
134.16,243,216
135.00,242,211
135.83,241,210
136.59,244,174
137.38,263,177
138.17,259,158
138.96,263,158
139.75,265,161
140.54,266,171
141.33,274,161
142.12,271,177
142.91,269,148
143.70,268,174
144.49,275,151
145.28,119,71
146.07,81,42
146.87,161,67
147.66,309,177
148.46,302,148
149.26,292,161
150.06,300,168
150.85,297,151
151.65,309,168
152.45,309,180
153.25,309,168
154.04,309,151
154.84,309,119
155.63,616,211
156.42,585,229
157.21,585,221
158.00,336,225
158.79,329,222
159.58,332,231
160.37,327,230
161.16,324,232
161.95,323,235
162.74,316,234
163.53,312,232
164.32,310,234
165.11,316,235
165.93,326,235
166.74,331,236
167.56,333,235
168.38,341,220
169.19,1489,220
170.01,1474,230
170.82,1489,227
171.64,6336,212
172.46,1489,193
173.27,1489,219
174.09,1489,218
174.88,538,226
175.68,538,229
176.47,538,230
177.27,523,225
178.07,523,226
178.87,523,221
179.66,538,212
180.46,174,223
181.26,174,229
182.06,174,238
182.85,174,229
183.65,174,224
184.40,181,217
185.19,165,222
185.97,149,235
186.76,134,241
187.55,119,242
188.34,104,240
189.12,104,242
189.91,104,242
190.70,89,240
191.49,104,242
192.27,104,243
193.06,111,239
193.85,115,228
194.64,124,226
195.44,149,232
196.23,161,233
197.02,167,231
197.82,170,241
198.61,172,234
199.41,180,228
200.20,204,225
200.99,216,226
201.79,228,232
202.58,228,227
203.33,234,228
204.13,237,225
204.93,239,218
205.73,881,218
206.53,881,225
207.33,881,229
208.13,897,227
208.93,912,238
209.73,928,226
210.53,538,225
211.33,538,228
212.13,523,232
212.89,523,227
213.68,507,231
214.47,507,229
215.26,499,229
216.05,495,233
216.84,493,233
217.63,492,232
218.42,507,231
219.21,507,233
220.00,491,229
220.79,507,234
221.58,507,233
222.41,507,237
223.20,523,232
223.99,538,234
224.78,538,232
225.57,554,235
226.36,538,234
227.15,538,234
227.94,538,233
228.73,554,232
229.52,585,236
230.31,585,235
231.10,585,234
231.89,570,233
232.66,570,232
233.42,601,232
234.19,601,232
234.96,601,235
235.73,601,236
236.49,616,233
237.26,585,235
238.03,616,235
238.80,616,235
239.56,632,236
240.33,632,236
241.09,647,235
241.90,647,232
242.70,647,235
243.51,647,234
244.32,647,238
245.12,663,238
245.93,663,236
246.73,663,235
247.54,647,238
248.35,647,236
249.15,647,237
249.96,647,238
250.78,647,238
251.57,647,238
252.36,647,237
253.15,647,236
253.94,647,236
254.73,632,236
255.53,647,234
256.32,647,235
257.11,647,235
257.90,647,235
258.69,647,232
259.48,632,235
260.27,616,230
261.09,601,228
261.91,585,226
262.73,570,227
263.55,554,227
264.37,554,228
265.18,538,230
266.00,538,229
266.82,523,230
267.64,507,229
268.46,507,231
269.28,499,229
270.04,495,232
270.83,485,232
271.61,472,233
272.40,458,233
273.19,451,233
273.97,440,232
274.76,427,234
275.54,421,234
276.33,418,232
277.12,409,235
277.90,405,233
278.69,403,234
279.56,402,233
280.35,401,234
281.14,401,233
281.93,401,234
282.72,401,234
283.51,401,234
284.30,401,233
285.09,401,234
285.88,401,236
286.67,408,234
287.46,411,233
288.25,406,233
289.04,396,234
289.86,391,235
290.68,388,234
291.50,394,234
292.32,404,232
293.14,417,227
293.96,819,220
294.78,819,223
295.60,835,223
296.42,835,226
297.24,850,226
298.06,866,227
298.85,866,230
299.67,881,236
300.49,835,232
301.31,757,231
302.13,788,217
302.95,523,211
303.76,772,214
304.58,757,210
305.40,772,210
306.22,445,206
307.04,437,171
307.86,433,161
308.62,424,184
309.41,412,200
310.20,399,148
310.99,400,171
311.78,309,142
312.57,149,212
313.36,161,219
314.15,167,223
314.94,158,224
315.73,166,226
316.52,170,228
317.31,159,231
318.10,166,230
318.90,170,231
319.69,159,234
320.49,166,231
321.29,170,234
322.09,172,232
322.88,173,231
323.68,173,229
324.48,173,231
325.28,173,228
326.07,173,226
326.87,180,224
327.66,177,221
328.45,182,216
329.25,185,211
330.04,179,171
330.83,476,174
331.63,476,158
332.42,476,171
333.22,554,223
334.01,554,229
334.80,538,231
335.60,538,233
336.39,538,232
337.72,538,233
338.51,538,234
339.31,538,232
340.10,538,233
340.89,538,233
341.69,523,233
342.48,523,232
343.28,523,234
344.07,523,230
344.86,523,233
345.66,523,235
346.45,523,232
347.28,507,233
347.98,507,225
348.69,386,226
349.39,386,229
350.10,374,236
350.80,368,238
351.51,365,236
352.21,375,233
352.92,380,228
353.62,383,221
354.33,476,226
355.03,523,232
355.82,523,235
356.61,523,232
357.41,523,217
358.20,322,210
358.99,476,217
359.79,460,226
0.58,362,219
1.38,342,190
2.17,332,151
2.96,327,168
3.76,324,177
4.55,554,219
5.35,538,232
6.14,538,231
6.92,538,236
7.71,538,230
8.50,538,237
9.28,554,237
10.07,554,235
10.85,554,233
11.64,554,235
12.43,585,215
13.21,309,220
14.00,302,230
14.86,298,224
15.68,303,215
16.49,554,218
17.31,523,217
18.13,349,218
18.94,349,220
19.76,335,230
20.57,328,222
21.39,325,212
22.21,303,210
23.02,292,214
23.84,287,213
24.63,291,210
25.42,286,215
26.22,284,239
27.01,276,238
27.80,285,231
28.60,290,227
29.39,400,224
30.19,422,231
30.98,426,234
31.77,420,235
32.57,417,234
33.36,416,233
34.16,415,234
34.93,407,234
35.71,403,232
36.48,401,235
37.25,381,234
38.02,383,233
38.80,372,231
39.57,367,235
40.34,364,232
41.11,363,233
41.89,356,235
42.66,345,231
43.46,340,230
44.25,331,232
45.05,333,235
45.84,327,234
46.63,324,237
47.43,323,234
48.22,322,234
49.02,322,235
49.81,322,235
50.60,322,234
51.40,315,237
52.19,312,237
52.90,310,236
53.70,309,236
54.49,309,236
55.29,302,234
56.09,298,237
56.89,296,239
57.68,295,237
58.48,295,236
59.28,295,237
60.08,295,239
60.87,288,234
61.67,285,234
62.43,283,238
63.20,282,235
63.97,282,237
64.74,275,234
65.51,271,238
66.28,276,238
67.04,279,237
67.81,280,238
68.58,281,240
69.35,281,241
70.12,274,242
70.89,278,235
71.65,280,238
72.44,281,236
73.23,281,237
74.02,281,235
74.81,281,229
75.60,281,234
76.40,274,237
77.19,278,239
77.98,280,237
78.77,267,235
79.56,261,235
80.35,264,235
81.18,259,235
81.96,241,232
82.73,227,234
83.51,227,231
84.29,227,233
85.06,234,231
85.84,231,231
86.61,237,234
87.39,252,231
88.17,267,230
88.94,274,231
89.72,271,234
90.48,269,234
91.26,275,236
92.04,278,237
92.82,280,235
93.60,281,238
94.38,274,236
95.15,264,240
95.93,259,237
96.71,257,235
97.49,241,240
98.27,241,239
99.05,234,234
99.85,239,235
100.64,240,235
101.44,240,237
102.23,243,239
103.02,246,235
103.82,243,236
104.61,246,237
105.41,257,236
106.20,256,239
106.99,255,239
107.79,255,237
108.58,261,237
109.34,258,239
110.13,263,238
110.92,265,239
111.71,266,238
112.50,274,238
113.29,284,238
114.07,296,240
114.86,302,230
115.65,305,225
116.44,362,119
117.23,309,100
118.02,295,119
118.85,241,213
119.65,234,219
120.44,231,218
121.24,229,215
122.04,228,213
122.83,228,211
123.63,234,211
124.42,239,211
125.22,233,211
126.02,230,211
126.81,229,211
127.61,228,215
128.37,221,227
129.16,217,222
129.96,215,214
130.75,228,222
131.54,234,230
132.34,231,232
133.13,236,221
133.93,240,217
134.72,243,210
135.51,255,210
136.31,241,164
137.10,244,193
137.93,246,161
138.73,270,151
139.53,269,132
140.33,268,168
141.13,268,135
141.93,268,210
142.72,268,174
143.52,261,151
144.32,264,180
145.12,134,74
145.92,104,51
146.72,322,93
147.52,302,142
148.32,292,145
149.11,300,161
149.91,324,116
150.71,316,193
151.51,305,145
152.30,307,206
153.10,321,142
153.90,328,155
154.70,338,132
155.49,601,211
156.29,585,228
157.04,585,220
157.86,335,224
158.67,328,225
159.49,331,232
160.31,326,231
161.12,324,233
161.94,323,236
162.75,316,233
163.57,312,232
164.39,310,236
165.20,316,235
166.02,319,233
166.81,327,231
167.60,331,235
168.39,346,217
169.18,1489,224
169.97,1489,229
170.76,1489,226
171.55,6321,213
172.34,1489,211
173.13,1489,221
173.92,1505,216
174.71,538,225
175.50,538,228
176.29,523,230
177.08,523,227
177.88,507,224
178.67,523,220
179.46,188,216
180.26,168,221
181.05,158,228
181.85,166,239
182.64,170,230
183.43,172,221
184.23,180,221
185.02,164,223
185.78,149,236
186.62,134,241
187.46,119,243
188.30,96,238
189.14,92,240
189.98,105,240
190.81,104,239
191.65,104,239
192.49,111,242
193.33,115,238
194.17,124,226
195.01,136,227
195.77,155,235
196.54,171,232
197.32,172,235
198.09,173,241
198.86,173,232
199.63,180,227
200.41,204,226
201.18,216,229
201.95,228,227
202.72,234,227
203.50,237,227
204.27,239,223
205.10,243,216
205.89,881,219
206.69,881,226
207.48,881,229
208.27,912,230
209.07,912,241
209.86,912,220
210.66,538,227
211.45,538,229
212.24,523,230
213.04,507,228
213.83,507,232
214.63,507,230
215.42,499,232
216.22,507,231
217.01,499,232
217.80,495,232
218.59,507,234
219.39,507,230
220.18,491,229
220.97,507,233
221.76,507,230
222.56,523,234
223.35,538,231
224.14,538,232
224.93,538,233
225.71,538,235
226.50,538,234
227.29,538,233
228.07,554,233
228.86,585,231
229.64,585,235
230.43,585,235
231.22,585,232
232.00,569,232
232.79,585,233
233.62,601,232
234.41,601,232
235.20,601,234
235.99,601,237
236.78,601,234
237.57,601,236
238.37,616,234
239.16,616,233
239.95,632,232
240.74,616,237
241.53,647,235
242.32,647,235
243.11,647,233
243.88,647,236
244.64,647,240
245.41,663,235
246.18,663,237
246.94,663,237
247.71,647,236
248.47,647,236
249.24,647,238
250.01,647,238
250.77,647,236
251.54,647,237
252.30,647,238
253.09,647,238
253.89,647,234
254.68,632,235
255.47,647,234
256.27,647,236
257.06,647,235
257.86,647,234
258.65,647,236
259.44,632,238
260.24,616,227
261.03,585,225
261.86,585,226
262.66,569,230
263.46,554,229
264.26,554,228
265.06,538,229
265.86,523,233
266.66,507,231
267.46,523,230
268.26,507,232
269.06,499,232
269.86,495,232
270.66,485,231
271.45,480,235
272.27,462,232
273.10,453,231
273.92,441,232
274.74,428,233
275.56,421,235
276.39,418,233
277.21,409,235
278.03,404,233
278.85,402,234
279.68,401,233
280.50,393,232
281.26,396,234
282.05,391,234
282.84,395,235
283.63,397,233
284.42,398,233
285.21,399,233
286.00,399,235
286.79,407,235
287.58,403,232
288.37,401,234
289.16,393,235
289.95,377,236
290.82,381,237
291.62,390,234
292.42,395,234
293.22,412,224
294.02,803,222
294.82,819,224
295.61,834,225
296.41,834,223
297.21,850,225
298.01,850,227
298.81,866,232
299.61,866,236
300.40,850,232
301.22,756,230
302.03,772,214
302.85,491,210
303.67,756,216
304.48,756,213
305.30,788,212
306.11,772,145
306.93,444,187
307.75,429,164
308.56,414,168
309.38,407,155
310.17,396,161
310.96,398,145
311.76,149,138
312.55,161,213
313.34,167,219
314.14,170,220
314.93,172,225
315.73,173,226
316.52,173,226
317.31,173,230
318.11,161,233
318.90,167,230
319.73,170,231
320.52,172,233
321.31,173,233
322.10,173,232
322.89,161,231
323.68,167,231
324.48,158,231
325.27,166,229
326.06,170,226
326.85,172,223
327.64,180,221
328.43,184,215
329.22,179,212
330.06,196,180
330.90,476,200
331.75,467,210
332.59,479,197
333.43,554,224
334.27,554,230
335.11,538,232
335.95,554,234
336.80,538,233
337.64,538,232
338.48,538,232
339.27,538,235
340.06,538,230
340.86,538,232
341.65,523,237
342.44,523,232
343.23,523,235
344.03,523,233
344.82,523,231
345.61,523,235
346.40,523,234
347.20,523,232
347.99,507,225
348.78,386,223
349.50,374,231
350.22,361,234
350.95,355,238
351.67,358,236
352.39,372,234
353.11,379,225
353.83,370,222
354.55,476,234
355.28,507,236
356.00,523,237
356.72,523,232
357.51,538,216
358.30,322,210
359.10,476,218
359.89,400,224
0.68,393,220
1.47,377,200
2.27,356,142
3.06,339,210
3.85,330,187
4.64,538,221
5.44,538,231
6.23,538,235
7.03,538,232
7.83,538,235
8.62,538,234
9.42,554,236
10.22,554,232
11.01,554,234
11.81,554,232
12.60,585,215
13.40,309,220
14.20,302,231
14.99,298,225
15.79,303,215
16.55,585,218
17.34,362,218
18.12,355,216
18.91,345,219
19.70,333,230
20.49,327,221
21.27,324,214
22.06,303,211
22.85,292,211
23.64,280,212
24.42,281,211
25.21,281,216
26.00,281,237
26.79,281,239
27.58,281,233
28.37,288,225
29.16,415,225
29.95,422,232
30.73,426,233
31.52,420,232
32.31,417,235
33.10,416,235
33.89,408,236
34.68,404,234
35.51,395,234
36.31,390,232
37.10,388,233
37.90,387,232
38.70,374,236
39.50,368,233
40.29,365,235
41.09,357,235
41.89,346,235
42.69,340,230
43.48,337,227
44.28,329,235
45.04,325,235
45.82,330,236
46.59,326,236
47.37,324,236
48.15,316,235
48.92,319,234
49.70,314,234
50.47,311,235
51.25,310,235
52.03,309,232
52.80,309,237
53.58,309,236
54.38,309,238
55.17,302,237
55.97,298,237
56.76,296,238
57.55,295,238
58.34,295,239
59.14,295,238
59.93,295,236
60.72,288,235
61.51,285,237
62.31,276,236
63.10,279,237
63.86,280,236
64.64,281,238
65.42,281,236
66.20,281,238
66.98,281,234
67.76,281,237
68.54,281,238
69.32,281,238
70.10,281,235
70.88,281,239
71.66,274,237
72.44,278,237
73.23,280,237
74.02,281,235
74.82,274,231
75.61,278,235
76.40,280,236
77.20,281,236
77.99,274,237
78.79,264,235
79.58,266,236
80.37,260,236
81.17,241,234
81.96,241,233
82.58,227,234
83.37,234,233
84.17,231,229
84.96,229,234
85.75,235,233
86.54,240,232
87.34,254,230
88.13,268,232
88.92,275,235
89.71,278,237
90.51,280,233
91.30,281,235
92.05,274,236
92.87,271,236
93.69,269,239
94.51,275,236
95.33,265,237
96.15,260,240
96.97,257,240
97.79,256,237
98.61,241,236
99.43,241,236
100.25,241,235
101.07,244,237
101.86,242,237
102.66,245,236
103.45,250,237
104.25,241,236
105.05,254,238
105.84,254,238
106.64,254,237
107.43,254,238
108.23,261,237
109.03,264,240
109.82,266,238
110.62,267,238
111.41,267,237
112.18,267,238
112.95,267,238
113.72,281,240
114.49,301,238
115.26,305,233
116.04,307,224
116.81,287,96
117.58,241,116
118.35,241,116
119.12,234,211
119.89,231,217
120.72,229,216
121.50,221,212
122.27,231,212
123.05,229,210
123.83,235,210
124.61,231,210
125.38,229,211
126.16,235,212
126.94,238,211
127.72,233,217
128.49,223,224
129.27,218,222
130.03,229,213
130.83,235,225
131.62,238,234
132.42,239,231
133.21,240,222
134.01,243,214
134.80,246,210
135.60,264,197
136.39,273,184
137.19,270,168
137.98,262,184
138.78,258,171
139.58,263,145
140.38,265,148
141.18,266,197
141.98,280,122
142.78,281,203
143.58,274,142
144.38,278,129
145.18,119,71
145.98,96,45
146.78,255,100
147.58,275,145
148.38,285,177
149.24,290,174
150.04,292,210
150.83,287,142
151.63,298,171
152.43,310,190
153.23,322,155
154.02,315,129
154.82,318,142
155.62,601,215
156.42,585,229
157.21,569,218
158.01,335,222
158.84,328,223
159.64,331,231
160.43,326,231
161.23,317,234
162.02,313,237
162.82,311,237
163.61,310,233
164.41,309,234
165.20,309,236
166.00,322,234
166.79,328,234
167.59,331,231
168.32,340,217
169.16,1489,224
169.99,1473,229
170.83,1505,226
171.66,6321,213
172.50,1505,211
173.33,1489,221
174.17,1505,215
175.00,538,228
175.84,538,228
176.67,523,228
177.51,523,224
178.34,523,222
179.13,523,221
179.92,255,214
180.71,188,219
181.50,181,230
182.29,177,238
183.08,182,225
183.87,178,221
184.66,176,220
185.45,155,222
186.24,144,239
187.03,131,242
187.65,117,242
188.44,103,238
189.24,111,241
190.03,115,237
190.82,109,242
191.61,114,239
192.41,109,245
193.20,114,236
193.99,124,227
194.78,136,228
195.58,155,234
196.37,164,230
197.13,169,237
197.94,171,236
198.75,179,233
199.56,196,225
200.37,218,226
201.18,229,227
201.99,228,229
202.80,228,227
203.61,228,227
204.42,234,223
205.23,237,215
206.04,866,222
206.83,881,226
207.62,881,229
208.41,912,232
209.20,912,240
209.99,554,218
210.78,538,229
211.56,523,228
212.35,523,230
213.14,507,230
213.93,507,231
214.72,507,232
215.51,499,230
216.31,495,234
217.10,485,232
217.90,488,232
218.69,507,230
219.48,507,230
220.28,499,231
221.07,507,233
221.87,507,231
222.66,523,232
223.45,538,231
224.25,538,234
225.04,538,232
225.83,538,233
226.62,538,234
227.40,538,234
228.19,554,232
228.98,585,233
229.77,585,234
230.55,601,234
231.34,554,233
232.13,569,234
232.92,585,233
233.70,601,233
234.49,585,233
235.28,601,235
236.07,601,234
236.87,601,235
237.66,616,236
238.45,616,233
239.24,616,233
240.04,632,235
240.83,632,237
241.62,647,228
242.41,647,234
243.21,647,235
244.00,647,235
244.79,647,238
245.57,663,237
246.34,663,237
247.12,647,238
247.90,647,238
248.68,647,237
249.45,647,238
250.23,647,236
251.01,647,238
251.79,647,238
252.56,647,237
253.34,647,235
254.13,632,234
254.97,647,234
255.80,647,234
256.64,647,237
257.48,647,232
258.31,647,235
259.15,632,238
259.98,616,234
260.82,616,226
261.66,585,225
262.49,569,229
263.33,554,228
264.09,554,229
264.88,538,232
265.68,538,230
266.47,523,232
267.26,507,229
268.05,507,230
268.85,499,230
269.64,495,232
270.43,485,233
271.22,480,236
272.02,469,232
272.81,456,233
273.64,443,231
274.44,436,234
275.24,425,232
276.04,420,234
276.84,410,234
277.64,412,234
278.44,406,235
279.24,403,233
280.04,401,233
280.84,400,235
281.64,400,234
282.44,400,234
283.23,393,232
284.02,389,234
284.82,394,233
285.61,390,235
286.40,395,235
287.20,412,232
287.99,406,233
288.79,396,233
289.58,391,235
290.37,388,233
291.17,387,235
291.96,393,235
292.90,404,233
293.69,803,216
294.49,819,224
295.28,819,224
296.07,834,225
296.86,850,227
297.66,850,228
298.45,866,228
299.24,881,233
300.03,850,236
300.83,756,229
301.62,772,225
302.45,507,211
303.25,756,211
304.05,772,215
304.85,772,212
305.65,444,200
306.45,444,174
307.25,444,210
308.05,429,164
308.85,414,151
309.65,400,135
310.45,381,174
311.25,371,171
312.04,214,210
312.84,194,215
313.63,184,220
314.43,166,222
315.23,157,224
316.02,165,225
316.82,169,228
317.61,171,232
318.41,160,233
319.21,167,231
320.00,158,236
320.80,166,232
321.56,157,232
322.36,153,233
323.15,163,230
323.95,168,233
324.75,171,230
325.54,172,229
326.34,173,226
327.13,173,222
327.93,173,220
328.73,173,214
329.52,180,171
330.32,476,132
331.07,467,193
331.93,471,200
332.78,554,211
333.64,538,225
334.50,554,231
335.36,554,234
336.21,538,233
337.07,538,231
337.93,538,233
338.79,538,235
339.64,538,231
340.50,538,234
341.29,523,233
342.08,523,234
342.88,523,234
343.67,523,233
344.47,523,233
345.26,523,232
346.06,523,232
346.85,523,232
347.65,523,229
348.44,523,219
349.24,386,228
350.03,374,233
350.82,368,233
351.55,358,238
352.27,360,236
353.00,373,231
353.73,379,225
354.46,459,222
355.18,467,231
355.91,523,234
356.64,523,233
357.37,523,226
358.09,538,215
358.82,554,210
359.58,459,220
0.34,400,223
1.10,381,216
1.86,365,168
2.62,363,145
3.38,342,184
4.14,523,135
4.90,538,225
5.66,538,231
6.42,538,231
7.18,538,233
7.94,538,233
8.73,538,235
9.52,554,234
10.32,554,234
11.11,554,234
11.90,554,230
12.70,585,212
13.49,309,222
14.29,302,228
15.08,298,225
15.87,316,215
16.67,554,216
17.46,362,220
18.26,355,219
19.05,345,221
19.84,333,233
20.63,327,222
21.42,318,213
22.21,300,212
22.99,291,210
23.78,286,212
24.57,284,210
25.36,283,217
26.15,282,238
26.94,275,238
27.74,278,233
28.53,286,222
29.33,444,225
30.12,444,231
30.91,437,232
31.71,433,231
32.50,424,234
33.30,419,236
34.09,409,234
34.88,404,235
35.68,402,234
36.47,394,234
37.26,390,232
38.02,388,233
38.79,375,232
39.55,368,233
40.31,365,233
41.08,357,234
41.84,353,233
42.61,344,231
43.37,339,226
44.13,330,231
44.90,326,236
45.66,330,234
46.45,319,239
47.23,327,234
48.00,324,235
48.78,323,235
49.56,322,233
50.33,315,235
51.11,312,239
51.88,310,234
52.66,309,235
53.44,309,234
54.21,309,235
54.99,302,238
55.79,298,234
56.58,296,238
57.37,295,237
58.16,295,236
58.95,295,236
59.74,295,239
60.54,281,234
61.33,281,237
62.12,281,237
62.91,281,235
63.70,281,238
64.49,281,239
65.35,281,236
66.12,281,240
66.90,274,237
67.67,278,240
68.44,280,238
69.22,281,235
69.99,281,238
70.77,281,237
71.54,281,235
72.31,281,238
73.09,281,239
73.86,281,235
74.65,281,230
75.43,281,235
76.21,281,238
76.99,281,238
77.77,268,238
78.55,268,237
79.33,268,235
80.11,268,236
80.89,261,236
81.67,228,233
82.45,221,232
83.23,217,232
83.98,226,231
84.77,233,233
85.57,237,232
86.36,239,234
87.16,260,232
87.95,264,232
88.75,273,236
89.54,277,237
90.34,279,236
91.13,273,235
91.93,277,235
92.72,272,237
93.51,263,236
94.30,265,236
95.09,260,236
95.88,257,238
96.67,256,240
97.46,255,238
98.24,255,237
99.03,241,235
99.82,244,237
100.61,242,236
101.40,241,237
102.19,241,237
102.95,244,236
103.75,242,239
104.54,245,237
105.34,243,237
106.14,246,237
106.94,257,237
107.73,241,240
108.53,244,238
109.33,256,239
110.13,262,238
110.92,265,238
111.72,266,238
112.76,267,239
113.56,274,239
114.35,291,241
115.15,293,234
115.95,307,226
116.75,362,113
117.54,295,96
118.34,281,132
119.14,228,212
119.94,228,219
120.73,228,219
121.53,228,215
122.28,234,212
123.08,237,210
123.89,232,211
124.69,230,211
125.49,229,211
126.29,235,212
127.10,238,212
127.90,233,216
128.70,230,227
129.50,215,221
130.31,214,215
131.11,227,224
131.91,227,234
132.70,227,232
133.50,234,220
134.29,237,213
135.08,239,210
135.88,253,210
136.67,254,184
137.47,268,210
138.26,261,177
139.05,264,174
139.85,279,135
140.64,280,187
141.40,274,142
142.21,271,190
143.02,263,171
143.83,265,174
144.64,273,138
145.45,277,54
146.25,188,42
147.06,282,100
147.87,282,158
148.68,288,161
149.49,291,187
150.30,293,174
151.09,301,161
151.88,305,151
152.66,313,148
153.45,317,184
154.24,313,164
155.02,317,164
155.81,585,217
156.59,585,228
157.38,349,218
158.17,342,224
158.95,332,225
159.74,333,232
160.50,327,231
161.30,324,234
162.09,316,235
162.89,312,235
163.69,310,234
164.49,309,237
165.28,315,233
166.08,325,237
166.88,330,234
167.68,332,233
168.47,340,218
169.27,1489,224
170.06,1489,231
170.88,1505,221
171.71,6321,213
172.53,1489,213
173.35,1489,222
174.17,1505,214
175.00,538,225
175.82,538,227
176.64,523,230
177.46,507,225
178.29,523,226
179.11,523,218
179.87,149,216
180.69,161,221
181.51,167,229
182.32,170,237
183.14,172,221
183.96,180,218
184.78,190,219
185.60,169,227
186.42,144,240
187.23,131,238
188.05,117,242
188.87,95,238
189.67,92,242
190.46,105,243
191.26,104,241
192.05,104,242
192.84,111,241
193.64,122,233
194.43,128,224
195.23,151,229
196.02,162,233
196.81,168,235
197.61,171,239
198.40,172,235
199.20,173,231
199.99,187,224
200.79,214,229
201.58,227,229
202.37,234,228
203.16,237,226
203.96,239,225
204.75,243,222
205.54,881,215
206.33,866,222
207.13,881,227
207.92,897,229
208.67,912,235
209.46,912,234
210.26,554,223
211.05,538,225
211.84,523,231
212.64,507,231
213.43,507,229
214.23,507,232
215.02,499,232
215.81,495,230
216.61,493,234
217.40,492,232
217.97,491,234
218.76,507,233
219.55,499,230
220.34,507,234
221.13,523,231
221.92,507,234
222.72,523,233
223.51,538,232
224.30,538,235
225.09,538,236
225.88,538,234
226.67,538,228
227.46,538,232
228.26,569,232
229.05,585,235
229.85,585,237
230.65,585,235
231.44,569,232
232.24,569,236
233.03,585,233
233.83,585,233
234.63,601,235
235.42,601,234
236.22,601,235
237.01,616,233
237.81,616,236
238.60,616,234
239.40,616,233
240.20,632,232
241.00,647,235
241.79,647,233
242.59,647,237
243.39,647,236
244.19,647,236
244.98,663,237
245.78,663,237
246.58,647,238
247.35,663,235
248.13,647,236
248.90,647,237
249.67,647,237
250.44,647,237
251.22,647,239
251.99,647,239
252.76,647,234
253.53,647,237
254.31,647,233
255.08,647,235
255.88,647,236
256.67,647,234
257.46,647,234
258.25,647,234
259.04,632,238
259.83,616,231
260.61,601,225
261.40,585,225
262.19,569,230
262.98,569,228
263.77,554,229
264.56,538,231
265.35,538,230
266.15,523,231
266.94,523,230
267.74,507,230
268.54,499,231
269.34,495,232
270.13,485,234
270.93,480,232
271.73,469,233
272.53,456,230
273.32,443,232
274.12,429,235
274.88,422,235
275.74,418,233
276.59,416,234
277.45,408,236
278.30,404,233
279.16,395,234
280.01,378,236
280.87,382,232
281.72,384,234
282.58,392,234
283.43,389,233
284.29,394,234
285.15,397,234
285.94,398,234
286.72,399,234
287.51,407,234
288.30,403,235
289.08,401,232
289.87,393,232
290.65,389,233
291.44,394,233
292.23,397,236
293.01,406,234
293.80,459,217
294.60,803,223
295.40,819,225
296.19,834,224
296.99,834,225
297.79,850,226
298.59,866,229
299.38,897,235
300.18,850,236
300.98,772,227
301.78,756,226
302.57,507,211
303.37,772,211
304.12,788,215
304.91,476,211
305.69,467,197
306.48,455,180
307.27,435,164
308.05,432,206
308.84,416,151
309.62,401,197
310.41,393,180
311.20,377,193
311.98,174,210
312.77,174,215
313.64,174,219
314.43,174,223
315.22,174,228
316.01,174,227
316.80,161,228
317.59,155,229
318.39,164,231
319.18,169,233
319.97,171,233
320.76,172,232
321.55,173,233
322.34,173,233
323.13,173,232
323.93,173,233
324.72,161,229
325.52,167,227
326.32,170,226
327.12,172,224
327.91,173,218
328.71,180,215
329.51,164,200
330.31,476,145
331.10,476,168
331.90,476,174
332.66,483,210
333.47,538,225
334.29,538,231
335.10,538,234
335.91,554,232
336.73,538,233
337.54,554,233
338.36,538,233
339.17,538,234
339.98,538,233
340.80,538,234
341.61,538,231
342.44,523,233
343.23,538,233
344.02,523,234
344.80,523,232
345.59,523,234
346.38,523,232
347.17,523,230
347.96,507,221
348.75,386,224
349.53,386,231
350.32,374,233
351.11,361,236
351.90,361,237
352.66,373,231
353.42,379,227
354.19,459,223
354.95,475,231
355.71,523,235
356.47,523,233
357.23,523,231
357.99,538,214
358.76,538,210
359.52,459,219
0.28,400,223
1.04,381,217
1.81,365,174
2.57,343,161
3.34,339,168
4.11,337,177
4.88,538,222
5.64,538,231
6.41,538,233
7.18,538,232
7.95,538,235
8.71,554,233
9.48,554,233
10.31,554,234
11.10,554,231
11.89,554,231
12.68,616,210
13.47,309,223
14.26,302,230
15.04,298,224
15.83,303,214
16.62,538,217
17.41,362,219
18.20,355,219
18.99,352,223
19.74,337,229
20.53,336,220
21.33,315,213
22.12,305,211
22.92,293,211
23.71,287,212
24.51,277,187
25.30,279,221
26.10,280,239
26.89,281,237
27.69,288,232
28.48,291,221
29.27,444,226
30.05,437,229
30.83,433,231
31.60,431,235
32.38,423,235
33.16,419,234
33.94,409,232
34.72,404,233
35.50,402,234
36.27,394,234
37.05,390,233
37.83,388,235
38.62,375,235
39.41,368,235
40.20,365,234
41.00,357,231
41.79,353,234
42.58,351,231
43.37,343,229
44.16,332,234
44.95,327,234
45.75,324,236
46.54,323,235
47.33,322,234
48.12,322,236
48.91,322,236
49.70,322,235
50.49,315,238
51.28,312,235
52.07,310,235
52.87,309,239
53.66,309,238
54.45,302,238
55.24,298,237
56.03,296,236
56.82,295,237
57.62,295,234
58.41,295,237
59.20,295,235
60.00,295,237
60.79,281,236
61.58,281,237
62.37,281,236
63.16,281,236
63.95,281,237
64.75,274,235
65.54,278,238
66.33,280,237
67.12,281,238
67.87,281,237
68.62,281,237
69.38,274,237
70.13,278,238
70.88,280,238
71.63,281,239
72.38,281,237
73.13,281,237
73.89,281,236
74.64,281,232
75.39,281,235
76.22,281,237
77.03,281,238
77.85,274,237
78.66,264,237
79.47,259,235
80.29,263,235
81.10,241,235
81.92,241,235
82.73,227,236
83.54,227,232
84.36,227,232
85.17,234,234
85.92,237,233
86.72,239,231
87.52,253,234
88.32,267,231
89.12,274,232
89.92,278,236
90.71,280,236
91.51,281,237
92.31,281,237
93.11,281,236
93.91,281,238
94.71,274,236
95.46,271,239
96.25,263,237
97.04,259,239
97.83,241,236
98.62,244,238
99.41,246,235
100.21,243,237
101.00,242,236
101.79,241,236
102.58,244,238
103.37,246,238
104.16,250,238
105.03,252,239
105.82,253,239
106.60,254,238
107.39,254,238
108.18,261,236
108.97,241,238
109.75,244,238
110.54,256,240
111.33,262,239
112.12,265,239
112.90,273,239
113.69,284,241
114.45,296,236
115.25,295,234
116.05,315,222
116.84,305,96
117.64,215,87
118.44,225,155
119.24,220,213
120.04,224,222
120.84,226,221
121.63,233,215
122.43,224,212
123.23,232,211
123.99,230,210
124.78,229,211
125.57,235,212
126.36,225,212
127.15,233,214
127.94,230,220
128.74,222,226
129.53,218,218
130.32,223,215
131.11,225,227
131.90,226,235
132.69,233,228
133.52,237,219
134.33,259,213
135.14,263,193
135.95,241,177
136.76,261,168
137.57,258,171
138.38,263,184
139.19,272,132
140.00,283,151
140.81,275,142
141.62,271,190
142.43,269,190
143.26,268,168
144.05,268,142
144.84,275,122
145.64,89,77
146.43,89,54
147.22,322,116
148.01,308,190
148.80,295,158
149.59,295,168
150.39,295,119
151.18,308,142
151.97,308,129
152.76,308,197
153.56,308,161
154.36,328,145
155.16,325,151
155.96,585,221
156.76,585,227
157.57,349,220
158.37,335,223
159.17,335,225
159.97,335,232
160.77,328,231
161.57,325,236
162.40,317,236
163.19,313,235
163.98,311,233
164.78,310,235
165.57,316,234
166.36,326,233
167.15,331,231
167.94,333,232
168.73,347,215
169.53,1489,225
170.32,1489,229
171.11,1505,220
171.94,6305,212
172.73,1489,214
173.51,1489,222
174.30,538,215
175.09,538,224
175.88,538,227
176.66,523,231
177.45,507,223
178.24,507,223
179.03,523,218
179.81,174,219
180.60,174,225
181.40,174,231
182.21,174,236
183.02,174,226
183.83,174,220
184.64,181,220
185.45,177,226
186.26,148,238
187.07,133,242
187.88,118,242
188.69,96,238
189.50,100,240
190.31,102,239
191.07,110,241
191.86,107,242
192.65,113,241
193.45,116,237
194.24,125,224
195.03,137,228
195.82,155,234
196.61,164,233
197.40,169,237
198.20,171,235
198.99,172,232
199.78,180,224
200.54,210,222
201.33,225,230
202.13,233,229
202.92,237,226
203.71,239,225
204.51,240,222
205.30,881,217
206.10,881,220
206.89,881,227
207.68,897,228
208.48,912,233
209.27,912,239
210.06,554,222
210.84,538,225
211.62,538,232
212.41,523,229
213.19,507,226
213.97,507,231
214.75,507,230
215.53,507,229
216.31,499,235
217.10,495,231
217.88,493,234
218.66,507,233
219.41,499,230
220.20,507,230
220.99,507,232
221.79,523,232
222.58,523,232
223.37,523,230
224.16,538,233
224.95,538,234
225.74,538,237
226.54,538,233
227.33,538,235
228.12,570,230
228.95,585,234
229.75,585,233
230.55,601,234
231.35,570,234
232.15,570,235
232.95,585,234
233.76,601,233
234.56,585,235
235.36,601,236
236.16,601,234
236.96,601,234
237.76,601,234
238.55,601,232
239.34,616,233
240.13,632,236
240.93,632,237
241.72,647,232
242.51,647,233
243.30,647,233
244.09,647,234
244.88,647,236
245.68,663,236
246.47,663,239
247.26,647,236
247.90,632,238
248.70,647,235
249.49,647,240
250.29,647,238
251.08,647,238
251.88,647,237
252.67,647,234
253.47,647,237
254.26,647,235
255.06,647,234
255.85,647,235
256.65,647,236
257.44,647,234
258.24,647,236
259.04,632,239
259.84,632,235
260.64,601,225
261.44,585,226
262.25,570,225
263.05,554,230
263.85,538,228
264.65,538,229
265.45,538,226
266.25,523,229
267.04,507,229
267.83,507,227
268.62,507,229
269.42,499,233
270.21,487,231
271.00,481,232
271.79,470,234
272.58,457,233
273.37,443,233
274.17,436,230
274.96,425,235
275.75,420,234
276.54,417,235
277.33,409,234
278.12,405,234
278.91,395,233
279.70,390,232
280.49,395,234
281.29,390,234
282.08,395,232
282.87,398,234
283.66,399,232
284.45,400,233
285.24,400,234
286.11,400,237
286.95,415,234
287.79,408,235
288.63,397,232
289.47,391,234
290.31,388,235
291.15,387,235
291.99,394,233
292.83,404,234
293.67,424,218
294.51,819,223
295.35,819,222
296.18,835,223
296.97,850,226
297.76,850,228
298.54,850,229
299.33,881,234
300.12,835,238
300.91,803,228
301.70,772,228
302.49,507,211
303.27,772,211
304.06,757,214
304.85,757,212
305.61,459,193
306.42,452,151
307.23,448,180
308.04,431,200
308.85,423,145
309.66,404,164
310.47,383,168
311.28,359,145
312.09,149,197
312.90,161,215
313.71,174,218
314.52,174,223
315.28,174,224
316.07,161,227
316.86,167,229
317.65,170,229
318.44,159,230
319.23,154,234
320.01,151,232
320.80,162,235
321.59,168,232
322.38,171,233
323.17,172,233
323.96,173,232
324.78,173,229
325.57,173,229
326.37,173,227
327.16,173,223
327.95,173,220
328.74,173,215
329.54,194,210
330.33,171,158
331.12,476,193
331.91,476,210
332.71,484,197
333.50,554,223
334.29,538,233
335.11,554,232
335.94,538,233
336.76,538,232
337.58,538,232
338.40,538,230
339.23,538,232
340.05,538,233
340.87,523,234
341.69,523,234
342.52,523,233
343.34,523,234
344.10,538,231
344.85,523,231
345.61,523,230
346.36,523,235
347.12,507,228
347.87,499,219
348.63,386,227
349.38,374,232
350.14,368,233
350.89,358,240
351.65,360,235
352.40,373,234
352.94,379,225
353.73,459,220
354.52,475,230
355.31,507,236
356.10,523,234
356.89,523,225
357.68,554,214
358.47,554,211
359.26,476,218
0.05,401,222
0.84,381,214
1.63,322,142
2.42,322,168
3.22,329,164
4.03,538,171
4.83,538,226
5.63,538,232
6.43,538,234
7.24,538,233
8.04,538,233
8.84,538,234
9.64,538,238
10.45,554,236
11.25,554,232
12.01,554,229
12.80,336,211
13.60,322,224
14.39,308,230
15.18,301,220
15.98,305,213
16.77,570,217
17.57,362,218
18.36,355,217
19.15,345,224
19.95,333,232
20.74,327,219
21.53,318,212
22.32,300,212
23.10,291,212
23.89,286,213
24.68,290,180
25.46,286,225
26.25,270,237
27.03,276,238
27.82,285,230
28.61,297,220
29.39,445,228
30.18,437,231
31.01,433,233
31.79,424,235
32.56,419,232
33.34,417,235
34.12,409,233
34.90,405,234
35.67,403,233
36.45,394,236
37.23,390,236
38.01,376,234
38.78,369,233
39.56,365,233
40.35,363,232
41.14,356,235
41.93,352,234
42.72,344,232
43.51,340,229
44.30,331,235
45.09,333,234
45.88,327,234
46.67,324,237
47.46,323,235
48.25,322,234
49.04,322,234
49.87,315,236
50.63,312,236
51.39,310,236
52.15,309,236
52.91,309,236
53.67,309,238
54.44,302,236
55.20,298,235
55.96,296,238
56.72,289,237
57.48,292,236
58.24,293,234
58.99,294,238
59.80,294,237
60.61,281,235
61.42,281,237
62.23,281,238
63.04,281,237
63.85,281,238
64.66,281,238
65.47,281,236
66.28,281,237
67.09,281,236
67.90,281,238
68.69,281,238
69.48,281,237
70.28,281,239
71.07,274,237
71.86,271,236
72.66,276,238
73.45,279,237
74.25,280,233
75.04,281,232
75.83,281,235
76.63,274,239
77.42,271,238
78.21,269,235
78.97,268,239
79.72,268,236
80.48,261,234
81.24,258,236
82.00,241,233
82.75,228,236
83.51,234,232
84.27,231,231
85.03,236,233
85.78,238,232
86.54,242,233
87.34,255,230
88.13,261,234
88.93,271,238
89.72,276,236
90.51,279,235
91.30,273,235
92.10,270,237
92.89,276,237
93.68,279,238
94.47,273,235
95.27,270,237
96.06,262,238
96.89,258,239
97.66,256,237
98.42,255,237
99.19,241,236
99.96,241,236
100.73,241,236
101.49,244,238
102.26,242,237
103.03,245,237
103.80,236,236
104.56,240,236
105.33,243,237
106.09,246,239
106.90,250,238
107.72,252,237
108.53,253,238
109.34,260,239
110.15,257,239
110.97,262,238
111.78,265,238
112.59,273,239
113.40,277,237
114.22,293,235
115.03,301,234
115.89,298,223
116.68,228,96
117.47,234,109
118.26,224,151
119.05,226,213
119.84,227,221
120.63,227,220
121.42,227,214
122.21,227,213
123.00,234,212
123.79,237,211
124.58,239,212
125.34,233,211
126.15,230,212
126.97,235,212
127.78,231,220
128.59,223,227
129.40,219,219
130.22,223,215
131.03,232,226
131.84,230,232
132.65,235,229
133.47,238,220
134.28,242,214
135.00,241,210
135.79,244,210
136.59,263,145
137.38,272,164
138.17,283,171
138.97,269,129
139.76,275,148
140.56,271,161
141.35,269,155
142.14,268,145
142.94,268,161
143.73,261,116
144.56,271,145
145.35,134,77
146.14,255,54
146.93,275,100
147.72,292,155
148.51,293,155
149.30,301,148
150.09,298,168
150.88,296,148
151.67,302,145
152.46,305,138
153.25,320,158
154.04,328,164
154.84,345,190
155.65,601,218
156.45,585,230
157.25,349,217
158.06,342,220
158.86,339,226
159.67,337,233
160.47,329,230
161.27,319,233
162.08,314,235
162.88,311,233
163.67,310,233
164.48,309,237
165.29,315,233
166.10,325,235
166.91,330,235
167.72,333,232
168.53,347,216
169.34,1489,224
170.15,1489,232
170.96,1505,223
171.77,6321,214
172.58,1489,213
173.37,1489,222
174.16,538,214
174.95,538,226
175.74,538,227
176.53,523,228
177.32,523,227
178.11,523,223
178.90,523,218
179.69,174,215
180.48,174,226
181.27,161,229
182.06,167,235
182.85,177,225
183.64,175,220
184.43,174,221
185.22,174,225
186.01,146,238
186.80,125,242
187.59,114,244
188.38,94,240
189.17,91,240
189.96,97,242
190.75,100,241
191.54,109,244
192.34,106,243
193.13,112,239
193.93,115,226
194.72,132,227
195.51,140,232
196.30,157,232
197.10,165,236
197.89,169,236
198.68,171,236
199.47,172,222
200.27,206,224
201.06,217,227
201.86,229,227
202.68,235,229
203.49,238,225
204.31,242,223
205.12,245,215
205.94,866,219
206.75,866,227
207.57,881,229
208.38,912,232
209.20,912,239
210.01,554,221
210.83,538,227
211.66,523,228
212.43,523,231
213.21,507,230
213.98,507,230
214.75,499,232
215.53,495,230
216.30,485,230
217.08,488,230
217.85,490,232
218.62,507,233
219.40,507,229
220.17,491,231
220.96,523,233
221.75,507,233
222.55,523,234
223.34,538,231
224.13,538,234
224.93,554,233
225.72,538,235
226.52,538,232
227.31,538,234
228.10,570,229
228.90,585,233
229.69,585,234
230.48,585,236
231.30,570,232
232.12,585,232
232.94,585,231
233.76,585,232
234.58,585,232
235.40,601,236
236.22,601,236
237.04,601,234
237.86,616,236
238.68,616,234
239.50,616,235
240.33,632,235
241.10,647,238
241.88,647,234
242.65,647,233
243.42,647,233
244.20,647,236
244.97,647,238
245.75,663,236
246.52,663,239
247.29,663,235
248.07,647,238
248.84,647,236
249.63,647,236
250.42,647,236
251.22,647,237
252.01,647,237
252.80,647,237
253.60,647,237
254.39,647,235
255.19,647,235
255.98,647,233
256.77,632,234
257.57,647,235
258.36,647,236
259.15,632,241
259.95,616,234
260.76,601,223
261.56,585,228
262.36,570,229
263.16,554,231
263.97,554,229
264.77,538,230
265.57,523,229
266.37,523,230
267.18,523,231
267.98,507,230
268.81,499,229
269.61,495,232
270.41,485,233
271.21,480,232
272.01,469,232
272.81,457,232
273.61,443,231
274.41,436,233
275.21,425,236
276.01,420,232
276.81,417,233
277.61,416,233
278.37,401,230
279.16,401,233
279.96,401,233
280.75,401,235
281.54,401,235
282.34,401,234
283.13,393,234
283.93,397,233
284.72,399,233
285.51,400,235
286.31,407,236
287.10,411,233
287.92,406,236
288.76,396,234
289.59,391,235
290.43,388,234
291.27,394,235
292.10,397,236
292.94,413,232
293.77,803,217
294.61,819,225
295.45,835,220
296.28,835,227
297.12,835,226
297.91,850,228
298.70,866,229
299.49,897,237
300.28,850,239
301.07,757,230
301.86,772,223
302.65,507,210
303.44,788,212
304.23,757,214
305.02,788,212
305.81,476,158
306.60,476,168
307.79,453,180
308.59,434,174
309.38,424,151
310.18,405,177
310.98,44,122
311.77,362,158
312.57,174,210
313.36,174,219
314.16,174,222
314.96,174,223
315.75,174,225
316.55,161,227
317.31,167,228
318.11,170,230
318.91,159,233
319.71,154,231
320.51,151,232
321.31,150,232
322.11,162,234
322.91,168,233
323.71,158,230
324.51,166,231
325.31,157,229
326.11,165,229
326.87,169,226
327.66,171,223
328.46,179,218
329.25,183,211
330.04,185,210
330.83,492,177
331.63,475,161
332.42,475,158
333.21,554,213
334.00,554,227
334.80,554,229
335.59,538,232
336.39,554,231
337.19,538,232
337.99,538,231
338.79,538,231
339.59,538,234
340.39,523,232
341.19,538,231
341.99,538,231
342.79,523,233
343.59,523,232
344.39,523,233
345.19,523,234
345.98,523,233
346.70,523,230
347.43,523,229
348.15,386,221
348.88,386,228
349.60,374,231
350.33,368,235
351.05,365,237
351.78,375,236
352.50,380,230
353.23,371,220
353.95,459,226
354.70,475,233
355.49,523,234
356.29,507,235
357.08,523,226
357.87,322,212
358.67,322,210
359.46,476,220
0.26,386,223
1.05,374,212
1.84,59,132
2.64,336,164
3.43,322,177
4.23,538,197
5.02,538,229
5.81,538,230
6.60,538,233
7.39,538,234
8.18,538,234
8.96,554,233
9.75,554,233
10.54,554,231
11.33,554,233
12.12,570,227
12.91,336,211
13.71,315,226
14.50,305,231
15.30,300,217
16.09,324,214
16.88,570,219
17.67,362,218
18.47,355,217
19.26,338,225
20.05,323,231
20.84,329,220
21.64,305,212
22.43,293,210
23.19,287,212
23.98,277,212
24.78,279,168
25.57,280,228
26.36,281,236
27.16,281,240
27.95,288,229
28.75,298,220
29.54,415,228
30.33,422,234
31.13,426,237
31.92,420,234
32.71,417,234
33.47,409,234
34.24,405,234
35.00,403,234
35.76,394,233
36.53,390,235
37.29,388,232
38.06,375,233
38.82,368,231
39.58,365,236
40.35,357,235
41.11,359,234
41.90,354,232
42.69,345,230
43.49,340,231
44.28,331,234
45.07,333,236
45.87,314,235
46.66,318,237
47.46,320,234
48.25,321,235
49.04,321,236
49.84,315,234
50.63,312,235
51.43,310,235
52.22,309,237
53.00,302,236
53.79,305,237
54.58,300,238
55.36,297,238
56.15,296,235
56.93,295,237
57.72,295,235
58.51,295,238
59.29,288,240
60.08,285,233
60.91,283,237
61.67,282,237
62.44,282,236
63.20,282,239
63.96,282,235
64.73,282,239
65.49,282,233
66.26,282,237
67.02,275,235
67.78,278,239
68.55,280,236
69.31,281,238
70.10,281,239
70.89,274,238
71.69,278,236
72.48,280,236
73.27,281,237
74.07,274,234
74.86,278,231
75.66,280,235
76.45,281,239
77.24,281,240
78.04,274,238
78.83,264,235
79.62,266,237
80.41,267,234
81.19,228,234
81.98,228,231
82.77,221,235
83.55,231,230
84.34,236,231
85.12,232,234
85.91,236,235
86.70,252,234
87.48,260,232
88.27,271,231
89.10,276,236
89.89,279,235
90.68,273,236
91.47,277,236
92.26,279,239
93.05,280,236
93.84,281,238
94.63,274,237
95.42,264,236
96.21,259,239
97.00,257,238
97.79,241,240
98.59,241,234
99.38,244,236
100.18,242,236
100.97,245,235
101.76,250,236
102.55,252,237
103.35,253,238
104.14,254,237
104.93,241,240
105.72,244,237
106.52,246,238
107.31,243,238
108.07,246,239
108.88,250,240
109.69,259,238
110.50,263,238
111.31,265,239
112.12,266,238
112.93,274,235
113.74,284,240
114.55,289,236
115.36,285,233
116.17,303,219
116.98,285,80
117.73,241,96
118.52,241,145
119.31,241,215
120.10,241,220
120.89,228,217
121.68,228,214
122.48,234,213
123.27,231,211
124.06,229,203
124.85,235,212
125.64,238,212
126.43,233,211
127.29,237,213
128.08,232,223
128.86,223,226
129.65,219,216
130.44,230,214
131.22,235,227
132.01,231,235
132.79,229,229
133.58,235,218
134.37,240,214
135.15,240,171
135.94,243,200
136.74,246,200
137.55,270,180
138.36,262,164
139.17,272,135
139.98,270,187
140.79,269,164
141.59,268,180
142.40,268,177
143.21,268,164
144.02,275,174
144.83,285,126
145.64,134,61
146.40,119,51
147.19,295,119
147.99,295,168
148.78,295,158
149.57,302,164
150.37,305,148
151.16,300,174
151.96,297,145
152.75,303,151
153.54,306,155
154.34,314,180
155.13,311,129
155.96,601,223
156.77,570,229
157.59,336,222
158.40,329,223
159.21,332,226
160.02,334,231
160.84,328,231
161.65,325,236
162.46,317,234
163.27,313,234
164.09,311,236
164.90,310,235
165.66,316,234
166.47,326,234
167.28,331,231
168.09,333,227
168.90,1505,216
169.71,1474,227
170.51,1489,229
171.32,1505,215
172.13,6305,210
172.94,1489,216
173.75,1489,222
174.56,538,220
175.35,538,228
176.14,538,230
176.93,507,231
177.72,507,224
178.51,523,222
179.30,523,216
180.10,174,220
180.89,174,225
181.68,174,234
182.47,174,235
183.26,174,223
184.05,181,221
184.91,177,221
185.71,155,232
186.50,137,238
187.30,120,244
188.10,97,238
188.89,100,241
189.69,102,240
190.48,103,239
191.28,103,243
192.08,111,244
192.87,115,240
193.67,117,232
194.50,118,225
195.29,146,229
196.08,160,234
196.87,167,233
197.66,170,238
198.45,172,232
199.24,173,229
200.03,193,225
200.82,217,226
201.61,222,227
202.40,231,228
203.19,236,227
203.98,238,226
204.77,242,218
205.57,881,216
206.36,881,222
207.15,881,229
207.95,897,226
208.74,912,238
209.54,928,232
210.33,538,222
211.12,538,227
211.92,523,230
212.71,523,227
213.50,507,230
214.29,507,229
215.08,507,233
215.87,499,232
216.66,487,232
217.45,489,231
218.24,490,231
219.03,507,233
219.82,499,230
220.61,507,232
221.40,499,232
222.19,523,232
223.02,523,233
223.81,538,232
224.60,538,234
225.39,538,234
226.18,538,233
226.97,538,233
227.76,554,232
228.55,569,232
229.34,585,236
230.13,585,234
230.92,601,232
231.71,585,234
232.47,569,235
233.27,585,234
234.06,601,231
234.86,601,233
235.66,601,237
236.45,616,233
237.25,585,236
238.04,616,234
238.84,616,233
239.64,632,230
240.43,632,238
241.23,647,235
241.99,647,234
242.78,647,233
243.57,647,234
244.36,647,237
245.15,647,236
245.94,647,236
246.73,647,236
247.52,647,238
248.31,647,236
249.10,647,235
249.89,632,238
250.68,647,235
251.51,647,237
252.30,647,236
253.09,647,234
253.88,647,238
254.67,632,235
255.46,647,233
256.25,647,234
257.04,647,236
257.83,647,232
258.62,632,236
259.41,632,236
260.20,616,230
260.99,601,227
261.80,585,226
262.61,569,226
263.42,554,228
264.23,538,228
265.04,538,231
265.85,538,229
266.66,523,232
267.47,507,232
268.28,507,230
269.09,499,233
269.90,495,233
270.66,485,233
271.47,472,233
272.29,458,234
273.10,451,232
273.91,440,232
274.72,427,234
275.54,421,233
276.35,418,234
277.16,416,233
277.97,408,233
278.79,397,233
279.60,398,233
280.46,399,232
281.25,399,234
282.04,399,235
282.83,392,234
283.62,396,236
284.41,398,234
285.20,399,235
285.99,399,236
286.78,407,235
287.57,403,235
288.36,394,234
289.15,390,232
289.91,388,232
290.74,387,234
291.56,393,235
292.39,404,235
293.22,409,227
294.04,819,221
294.87,819,223
295.69,819,224
296.52,834,226
297.35,850,228
298.17,834,228
299.00,881,230
299.75,866,237
300.55,850,233
301.35,756,231
302.15,772,215
302.95,788,210
303.75,756,213
304.55,772,212
305.35,772,206
306.15,459,193
306.95,437,193
307.75,426,184
308.55,413,158
309.38,399,171
310.17,399,193
310.97,380,158
311.76,371,145
312.55,174,214
313.35,181,217
314.14,184,223
314.94,179,223
315.73,176,228
316.52,162,229
317.32,168,230
318.11,158,230
318.90,153,234
319.69,151,231
320.49,150,233
321.28,149,233
322.07,149,232
322.87,161,232
323.66,167,230
324.46,170,231
325.25,172,230
326.04,173,226
326.84,173,224
327.63,173,223
328.39,173,217
329.19,180,212
329.99,184,193
330.79,476,190
331.59,483,210
332.39,479,151
333.19,523,219
333.99,554,228
334.79,554,233
335.59,538,232
336.39,554,234
337.19,538,233
337.86,538,233
338.65,538,232
339.45,538,234
340.24,523,233
341.03,523,234
341.82,538,234
342.62,523,235
343.41,523,233
344.20,523,233
344.99,523,234
345.79,523,233
346.58,523,232
347.37,507,229
348.12,386,223
348.87,374,229
349.63,368,232
350.38,365,236
351.13,363,236
351.88,374,235
352.63,380,228
353.38,383,225
354.14,459,227
354.89,507,233
355.64,523,237
356.43,523,231
357.22,523,225
358.02,569,210
358.81,335,212
359.60,459,221
0.39,386,225
1.19,374,214
1.98,361,148
2.77,348,145
3.56,367,158
4.36,554,211
5.15,538,228
5.94,538,233
6.74,538,231
7.54,538,234
8.34,538,231
9.14,554,234
9.94,554,235
10.74,554,234
11.54,554,235
12.34,554,224
13.14,335,212
13.94,315,225
14.74,305,229
15.54,300,219
16.29,304,215
17.03,569,218
17.78,362,219
18.53,355,215
19.28,345,227
20.02,333,228
20.77,334,217
21.52,314,212
22.27,298,210
23.01,290,212
23.76,286,212
24.59,297,180
25.38,289,226
26.18,272,238
26.97,277,239
27.76,286,231
28.55,415,217
29.35,415,228
30.14,429,233
30.93,429,233
31.72,422,234
32.52,418,235
33.31,409,233
34.10,404,230
34.86,402,232
35.63,401,232
36.39,393,233
37.16,389,235
37.92,387,232
38.69,374,235
39.45,368,234
40.22,365,235
40.98,357,235
41.75,353,235
42.51,344,229
43.34,339,228
44.13,330,236
44.91,332,238
45.70,333,235
46.48,327,235
47.27,324,236
48.05,323,235
48.84,322,236
49.62,315,238
50.41,312,237
51.19,310,238
51.98,309,236
52.79,309,238
53.58,302,237
54.38,298,237
55.17,296,236
55.96,295,238
56.75,295,236
57.55,295,237
58.34,295,234
59.13,295,239
59.92,295,235
60.72,281,237
61.51,281,239
62.30,281,240
63.09,281,238
63.87,281,235
64.66,281,240
65.45,281,239
66.24,274,235
67.02,278,239
67.81,280,235
68.60,281,237
69.39,281,238
70.17,274,239
70.96,278,237
71.83,280,236
72.62,281,238
73.41,274,236
74.20,278,234
74.99,280,230
75.78,281,234
76.56,274,237
77.35,271,237
78.14,269,238
78.93,268,237
79.72,241,235
80.51,244,234
81.30,242,233
82.09,245,232
82.88,229,235
83.67,228,232
84.46,234,232
85.25,237,231
86.05,232,233
86.84,237,231
87.63,241,230
88.42,261,232
89.21,271,234
90.00,276,236
90.79,272,235
91.56,270,237
92.34,276,236
93.11,279,239
93.88,273,237
94.66,270,237
95.43,262,237
96.21,258,240
96.98,256,240
97.75,241,236
98.53,234,237
99.30,237,237
100.17,241,236
100.96,244,235
101.74,242,236
102.53,245,239
103.31,250,237
104.10,241,238
104.88,254,237
105.67,254,237
106.45,254,238
107.24,254,237
108.02,241,238
108.81,254,239
109.64,261,237
110.43,258,238
111.22,263,239
112.01,265,237
112.80,273,238
113.59,291,236
114.39,300,236
115.18,304,234
115.97,319,218
116.76,320,90
117.55,214,122
118.34,227,155
119.09,234,213
119.91,231,218
120.74,229,217
121.56,228,213
122.38,234,213
123.21,237,210
124.03,239,211
124.86,240,211
125.68,240,211
126.50,240,211
127.33,240,214
128.15,240,220
128.94,227,227
129.73,220,218
130.53,217,214
131.32,229,227
132.11,228,235
132.90,234,224
133.70,251,219
134.49,259,213
135.28,241,180
136.07,244,193
136.87,256,187
137.66,228,161
138.42,238,132
139.23,242,113
140.03,262,193
140.84,265,161
141.65,266,190
142.45,267,187
143.26,274,151
144.06,271,177
144.87,276,87
145.68,214,74
146.48,174,48
147.29,282,126
148.09,288,148
148.89,291,168
149.68,300,122
150.48,304,132
151.27,299,161
152.07,304,171
152.86,306,180
153.66,307,158
154.45,308,142
155.25,554,155
156.04,585,227
156.84,585,226
157.76,335,221
158.55,335,223
159.34,335,230
160.13,328,232
160.92,318,230
161.71,320,234
162.49,314,236
163.28,311,233
164.07,310,234
164.86,309,234
165.65,315,233
166.44,325,232
167.30,330,232
168.13,339,222
168.95,1489,220
169.78,1473,230
170.61,1489,227
171.43,6336,212
172.26,1505,197
173.08,1489,220
173.91,1489,220
174.74,538,225
175.56,538,229
176.39,538,230
177.19,523,228
177.98,523,223
178.77,523,220
179.57,507,213
180.36,188,227
181.15,188,228
181.94,181,237
182.73,177,231
183.52,175,223
184.32,174,218
185.11,174,224
185.90,146,238
186.69,132,241
187.52,125,243
188.36,107,241
189.19,105,239
190.02,104,239
190.86,111,239
191.69,107,242
192.53,113,243
193.36,116,236
194.19,125,226
195.03,149,228
195.86,161,232
196.69,167,234
197.45,170,236
198.20,172,237
198.96,173,232
199.72,180,227
200.48,210,223
201.23,225,227
201.99,233,228
202.75,237,228
203.51,239,227
204.26,240,223
205.02,240,215
205.85,897,220
206.64,881,229
207.44,897,225
208.23,912,230
209.02,912,240
209.81,569,218
210.61,538,228
211.40,523,231
212.19,523,228
212.98,507,229
213.78,507,232
214.57,507,232
215.36,507,230
216.15,499,231
216.95,495,232
217.74,493,233
218.53,507,236
219.33,507,229
220.12,491,231
220.92,507,234
221.71,507,232
222.50,523,234
223.30,538,231
224.09,538,234
224.89,538,232
225.69,538,234
226.49,538,232
227.29,538,236
228.09,554,231
228.89,585,232
229.69,569,233
230.49,585,234
231.29,554,232
232.09,585,233
232.89,585,235
233.69,601,231
234.52,569,232
235.31,601,235
236.10,601,234
236.89,601,233
237.68,616,235
238.47,616,235
239.25,616,232
240.04,632,238
240.83,616,236
241.62,647,234
242.41,647,234
243.20,647,235
243.99,647,235
244.80,647,235
245.60,663,237
246.41,647,237
247.22,663,236
248.03,647,235
248.83,647,235
249.64,647,235
250.45,647,237
251.26,647,235
252.06,647,238
252.87,647,236
253.63,647,237
254.42,647,235
255.21,647,234
256.01,647,234
256.80,647,233
257.59,647,234
258.38,647,234
259.17,632,237
259.96,632,239
260.76,616,225
261.55,585,225
262.34,569,225
262.83,569,229
263.62,554,230
264.41,538,231
265.21,538,229
266.00,523,228
266.79,523,231
267.58,507,232
268.37,499,229
269.16,495,229
269.96,493,231
270.75,484,233
271.54,471,233
272.34,457,232
273.16,443,230
273.98,436,231
274.80,425,236
275.62,420,236
276.44,417,232
277.26,408,233
278.08,404,234
278.90,402,233
279.72,401,232
280.54,393,233
281.36,396,234
282.11,398,234
282.90,399,233
283.70,399,233
284.49,399,236
285.28,399,235
286.07,399,235
286.87,407,238
287.66,403,233
288.45,394,232
289.24,390,232
290.04,388,235
290.83,387,235
291.62,393,234
292.41,404,233
293.20,417,226
293.99,819,221
294.78,819,225
295.57,819,224
296.37,834,223
297.16,850,226
297.95,850,228
298.74,881,234
299.53,866,235
300.32,834,231
301.11,756,232
301.90,772,217
302.70,523,210
303.49,756,215
304.28,772,213
305.08,772,211
305.87,444,138
306.67,437,155
307.46,426,190
308.25,420,210
309.05,410,184
309.84,386,180
310.64,367,158
311.43,364,174
312.22,174,211
313.01,194,216
313.80,184,221
314.59,179,225
315.37,176,228
316.16,175,228
316.95,162,228
317.74,168,230
318.53,158,231
319.32,153,231
320.15,151,233
320.94,162,233
321.73,168,234
322.53,171,233
323.32,172,229
324.11,173,228
324.90,173,231
325.69,161,226
326.48,167,226
327.28,170,221
328.07,179,215
328.86,183,211
329.66,185,164
330.49,476,193
331.32,476,206
332.15,476,210
332.98,569,219
333.81,554,229
334.65,538,231
335.48,538,232
336.31,538,236
337.14,538,230
337.97,538,233
338.80,538,233
339.59,538,234
340.38,538,234
341.18,538,232
341.97,523,234
342.76,538,230
343.56,523,234
344.35,523,231
345.15,523,231
345.94,523,232
346.73,523,234
347.53,507,228
348.32,386,223
349.11,386,227
349.84,374,235
350.58,368,234
351.31,365,235
352.05,375,234
352.78,380,233
353.52,383,222
354.25,459,226
354.99,507,234
355.72,523,232
356.46,523,234
357.19,523,225
357.98,538,211
358.77,322,211
359.57,430,221
0.36,408,224
1.15,385,213
1.95,392,103
2.74,309,177
3.54,322,151
4.33,554,212
5.12,538,227
5.92,538,232
6.71,538,233
7.47,538,234
8.26,538,233
9.06,554,233
9.85,554,234
10.64,554,236
11.43,554,234
12.23,554,226
13.02,335,211
13.81,322,229
14.60,308,231
15.40,301,220
16.19,305,215
17.02,569,219
17.79,349,223
18.56,349,218
19.33,335,224
20.10,328,228
20.87,325,217
21.65,310,214
22.42,296,211
23.19,289,211
23.96,285,212
24.73,283,211
25.50,289,228
26.32,278,237
27.11,280,237
27.91,287,230
28.70,400,220
29.49,422,228
30.29,433,234
31.08,431,233
31.88,423,234
32.67,419,234
33.46,417,232
34.26,408,232
35.05,404,234
35.84,395,234
36.62,390,233
37.39,388,236
38.17,375,234
38.95,368,232
39.73,365,234
40.50,357,233
41.28,353,233
42.06,351,235
42.84,343,231
43.61,339,229
44.39,330,233
45.18,332,234
45.96,320,236
46.73,321,238
47.51,321,239
48.29,321,237
49.07,321,234
49.84,315,236
50.62,312,237
51.40,310,238
52.18,309,234
52.95,309,238
53.73,309,236
54.56,302,236
55.35,298,238
56.13,296,238
56.92,295,235
57.71,295,238
58.49,295,237
59.28,295,237
60.06,281,236
60.85,281,236
61.64,288,235
62.42,285,234
63.21,283,238
64.04,282,238
64.84,282,235
65.65,282,237
66.45,282,237
67.25,282,236
68.05,275,236
68.86,278,237
69.66,280,238
70.46,281,238
71.26,281,240
72.07,281,238
72.87,281,235
73.67,281,238
74.46,281,231
75.25,281,232
76.04,281,235
76.83,281,238
77.62,274,238
78.41,264,239
79.20,266,236
79.99,260,236
80.78,264,237
81.57,241,236
82.36,234,231
82.72,224,233
83.51,226,229
84.29,233,232
85.08,230,228
85.87,239,233
86.65,243,230
87.44,262,232
88.22,272,231
89.01,277,234
89.80,272,233
90.58,263,234
91.37,265,236
92.20,273,238
93.02,277,239
93.84,266,235
94.66,260,238
95.48,257,238
96.30,256,239
97.12,255,241
97.94,241,237
98.76,241,236
99.58,241,235
100.40,241,237
101.22,241,237
102.01,244,237
102.81,242,237
103.60,241,238
104.40,244,238
105.20,246,238
105.99,243,236
106.79,246,240
107.58,250,237
108.38,252,239
109.18,253,239
109.97,260,238
110.77,264,238
111.53,266,238
112.33,267,237
113.13,274,236
113.93,284,241
114.73,289,234
115.53,299,233
116.33,304,203
117.13,228,90
117.93,234,119
118.73,251,210
119.53,228,217
120.33,228,219
121.16,228,215
121.95,228,213
122.74,234,211
123.53,231,210
124.32,229,211
125.11,235,212
125.90,231,211
126.69,236,212
127.48,232,216
128.27,230,223
129.06,222,225
129.85,225,214
130.64,226,217
131.44,233,232
132.23,230,234
133.03,235,220
133.83,238,217
134.62,239,211
135.42,243,193
136.21,246,210
137.01,250,177
137.81,252,168
138.60,260,164
139.40,264,210
140.12,322,132
140.93,322,145
141.74,241,184
142.55,261,142
143.36,271,187
144.17,276,155
144.98,279,67
145.79,267,61
146.60,281,87
147.41,281,132
148.22,295,142
149.03,288,158
149.79,291,158
150.61,300,168
151.43,311,158
152.25,310,168
153.07,309,161
153.89,322,158
154.70,328,193
155.52,601,210
156.34,585,225
157.16,585,224
157.98,335,225
158.80,328,222
159.59,331,230
160.38,333,232
161.18,327,231
161.97,318,235
162.76,313,236
163.56,311,234
164.35,310,235
165.15,309,233
165.94,315,233
166.73,325,235
167.53,330,234
168.32,346,221
169.11,1489,220
169.90,1489,230
170.69,1489,227
171.48,6321,211
172.27,1255,151
173.06,1489,220
173.85,1489,218
174.64,538,226
175.43,538,225
176.22,538,229
177.01,523,226
177.80,523,225
178.60,523,218
179.42,538,213
180.24,174,217
181.06,174,226
181.88,174,237
182.70,174,229
183.51,174,220
184.33,181,219
185.15,165,220
185.97,149,235
186.79,134,240
187.61,119,244
188.37,96,238
189.17,100,240
189.96,102,240
190.76,103,241
191.56,103,246
192.35,111,243
193.15,115,239
193.94,124,227
194.74,149,227
195.54,161,232
196.33,167,232
197.13,170,234
197.92,172,238
198.72,173,232
199.53,193,227
200.33,210,225
201.13,225,226
201.94,233,227
202.74,237,228
203.55,232,227
204.35,236,221
205.15,240,217
205.96,881,220
206.76,866,228
207.59,881,225
208.38,912,228
209.17,912,240
209.96,943,220
210.75,538,228
211.54,538,228
212.32,523,233
213.11,523,228
213.90,507,232
214.69,507,231
215.48,507,231
216.27,499,230
217.07,487,230
217.89,489,235
218.72,507,233
219.54,499,230
220.36,495,232
221.18,507,231
222.01,507,233
222.83,523,234
223.65,538,232
224.47,538,234
225.30,538,231
226.12,538,236
226.88,538,233
227.64,538,232
228.40,554,232
229.16,569,234
229.92,585,235
230.68,585,235
231.44,585,234
232.20,585,234
232.96,585,233
233.72,601,236
234.48,569,230
235.24,601,238
236.07,601,234
236.86,601,236
237.65,601,236
238.44,616,234
239.23,616,231
240.02,632,231
240.81,616,234
241.60,647,235
242.39,647,233
243.18,647,235
243.97,632,236
244.76,647,236
245.55,663,236
246.33,647,239
247.10,647,235
247.88,647,236
248.66,647,236
249.44,647,236
250.21,632,236
250.99,647,236
251.77,647,239
252.55,647,237
253.32,647,235
254.10,647,236
254.89,647,232
255.68,647,234
256.48,647,233
257.27,632,234
258.06,647,236
258.86,647,237
259.65,632,236
260.45,616,225
261.24,585,227
262.03,570,226
262.83,570,229
263.62,554,227
264.41,538,230
265.20,538,229
265.98,523,232
266.77,523,229
267.56,507,230
268.35,507,231
269.13,499,232
269.92,495,233
270.71,485,232
271.50,480,235
272.28,469,230
273.07,457,231
273.89,443,233
274.71,429,234
275.53,422,235
276.35,418,231
277.17,409,233
277.99,405,234
278.81,395,232
279.63,398,235
280.45,399,235
281.27,400,235
282.09,393,234
282.91,397,234
283.67,391,233
284.49,396,235
285.32,398,235
286.14,399,235
286.96,407,234
287.78,404,233
288.61,395,235
289.43,390,233
290.25,388,233
291.07,387,236
291.90,394,234
292.72,404,235
293.48,417,223
294.27,819,221
295.07,819,223
295.86,835,224
296.65,835,225
297.44,850,228
298.24,850,229
299.03,881,233
299.82,866,237
300.61,850,234
301.41,757,232
302.20,772,213
303.03,523,210
303.82,788,214
304.60,772,212
305.39,757,210
306.18,430,171
306.96,437,193
307.75,386,184
308.53,393,174
309.32,389,168
310.11,387,164
310.89,408,145
311.68,385,151
312.44,201,211
313.23,187,217
314.03,180,221
314.82,177,225
315.61,175,226
316.41,174,229
317.20,161,229
318.00,155,228
318.79,152,231
319.58,150,228
320.38,149,229
321.17,161,234
322.00,155,234
322.79,152,232
323.59,163,233
324.38,168,230
325.17,171,229
325.96,172,228
326.76,173,226
327.55,173,221
328.34,180,215
329.13,177,211
329.93,476,151
330.72,476,193
331.55,476,193
332.35,476,155
333.15,554,222
333.95,554,231
334.75,538,234
335.55,538,233
336.35,554,236
337.15,538,234
337.95,538,233
338.75,538,234
339.55,538,233
340.35,538,233
341.14,538,234
341.94,523,232
342.73,538,233
343.53,538,233
344.33,523,233
345.12,523,232
345.92,523,233
346.71,523,233
347.51,507,225
348.31,386,223
349.10,374,228
349.90,368,233
350.66,358,238
351.44,360,237
352.21,373,234
352.99,379,228
353.77,382,222
354.55,476,228
355.32,523,234
356.10,523,235
356.88,523,231
357.66,523,221
358.43,538,210
359.21,507,215
0.04,491,222
0.80,386,219
1.55,374,211
2.31,322,132
3.07,322,174
3.83,329,151
4.58,538,215
5.34,538,230
6.10,538,231
6.86,538,233
7.61,538,233
8.37,538,234
9.16,554,235
9.95,554,234
10.75,554,234
11.54,554,234
12.33,570,221
13.12,309,213
13.92,302,228
14.71,298,227
15.50,303,216
16.29,306,215
17.09,362,218
17.88,362,220
18.68,355,219
19.48,338,228
20.29,330,227
21.09,306,215
21.89,294,212
22.69,288,212
23.50,285,212
24.30,276,212
25.10,292,210
25.90,287,235
26.71,277,236
27.51,279,235
28.38,287,230
29.17,445,224
29.96,445,232
30.75,437,233
31.54,433,235
32.33,424,235
33.11,419,233
33.90,417,233
34.69,409,233
35.48,405,233
36.27,395,234
37.06,390,232
37.40,388,234
38.18,375,233
38.95,368,234
39.73,365,233
40.51,363,233
41.28,356,237
42.06,352,232
42.83,344,231
43.61,333,230
44.39,334,236
45.16,335,237
45.94,322,235
46.73,315,235
47.52,318,237
48.31,320,237
49.10,321,236
49.89,315,235
50.68,318,237
51.47,313,235
52.26,311,239
53.05,310,237
53.84,302,237
54.63,298,235
55.42,296,237
56.22,295,236
57.01,295,239
57.80,295,238
58.59,295,236
59.38,295,237
60.17,295,233
60.95,281,236
61.74,274,236
62.53,271,237
63.32,276,235
64.11,279,239
64.90,280,239
65.77,274,238
66.54,278,239
67.31,273,236
68.08,277,236
68.85,272,238
69.62,277,237
70.39,272,237
71.16,277,238
71.93,279,238
72.70,280,240
73.47,281,235
74.24,281,234
75.04,281,231
75.81,281,236
76.57,274,238
77.34,271,236
78.11,269,238
78.88,268,236
79.64,261,238
80.41,264,235
81.18,241,233
81.95,241,232
82.71,228,235
83.48,228,232
84.27,234,235
85.06,231,229
85.85,240,234
86.64,240,232
87.43,254,231
88.22,268,232
89.00,268,237
89.79,275,236
90.58,278,232
91.37,266,235
92.16,274,239
92.95,278,238
93.78,273,236
94.60,270,236
95.41,262,238
96.23,258,240
97.05,256,239
97.86,255,238
98.68,241,235
99.49,234,236
100.31,237,235
101.13,239,235
101.94,243,236
102.76,242,238
103.56,241,236
104.37,244,238
105.17,246,237
105.98,243,240
106.79,242,238
107.59,245,237
108.40,243,239
109.20,255,239
110.01,255,238
110.82,261,241
111.62,258,238
112.43,263,237
113.15,272,238
113.95,322,240
114.74,308,232
115.54,301,230
116.34,291,145
117.13,228,77
117.93,309,122
118.72,228,211
119.52,228,219
120.32,228,221
121.11,228,215
121.91,228,213
122.70,228,211
123.53,234,210
124.36,231,212
125.19,236,213
126.02,238,212
126.85,233,213
127.68,230,217
128.51,222,224
129.34,218,222
130.17,216,213
131.00,228,222
131.83,234,232
132.66,237,232
133.45,239,220
134.25,243,214
135.04,255,210
135.83,255,177
136.62,261,177
137.42,285,171
138.21,270,174
139.00,269,174
139.79,275,151
140.59,271,151
141.38,276,158
142.17,279,187
142.98,273,148
143.78,277,164
144.59,279,158
145.40,119,67
146.20,81,61
147.01,295,116
147.81,288,142
148.62,291,142
149.43,300,158
150.23,297,161
151.04,303,168
151.80,312,174
152.60,310,161
153.41,309,184
154.21,309,177
155.01,315,184
155.82,585,220
156.62,585,228
157.43,336,220
158.23,336,224
159.03,336,224
159.84,336,231
160.64,329,230
161.47,325,234
162.26,317,236
163.06,313,234
163.85,311,234
164.64,310,236
165.43,316,233
166.23,319,233
167.02,327,235
167.81,331,231
168.60,1505,213
169.40,1489,226
170.19,1489,229
170.98,1505,220
171.77,6321,212
172.56,1489,214
173.35,1489,222
174.14,538,215
174.93,523,227
175.73,538,228
176.52,523,232
177.31,507,225
178.10,523,225
178.89,523,217
179.68,215,214
180.47,201,223
181.30,187,232
182.14,180,237
182.97,177,224
183.80,182,221
184.63,185,219
185.47,152,227
186.30,135,238
187.13,119,242
187.96,111,242
188.80,107,239
189.63,105,241
190.39,104,239
191.18,104,241
191.98,111,245
192.77,115,242
193.56,117,233
194.35,125,225
195.15,129,228
195.94,151,232
196.73,162,233
197.52,168,238
198.32,171,234
199.11,172,230
199.94,186,226
200.73,207,224
201.53,224,228
202.32,226,229
203.11,233,227
203.91,237,228
204.70,239,221
205.50,881,216
206.29,881,222
207.08,881,229
207.88,881,229
208.67,912,232
209.42,912,238
210.21,538,221
211.00,538,228
211.79,538,229
212.58,523,228
213.37,507,230
214.17,507,231
214.96,507,230
215.75,507,230
216.54,499,230
217.33,495,232
218.12,493,233
218.91,492,234
219.70,507,230
220.50,499,231
221.29,523,233
222.08,507,234
222.87,523,237
223.67,538,233
224.46,538,233
225.25,538,231
226.04,538,234
226.84,538,234
227.63,538,234
228.42,570,231
229.18,585,234
229.95,585,235
230.71,585,233
231.48,570,233
232.24,570,232
233.01,585,235
233.77,601,231
234.54,585,232
235.30,601,238
236.07,601,235
236.83,601,234
237.58,616,236
238.37,616,235
239.17,616,233
239.96,632,233
240.75,632,237
241.55,647,234
242.34,647,234
243.14,632,236
243.93,647,235
244.72,647,237
245.52,663,235
246.31,647,236
247.10,647,236
247.88,647,237
248.65,647,233
249.43,647,237
250.21,632,236
250.99,647,237
251.76,647,238
252.54,647,238
253.32,647,236
254.10,647,233
254.87,647,235
255.65,647,235
256.44,647,233
257.22,647,235
258.00,647,234
258.78,647,236
259.56,632,239
260.34,616,229
261.13,601,225
261.91,570,226
262.69,570,228
263.47,554,230
264.25,538,230
265.03,538,231
265.78,523,230
266.57,523,231
267.36,507,231
268.15,507,230
268.94,499,230
269.73,487,235
270.52,481,231
271.31,478,235
272.10,461,234
272.89,453,232
273.68,441,234
274.47,428,234
275.33,421,235
276.13,418,235
276.93,409,233
277.73,405,235
278.53,403,232
279.33,394,232
280.13,390,234
280.93,395,232
281.73,390,234
282.53,395,234
283.33,398,232
284.13,399,234
284.96,400,234
285.78,400,235
286.59,407,234
287.41,411,233
288.23,406,234
289.04,396,234
289.86,391,234
290.67,388,234
291.49,394,234
292.31,397,234
293.12,406,232
293.94,803,217
294.74,819,224
295.54,819,223
296.33,835,223
297.13,850,228
297.93,850,228
298.72,866,232
299.52,881,237
300.31,850,235
301.11,757,231
301.91,772,223
302.70,507,210
303.50,772,211
304.29,772,215
305.09,772,212
305.89,772,168
306.69,415,174
307.49,422,145
308.29,418,168
309.09,402,177
309.89,394,177
310.69,378,171
311.49,370,180
312.29,174,211
313.09,174,216
313.85,174,222
314.65,174,223
315.44,174,225
316.24,174,227
317.03,174,230
317.83,161,229
318.62,155,233
319.42,152,230
320.21,150,231
321.01,149,234
321.80,149,233
322.60,149,232
323.40,161,232
324.20,155,229
324.99,164,230
325.79,169,230
326.58,171,224
327.38,172,223
328.17,180,220
328.97,184,215
329.76,159,193
330.56,476,180
331.35,476,203
332.15,476,155
332.91,570,213
333.71,554,227
334.52,554,232
335.32,554,231
336.12,538,232
336.93,538,235
337.73,538,231
338.54,538,237
339.34,538,232
340.14,538,233
340.95,538,231
341.75,523,233
342.58,523,235
343.37,523,231
344.16,523,234
344.95,523,231
345.74,523,234
346.53,523,232
347.31,523,227
348.10,386,223
348.89,374,231
349.68,368,233
350.47,365,235
351.26,363,237
352.06,374,235
352.82,380,231
353.59,383,224
354.35,476,228
355.11,523,234
355.88,507,232
356.64,523,232
357.41,523,223
358.17,538,203
358.93,507,213
359.70,483,221
0.46,386,222
1.22,367,212
2.00,344,158
2.78,333,151
3.56,327,161
4.34,570,211
5.12,538,230
5.91,538,234
6.69,538,233
7.47,538,234
8.25,554,235
9.03,554,233
9.81,554,233
10.64,554,235
11.43,554,233
12.22,570,220
13.01,309,215
13.80,302,229
14.59,298,227
15.37,296,216
16.16,309,214
16.95,554,218
17.74,362,218
18.53,355,218
19.32,338,230
20.11,330,228
20.91,319,216
21.72,300,211
22.52,291,211
23.32,293,212
24.13,280,211
24.93,287,211
25.74,284,238
26.54,283,239
27.34,282,235
28.15,288,229
28.95,445,225
29.74,445,229
30.53,430,231
31.33,430,233
32.12,422,236
32.92,418,236
33.71,409,234
34.51,405,233
35.30,403,233
36.10,394,232
36.89,390,235
37.69,388,231
38.48,375,231
39.23,368,236
40.02,365,233
40.81,357,231
41.60,353,233
42.39,351,234
43.18,343,228
43.96,339,230
44.75,337,237
45.54,329,235
46.33,325,232
47.12,323,237
47.91,322,235
48.71,315,235
49.48,318,234
50.24,320,235
51.01,307,235
51.78,308,239
52.55,308,235
53.31,308,235
54.08,308,238
54.85,308,236
55.62,301,236
56.38,298,237
57.15,296,236
57.91,295,235
58.71,295,237
59.50,295,237
60.30,288,235
61.09,291,238
61.89,286,236
62.68,284,236
63.48,283,236
64.27,282,235
65.07,282,239
65.86,282,240
66.66,282,238
67.58,282,237
68.37,282,237
69.16,275,234
69.96,271,236
70.75,276,234
71.54,279,237
72.33,280,238
73.12,281,235
73.91,281,234
74.71,281,231
75.50,281,234
76.29,281,238
77.05,281,238
77.83,274,236
78.61,271,239
79.39,269,238
80.17,241,235
80.95,241,237
81.74,241,230
82.52,227,234
83.30,227,232
84.08,237,232
84.86,239,231
85.64,233,231
86.43,238,232
87.22,242,232
88.02,262,230
88.81,265,233
89.60,273,235
90.39,270,236
91.19,262,236
91.98,265,237
92.77,273,235
93.56,277,237
94.36,272,236
95.15,270,238
95.94,262,240
96.70,258,239
97.45,241,239
98.21,241,235
98.97,254,234
99.73,241,236
100.48,244,235
101.24,246,235
102.00,250,236
102.76,252,238
103.51,253,237
104.27,254,239
105.14,254,237
105.94,261,239
106.75,258,238
107.55,256,237
108.35,241,238
109.16,254,238
109.96,261,239
110.77,264,240
111.57,266,238
112.37,267,238
113.18,281,237
113.98,301,239
114.77,298,231
115.56,303,228
116.36,386,151
117.15,241,96
117.94,241,148
118.73,241,214
119.53,234,219
120.32,231,221
121.11,229,216
121.90,235,213
122.70,238,213
123.49,233,200
124.28,230,211
125.08,235,212
125.88,238,212
126.68,233,212
127.48,223,217
128.28,218,223
129.09,216,223
129.89,222,214
130.69,225,219
131.49,233,236
132.29,230,232
133.09,235,221
133.91,240,215
134.71,240,211
135.52,243,180
136.32,255,200
137.13,261,168
137.93,264,148
138.74,279,138
139.54,273,142
140.35,241,161
141.15,254,168
141.96,268,193
142.76,268,168
143.51,268,171
144.31,288,164
145.10,291,61
145.90,74,74
146.69,295,74
147.49,288,158
148.28,298,138
149.08,296,151
149.87,315,138
150.67,318,171
151.46,306,174
152.26,314,193
153.06,311,171
153.87,316,171
154.67,312,158
155.48,601,212
156.29,585,229
157.09,585,222
157.90,335,221
158.70,328,222
159.51,331,229
160.32,326,231
161.12,324,233
161.93,316,236
162.73,312,234
163.52,310,233
164.31,309,236
165.11,309,236
165.90,315,233
166.69,325,235
167.48,330,234
168.27,339,222
169.06,1489,222
169.86,1489,229
170.65,1489,228
171.44,6336,213
172.24,1255,174
173.04,1489,222
173.85,1489,219
174.65,538,226
175.45,538,228
176.26,538,230
177.06,523,224
177.87,507,224
178.67,523,222
179.47,214,213
180.28,201,222
181.08,194,228
181.83,184,235
182.62,179,232
183.42,176,220
184.21,182,220
185.00,178,219
185.80,148,235
186.59,133,241
187.39,118,244
188.18,103,238
188.97,103,239
189.77,103,240
190.56,111,236
191.36,107,242
192.15,113,241
192.94,108,238
193.74,121,230
194.53,135,224
195.32,142,233
196.11,158,234
196.90,166,234
197.69,170,238
198.49,172,233
199.28,180,229
200.07,210,226
200.83,225,227
201.62,233,229
202.42,237,226
203.21,239,230
204.00,240,225
204.80,240,220
205.59,866,218
206.39,881,224
207.18,881,228
207.97,897,229
208.77,912,238
209.56,928,229
210.36,554,224
211.14,538,229
211.92,523,232
212.70,523,230
213.48,507,229
214.26,507,229
215.04,507,231
215.82,499,232
216.60,495,229
217.38,493,233
218.16,507,234
218.94,499,230
219.70,487,230
220.49,507,232
221.29,507,230
222.08,507,236
222.87,538,232
223.66,523,234
224.46,538,234
225.25,538,233
226.04,538,232
226.83,538,234
227.63,554,234
228.42,569,230
229.25,585,235
230.05,585,237
230.86,585,232
231.66,569,230
232.46,569,237
233.27,585,234
234.07,585,231
234.88,601,234
235.68,601,237
236.48,601,235
237.29,601,235
238.09,616,232
238.88,616,235
239.67,632,235
240.46,632,236
241.25,647,233
242.04,647,233
242.83,647,235
243.63,647,236
244.42,647,238
245.21,663,238
246.00,663,235
246.79,663,235
247.58,663,237
248.33,647,237
249.12,647,237
249.92,647,237
250.71,647,238
251.50,647,238
252.29,647,235
253.09,647,235
253.88,647,236
254.67,632,234
255.46,647,234
256.26,647,234
257.05,647,236
257.88,647,235
258.68,632,236
259.49,632,237
260.29,616,229
261.09,601,227
261.90,585,226
262.70,569,230
263.51,554,229
264.31,554,231
265.11,538,231
265.92,523,231
266.72,523,229
267.51,507,230
268.30,507,229
269.10,499,232
269.89,495,234
270.68,493,232
271.47,484,234
272.27,464,234
273.06,454,231
273.85,442,233
274.64,428,235
275.44,421,233
276.23,418,234
277.02,409,234
277.83,404,235
278.65,402,232
279.46,394,233
280.27,397,233
281.09,391,235
281.90,395,234
282.72,390,235
283.53,395,233
284.34,397,234
285.16,398,232
285.97,399,234
286.83,407,236
287.65,411,234
288.46,405,236
289.28,395,234
290.10,390,234
290.92,388,237
291.73,394,235
292.55,404,234
293.37,417,228
294.19,803,220
295.00,819,225
295.82,834,225
296.61,834,227
297.40,850,226
298.20,850,229
298.99,881,233
299.78,866,236
300.57,834,234
301.37,756,232
302.16,788,216
302.95,507,210
303.74,756,215
304.54,756,213
305.33,772,211
306.08,444,168
306.86,444,168
307.64,429,158
308.42,422,187
309.20,411,184
309.98,398,174
310.77,380,148
311.55,174,142
312.33,174,213
313.11,161,217
313.89,167,221
314.67,158,224
315.43,153,224
316.22,163,229
317.01,156,231
317.81,152,231
318.60,150,230
319.39,162,232
320.18,155,233
320.97,164,233
321.76,156,234
322.56,152,234
323.35,163,232
324.14,168,231
324.90,171,228
325.70,172,226
326.49,173,226
327.29,180,221
328.08,177,217
328.88,195,211
329.67,157,177
330.47,476,174
331.26,483,174
332.06,487,180
332.85,554,220
333.65,554,232
334.45,554,235
335.32,538,232
336.18,538,230
337.05,538,231
337.91,538,234
338.78,538,236
339.64,538,233
340.51,538,233
341.37,538,232
342.24,523,233
343.10,523,233
343.97,523,233
344.72,523,231
345.45,523,231
346.19,523,231
346.92,523,230
347.65,523,223
348.39,386,224
349.12,374,232
349.86,368,232
350.59,365,235
351.32,363,236
352.06,374,234
352.79,380,226
353.62,383,221
354.41,491,229
355.20,507,233
355.98,523,233
356.77,523,227
357.56,538,215
358.35,322,211
359.14,476,216
359.93,415,223
0.71,400,217
1.50,393,210
2.29,322,122
3.08,322,184
3.86,328,210
4.64,554,221
5.42,538,230
6.20,538,232
6.98,538,233
7.75,538,235
8.53,538,235
9.31,554,233
10.09,554,236
10.87,554,234
11.65,554,232
12.45,585,214
13.24,309,221
14.03,309,228
14.82,302,223
15.61,305,214
16.40,585,217
17.20,585,216
17.99,349,219
18.78,342,221
19.57,332,230
20.36,327,222
21.15,338,213
22.02,316,212
22.83,299,210
23.64,290,213
24.46,279,180
25.27,287,218
26.08,277,238
26.89,279,240
27.70,280,235
28.51,287,226
29.33,444,225
30.14,444,230
30.95,444,234
31.74,429,236
32.49,422,233
33.24,418,236
33.99,409,234
34.74,404,232
35.49,402,234
36.24,394,235
36.99,390,230
37.74,376,232
38.49,381,233
39.24,371,235
39.99,366,233
40.79,357,235
41.58,353,236
42.38,344,233
43.17,339,232
43.96,337,235
44.76,336,238
45.55,335,234
46.35,335,233
47.14,328,237
47.93,325,235
48.73,323,236
49.52,322,236
50.32,315,238
51.12,312,239
51.92,310,236
52.72,309,235
53.52,302,239
54.32,305,236
55.11,300,238
55.91,297,237
56.71,296,238
57.51,289,238
58.31,292,239
59.11,293,238
59.94,287,235
60.73,284,237
61.53,283,236
62.32,282,236
63.11,282,237
63.90,282,238
64.70,282,237
65.49,282,239
66.28,282,237
67.07,275,235
67.87,278,237
68.66,280,239
69.45,281,238
70.24,281,238
71.04,281,237
71.83,281,238
72.63,281,239
73.42,281,238
74.22,281,237
75.01,281,232
75.81,281,232
76.60,274,237
77.40,278,236
78.19,273,236
78.98,270,238
79.71,269,237
80.44,262,236
81.17,265,237
81.90,241,233
82.63,227,235
83.37,220,230
84.10,230,231
84.83,235,231
85.56,231,231
86.29,282,231
87.02,268,231
87.85,268,231
88.64,268,231
89.44,275,233
90.23,271,236
91.02,276,236
91.82,272,235
92.61,270,233
93.41,269,238
94.20,262,237
94.99,265,237
95.79,260,237
96.58,257,240
97.47,256,238
98.27,241,237
99.06,244,237
99.86,246,237
100.66,237,236
101.46,239,236
102.25,240,237
103.05,240,235
103.85,240,239
104.65,240,237
105.44,243,237
106.24,246,240
107.00,250,238
107.78,252,237
108.55,253,238
109.33,254,238
110.11,261,240
110.88,264,239
111.66,266,239
112.43,267,239
113.21,281,238
113.99,281,239
114.76,295,233
115.54,308,231
116.33,328,193
117.12,214,61
117.92,282,93
118.71,228,211
119.51,221,218
120.30,231,220
121.10,229,214
121.89,228,214
122.69,221,211
123.48,232,203
124.28,230,211
125.07,235,212
125.86,231,213
126.65,236,212
127.45,238,214
128.24,226,225
129.03,220,222
129.82,217,215
130.62,222,218
131.41,231,234
132.20,229,233
132.99,235,221
133.79,240,216
134.58,240,211
135.34,243,161
136.17,255,200
137.00,261,158
137.84,241,135
138.67,261,119
139.50,271,148
140.33,263,145
141.16,265,161
141.99,266,190
142.83,287,148
143.66,271,158
144.49,276,138
145.28,292,87
146.07,349,51
146.86,74,64
147.65,282,151
148.44,288,161
149.23,291,177
150.03,293,142
150.82,294,151
151.61,301,177
152.40,298,187
153.19,310,148
153.98,316,155
154.81,319,158
155.60,616,210
156.39,585,229
157.18,585,222
157.97,335,222
158.76,328,224
159.55,331,228
160.34,326,229
161.13,324,234
161.92,323,238
162.71,316,236
163.50,312,236
164.29,310,236
165.11,316,235
165.93,325,231
166.75,330,235
167.57,332,236
168.39,340,219
169.20,1489,221
170.02,1489,230
170.84,1489,226
171.66,6321,214
172.48,1489,197
173.30,1489,221
174.13,1505,218
174.92,538,225
175.71,538,225
176.50,523,230
177.29,523,228
178.08,523,224
178.88,523,221
179.67,188,214
180.46,181,223
181.25,165,225
182.04,157,237
182.83,165,230
183.62,176,222
184.44,188,219
185.25,181,224
186.07,157,237
186.88,138,243
187.70,121,244
188.51,105,240
189.33,97,240
190.14,100,240
190.96,94,240
191.77,99,241
192.59,109,242
193.35,114,236
194.15,124,226
194.94,129,229
195.74,151,233
196.54,162,232
197.34,168,234
198.13,171,240
198.93,172,236
199.73,173,223
200.53,193,222
201.32,210,226
202.12,225,225
202.72,233,227
203.51,237,229
204.31,239,224
205.10,243,215
205.90,881,220
206.69,881,226
207.49,881,230
208.28,912,230
209.08,912,240
209.87,943,219
210.67,538,230
211.46,538,229
212.29,523,230
213.08,507,231
213.86,507,235
214.65,507,229
215.43,499,232
216.22,495,232
217.00,485,230
217.79,488,233
218.57,507,234
219.36,507,231
220.14,491,229
220.93,507,233
221.73,507,232
222.53,523,234
223.32,538,231
224.12,538,233
224.92,538,234
225.72,538,235
226.51,538,234
227.31,538,234
228.11,554,233
228.91,585,234
229.70,585,238
230.50,601,237
231.26,585,232
232.05,585,232
232.84,585,234
233.63,601,232
234.42,569,232
235.21,601,235
235.99,616,236
236.78,616,235
237.57,601,236
238.36,616,234
239.15,616,233
239.94,632,236
240.77,632,238
241.56,647,234
242.34,647,234
243.13,647,237
243.92,647,235
244.70,647,236
245.49,663,237
246.27,663,236
247.06,663,235
247.85,647,234
248.63,647,237
249.42,647,236
250.21,647,237
251.01,647,239
251.80,647,239
252.60,647,236
253.40,647,237
254.20,647,236
254.99,647,234
255.79,647,235
256.59,647,234
257.39,647,234
258.18,647,236
258.98,647,240
259.74,632,234
260.54,601,227
261.35,585,226
262.15,569,227
262.95,569,228
263.75,554,230
264.56,538,231
265.36,538,231
266.16,507,229
266.96,523,229
267.77,507,230
268.57,499,230
269.40,495,229
270.21,485,231
271.02,480,235
271.84,469,233
272.65,456,232
273.46,443,233
274.27,429,233
275.08,422,233
275.89,418,236
276.71,416,232
277.52,408,234
278.33,404,234
279.16,402,232
279.96,394,234
280.76,390,232
281.55,395,235
282.35,397,231
283.15,391,233
283.95,395,234
284.75,397,234
285.55,398,233
286.34,399,237
287.14,414,234
287.94,407,236
288.69,396,233
289.50,391,233
290.30,388,233
291.11,387,235
291.92,393,232
292.72,404,235
293.53,424,221
294.33,819,223
295.14,819,223
295.95,834,226
296.75,834,226
297.56,850,223
298.35,866,228
299.14,897,236
299.93,850,239
300.71,834,228
301.50,756,231
302.29,788,212
303.08,507,203
303.87,788,213
304.66,772,211
305.44,772,210
306.23,444,187
307.02,422,177
307.76,411,148
308.56,398,126
309.35,392,168
310.15,389,161
310.95,375,171
311.75,174,168
312.54,207,213
313.34,190,220
314.14,182,223
314.94,178,225
315.73,176,227
316.53,175,226
317.32,174,230
318.11,174,231
318.90,174,232
319.69,161,232
320.48,167,233
321.27,158,233
322.07,166,232
322.86,170,232
323.65,159,231
324.44,166,231
325.23,170,229
326.02,172,229
326.85,173,226
327.64,173,221
328.44,180,216
329.23,190,206
330.03,189,184
330.82,476,161
331.62,476,210
332.41,74,164
333.21,554,225
334.00,554,232
334.80,538,231
335.59,554,234
336.38,538,232
337.22,538,232
338.06,538,234
338.90,538,232
339.74,538,232
340.58,538,233
341.41,538,234
342.25,538,229
343.09,523,234
343.93,523,232
344.77,523,235
345.61,523,232
346.41,523,236
347.15,523,229
347.89,507,224
348.63,386,226
349.37,374,232
350.11,368,235
350.86,365,235
351.60,363,236
352.34,374,233
353.08,380,225
353.82,444,220
354.56,467,231
355.35,523,235
356.14,523,234
356.93,523,230
357.72,538,216
358.51,322,193
359.30,507,215
0.09,444,224
0.88,362,219
1.67,342,180
2.46,325,145
3.25,330,210
4.04,332,142
4.83,523,219
5.60,538,235
6.38,538,232
7.15,538,234
7.92,538,235
8.70,538,233
9.47,538,234
10.25,554,235
11.02,554,234
11.79,554,232
12.57,569,217
13.34,309,220
14.10,302,230
14.87,298,224
15.63,303,216
16.40,585,219
17.17,349,217
17.94,349,219
18.70,349,219
19.47,335,230
20.24,328,225
21.01,331,214
21.77,313,210
22.54,297,212
23.33,289,214
24.12,285,210
24.91,290,215
25.70,286,241
26.49,284,238
27.28,289,234
28.07,299,223
28.86,415,226
29.65,422,232
30.44,433,233
31.23,431,235
32.02,423,234
32.89,419,234
33.68,409,234
34.46,404,232
35.25,402,234
36.04,394,233
36.82,390,236
37.61,388,233
38.39,375,235
39.18,368,235
39.97,365,233
40.75,363,233
41.54,356,233
42.33,352,234
43.13,343,228
43.92,339,231
44.72,337,235
45.52,336,236
46.31,329,235
47.11,325,235
47.90,323,233
48.70,322,235
49.50,322,236
50.29,315,237
51.09,312,236
51.85,310,235
52.62,309,235
53.40,309,236
54.17,302,236
54.94,298,236
55.72,296,236
56.49,295,235
57.27,295,237
58.04,295,240
58.81,295,237
59.59,295,237
60.36,281,235
61.23,281,237
62.01,281,238
62.80,281,235
63.58,281,236
64.36,281,238
65.15,281,238
65.93,281,237
66.72,281,238
67.50,281,239
68.28,274,237
69.07,278,237
69.85,273,236
70.68,277,237
71.47,279,238
72.27,280,238
73.06,281,236
73.85,281,237
74.64,281,231
75.44,281,236
76.23,281,238
77.02,274,236
77.81,264,238
78.61,266,239
79.40,267,239
80.19,267,237
80.96,267,235
81.72,241,233
82.49,227,230
83.26,220,234
84.03,228,231
84.79,228,231
85.56,228,232
86.33,238,235
87.10,242,232
87.86,262,231
88.63,272,234
89.39,277,234
90.18,279,234
90.96,280,236
91.75,267,235
92.54,261,236
93.32,258,234
94.11,263,236
94.89,259,236
95.68,257,239
96.47,256,240
97.25,255,238
98.04,241,236
98.87,244,236
99.66,236,236
100.45,232,235
101.24,237,235
102.03,241,236
102.82,254,235
103.61,254,237
104.40,241,239
105.19,244,238
105.98,246,240
106.77,257,236
107.56,256,238
108.39,262,237
109.19,265,238
110.00,266,237
110.80,260,237
111.60,257,239
112.41,262,237
113.21,272,234
114.02,290,240
114.82,299,232
115.62,310,229
116.43,322,197
117.23,302,84
118.02,292,155
118.81,228,211
119.61,228,218
120.40,228,218
121.19,234,215
121.98,239,213
122.78,233,211
123.57,238,210
124.36,233,210
125.15,237,210
125.95,232,214
126.74,230,212
127.40,229,216
128.19,228,227
128.98,221,224
129.77,224,215
130.56,232,219
131.35,236,231
132.13,232,234
132.92,236,219
133.71,238,216
134.50,242,210
135.29,255,171
136.08,255,180
136.84,255,190
137.68,255,158
138.51,261,168
139.35,285,126
140.19,297,151
141.02,289,145
141.86,285,197
142.69,276,184
143.53,279,168
144.37,273,148
145.20,174,67
146.04,295,58
146.83,288,96
147.62,285,161
148.42,290,177
149.21,299,138
150.00,304,164
150.79,306,174
151.59,307,145
152.38,308,161
153.17,301,168
153.96,325,158
154.76,317,168
155.55,585,212
156.38,585,230
157.19,585,220
158.00,335,222
158.81,335,225
159.62,335,233
160.43,328,229
161.24,325,234
162.05,317,234
162.86,313,232
163.67,311,234
164.48,310,234
165.29,316,233
166.12,319,233
166.92,327,233
167.71,331,231
168.51,340,217
169.31,1489,224
170.10,1489,230
170.90,1505,224
171.69,6321,214
172.49,1489,212
173.29,1489,221
174.08,1505,214
174.88,538,225
175.64,538,230
176.43,523,231
177.22,523,229
178.01,507,223
178.80,523,222
179.59,188,214
180.38,188,224
181.17,181,229
181.96,177,238
182.75,175,225
183.54,174,220
184.33,194,219
185.16,184,225
185.99,151,238
186.82,127,242
187.65,108,242
188.48,106,240
189.31,97,241
190.13,100,241
190.96,94,239
191.79,99,242
192.62,109,241
193.45,114,233
194.28,124,227
195.07,149,231
195.85,161,233
196.62,167,235
197.40,170,238
198.18,172,235
198.96,173,233
199.73,193,224
200.51,210,224
201.29,225,227
202.07,233,230
202.84,237,229
203.62,239,227
204.41,240,223
205.20,881,216
206.00,881,222
206.79,881,229
207.58,897,227
208.38,912,232
209.17,928,241
209.97,554,225
210.76,538,227
211.55,538,229
212.35,523,228
213.14,507,229
213.97,507,230
214.77,507,233
215.58,507,230
216.38,499,234
217.18,495,231
217.98,493,231
218.79,507,234
219.59,507,229
220.39,507,232
221.19,523,233
222.00,507,233
222.80,523,231
223.60,538,233
224.39,538,234
225.19,554,232
225.98,538,234
226.77,538,234
227.56,538,233
228.36,569,233
229.15,585,233
229.94,585,237
230.73,601,233
231.53,569,233
232.32,569,233
232.90,585,237
233.70,601,233
234.49,601,234
235.29,601,234
236.09,616,232
236.88,616,236
237.68,601,237
238.47,601,235
239.27,632,234
240.07,647,235
240.86,647,236
241.66,647,233
242.42,647,234
243.21,632,236
244.01,647,235
244.80,663,236
245.59,663,235
246.38,663,235
247.18,663,236
247.97,647,236
248.76,647,236
249.55,647,237
250.35,647,236
251.14,647,237
251.94,647,234
252.73,647,236
253.53,647,237
254.32,647,233
255.11,647,232
255.90,632,234
256.70,632,236
257.49,647,235
258.28,647,234
259.07,632,235
259.87,616,234
260.66,601,225
261.45,585,226
262.27,569,227
263.09,554,230
263.91,554,230
264.73,538,232
265.55,523,229
266.37,523,231
267.19,507,232
268.01,507,232
268.83,499,233
269.65,495,230
270.47,485,233
271.23,480,232
272.03,469,232
272.84,456,231
273.64,443,231
274.44,429,231
275.24,422,235
276.05,418,235
276.85,416,236
277.65,408,234
278.45,404,233
279.26,402,232
280.06,401,233
280.86,400,234
281.65,393,233
282.44,396,236
283.23,391,234
284.02,395,235
284.81,397,234
285.59,391,235
286.38,395,238
287.17,412,234
287.96,406,233
288.75,396,234
289.54,391,235
290.37,388,233
291.21,387,236
292.04,393,234
292.88,404,235
293.72,417,216
294.55,819,223
295.39,819,222
296.22,834,224
297.06,834,224
297.90,850,227
298.73,866,228
299.57,881,236
300.33,850,237
301.12,772,230
301.91,756,225
302.70,507,212
303.49,772,212
304.28,772,215
305.07,756,212
305.86,476,184
306.65,467,164
307.44,415,210
308.23,429,187
309.02,422,168
309.85,404,168
310.64,383,145
311.42,359,168
312.21,149,187
313.00,161,214
313.78,167,220
314.57,170,223
315.35,159,225
316.14,166,230
316.93,170,231
317.71,159,228
318.50,154,229
319.33,164,233
320.12,169,233
320.92,171,230
321.71,160,232
322.50,154,232
323.29,151,234
324.09,162,232
324.88,168,231
325.67,171,228
326.46,172,227
327.26,173,223
328.05,173,221
328.81,173,215
329.60,161,210
330.40,476,164
331.19,453,158
331.98,464,168
332.78,523,203
333.57,538,226
334.37,554,230
335.16,554,232
335.95,554,232
336.75,538,233
337.54,538,235
338.30,538,235
339.09,538,236
339.89,538,234
340.68,538,232
341.47,538,231
342.26,538,233
343.06,523,232
343.85,523,232
344.64,523,234
345.43,523,232
346.23,523,233
347.02,523,228
347.81,523,221
348.56,386,225
349.31,374,233
350.06,368,235
350.81,365,238
351.56,375,234
352.32,380,236
353.07,383,224
353.82,444,220
354.57,460,230
355.32,507,234
356.07,523,235
356.86,523,232
357.66,538,215
358.45,309,210
359.25,444,219
0.05,422,225
0.84,362,218
1.64,348,161
2.43,295,135
3.23,308,168
4.03,362,126
4.82,538,223
5.62,538,231
6.41,538,231
7.18,538,234
7.95,538,233
8.72,554,231
9.49,554,235
10.26,554,234
11.04,554,235
11.81,554,235
12.58,569,213
13.35,309,220
14.12,302,231
14.89,298,224
15.72,303,216
16.51,585,217
17.30,362,217
18.09,355,219
18.88,345,221
19.67,333,232
20.46,327,224
21.25,324,214
22.04,303,211
22.83,292,212
23.62,280,212
24.41,281,210
25.17,281,215
25.97,274,240
26.77,278,240
27.57,280,235
28.37,294,225
29.17,415,224
29.96,429,231
30.76,429,230
31.56,429,232
32.36,422,234
33.16,418,235
33.96,416,233
34.72,408,233
35.48,404,234
36.24,395,232
37.00,390,233
37.76,388,232
38.52,387,233
39.29,374,236
40.05,368,233
40.81,358,232
41.57,353,234
42.33,344,230
43.09,339,230
43.84,337,231
44.66,336,238
45.49,329,233
46.31,325,236
47.13,323,233
47.96,322,236
48.78,315,236
49.61,305,236
50.43,307,236
51.25,308,236
52.08,308,236
52.90,308,237
53.66,308,235
54.46,308,236
55.25,308,237
56.05,301,238
56.84,298,236
57.64,296,236
58.43,295,237
59.23,295,239
60.02,288,238
60.82,285,236
61.61,283,235
62.41,282,237
63.20,282,239
63.96,282,237
64.73,282,237
65.49,282,239
66.26,275,238
67.02,278,238
67.79,280,234
68.55,281,236
69.32,281,239
70.08,281,235
70.85,281,237
71.61,281,237
72.40,281,238
73.19,274,235
73.99,278,235
74.78,280,229
75.57,281,236
76.36,281,238
77.16,274,236
77.95,271,237
78.74,263,236
79.53,265,236
80.33,260,234
81.12,241,234
81.88,234,234
82.68,224,232
83.47,232,231
84.27,236,231
85.07,232,233
85.87,236,233
86.66,238,232
87.46,253,233
88.26,267,234
89.06,274,235
89.85,278,234
90.65,280,234
91.37,281,236
92.15,268,237
92.92,275,236
93.70,278,238
94.48,273,234
95.26,264,238
96.03,259,239
96.81,257,240
97.59,256,235
98.37,255,237
99.14,241,236
99.92,234,236
100.78,239,237
101.57,240,237
102.35,240,237
103.14,243,238
103.93,246,237
104.71,257,236
105.50,256,238
106.28,255,238
107.07,255,239
107.86,255,238
108.64,255,240
109.43,261,239
110.26,258,239
111.08,263,238
111.89,265,238
112.71,273,236
113.53,284,238
114.34,289,237
115.16,292,231
115.97,300,219
116.79,311,148
117.61,228,77
118.42,282,145
119.24,228,214
120.00,221,219
120.78,217,216
121.55,222,214
122.33,225,212
123.11,235,206
123.89,238,211
124.66,239,210
125.44,240,213
126.22,240,212
127.00,240,213
127.77,234,220
128.55,224,227
129.41,219,217
130.20,223,214
130.99,232,226
131.78,230,234
132.57,235,228
133.36,240,220
134.15,243,214
134.94,246,187
135.73,264,177
136.52,266,210
137.31,260,168
138.10,271,187
138.89,263,126
139.71,259,161
140.53,263,180
141.35,265,200
142.17,266,180
142.99,280,184
143.81,281,151
144.63,274,106
145.45,89,61
146.27,104,58
147.09,282,145
147.91,302,193
148.70,298,168
149.52,296,161
150.33,295,142
151.15,302,193
151.97,298,145
152.78,303,168
153.60,312,174
154.41,362,142
155.23,348,171
156.05,601,222
156.86,585,227
157.68,335,222
158.48,335,223
159.27,335,228
160.07,335,232
160.86,328,232
161.65,325,234
162.44,317,235
163.24,313,234
164.03,311,238
164.82,310,236
165.61,316,233
166.41,325,234
167.20,330,232
168.02,332,229
168.81,1489,215
169.59,1473,229
170.38,1489,230
171.17,1505,215
171.96,6305,211
172.74,1489,218
173.53,1489,223
174.32,538,219
175.11,523,226
175.89,538,228
176.68,523,231
177.48,507,226
178.27,523,222
179.06,538,217
179.86,188,218
180.65,181,225
181.44,177,232
182.23,175,237
183.02,174,224
183.81,181,219
184.61,197,219
185.40,165,227
186.19,134,239
186.99,126,243
187.81,115,239
188.63,109,240
189.45,114,241
190.27,109,241
191.09,106,243
191.91,112,240
192.73,115,241
193.55,124,231
194.37,129,224
195.19,151,229
196.01,162,234
196.83,168,232
197.60,171,240
198.37,172,234
199.14,173,230
199.91,193,223
200.68,217,229
201.46,222,228
202.23,231,231
203.00,236,225
203.77,238,225
204.54,239,220
205.31,881,214
206.11,881,223
206.91,881,229
207.70,897,228
208.50,912,237
209.29,928,234
210.09,538,225
210.88,538,227
211.68,523,229
212.47,523,229
213.27,507,231
214.06,507,229
214.86,507,232
215.62,507,234
216.43,491,231
217.23,491,231
218.04,507,233
218.85,507,230
219.65,499,230
220.46,507,230
221.26,523,231
222.07,523,234
222.88,538,233
223.68,507,234
224.49,538,233
225.32,538,233
226.10,538,233
226.89,538,234
227.67,554,231
228.45,569,234
229.24,585,235
230.02,585,235
230.81,585,231
231.59,585,234
232.37,569,234
233.16,585,232
233.94,585,233
234.74,601,233
235.54,601,234
236.33,601,234
237.13,601,233
237.92,601,235
238.72,616,234
239.51,632,232
240.31,632,237
241.10,647,236
241.90,647,234
242.69,632,234
243.49,647,237
244.25,647,237
245.02,663,235
245.79,663,237
246.56,663,237
247.33,663,237
248.10,647,237
248.88,647,239
249.65,647,236
250.42,647,237
251.19,647,238
251.96,647,237
252.73,647,238
253.52,647,239
254.31,647,235
255.10,647,234
255.89,632,234
256.68,632,236
257.47,647,235
258.25,647,233
259.04,632,237
259.83,616,233
260.62,601,226
261.41,585,226
262.20,569,229
262.97,554,229
263.76,554,229
264.56,554,231
265.35,523,230
266.14,523,232
266.93,507,230
267.73,507,230
268.52,499,232
269.31,495,234
270.10,485,233
270.90,480,233
271.69,469,234
272.48,456,232
273.34,443,230
274.21,436,233
275.07,425,233
275.93,420,234
276.79,410,234
277.66,405,235
278.52,402,233
279.38,394,231
280.24,390,233
281.11,395,232
281.97,397,232
282.73,398,234
283.52,399,235
284.31,399,234
285.10,399,234
285.89,392,232
286.68,403,234
287.46,409,233
288.25,404,235
289.04,395,232
289.83,390,233
290.62,388,235
291.41,387,238
292.28,401,236
293.07,408,234
293.85,426,215
294.64,819,222
295.43,819,223
296.21,834,226
297.00,834,226
297.78,850,227
298.57,866,229
299.36,881,235
300.14,850,238
300.93,772,228
301.73,772,227
302.51,507,211
303.28,507,211
304.06,772,214
304.84,772,214
305.62,772,210
306.39,444,168
307.17,437,190
307.95,426,155
308.73,420,190
309.50,403,174
310.28,394,177
311.07,378,177
311.86,174,210
312.66,174,214
313.45,174,221
314.24,174,226
315.03,174,226
315.83,174,228
316.62,174,229
317.41,174,229
318.20,174,233
319.00,161,234
319.79,155,232
320.58,152,231
321.37,163,233
322.16,168,231
322.95,171,232
323.74,172,232
324.53,173,230
325.32,173,227
326.11,173,226
326.90,180,224
327.69,184,218
328.48,179,214
329.27,183,197
330.09,476,171
330.96,467,145
331.84,479,148
332.71,507,213
333.59,539,228
334.46,554,233
335.34,554,232
336.21,539,233
337.09,539,232
337.96,539,235
338.84,539,234
339.71,539,233
340.46,539,231
341.25,539,232
342.05,539,233
342.84,539,232
343.64,523,234
344.43,523,233
345.23,523,233
346.02,523,234
346.82,523,233
347.61,523,230
348.41,386,220
349.20,386,226
349.99,374,230
350.70,368,234
351.40,365,236
352.11,375,239
352.82,380,231
353.53,383,224
354.23,476,223
354.94,507,234
355.65,523,235
356.36,523,232
357.06,523,226
357.77,539,211
358.57,309,212
359.37,459,222
0.16,401,222
0.96,336,213
1.76,349,151
2.56,329,132
3.35,346,187
4.15,554,210
4.95,539,226
5.75,539,233
6.54,539,233
7.34,539,234
7.94,539,235
8.73,539,234
9.53,554,232
10.32,554,234
11.11,554,236
11.91,554,227
12.70,309,210
13.50,302,226
14.29,298,230
15.08,296,222
15.88,295,214
16.67,585,215
17.47,349,222
18.26,349,216
19.04,335,224
19.83,328,230
20.61,332,218
21.40,313,212
22.18,304,211
22.97,293,211
23.75,294,212
24.54,301,193
25.32,291,227
26.11,273,237
26.91,277,239
27.70,286,230
28.50,290,219
29.29,430,228
30.08,437,233
30.88,433,232
31.67,424,232
32.47,419,233
33.26,417,237
34.05,409,234
34.85,405,232
35.64,403,234
36.44,394,232
37.21,390,233
37.97,376,235
38.74,369,234
39.51,366,231
40.27,364,232
41.04,356,233
41.80,346,235
42.57,341,233
43.34,338,227
44.10,337,234
44.87,336,235
45.63,322,235
46.46,322,237
47.29,322,235
48.11,322,235
48.94,322,233
49.77,322,237
50.60,315,237
51.43,312,234
52.26,310,236
53.08,309,238
53.91,309,237
54.74,302,235
55.54,298,237
56.33,296,239
57.13,295,238
57.92,295,235
58.71,295,238
59.51,295,237
60.30,288,235
61.10,278,236
61.89,280,239
62.68,281,236
63.48,281,236
64.27,281,236
65.10,281,236
65.87,281,235
66.63,281,237
67.40,274,237
68.17,271,236
68.93,269,241
69.70,275,239
70.46,278,238
71.23,280,237
72.00,281,238
72.76,281,238
73.53,281,237
74.29,281,233
75.06,281,232
75.83,281,236
76.60,274,237
77.37,271,239
78.14,269,238
78.91,268,238
79.68,261,238
80.45,258,233
81.22,263,232
81.99,215,232
82.76,215,233
83.62,221,231
84.41,224,231
85.20,226,232
85.98,236,234
86.77,252,232
87.56,260,231
88.35,271,235
89.14,276,235
89.93,279,236
90.71,280,234
91.50,281,236
92.29,281,237
93.12,281,237
93.94,274,238
94.76,271,236
95.57,263,239
96.39,259,238
97.21,257,236
98.03,256,238
98.85,255,238
99.67,228,235
100.48,234,234
101.30,231,235
102.12,237,237
102.92,239,235
103.71,243,238
104.51,246,238
105.30,250,237
106.09,252,238
106.89,253,237
107.68,254,237
108.48,254,238
109.27,254,239
110.06,261,241
110.86,264,239
111.65,266,237
112.40,267,238
113.18,274,236
113.95,284,239
114.73,303,236
115.51,299,234
116.29,317,213
117.06,299,77
117.84,228,96
118.62,235,211
119.40,231,217
120.17,229,222
120.95,228,217
121.78,228,214
122.58,238,211
123.39,240,187
124.19,241,210
124.99,234,213
125.79,238,212
126.60,240,212
127.40,241,214
128.20,234,223
129.00,224,227
129.81,226,214
130.61,227,217
131.40,234,233
132.19,231,235
132.98,236,224
133.77,239,216
134.56,243,213
135.35,246,200
136.15,270,206
136.94,262,177
137.73,242,184
138.52,255,151
139.31,268,119
140.10,275,168
140.93,271,161
141.72,269,210
142.51,268,180
143.30,268,197
144.09,275,145
144.88,278,84
145.67,104,64
146.46,139,77
147.25,282,129
148.04,288,126
148.83,291,187
149.62,363,138
150.41,295,193
151.21,295,148
152.02,308,158
152.82,308,155
153.62,315,155
154.42,318,177
155.23,327,171
156.03,585,227
156.83,585,225
157.63,336,224
158.44,329,223
159.24,332,228
160.03,334,233
160.83,335,231
161.62,315,234
162.42,312,235
163.22,310,234
164.02,309,234
164.81,309,237
165.61,315,233
166.41,325,233
167.21,330,235
168.00,333,227
168.80,1489,219
169.56,1474,226
170.37,1489,229
171.17,1520,211
171.98,6321,210
172.78,1489,220
173.59,1489,223
174.39,539,222
175.20,523,227
176.00,539,231
176.81,523,229
177.61,507,223
178.42,523,222
179.22,539,215
180.04,174,221
180.85,174,225
181.67,174,235
182.48,174,230
183.30,181,222
184.11,177,220
184.93,175,219
185.74,147,232
186.56,133,243
187.37,126,244
188.19,107,242
188.98,90,240
189.77,97,241
190.57,85,240
191.36,102,243
192.16,103,243
192.95,103,240
193.75,111,234
194.54,122,225
195.34,148,230
196.13,161,233
196.93,167,235
197.72,170,240
198.51,172,234
199.31,173,227
200.12,194,224
200.92,218,226
201.72,230,227
202.52,236,228
203.33,239,227
204.13,240,224
204.93,243,219
205.73,866,217
206.54,881,225
207.34,881,228
208.17,897,229
208.96,913,238
209.75,913,230
210.54,554,227
211.33,539,230
212.12,523,232
212.92,523,227
213.71,507,231
214.50,507,234
215.29,507,229
216.08,507,232
216.87,499,231
217.65,495,230
218.45,507,234
219.24,507,232
220.04,491,229
220.84,507,231
221.64,523,232
222.43,523,236
223.23,539,232
224.03,539,233
224.83,539,236
225.62,554,235
226.42,539,236
227.18,539,232
227.97,554,233
228.76,570,234
229.55,585,233
230.34,585,234
231.13,585,233
231.91,570,232
232.70,570,236
233.49,585,234
234.28,601,231
235.07,601,235
235.86,601,236
236.69,616,235
237.48,585,234
238.27,616,237
239.06,616,233
239.85,632,234
240.64,632,237
241.44,647,237
242.23,647,234
243.02,647,235
243.81,647,238
244.60,647,237
245.39,663,234
246.19,663,235
246.95,663,238
247.72,647,238
248.48,647,236
249.24,647,236
250.00,647,236
250.77,647,237
251.53,647,239
252.29,647,237
253.05,647,238
253.82,647,238
254.58,632,236
255.34,647,234
256.13,647,234
256.93,632,233
257.72,647,234
258.51,647,236
259.30,632,238
260.10,616,230
260.89,585,226
261.68,585,225
262.47,570,230
263.27,554,229
264.06,554,229
264.89,538,229
265.68,523,230
266.46,523,231
267.25,507,230
268.04,507,228
268.83,499,233
269.61,487,232
270.40,481,233
271.19,478,235
271.98,461,231
272.76,453,232
273.55,441,231
274.38,435,234
275.18,425,234
275.99,420,232
276.79,410,235
277.59,405,236
278.39,403,234
279.20,402,232
280.00,394,233
280.80,397,234
281.60,399,232
282.41,400,234
283.21,400,234
284.00,400,235
284.82,400,235
285.63,393,234
286.45,404,237
287.26,417,232
288.08,409,233
288.89,397,235
289.71,391,234
290.52,388,235
291.34,394,237
292.15,397,236
292.97,413,232
293.80,819,215
294.59,819,226
295.38,819,223
296.17,835,225
296.96,850,226
297.75,850,226
298.55,866,230
299.34,881,237
300.13,850,237
300.92,757,230
301.71,772,221
302.50,507,210
303.30,772,212
304.12,803,214
304.94,772,211
305.75,476,158
306.57,453,138
307.39,449,180
308.21,432,210
309.03,416,174
309.85,401,161
310.66,393,145
311.48,389,164
312.30,201,210
313.10,187,216
313.89,180,220
314.69,177,224
315.48,175,226
316.28,174,228
317.07,161,229
317.87,155,229
318.66,152,230
319.46,150,234
320.25,149,231
321.05,149,233
321.84,149,233
322.63,149,234
323.42,149,232
324.22,161,231
325.01,167,228
325.81,170,229
326.60,172,224
327.40,173,223
328.19,180,217
328.99,190,214
329.78,169,210
330.58,459,184
331.37,538,203
332.20,476,197
333.01,570,212
333.81,554,227
334.62,554,230
335.43,554,235
336.23,538,233
337.04,538,233
337.84,538,234
338.65,538,235
339.46,538,231
340.26,538,233
341.07,523,231
341.86,523,234
342.65,523,230
343.45,538,233
344.24,523,231
345.03,523,233
345.82,523,232
346.62,523,233
347.41,523,230
348.20,507,219
348.99,386,228
349.79,374,231
350.58,368,234
351.37,365,235
352.11,375,235
352.85,380,232
353.58,383,223
354.32,459,226
355.06,507,230
355.80,523,235
356.54,523,232
357.28,507,225
358.01,538,211
358.75,538,213
359.49,476,221
0.29,386,221
1.08,386,215
1.86,335,138
2.65,328,148
3.44,331,168
4.22,554,187
5.01,538,226
5.79,538,231
6.58,538,233
7.37,538,235
8.15,538,235
8.94,554,232
9.74,538,235
10.53,554,234
11.33,554,235
12.12,554,226
12.91,322,213
13.70,315,226
14.50,305,230
15.29,300,219
16.08,304,214
16.87,585,218
17.67,349,220
18.46,349,217
19.21,335,226
19.99,322,227
20.77,322,221
21.55,302,212
22.33,292,211
23.11,300,212
23.90,291,212
24.68,293,203
25.46,287,230
26.24,277,238
27.02,279,238
27.80,287,231
28.66,415,217
29.46,429,229
30.25,429,235
31.05,422,232
31.85,418,235
32.65,416,237
33.44,415,235
34.24,407,233
35.04,403,235
35.84,394,233
36.63,390,233
37.43,376,232
38.26,369,234
39.05,365,235
39.85,363,235
40.64,362,233
41.43,362,233
42.22,355,233
43.02,345,231
43.81,340,229
44.60,331,236
45.39,333,237
46.19,327,234
46.98,324,236
47.77,323,236
48.53,322,237
49.29,322,234
50.05,322,236
50.81,315,238
51.57,312,236
52.34,310,237
53.10,309,237
53.86,302,235
54.62,298,240
55.38,296,235
56.14,295,236
57.01,295,235
57.80,295,236
58.59,295,238
59.38,295,238
60.17,295,238
60.96,281,235
61.74,281,237
62.53,274,238
63.32,278,233
64.11,280,236
64.90,281,237
65.69,281,236
66.48,281,240
67.28,281,238
68.09,281,236
68.89,281,239
69.69,281,237
70.50,281,240
71.30,281,237
72.11,281,237
72.91,281,239
73.71,274,237
74.52,278,235
75.32,280,230
76.11,274,236
76.89,278,236
77.66,273,237
78.44,241,235
79.22,244,236
80.00,256,237
80.77,262,236
81.55,241,234
82.33,227,232
83.11,220,236
83.88,230,231
84.66,229,233
85.46,228,230
86.25,234,233
87.05,239,232
87.84,253,232
88.63,260,232
89.42,271,236
90.22,276,233
91.01,279,235
91.80,280,236
92.59,274,236
93.39,271,236
94.18,269,235
94.97,268,237
95.73,268,237
96.48,241,239
97.24,244,238
98.00,246,238
98.76,257,237
99.51,228,235
100.27,234,236
101.03,239,235
101.79,243,237
102.54,246,239
103.30,243,238
104.13,255,237
104.95,255,237
105.78,255,237
106.60,255,238
107.42,255,237
108.25,255,240
109.07,255,239
109.90,255,237
110.72,255,237
111.54,261,236
112.37,264,235
113.19,273,237
113.94,291,239
114.73,300,236
115.53,304,232
116.32,319,215
117.11,327,80
117.90,214,116
118.70,221,210
119.49,224,217
120.28,226,223
121.07,227,221
121.87,227,214
122.66,234,214
123.46,231,210
124.25,229,210
125.04,228,211
125.83,234,211
126.62,237,212
127.41,232,215
128.20,230,224
128.99,222,228
129.78,218,215
130.57,223,214
131.36,232,230
132.15,230,234
132.94,235,225
133.74,240,217
134.53,243,213
135.33,246,174
136.13,257,193
136.92,262,174
137.72,258,168
138.51,276,161
139.31,265,126
140.11,266,158
140.90,267,164
141.70,274,151
142.43,264,168
143.22,273,155
144.01,277,138
144.80,272,106
145.59,119,67
146.38,111,67
147.16,295,145
147.95,288,145
148.74,291,171
149.53,293,119
150.32,294,145
151.11,308,138
151.94,308,142
152.76,308,145
153.58,308,148
154.40,321,164
155.22,328,151
156.04,585,229
156.86,569,227
157.68,335,221
158.50,328,221
159.32,331,226
160.14,326,232
160.96,324,232
161.72,323,236
162.52,316,237
163.31,312,233
164.11,310,233
164.90,309,235
165.70,315,233
166.49,325,233
167.29,330,233
168.08,339,226
168.88,1489,217
169.67,1489,228
170.47,1489,227
171.27,1505,212
172.06,6321,197
172.85,1489,218
173.64,1489,221
174.43,538,223
175.22,538,227
176.01,523,229
176.80,507,229
177.59,507,225
178.38,523,223
179.17,523,215
179.96,188,223
180.75,188,225
181.57,188,234
182.38,188,232
183.20,181,222
184.02,184,221
184.84,192,221
185.65,163,230
186.47,141,239
187.29,122,244
188.11,98,241
188.92,93,240
189.74,106,239
190.57,105,238
191.36,104,242
192.15,104,243
192.95,111,240
193.74,122,230
194.53,128,227
195.32,138,233
196.11,156,233
196.90,165,233
197.70,169,239
198.49,171,234
199.28,179,227
200.08,196,225
200.89,218,228
201.69,223,227
202.50,225,230
203.31,233,227
204.11,237,223
204.92,241,220
205.72,881,219
206.53,881,225
207.34,881,229
208.14,897,227
208.95,912,238
209.71,912,229
210.49,554,225
211.26,538,228
212.04,538,228
212.82,523,226
213.60,523,229
214.37,507,230
215.15,507,232
215.93,507,233
216.71,507,229
217.48,507,231
218.26,507,234
219.09,507,230
219.88,507,228
220.67,507,232
221.46,523,232
222.25,523,236
223.04,538,232
223.82,538,231
224.61,554,234
225.40,538,236
226.19,538,234
226.98,554,233
227.77,554,232
228.56,585,232
229.35,585,234
230.14,585,234
230.93,585,231
231.72,569,234
232.51,569,232
233.31,601,232
234.10,601,230
234.89,601,236
235.68,601,233
236.47,616,236
237.26,616,234
238.05,601,234
238.84,616,234
239.64,647,233
240.43,632,237
241.22,647,234
242.01,647,235
242.81,647,235
243.60,647,237
244.39,647,238
245.18,663,237
245.98,663,236
246.77,663,235
247.83,663,235
248.62,647,235
249.42,647,238
250.21,647,238
251.00,647,237
251.79,647,237
252.59,647,239
253.38,647,237
254.17,647,236
254.96,647,233
255.76,647,234
256.55,647,235
257.34,647,235
258.13,647,237
258.93,632,237
259.72,632,237
260.51,616,226
261.31,585,225
262.10,585,223
262.90,569,226
263.69,554,229
264.48,554,227
265.28,538,230
266.07,523,228
266.83,523,231
267.62,507,229
268.42,507,232
269.21,499,231
270.00,495,234
270.79,485,231
271.59,480,231
272.38,462,230
273.17,446,233
273.96,438,233
274.76,426,236
275.55,420,233
276.37,417,235
277.17,408,236
277.97,404,233
278.77,402,231
279.57,401,232
280.37,400,233
281.18,400,234
281.98,400,234
282.78,400,233
283.58,400,232
284.38,393,232
285.18,396,233
286.01,398,236
286.84,406,232
287.68,403,232
288.51,401,233
289.34,393,235
290.17,389,234
291.01,387,236
291.84,393,236
292.67,404,234
293.50,417,225
294.34,819,221
295.17,819,226
295.96,834,224
296.75,834,225
297.55,850,227
298.34,866,226
299.13,897,234
299.92,850,236
300.72,850,232
301.51,772,229
302.30,788,213
303.09,507,211
303.89,756,214
304.68,772,212
305.47,459,197
306.26,451,168
307.04,447,210
307.83,438,168
308.62,434,164
309.41,362,138
310.19,374,155
310.98,354,142
311.77,358,171
312.56,174,211
313.34,174,220
314.13,174,221
314.96,174,225
315.75,174,225
316.55,161,227
317.34,167,229
318.13,170,229
318.92,159,231
319.72,154,231
320.51,164,230
321.30,149,233
322.09,141,232
322.89,157,233
323.68,165,232
324.47,169,228
325.27,171,231
326.06,172,227
326.86,173,227
327.66,173,221
328.45,180,218
329.25,184,212
330.04,199,161
330.84,476,180
331.64,460,158
332.43,601,168
333.23,554,221
333.99,538,230
334.83,538,230
335.68,538,234
336.52,538,235
337.37,538,230
338.21,538,233
339.06,538,234
339.90,538,234
340.75,538,233
341.59,523,234
342.44,523,233
343.28,523,232
344.11,523,233
344.86,538,231
345.62,523,233
346.37,522,231
347.12,522,230
347.88,522,223
348.63,385,224
349.39,385,228
350.14,373,233
350.89,361,235
351.65,361,236
352.40,373,233
352.47,379,226
353.26,370,220
354.06,491,228
354.85,507,232
355.64,522,234
356.44,522,232
357.23,538,219
358.03,322,212
358.82,459,215
359.61,451,224
0.41,385,221
1.20,367,193
2.00,351,158
2.79,336,158
3.58,335,168
4.37,538,216
5.16,538,230
5.95,538,232
6.73,538,234
7.52,538,233
8.31,538,233
9.10,553,238
9.89,553,233
10.68,553,235
11.51,553,232
12.30,569,217
13.09,308,218
13.88,301,228
14.67,298,228
15.46,296,215
16.26,309,216
17.05,585,218
17.84,362,217
18.63,348,219
19.42,341,230
20.21,331,224
21.00,333,215
21.78,281,212
22.55,281,213
23.33,288,213
24.11,284,211
24.88,289,212
25.66,285,237
26.43,276,236
27.21,278,234
27.99,286,228
28.76,444,226
29.54,444,229
30.34,436,232
31.12,432,230
31.89,423,235
32.67,419,235
33.45,409,235
34.22,404,234
35.00,394,234
35.77,397,232
36.55,391,233
37.33,388,233
38.10,375,233
38.88,368,234
39.67,365,232
40.46,363,233
41.26,356,235
42.05,352,234
42.85,343,230
43.64,339,231
44.44,330,234
45.23,326,236
46.03,324,236
46.82,323,238
47.62,322,235
48.41,322,235
49.16,322,235
49.95,315,238
50.75,311,237
51.54,309,237
52.33,308,233
53.12,301,238
53.92,304,236
54.71,299,238
55.50,297,239
56.29,296,239
57.09,295,237
57.88,295,235
58.68,295,236
59.47,295,240
60.26,288,233
61.05,284,237
61.84,282,238
62.63,281,237
63.43,281,238
64.22,274,237
65.01,271,237
65.80,276,234
66.59,278,237
67.38,279,237
68.19,280,239
68.98,280,236
69.76,280,236
70.55,280,235
71.34,280,236
72.13,280,240
72.91,280,239
73.70,280,235
74.49,280,232
75.28,280,232
76.06,280,235
76.85,280,235
77.68,274,236
78.46,271,236
79.23,269,236
80.01,261,237
80.79,241,233
81.56,241,233
82.34,234,234
83.11,224,233
83.89,232,230
84.67,230,231
85.44,222,230
86.22,233,234
87.02,237,235
87.82,252,232
88.61,260,231
89.41,270,236
90.21,275,235
91.01,271,237
91.80,262,233
92.60,258,233
93.40,269,237
94.20,268,237
94.99,268,237
95.79,261,240
96.55,257,236
97.36,255,237
98.16,254,238
98.97,241,234
99.77,244,237
100.58,246,236
101.38,250,235
102.19,241,238
102.99,241,236
103.80,244,237
104.60,242,237
105.41,241,238
106.17,244,238
106.95,246,238
107.72,250,237
108.50,259,239
109.28,263,237
110.05,258,239
110.83,263,239
111.60,265,239
112.38,266,237
113.16,273,236
113.93,284,239
114.71,289,234
115.46,292,232
116.26,362,210
117.06,254,96
117.85,228,100
118.65,308,210
119.45,228,216
120.25,228,223
121.05,228,215
121.85,228,214
122.64,234,211
123.44,231,210
124.24,236,210
125.03,238,211
125.82,239,213
126.61,233,213
127.40,230,214
128.19,222,221
128.98,218,227
129.76,223,214
130.55,232,218
131.34,236,232
132.13,232,236
132.92,236,221
133.71,238,216
134.58,239,211
135.39,242,193
136.20,255,193
137.02,254,148
137.83,254,168
138.64,261,184
139.45,264,116
140.26,266,158
141.07,267,161
141.89,274,155
142.70,277,155
143.51,279,210
144.27,273,148
145.07,214,84
145.86,151,54
146.66,112,61
147.46,281,168
148.26,288,164
149.05,291,174
149.85,293,193
150.65,294,129
151.45,294,151
152.24,308,177
153.04,308,145
153.84,308,158
154.64,315,155
155.44,600,210
156.24,585,228
157.04,585,224
157.84,335,223
158.63,328,220
159.43,331,229
160.23,326,229
161.03,324,233
161.83,316,235
162.63,312,234
163.50,310,231
164.29,309,235
165.08,315,235
165.87,325,231
166.66,330,233
167.45,332,233
168.25,340,221
169.04,1489,223
169.83,1489,229
170.62,1489,227
171.41,6320,212
172.20,1504,164
172.97,1489,219
173.76,1489,218
174.56,538,225
175.35,538,229
176.15,522,231
176.94,507,227
177.74,522,225
178.53,522,220
179.33,214,213
180.12,194,222
180.92,184,229
181.71,185,235
182.50,179,230
183.33,176,222
184.16,181,224
184.99,177,222
185.82,148,236
186.65,133,242
187.47,118,244
188.30,111,241
189.13,100,242
189.96,94,240
190.79,84,240
191.62,94,243
192.45,106,241
193.24,112,239
194.03,123,230
194.82,136,226
195.61,155,230
196.40,164,235
197.20,156,234
197.99,165,241
198.78,169,236
199.57,178,230
200.36,209,224
201.15,218,227
201.91,229,226
202.69,235,227
203.47,238,229
204.25,239,227
205.03,242,219
205.81,865,220
206.58,881,226
207.36,881,229
208.14,912,227
208.92,912,240
209.70,928,221
210.48,538,227
211.28,538,232
212.09,538,231
212.89,522,227
213.70,507,228
214.50,507,229
215.31,507,231
216.11,507,235
216.92,507,229
217.72,507,232
218.53,507,235
219.33,507,231
220.14,507,229
220.93,507,232
221.72,507,230
222.51,522,235
223.30,538,230
224.09,538,233
224.88,553,234
225.68,538,236
226.47,538,234
227.26,553,234
228.05,553,232
228.84,585,233
229.63,585,235
230.46,600,235
231.28,569,232
232.09,585,232
232.91,585,234
233.72,600,232
234.54,585,231
235.35,600,236
236.17,600,237
236.98,616,235
237.80,616,235
238.61,616,234
239.43,616,234
240.23,631,233
241.00,631,235
241.76,647,234
242.53,647,233
243.30,647,234
244.06,647,238
244.83,647,236
245.59,663,237
246.36,663,239
247.13,663,236
247.89,663,237
248.66,647,235
249.42,647,238
250.21,647,236
251.01,647,237
251.80,647,238
252.59,647,235
253.39,647,238
254.18,647,234
254.98,647,233
255.77,647,235
256.56,647,235
257.36,647,236
258.15,647,235
258.98,631,236
259.78,631,233
260.58,600,226
261.38,585,226
262.18,569,227
262.98,553,229
263.77,553,229
264.57,538,229
265.37,522,229
266.17,522,229
266.97,522,230
267.77,507,231
268.57,507,232
269.39,499,232
270.21,495,230
271.04,485,232
271.86,472,235
272.68,458,233
273.50,451,233
274.32,440,233
275.14,427,232
275.97,421,233
276.79,418,235
277.61,409,235
278.37,404,232
279.16,402,233
279.95,401,234
280.74,393,234
281.53,389,236
282.32,394,232
283.12,397,235
283.91,379,234
284.70,389,236
285.49,387,234
286.28,393,236
287.07,404,235
287.94,402,233
288.75,393,234
289.56,389,234
290.38,387,235
291.19,386,235
292.00,400,232
292.81,407,233
293.62,818,216
294.43,818,223
295.25,818,226
296.06,834,228
296.87,834,224
297.67,850,227
298.46,865,229
299.26,881,235
300.05,850,238
300.84,772,228
301.64,756,228
302.43,522,212
303.23,522,203
304.02,756,214
304.81,772,212
305.61,803,177
306.40,444,158
307.47,444,206
308.26,429,168
309.05,429,142
309.84,362,190
310.63,362,155
311.42,373,151
312.22,174,211
313.01,174,215
313.80,174,220
314.59,174,221
315.38,174,224
316.17,174,227
317.03,161,229
317.82,155,231
318.61,164,230
319.40,169,230
320.19,171,233
320.98,160,231
321.78,154,232
322.57,151,232
323.36,150,229
324.15,162,231
324.94,168,230
325.73,171,228
326.53,172,228
327.32,173,223
328.12,173,220
328.91,173,215
329.70,193,190
330.50,183,193
331.29,476,158
332.09,476,174
332.88,483,200
333.67,553,224
334.47,538,232
335.26,538,233
336.06,553,232
336.86,553,234
337.66,538,232
338.46,538,236
339.26,538,234
340.06,538,233
340.85,538,232
341.65,538,232
342.45,522,233
343.25,523,231
344.05,523,232
344.85,523,234
345.65,523,234
346.37,523,236
347.09,523,230
347.80,459,220
348.52,386,229
349.24,374,231
349.96,368,232
350.68,365,237
351.40,363,237
352.11,374,233
352.83,380,226
353.55,459,220
354.34,523,230
355.13,523,232
355.93,523,232
356.72,523,230
357.51,538,213
358.30,309,210
359.10,491,219
359.89,415,223
0.68,362,217
1.47,348,187
2.27,335,142
3.06,348,151
3.85,335,164
4.63,538,218
5.41,538,231
6.19,538,236
6.97,538,235
7.75,538,235
8.54,538,233
9.32,554,234
10.10,554,237
10.88,554,234
11.66,554,235
12.44,569,214
13.20,309,219
13.99,302,231
14.78,298,226
15.57,296,214
16.36,569,217
17.15,554,217
17.93,349,218
18.72,342,219
19.51,332,232
20.30,327,227
21.09,311,216
21.88,296,211
22.86,289,212
23.65,285,212
24.44,283,211
25.23,282,214
26.02,275,238
26.81,278,239
27.60,286,233
28.39,297,227
29.18,430,227
29.97,437,230
30.76,433,231
31.55,424,234
32.34,419,234
33.12,417,235
33.90,408,234
34.68,404,233
35.46,402,233
36.24,394,235
37.03,390,231
37.81,376,232
38.59,369,234
39.37,365,235
40.15,363,232
40.93,356,235
41.68,352,233
42.47,350,233
43.26,342,232
44.05,332,231
44.84,327,238
45.63,331,237
46.42,326,237
47.21,324,236
48.00,323,237
48.79,322,238
49.58,322,233
50.37,315,237
51.19,312,236
51.95,310,235
52.72,309,236
53.48,302,236
54.25,305,238
55.01,300,238
55.78,297,237
56.54,296,237
57.31,295,236
58.07,295,236
58.84,295,238
59.60,295,236
60.36,288,234
61.14,285,238
61.91,283,237
62.69,282,236
63.47,282,237
64.25,282,238
65.02,282,238
65.80,282,236
66.58,282,238
67.36,282,237
68.13,275,239
68.91,278,238
69.70,280,238
70.49,281,238
71.29,281,237
72.08,281,239
72.87,281,237
73.66,274,236
74.46,278,230
75.25,280,235
76.04,274,236
76.83,278,235
77.63,266,239
78.42,241,236
79.21,254,234
79.98,241,237
80.76,241,236
81.53,234,231
82.31,224,232
83.08,219,234
83.86,230,229
84.63,235,232
85.41,238,230
86.18,239,234
86.96,253,231
87.73,267,231
88.56,274,234
89.39,278,236
90.23,280,236
91.06,281,237
91.89,268,234
92.72,268,238
93.56,268,237
94.39,268,236
95.22,261,236
96.05,258,238
96.89,256,238
97.72,255,237
98.48,255,237
99.28,241,235
100.08,241,238
100.88,244,235
101.68,236,235
102.48,240,238
103.27,240,236
104.07,243,238
104.87,246,238
105.67,250,238
106.47,252,240
107.27,253,238
108.02,254,236
108.80,254,236
109.57,261,238
110.35,264,238
111.13,266,240
111.91,267,238
112.68,267,239
113.46,281,239
114.24,295,238
115.02,295,232
115.79,302,225
116.57,312,109
117.37,241,77
118.16,309,145
118.96,214,211
119.75,221,220
120.54,224,220
121.33,232,213
122.13,230,213
122.92,235,212
123.71,238,206
124.50,233,211
125.30,230,211
126.09,229,211
126.84,235,213
127.65,231,217
128.45,222,225
129.26,218,221
130.07,223,216
130.88,232,223
131.68,236,233
132.49,232,232
133.30,236,219
134.11,252,213
134.91,241,210
135.72,244,158
136.51,256,193
137.33,262,190
138.15,265,200
138.97,273,155
139.79,270,168
140.61,276,155
141.43,279,135
142.25,273,190
143.07,270,180
143.89,241,168
144.71,254,148
145.53,274,64
146.29,74,45
147.09,282,116
147.88,282,151
148.68,282,142
149.47,288,168
150.27,298,184
151.06,310,145
151.86,329,145
152.65,319,184
153.45,314,193
154.24,318,135
155.04,320,155
155.83,585,219
156.63,585,229
157.44,349,217
158.24,335,222
159.04,335,223
159.85,335,230
160.65,328,232
161.46,325,237
162.26,310,235
163.06,309,233
163.87,309,234
164.67,309,234
165.47,315,235
166.28,325,233
167.08,330,236
167.89,332,230
168.70,340,215
169.50,1489,225
170.31,1489,231
171.11,1505,219
171.92,6305,214
172.73,1489,215
173.53,1489,221
174.34,538,215
175.17,538,225
175.96,538,231
176.75,523,230
177.54,507,224
178.33,523,223
179.12,523,217
179.90,214,215
180.69,194,226
181.48,184,232
182.27,179,238
183.06,183,225
183.85,185,220
184.65,186,219
185.44,167,227
186.22,143,238
187.01,123,244
187.80,113,242
188.58,108,239
189.37,106,240
190.15,112,240
190.94,93,242
191.73,106,241
192.51,105,241
193.30,119,234
194.10,126,225
194.91,150,229
195.71,162,233
196.52,168,233
197.33,171,239
198.13,172,236
198.94,173,233
199.74,180,225
200.55,197,226
201.36,212,228
202.16,226,229
202.97,233,223
203.80,237,227
204.59,239,221
205.38,897,215
206.17,866,222
206.96,881,226
207.75,897,229
208.53,912,234
209.32,928,239
210.11,569,218
210.90,554,224
211.69,538,227
212.48,523,231
213.28,523,230
214.06,507,229
214.83,507,231
215.61,507,232
216.39,507,230
217.17,499,232
217.94,507,233
218.72,507,233
219.50,507,231
220.28,507,230
221.05,523,234
221.83,523,232
222.62,538,234
223.42,538,232
224.21,538,233
225.01,554,236
225.80,554,232
226.60,554,236
227.39,538,235
228.19,569,230
228.98,585,234
229.78,585,235
230.57,601,237
231.37,585,234
232.17,585,233
232.96,585,234
233.74,601,230
234.53,569,232
235.32,601,235
236.11,616,234
236.89,616,233
237.68,616,235
238.47,616,234
239.26,616,231
240.04,632,236
240.83,647,239
241.62,647,231
242.40,647,235
243.17,647,235
243.95,647,237
244.73,647,237
245.51,663,237
246.28,663,238
247.06,663,237
247.84,663,237
248.62,647,236
249.39,647,236
250.17,647,238
250.96,647,237
251.76,647,240
252.55,647,238
253.35,647,235
254.15,647,233
254.94,647,234
255.74,647,233
256.53,647,235
257.33,647,238
258.13,647,234
258.92,647,238
259.72,632,236
260.47,601,225
261.27,585,228
262.08,554,227
262.88,569,226
263.68,554,231
264.49,538,232
265.29,538,230
266.10,523,231
266.90,523,229
267.70,507,231
268.51,507,229
269.31,499,232
270.14,487,231
270.93,481,234
271.71,470,233
272.50,457,233
273.29,443,231
274.08,436,235
274.86,425,234
275.65,420,233
276.44,417,234
277.23,408,233
278.01,404,234
278.80,402,233
279.56,394,233
280.36,397,233
281.16,398,232
281.96,392,234
282.76,396,237
283.56,398,234
284.35,399,236
285.15,399,234
285.95,399,233
286.75,407,233
287.55,403,236
288.35,394,234
289.10,390,234
289.95,388,235
290.79,387,237
291.64,393,232
292.49,404,234
293.33,424,223
294.18,803,222
295.02,819,224
295.87,834,226
296.72,834,224
297.56,850,228
298.41,866,228
299.24,881,232
300.03,866,236
300.81,834,229
301.60,756,231
302.39,507,212
303.18,507,210
303.96,772,215
304.75,756,213
305.54,756,210
306.33,430,210
307.11,437,148
307.90,433,193
308.69,416,210
309.49,408,200
310.28,404,206
311.08,409,148
311.88,188,174
312.67,181,214
313.47,165,217
314.26,169,221
315.06,171,223
315.86,160,225
316.65,167,231
317.45,158,232
318.17,166,231
318.97,157,230
319.76,153,234
320.56,151,232
321.35,150,232
322.15,149,235
322.94,149,232
323.74,161,231
324.53,167,229
325.33,170,230
326.12,172,227
326.92,173,223
327.72,173,218
328.51,173,216
329.31,193,210
330.10,171,177
330.89,476,206
331.68,483,168
332.48,487,211
333.27,554,224
334.06,538,230
334.85,538,234
335.65,554,234
336.44,538,235
337.83,538,234
338.63,538,232
339.42,538,234
340.22,538,231
341.02,538,232
341.81,538,233
342.61,523,232
343.40,523,232
344.20,523,232
345.00,523,233
345.79,523,231
346.59,523,232
347.35,523,234
348.07,507,220
348.79,386,226
349.51,374,230
350.23,361,231
350.95,361,237
351.68,361,236
352.40,373,232
353.12,379,225
353.84,459,222
354.56,475,233
355.28,523,237
356.07,523,231
356.86,523,227
357.65,554,214
358.44,322,210
359.23,476,219
0.02,400,223
0.81,393,218
1.60,389,174
2.39,322,145
3.18,322,174
3.97,328,168
4.76,538,222
5.56,538,232
6.37,538,233
7.17,538,230
7.98,538,235
8.79,554,235
9.59,538,233
10.40,554,233
11.20,554,234
12.01,554,232
12.82,585,211
13.62,309,223
14.43,302,231
15.22,298,224
16.00,303,214
16.77,585,218
17.55,362,219
18.33,355,216
19.11,345,221
19.88,327,231
20.66,324,221
21.44,316,213
22.22,299,212
22.99,290,212
23.77,286,212
24.52,284,203
25.31,289,220
26.11,285,238
26.90,283,239
27.69,289,233
28.49,299,224
29.28,430,227
30.08,437,231
30.87,433,235
31.66,431,232
32.46,423,235
33.25,419,231
34.04,409,235
34.82,404,233
35.59,402,232
36.37,394,234
37.15,390,232
37.93,388,234
38.70,375,233
39.48,368,233
40.26,365,233
41.04,363,234
41.81,356,235
42.59,345,229
43.38,340,229
44.18,331,235
44.97,333,234
45.77,321,237
46.57,321,235
47.36,321,235
48.16,321,234
48.95,321,234
49.75,321,235
50.55,315,235
51.34,312,234
52.14,310,237
52.72,309,234
53.51,309,239
54.30,302,238
55.09,305,237
55.88,300,236
56.67,297,238
57.46,296,237
58.25,295,238
59.04,295,239
59.83,288,235
60.62,285,233
61.41,283,235
62.28,289,237
63.07,285,236
63.86,276,235
64.65,279,235
65.44,280,238
66.23,281,236
67.01,281,236
67.80,281,237
68.59,281,238
69.38,281,234
70.17,281,241
70.96,281,237
71.76,281,237
72.56,281,236
73.35,281,239
74.15,281,235
74.95,281,230
75.74,281,235
76.54,274,236
77.33,271,239
78.13,269,236
78.93,268,236
79.72,268,238
80.52,268,236
81.28,261,234
82.07,228,232
82.86,221,233
83.65,224,229
84.44,226,232
85.23,227,230
86.02,234,232
86.81,237,233
87.60,252,230
88.39,267,233
89.18,274,233
89.97,278,236
90.80,280,237
91.59,274,239
92.37,271,237
93.16,276,236
93.95,279,237
94.73,273,237
95.52,264,240
96.30,259,236
97.09,257,237
97.88,256,236
98.66,241,236
99.45,244,236
100.21,242,236
101.01,245,236
101.80,236,236
102.60,232,237
103.40,250,237
104.19,241,236
104.99,244,236
105.78,246,237
106.58,250,238
107.38,252,237
108.17,253,237
108.97,260,235
109.76,264,240
110.55,266,239
111.34,267,239
112.13,267,237
112.92,274,236
113.71,284,237
114.50,296,236
115.29,295,232
116.08,308,220
116.87,415,96
117.66,255,96
118.45,241,155
119.25,241,213
120.03,234,219
120.80,231,216
121.58,236,214
122.36,232,211
123.13,236,210
123.91,225,210
124.68,226,211
125.46,227,212
126.24,227,211
127.01,234,213
127.79,231,220
128.58,223,226
129.37,219,218
130.17,217,213
130.96,229,225
131.75,235,234
132.55,238,230
133.34,239,219
134.14,243,212
134.93,246,210
135.72,250,193
136.52,252,206
137.31,267,210
138.10,241,177
138.92,261,161
139.74,264,135
140.56,266,197
141.38,287,151
142.20,271,177
143.02,276,168
143.84,272,164
144.66,277,158
145.48,286,45
146.30,290,67
147.12,292,129
147.88,300,155
148.67,297,174
149.47,296,168
150.26,349,119
151.05,329,155
151.84,312,145
152.64,317,164
153.43,306,171
154.22,321,148
155.01,328,119
155.81,585,221
156.60,570,228
157.54,336,220
158.33,336,221
159.13,329,225
159.92,332,232
160.71,334,232
161.51,328,234
162.30,318,233
163.10,313,233
163.89,311,231
164.68,310,236
165.48,316,232
166.27,326,236
167.06,331,233
167.87,333,232
168.67,347,214
169.48,1474,225
170.29,1489,229
171.09,1505,219
171.90,6321,213
172.70,1489,216
173.51,1489,221
174.32,538,214
175.12,523,225
175.93,538,229
176.69,523,230
177.48,523,226
178.28,507,222
179.07,523,217
179.86,149,216
180.65,168,225
181.45,171,231
182.24,172,234
183.03,173,222
183.82,180,219
184.62,177,218
185.41,163,227
186.24,141,237
187.05,130,243
187.87,117,242
188.68,110,240
189.49,107,241
190.30,105,238
191.12,112,242
191.93,115,242
192.74,117,243
193.55,118,233
194.37,126,224
195.18,150,229
195.94,162,231
196.73,168,231
197.53,178,238
198.32,176,235
199.11,175,233
199.91,201,225
200.70,221,225
201.50,231,227
202.29,229,226
203.08,235,227
203.88,238,226
204.67,239,221
205.46,881,217
206.25,881,224
207.05,881,229
207.84,897,229
208.63,912,235
209.43,928,236
210.22,554,225
211.02,538,226
211.81,538,232
212.60,523,230
213.40,523,230
214.19,507,232
215.02,507,232
215.79,507,232
216.57,507,232
217.34,499,232
218.11,507,233
218.89,523,233
219.66,523,229
220.44,507,232
221.21,523,233
221.98,523,234
222.76,538,233
223.53,538,233
224.32,538,234
225.14,554,232
225.97,538,233
226.79,554,234
227.61,554,235
228.43,585,233
229.26,585,235
230.08,585,238
230.90,601,235
231.72,585,234
232.55,585,234
233.37,585,233
234.13,585,234
234.93,601,236
235.72,601,235
236.52,616,233
237.32,616,236
238.11,616,238
238.91,616,233
239.70,632,235
240.50,632,235
241.30,647,237
242.09,647,235
242.89,647,235
243.68,647,235
244.44,647,237
245.19,663,237
245.95,663,236
246.71,663,239
247.47,663,235
248.22,663,236
248.98,647,235
249.74,647,236
250.50,647,237
251.25,647,238
252.01,647,236
252.80,647,235
253.59,647,237
254.39,647,234
255.18,647,234
255.97,647,233
256.77,647,236
257.56,647,235
258.36,647,234
259.15,632,238
259.94,616,230
260.74,601,224
261.53,585,225
262.76,570,226
263.56,554,225
264.35,554,228
265.15,538,230
265.95,523,231
266.74,523,230
267.54,507,229
268.33,507,231
269.13,507,230
269.93,499,232
270.72,487,233
271.52,481,235
272.28,470,231
273.05,457,232
273.83,443,232
274.60,436,231
275.37,425,235
276.14,420,235
276.92,417,235
277.69,409,233
278.46,405,233
279.23,395,234
280.01,398,233
280.78,399,235
281.61,400,234
282.40,400,233
283.20,400,232
283.99,400,233
284.78,400,233
285.58,400,235
286.37,400,237
287.17,407,232
287.96,404,234
288.75,395,233
289.55,390,235
290.34,388,235
291.10,387,236
291.93,401,233
292.75,408,233
293.58,419,216
294.40,819,223
295.23,819,225
296.05,835,227
296.88,835,224
297.70,850,227
298.53,866,229
299.35,881,234
300.18,850,237
300.94,772,228
301.73,757,225
302.51,523,211
303.30,772,212
304.09,757,214
304.87,772,213
305.66,772,210
306.44,445,210
307.23,437,200
308.02,426,174
308.80,413,177
309.59,399,197
310.42,392,168
311.21,377,203
312.01,149,210
312.80,161,214
313.59,167,218
314.39,170,223
315.18,172,224
315.98,173,226
316.77,173,230
317.56,173,231
318.36,161,231
319.15,155,231
319.94,152,233
320.73,150,233
321.53,162,232
322.32,155,231
323.11,152,232
323.91,163,231
324.70,168,229
325.50,171,228
326.29,172,226
327.08,173,226
327.88,180,219
328.67,184,215
329.46,179,210
330.29,459,164
331.12,459,158
331.95,467,210
332.78,554,211
333.61,538,226
334.43,538,231
335.26,554,234
336.09,554,233
336.92,538,232
337.75,538,232
338.58,538,232
339.41,538,235
340.20,538,232
340.99,538,233
341.78,523,232
342.57,523,235
343.36,523,232
344.15,523,232
344.94,523,232
345.73,523,232
346.52,523,233
347.31,523,229
348.10,523,220
348.86,386,226
349.60,374,231
350.34,368,236
351.08,358,237
351.82,372,237
352.56,367,230
353.31,364,226
354.05,476,223
354.79,484,232
355.53,523,233
356.27,523,233
357.01,523,228
357.76,554,214
358.55,322,211
359.35,476,222
0.14,401,223
0.93,381,217
1.73,358,168
2.52,340,155
3.32,324,180
4.11,538,203
4.90,538,226
5.70,538,234
6.49,538,232
7.28,538,235
8.06,538,235
8.83,538,234
9.61,554,234
10.39,554,233
11.17,554,233
11.94,554,227
12.72,585,211
13.50,309,223
14.28,302,229
15.05,298,222
15.83,303,217
16.62,585,217
17.42,362,221
18.23,349,218
19.03,342,225
19.83,332,230
20.64,334,218
21.44,348,212
22.25,282,211
23.05,282,212
23.85,282,212
24.66,282,161
25.46,282,225
26.25,275,237
27.04,278,241
27.83,286,231
28.62,290,220
29.41,445,230
30.20,437,234
30.99,433,234
31.78,424,233
32.57,419,234
33.36,417,233
34.15,409,232
34.94,405,238
35.80,403,233
36.57,394,234
37.34,390,233
38.11,388,232
38.88,375,233
39.65,368,232
40.43,365,232
41.20,363,235
41.97,356,231
42.74,346,231
43.51,341,231
44.28,331,234
45.11,326,235
45.91,331,236
46.72,326,237
47.52,324,237
48.32,323,235
49.12,322,235
49.93,315,234
50.73,312,236
51.53,310,235
52.33,309,235
53.14,309,235
53.94,309,236
54.70,302,236
55.50,298,236
56.30,296,237
57.10,295,236
57.90,295,236
58.70,295,237
59.50,295,238
60.30,288,233
61.10,278,234
61.90,280,236
62.70,281,237
63.50,281,236
64.25,274,237
65.04,271,235
65.83,276,236
66.62,279,237
67.41,280,238
68.20,281,237
69.00,274,238
69.79,278,238
70.58,280,237
71.37,281,237
72.16,281,235
72.95,274,236
73.77,278,235
74.55,280,234
75.34,281,231
76.12,281,237
76.91,274,236
77.69,278,235
78.48,266,237
79.26,260,236
80.05,257,236
80.83,256,236
81.62,241,235
82.40,234,233
82.94,224,232
83.74,232,231
84.54,230,232
85.34,229,233
86.14,235,236
86.94,238,233
87.73,260,233
88.53,271,234
89.33,276,236
90.13,272,234
90.93,277,237
91.73,279,237
92.49,280,237
93.26,274,236
94.03,278,236
94.80,266,238
95.57,260,237
96.34,257,238
97.11,256,238
97.88,255,236
98.65,241,236
99.42,241,235
100.19,244,234
100.96,246,236
101.83,243,235
102.62,242,238
103.41,241,236
104.20,244,240
104.99,246,237
105.78,250,240
106.56,241,238
107.35,244,235
108.14,246,237
108.93,250,238
109.72,259,240
110.51,263,239
111.27,265,239
112.09,266,240
112.92,274,236
113.74,291,239
114.56,300,233
115.38,311,231
116.21,316,197
117.03,255,103
117.85,255,109
118.67,241,211
119.50,234,219
120.32,231,221
121.08,236,215
121.91,232,213
122.75,230,212
123.58,235,210
124.41,224,212
125.24,219,211
126.08,223,212
126.91,225,213
127.74,226,217
128.57,220,226
129.41,217,224
130.24,215,215
131.07,228,220
131.86,234,232
132.64,231,232
133.43,236,222
134.22,238,217
135.00,242,211
135.79,255,210
136.57,261,177
137.36,258,171
138.15,256,171
138.93,262,145
139.72,265,145
140.55,273,168
141.33,270,158
142.10,269,210
142.88,282,158
143.66,275,203
144.44,278,135
145.21,293,90
145.99,74,51
146.77,157,71
147.55,309,113
148.32,295,122
149.10,295,168
149.89,302,158
150.69,298,135
151.49,296,168
152.29,309,142
153.09,309,161
153.89,315,155
154.69,318,132
155.49,601,211
156.29,585,227
157.09,585,221
157.89,335,225
158.69,335,221
159.52,335,231
160.31,335,233
161.11,328,231
161.90,325,233
162.69,317,235
163.48,313,233
164.28,311,233
165.07,316,236
165.86,325,235
166.65,330,230
167.45,332,233
168.24,333,222
169.04,1489,223
169.85,1489,230
170.65,1489,230
171.46,6321,212
172.27,1271,164
173.07,1489,220
173.88,1505,216
174.68,538,227
175.49,538,228
176.30,538,229
177.10,507,228
177.91,507,225
178.70,523,221
179.49,538,213
180.29,174,220
181.08,181,225
181.87,177,238
182.67,175,232
183.46,188,220
184.26,181,219
185.05,177,222
185.84,155,237
186.64,129,240
187.43,124,242
188.19,99,238
188.98,101,240
189.77,102,241
190.56,103,240
191.35,103,244
192.14,111,242
192.92,115,236
193.71,117,230
194.50,133,230
195.29,141,234
196.08,157,232
196.87,165,235
197.70,169,240
198.50,171,232
199.31,179,227
200.11,196,223
200.91,218,226
201.72,229,230
202.52,228,227
203.33,228,226
204.13,234,220
204.93,237,217
205.74,866,219
206.54,881,225
207.33,881,228
208.13,897,227
208.92,928,238
209.72,928,229
210.52,554,224
211.31,538,227
212.11,538,233
212.90,523,233
213.70,523,230
214.50,507,230
215.29,507,232
216.09,507,229
216.85,507,233
217.63,499,233
218.40,507,232
219.18,523,229
219.96,507,230
220.74,507,230
221.51,523,231
222.29,523,233
223.07,538,232
223.85,538,233
224.62,554,232
225.40,554,236
226.22,554,233
227.03,554,233
227.85,554,235
228.66,585,234
229.47,585,234
230.29,585,234
231.10,601,235
231.92,585,232
232.73,585,233
233.54,601,233
234.36,585,231
235.17,601,237
235.96,616,236
236.76,616,237
237.55,616,235
238.35,616,234
239.15,616,236
239.94,647,233
240.74,647,237
241.53,647,236
242.33,647,235
243.13,647,232
243.92,647,235
244.72,647,238
245.48,663,235
246.26,663,236
247.03,663,238
247.81,663,236
248.59,647,238
249.37,647,236
250.14,647,234
250.92,647,238
251.70,663,238
252.48,647,235
253.25,647,236
254.03,647,235
254.86,647,235
255.65,647,236
256.43,647,236
257.22,647,234
258.01,647,236
258.79,647,237
259.58,632,238
260.36,616,227
261.15,585,225
261.94,569,224
262.72,569,226
263.51,554,230
264.31,554,229
265.10,538,232
265.90,523,229
266.69,523,232
267.48,507,229
268.27,507,229
269.07,499,231
269.86,487,230
270.65,481,234
271.44,470,233
272.24,464,232
273.03,454,231
273.82,442,234
274.63,428,234
275.44,421,233
276.25,410,236
277.06,405,233
277.87,402,232
278.68,401,233
279.49,393,231
280.30,396,232
281.11,398,233
281.92,399,235
282.73,392,233
283.52,396,237
284.35,398,234
285.17,399,235
286.00,399,234
286.83,407,235
287.65,403,233
288.48,401,235
289.30,393,235
290.13,389,236
290.96,387,233
291.78,393,235
292.61,396,233
293.44,413,231
294.23,803,217
295.03,819,222
295.82,834,224
296.61,834,224
297.40,834,227
298.20,850,229
298.99,881,231
299.78,866,236
300.57,850,235
301.37,756,232
302.16,772,217
302.95,507,203
303.77,756,212
304.58,772,213
305.40,772,213
306.22,476,210
307.04,415,190
307.85,422,184
308.67,418,164
309.49,416,168
310.31,408,148
311.12,335,168
311.94,348,158
312.73,188,213
313.52,181,217
314.31,177,220
315.10,175,225
315.89,174,227
316.68,161,230
317.46,155,228
318.25,152,230
319.04,150,232
319.83,162,232
320.62,155,230
321.41,152,233
322.21,163,232
323.01,168,233
323.80,171,230
324.60,160,231
325.40,167,227
326.19,170,229
326.99,159,223
327.78,166,222
328.58,177,217
329.38,175,211
330.17,181,177
330.97,476,177
331.76,483,164
332.56,523,187
333.37,554,220
334.17,554,230
334.98,554,231
335.78,554,232
336.59,538,232
337.39,538,234
338.20,538,233
339.00,538,232
339.81,538,232
340.61,538,232
341.36,523,233
342.15,523,235
342.94,523,233
343.73,523,232
344.52,523,235
345.31,523,232
346.11,523,231
346.90,523,232
347.69,523,223
348.48,386,227
349.27,374,227
350.06,368,233
350.93,365,236
351.66,363,236
352.40,374,233
353.13,380,229
353.86,459,220
354.60,475,228
355.33,523,233
356.07,523,235
356.80,523,230
357.53,523,218
358.27,538,211
359.00,514,216
359.76,459,222
0.56,362,221
1.35,374,211
2.15,380,122
2.94,322,142
3.74,322,158
4.53,507,216
5.33,538,231
6.12,538,232
6.92,538,235
7.71,538,235
8.51,538,235
9.27,538,234
10.06,554,234
10.86,554,233
11.65,554,235
12.44,569,217
13.24,309,214
14.03,302,228
14.83,298,227
15.62,303,217
16.41,312,217
17.21,362,217
18.00,355,218
18.83,345,217
19.60,333,232
20.37,327,225
21.14,318,216
21.91,300,211
22.68,291,211
23.45,286,212
24.22,284,211
24.99,283,212
25.76,282,238
26.53,275,239
27.30,278,233
28.10,286,227
28.90,415,225
29.70,429,230
30.50,429,230
31.30,429,232
32.10,422,233
32.90,418,237
33.70,409,235
34.50,404,234
35.30,402,233
36.10,394,232
36.90,390,234
37.43,388,233
38.23,375,233
39.02,368,233
39.82,365,233
40.62,363,232
41.42,356,234
42.21,345,231
43.01,340,231
43.81,337,227
44.61,329,235
45.40,332,234
46.20,327,234
46.96,324,235
47.74,323,237
48.51,322,235
49.29,322,234
50.07,322,236
50.84,322,235
51.62,315,236
52.39,312,236
53.17,310,239
53.95,309,236
54.72,309,237
55.50,302,234
56.29,298,238
57.08,296,237
57.88,295,235
58.67,295,236
59.46,295,237
60.26,288,235
61.05,278,235
61.85,280,239
62.64,281,236
63.43,281,237
64.23,281,236
65.02,281,239
65.78,281,237
66.57,281,237
67.37,281,234
68.16,281,238
68.95,281,238
69.74,274,236
70.54,271,238
71.33,276,237
72.12,279,236
72.91,280,237
73.71,281,237
74.50,281,235
75.33,281,230
76.08,281,237
76.82,274,238
77.57,271,237
78.32,269,238
79.07,268,236
79.81,268,237
80.56,268,233
81.31,241,233
82.06,227,233
82.80,220,235
83.55,224,231
84.31,232,234
85.11,230,228
85.90,235,235
86.70,240,234
87.50,243,232
88.29,262,233
89.09,265,235
89.88,273,234
90.68,270,236
91.48,269,236
92.27,268,238
93.07,275,236
93.83,278,236
94.61,273,236
95.40,270,239
96.18,262,242
96.96,258,240
97.75,256,238
98.53,241,236
99.32,234,237
100.10,237,234
100.88,239,234
101.67,240,236
102.45,243,236
103.20,246,235
103.99,243,237
104.79,242,239
105.58,241,238
106.38,244,238
107.17,246,239
107.97,250,238
108.76,252,237
109.56,260,239
110.35,264,239
111.15,266,241
111.94,260,236
112.90,271,238
113.70,283,239
114.49,296,236
115.29,295,232
116.09,308,221
116.89,308,87
117.68,255,109
118.48,255,145
119.28,228,215
120.08,228,222
120.87,228,220
121.67,228,215
122.43,228,213
123.22,234,211
124.01,237,211
124.80,239,211
125.59,233,211
126.38,230,212
127.16,235,214
127.95,231,221
128.74,222,227
129.53,218,217
130.32,223,214
131.11,232,227
131.87,230,233
132.66,235,226
133.46,238,219
134.25,253,213
135.04,254,190
135.84,254,184
136.63,268,177
137.43,261,168
138.22,271,129
139.01,269,161
139.81,262,155
140.60,265,184
141.39,273,190
142.21,284,164
143.02,276,197
143.84,272,193
144.66,270,122
145.47,89,61
146.29,362,58
147.10,282,122
147.92,268,161
148.74,288,132
149.55,291,138
150.37,300,151
151.16,304,177
151.96,306,145
152.77,300,174
153.57,311,129
154.37,323,158
155.17,316,138
155.98,585,223
156.78,585,228
157.58,335,221
158.38,328,225
159.19,331,225
159.99,333,231
160.79,334,232
161.58,328,235
162.38,318,234
163.17,313,235
163.96,304,233
164.76,306,236
165.55,314,234
166.35,324,232
167.14,329,234
167.93,332,229
168.73,1489,215
169.52,1489,226
170.31,1489,227
171.14,1505,216
171.98,6305,212
172.81,1489,217
173.64,1489,221
174.47,538,218
175.31,538,225
176.14,538,229
176.97,523,230
177.80,523,223
178.64,523,223
179.47,523,216
180.26,174,219
181.04,181,227
181.81,177,231
182.59,175,237
183.37,174,225
184.14,174,220
184.92,174,219
185.69,146,229
186.47,125,239
187.25,114,244
188.02,101,241
188.80,95,238
189.56,99,241
190.36,109,239
191.15,106,241
191.95,112,241
192.75,115,241
193.55,117,230
194.34,125,224
195.14,156,229
195.94,165,233
196.74,169,234
197.53,171,239
198.33,172,235
199.12,173,229
199.91,193,225
200.70,210,228
201.49,219,229
202.28,230,230
203.07,235,226
203.86,238,225
204.65,239,219
205.44,881,217
206.23,866,223
207.02,881,228
207.81,897,229
208.60,928,238
209.42,912,237
210.24,569,221
211.06,554,226
211.88,538,229
212.70,523,230
213.51,523,230
214.33,507,231
215.15,507,230
215.97,507,231
216.79,507,235
217.61,507,231
218.41,507,232
219.21,507,231
220.00,507,230
220.80,499,229
221.60,523,233
222.39,523,233
223.19,538,233
223.98,538,230
224.78,538,235
225.58,554,234
226.37,554,233
227.17,554,235
227.93,554,233
228.73,585,231
229.54,585,234
230.34,601,237
231.14,601,236
231.94,585,234
232.75,585,231
233.55,601,232
234.35,601,232
235.15,601,235
235.96,601,234
236.76,616,235
237.59,616,234
238.38,616,237
239.17,616,235
239.96,647,231
240.75,647,237
241.54,647,235
242.34,647,235
243.13,647,235
243.92,647,236
244.71,647,237
245.50,663,235
246.29,663,238
247.08,663,235
247.89,663,236
248.69,647,235
249.50,647,237
250.31,647,238
251.11,647,236
251.92,647,237
252.72,647,237
253.53,647,236
254.34,647,235
255.14,647,234
255.95,647,233
256.70,647,234
257.49,647,235
258.28,647,235
259.07,647,236
259.86,632,236
260.65,616,226
261.44,585,223
262.23,569,226
263.02,554,227
263.81,554,230
264.60,538,232
265.39,538,229
266.22,523,229
267.01,523,230
267.80,507,229
268.59,507,228
269.38,499,230
270.17,487,232
270.96,473,233
271.75,466,233
272.54,455,234
273.33,442,231
274.12,428,233
274.91,421,234
275.67,418,234
276.48,409,235
277.29,404,235
278.10,402,233
278.91,401,231
279.72,400,232
280.52,400,232
281.33,393,231
282.14,396,236
282.95,398,232
283.76,399,233
284.57,399,233
285.33,399,233
286.14,399,233
286.94,407,236
287.75,403,231
288.56,394,234
289.36,390,234
290.17,388,235
290.97,387,235
291.78,393,235
292.59,404,236
293.39,417,232
294.20,803,215
295.03,819,223
295.82,834,225
296.61,834,225
297.40,850,228
298.19,850,228
298.98,881,234
299.77,866,240
300.56,834,231
301.35,756,231
302.14,788,213
302.93,507,210
303.72,788,211
304.52,803,213
305.32,476,210
306.13,460,168
306.93,445,174
307.73,430,184
308.53,422,180
309.34,404,145
310.14,383,164
310.94,391,148
311.74,174,206
312.55,161,213
313.35,167,220
314.14,170,223
314.94,172,225
315.73,173,228
316.53,173,229
317.33,161,230
318.13,167,233
318.92,158,230
319.72,153,233
320.52,163,233
321.32,168,232
322.11,158,232
322.91,153,232
323.67,163,232
324.46,168,229
325.26,171,229
326.05,172,226
326.84,173,227
327.64,173,222
328.43,180,214
329.23,177,210
330.02,175,203
330.81,476,177
331.61,476,206
332.40,585,168
333.19,553,225
334.00,553,230
334.82,538,233
335.63,538,234
336.45,538,235
337.26,538,236
338.08,538,232
338.89,538,237
339.71,538,232
340.52,522,232
341.34,538,232
342.15,538,231
342.95,538,231
343.74,522,233
344.54,522,233
345.33,522,234
346.12,522,233
346.91,522,231
347.71,499,224
348.50,385,225
349.29,373,229
350.08,367,234
350.88,358,236
351.67,360,235
352.40,372,232
353.18,378,226
353.95,370,221
354.73,491,232
355.51,507,234
356.28,522,234
357.06,522,230
357.83,522,220
358.61,308,210
359.39,476,217
0.16,460,225
0.94,385,219
1.73,373,210
2.48,322,142
3.24,322,184
3.99,322,171
4.75,553,217
5.50,538,229
6.26,538,233
7.01,538,231
7.77,538,235
8.52,538,236
9.28,538,233
10.03,553,234
10.82,553,237
11.61,553,235
12.41,585,218
13.20,295,219
13.99,295,230
14.78,295,227
15.58,301,216
16.37,600,215
17.16,362,217
17.95,355,218
18.75,352,218
19.54,337,231
20.34,329,224
21.11,332,215
21.89,281,211
22.66,281,211
23.43,281,212
24.21,281,212
24.98,281,210
25.76,281,236
26.53,281,239
27.30,281,234
28.08,288,227
28.85,415,219
29.71,422,232
30.47,425,230
31.23,427,233
31.99,421,236
32.75,418,234
33.51,409,234
34.28,404,232
35.04,402,234
35.80,393,232
36.56,389,235
37.32,375,233
38.08,368,232
38.84,365,233
39.64,363,234
40.44,356,234
41.24,352,235
42.04,350,234
42.84,342,230
43.63,332,231
44.43,333,235
45.23,327,235
46.03,324,236
46.83,323,237
47.63,322,236
48.35,322,236
49.14,322,234
49.93,315,234
50.72,311,235
51.51,309,235
52.30,308,238
53.10,308,238
53.89,308,238
54.68,301,236
55.47,298,237
56.26,296,238
57.05,295,236
57.87,295,240
58.66,295,242
59.46,288,236
60.25,284,237
61.04,282,236
61.84,288,237
62.63,284,237
63.43,276,239
64.22,278,236
65.01,279,236
65.81,280,237
66.60,280,236
67.65,280,236
68.44,280,238
69.24,280,236
70.03,280,238
70.82,274,238
71.61,277,239
72.41,279,237
73.20,280,238
73.99,280,237
74.78,280,232
75.58,280,232
76.37,280,235
77.16,274,237
77.91,277,236
78.66,272,237
79.41,270,237
80.16,269,234
80.91,268,237
81.67,241,233
82.42,227,234
83.17,220,234
83.92,230,229
84.67,229,229
85.42,221,232
86.25,232,233
87.04,250,231
87.82,259,230
88.61,270,232
89.40,275,236
90.18,278,233
90.97,279,235
91.75,280,238
92.54,280,240
93.33,267,234
94.11,267,235
94.90,267,237
95.73,260,238
96.56,257,238
97.39,255,238
98.22,254,238
99.05,254,235
99.88,241,238
100.71,241,233
101.54,244,237
102.37,246,236
103.20,243,235
104.03,245,237
104.86,243,238
105.65,245,236
106.41,247,237
107.18,257,238
107.94,255,238
108.70,254,236
109.47,254,238
110.23,261,239
111.00,257,237
111.76,262,238
112.52,265,237
113.29,273,238
114.05,290,241
114.85,292,235
115.64,300,232
116.43,311,211
117.22,289,106
118.01,241,106
118.80,241,211
119.58,234,220
120.37,231,221
121.16,229,217
121.95,228,214
122.74,234,211
123.53,237,210
124.36,232,211
125.14,236,211
125.91,232,213
126.69,230,212
127.47,229,215
128.25,228,226
129.02,221,224
129.80,224,214
130.58,232,221
131.36,236,234
132.13,232,234
132.91,236,223
133.70,238,216
134.52,253,211
135.34,254,210
136.16,261,210
136.98,258,122
137.80,263,168
138.62,259,135
139.44,263,148
140.26,265,145
141.08,280,148
141.90,274,193
142.72,284,174
143.48,276,180
144.27,292,155
145.06,300,67
145.85,119,64
146.64,282,67
147.43,282,158
148.21,282,168
149.00,282,158
149.79,282,138
150.58,282,164
151.37,295,145
152.16,302,187
152.99,305,148
153.81,386,119
154.62,322,116
155.44,601,211
156.26,585,228
157.07,585,220
157.89,335,221
158.70,328,221
159.52,331,231
160.34,326,234
161.15,324,234
161.97,316,235
162.80,312,236
163.60,310,234
164.39,309,236
165.19,309,233
165.99,315,233
166.78,325,234
167.58,330,234
168.37,339,220
169.17,1489,219
169.97,1489,228
170.76,1505,226
171.56,6321,213
172.61,1505,184
173.40,1489,220
174.20,1489,217
174.99,538,226
175.78,523,227
176.58,538,230
177.37,523,227
178.17,507,223
178.96,523,221
179.75,174,213
180.55,174,223
181.34,181,230
182.13,177,235
182.90,175,230
183.68,188,223
184.45,181,220
185.22,177,221
186.00,148,237
186.77,133,239
187.55,118,243
188.32,103,239
189.09,103,239
189.87,111,243
190.64,107,240
191.43,113,244
192.22,116,244
193.02,117,237
193.81,118,225
194.60,133,228
195.40,153,232
196.19,163,232
196.99,168,232
197.78,178,238
198.57,176,239
199.37,182,228
200.16,205,225
200.95,223,226
201.76,232,228
202.57,236,229
203.38,238,226
204.19,239,224
205.00,243,218
205.81,866,219
206.62,866,225
207.43,881,231
208.24,912,230
209.05,912,239
209.86,928,231
210.65,554,223
211.42,538,230
212.19,538,233
212.96,523,232
213.73,523,228
214.50,507,232
215.28,507,229
216.05,507,231
216.82,507,232
217.59,507,230
218.36,507,234
219.13,507,233
219.92,499,229
220.71,507,234
221.51,523,232
222.30,523,235
223.09,538,233
223.88,538,232
224.68,554,235
225.47,554,236
226.26,554,236
227.05,554,232
227.85,554,232
228.64,585,235
229.44,585,237
230.24,601,235
231.03,585,232
231.83,569,233
232.63,585,236
233.42,601,232
234.22,601,232
235.01,601,235
235.81,616,235
236.61,616,236
237.40,616,235
238.20,616,237
238.99,616,233
239.80,632,234
240.62,632,240
241.43,647,234
242.24,647,231
243.06,647,236
243.87,647,236
244.69,647,234
245.50,663,236
246.31,663,235
247.13,663,237
247.94,663,238
248.76,647,238
249.55,647,237
250.34,647,236
251.13,647,237
251.92,663,238
252.71,647,237
253.50,647,236
254.29,647,235
255.08,647,234
255.87,647,236
256.66,647,234
257.45,632,235
258.25,647,235
259.03,647,236
259.81,632,238
260.59,616,227
261.37,585,225
262.15,585,226
262.93,554,228
263.71,554,229
264.49,538,228
265.27,523,230
266.05,523,232
266.83,523,229
267.59,507,230
268.38,499,229
269.18,495,231
269.97,485,231
270.76,480,234
271.55,462,233
272.35,453,232
273.14,441,232
273.93,428,233
274.72,421,232
275.52,418,234
276.31,409,232
277.14,404,235
277.94,402,232
278.74,401,233
279.54,400,234
280.34,400,234
281.14,400,235
281.94,400,232
282.74,400,234
283.54,393,234
284.34,396,233
285.14,398,234
285.94,399,234
286.70,407,236
287.54,403,236
288.38,394,234
289.22,390,232
290.06,388,234
290.90,387,236
291.73,393,234
292.57,404,236
293.41,409,228
294.25,803,218
295.09,819,224
295.93,819,225
296.68,834,224
297.47,850,226
298.26,850,227
299.05,881,232
299.84,866,237
300.63,819,232
301.42,756,233
302.21,788,213
303.00,507,210
303.79,772,213
304.58,772,213
305.37,444,184
306.24,437,210
307.03,448,151
307.81,431,155
308.60,415,161
309.39,415,151
310.17,415,145
310.96,362,148
311.74,201,164
312.53,187,215
313.32,180,218
314.10,177,222
314.89,175,226
315.65,162,225
316.45,168,230
317.24,158,231
318.04,153,231
318.84,163,230
319.63,168,232
320.43,158,232
321.22,153,232
322.02,163,232
322.82,168,231
323.61,171,230
324.41,160,231
325.20,167,226
326.00,170,226
326.79,172,226
327.59,160,218
328.39,167,217
329.18,190,210
329.98,132,161
330.77,476,177
331.57,476,184
332.37,483,174
333.16,553,221
333.96,553,230
334.76,538,234
335.57,538,234
336.38,553,233
337.19,538,233
338.00,538,234
338.81,538,232
339.62,538,232
340.43,522,234
341.24,538,234
342.05,522,231
342.86,522,233
343.67,522,231
344.46,522,233
345.18,522,233
345.91,522,235
346.63,522,231
347.36,506,222
348.08,385,224
348.81,373,230
349.53,367,235
350.26,364,234
350.98,363,237
351.71,374,235
352.43,379,226
353.22,370,223
354.02,476,227
354.81,507,233
355.61,522,233
356.41,522,232
357.20,538,218
358.00,308,211
358.79,491,217
359.59,475,223
0.39,362,220
1.18,362,184
1.98,308,187
2.74,362,164
3.56,415,164
4.38,553,216
5.20,538,233
6.02,538,234
6.84,538,230
7.66,538,234
8.48,538,235
9.30,538,235
10.12,538,233
10.94,553,235
11.76,553,232
12.58,585,217
13.37,308,218
14.16,301,229
14.95,298,226
15.74,296,217
16.53,600,216
17.32,585,216
18.11,349,217
18.90,349,219
19.69,335,230
20.48,328,224
21.27,331,215
22.06,281,211
22.83,288,213
23.61,284,212
24.38,282,210
25.16,288,212
25.93,284,238
26.71,282,238
27.48,281,235
28.26,288,227
29.03,415,223
29.81,429,233
30.58,429,234
31.37,429,231
32.16,422,233
32.95,418,235
33.74,409,232
34.53,404,234
35.32,402,237
36.11,393,232
36.90,389,232
37.69,387,234
38.48,374,234
39.27,368,233
40.06,365,232
40.85,357,234
41.64,353,233
42.43,351,232
43.22,343,230
44.01,332,234
44.80,333,234
45.59,334,235
46.38,328,237
47.17,325,236
47.96,323,237
48.75,322,233
49.54,315,233
50.37,318,236
51.17,313,234
51.96,310,235
52.76,309,237
53.56,308,235
54.35,308,234
55.15,301,237
55.94,298,235
56.74,296,237
57.54,288,238
58.33,291,237
59.13,293,238
59.89,294,237
60.65,287,236
61.41,284,239
62.17,282,238
62.93,281,238
63.69,281,236
64.46,281,237
65.22,281,238
65.98,281,238
66.74,274,239
67.50,277,237
68.26,279,238
69.05,280,237
69.84,280,237
70.63,280,237
71.42,280,238
72.21,274,238
73.00,277,239
73.79,272,234
74.58,276,230
75.37,272,231
76.16,276,237
76.95,278,236
77.74,273,236
78.53,270,236
79.31,262,236
80.09,241,236
80.87,244,235
81.65,236,232
82.43,225,232
83.22,219,231
84.00,230,232
84.78,229,231
85.56,228,229
86.34,228,233
87.12,234,229
87.87,257,233
88.67,269,232
89.46,275,235
90.26,278,236
91.06,279,233
91.85,280,234
92.65,274,237
93.44,277,235
94.24,272,237
95.04,270,238
95.83,262,238
96.63,258,240
97.72,256,238
98.51,241,236
99.30,241,234
100.09,241,235
100.88,241,237
101.67,241,237
102.46,244,236
103.25,242,237
104.04,245,238
104.83,247,237
105.62,250,238
106.41,252,235
107.23,253,239
108.03,253,238
108.84,253,238
109.64,253,238
110.44,253,240
111.25,260,241
112.05,264,237
112.86,266,239
113.66,273,239
114.46,284,236
115.27,296,233
116.07,309,227
116.86,254,96
117.65,241,109
118.45,234,135
119.24,231,212
120.03,229,220
120.83,235,219
121.62,231,214
122.42,236,213
123.21,238,212
124.00,233,210
124.80,237,211
125.59,239,212
126.38,240,212
127.17,234,213
127.95,231,219
128.74,222,228
129.53,218,221
130.32,223,214
131.10,232,225
131.89,236,234
132.68,232,230
133.47,236,222
134.25,238,213
135.04,242,210
135.86,255,177
136.66,254,180
137.47,261,180
138.27,271,168
139.07,262,206
139.88,258,145
140.68,263,210
141.49,265,168
142.29,266,184
143.09,267,184
143.90,260,161
144.70,264,148
145.49,104,58
146.29,119,58
147.08,295,90
147.88,281,151
148.68,281,129
149.47,288,155
150.27,298,177
151.06,303,155
151.86,305,184
152.66,313,151
153.45,310,164
154.25,316,142
155.01,325,142
155.79,600,218
156.56,585,229
157.34,349,217
158.12,342,221
158.90,338,224
159.67,336,232
160.45,335,229
161.23,328,235
162.01,318,235
162.78,313,235
163.56,310,235
164.35,309,233
165.15,315,234
165.96,318,232
166.76,326,232
167.56,330,234
168.37,332,217
169.17,1473,223
169.98,1489,229
170.78,1504,222
171.58,6320,214
172.39,1489,215
173.19,1489,221
173.98,1504,214
174.78,538,226
175.57,538,230
176.37,522,230
177.17,507,226
177.96,507,222
178.76,522,218
179.55,201,216
180.35,194,223
181.15,184,230
181.94,179,238
182.74,176,226
183.50,175,220
184.33,181,219
185.16,157,224
185.99,138,238
186.82,121,243
187.65,112,241
188.47,108,237
189.30,91,239
190.13,97,240
190.96,93,241
191.79,98,243
192.62,101,243
193.45,110,234
194.24,114,226
195.04,144,229
195.83,159,234
196.62,166,233
197.41,170,237
198.21,178,235
199.00,176,233
199.79,181,225
200.58,204,227
201.38,222,226
202.17,231,228
202.65,236,228
203.44,238,228
204.24,239,223
205.03,881,215
205.82,865,218
206.61,881,225
207.41,896,229
208.20,912,230
208.99,912,240
209.78,928,223
210.58,553,228
211.37,538,229
212.16,522,233
212.98,522,230
213.80,522,230
214.62,507,233
215.44,507,233
216.26,507,230
217.08,507,232
217.90,507,231
218.72,507,233
219.54,522,231
220.36,507,229
221.18,507,232
221.97,522,231
222.76,522,235
223.55,538,232
224.34,553,232
225.13,538,235
225.92,553,236
226.71,553,234
227.50,553,232
228.29,553,231
229.08,585,235
229.87,585,236
230.66,600,235
231.45,585,234
232.21,585,235
232.98,585,232
233.74,600,234
234.51,600,232
235.27,600,236
236.04,600,237
236.80,616,234
237.57,600,234
238.33,616,235
239.10,616,235
239.86,631,233
240.65,647,237
241.44,647,236
242.24,647,231
243.03,647,234
243.82,647,234
244.62,647,237
245.41,663,237
246.21,663,236
247.00,663,240
247.79,663,236
248.59,647,237
249.38,647,237
250.13,647,238
250.92,663,238
251.72,647,237
252.51,647,237
253.30,647,236
254.10,647,235
254.89,647,236
255.69,647,233
256.48,647,234
257.27,631,232
258.07,647,235
258.86,631,237
259.65,631,237
260.46,616,227
261.26,585,227
262.07,569,226
262.88,553,226
263.68,553,228
264.49,538,227
265.29,538,228
266.10,522,231
266.91,507,230
267.71,499,232
268.52,495,231
269.31,485,232
270.11,480,233
270.92,469,232
271.72,456,233
272.52,450,231
273.33,439,233
274.13,434,234
274.94,424,236
275.74,419,233
276.54,409,233
277.35,404,234
278.15,402,235
278.94,401,233
279.73,400,234
280.52,392,232
281.31,396,235
282.10,390,234
282.89,395,235
283.68,397,232
284.47,398,233
285.26,399,232
286.05,392,235
286.84,403,233
287.63,401,235
288.42,393,234
289.24,389,233
290.06,375,235
290.88,380,235
291.70,390,235
292.52,402,235
293.34,415,228
294.16,818,217
294.98,818,225
295.80,818,222
296.62,834,226
297.44,850,228
298.23,865,228
299.02,881,235
299.82,865,237
300.61,834,231
301.40,756,230
302.20,507,214
302.99,507,211
303.79,756,213
304.58,756,212
305.37,476,211
306.17,460,145
306.96,452,168
307.90,440,187
308.69,385,155
309.48,385,171
310.27,373,164
311.06,386,145
311.85,174,187
312.64,180,214
313.43,177,219
314.22,163,224
315.01,168,224
315.80,158,225
316.59,166,227
317.45,170,230
318.24,172,230
319.03,160,232
319.82,154,236
320.61,151,231
321.40,162,231
322.19,155,233
322.98,164,231
323.77,169,230
324.56,171,229
325.35,172,228
326.14,173,228
326.93,173,226
327.72,173,220
328.52,180,215
329.31,183,212
330.10,166,168
330.89,476,168
331.69,476,187
332.48,483,210
333.27,553,224
334.06,538,231
334.86,553,232
335.65,538,234
336.44,538,235
337.27,538,233
338.11,538,232
338.94,538,232
339.78,538,233
340.61,522,232
341.45,522,231
342.28,522,232
343.12,522,232
343.95,522,232
344.79,522,232
345.62,522,232
346.42,522,231
347.14,522,232
347.85,538,224
348.57,362,224
349.29,362,232
350.01,362,232
350.72,362,237
351.44,362,239
352.16,373,235
352.88,379,227
353.59,382,220
354.31,507,233
355.10,507,236
355.89,522,232
356.69,522,229
357.48,538,218
358.27,335,187
359.07,476,218
359.86,415,224
0.66,362,221
1.45,342,203
2.24,338,142
3.04,330,164
3.83,339,158
4.63,538,217
5.42,538,230
6.22,538,232
7.01,538,232
7.80,538,233
8.59,538,234
9.39,538,235
10.18,554,235
10.97,554,233
11.76,554,233
12.56,585,214
13.35,309,220
14.11,302,230
14.88,298,224
15.66,303,216
16.43,585,217
17.20,335,217
17.97,342,218
18.75,338,220
19.52,330,231
20.29,326,224
21.06,317,214
21.84,299,211
22.61,290,212
23.44,292,212
24.23,287,203
25.03,284,216
25.82,283,238
26.61,282,239
27.41,288,233
28.20,291,223
29.00,444,227
29.79,444,233
30.58,437,232
31.38,433,232
32.17,424,233
32.97,419,234
33.75,409,234
34.52,404,230
35.30,402,231
36.08,394,234
36.85,390,232
37.63,376,234
38.40,369,231
39.18,365,235
39.96,363,236
40.73,362,232
41.51,355,235
42.27,345,231
43.06,340,229
43.86,337,231
44.65,336,234
45.44,335,236
46.24,322,237
47.03,315,235
47.83,318,237
48.62,320,238
49.41,321,233
50.21,315,235
51.00,312,238
51.79,310,234
52.61,302,236
53.43,305,236
54.25,307,236
55.07,301,238
55.89,298,237
56.70,296,237
57.52,295,236
58.34,295,237
59.16,295,241
59.98,295,236
60.80,288,233
61.60,285,239
62.38,283,236
63.15,282,238
63.93,275,236
64.71,271,237
65.48,276,235
66.26,279,238
67.03,280,237
67.81,281,239
68.59,281,235
69.36,281,237
70.14,281,237
70.93,281,239
71.72,281,236
72.52,281,239
73.31,281,236
74.10,281,237
74.90,274,231
75.69,278,236
76.49,273,237
77.28,264,237
78.07,259,238
78.87,263,238
79.66,259,234
80.46,241,236
81.22,241,234
81.99,241,234
82.75,227,234
83.51,227,231
84.27,234,232
85.04,231,231
85.80,237,235
86.56,239,234
87.32,253,229
88.09,267,233
88.85,274,236
89.65,278,235
90.47,280,232
91.28,274,236
92.10,278,237
92.91,273,238
93.73,270,238
94.54,269,234
95.36,268,238
96.17,261,239
96.99,241,241
97.80,244,237
98.62,242,237
99.42,241,235
100.21,244,234
101.00,242,235
101.79,235,235
102.58,251,236
103.37,259,237
104.16,257,237
104.95,256,238
105.74,255,237
106.53,255,238
107.32,241,236
108.11,254,238
108.98,254,239
109.78,254,240
110.57,254,239
111.37,261,239
112.16,258,236
112.96,270,236
113.75,282,238
114.55,295,237
115.34,302,234
116.14,312,218
116.93,303,74
117.73,299,122
118.56,241,145
119.35,254,213
120.15,228,219
120.94,228,216
121.74,228,213
122.53,295,211
123.33,241,210
124.12,241,210
124.92,234,212
125.71,237,212
126.51,239,210
127.30,233,213
127.72,230,220
128.52,222,228
129.31,218,218
130.11,216,215
130.91,228,228
131.71,228,234
132.50,228,226
133.30,234,220
134.10,237,212
134.90,241,190
135.69,254,151
136.49,254,203
137.32,268,171
138.13,268,145
138.95,275,155
139.76,271,132
140.57,269,155
141.38,282,168
142.20,275,171
143.01,292,168
143.82,287,148
144.63,298,106
145.45,149,64
146.26,295,61
147.05,281,119
147.84,281,132
148.64,288,135
149.43,291,145
150.22,293,155
151.02,294,148
151.81,294,148
152.61,294,119
153.40,301,145
154.19,311,161
154.99,362,142
155.78,585,223
156.57,585,228
157.39,335,219
158.22,335,222
159.04,335,227
159.86,328,233
160.68,325,231
161.51,323,236
162.33,316,233
163.15,312,235
163.97,310,236
164.80,309,236
165.62,315,233
166.38,325,233
167.17,330,234
167.96,332,231
168.75,347,214
169.54,1473,226
170.33,1489,231
171.11,1505,218
171.90,6305,212
172.69,1489,214
173.48,1489,222
174.27,538,216
175.06,538,227
175.86,538,229
176.65,523,227
177.45,507,225
178.24,523,222
179.03,523,218
179.83,188,217
180.62,188,227
181.42,181,234
182.21,177,239
183.00,175,224
183.80,174,221
184.59,181,219
185.38,165,229
186.17,142,241
186.96,130,242
187.75,117,243
188.54,103,236
189.33,111,242
190.12,107,243
190.91,105,242
191.70,112,243
192.49,108,241
193.28,113,230
194.07,123,226
194.86,148,229
195.67,161,232
196.47,167,233
197.28,170,238
198.09,172,238
198.89,173,232
199.70,180,225
200.50,204,226
201.31,209,227
202.12,218,226
202.92,229,228
203.73,235,226
204.56,240,221
205.35,866,217
206.14,866,218
206.93,881,227
207.72,881,229
208.51,912,233
209.31,928,241
210.10,943,220
210.89,554,225
211.68,538,228
212.47,538,229
213.26,523,226
214.05,523,230
214.86,507,235
215.66,499,230
216.47,507,231
217.28,507,232
218.08,499,233
218.89,495,230
219.69,507,231
220.50,499,230
221.31,523,232
222.11,523,231
222.92,523,232
223.67,538,232
224.46,538,234
225.26,554,236
226.05,554,234
226.84,538,234
227.64,554,235
228.43,569,231
229.23,585,233
230.02,585,237
230.81,601,238
231.61,585,233
232.40,585,232
233.15,585,236
233.94,616,231
234.74,585,232
235.53,616,236
236.32,616,235
237.12,616,233
237.91,616,237
238.71,616,233
239.50,616,234
240.29,632,235
241.09,632,236
241.88,647,234
242.68,647,232
243.46,647,233
244.23,647,235
245.01,647,235
245.79,663,237
246.56,663,240
247.34,663,238
248.11,663,236
248.89,647,237
249.67,647,237
250.44,663,240
251.22,663,239
252.01,663,236
252.80,647,236
253.60,647,234
254.39,647,235
255.18,647,235
255.98,632,236
256.77,647,237
257.57,632,234
258.36,632,235
259.15,632,238
259.95,632,231
260.74,601,224
261.54,585,227
262.33,570,225
263.12,554,228
263.91,538,228
264.70,538,231
265.49,523,230
266.27,507,230
267.06,507,231
267.85,499,230
268.64,495,230
269.43,485,234
270.22,472,232
271.02,458,234
271.85,451,233
272.68,440,232
273.52,427,233
274.35,421,235
275.18,418,234
276.01,409,234
276.84,405,233
277.67,403,235
278.51,394,234
279.34,390,234
280.17,395,233
280.93,390,235
281.73,395,232
282.52,397,235
283.32,398,235
284.12,399,234
284.92,399,235
285.71,399,234
286.51,399,234
287.31,407,234
288.11,403,234
288.90,394,233
289.70,390,233
290.49,376,235
291.29,381,235
292.10,390,235
292.90,402,234
293.70,408,226
294.50,819,219
295.31,819,224
296.11,834,226
296.91,834,225
297.71,850,227
298.52,866,231
299.32,881,235
300.15,850,238
300.95,756,229
301.75,772,226
302.55,507,211
303.35,756,213
304.15,788,214
304.95,788,212
305.75,459,211
306.55,451,177
307.35,433,190
308.15,424,184
308.95,412,187
309.74,399,180
310.54,392,142
311.33,389,135
312.13,149,211
312.93,175,217
313.73,174,222
314.52,174,224
315.32,174,226
316.12,174,227
316.92,161,228
317.71,167,231
318.51,158,232
319.30,153,232
320.09,151,230
320.89,162,233
321.68,168,232
322.47,158,231
323.27,166,234
324.06,170,230
324.86,159,229
325.65,166,226
326.44,170,227
327.24,172,224
328.03,180,216
328.86,210,213
329.71,199,174
330.56,476,164
331.42,476,203
332.27,476,151
333.12,554,216
333.97,554,230
334.82,538,231
335.67,538,232
336.53,538,233
337.38,538,234
338.23,538,235
339.02,538,237
339.82,538,236
340.61,538,232
341.41,523,232
342.21,538,233
343.01,523,232
343.80,523,234
344.60,523,233
345.40,523,234
346.20,523,232
346.99,523,233
347.79,523,227
348.55,386,222
349.27,386,230
349.99,374,234
350.71,361,236
351.43,361,238
352.15,373,238
352.87,379,227
353.59,370,224
354.31,459,227
355.03,507,235
355.75,523,234
356.47,507,230
357.30,523,221
358.09,538,211
358.88,476,213
359.67,460,222
0.46,400,223
1.25,381,212
2.05,309,142
2.84,362,126
3.63,295,164
4.42,523,213
5.21,538,230
6.00,538,233
6.80,538,235
7.59,538,235
8.38,538,233
9.17,538,233
9.96,554,236
10.75,554,233
11.53,554,235
12.32,554,224
13.11,309,214
13.90,309,229
14.69,302,226
15.48,298,218
16.24,310,214
17.02,538,214
17.81,349,219
18.59,342,217
19.37,332,227
20.15,327,229
20.94,331,217
21.72,306,212
22.50,294,211
23.28,288,211
24.07,285,211
24.85,290,203
25.61,286,233
26.40,284,237
27.19,283,238
27.98,289,229
28.77,400,222
29.56,422,228
30.36,433,232
31.15,431,234
31.94,423,230
32.73,419,235
33.52,409,235
34.31,404,235
35.14,402,233
35.90,394,234
36.66,390,233
37.42,388,233
38.18,375,234
38.94,368,235
39.70,365,236
40.46,357,233
41.22,353,236
41.98,351,233
42.74,343,231
43.50,339,229
44.29,330,237
45.08,326,234
45.87,317,235
46.66,313,238
47.45,317,235
48.24,319,236
49.02,320,232
49.81,314,235
50.60,311,234
51.39,310,235
52.18,309,236
52.97,309,237
53.77,302,238
54.56,305,237
55.36,300,236
56.15,297,237
56.94,296,235
57.74,295,237
58.53,295,237
59.33,295,235
60.12,288,235
60.91,278,237
61.71,280,235
62.50,281,238
63.26,281,234
64.07,281,238
64.88,281,236
65.69,281,238
66.50,281,239
67.31,274,235
68.11,278,240
68.92,280,237
69.73,281,236
70.54,281,237
71.35,281,238
72.16,281,236
72.95,281,236
73.74,274,236
74.54,278,233
75.33,280,231
76.13,281,233
76.92,274,238
77.72,278,238
78.51,273,241
79.31,270,236
80.10,269,235
80.90,262,237
81.69,241,233
82.40,234,231
83.14,224,234
83.88,226,232
84.62,227,233
85.36,227,235
86.10,237,231
86.85,259,233
87.59,263,234
88.33,272,232
89.07,277,235
89.81,279,235
90.55,280,237
91.38,281,237
92.18,274,236
92.98,278,238
93.78,280,235
94.58,274,234
95.38,264,237
96.17,259,236
96.97,257,239
97.77,256,237
98.57,241,235
99.37,241,236
100.17,241,235
100.93,241,237
101.73,234,237
102.53,237,237
103.33,239,237
104.13,243,236
104.93,246,239
105.74,250,238
106.54,252,237
107.34,253,237
108.14,260,238
108.94,257,237
109.74,241,238
110.50,254,238
111.29,261,240
112.08,264,239
112.87,266,237
113.66,280,238
114.45,287,237
115.23,291,236
116.02,306,222
116.81,255,74
117.60,255,77
118.39,228,168
119.18,228,214
119.98,228,221
120.77,228,217
121.56,234,213
122.35,231,213
123.14,240,197
123.93,240,210
124.71,234,212
125.50,231,212
126.29,236,212
127.08,232,213
127.87,223,219
128.66,218,226
129.49,216,218
130.28,215,214
131.08,228,226
131.87,228,234
132.67,234,228
133.46,239,220
134.26,242,214
135.05,245,190
135.85,243,210
136.64,255,210
137.44,254,184
138.23,261,151
138.98,257,145
139.79,262,187
140.59,265,184
141.40,259,138
142.21,283,148
143.01,275,145
143.82,278,193
144.62,279,142
145.43,273,64
146.24,43,58
147.04,268,122
147.85,274,171
148.64,284,193
149.44,289,158
150.25,278,158
151.05,286,151
151.85,297,158
152.65,302,197
153.46,305,206
154.26,362,148
155.06,308,129
155.86,585,219
156.67,585,229
157.47,349,223
158.23,342,223
159.03,332,225
159.82,333,235
160.62,334,230
161.42,328,236
162.22,318,239
163.01,313,234
163.81,310,235
164.61,309,234
165.41,315,234
166.20,325,234
167.00,330,233
167.79,332,230
168.60,347,215
169.41,1489,225
170.22,1489,229
171.03,1504,217
171.84,6320,213
172.64,1489,214
173.45,1489,221
174.26,538,218
175.07,522,225
175.88,538,230
176.69,522,231
177.49,507,225
178.28,507,223
179.07,522,217
179.86,174,217
180.65,180,223
181.44,177,233
182.24,175,237
183.03,181,223
183.82,184,220
184.61,185,220
185.40,159,230
186.19,139,238
186.98,129,240
187.81,116,243
188.64,110,239
189.47,107,241
190.30,105,239
191.13,104,244
191.95,111,244
192.78,115,241
193.61,117,233
194.44,118,224
195.27,133,230
196.10,153,232
196.85,163,233
197.65,168,239
198.45,171,234
199.25,179,229
200.05,196,223
200.85,212,225
201.64,226,229
202.44,233,228
203.24,237,227
204.04,239,226
204.84,240,219
205.64,865,217
206.40,881,226
207.19,881,228
207.99,896,225
208.78,912,236
209.58,928,239
210.37,553,222
211.17,538,228
211.96,538,229
212.76,522,230
213.55,522,230
214.35,507,231
215.14,507,232
215.97,507,230
216.77,507,232
217.57,499,232
218.37,507,231
219.17,507,235
219.97,507,229
220.76,507,230
221.56,507,233
222.36,522,230
223.16,538,232
223.96,538,234
224.76,538,233
225.55,553,235
226.37,553,236
227.19,553,234
228.01,553,235
228.83,585,234
229.65,585,236
230.46,585,234
231.28,600,233
232.10,585,236
232.92,585,234
233.74,600,231
234.56,585,234
235.32,600,238
236.11,616,235
236.91,616,234
237.70,600,233
238.50,616,235
239.29,616,237
240.09,631,234
240.88,631,236
241.68,647,234
242.47,647,232
243.27,647,234
244.06,647,233
244.89,647,235
245.65,663,237
246.41,647,234
247.17,647,237
247.93,663,238
248.69,647,234
249.44,647,239
250.20,663,237
250.96,663,239
251.72,663,236
252.48,647,237
253.24,647,236
254.04,647,235
254.83,647,234
255.62,647,235
256.41,631,234
257.20,631,235
257.99,631,236
258.77,631,236
259.56,616,235
260.35,600,225
261.14,585,224
261.93,569,224
262.72,553,227
263.51,538,230
264.30,522,228
265.10,522,229
265.89,507,229
266.69,507,228
267.48,499,230
268.28,495,232
269.07,485,232
269.87,480,232
270.66,462,233
271.46,453,231
272.25,441,232
273.04,435,234
273.87,425,234
274.70,420,236
275.53,410,233
276.36,405,236
277.19,402,233
278.01,401,233
278.84,400,234
279.67,392,232
280.50,396,234
281.33,398,235
282.16,399,236
282.95,399,233
283.75,392,233
284.55,396,234
285.34,390,233
286.14,395,233
286.94,405,235
287.74,424,233
288.54,412,234
289.34,398,237
290.13,391,234
290.93,376,236
291.73,380,234
292.58,390,234
293.38,402,235
294.18,415,220
294.98,818,221
295.78,834,226
296.58,834,224
297.38,850,227
298.18,850,228
298.98,881,232
299.78,865,240
300.58,834,233
301.38,756,229
302.18,787,216
302.98,553,210
303.78,772,213
304.58,803,213
305.38,756,211
306.18,444,177
306.97,444,177
307.77,422,184
308.57,418,203
309.37,409,193
310.17,397,193
310.97,379,174
311.76,149,145
312.55,175,211
313.35,174,218
314.14,174,219
314.94,161,224
315.73,167,227
316.53,170,226
317.32,159,229
318.12,154,231
318.91,151,230
319.71,162,232
320.50,155,232
321.26,164,232
322.06,169,232
322.85,171,232
323.65,160,231
324.45,167,230
325.25,170,227
326.04,172,227
326.84,173,225
327.64,173,222
328.44,180,218
329.23,177,211
330.03,175,177
330.82,476,177
331.62,476,190
332.42,483,210
333.22,553,219
334.02,553,227
334.82,553,231
335.63,553,233
336.43,538,232
337.23,538,233
338.03,538,236
338.83,538,232
339.63,538,232
340.46,538,235
341.25,522,234
342.04,538,232
342.83,522,236
343.62,522,233
344.41,522,233
345.19,522,232
345.98,522,232
346.77,522,233
347.56,507,224
348.35,385,220
349.14,373,230
349.93,367,233
350.68,358,236
351.43,360,236
352.18,372,236
352.93,378,227
353.68,370,222
354.44,459,228
355.19,507,234
355.94,522,235
356.69,522,232
357.44,538,221
358.19,308,210
358.95,507,214
359.73,415,223
0.50,400,223
1.28,392,211
2.06,370,148
2.84,352,138
3.61,337,138
4.39,553,213
5.17,538,229
5.95,538,231
6.72,538,231
7.50,538,232
8.33,538,233
9.12,553,233
9.91,538,232
10.70,553,234
11.49,553,233
12.28,569,224
13.06,322,214
13.85,308,227
14.64,301,226
15.43,304,219
16.22,306,214
17.01,362,216
17.80,355,220
18.56,352,216
19.33,337,225
20.09,329,229
20.86,318,219
21.62,299,211
22.39,290,211
23.15,285,211
23.92,283,212
24.68,295,187
25.45,288,230
26.21,278,236
26.97,279,236
27.77,287,231
28.56,415,221
29.36,429,226
30.15,429,233
30.95,429,234
31.74,422,233
32.54,418,235
33.33,416,235
34.13,408,235
34.92,404,235
35.72,394,235
36.51,389,236
37.30,387,232
38.09,374,234
38.88,368,232
39.67,365,233
40.46,357,232
41.26,353,232
42.05,351,232
42.84,343,230
43.63,339,230
44.42,337,235
45.21,329,235
45.97,318,233
46.73,320,237
47.50,321,235
48.26,321,238
49.03,321,235
49.79,321,234
50.56,314,234
51.32,311,238
52.09,309,235
52.85,308,237
53.62,308,236
54.38,301,239
55.13,298,233
55.92,296,235
56.72,295,238
57.51,295,237
58.30,288,236
59.09,291,239
59.89,286,237
60.68,277,236
61.47,279,236
62.26,280,237
63.06,280,236
63.85,280,237
64.71,280,238
65.49,280,238
66.27,280,236
67.04,280,240
67.82,280,238
68.60,274,237
69.38,277,235
70.16,279,237
70.94,280,239
71.71,274,240
72.49,277,237
73.27,272,235
74.06,276,233
74.83,278,230
75.61,279,237
76.38,280,235
77.16,274,240
77.93,271,238
78.71,262,238
79.48,265,236
80.26,241,234
81.03,241,235
81.81,227,232
82.58,220,235
83.37,217,232
84.16,229,233
84.95,228,233
85.75,234,233
86.54,231,232
87.33,281,230
88.12,274,230
88.91,277,236
89.70,279,237
90.50,280,235
91.29,274,236
92.08,277,236
92.88,279,239
93.65,280,237
94.43,274,238
95.20,271,236
95.97,262,240
96.75,258,240
97.52,241,237
98.30,244,235
99.07,236,234
99.84,238,233
100.62,242,235
101.39,241,235
102.22,241,236
103.01,244,236
103.81,246,237
104.60,250,240
105.39,252,239
106.18,253,238
106.98,241,238
107.77,254,238
108.56,254,236
109.35,254,237
110.15,261,241
110.94,257,238
111.73,262,238
112.55,271,237
113.37,276,238
114.19,292,237
115.01,293,233
115.83,300,220
116.65,290,113
117.47,272,96
118.29,228,155
119.11,234,216
119.93,231,222
120.75,229,218
121.54,235,214
122.33,231,215
123.11,236,211
123.90,232,210
124.69,230,212
125.48,229,211
126.26,228,213
127.05,234,214
127.84,224,221
128.63,219,226
129.41,216,218
130.20,222,215
131.07,231,227
131.86,229,235
132.65,228,227
133.44,234,218
134.23,239,214
135.02,242,210
135.80,255,206
136.59,261,187
137.38,257,148
138.17,276,151
138.96,272,138
139.75,270,187
140.51,269,184
141.33,268,203
142.16,261,155
142.98,264,184
143.80,272,155
144.62,276,129
145.45,187,71
146.27,160,54
147.09,268,145
147.91,281,138
148.74,301,132
149.56,298,177
150.28,296,161
151.09,288,158
151.89,298,168
152.70,303,145
153.51,299,138
154.32,349,155
155.12,328,132
155.93,585,221
156.74,585,229
157.55,335,220
158.35,321,222
159.16,328,227
160.02,331,231
160.81,326,234
161.60,324,234
162.39,316,235
163.18,312,235
163.97,310,232
164.76,309,234
165.55,322,235
166.34,328,234
167.13,331,231
167.92,333,228
168.71,1504,215
169.50,1489,227
170.32,1489,231
171.13,1504,214
171.95,6320,212
172.77,1489,219
173.58,1489,222
174.40,538,219
175.21,538,226
176.03,538,231
176.85,522,229
177.66,507,226
178.48,522,222
179.27,522,217
180.07,174,216
180.88,174,226
181.68,174,234
182.49,180,235
183.29,183,222
184.10,178,219
184.90,176,220
185.71,155,228
186.51,137,238
187.32,128,242
188.12,116,241
188.94,110,238
189.73,107,242
190.53,90,240
191.32,97,240
192.11,108,243
192.90,113,239
193.70,116,233
194.49,145,226
195.28,147,230
196.07,160,233
196.87,167,234
197.66,170,241
198.42,172,235
199.23,173,228
200.03,200,223
200.84,220,227
201.65,224,228
202.45,232,229
203.26,236,227
204.06,238,226
204.87,239,219
205.68,865,217
206.48,865,225
207.29,881,229
208.09,896,226
208.88,912,238
209.67,912,237
210.47,553,223
211.26,553,226
212.05,538,233
212.84,522,233
213.63,522,228
214.42,522,231
215.22,507,232
216.01,507,230
216.80,507,233
217.61,499,232
218.40,507,233
219.19,507,231
219.98,507,230
220.77,507,232
221.56,522,233
222.34,522,235
223.13,538,233
223.92,538,231
224.71,553,236
225.50,553,233
226.29,538,234
227.12,538,231
227.92,553,234
228.72,585,234
229.52,585,234
230.32,585,236
231.12,585,234
231.92,585,235
232.72,585,236
233.52,600,235
234.32,600,233
235.12,600,232
235.92,600,235
236.72,616,235
237.52,616,234
238.31,616,236
239.11,616,234
239.90,631,233
240.70,631,236
241.49,647,238
242.29,647,232
243.08,647,236
243.88,647,235
244.67,647,236
245.47,663,235
246.23,663,239
247.01,663,236
247.78,647,236
248.56,647,236
249.34,647,238
250.12,647,236
250.89,663,238
251.67,647,238
252.45,647,236
253.23,647,239
254.00,647,237
254.78,647,236
255.61,631,234
256.43,631,235
257.24,631,235
258.06,631,233
258.88,631,238
259.69,616,236
260.51,600,224
261.32,585,227
262.14,569,227
262.96,553,229
263.77,538,229
264.59,538,229
265.38,522,230
266.17,507,228
266.97,507,230
267.76,499,232
268.55,487,230
269.34,481,230
270.14,470,232
270.93,457,233
271.72,450,232
272.51,439,235
273.31,434,233
274.10,424,233
274.89,419,235
275.70,409,236
276.52,404,231
277.33,394,234
278.14,397,232
278.96,391,234
279.77,388,234
280.59,386,234
281.40,385,233
282.21,392,234
283.03,388,235
283.84,386,234
284.71,393,234
285.50,396,235
286.28,390,233
287.07,402,234
287.86,408,232
288.65,396,234
289.43,390,235
290.22,376,233
291.01,380,235
291.80,382,234
292.58,391,235
293.37,403,233
294.16,423,219
294.96,818,222
295.75,834,223
296.55,834,227
297.34,834,226
298.14,850,228
298.93,881,236
299.73,865,237
300.52,834,231
301.32,756,232
302.11,787,213
302.91,741,210
303.67,756,212
304.48,772,211
305.29,772,200
306.10,459,168
306.91,538,155
307.72,415,174
308.53,415,155
309.34,407,148
310.15,396,135
310.96,379,161
311.77,119,155
312.58,146,214
313.37,147,220
314.16,160,222
314.95,167,224
315.74,170,228
316.53,172,228
317.32,173,230
318.11,173,231
318.90,161,232
319.69,155,233
320.48,164,230
321.27,156,235
322.06,165,232
322.81,157,231
323.61,165,231
324.40,169,229
325.20,171,229
325.99,172,228
326.79,173,225
327.58,180,220
328.38,183,214
329.17,205,211
329.97,475,148
330.76,452,145
331.56,463,197
332.36,477,151
333.18,553,223
334.00,553,229
334.81,538,228
335.63,538,233
336.45,538,232
337.27,553,232
338.09,538,232
338.91,538,235
339.72,538,231
340.54,538,231
341.36,522,232
342.15,522,233
342.94,538,232
343.72,522,234
344.51,522,233
345.30,522,232
346.09,522,233
346.87,522,231
347.66,498,223
348.45,385,227
349.24,373,227
350.02,367,233
350.81,357,237
351.63,359,238
352.37,372,233
353.11,378,228
353.84,381,220
354.58,475,228
355.32,522,236
356.06,522,235
356.80,507,231
357.54,522,216
358.27,322,210
359.01,475,217
359.75,459,223
0.54,362,219
1.33,362,210
2.13,342,138
2.92,332,210
3.71,340,161
4.51,538,217
5.30,538,232
6.10,538,232
6.89,538,233
7.68,538,233
8.48,538,236
9.27,553,234
10.03,553,234
10.82,553,234
11.61,553,235
12.40,569,216
13.19,308,220
13.98,308,230
14.76,301,226
15.55,304,215
16.34,585,218
17.13,585,216
17.92,362,218
18.71,348,221
19.51,335,232
20.29,321,223
21.06,314,214
21.84,304,212
22.62,299,212
23.39,290,212
24.17,279,211
24.94,287,213
25.72,277,237
26.50,279,240
27.27,280,234
28.05,294,226
28.85,444,225
29.64,444,231
30.44,436,233
31.23,425,232
32.02,420,234
32.82,417,236
33.61,408,231
34.41,404,234
35.20,402,234
35.99,401,233
36.79,393,234
37.58,377,232
38.33,369,234
39.13,365,233
39.92,363,234
40.72,355,234
41.52,351,236
42.31,349,234
43.11,342,231
43.90,338,228
44.70,336,235
45.50,329,234
46.29,325,235
47.09,316,233
47.89,319,237
48.67,320,236
49.44,321,234
50.22,314,234
51.00,318,234
51.77,313,235
52.55,310,235
53.32,309,235
54.10,308,237
54.88,301,234
55.65,298,237
56.43,296,238
57.19,295,236
57.99,295,235
58.78,295,237
59.58,288,236
60.38,284,235
61.17,282,238
61.97,281,237
62.76,274,237
63.56,277,239
64.36,279,237
65.15,273,237
65.95,277,237
66.74,279,235
67.50,280,239
68.26,280,239
69.02,274,238
69.78,271,240
70.54,276,236
71.31,278,240
72.07,279,237
72.83,280,236
73.59,280,234
74.35,280,232
75.11,280,231
75.90,274,237
76.71,271,238
77.51,269,236
78.32,268,239
79.13,241,234
79.93,254,238
80.74,261,235
81.54,241,235
82.35,227,233
83.16,220,235
83.96,230,228
84.77,228,234
85.53,234,229
86.33,251,234
87.12,241,233
87.92,241,232
88.72,254,231
89.51,267,236
90.31,267,235
91.10,274,235
91.90,277,237
92.70,272,237
93.49,270,236
94.29,269,235
95.08,261,235
95.86,257,236
96.63,241,238
97.41,244,239
98.19,242,237
98.97,245,235
99.74,247,235
100.52,237,236
101.30,241,235
102.08,241,239
102.85,241,237
103.63,241,238
104.39,244,236
105.19,242,238
106.00,245,235
106.80,247,239
107.60,250,239
108.40,252,237
109.21,253,240
110.01,260,239
110.81,257,238
111.61,262,236
112.42,265,239
113.22,273,237
114.09,290,240
114.88,292,234
115.67,300,230
116.46,317,211
117.25,241,80
118.04,241,113
118.83,234,212
119.62,230,220
120.41,228,221
121.20,221,217
121.99,224,215
122.78,235,210
123.53,231,210
124.33,236,210
125.12,240,211
125.92,233,211
126.72,237,212
127.52,239,216
128.31,233,227
129.11,223,224
129.91,218,214
130.71,229,220
131.50,235,232
132.30,231,233
133.05,236,225
133.84,238,216
134.64,253,211
135.43,267,197
136.22,281,151
137.02,267,142
137.81,287,171
138.61,277,164
139.40,279,158
140.19,273,129
140.99,270,155
141.78,269,168
142.86,268,168
143.65,281,168
144.44,281,155
145.23,281,58
146.02,335,51
146.81,241,61
147.60,261,177
148.39,284,148
149.18,282,122
149.97,295,180
150.76,301,161
151.55,298,135
152.31,303,161
153.10,305,184
153.90,313,138
154.69,324,158
155.48,600,210
156.28,585,229
157.07,585,222
157.87,335,224
158.66,335,222
159.45,335,229
160.25,328,233
161.04,325,230
161.79,323,233
162.59,315,234
163.38,311,233
164.18,309,237
164.98,308,235
165.77,321,233
166.57,321,234
167.36,328,232
168.16,338,221
168.96,1489,221
169.75,1489,228
170.55,1489,227
171.38,6336,214
172.20,1504,177
173.01,1489,223
173.83,1489,219
174.65,538,223
175.46,538,228
176.28,538,229
177.09,522,227
177.91,507,222
178.73,522,220
179.54,187,214
180.36,194,221
181.12,184,227
181.93,179,236
182.73,176,230
183.54,175,221
184.35,181,219
185.15,177,223
185.96,155,236
186.76,137,241
187.57,120,242
188.38,104,239
189.18,88,240
189.99,88,240
190.78,88,241
191.58,96,242
192.37,107,242
193.17,113,238
193.97,116,229
194.76,132,228
195.56,153,232
196.35,163,233
197.15,168,235
197.95,171,236
198.74,172,235
199.54,179,227
200.30,203,224
201.10,222,228
201.91,231,232
202.71,229,227
203.51,235,227
204.32,238,223
205.12,242,216
205.93,865,220
206.73,881,227
207.53,896,229
208.34,912,230
209.14,928,240
209.93,928,225
210.72,553,225
211.52,538,228
212.31,538,232
213.10,522,228
213.90,522,230
214.69,507,229
215.49,507,230
216.28,507,230
217.07,507,229
217.87,499,233
218.66,507,235
219.45,522,233
220.25,506,229
221.04,507,232
221.84,522,230
222.64,522,234
223.43,538,232
224.23,522,232
225.02,553,233
225.82,538,235
226.62,553,234
227.41,553,234
228.21,569,232
228.97,585,234
229.80,585,237
230.63,600,235
231.46,585,234
232.29,585,234
233.12,585,234
233.94,600,234
234.77,585,231
235.60,600,236
236.43,616,237
237.26,616,233
238.09,600,233
238.92,616,234
239.69,616,234
240.46,647,233
241.23,631,238
242.00,647,234
242.77,647,233
243.55,647,233
244.32,647,236
245.09,647,236
245.86,663,236
246.63,663,237
247.40,663,236
247.94,647,236
248.74,647,236
249.53,647,236
250.33,663,238
251.13,647,236
251.92,647,237
252.72,647,235
253.51,647,234
254.31,647,232
255.11,631,233
255.90,631,236
256.70,631,234
257.45,631,234
258.27,631,235
259.08,631,239
259.90,616,233
260.72,585,226
261.53,569,227
262.35,569,227
263.16,553,229
263.98,538,231
264.80,522,230
265.61,522,231
266.43,507,230
267.26,499,228
268.05,495,231
268.84,485,232
269.63,480,233
270.42,469,233
271.21,456,233
272.00,450,233
272.79,439,233
273.58,427,233
274.37,421,232
275.16,410,234
275.95,405,232
276.74,402,234
277.55,401,234
278.35,400,234
279.16,381,234
279.97,383,233
280.77,384,233
281.58,392,234
282.38,396,234
283.19,398,235
284.00,399,235
284.80,399,234
285.61,399,234
286.41,399,233
287.23,407,234
288.04,403,234
288.86,394,236
289.68,378,233
290.49,381,235
291.31,383,236
292.12,391,232
292.94,395,234
293.76,405,230
294.57,818,218
295.39,818,223
296.22,834,226
297.01,834,227
297.80,850,226
298.59,865,231
299.38,881,238
300.17,850,237
300.95,772,229
301.74,756,230
302.53,507,210
303.32,499,210
304.11,772,216
304.90,772,212
305.70,459,206
306.51,444,203
307.31,429,210
308.12,429,155
308.93,362,145
309.73,381,155
310.54,390,180
311.34,387,158
312.15,187,184
312.96,180,215
313.76,177,219
314.57,175,222
315.29,174,225
316.09,161,228
316.88,167,228
317.68,170,229
318.48,159,233
319.27,166,232
320.07,157,230
320.86,153,232
321.66,163,234
322.46,168,234
323.25,171,230
324.05,160,233
324.84,167,230
325.63,170,228
326.43,172,231
327.22,173,225
328.01,180,219
328.81,190,217
329.60,182,210
330.40,128,168
331.19,476,197
331.98,476,187
332.78,476,190
333.57,554,224
334.36,554,229
335.19,554,234
336.02,554,232
336.85,538,232
337.68,538,233
338.51,538,233
339.35,538,234
340.18,538,235
341.01,523,232
341.84,523,232
342.67,538,234
343.50,538,232
344.29,523,231
345.03,523,236
345.76,523,235
346.50,523,231
347.24,523,231
347.98,523,223
348.71,386,227
349.45,386,231
350.19,374,233
350.93,368,238
351.66,365,235
352.40,375,234
352.90,380,227
353.69,444,221
354.47,507,230
355.26,522,233
356.05,522,233
356.84,522,231
357.62,538,216
358.41,553,210
359.20,491,217
359.99,467,221
0.77,385,220
1.56,335,190
2.36,328,142
3.14,331,155
3.92,385,164
4.70,553,216
5.48,538,231
6.26,538,233
7.03,538,233
7.81,538,235
8.59,538,235
9.37,553,234
10.15,553,234
10.93,553,236
11.73,553,235
12.52,569,216
13.32,308,218
14.11,301,228
14.90,298,226
15.70,303,215
16.49,585,217
17.29,538,218
18.08,362,215
18.87,348,220
19.67,335,231
20.46,328,223
21.26,331,213
22.03,268,211
22.81,274,211
23.58,277,212
24.35,279,210
25.12,287,214
25.90,277,238
26.67,279,238
27.44,280,234
28.21,287,225
28.99,415,224
29.76,429,232
30.63,429,232
31.39,429,231
32.14,422,234
32.90,418,235
33.66,409,232
34.41,404,235
35.17,402,234
35.92,393,233
36.68,389,234
37.44,375,230
38.19,380,236
38.95,371,234
39.78,366,235
40.58,357,234
41.37,353,235
42.17,351,234
42.97,343,229
43.77,332,232
44.56,327,235
45.36,324,236
46.16,323,238
46.96,322,236
47.75,322,235
48.55,322,233
49.31,315,234
50.13,311,237
50.94,309,235
51.76,308,235
52.57,308,236
53.39,308,235
54.20,301,235
55.02,298,236
55.83,296,235
56.65,295,237
57.46,295,239
58.28,295,239
59.07,295,237
59.84,288,235
60.62,278,234
61.39,279,236
62.16,280,236
62.94,280,237
63.71,280,240
64.49,280,237
65.26,280,235
66.03,280,237
66.81,274,238
67.58,277,238
68.41,279,236
69.20,280,237
70.00,280,238
70.79,280,236
71.58,280,237
72.38,280,238
73.17,274,237
73.97,271,237
74.76,276,230
75.55,278,233
76.35,279,236
77.14,280,237
77.94,274,237
78.73,271,237
79.51,241,239
80.30,254,235
81.08,254,236
81.87,241,234
82.65,227,234
83.44,227,231
84.22,237,232
85.01,232,235
85.79,230,233
86.58,239,231
87.45,253,233
88.24,267,232
89.03,274,232
89.82,264,234
90.61,266,235
91.40,267,237
92.20,274,237
92.99,271,235
93.78,269,238
94.57,268,236
95.36,261,239
96.15,257,239
96.94,255,237
97.72,254,240
98.49,241,237
99.27,241,236
100.05,241,236
100.82,241,236
101.60,244,236
102.37,242,238
103.15,245,237
103.93,247,237
104.70,250,237
105.48,241,236
106.28,244,238
107.09,246,236
107.90,250,240
108.72,241,237
109.53,244,236
110.34,256,240
111.15,262,238
111.96,265,236
112.77,266,238
113.59,287,239
114.40,291,235
115.21,299,229
116.08,310,221
116.87,228,113
117.66,308,84
118.45,241,126
119.24,234,214
120.03,231,220
120.83,222,220
121.62,225,213
122.41,235,212
123.20,239,210
123.99,240,210
124.78,240,212
125.54,234,213
126.32,237,211
127.10,232,212
127.88,223,219
128.66,218,226
129.44,216,217
130.21,222,215
130.99,231,226
131.77,236,234
132.55,232,228
133.33,236,221
134.11,240,213
134.87,243,200
135.69,242,210
136.51,255,184
137.34,261,177
138.16,271,168
138.98,241,168
139.80,254,168
140.62,261,200
141.44,264,184
142.27,266,158
143.09,273,193
143.91,270,187
144.71,275,135
145.50,201,51
146.30,152,67
147.09,281,138
147.88,281,161
148.68,288,142
149.47,284,177
150.27,282,164
151.06,295,145
151.85,301,174
152.65,318,138
153.44,313,145
154.20,324,164
155.02,316,145
155.83,600,225
156.65,585,227
157.46,335,219
158.28,328,224
159.09,331,227
159.91,326,231
160.72,324,230
161.54,323,233
162.35,315,234
163.17,311,234
164.00,309,235
164.82,308,235
165.64,315,233
166.47,325,233
167.29,330,234
168.11,339,225
168.93,1489,218
169.75,1489,229
170.57,1489,227
171.40,1504,211
172.22,6305,190
173.04,1489,218
173.80,1489,217
174.59,538,222
175.39,538,228
176.18,538,230
176.98,522,229
177.77,522,225
178.57,522,220
179.36,538,215
180.16,174,222
180.95,180,223
181.75,177,235
182.54,175,234
183.37,162,220
184.17,188,221
184.96,181,219
185.76,157,233
186.55,138,240
187.35,128,243
188.14,101,240
188.94,102,239
189.73,103,242
190.53,103,238
191.32,103,242
192.12,103,241
192.95,111,239
193.75,122,231
194.55,128,227
195.34,151,235
196.14,162,233
196.94,168,235
197.74,171,238
198.54,172,234
199.34,173,226
200.13,207,223
200.93,224,227
201.73,232,227
202.40,236,226
203.18,232,227
203.97,236,224
204.75,238,220
205.53,881,218
206.32,881,224
207.10,881,228
207.89,897,226
208.67,912,238
209.45,928,234
210.24,554,224
211.02,538,227
211.85,538,231
212.65,523,229
213.45,523,230
214.25,507,231
215.05,507,231
215.85,507,230
216.64,507,233
217.44,491,233
218.24,507,231
219.04,507,231
219.84,499,230
220.64,495,231
221.44,523,230
222.23,523,234
223.03,538,235
223.82,538,232
224.61,554,234
225.41,554,235
226.20,554,235
227.00,554,236
227.79,554,233
228.58,569,233
229.38,585,236
230.17,585,232
230.97,585,235
231.75,585,232
232.53,585,235
233.31,601,233
234.09,601,233
234.87,601,234
235.64,601,234
236.42,616,237
237.20,616,232
237.98,616,238
238.76,616,236
239.54,632,230
240.34,647,237
241.11,647,238
241.89,647,233
242.66,647,234
243.43,647,236
244.20,647,236
244.98,663,235
245.75,663,238
246.52,663,236
247.29,663,239
248.07,647,235
248.84,647,237
249.63,647,238
250.42,663,239
251.22,647,235
252.01,647,235
252.81,647,236
253.60,647,235
254.40,647,234
255.19,647,233
255.99,632,234
256.78,632,232
257.58,632,233
258.37,632,239
259.16,632,237
259.98,616,227
260.81,585,225
261.63,569,225
262.45,554,228
263.27,538,225
264.10,538,229
264.92,523,229
265.74,507,230
266.56,507,230
267.39,499,230
268.21,487,230
268.97,481,230
269.77,478,232
270.57,468,232
271.38,456,232
272.18,443,231
272.98,429,234
273.78,422,235
274.58,418,235
275.38,416,233
276.19,408,231
276.99,404,234
277.79,402,236
278.59,394,233
279.38,397,233
280.17,398,233
280.96,399,235
281.75,392,234
282.54,396,232
283.34,398,233
284.13,399,232
284.92,399,236
285.71,399,233
286.50,399,235
287.29,399,233
288.12,392,232
288.93,389,231
289.73,387,235
290.54,374,235
291.34,380,236
292.15,390,233
292.95,402,235
293.76,408,226
294.56,819,223
295.37,819,223
296.17,834,226
296.98,850,227
297.77,850,226
298.56,866,230
299.36,881,237
300.15,850,239
300.95,756,229
301.74,772,222
302.54,523,211
303.33,756,212
304.13,772,215
304.92,756,212
305.72,459,203
306.51,451,193
307.54,440,184
308.33,427,210
309.13,413,148
309.92,399,168
310.72,400,145
311.51,393,187
312.31,149,211
313.10,168,214
313.90,158,220
314.69,153,225
315.49,163,227
316.28,168,227
317.07,171,229
317.86,172,229
318.66,173,230
319.45,173,230
320.25,161,233
321.04,155,231
321.84,152,231
322.63,150,232
323.43,149,233
324.22,161,230
325.02,167,231
325.81,170,228
326.60,172,227
327.39,180,225
328.19,177,217
328.98,182,213
329.78,178,203
330.57,476,171
331.37,467,177
332.16,471,132
332.96,538,212
333.75,538,229
334.55,538,232
335.34,538,231
336.17,538,231
336.96,538,235
337.76,538,235
338.55,538,234
339.34,538,232
340.13,538,232
340.93,538,232
341.72,523,233
342.51,523,234
343.30,523,234
344.10,538,233
344.89,523,234
345.68,523,233
346.39,523,232
347.10,523,231
347.81,362,220
348.52,362,229
349.23,362,233
349.93,362,233
350.64,355,237
351.35,358,236
352.06,372,234
352.77,379,225
353.48,459,222
354.27,475,230
355.06,507,234
355.85,523,236
356.64,523,229
357.43,554,213
358.22,309,212
359.00,459,219
359.79,401,222
0.58,381,217
1.37,322,145
2.16,322,158
2.95,329,148
3.81,401,148
4.61,538,221
5.41,538,232
6.21,538,233
7.01,538,232
7.81,538,232
8.62,538,234
9.42,554,235
10.22,554,236
11.02,554,235
11.82,554,231
12.62,585,213
13.41,309,222
14.20,302,228
15.00,298,225
15.79,303,215
16.58,585,219
17.37,362,218
18.17,355,217
18.96,338,221
19.75,330,230
20.54,319,221
21.34,307,215
22.13,301,211
22.90,291,211
23.70,286,214
24.49,284,210
25.29,289,219
26.08,285,238
26.88,283,238
27.67,282,232
28.47,288,224
29.26,415,227
30.06,430,233
30.85,437,233
31.65,426,233
32.44,420,234
33.20,417,235
33.96,409,232
34.71,405,234
35.47,403,234
36.23,394,235
36.99,390,235
37.75,388,232
38.51,375,234
39.26,362,236
40.02,362,235
40.78,355,236
41.65,352,234
42.44,344,232
43.23,340,229
44.02,331,233
44.81,326,238
45.60,324,235
46.38,323,235
47.17,322,236
47.96,322,235
48.75,322,236
49.54,322,235
50.33,315,235
51.12,312,237
51.91,310,237
52.70,309,238
53.49,302,237
54.28,305,238
55.07,307,237
55.87,301,236
56.66,298,237
57.45,296,236
58.24,295,241
59.03,295,239
59.82,295,236
60.61,288,237
61.40,285,238
62.18,283,240
62.97,275,237
63.76,278,237
64.55,280,240
65.33,281,236
66.12,274,236
66.91,278,238
67.70,280,236
68.48,281,240
69.27,281,239
70.13,281,239
70.92,274,236
71.70,278,239
72.49,280,237
73.28,281,236
74.06,281,233
74.85,281,235
75.63,274,234
76.42,278,237
77.21,280,237
77.99,274,237
78.78,271,238
79.61,269,237
80.39,268,235
81.17,241,237
81.95,234,232
82.73,224,235
83.51,226,231
84.29,233,233
85.07,230,232
85.85,235,232
86.63,240,233
87.41,254,232
88.19,261,233
88.95,271,234
89.72,269,236
90.50,275,237
91.27,278,235
92.05,273,236
92.82,270,235
93.60,276,236
94.37,272,236
95.15,263,239
95.92,259,238
96.70,257,238
97.47,256,236
98.33,255,236
99.12,255,236
99.91,255,235
100.70,255,236
101.49,241,238
102.28,241,238
103.06,244,237
103.85,246,239
104.64,243,238
105.43,242,238
106.22,255,238
107.01,255,238
107.77,255,238
108.61,255,239
109.44,261,238
110.28,258,238
111.12,263,238
111.95,265,235
112.79,273,234
113.62,284,241
114.46,303,234
115.30,299,234
116.13,317,219
116.97,306,126
117.73,300,103
118.53,228,138
119.32,228,213
120.12,228,221
120.91,228,216
121.71,228,212
122.50,234,211
123.30,231,210
124.09,237,211
124.89,232,212
125.68,230,211
126.48,235,213
127.27,231,212
128.06,229,219
128.85,222,227
129.64,218,217
130.43,216,215
131.22,222,227
132.02,225,233
132.81,233,227
133.60,238,220
134.39,242,212
135.18,255,210
135.97,241,210
136.76,261,164
137.58,285,138
138.40,276,177
139.22,279,164
140.04,267,109
140.86,288,168
141.68,271,148
142.50,269,155
143.32,268,126
144.14,268,184
144.96,268,100
145.78,134,74
146.54,104,48
147.33,282,116
148.12,282,180
148.92,288,171
149.71,285,168
150.50,297,155
151.29,303,177
152.08,299,164
152.87,304,158
153.67,306,155
154.46,321,132
155.25,321,177
156.12,585,228
156.94,570,228
157.77,336,220
158.59,336,221
159.41,336,228
160.24,336,230
161.06,329,231
161.89,325,235
162.71,317,238
163.53,313,233
164.36,311,236
165.18,316,234
166.00,326,232
166.81,324,234
167.61,330,233
168.42,333,222
169.23,1489,220
170.04,1489,228
170.84,1489,226
171.65,6321,212
172.46,1505,184
173.27,1489,221
174.07,1489,218
174.88,523,225
175.67,538,227
176.46,523,230
177.26,507,227
178.05,507,224
178.84,523,220
179.63,538,212
180.43,174,222
181.22,174,229
182.01,174,237
182.80,174,228
183.60,174,221
184.39,181,219
185.18,177,222
185.98,148,238
186.79,133,242
187.59,118,243
188.39,111,240
189.20,107,241
190.00,105,239
190.81,104,241
191.61,111,241
192.41,115,243
193.22,117,236
194.02,125,226
194.85,149,227
195.65,161,233
196.44,167,233
197.24,170,238
198.04,172,236
198.84,173,232
199.63,180,225
200.43,197,226
201.23,212,225
202.03,220,227
202.82,230,228
203.62,235,227
204.41,238,222
205.21,866,215
206.01,881,222
206.81,881,229
207.61,881,228
208.41,912,231
209.20,928,239
210.00,570,218
210.80,538,228
211.60,554,230
212.40,523,232
213.20,523,228
213.96,507,228
214.75,507,233
215.54,499,232
216.33,507,231
217.12,507,231
217.91,507,232
218.70,507,232
219.49,507,233
220.28,507,229
221.07,507,233
221.86,523,232
222.65,523,234
223.48,538,231
224.27,538,234
225.06,554,234
225.85,538,234
226.64,554,234
227.43,538,235
228.21,570,231
229.00,585,236
229.79,585,235
230.58,585,235
231.37,585,235
232.16,585,236
232.79,585,236
233.59,601,231
234.38,585,233
235.18,601,233
235.97,601,235
236.77,616,233
237.56,616,235
238.36,616,232
239.15,616,233
239.95,632,233
240.74,647,237
241.54,647,235
242.30,647,233
243.10,647,236
243.89,647,236
244.69,647,235
245.49,663,236
246.29,663,239
247.08,663,236
247.88,647,236
248.68,647,238
249.48,647,236
250.27,663,237
251.07,647,238
251.86,647,240
252.65,647,234
253.44,647,235
254.23,647,234
255.02,647,232
255.81,632,236
256.59,632,232
257.38,632,234
258.17,632,235
258.96,632,236
259.75,616,232
260.54,601,226
261.33,570,226
262.14,570,224
262.96,554,227
263.77,538,230
264.58,538,231
265.40,523,230
266.21,507,229
267.03,507,232
267.84,499,232
268.65,487,231
269.47,481,231
270.28,470,233
271.08,464,233
271.87,454,232
272.66,442,233
273.45,428,233
274.24,421,232
275.03,418,234
275.82,416,234
276.61,408,234
277.40,404,235
278.19,402,232
278.98,394,235
279.77,397,234
280.64,398,234
281.43,399,232
282.22,392,231
283.01,396,235
283.80,391,233
284.59,395,235
285.37,397,234
286.16,398,234
286.95,406,236
287.74,403,233
288.53,394,234
289.32,390,234
290.11,388,236
290.94,375,236
291.77,380,235
292.60,397,232
293.43,406,233
294.26,819,215
295.09,819,223
295.92,834,225
296.75,834,226
297.58,850,228
298.41,850,226
299.24,881,235
300.03,866,235
300.80,834,231
301.57,756,231
302.33,803,214
303.10,507,210
303.87,772,215
304.64,772,213
305.41,444,210
306.18,437,161
306.94,426,210
307.71,413,171
308.48,406,190
309.23,403,180
310.02,401,210
310.81,381,132
311.60,188,193
312.39,181,214
313.18,177,217
313.96,175,220
314.75,174,223
315.54,174,224
316.33,174,228
317.12,174,226
317.91,174,230
318.78,174,231
319.57,161,234
320.35,167,232
321.14,170,233
321.92,172,233
322.71,160,232
323.49,154,230
324.28,164,231
325.06,156,232
325.85,165,226
326.63,169,224
327.42,178,221
328.25,176,214
329.11,195,211
329.97,191,168
330.83,476,164
331.69,476,193
332.55,476,210
333.42,554,220
334.28,554,230
335.14,538,231
336.00,554,232
336.86,538,233
337.72,538,233
338.48,538,236
339.27,538,236
340.07,538,233
340.86,538,233
341.66,538,235
342.45,523,232
343.25,523,233
344.04,523,234
344.84,523,233
345.63,523,233
346.43,523,236
347.22,523,235
348.05,507,224
348.73,386,223
349.40,386,226
350.08,374,232
350.76,368,237
351.44,365,236
352.11,375,233
352.79,380,228
353.47,383,221
354.15,476,228
354.82,523,235
355.50,523,233
356.30,523,233
357.10,523,222
357.89,335,211
358.69,328,212
359.49,430,221
0.29,408,223
1.08,385,211
1.88,322,142
2.68,322,135
3.48,328,132
4.27,554,211
5.07,538,229
5.83,538,234
6.63,538,232
7.44,538,234
8.24,538,235
9.04,538,232
9.84,554,234
10.65,554,235
11.45,554,235
12.25,554,223
13.05,309,213
13.86,309,227
14.66,302,227
15.45,298,220
16.24,303,216
17.03,326,217
17.82,344,217
18.61,346,218
19.40,334,228
20.18,328,229
20.97,325,218
21.76,303,213
22.55,292,211
23.34,287,212
24.13,291,213
24.89,300,193
25.69,291,230
26.48,279,238
27.28,280,236
28.08,287,229
28.88,444,221
29.67,444,229
30.47,437,235
31.27,433,232
32.07,424,232
32.86,419,234
33.66,409,233
34.46,404,232
35.23,402,235
35.99,394,232
36.76,390,234
37.53,388,237
38.29,375,233
39.06,368,231
39.82,365,231
40.59,363,232
41.36,362,234
42.12,355,236
42.89,345,231
43.68,340,229
44.47,337,232
45.26,336,233
46.05,329,234
46.84,325,235
47.63,323,236
48.43,322,234
49.22,322,235
50.01,315,235
50.80,312,235
51.59,310,236
52.38,309,237
52.79,309,233
53.59,309,239
54.39,309,236
55.18,302,238
55.98,298,237
56.78,296,236
57.58,295,237
58.38,295,237
59.18,288,237
59.97,285,237
60.77,283,238
61.57,282,234
62.33,282,236
63.16,275,235
64.00,278,237
64.83,273,238
65.67,277,234
66.50,272,238
67.34,277,239
68.17,279,236
69.01,280,237
69.84,281,237
70.68,274,234
71.51,278,237
72.27,280,237
73.06,274,237
73.86,278,235
74.65,280,231
75.45,281,233
76.24,274,238
77.04,278,235
77.83,273,237
78.63,264,237
79.42,266,236
80.22,260,236
81.01,241,236
81.77,241,234
82.58,227,233
83.38,227,233
84.19,234,231
84.99,231,235
85.80,236,228
86.60,252,234
87.41,253,232
88.21,267,232
89.02,274,235
89.82,278,236
90.63,280,237
91.46,281,235
92.27,281,236
93.07,274,237
93.88,278,236
94.68,273,236
95.49,270,236
96.29,262,238
97.10,258,236
97.90,256,240
98.71,241,235
99.51,234,236
100.32,239,236
101.08,240,237
101.87,240,236
102.67,240,236
103.46,243,238
104.26,242,236
105.05,241,239
105.85,244,237
106.64,246,239
107.44,250,238
108.23,259,237
109.03,257,239
109.82,262,239
110.61,265,239
111.39,266,239
112.16,267,236
112.94,267,235
113.72,281,238
114.49,288,242
115.27,285,229
116.04,303,224
116.82,312,96
117.60,290,119
118.37,228,132
119.15,234,211
119.94,231,220
120.74,229,218
121.55,235,212
122.35,238,213
123.15,260,210
123.95,241,211
124.76,234,211
125.56,237,211
126.36,232,212
127.16,236,213
127.97,232,219
128.77,223,225
129.56,218,219
130.35,223,214
131.15,232,226
131.94,236,233
132.74,232,230
133.53,236,220
134.33,240,216
135.12,243,197
135.92,255,210
136.71,241,206
137.51,241,164
138.30,254,180
139.10,261,148
139.88,271,155
140.65,263,161
141.43,265,158
142.20,266,210
142.98,274,168
143.75,291,190
144.53,279,184
145.30,287,71
146.08,188,54
146.85,282,129
147.63,282,161
148.39,282,155
149.22,288,168
150.04,291,155
150.87,300,174
151.69,297,148
152.52,303,187
153.34,306,184
154.17,314,180
154.99,318,161
155.82,585,218
156.64,585,228
157.47,335,217
158.23,328,221
159.02,325,224
159.81,330,230
160.60,326,234
161.39,324,235
162.18,316,234
162.98,312,236
163.77,310,234
164.56,309,235
165.35,315,236
166.14,325,232
166.93,330,233
167.76,332,233
168.55,340,214
169.34,1489,226
170.13,1489,230
170.92,1505,221
171.71,6321,213
172.49,1489,212
173.28,1489,221
174.07,1520,215
174.86,538,227
175.65,538,230
176.44,523,233
177.24,523,227
178.03,507,223
178.83,523,220
179.62,174,216
180.42,174,222
181.21,174,228
182.01,174,239
182.80,174,229
183.60,174,219
184.39,181,220
185.19,157,225
185.98,145,238
186.77,132,242
187.57,125,241
188.37,114,240
189.18,109,242
189.98,106,240
190.78,105,241
191.58,104,245
192.38,111,244
193.18,115,235
193.99,124,226
194.79,156,226
195.59,165,234
196.39,169,230
197.19,171,239
197.99,172,235
198.80,173,234
199.60,173,227
200.40,200,225
201.20,214,227
202.00,227,229
202.80,234,228
203.61,237,228
204.41,239,222
205.21,240,216
206.01,866,218
206.80,881,226
207.60,881,228
208.39,897,230
209.19,928,241
209.98,928,219
210.78,554,227
211.57,538,228
212.37,523,229
213.16,523,229
213.96,523,231
214.75,507,231
215.54,507,230
216.32,507,232
217.10,507,231
217.88,507,232
218.66,507,233
219.44,523,231
220.21,507,231
220.99,523,233
221.77,507,231
222.55,523,235
223.33,538,234
224.11,538,235
224.87,554,234
225.65,554,232
226.42,554,233
227.20,554,232
227.98,569,234
228.75,585,233
229.53,585,236
230.30,601,236
231.08,585,233
231.86,569,235
232.63,585,237
233.41,601,233
234.24,585,231
235.03,601,236
235.82,601,234
236.61,616,235
237.40,601,233
238.19,616,236
238.99,616,234
239.78,632,232
240.57,647,235
241.36,647,237
242.15,647,232
242.94,647,235
243.74,647,236
244.55,647,237
245.35,663,237
246.16,663,237
246.96,663,236
247.77,647,237
248.57,647,236
249.38,647,236
250.18,647,239
250.99,663,235
251.79,647,236
252.60,647,238
253.35,647,235
254.15,647,237
254.94,647,233
255.74,632,235
256.53,632,236
257.33,632,235
258.12,632,235
258.92,632,237
259.71,616,234
260.51,601,224
261.30,585,226
262.10,569,224
262.90,554,227
263.69,538,228
264.48,538,230
265.28,523,230
266.07,507,229
266.86,507,229
267.65,499,230
268.44,487,232
269.23,481,232
270.03,470,232
270.82,464,232
271.61,454,231
272.40,442,229
273.20,428,233
274.00,421,236
274.81,418,235
275.61,409,233
276.41,404,236
277.21,402,233
278.01,401,236
278.81,381,232
279.62,390,234
280.42,388,233
281.22,387,235
282.02,393,233
282.81,396,233
283.60,398,233
284.39,392,233
285.18,396,233
285.97,398,233
286.77,406,235
287.56,403,231
288.35,394,235
289.14,390,235
289.93,376,235
290.72,381,234
291.59,383,237
292.40,391,234
293.21,403,235
294.03,423,217
294.84,819,221
295.65,834,223
296.46,834,225
297.27,850,225
298.08,850,227
298.90,881,232
299.71,866,236
300.52,834,233
301.32,756,233
302.13,772,214
302.93,523,211
303.74,772,213
304.54,772,213
305.35,459,210
306.15,451,168
306.96,433,197
307.76,424,187
308.57,419,187
309.37,402,210
310.18,394,197
310.97,390,164
311.76,369,193
312.56,174,212
313.35,174,216
314.15,174,220
314.94,161,223
315.74,167,227
316.53,170,230
317.33,172,228
318.12,173,233
318.92,173,231
319.71,173,233
320.51,161,232
321.30,167,232
322.10,170,231
322.89,159,232
323.69,154,233
324.48,164,228
325.28,169,227
326.07,171,228
326.87,172,225
327.66,173,221
328.46,173,218
329.25,187,212
330.01,444,161
330.84,444,145
331.67,429,171
332.49,452,161
333.32,554,225
334.15,554,229
334.98,554,228
335.81,554,233
336.64,538,232
337.46,538,234
338.29,538,234
339.12,538,234
339.92,538,232
340.72,538,232
341.51,523,232
342.31,523,233
343.10,523,233
343.90,523,235
344.69,523,233
345.49,523,234
346.28,523,233
347.08,523,231
347.87,523,222
348.67,386,226
349.43,374,230
350.18,368,236
350.93,365,237
351.67,363,237
352.42,374,233
353.17,380,227
353.92,459,221
354.67,507,231
355.42,507,235
356.16,523,231
356.91,523,230
357.66,538,216
358.48,554,210
359.27,459,218
0.06,400,223
0.85,381,220
1.64,358,203
2.43,340,158
3.22,337,168
4.01,336,168
4.80,538,222
5.59,538,232
6.38,538,231
7.17,538,234
7.79,538,233
8.59,538,235
9.38,554,235
10.18,554,235
10.98,554,235
11.77,554,230
12.57,569,215
13.36,309,221
14.16,302,230
14.96,298,225
15.75,303,214
16.55,554,216
17.30,349,220
18.09,349,220
18.88,342,219
19.67,332,232
20.46,333,221
21.25,321,213
22.05,308,212
22.84,295,212
23.63,288,212
24.42,305,177
25.21,293,219
26.00,280,237
26.79,281,242
27.58,288,232
28.37,291,225
29.16,444,228
29.95,444,231
30.74,437,233
31.52,433,234
32.31,424,234
33.10,419,235
33.89,409,230
34.68,404,234
35.47,395,235
36.30,390,234
37.08,388,234
37.85,387,232
38.63,374,234
39.41,368,234
40.19,365,233
40.96,357,233
41.74,353,234
42.52,344,230
43.30,339,228
44.07,330,234
44.85,332,236
45.61,327,235
46.39,324,236
47.16,323,235
47.94,322,234
48.72,322,234
49.50,322,238
50.27,315,234
51.05,312,235
51.83,310,236
52.61,309,235
53.38,309,236
54.16,309,232
54.99,302,234
55.78,298,236
56.57,296,237
57.36,295,236
58.15,295,235
58.94,295,238
59.72,295,236
60.51,288,237
61.30,285,239
62.09,283,236
62.88,282,238
63.67,282,236
64.50,282,238
65.29,282,237
66.08,282,236
66.87,282,236
67.66,282,238
68.45,275,237
69.25,271,237
70.04,276,237
70.83,279,238
71.62,280,235
72.41,281,238
73.20,281,238
73.95,281,237
74.72,274,231
75.49,278,234
76.26,273,236
77.03,277,236
77.80,272,236
78.58,270,236
79.35,269,240
80.12,262,234
80.89,241,234
81.66,241,234
82.43,227,235
83.22,227,232
84.01,234,230
84.79,237,231
85.58,252,231
86.37,253,233
87.15,260,231
87.94,271,232
88.72,276,235
89.51,279,234
90.30,280,237
91.08,274,237
91.87,271,236
92.70,276,236
93.50,272,240
94.31,270,237
95.11,262,237
95.91,258,238
96.72,256,239
97.52,241,237
98.33,241,235
99.13,234,236
99.93,237,238
100.74,241,236
101.54,244,238
102.33,246,238
103.12,243,237
103.92,245,237
104.71,247,239
105.50,250,238
106.29,241,237
107.09,244,237
107.88,246,238
108.67,257,238
109.46,255,237
110.26,261,240
111.05,257,241
111.84,262,237
112.63,265,238
113.42,280,239
114.21,294,240
115.00,287,234
115.79,297,226
116.59,349,116
117.38,268,106
118.17,261,145
118.96,228,213
119.75,228,220
120.54,228,217
121.37,228,214
122.17,234,212
122.96,239,212
123.76,240,211
124.56,234,210
125.35,231,211
126.15,236,213
126.94,238,213
127.74,233,217
128.54,223,226
129.33,218,221
130.13,216,216
130.96,228,223
131.76,234,233
132.55,231,231
133.35,236,221
134.15,240,216
134.94,240,212
135.74,240,193
136.53,243,193
137.33,242,184
138.13,261,164
138.92,264,142
139.72,266,148
140.47,267,142
141.26,274,174
142.05,271,210
142.84,269,197
143.63,275,177
144.42,278,168
145.22,104,67
146.01,81,48
146.80,281,71
147.59,281,148
148.38,274,126
149.17,277,126
150.00,286,164
150.80,290,171
151.60,299,168
152.40,303,177
153.20,299,132
154.00,349,180
154.80,355,132
155.60,600,211
156.40,585,229
157.20,585,221
158.00,335,227
158.80,328,223
159.63,331,231
160.42,333,233
161.22,327,231
162.01,324,235
162.80,316,233
163.59,312,233
164.39,310,235
165.18,309,236
165.97,315,234
166.76,325,234
167.56,330,232
168.35,332,222
169.14,1489,219
169.93,1473,228
170.73,1489,229
171.52,6351,212
172.31,1504,142
173.11,1489,220
173.90,1489,219
174.70,538,227
175.49,538,228
176.28,538,229
177.08,522,230
177.87,522,224
178.66,522,221
179.47,522,214
180.28,187,222
181.09,180,229
181.90,177,236
182.71,175,233
183.53,174,221
184.34,174,220
185.15,174,222
185.96,154,237
186.77,136,240
187.58,120,242
188.40,104,239
189.19,104,239
189.99,104,240
190.78,96,240
191.57,107,242
192.36,113,245
193.16,116,240
193.95,125,227
194.74,129,224
195.53,151,230
196.33,162,231
197.12,168,236
197.92,171,238
198.71,172,233
199.51,179,226
200.30,210,225
201.09,219,224
201.89,216,225
202.68,228,229
203.48,234,226
204.27,237,222
205.06,241,218
205.86,881,216
206.65,881,228
207.44,881,229
208.23,896,227
209.02,912,239
209.81,943,226
210.60,553,225
211.39,538,228
212.17,522,234
212.96,522,229
213.75,507,231
214.54,507,229
215.33,507,232
216.12,507,232
216.92,499,233
217.70,495,232
218.47,507,234
219.25,507,231
220.03,499,231
220.81,495,232
221.58,507,232
222.36,522,232
223.14,538,233
223.92,538,232
224.69,553,235
225.47,553,233
226.26,553,234
227.06,553,233
227.85,553,235
228.65,585,233
229.45,585,234
230.25,585,235
231.04,585,233
231.84,569,235
232.64,585,237
233.44,600,236
234.23,585,233
235.03,600,234
235.78,600,232
236.57,616,232
237.37,616,234
238.16,616,235
238.95,616,234
239.74,631,231
240.54,631,236
241.33,647,236
242.12,647,235
242.91,647,232
243.71,647,237
244.50,647,237
245.33,663,237
246.13,663,238
246.93,663,237
247.73,663,237
248.53,647,235
249.33,647,237
250.13,647,238
250.93,663,238
251.73,647,233
252.53,647,235
253.33,647,236
254.13,631,236
254.93,647,234
255.75,647,234
256.57,631,234
257.39,631,237
258.21,631,233
259.03,631,236
259.84,616,234
260.66,600,227
261.48,585,225
262.30,553,225
263.12,553,230
263.94,538,227
264.70,538,229
265.49,522,229
266.29,507,230
267.08,507,232
267.87,499,231
268.66,495,232
269.46,485,233
270.25,480,233
271.04,462,231
271.83,453,233
272.63,441,234
273.42,428,234
274.25,421,237
275.05,418,235
275.85,409,235
276.65,404,234
277.45,402,233
278.25,401,235
279.05,393,235
279.85,389,234
280.65,394,234
281.45,397,233
282.25,391,234
283.05,388,233
283.84,375,234
284.65,387,234
285.46,393,234
286.27,396,233
287.08,405,236
287.89,402,233
288.71,393,233
289.52,389,235
290.33,387,234
291.14,386,233
291.95,385,236
292.76,400,232
293.51,407,234
294.30,818,217
295.10,818,224
295.89,834,224
296.68,834,226
297.47,850,226
298.27,865,230
299.06,896,234
299.85,850,239
300.64,772,227
301.44,756,225
302.23,522,210
303.06,756,212
303.89,756,215
304.72,772,213
305.55,429,177
306.38,436,174
307.21,440,190
308.04,434,132
308.87,417,168
309.70,401,177
310.53,393,180
311.36,396,164
312.19,214,210
312.98,194,214
313.77,184,220
314.57,179,224
315.36,176,224
316.15,162,227
316.94,168,228
317.74,171,231
318.53,160,230
319.32,154,234
320.11,164,234
320.91,156,231
321.70,165,232
322.49,169,232
323.29,171,233
324.08,172,229
324.88,173,230
325.68,173,227
326.47,173,226
327.27,173,223
328.06,173,219
328.86,173,215
329.66,444,180
330.45,460,161
331.25,468,210
332.04,472,158
332.88,553,213
333.72,553,229
334.56,553,230
335.40,553,231
336.24,553,233
337.09,553,232
337.93,538,230
338.77,538,233
339.61,538,234
340.45,522,233
341.29,538,232
342.09,522,234
342.88,522,236
343.68,522,234
344.47,522,235
345.26,522,234
346.06,522,235
346.85,522,234
347.65,522,227
348.44,385,223
349.23,385,227
350.03,373,236
350.82,367,236
351.62,364,237
352.35,374,235
353.09,379,227
353.82,382,223
354.55,476,227
355.29,522,234
356.02,522,231
356.76,522,233
357.49,538,221
358.22,538,212
358.96,507,213
359.69,444,224
0.48,385,223
1.28,373,211
2.09,322,158
2.89,322,129
3.69,328,138
4.49,553,213
5.30,538,228
6.10,538,232
6.90,538,230
7.70,538,233
8.51,538,234
9.31,538,232
10.14,553,234
10.93,553,233
11.71,553,232
12.50,569,222
13.29,308,215
14.08,301,226
14.86,298,226
15.65,296,218
16.44,585,215
17.23,585,217
18.01,335,219
18.80,335,218
19.60,328,232
20.38,325,225
21.16,323,218
21.94,302,211
22.72,291,211
23.50,286,212
24.27,283,210
25.05,289,197
25.83,285,235
26.61,283,236
27.39,282,237
28.17,288,227
28.97,429,221
29.74,436,230
30.50,432,233
31.27,430,232
32.04,422,234
32.80,418,230
33.57,416,233
34.33,408,235
35.10,404,234
35.87,394,235
36.63,389,235
37.40,387,233
37.94,374,235
38.73,368,234
39.53,365,234
40.32,363,234
41.11,356,233
41.91,352,233
42.70,343,231
43.50,339,228
44.29,330,232
45.08,332,236
45.88,320,237
46.67,321,236
47.43,321,236
48.22,321,235
49.00,321,235
49.79,314,236
50.58,311,235
51.36,309,237
52.15,308,237
52.93,308,236
53.72,308,240
54.51,301,236
55.29,304,237
56.08,299,235
56.80,297,239
57.59,296,236
58.39,295,238
59.18,295,239
59.98,288,237
60.77,278,234
61.57,279,237
62.36,280,236
63.16,280,237
63.95,280,237
64.75,280,237
65.54,280,240
66.37,280,236
67.13,280,235
67.90,280,236
68.66,280,237
69.42,274,238
70.18,277,236
70.95,279,238
71.71,280,237
72.47,274,239
73.23,271,242
74.00,276,233
74.76,272,232
75.55,276,235
76.33,272,236
77.10,270,237
77.88,269,236
78.66,261,237
79.43,264,236
80.21,259,235
80.98,241,235
81.76,234,231
82.54,224,234
83.31,226,231
84.09,233,232
84.89,230,234
85.69,229,231
86.48,235,232
87.28,251,235
88.08,266,228
88.88,273,234
89.67,277,236
90.47,279,237
91.27,280,237
92.07,274,235
92.86,271,237
93.66,276,236
94.42,272,236
95.19,270,237
95.97,262,241
96.74,258,239
97.51,256,238
98.28,255,235
99.06,241,237
99.83,241,235
100.60,244,237
101.37,242,235
102.15,241,235
102.92,241,238
103.75,244,236
104.55,246,236
105.36,250,238
106.16,252,236
106.96,253,237
107.76,253,239
108.57,253,239
109.37,260,241
110.17,257,238
110.97,262,236
111.78,265,239
112.58,273,238
113.37,277,238
114.16,286,239
114.96,290,235
115.75,306,227
116.55,320,87
117.34,314,80
118.14,291,129
118.93,241,213
119.73,234,220
120.52,231,220
121.32,229,215
122.11,228,213
122.90,234,211
123.69,231,210
124.47,229,211
125.26,228,212
126.05,234,212
126.83,237,213
127.62,232,217
128.40,223,225
129.19,218,221
129.98,223,214
130.76,232,223
131.55,230,233
132.38,229,233
133.17,235,220
133.96,238,213
134.75,242,211
135.54,245,190
136.33,247,190
137.13,264,210
137.92,266,148
138.71,267,138
139.50,267,168
140.29,260,158
141.08,264,155
141.87,266,168
142.71,267,148
143.54,267,168
144.38,267,132
145.21,274,67
146.05,104,61
146.88,152,80
147.72,281,155
148.55,281,138
149.39,281,177
150.22,281,158
151.06,294,174
151.85,294,151
152.65,301,193
153.45,304,155
154.25,313,164
155.05,317,148
155.85,585,215
156.64,600,229
157.44,569,218
158.24,335,224
159.04,335,222
159.84,335,229
160.64,328,230
161.47,325,232
162.26,316,236
163.06,312,233
163.85,310,232
164.65,309,235
165.44,315,235
166.24,325,232
167.03,330,236
167.83,332,232
168.62,340,219
169.42,1473,225
170.21,1489,231
171.00,1504,221
171.78,6320,213
172.56,1504,211
173.34,1489,220
174.12,1504,216
174.90,522,226
175.68,538,228
176.46,522,230
177.24,507,225
178.02,522,224
178.80,522,217
179.58,174,215
180.30,174,224
181.14,174,230
181.97,174,238
182.81,174,226
183.64,180,221
184.48,183,221
185.31,166,226
186.15,142,239
186.98,130,243
187.82,124,242
188.65,114,241
189.49,109,242
190.32,106,241
191.11,112,241
191.90,115,241
192.69,117,240
193.48,118,233
194.27,126,226
195.07,150,226
195.86,162,234
196.65,168,233
197.44,158,238
198.23,166,234
199.02,170,231
199.81,192,222
200.62,210,227
201.42,219,229
202.23,230,227
203.04,235,227
203.84,238,225
204.65,239,221
205.45,881,216
206.26,865,222
207.07,881,228
207.87,896,225
208.68,912,234
209.43,928,234
210.22,553,222
211.01,538,226
211.80,538,232
212.59,522,228
213.38,522,229
214.17,507,228
214.96,507,232
215.75,507,234
216.54,507,232
217.33,507,231
218.12,499,233
218.95,507,231
219.74,499,229
220.53,495,230
221.32,522,234
222.11,522,233
222.90,538,230
223.70,538,231
224.49,538,233
225.28,538,233
226.07,553,235
226.86,553,230
227.65,553,233
228.44,569,232
229.25,585,234
230.05,585,234
230.86,585,237
231.66,569,231
232.47,569,236
233.27,585,232
234.08,600,234
234.88,600,236
235.69,600,234
236.49,600,235
237.30,600,236
238.10,616,233
238.90,616,233
239.69,631,231
240.49,631,238
241.29,647,236
242.09,647,232
242.88,647,234
243.68,647,233
244.48,647,237
245.28,663,236
246.07,663,237
246.87,663,237
247.58,647,235
248.37,647,236
249.17,647,236
249.96,647,238
250.75,647,238
251.55,647,237
252.34,647,235
253.14,647,235
253.93,631,235
254.72,647,235
255.52,631,235
256.31,631,236
257.14,647,233
257.93,632,233
258.71,632,236
259.50,616,237
260.29,601,225
261.07,585,225
261.86,569,227
262.64,554,227
263.43,538,228
264.22,538,230
265.00,523,230
265.79,523,227
266.58,507,230
267.38,499,230
268.17,495,233
268.97,485,230
269.77,480,235
270.57,469,236
271.36,456,232
272.16,450,232
272.96,440,234
273.76,427,236
274.55,421,234
275.35,410,234
276.11,405,235
276.96,402,234
277.80,401,233
278.65,393,233
279.49,396,234
280.34,398,235
281.18,399,234
282.03,392,234
282.87,389,234
283.72,394,233
284.56,397,235
285.41,398,235
286.20,392,234
286.99,396,237
287.78,398,235
288.57,392,234
289.36,377,234
290.15,381,236
290.94,371,233
291.73,378,234
292.52,389,234
293.31,402,235
294.10,423,220
294.89,819,223
295.68,834,224
296.48,834,226
297.27,850,227
298.07,866,230
298.87,881,235
299.67,850,238
300.46,834,233
301.26,756,232
302.06,772,214
302.86,507,210
303.65,756,215
304.45,741,212
305.21,803,211
306.01,459,168
306.82,451,177
307.62,433,177
308.42,438,151
309.22,419,155
310.03,402,168
310.83,382,151
311.63,188,158
312.43,188,213
313.24,181,218
314.04,177,219
314.87,175,224
315.66,174,228
316.45,174,228
317.24,174,232
318.03,161,231
318.82,155,231
319.62,144,233
320.41,159,231
321.20,166,232
321.99,170,234
322.78,159,232
323.57,154,230
324.36,151,232
325.16,162,228
325.95,155,227
326.75,164,222
327.55,156,223
328.35,172,218
329.14,180,211
329.94,190,203
330.74,459,203
331.54,467,145
332.33,471,148
333.13,538,222
333.89,554,229
334.72,538,233
335.55,538,232
336.38,538,233
337.21,538,237
338.04,538,232
338.87,538,232
339.70,538,231
340.53,538,234
341.36,538,233
342.19,523,233
343.02,523,232
343.81,523,235
344.59,523,233
345.37,523,233
346.15,523,231
346.93,523,234
347.71,523,225
348.50,386,224
349.28,374,228
350.06,368,233
350.84,365,236
351.62,363,237
352.40,374,232
352.50,380,230
353.29,383,224
354.09,476,226
354.88,483,233
355.67,523,236
356.47,523,234
357.26,523,223
358.06,554,211
358.85,322,211
359.64,444,224
0.44,386,223
1.23,335,213
1.99,342,145
2.77,325,187
3.55,317,135
4.33,554,211
5.11,538,227
5.89,538,229
6.67,538,233
7.45,538,233
8.23,538,233
9.01,554,234
9.79,554,234
10.57,538,234
11.40,554,237
12.19,554,226
12.97,309,212
13.76,309,226
14.55,302,228
15.33,298,220
16.12,310,214
16.90,538,218
17.69,362,218
18.48,355,215
19.26,345,225
20.05,327,229
20.92,331,220
21.69,306,213
22.47,294,210
23.24,301,210
24.01,291,213
24.79,286,210
25.56,290,223
26.34,272,238
27.11,277,240
27.88,286,231
28.66,290,221
29.43,415,229
30.22,429,234
30.96,429,235
31.69,429,232
32.43,422,235
33.17,418,236
33.91,409,233
34.64,404,234
35.38,402,235
36.12,394,236
36.86,390,234
37.59,376,235
38.33,369,235
39.09,365,231
39.88,363,233
40.68,356,234
41.47,352,232
42.26,343,231
43.06,339,228
43.85,330,232
44.65,326,235
45.44,317,235
46.23,319,237
47.03,320,235
47.82,321,233
48.61,321,236
49.40,321,237
50.18,315,233
50.97,312,238
51.76,310,236
52.54,309,235
53.33,302,237
54.11,305,234
54.90,300,236
55.69,297,235
56.47,296,237
57.26,295,235
58.09,295,236
58.88,295,238
59.68,295,237
60.47,288,234
61.26,285,235
62.06,283,235
62.85,275,236
63.65,278,239
64.44,280,238
65.23,274,235
66.03,278,235
66.82,280,238
67.43,281,236
68.22,281,236
69.02,281,239
69.81,281,239
70.60,281,239
71.40,281,238
72.19,281,237
72.99,274,238
73.78,278,237
74.57,280,233
75.37,281,233
76.16,281,234
76.99,281,237
77.78,274,239
78.56,271,236
79.35,263,235
80.14,241,237
80.92,241,235
81.71,234,233
82.49,224,235
83.28,219,233
84.07,230,232
84.85,229,232
85.64,235,231
86.43,238,233
87.22,239,234
88.02,260,230
88.81,271,233
89.60,276,232
90.40,279,236
91.19,273,234
91.99,277,237
92.78,272,236
93.57,277,237
94.37,272,236
95.16,270,240
95.95,262,239
96.75,258,239
97.56,256,238
98.36,255,235
99.16,241,235
99.97,241,237
100.77,244,236
101.58,236,236
102.38,238,237
103.18,233,238
103.99,237,238
104.79,239,238
105.62,243,237
106.42,246,238
107.22,250,239
108.02,252,239
108.82,253,239
109.62,260,238
110.41,264,238
111.21,266,239
112.01,267,237
112.81,267,237
113.61,281,237
114.41,295,239
115.24,302,233
116.03,312,227
116.83,323,122
117.62,241,84
118.41,241,119
119.21,234,212
120.00,231,221
120.80,229,220
121.59,235,215
122.38,231,213
123.18,229,211
123.97,228,210
124.76,234,212
125.53,237,211
126.31,232,212
127.08,230,214
127.85,222,218
128.63,218,226
129.40,216,216
130.18,228,214
130.95,234,225
131.72,224,232
132.50,226,228
133.27,233,220
134.10,250,212
134.93,241,210
135.77,254,180
136.60,241,148
137.43,244,211
138.26,246,135
139.10,257,148
139.93,262,129
140.76,272,161
141.59,270,138
142.43,269,184
143.26,268,177
144.09,268,138
144.88,275,138
145.67,228,54
146.46,151,67
147.25,282,119
148.04,295,145
148.83,288,164
149.62,291,164
150.41,293,161
151.20,307,174
151.99,308,174
152.78,308,174
153.57,315,158
154.40,318,177
155.24,326,168
156.07,585,224
156.90,585,228
157.73,349,219
158.57,342,223
159.40,338,228
160.23,323,232
161.06,316,231
161.90,319,236
162.73,314,235
163.49,311,231
164.28,310,235
165.08,309,234
165.87,315,236
166.66,318,233
167.46,326,233
168.25,330,226
169.05,1489,220
169.84,1473,227
170.63,1489,229
171.43,6336,210
172.22,6305,171
172.86,1489,218
173.65,1489,221
174.43,538,223
175.22,538,224
176.01,538,232
176.80,523,227
177.58,507,225
178.37,523,222
179.16,538,213
179.95,174,221
180.73,181,227
181.52,177,235
182.35,175,232
183.17,181,223
183.99,177,221
184.81,175,222
185.63,147,233
186.45,133,242
187.26,118,243
188.08,96,240
188.90,92,239
189.72,98,241
190.54,93,239
191.36,98,243
192.15,101,242
192.94,110,240
193.74,122,227
194.53,128,228
195.32,151,233
196.12,162,233
196.91,155,233
197.71,164,239
198.50,169,234
199.29,178,227
200.09,203,224
200.88,215,225
201.67,228,229
202.49,234,228
203.30,237,228
204.12,239,224
204.94,243,216
205.75,881,218
206.57,881,226
207.38,881,229
208.20,912,228
209.02,912,242
209.83,928,220
210.65,538,226
211.45,538,229
212.23,523,233
213.01,523,229
213.79,523,229
214.57,507,233
215.35,507,234
216.13,507,229
216.91,499,231
217.69,495,232
218.47,507,232
219.25,507,232
220.03,499,231
220.78,507,232
221.57,523,230
222.37,523,233
223.16,538,232
223.95,538,233
224.75,554,234
225.54,554,232
226.34,538,231
227.13,554,234
227.92,554,233
228.72,585,233
229.51,585,234
230.34,585,235
231.14,585,232
231.94,585,234
232.74,585,234
233.54,601,234
234.34,601,232
235.14,601,234
235.94,601,235
236.74,616,233
237.54,601,236
238.34,616,234
239.14,616,234
239.93,632,233
240.69,647,237
241.46,647,235
242.22,647,236
242.98,647,232
243.75,647,235
244.51,647,237
245.28,663,237
246.04,663,237
246.80,663,237
247.57,647,236
248.33,647,236
249.13,647,236
249.93,647,239
250.72,647,237
251.52,647,236
252.32,647,236
253.11,647,235
253.91,647,234
254.70,647,236
255.50,632,235
256.30,632,235
257.09,632,234
257.89,632,233
258.68,632,236
259.51,616,236
260.34,601,227
261.17,585,226
262.00,570,227
262.83,554,229
263.65,538,225
264.48,523,229
265.31,523,228
266.14,507,230
266.97,507,228
267.80,499,232
268.60,487,233
269.40,481,232
270.21,478,236
271.01,468,236
271.81,456,233
272.61,443,234
273.42,436,236
274.22,433,233
275.02,424,235
275.82,412,234
276.63,406,233
277.43,403,234
278.19,402,235
278.99,394,232
279.78,390,235
280.58,388,232
281.38,387,232
282.17,394,233
282.97,397,232
283.76,399,235
284.56,392,234
285.36,396,233
286.15,398,234
286.95,399,237
287.74,400,234
288.53,393,235
289.32,371,234
290.11,366,235
290.90,376,236
291.69,388,234
292.48,401,235
293.27,408,233
294.06,426,221
294.85,819,221
295.64,819,222
296.43,835,226
297.26,850,225
298.05,850,225
298.84,866,233
299.63,866,239
300.42,835,233
301.21,757,232
302.00,788,216
302.79,523,210
303.58,803,213
304.37,757,212
305.16,772,211
305.95,445,203
306.71,445,197
307.50,445,193
308.30,437,171
309.09,419,135
309.88,402,184
310.68,401,132
311.47,381,164
312.27,201,212
313.06,187,217
313.85,180,222
314.65,177,225
315.44,175,230
316.23,174,228
317.02,174,231
317.81,174,229
318.60,161,232
319.39,167,233
320.18,170,233
320.97,159,232
321.76,166,231
322.55,170,233
323.34,152,230
324.13,163,231
324.92,168,229
325.75,158,225
326.54,166,225
327.34,170,220
328.13,159,218
328.92,166,212
329.72,190,190
330.51,459,193
331.31,467,171
332.10,479,174
332.89,570,216
333.69,538,229
334.48,554,230
335.27,538,232
336.09,538,233
336.91,538,234
337.72,554,232
338.54,538,233
339.36,538,232
340.18,538,234
341.00,538,233
341.82,538,232
342.63,523,235
343.45,523,232
344.27,523,231
345.03,523,234
345.74,523,232
346.45,523,234
347.16,523,227
347.87,386,221
348.58,386,227
349.28,374,231
349.99,368,234
350.70,365,234
351.41,375,232
352.12,380,231
352.83,371,222
353.66,459,224
354.45,507,234
355.24,523,235
356.02,523,234
356.81,523,226
357.60,538,212
358.39,349,211
359.18,476,221
359.97,386,222
0.75,374,215
1.54,309,132
2.33,104,132
3.13,322,142
3.93,342,206
4.74,538,226
5.54,538,230
6.34,538,233
7.15,538,237
7.95,538,235
8.76,538,236
9.56,554,235
10.36,554,236
11.17,554,233
11.97,554,228
12.76,336,211
13.55,322,227
14.34,308,228
15.14,301,222
15.93,305,214
16.72,570,219
17.51,362,218
18.30,349,216
19.09,342,226
19.89,325,231
20.68,323,219
21.47,316,212
22.43,299,210
23.22,290,212
24.01,286,212
24.80,290,180
25.59,286,225
26.38,270,237
27.16,276,240
27.95,285,233
28.74,290,221
29.53,445,229
30.32,437,232
31.11,433,232
31.87,424,233
32.62,419,233
33.38,410,232
34.13,405,234
34.89,403,233
35.64,394,234
36.40,390,232
37.15,388,233
37.91,387,231
38.66,374,232
39.42,368,233
40.17,358,233
40.96,353,233
41.76,351,233
42.55,343,230
43.35,339,229
44.14,330,234
44.94,333,237
45.73,334,237
46.53,328,236
47.32,332,234
48.12,327,235
48.91,324,233
49.71,323,237
50.47,316,235
51.30,312,236
52.13,310,236
52.96,309,238
53.79,309,234
54.62,309,236
55.45,302,235
56.28,298,236
57.11,296,237
57.94,295,238
58.77,295,239
59.60,288,239
60.35,285,237
61.11,276,237
61.86,279,237
62.62,280,238
63.37,281,237
64.13,281,236
64.88,281,238
65.64,281,238
66.39,281,239
67.15,281,236
67.90,281,239
68.66,274,237
69.41,278,237
70.21,280,237
71.01,281,238
71.81,281,236
72.61,281,239
73.41,281,235
74.20,274,232
75.00,278,232
75.80,273,235
76.60,270,237
77.40,262,237
78.20,265,239
78.95,260,237
79.75,264,236
80.56,241,235
81.36,234,235
82.17,224,233
82.97,219,234
83.78,230,233
84.58,235,231
85.39,225,229
86.19,232,236
87.00,250,231
87.80,266,233
88.59,274,234
89.40,278,234
90.20,280,234
91.01,274,237
91.82,278,238
92.63,266,234
93.43,274,239
94.24,271,236
95.05,269,238
95.86,268,240
96.66,261,239
97.47,258,240
98.22,241,238
99.02,241,235
99.81,244,235
100.61,242,234
101.40,235,236
102.20,240,237
102.99,240,237
103.79,243,237
104.58,246,236
105.38,250,237
106.17,241,238
106.97,244,238
107.73,256,236
108.51,255,241
109.29,255,238
110.07,261,238
110.85,264,241
111.63,266,239
112.42,267,235
113.20,274,235
113.98,284,239
114.76,296,232
115.54,295,234
116.32,315,212
117.11,241,77
117.90,234,103
118.69,231,210
119.48,236,215
120.27,232,216
121.06,230,217
121.84,235,213
122.63,231,211
123.42,236,206
124.21,238,212
125.00,239,214
125.79,240,212
126.58,240,211
127.41,234,214
128.25,231,224
129.08,223,228
129.91,219,215
130.75,228,214
131.58,228,231
132.42,228,236
133.25,234,224
134.08,237,219
134.92,241,211
135.75,254,210
136.54,261,180
137.29,336,171
138.04,255,126
138.78,261,151
139.53,264,164
140.28,259,148
141.03,263,174
141.78,279,142
142.53,273,164
143.27,277,190
144.02,286,145
144.77,284,93
145.64,119,45
146.43,282,54
147.22,282,164
148.00,282,135
148.79,295,158
149.58,295,142
150.37,308,177
151.16,301,187
151.95,305,193
152.73,307,171
153.52,308,151
154.31,362,161
155.11,374,158
155.94,585,226
156.78,585,224
157.61,336,220
158.44,336,223
159.27,336,227
160.11,329,231
160.94,325,233
161.77,323,237
162.60,316,236
163.44,312,235
164.27,310,233
165.07,309,235
165.85,315,234
166.62,318,235
167.40,327,234
168.18,331,223
168.96,1489,218
169.73,1474,227
170.51,1489,227
171.29,6352,211
172.07,6305,174
172.84,1489,219
173.62,1489,221
174.38,538,222
175.17,538,226
175.96,538,228
176.76,523,229
177.55,507,225
178.34,523,222
179.13,523,217
179.92,174,221
180.71,181,225
181.51,177,235
182.30,163,232
183.09,168,224
183.85,178,220
184.66,176,221
185.47,147,230
186.28,125,239
187.09,114,242
187.90,101,240
188.71,102,239
189.52,103,243
190.33,88,240
191.14,96,241
191.95,107,243
192.76,113,242
193.55,116,231
194.35,125,227
195.14,149,232
195.94,161,235
196.73,167,233
197.53,170,240
198.32,172,233
199.12,173,228
199.91,200,223
200.71,214,226
201.50,227,229
202.30,227,227
202.94,234,228
203.73,237,224
204.52,241,218
205.32,881,216
206.11,866,224
206.90,881,229
207.69,897,228
208.48,912,237
209.27,928,235
210.07,554,225
210.86,554,227
211.65,538,230
212.48,523,228
213.29,523,231
214.10,507,231
214.91,507,230
215.72,507,231
216.53,499,230
217.34,495,230
218.15,507,232
218.96,507,234
219.77,507,229
220.58,507,231
221.39,523,234
222.18,523,233
222.98,523,232
223.77,538,233
224.57,538,233
225.36,554,234
226.16,554,233
226.95,554,234
227.75,538,234
228.54,570,235
229.34,585,237
230.13,585,233
230.93,601,234
231.69,585,231
232.49,585,235
233.30,585,234
234.10,601,235
234.90,601,235
235.71,601,233
236.51,616,236
237.32,616,235
238.12,616,236
238.92,616,232
239.73,632,233
240.53,632,235
241.36,647,235
242.12,647,233
242.88,647,235
243.65,647,234
244.41,647,237
245.17,663,237
245.93,663,238
246.69,663,237
247.45,663,237
248.22,663,237
248.98,647,234
249.74,647,237
250.53,663,235
251.32,647,238
252.11,647,239
252.91,647,236
253.70,647,235
254.49,632,232
255.28,632,233
256.07,647,236
256.86,632,235
257.66,647,235
258.45,632,237
259.24,632,239
260.03,616,228
260.82,585,226
261.61,570,224
262.40,554,227
263.19,554,228
263.98,538,229
264.78,523,230
265.57,523,231
266.36,507,229
267.15,507,230
267.94,499,231
268.73,487,229
269.56,481,232
270.39,470,233
271.22,457,233
272.05,451,234
272.88,440,234
273.71,427,232
274.54,421,236
275.37,411,237
276.20,406,238
277.03,403,235
277.86,394,233
278.69,397,232
279.45,391,232
280.25,396,235
281.04,391,234
281.84,396,234
282.63,391,233
283.43,396,234
284.22,398,234
285.02,399,235
285.81,400,235
286.61,400,237
287.40,400,237
288.20,393,236
288.99,389,234
289.81,375,233
290.63,368,234
291.45,377,234
292.27,389,235
293.09,402,235
293.91,416,225
294.73,819,219
295.55,835,223
296.37,835,225
297.19,850,226
298.01,850,228
298.80,866,230
299.59,866,236
300.38,850,236
301.16,757,232
301.95,772,217
302.74,507,211
303.53,757,215
304.32,741,213
305.11,476,211
305.89,476,210
306.68,460,171
307.47,437,171
308.33,419,168
309.12,410,155
309.91,405,180
310.70,395,180
311.49,378,155
312.28,174,212
313.06,174,218
313.85,174,219
314.64,174,222
315.43,174,223
316.22,161,227
317.01,167,228
317.80,158,232
318.59,153,233
319.39,151,231
320.18,162,233
320.97,155,232
321.76,152,234
322.56,150,231
323.35,162,234
324.14,148,231
324.93,161,229
325.73,167,227
326.52,170,223
327.31,172,222
328.10,180,218
328.89,197,212
329.69,165,187
330.48,492,203
331.27,475,171
332.06,483,158
332.85,554,218
333.64,554,228
334.44,554,234
335.23,538,233
336.02,538,232
337.58,554,232
338.37,538,232
339.16,538,233
339.95,538,235
340.74,538,233
341.53,538,233
342.33,523,233
343.12,523,232
343.91,538,232
344.70,523,237
345.49,523,232
346.28,523,232
347.07,523,232
347.79,523,223
348.52,386,222
349.24,386,230
349.96,374,233
350.69,368,236
351.41,365,236
352.14,375,234
352.86,380,227
353.58,459,221
354.31,467,231
355.03,523,234
355.79,523,234
356.58,523,231
357.38,523,217
358.17,554,197
358.96,476,216
359.76,460,220
0.55,386,221
1.35,374,210
2.14,322,168
2.93,89,135
3.73,336,158
4.52,554,219
5.35,538,230
6.14,538,234
6.92,538,231
7.71,538,234
8.50,538,236
9.28,554,236
10.07,554,235
10.85,554,234
11.64,554,232
12.43,585,216
13.21,309,217
14.00,302,229
14.80,298,227
15.59,303,216
16.38,306,217
17.17,362,218
17.96,355,220
18.75,345,221
19.53,333,229
20.32,327,222
21.11,331,214
21.90,306,212
22.69,294,210
23.48,288,211
24.27,285,211
25.06,290,213
25.85,286,237
26.64,277,237
27.43,279,234
28.22,287,226
29.02,415,225
29.81,429,230
30.60,429,234
31.39,429,235
32.18,422,233
32.97,418,235
33.80,409,233
34.56,404,232
35.33,402,235
36.09,394,233
36.85,390,233
37.62,388,231
38.38,375,234
39.15,368,234
39.91,365,236
40.67,357,234
41.44,353,234
42.20,344,235
42.99,339,227
43.78,330,229
44.58,332,236
45.37,327,234
46.17,324,236
46.96,323,237
47.76,322,234
48.55,322,232
49.35,322,235
50.14,322,236
50.94,315,235
51.73,311,237
52.76,309,235
53.55,302,236
54.35,305,237
55.14,300,237
55.93,297,238
56.73,289,232
57.52,292,234
58.32,293,238
59.11,294,236
59.90,294,238
60.70,281,235
61.49,281,237
62.29,281,235
63.06,281,236
63.84,281,237
64.61,281,236
65.38,281,237
66.15,281,237
66.93,281,238
67.70,281,237
68.47,267,238
69.24,267,236
70.02,274,239
70.79,277,235
71.65,272,236
72.44,276,238
73.23,278,237
74.02,279,236
74.81,280,230
75.60,280,233
76.40,280,237
77.19,274,236
77.98,271,240
78.77,262,237
79.56,265,236
80.35,266,234
81.15,241,235
81.93,234,233
82.71,224,233
83.49,226,231
84.27,227,231
85.05,234,233
85.82,231,230
86.60,229,235
87.38,235,230
88.16,258,232
88.94,269,233
89.72,275,237
90.48,271,238
91.25,276,237
92.03,272,236
92.80,270,237
93.57,269,237
94.34,268,238
95.12,261,238
95.89,257,240
96.66,255,240
97.43,241,237
98.21,241,237
98.98,234,235
99.85,237,234
100.64,241,234
101.42,244,236
102.21,242,236
103.00,245,238
103.79,247,235
104.57,250,238
105.36,252,241
106.15,253,237
106.94,253,240
107.72,241,240
108.51,244,237
109.34,246,238
110.14,257,239
110.95,262,240
111.75,265,237
112.55,266,239
113.35,273,237
114.16,290,239
114.96,292,232
115.76,300,229
116.56,228,116
117.37,166,77
118.17,190,119
118.97,209,212
119.76,225,218
120.54,233,219
121.33,237,215
122.11,239,213
122.90,233,210
123.68,230,206
124.47,236,211
125.25,232,211
126.04,230,213
126.82,235,213
127.61,231,216
128.44,222,225
129.23,218,225
130.03,223,214
130.82,232,221
131.62,236,231
132.41,232,232
133.21,236,221
134.00,240,217
134.80,243,210
135.59,245,171
136.39,256,184
137.18,262,200
137.94,265,193
138.74,259,145
139.53,263,142
140.33,265,158
141.12,266,148
141.92,267,164
142.71,274,187
143.51,271,197
144.30,283,155
145.10,282,106
145.89,104,42
146.69,281,90
147.49,301,129
148.29,311,155
149.08,303,161
149.88,305,129
150.68,300,151
151.48,304,138
152.27,306,148
153.07,314,135
153.87,324,155
154.67,343,158
155.46,616,213
156.26,585,232
157.05,585,220
157.86,335,223
158.68,335,222
159.49,335,231
160.30,335,229
161.11,328,236
161.93,325,233
162.74,316,236
163.55,312,235
164.36,310,236
165.18,309,235
165.99,322,234
166.74,328,235
167.55,331,233
168.36,340,220
169.17,1489,221
169.98,1473,229
170.79,1489,225
171.59,6320,212
172.40,1489,203
173.21,1489,220
174.02,1489,217
174.83,538,225
175.64,538,227
176.44,538,230
177.24,522,226
178.03,507,224
178.83,522,221
179.63,538,213
180.43,174,223
181.22,174,228
182.02,174,240
182.82,174,229
183.62,180,220
184.41,177,220
185.21,163,222
186.00,141,237
186.79,130,241
187.59,117,241
188.38,110,242
189.17,107,241
189.96,105,236
190.76,104,240
191.55,104,242
192.34,111,243
193.13,115,234
193.93,117,226
194.72,133,226
195.55,153,230
196.34,170,234
197.14,172,233
197.93,173,237
198.72,173,232
199.51,180,224
200.31,210,223
201.10,219,227
201.89,230,228
202.68,235,228
203.48,238,228
204.27,239,223
205.07,242,217
205.87,881,220
206.66,865,227
207.46,896,229
208.26,912,230
209.06,928,240
209.85,928,219
210.65,553,226
211.45,538,231
212.25,538,229
213.04,522,229
213.84,507,231
214.60,507,231
215.40,507,232
216.20,507,228
217.01,499,230
217.81,495,233
218.61,507,232
219.41,507,234
220.21,499,230
221.01,522,232
221.82,507,232
222.62,522,235
223.42,538,232
224.25,538,233
225.04,538,234
225.82,538,233
226.61,553,233
227.40,538,231
228.18,553,235
228.97,585,233
229.75,585,235
230.54,585,232
231.33,585,233
232.11,569,236
232.90,585,236
233.69,600,231
234.49,585,233
235.29,600,237
236.08,600,238
236.88,616,233
237.68,600,233
238.48,616,234
239.28,616,235
240.08,647,235
240.87,631,237
241.67,647,233
242.47,647,233
243.23,647,233
244.01,647,237
244.78,647,236
245.56,663,235
246.33,663,237
247.11,663,237
247.88,647,236
248.66,647,237
249.43,647,239
250.21,663,238
250.98,647,238
251.76,647,237
252.56,647,235
253.35,647,234
254.15,647,235
254.94,647,234
255.73,647,234
256.53,631,234
257.32,631,233
258.12,631,233
258.91,631,236
259.70,616,234
260.50,600,227
261.29,585,228
262.09,569,227
262.88,553,228
263.67,538,228
264.46,538,229
265.25,522,228
266.04,507,224
266.82,507,230
267.61,499,232
268.40,495,228
269.19,485,231
269.98,480,234
270.77,469,235
271.56,456,231
272.37,442,232
273.17,428,233
273.98,421,233
274.79,418,234
275.59,416,235
276.40,408,236
277.20,404,233
278.01,402,233
278.82,401,234
279.62,400,234
280.43,392,234
281.26,396,235
282.05,398,231
282.84,399,232
283.63,399,234
284.42,392,234
285.21,396,234
286.01,398,234
286.80,399,236
287.59,392,234
288.38,388,234
289.17,375,233
289.96,368,234
290.72,365,236
291.54,375,233
292.36,387,235
293.17,401,237
293.99,415,219
294.81,818,223
295.63,834,224
296.45,834,225
297.27,850,224
298.08,850,229
298.90,881,234
299.72,865,238
300.52,834,233
301.32,756,230
302.12,772,216
302.93,522,211
303.73,756,214
304.53,756,215
305.33,772,211
306.13,444,193
306.93,436,193
307.74,425,184
308.54,412,158
309.34,406,206
310.14,395,174
310.93,378,210
311.73,322,145
312.52,187,212
313.31,180,218
314.11,177,220
314.90,175,226
315.70,174,229
316.49,161,229
317.28,155,230
318.08,164,229
318.87,169,231
319.67,159,232
320.46,154,232
321.26,151,233
322.05,150,232
322.85,149,231
323.64,149,232
324.44,161,228
325.23,167,229
326.03,170,227
326.82,172,226
327.62,173,221
328.41,180,217
329.20,197,211
330.04,199,161
330.89,476,142
331.73,476,190
332.57,483,193
333.42,553,220
334.26,538,232
335.11,553,230
335.95,538,232
336.79,553,233
337.64,553,235
338.48,538,231
339.23,538,233
340.02,538,233
340.82,538,234
341.61,522,234
342.40,522,232
343.20,538,234
343.99,522,232
344.79,522,233
345.58,522,232
346.37,522,231
347.17,522,234
347.96,507,224
348.72,385,226
349.45,373,232
350.17,367,236
350.90,364,238
351.63,363,237
352.36,374,236
353.08,379,226
353.81,444,220
354.54,460,231
355.27,507,236
355.99,522,232
356.72,522,231
357.52,538,219
358.32,322,210
359.11,476,215
359.91,467,222
0.71,362,218
1.50,362,197
2.30,89,145
3.09,335,138
3.89,335,193
4.69,538,220
5.48,538,232
6.28,538,232
7.04,538,234
7.83,538,235
8.61,538,237
9.40,538,233
10.19,553,234
10.97,538,235
11.76,553,233
12.54,569,217
13.33,295,218
14.12,295,228
14.90,295,228
15.69,301,216
16.52,585,217
17.31,362,217
18.09,355,218
18.88,345,220
19.67,333,232
20.45,327,223
21.24,317,213
22.02,299,213
22.81,290,211
23.60,292,214
24.38,286,211
25.17,283,216
26.00,282,239
26.79,281,240
27.59,281,232
28.38,294,225
29.17,415,226
29.97,429,230
30.76,436,235
31.56,432,235
32.35,423,234
33.14,419,234
33.94,417,233
34.73,408,233
35.52,396,233
36.32,390,234
37.12,387,235
37.92,374,232
38.72,368,231
39.52,365,236
40.32,363,235
41.12,362,233
41.92,355,235
42.72,345,233
43.52,340,227
44.32,331,231
45.15,319,236
45.93,320,233
46.70,314,234
47.48,318,235
48.26,320,234
49.03,321,235
49.81,308,234
50.58,308,237
51.36,308,237
52.14,308,233
52.91,308,235
53.69,308,232
54.49,308,236
55.28,301,239
56.08,298,239
56.87,296,236
57.66,295,238
58.45,295,238
59.25,295,238
60.04,295,233
60.83,281,235
61.62,281,239
62.42,281,237
63.21,281,238
63.97,281,236
64.75,281,237
65.54,281,238
66.32,281,237
67.10,281,237
67.89,281,238
68.67,281,238
69.46,281,237
70.24,281,238
71.02,281,237
71.81,281,237
72.59,274,238
73.34,277,235
74.13,279,234
74.92,273,230
75.71,277,234
76.50,279,238
77.29,273,238
78.09,270,238
78.88,269,236
79.67,268,234
80.46,268,235
81.25,268,236
82.04,241,233
82.40,227,235
83.19,220,231
83.98,224,233
84.77,226,235
85.56,227,233
86.35,233,233
87.14,250,231
87.93,265,233
88.72,273,234
89.51,277,233
90.30,279,236
91.09,273,235
91.88,263,235
92.66,258,236
93.44,269,236
94.22,268,237
95.00,268,237
95.78,261,238
96.56,257,239
97.34,255,237
98.12,254,235
98.90,254,237
99.68,254,234
100.46,228,236
101.22,234,236
102.01,239,236
102.81,240,235
103.60,240,236
104.39,243,237
105.18,245,239
105.98,247,238
106.77,250,241
107.56,241,238
108.35,254,238
109.15,254,240
109.94,241,238
110.74,254,238
111.54,261,239
112.34,264,239
113.14,272,236
113.94,283,238
114.74,289,231
115.53,305,228
116.33,327,155
117.13,344,64
117.93,281,138
118.73,241,212
119.53,234,220
120.36,231,218
121.15,229,215
121.95,235,213
122.74,231,211
123.53,229,210
124.33,228,210
125.12,228,212
125.92,228,212
126.71,234,212
127.50,231,216
128.30,222,225
129.09,218,222
129.85,216,214
130.64,228,221
131.43,234,233
132.22,237,235
133.01,239,222
133.80,240,216
134.59,254,210
135.38,241,155
136.17,244,210
136.96,308,190
137.75,288,122
138.54,284,151
139.37,289,168
140.18,241,155
140.98,254,174
141.79,261,206
142.60,264,142
143.40,266,197
144.21,273,171
145.01,119,100
145.82,104,61
146.63,322,64
147.43,301,155
148.24,291,171
148.99,293,129
149.81,300,155
150.63,304,190
151.45,299,210
152.27,303,174
153.09,362,148
153.91,308,155
154.73,308,161
155.55,616,206
156.37,585,228
157.19,585,221
158.01,335,224
158.80,335,224
159.59,335,230
160.38,328,232
161.17,325,234
161.96,323,235
162.75,315,234
163.54,311,232
164.33,309,235
165.12,308,235
165.91,321,231
166.70,328,236
167.49,331,235
168.36,340,222
169.15,1489,220
169.93,1473,229
170.72,1489,229
171.51,6336,211
172.29,1255,174
173.08,1489,220
173.86,1489,220
174.65,538,224
175.44,538,230
176.22,538,232
177.01,522,226
177.80,507,224
178.59,522,220
179.39,522,213
180.18,174,219
180.97,174,228
181.77,174,239
182.56,180,229
183.36,190,222
184.15,182,222
184.94,184,219
185.74,151,235
186.53,142,242
187.61,130,243
188.40,102,240
189.19,103,241
189.98,96,240
190.77,100,239
191.56,102,243
192.35,103,243
193.14,111,238
193.93,115,229
194.72,124,225
195.51,149,233
196.30,161,233
197.10,167,233
197.89,170,239
198.69,172,236
199.48,179,226
200.27,210,223
201.06,212,227
201.86,226,228
202.65,233,228
203.44,237,226
204.23,239,225
205.03,240,217
205.82,881,220
206.61,881,226
207.40,896,231
208.20,912,229
208.99,912,240
209.78,943,221
210.58,538,224
211.37,538,229
212.17,538,233
212.96,522,229
213.75,507,231
214.55,507,232
215.34,507,228
216.13,507,233
216.95,499,231
217.78,507,230
218.60,507,231
219.42,507,230
220.24,499,230
221.07,507,234
221.89,507,234
222.71,522,233
223.53,538,231
224.36,538,232
225.18,538,233
225.94,538,235
226.74,553,232
227.54,538,231
228.34,553,232
229.14,585,232
229.94,585,233
230.74,585,235
231.54,569,233
232.34,585,232
233.14,585,235
233.94,600,231
234.74,600,234
235.53,600,236
236.32,616,237
237.12,600,236
237.91,600,234
238.70,616,233
239.50,616,233
240.29,631,232
241.09,631,235
241.88,647,231
242.67,647,231
243.47,647,235
244.26,647,237
245.05,647,236
245.82,663,236
246.58,663,239
247.35,663,240
248.12,647,235
248.89,647,235
249.65,647,238
250.42,663,237
251.19,647,238
251.96,647,236
252.72,647,237
253.49,647,233
254.25,647,235
255.07,631,234
255.89,647,233
256.71,631,236
257.53,631,235
258.35,631,237
259.16,631,238
259.98,616,229
260.80,585,226
261.62,569,226
262.44,569,225
263.26,553,226
264.09,538,229
264.88,522,228
265.67,522,227
266.46,507,230
267.25,507,230
268.04,499,230
268.83,495,233
269.62,485,235
270.41,480,237
271.20,462,233
271.99,453,231
272.78,441,233
273.54,428,232
274.36,421,233
275.18,418,234
276.00,409,234
276.82,404,234
277.64,394,232
278.45,397,235
279.27,398,233
280.09,391,235
280.91,388,233
281.73,386,233
282.55,393,234
283.34,396,235
284.13,390,234
284.92,395,233
285.71,397,235
286.50,391,235
287.29,395,236
288.09,390,234
288.88,387,233
289.67,374,232
290.46,361,233
291.25,373,237
292.04,386,233
293.19,400,235
293.98,414,232
294.77,818,218
295.56,818,223
296.35,834,226
297.14,850,227
297.93,850,227
298.72,865,230
299.51,881,238
300.30,850,238
301.09,756,231
301.88,772,224
302.67,522,211
303.46,772,213
304.25,787,214
305.04,787,211
305.83,459,210
306.62,451,210
307.41,433,168
308.20,416,210
308.99,400,161
309.78,392,158
310.57,388,193
311.36,375,174
312.12,187,212
312.91,180,216
313.71,177,221
314.50,175,225
315.29,174,227
316.09,174,228
316.88,174,230
317.68,161,232
318.47,167,230
319.26,170,230
320.06,159,232
320.85,166,233
321.67,157,233
322.46,153,230
323.25,151,230
324.04,162,231
324.83,168,228
325.62,171,228
326.42,172,227
327.21,173,223
328.00,173,219
328.79,193,212
329.58,210,206
330.37,172,171
331.19,476,148
332.03,476,200
332.88,569,213
333.72,553,227
334.56,553,232
335.40,538,230
336.25,538,234
337.09,538,231
337.93,538,234
338.77,538,232
339.62,538,233
340.46,538,232
341.26,538,232
342.06,538,233
342.85,522,233
343.65,522,233
344.45,522,232
345.25,522,230
346.04,522,233
346.84,522,234
347.64,507,228
348.44,385,222
349.23,385,228
350.03,373,233
350.78,367,236
351.50,358,238
352.22,371,237
352.94,378,231
353.66,381,225
354.38,476,224
355.11,507,233
355.83,522,238
356.55,522,234
357.27,522,227
357.99,553,214
358.71,308,211
359.54,459,222
0.30,400,224
1.06,381,214
1.82,308,138
2.58,74,135
3.34,322,184
4.10,385,145
4.86,538,225
5.62,538,231
6.38,538,234
7.14,538,233
7.90,538,234
8.69,538,235
9.49,553,234
10.28,553,235
11.08,553,236
11.88,569,230
12.68,335,211
13.47,321,225
14.27,308,230
15.07,301,222
15.87,304,213
16.66,569,217
17.46,362,220
18.22,355,216
19.00,345,223
19.77,333,230
20.55,327,220
21.33,324,213
22.10,302,210
22.88,291,213
23.65,286,212
24.43,283,200
25.21,282,218
25.98,281,240
26.76,281,241
27.56,288,232
28.35,291,223
29.15,429,227
29.94,436,231
30.73,432,235
31.53,423,232
32.32,419,232
33.12,417,234
33.91,408,232
34.70,404,234
35.50,402,233
36.29,393,234
37.08,389,236
37.87,387,233
38.66,374,233
39.45,368,233
40.24,365,232
41.03,363,235
41.82,356,235
42.61,345,234
43.40,340,230
44.19,331,233
44.98,333,234
45.77,334,235
46.56,328,235
47.31,331,234
48.05,326,238
48.80,324,237
49.55,323,234
50.30,322,235
51.04,315,235
51.79,311,237
52.54,309,234
53.29,308,235
54.03,308,236
54.78,308,236
55.64,301,235
56.43,298,235
57.22,296,239
58.01,295,235
58.80,295,240
59.59,295,236
60.39,288,235
61.18,284,237
61.97,282,235
62.76,281,237
63.55,281,236
64.34,281,237
65.13,281,238
65.95,281,238
66.76,274,237
67.58,277,237
68.40,279,236
69.21,273,237
70.03,277,239
70.84,279,238
71.66,280,239
72.48,280,240
73.29,280,239
74.11,280,237
74.90,280,231
75.64,280,233
76.39,274,238
77.13,277,237
77.87,265,237
78.62,266,238
79.36,267,238
80.11,241,237
80.85,244,235
81.59,236,233
82.34,225,232
83.08,226,233
83.95,233,235
84.74,230,232
85.52,229,232
86.31,238,233
87.10,253,233
87.89,254,231
88.67,268,233
89.46,275,236
90.25,278,239
91.04,280,238
91.82,274,238
92.61,278,235
93.44,280,237
94.25,281,236
95.05,274,235
95.86,241,237
96.66,244,236
97.47,246,240
98.27,243,235
99.08,242,235
99.88,235,237
100.69,231,234
101.49,237,237
102.30,241,236
103.10,241,237
103.89,241,237
104.69,244,237
105.48,246,239
106.27,250,238
107.07,259,238
107.86,263,238
108.66,259,240
109.45,263,239
110.24,265,239
111.04,260,240
111.83,257,238
112.72,262,237
113.51,278,237
114.30,286,239
115.09,284,232
115.88,303,228
116.67,306,180
117.47,307,90
118.26,241,100
119.05,234,214
119.84,224,219
120.63,226,218
121.42,227,215
122.25,234,213
123.05,231,212
123.86,240,197
124.66,240,212
125.46,240,213
126.26,234,212
127.07,231,214
127.87,236,218
128.67,225,225
129.47,219,221
130.28,223,213
131.08,232,222
131.87,236,234
132.67,232,230
133.46,236,220
134.26,252,214
135.06,241,211
135.86,254,187
136.65,254,168
137.45,254,197
138.25,261,161
139.05,241,138
139.84,244,148
140.64,256,174
141.40,262,187
142.22,265,177
143.04,266,168
143.86,267,168
144.68,267,135
145.50,74,71
146.31,89,54
147.13,295,113
147.95,295,177
148.77,302,145
149.59,292,151
150.41,300,190
151.24,304,158
152.03,306,151
152.81,307,190
153.60,308,109
154.39,321,155
155.17,335,142
155.96,585,222
156.74,585,226
157.53,335,221
158.32,335,222
159.10,335,225
159.89,335,234
160.68,328,231
161.48,325,234
162.27,317,235
163.07,313,233
163.87,311,235
164.67,310,235
165.46,316,237
166.26,325,236
167.06,330,232
167.86,332,228
168.65,1505,215
169.45,1473,228
170.21,1489,229
171.03,1505,214
171.85,6305,210
172.67,1489,219
173.49,1489,222
174.31,538,221
175.12,538,227
175.94,538,231
176.76,507,231
177.58,523,226
178.40,523,223
179.22,523,215
180.05,188,219
180.86,188,227
181.67,188,234
182.49,181,233
183.30,177,223
184.11,182,220
184.92,191,219
185.73,155,231
186.54,137,243
187.36,128,243
188.17,108,239
188.98,98,240
189.74,93,241
190.54,98,240
191.33,101,241
192.13,110,244
192.93,114,242
193.73,116,228
194.52,132,226
195.32,153,232
196.12,163,232
196.92,175,231
197.71,181,239
198.51,165,234
199.27,169,229
200.09,198,223
200.91,219,225
201.74,230,229
202.56,229,229
203.38,235,226
204.20,238,223
205.02,239,219
205.84,897,219
206.67,881,225
207.49,881,228
208.31,897,228
209.11,912,241
209.90,928,223
210.68,538,225
211.47,538,230
212.26,538,233
213.04,523,230
213.83,523,231
214.61,507,232
215.40,507,231
216.19,507,233
216.97,499,233
217.76,495,231
218.55,507,233
219.34,507,233
220.14,499,228
220.93,523,232
221.72,507,231
222.52,523,235
223.31,538,234
224.11,538,232
224.90,538,235
225.69,554,235
226.49,538,235
227.28,538,233
228.08,554,234
228.85,569,232
229.61,585,236
230.38,585,233
231.15,601,232
231.91,585,236
232.68,585,235
233.44,601,234
234.21,601,230
234.98,601,236
235.74,601,235
236.51,616,234
237.30,601,233
238.09,616,236
238.88,616,234
239.67,632,235
240.46,647,238
241.25,647,235
242.05,647,231
242.84,647,235
243.63,647,236
244.42,647,237
245.21,663,235
246.00,663,239
246.83,663,236
247.65,647,235
248.46,647,237
249.28,647,238
250.09,647,238
250.91,663,237
251.72,647,238
252.54,647,240
253.35,647,237
254.17,647,236
254.98,647,233
255.80,632,232
256.60,632,235
257.39,632,234
258.19,632,238
258.98,632,237
259.77,616,236
260.56,601,225
261.36,585,227
262.15,569,226
262.94,554,226
263.73,538,227
264.53,538,228
265.32,538,230
266.08,523,229
266.87,507,230
267.67,499,231
268.46,495,230
269.25,485,232
270.05,480,232
270.84,469,234
271.64,456,231
272.43,443,233
273.22,436,232
274.02,425,234
274.81,420,234
275.60,417,232
276.39,408,235
277.18,404,234
277.97,402,233
278.76,394,231
279.55,378,232
280.34,389,235
281.13,394,234
281.92,397,232
282.71,398,234
283.50,392,233
284.29,396,233
285.05,398,234
285.86,399,233
286.67,399,235
287.48,399,235
288.29,392,235
289.10,377,233
289.90,369,232
290.71,377,234
291.52,381,237
292.33,390,233
293.14,402,232
293.95,416,228
294.74,819,221
295.53,834,222
296.33,834,225
297.12,834,225
297.91,850,227
298.71,866,231
299.50,881,237
300.30,850,237
301.09,756,231
301.88,772,223
302.68,491,211
303.47,772,213
304.30,819,213
305.07,756,212
305.83,476,210
306.60,453,135
307.37,434,197
308.14,432,168
308.90,416,180
309.67,423,145
310.44,404,158
311.21,383,158
311.97,149,210
312.74,168,215
313.57,171,221
314.36,172,223
315.16,160,225
315.95,167,226
316.74,170,229
317.54,159,230
318.33,166,230
319.13,150,231
319.92,149,233
320.71,149,232
321.51,149,230
322.30,161,231
323.09,167,232
323.89,158,229
324.68,166,229
325.48,170,227
326.28,172,228
327.08,173,223
327.87,180,217
328.67,184,214
329.47,199,210
330.27,459,161
331.06,467,161
331.86,471,203
332.66,538,210
333.47,554,225
334.28,538,229
335.09,554,233
335.90,538,233
336.71,554,235
337.52,554,233
338.33,538,232
339.14,538,235
339.95,538,231
340.76,538,232
341.57,523,231
342.36,538,235
343.15,523,235
343.95,523,233
344.74,523,235
345.53,523,232
346.32,523,233
347.12,523,231
347.91,507,224
348.70,386,226
349.49,374,234
350.29,368,232
351.08,365,239
351.87,363,235
352.59,374,231
353.31,380,226
354.03,383,219
354.75,476,233
355.47,507,234
356.18,523,233
356.90,523,226
357.62,554,214
358.34,309,211
359.06,476,218
359.78,400,221
0.60,381,218
1.40,358,161
2.21,346,164
3.01,340,148
3.82,337,187
4.62,554,222
5.43,538,231
6.23,538,230
7.04,538,233
7.84,538,235
8.65,538,234
9.45,554,235
10.24,554,236
11.03,554,234
11.82,554,234
12.62,585,214
13.41,309,221
14.20,302,228
14.99,298,224
15.78,303,215
16.57,569,217
17.37,349,218
18.16,349,219
18.95,342,219
19.74,332,231
20.52,327,221
21.30,318,215
22.09,300,211
22.87,284,211
23.65,283,212
24.43,282,210
25.21,282,217
25.99,282,237
26.78,282,241
27.56,288,234
28.34,291,225
29.09,415,227
29.85,429,232
30.61,436,234
31.38,425,232
32.14,420,233
32.90,410,235
33.66,405,233
34.42,402,235
35.18,401,233
35.95,393,236
36.71,389,234
37.47,375,234
38.33,380,233
39.12,371,234
39.90,366,234
40.69,364,233
41.47,356,235
42.26,352,231
43.04,343,232
43.83,332,230
44.61,320,236
45.40,314,235
46.18,324,235
46.97,323,235
47.80,316,234
48.60,319,236
49.41,320,237
50.21,321,234
51.01,315,235
51.82,312,237
52.62,310,237
53.43,309,237
54.23,302,235
55.03,298,236
55.84,296,237
56.64,295,235
57.44,295,236
58.23,295,237
59.02,295,238
59.82,295,236
60.61,281,235
61.40,281,236
62.19,281,235
62.98,274,236
63.77,278,236
64.57,280,236
65.36,281,237
66.15,281,238
66.94,281,236
67.70,281,237
68.47,281,239
69.23,281,235
70.00,281,238
70.76,281,238
71.53,281,238
72.29,281,238
73.06,274,239
73.82,278,234
74.59,280,230
75.35,281,234
76.11,281,237
76.90,274,237
77.70,271,239
78.49,269,238
79.28,275,236
80.08,271,236
80.87,269,236
81.67,228,232
82.46,221,236
83.25,224,232
84.05,226,231
84.84,233,232
85.64,237,233
86.43,232,230
87.22,250,230
88.02,259,233
88.81,270,234
89.60,269,235
90.39,275,234
91.18,278,235
91.97,273,236
92.77,270,238
93.56,269,237
94.35,241,234
95.14,244,236
95.94,246,240
96.75,250,239
97.55,241,236
98.35,241,236
99.16,244,236
99.96,242,236
100.77,245,236
101.57,243,236
102.37,242,239
103.18,235,239
103.98,238,237
104.74,242,238
105.56,245,237
106.38,250,238
107.20,252,239
108.02,260,237
108.84,257,239
109.66,256,239
110.48,262,239
111.30,265,240
112.12,260,237
112.94,271,236
113.76,283,238
114.52,302,238
115.32,312,231
116.12,324,221
116.91,309,106
117.71,295,103
118.51,228,180
119.31,228,214
120.11,228,221
120.91,228,218
121.70,234,214
122.50,231,213
123.30,236,211
124.06,232,211
124.87,230,211
125.67,229,211
126.48,235,212
127.29,231,212
128.10,229,220
128.90,222,226
129.71,218,217
130.52,229,215
131.33,235,226
132.13,231,235
132.94,229,225
133.73,235,220
134.53,238,212
135.34,239,171
136.14,243,210
136.95,255,200
137.75,275,174
138.56,278,126
139.36,273,119
140.17,270,132
140.97,269,177
141.78,268,193
142.58,268,171
143.33,336,145
144.12,315,187
144.91,291,93
145.71,89,64
146.50,81,58
147.29,282,109
148.08,295,138
148.87,295,168
149.66,295,142
150.46,302,155
151.25,305,161
152.04,307,174
152.87,308,148
153.69,308,148
154.50,308,171
155.32,315,126
156.14,601,226
156.96,585,225
157.77,336,221
158.59,329,222
159.41,332,226
160.23,327,230
161.04,324,233
161.86,323,235
162.72,316,235
163.51,312,231
164.30,310,234
165.09,316,234
165.88,319,231
166.67,327,233
167.45,331,235
168.24,340,224
169.03,1489,216
169.82,1489,229
170.61,1489,229
171.40,6336,211
172.19,1224,148
172.96,1489,220
173.74,1489,220
174.51,538,224
175.29,538,229
176.06,538,230
176.84,523,226
177.61,523,226
178.39,523,221
179.16,523,212
179.94,174,219
180.71,174,229
181.50,174,236
182.32,161,232
183.13,167,226
183.95,170,221
184.77,172,221
185.59,145,237
186.40,132,238
187.22,118,244
188.04,111,240
188.86,107,240
189.67,113,239
190.49,108,239
191.32,106,243
192.11,105,243
192.90,112,241
193.70,123,230
194.49,128,229
195.28,151,231
196.07,162,234
196.86,168,233
197.65,171,240
198.45,172,233
199.24,180,230
200.03,197,223
200.82,212,226
201.64,226,229
202.47,233,229
203.29,237,227
204.11,239,224
204.94,243,218
205.76,866,218
206.59,881,225
207.41,881,228
208.23,897,224
209.06,928,239
209.88,928,229
210.64,554,224
211.41,538,228
212.19,538,232
212.96,523,228
213.74,507,230
214.51,507,233
215.29,507,231
216.06,507,232
216.84,499,229
217.61,487,232
218.39,507,233
219.16,507,232
219.99,499,230
220.78,507,228
221.57,523,232
222.35,523,232
223.14,538,233
223.93,523,234
224.72,538,234
225.51,554,234
226.30,554,234
227.08,538,234
227.87,554,234
228.66,570,235
229.46,585,236
230.24,585,233
231.03,585,231
231.81,585,235
232.59,570,232
233.38,601,233
234.16,601,232
234.95,601,235
235.73,601,234
236.51,616,236
237.30,601,233
238.08,616,239
238.84,616,235
239.63,632,231
240.43,647,235
241.22,647,235
242.02,647,231
242.81,647,234
243.61,647,237
244.40,647,235
245.20,663,236
245.99,647,238
246.79,663,239
247.58,647,240
248.37,647,235
249.16,647,239
249.95,647,237
250.73,663,239
251.52,647,237
252.31,647,236
253.10,647,237
253.89,647,236
254.68,647,234
255.46,647,235
256.25,632,236
257.04,632,235
257.84,647,236
258.62,632,236
259.39,632,237
260.17,616,227
260.95,585,225
261.73,570,225
262.50,554,228
263.28,554,226
264.06,538,230
264.84,523,232
265.61,523,230
266.39,507,232
267.18,499,231
267.98,495,230
268.77,485,233
269.57,480,233
270.36,478,234
271.16,461,233
271.95,453,230
272.75,441,234
273.54,428,233
274.34,421,231
275.13,418,233
275.93,409,234
276.69,405,232
277.51,403,234
278.32,394,234
279.14,390,236
279.96,395,233
280.78,398,233
281.59,399,234
282.41,400,232
283.23,400,233
284.05,400,234
284.86,400,233
285.68,400,234
286.50,393,234
287.33,397,236
288.16,391,237
288.99,388,234
289.82,375,234
290.65,380,233
291.49,383,234
292.32,392,234
293.15,403,234
293.98,409,231
294.81,819,220
295.64,819,225
296.43,835,225
297.23,850,223
298.02,850,230
298.82,866,231
299.61,881,236
300.41,835,235
301.20,757,230
302.00,772,224
302.79,507,211
303.59,772,213
304.38,772,213
305.18,788,211
305.93,459,203
306.72,444,155
307.51,451,206
308.30,401,180
309.09,401,171
309.88,393,164
310.68,389,180
311.47,375,145
312.26,174,211
313.05,174,215
313.84,174,223
314.63,174,223
315.42,174,225
316.21,174,228
317.00,161,229
317.79,167,232
318.58,170,233
319.37,159,233
320.15,154,233
320.94,151,233
321.73,150,233
322.52,162,232
323.31,168,234
324.10,171,231
324.89,160,233
325.69,167,227
326.49,170,226
327.29,172,223
328.09,173,218
328.89,173,214
329.68,180,203
330.48,476,177
331.28,484,168
332.08,480,210
332.88,538,211
333.68,554,225
334.43,554,231
335.28,538,232
336.12,554,233
336.97,538,232
337.82,538,231
338.67,538,233
339.51,538,234
340.36,538,232
341.21,538,234
342.06,523,233
342.90,523,234
343.75,523,235
344.58,523,232
345.31,523,233
346.04,523,232
346.77,523,231
347.50,523,231
348.23,362,220
348.96,374,227
349.69,368,231
350.42,365,234
351.15,363,235
351.88,374,234
352.61,380,231
353.37,383,223
354.17,459,225
354.96,523,232
355.76,523,233
356.56,523,234
357.36,538,221
358.15,538,212
358.95,322,211
359.75,476,221
0.55,386,222
1.34,374,212
2.14,380,161
2.94,309,148
3.70,315,164
4.47,476,193
5.23,538,225
5.99,538,235
6.75,538,232
7.52,538,233
8.28,538,234
9.04,538,234
9.80,554,235
10.57,554,236
11.33,554,234
12.16,554,227
12.95,309,212
13.74,309,226
14.53,302,230
15.32,298,220
16.11,317,215
16.91,585,218
17.70,336,218
18.49,342,218
19.28,339,225
20.07,330,229
20.86,333,218
21.65,282,213
22.45,282,211
23.26,282,212
24.06,275,211
24.86,292,200
25.66,287,231
26.47,271,238
27.27,276,237
28.07,285,229
28.87,415,220
29.68,422,231
30.48,426,232
31.24,428,234
32.03,429,232
32.83,422,235
33.62,411,233
34.41,406,232
35.20,403,234
36.00,402,233
36.79,394,233
37.58,390,234
38.37,376,233
39.17,369,234
39.96,365,232
40.75,357,233
41.54,353,236
42.34,351,234
43.13,343,229
43.93,332,232
44.72,327,237
45.52,331,234
46.31,326,236
47.11,317,235
47.90,319,238
48.70,320,237
49.49,321,236
50.25,321,234
51.06,315,235
51.87,312,232
52.68,310,238
53.49,309,236
54.30,309,238
55.10,302,236
55.91,298,236
56.72,296,237
57.53,295,237
58.34,295,239
59.15,295,239
59.90,295,235
60.67,288,237
61.43,285,237
62.20,283,239
62.97,282,235
63.73,282,237
64.50,282,236
65.26,282,240
66.03,282,239
66.80,282,238
67.56,282,237
68.33,282,235
69.09,282,236
69.88,282,239
70.68,275,237
71.47,278,241
72.27,280,238
73.06,281,235
73.86,281,234
74.65,281,233
75.45,281,233
76.24,281,237
77.04,274,235
77.83,271,236
78.62,269,237
79.38,268,238
80.14,241,236
80.90,241,235
81.66,234,233
82.42,224,237
83.18,226,233
83.94,233,233
84.70,237,231
85.46,232,233
86.22,250,231
86.98,241,230
87.77,261,231
88.57,264,234
89.37,266,236
90.17,267,235
90.97,261,236
91.77,264,237
92.58,266,234
93.38,267,239
94.18,267,238
94.98,267,236
95.78,261,237
96.58,258,240
97.76,256,237
98.55,255,236
99.35,241,235
100.14,244,234
100.93,246,236
101.73,243,237
102.52,246,236
103.32,250,238
104.11,241,238
104.90,244,239
105.70,246,238
106.49,250,238
107.29,241,236
108.06,244,237
108.84,246,238
109.61,250,238
110.38,259,239
111.15,263,239
111.93,259,238
112.70,263,237
113.47,272,238
114.24,290,239
115.02,292,232
115.79,307,226
116.58,255,106
117.37,241,129
118.17,234,129
118.96,237,212
119.76,232,218
120.55,230,218
121.35,235,213
122.14,238,214
122.94,233,211
123.73,230,210
124.53,236,210
125.32,238,212
126.08,239,212
126.87,233,213
127.67,224,220
128.46,219,225
129.25,217,221
130.04,222,214
130.84,225,225
131.63,226,232
132.42,227,231
133.21,234,219
134.01,239,215
134.80,243,210
135.63,246,197
136.46,250,210
137.28,259,180
138.11,241,187
138.93,295,126
139.76,281,142
140.58,281,171
141.41,268,187
142.23,268,148
143.06,268,177
143.88,288,135
144.71,271,145
145.54,104,71
146.33,111,54
147.13,295,109
147.92,288,151
148.71,298,190
149.51,276,145
150.30,292,119
151.10,300,155
151.89,304,193
152.68,306,180
153.48,307,174
154.27,308,145
155.03,322,129
155.81,585,214
156.59,585,231
157.37,569,219
158.15,335,224
158.93,335,222
159.70,335,232
160.48,328,229
161.26,325,233
162.04,323,235
162.82,316,234
163.60,312,232
164.43,310,235
165.22,316,232
166.00,325,233
166.79,330,234
167.58,332,234
168.36,340,218
169.15,1489,224
169.93,1489,229
170.72,1505,226
171.51,6321,213
172.29,1505,210
173.08,1489,222
173.91,1505,215
174.70,538,225
175.49,538,229
176.28,523,228
177.07,523,228
177.86,523,222
178.66,523,222
179.45,188,215
180.24,188,223
181.03,181,230
181.82,177,236
182.61,175,228
183.37,174,222
184.19,181,220
185.01,165,223
185.84,149,238
186.66,134,239
187.48,119,243
188.30,104,239
189.12,104,242
189.94,104,242
190.77,104,241
191.59,111,243
192.41,107,243
193.21,113,235
194.00,123,226
194.80,148,227
195.59,161,235
196.38,167,234
197.18,170,235
197.97,172,239
198.77,173,233
199.56,187,226
200.35,214,226
201.15,221,227
201.94,231,229
202.65,236,232
203.45,238,227
204.24,239,223
205.04,243,219
205.84,881,219
206.64,881,227
207.43,881,229
208.23,912,230
209.03,928,238
209.83,928,223
210.62,554,225
211.42,538,229
212.21,523,232
213.02,523,227
213.82,507,231
214.63,507,231
215.44,507,229
216.24,507,231
217.05,507,232
217.85,499,230
218.66,507,233
219.47,507,232
220.27,491,229
221.08,507,231
221.84,523,233
222.63,507,233
223.43,538,233
224.22,538,232
225.01,554,234
225.81,554,233
226.60,554,237
227.40,554,232
228.19,554,233
228.98,585,234
229.78,585,237
230.57,585,233
231.40,585,231
232.17,569,233
232.95,585,237
233.72,601,231
234.49,601,232
235.26,601,234
236.04,601,235
236.81,616,235
237.58,616,234
238.35,616,236
239.13,616,235
239.90,632,234
240.70,632,236
241.47,647,235
242.23,647,233
243.00,647,233
243.77,647,236
244.53,647,237
245.30,663,237
246.06,663,235
246.83,663,237
247.60,647,236
248.36,647,236
249.13,647,234
249.89,647,236
250.68,663,238
251.48,647,233
252.27,647,234
253.06,647,236
253.86,647,234
254.65,647,234
255.45,632,234
256.24,632,234
257.03,632,237
257.83,632,236
258.62,632,236
259.45,632,237
260.26,616,225
261.08,585,225
261.89,569,227
262.70,554,229
263.51,554,227
264.33,538,228
265.14,523,231
265.95,507,230
266.76,507,229
267.58,499,227
268.39,495,231
269.18,485,234
269.97,480,232
270.76,469,235
271.55,456,232
272.34,450,231
273.13,440,234
273.91,427,234
274.70,421,234
275.49,418,233
276.28,416,233
277.07,408,234
277.86,404,235
278.62,395,234
279.42,390,232
280.22,395,234
281.02,397,234
281.82,398,233
282.62,399,233
283.43,399,233
284.23,399,235
285.03,399,235
285.83,399,235
286.63,399,237
287.43,399,237
288.19,392,236
289.01,389,235
289.83,387,234
290.65,386,237
291.47,386,235
292.29,393,235
293.10,404,236
293.92,417,223
294.74,819,221
295.56,834,223
296.38,834,225
297.20,850,225
297.99,866,227
298.78,866,232
299.58,866,239
300.37,850,236
301.17,756,230
301.96,772,219
302.76,523,211
303.55,772,213
304.35,772,213
305.14,772,212
305.94,444,197
306.73,444,168
307.47,444,193
308.27,437,193
309.06,418,200
309.86,402,180
310.66,394,177
311.46,390,138
312.25,188,211
313.05,181,217
313.85,177,223
314.65,175,225
315.44,174,227
316.24,174,228
317.00,174,229
317.79,174,230
318.59,161,233
319.38,155,229
320.17,152,233
320.97,150,230
321.76,149,233
322.56,149,233
323.35,161,230
324.14,167,232
324.94,170,229
325.73,172,230
326.56,173,225
327.35,173,221
328.14,187,217
328.93,187,213
329.72,187,177
330.51,476,155
331.31,476,210
332.10,476,200
332.89,554,217
333.68,538,231
334.47,554,233
335.26,554,233
336.06,554,231
336.88,538,230
337.69,538,234
338.51,538,235
339.32,538,234
340.14,538,232
340.95,523,234
341.77,538,233
342.58,523,234
343.40,523,233
344.21,523,232
345.03,523,234
345.79,523,234
346.57,523,232
347.34,507,227
348.12,386,224
348.90,374,228
349.68,368,233
350.45,365,237
351.23,363,238
352.01,374,234
352.79,380,229
353.56,371,222
354.34,476,227
355.13,507,234
355.92,523,230
356.72,523,231
357.51,538,222
358.30,309,211
359.09,459,213
359.89,437,221
0.68,362,222
1.47,374,211
2.26,322,119
3.06,328,132
3.85,331,158
4.64,554,214
5.42,538,230
6.19,538,231
6.97,538,231
7.75,538,233
8.53,538,236
9.30,538,235
10.08,554,235
10.86,554,231
11.64,554,230
12.41,569,218
13.19,309,215
13.95,302,229
14.75,292,227
15.56,300,216
16.36,585,216
17.16,362,216
17.97,355,218
18.77,352,219
19.58,337,230
20.38,329,224
21.18,325,215
21.99,303,213
22.79,299,212
23.66,290,210
24.45,292,210
25.24,293,213
26.02,287,238
26.81,284,239
27.60,283,235
28.39,289,228
29.18,415,225
29.97,422,231
30.75,426,233
31.54,428,233
32.33,421,231
33.13,418,234
33.91,416,233
34.68,408,232
35.46,397,235
36.24,391,232
37.02,388,232
37.79,387,235
38.57,374,231
39.35,368,234
40.13,365,235
40.90,357,236
41.68,346,231
42.44,340,232
43.24,337,226
44.03,329,231
44.83,332,237
45.62,333,235
46.42,327,236
47.21,324,235
48.01,323,233
48.80,322,237
49.60,322,234
50.39,315,237
51.19,312,233
51.98,310,235
52.77,302,235
53.56,298,238
54.35,296,239
55.14,295,238
55.93,295,235
56.73,295,236
57.52,295,236
58.31,295,238
59.10,295,238
59.89,288,238
60.68,271,236
61.47,269,238
62.26,275,236
63.05,278,238
63.84,280,235
64.63,281,239
65.42,281,238
66.22,281,238
67.01,281,236
67.80,281,237
68.59,274,239
69.38,271,238
70.17,276,235
70.92,279,236
71.72,280,237
72.52,281,234
73.32,281,236
74.12,281,233
74.92,281,231
75.71,281,236
76.51,281,232
77.31,274,237
78.11,271,237
78.91,269,234
79.71,262,236
80.47,258,235
81.25,256,233
82.02,228,231
82.80,221,233
83.58,224,229
84.36,226,230
85.13,227,232
85.91,227,235
86.69,234,232
87.47,251,233
88.24,266,231
89.02,274,234
89.78,271,234
90.58,276,236
91.39,272,237
92.19,270,236
92.99,269,238
93.80,275,236
94.60,271,235
95.41,263,238
96.21,241,239
97.01,244,239
97.82,246,237
98.62,250,235
99.45,241,236
100.24,241,235
101.03,241,234
101.83,241,237
102.62,241,237
103.41,241,239
104.20,244,240
104.99,246,239
105.78,250,240
106.58,252,239
107.37,253,238
108.16,260,234
108.95,264,238
109.75,266,240
110.56,260,240
111.36,264,239
112.17,266,237
112.97,274,234
113.78,291,239
114.58,293,234
115.39,300,234
116.19,304,212
117.00,174,90
117.80,201,109
118.59,221,210
119.38,231,215
120.17,229,220
120.96,228,215
121.75,228,213
122.54,234,211
123.32,237,211
124.11,239,211
124.90,233,211
125.69,230,212
126.48,235,212
127.27,238,214
127.97,233,223
128.76,223,226
129.56,225,216
130.35,233,215
131.14,237,231
131.93,232,234
132.73,236,223
133.52,238,218
134.31,242,213
135.10,241,193
135.90,244,211
136.69,246,210
137.44,250,187
138.26,259,168
139.07,263,138
139.89,265,155
140.71,266,145
141.53,273,164
142.34,277,184
143.16,279,155
143.98,273,177
144.80,241,84
145.61,142,51
146.43,158,71
147.26,281,168
148.05,281,122
148.84,281,148
149.64,288,164
150.43,298,161
151.22,296,155
152.01,295,164
152.80,301,177
153.59,304,177
154.39,326,161
155.18,324,138
155.97,585,227
156.76,553,226
157.56,335,223
158.37,335,223
159.17,335,229
159.98,328,231
160.78,325,233
161.59,323,236
162.39,315,234
163.20,311,234
164.00,309,236
164.81,315,237
165.61,325,233
166.40,330,233
167.21,332,232
168.01,333,226
168.82,1489,218
169.63,1489,229
170.44,1489,226
171.24,6336,210
172.05,6305,184
172.86,1489,219
173.67,1489,221
174.47,522,221
175.28,538,227
176.07,538,229
176.86,522,230
177.64,522,224
178.43,522,222
179.21,522,216
180.00,187,224
180.78,187,224
181.57,180,234
182.35,177,235
183.14,175,223
183.92,181,220
184.71,177,221
185.50,155,237
186.32,137,240
187.15,120,243
187.97,97,243
188.79,100,239
189.62,102,240
190.44,95,239
191.27,92,239
192.09,98,243
192.91,108,239
193.74,113,232
194.56,123,226
195.32,148,232
196.12,161,232
196.91,167,233
197.71,170,239
198.51,172,236
199.31,173,229
200.10,187,226
200.90,207,227
201.70,217,228
202.50,229,228
203.29,235,229
204.09,238,225
204.84,239,223
205.63,881,216
206.43,881,224
207.22,881,229
208.01,896,229
208.80,928,237
209.60,928,234
210.39,553,224
211.18,538,226
211.97,538,230
212.77,522,226
213.56,507,230
214.39,507,230
215.18,507,233
215.96,507,230
216.75,507,233
217.54,507,232
218.33,507,235
219.11,507,231
219.90,507,230
220.69,507,230
221.48,522,232
222.26,522,231
223.05,522,231
223.84,522,230
224.62,538,235
225.40,553,234
226.17,538,232
226.95,553,235
227.73,553,236
228.51,569,231
229.29,585,234
230.07,585,234
230.84,585,233
231.62,569,234
232.40,585,235
232.94,585,233
233.73,585,232
234.52,600,233
235.32,600,232
236.11,616,233
236.90,616,233
237.69,600,235
238.48,616,233
239.27,631,233
240.07,631,234
240.86,647,237
241.65,647,231
242.48,647,234
243.26,647,237
244.05,647,237
244.83,663,236
245.61,663,238
246.40,663,239
247.18,663,235
247.97,647,236
248.75,647,237
249.53,647,238
250.32,663,238
251.10,663,239
251.90,647,236
252.70,647,236
253.49,631,233
254.29,647,235
255.08,647,234
255.88,647,234
256.67,647,234
257.47,631,234
258.26,631,235
259.06,631,238
259.85,616,232
260.65,600,226
261.40,569,224
262.19,569,225
262.98,553,229
263.77,538,227
264.56,538,230
265.35,522,229
266.15,507,230
266.94,507,230
267.73,491,230
268.52,483,229
269.31,479,231
270.10,477,232
270.93,468,235
271.76,456,232
272.59,442,232
273.42,435,233
274.25,425,235
275.08,420,234
275.91,417,234
276.74,408,233
277.57,404,237
278.40,402,235
279.23,382,234
280.06,383,233
280.85,384,234
281.64,392,234
282.44,396,234
283.23,398,234
284.02,399,235
284.81,399,234
285.61,399,235
286.40,399,235
287.19,399,238
287.98,392,237
288.78,388,237
289.57,375,234
290.36,368,236
291.17,376,233
291.97,388,233
292.78,401,233
293.59,408,236
294.40,426,216
295.20,818,223
296.01,834,224
296.82,834,224
297.63,850,226
298.43,865,229
299.24,865,232
300.03,850,238
300.82,803,229
301.60,756,229
302.39,507,214
303.18,507,211
303.97,756,214
304.75,803,214
305.54,818,210
306.33,459,211
307.12,437,210
307.90,426,210
308.69,413,197
309.48,406,171
310.27,384,193
311.07,373,168
311.86,174,177
312.65,174,216
313.44,174,220
314.24,174,223
315.03,174,225
315.82,174,227
316.61,174,231
317.41,161,229
318.20,155,231
318.95,152,230
319.75,150,229
320.55,149,232
321.35,161,233
322.15,155,233
322.95,152,232
323.74,163,231
324.54,168,229
325.34,171,230
326.14,172,227
326.94,173,225
327.74,173,220
328.50,173,215
329.34,173,206
330.19,476,158
331.03,483,177
331.88,487,193
332.72,489,184
333.57,553,226
334.41,538,232
335.26,538,232
336.10,553,230
336.95,538,233
337.79,553,234
338.59,538,233
339.38,538,233
340.18,522,232
340.97,538,234
341.77,522,233
342.56,522,231
343.36,522,235
344.15,522,233
344.95,522,232
345.74,522,235
346.54,522,233
347.33,522,233
348.12,506,219
348.84,385,226
349.57,373,230
350.29,367,236
351.01,364,237
351.74,374,235
352.46,379,232
353.19,382,225
353.91,459,221
354.63,507,233
355.36,522,236
356.08,522,234
356.84,522,227
357.63,538,214
358.43,553,210
359.22,459,220
0.02,400,222
0.81,381,215
1.61,322,174
2.40,322,164
3.20,328,203
3.99,338,158
4.79,538,223
5.58,538,232
6.37,538,233
7.16,538,235
7.95,538,234
8.74,553,235
9.53,538,234
10.32,553,235
11.10,553,236
11.89,553,230
12.68,585,212
13.47,308,221
14.26,301,230
15.05,291,222
15.84,299,216
16.63,585,218
17.42,362,218
18.21,355,218
19.00,345,221
19.79,333,232
20.58,327,222
21.37,311,213
22.16,296,211
22.95,282,212
23.74,281,213
24.53,281,210
25.32,281,219
26.11,274,239
26.90,277,238
27.69,279,231
28.48,293,222
29.27,444,226
30.07,444,231
30.86,436,235
31.65,432,231
32.44,423,232
33.23,419,235
34.02,409,232
34.89,404,235
35.66,394,233
36.44,389,235
37.21,387,236
37.98,374,233
38.75,368,233
39.53,365,234
40.30,363,234
41.07,362,235
41.84,355,234
42.62,345,232
43.39,340,228
44.15,331,236
44.92,333,236
45.68,327,238
46.45,324,237
47.22,323,235
47.98,322,236
48.75,322,235
49.51,322,236
50.28,315,236
51.05,311,236
51.81,309,234
52.58,308,236
53.37,308,239
54.16,308,234
54.95,301,238
55.74,298,237
56.53,296,234
57.32,295,238
58.12,295,238
58.91,295,238
59.70,288,237
60.49,278,234
61.28,279,238
62.07,280,239
62.94,274,237
63.77,277,235
64.60,279,239
65.42,280,240
66.25,280,237
67.08,280,237
67.91,280,238
68.74,274,241
69.57,277,235
70.39,279,235
71.22,280,238
72.05,274,237
72.85,277,238
73.64,279,236
74.44,280,233
75.23,280,232
76.03,280,236
76.82,280,239
77.62,280,237
78.41,274,237
79.21,271,237
80.00,269,234
80.80,241,236
81.59,241,234
82.34,234,232
83.08,224,235
83.82,219,229
84.56,230,235
85.30,236,231
86.04,238,232
86.78,242,233
87.52,245,231
88.26,263,233
89.00,272,232
89.74,276,235
90.48,272,236
91.24,263,235
92.04,272,236
92.85,270,237
93.65,275,239
94.45,264,237
95.25,259,237
96.06,256,239
96.86,255,240
97.66,241,238
98.46,234,236
99.27,237,235
100.07,239,237
100.83,240,238
101.63,243,237
102.42,245,237
103.22,243,236
104.02,245,238
104.82,247,236
105.61,244,239
106.41,246,239
107.21,243,237
108.01,255,238
108.80,254,238
109.60,261,237
110.39,264,238
111.21,266,239
112.04,267,235
112.86,274,239
113.68,284,237
114.50,289,233
115.33,292,235
116.15,307,214
116.97,321,87
117.79,301,93
118.62,241,197
119.44,234,217
120.19,237,220
120.99,239,216
121.80,233,213
122.60,237,212
123.40,239,210
124.20,240,211
125.01,234,210
125.81,231,212
126.61,236,214
127.41,232,214
128.22,223,224
129.02,218,229
129.78,216,216
130.57,228,214
131.37,228,229
132.16,221,234
132.96,231,225
133.75,236,217
134.55,252,212
135.34,253,206
136.14,260,200
136.93,257,177
137.73,262,180
138.52,265,145
139.31,259,155
140.11,277,138
140.90,265,164
141.70,259,126
142.49,256,148
143.29,262,174
144.08,265,168
144.88,286,93
145.67,290,58
146.47,104,51
147.26,308,126
148.06,301,148
148.82,298,190
149.62,296,187
150.42,302,161
151.22,312,158
152.02,310,168
152.82,309,161
153.61,322,148
154.41,322,158
155.21,322,148
156.01,585,225
156.81,569,226
157.61,335,221
158.48,328,224
159.27,331,227
160.06,333,230
160.85,327,232
161.64,324,237
162.43,316,234
163.23,312,234
164.02,310,234
164.81,309,237
165.60,315,233
166.39,325,236
167.18,330,232
167.98,332,226
168.77,1489,216
169.56,1489,227
170.35,1489,230
171.14,1504,211
171.93,6305,210
172.71,1489,219
173.50,1489,222
174.29,538,223
175.08,538,229
175.87,538,228
176.66,522,231
177.45,507,226
178.24,522,221
179.03,522,215
179.82,214,219
180.61,200,226
181.40,187,234
182.20,180,234
182.99,177,223
183.78,175,222
184.57,154,219
185.36,144,231
186.15,131,241
186.98,117,241
187.80,110,241
188.62,92,241
189.44,105,242
190.26,89,241
191.08,104,242
191.89,104,244
192.71,111,240
193.53,122,231
194.35,128,227
195.17,151,230
195.99,162,233
196.75,168,233
197.56,171,240
198.36,172,236
199.17,179,229
199.97,190,224
200.78,215,226
201.58,228,227
202.39,234,227
203.19,237,226
204.00,239,226
204.80,242,220
205.61,881,217
206.40,881,224
207.20,881,227
208.00,896,227
208.79,912,236
209.59,928,234
210.39,553,224
211.19,538,227
211.99,538,230
212.79,522,229
213.58,507,229
214.38,507,231
215.18,507,231
215.94,507,232
216.72,507,232
217.49,499,229
218.27,507,232
219.04,507,236
219.82,499,230
220.59,507,232
221.37,522,237
222.14,522,234
222.92,538,231
223.69,538,233
224.47,522,234
225.30,553,234
226.12,553,235
226.93,538,233
227.75,553,235
228.56,569,232
229.38,585,235
230.19,585,236
231.01,585,236
231.82,585,231
232.64,585,233
233.45,600,236
234.27,600,232
235.07,600,237
235.87,600,234
236.66,616,235
237.46,616,232
238.26,616,236
239.06,616,232
239.85,631,233
240.65,647,237
241.45,647,234
242.25,647,230
243.04,647,234
243.84,647,235
244.60,647,238
245.38,663,238
246.15,663,235
246.93,663,237
247.71,663,239
248.48,647,238
249.26,647,238
250.03,647,236
250.81,663,237
251.59,663,236
252.36,647,235
253.14,647,239
253.93,647,233
254.72,647,237
255.51,647,234
256.30,631,234
257.09,647,235
257.88,631,234
258.66,631,236
259.45,631,239
260.24,616,228
261.03,585,225
261.82,553,224
262.61,553,226
263.41,553,229
264.20,538,229
265.00,522,229
265.79,522,229
266.58,507,230
267.38,507,229
268.17,499,231
268.97,487,233
269.76,481,235
270.55,478,235
271.35,461,233
272.14,452,232
272.94,440,232
273.73,427,234
274.52,421,235
275.31,418,235
276.10,409,235
276.89,404,233
277.67,402,233
278.46,401,234
279.25,400,233
280.04,400,235
280.83,392,234
281.62,388,234
282.41,394,233
283.20,397,235
284.00,391,236
284.79,395,234
285.59,397,233
286.38,398,234
287.18,399,236
287.97,392,236
288.77,388,235
289.56,386,236
290.36,385,233
291.15,385,237
291.95,392,231
292.77,403,235
293.59,416,234
294.42,803,216
295.24,818,224
296.06,834,225
296.88,834,228
297.70,850,225
298.52,865,231
299.35,881,234
300.17,850,238
300.99,772,228
301.75,772,227
302.54,522,211
303.32,803,210
304.11,772,216
304.89,787,212
305.68,429,174
306.46,436,197
307.25,440,193
308.03,434,210
308.82,417,155
309.60,401,180
310.39,393,203
311.22,389,180
312.01,214,197
312.80,194,217
313.60,184,219
314.39,179,223
315.18,176,225
315.97,175,226
316.76,174,228
317.55,174,231
318.35,161,230
319.14,155,232
319.93,152,234
320.76,150,235
321.55,162,230
322.35,168,234
323.14,171,232
323.93,172,233
324.73,160,231
325.52,147,229
326.32,160,227
327.11,167,224
327.90,170,220
328.70,185,216
329.49,193,210
330.29,459,161
331.12,467,164
331.94,471,155
332.77,538,211
333.60,554,229
334.42,538,229
335.25,538,231
336.07,538,232
336.90,538,234
337.73,538,233
338.55,538,232
339.38,538,232
340.13,538,234
340.92,538,233
341.72,538,233
342.51,523,234
343.30,523,233
344.09,538,231
344.89,523,232
345.68,523,235
346.47,523,232
347.26,523,229
348.06,362,222
348.85,374,227
349.61,368,232
350.36,365,235
351.12,363,236
351.87,374,234
352.63,368,232
353.38,377,222
354.14,476,228
354.89,507,232
355.65,507,235
356.40,523,233
357.16,523,225
357.91,554,212
358.70,322,213
359.52,430,222
0.34,408,223
1.16,385,215
1.98,385,132
2.80,322,161
3.62,328,210
4.44,554,210
5.26,538,228
6.08,538,231
6.90,538,233
7.72,538,234
8.48,538,234
9.27,538,234
10.06,538,234
10.85,554,235
11.64,554,234
12.43,569,223
13.21,309,215
14.00,309,229
14.79,302,228
15.58,298,220
16.37,316,215
17.16,325,219
17.95,337,221
18.72,343,217
19.48,332,228
20.25,327,228
21.02,331,216
21.79,306,213
22.55,294,210
23.32,288,211
24.09,285,212
24.86,290,200
25.62,292,233
26.39,273,239
27.19,277,237
27.99,286,231
28.78,400,220
29.58,422,230
30.37,433,235
31.17,431,232
31.96,423,233
32.76,419,232
33.55,409,236
34.35,404,234
35.14,395,233
35.94,390,233
36.70,388,230
37.49,387,234
38.28,374,235
39.07,368,235
39.86,365,232
40.65,357,233
41.44,353,234
42.23,351,232
43.02,343,230
43.81,339,231
44.60,330,237
45.39,326,235
46.22,317,235
46.98,319,236
47.74,320,235
48.50,321,237
49.26,321,238
50.02,315,235
50.79,312,237
51.55,310,236
52.31,309,238
53.07,309,236
53.83,302,239
54.59,305,238
55.35,300,237
56.15,297,238
56.94,296,237
57.74,295,234
58.53,295,237
59.33,288,235
60.12,278,234
60.92,280,238
61.71,281,236
62.51,281,238
63.30,281,240
64.10,281,238
64.90,281,238
65.72,281,239
66.53,274,237
67.35,278,239
68.17,280,239
68.98,281,238
69.80,281,236
70.61,274,239
71.43,278,235
72.25,280,236
73.06,281,241
73.88,281,238
74.67,281,230
75.41,281,232
76.15,281,239
76.88,281,236
77.62,274,238
78.36,264,237
79.10,259,237
79.84,257,236
80.58,256,237
81.31,255,232
82.05,214,233
82.79,214,235
83.55,227,229
84.35,227,234
85.14,227,231
85.94,234,235
86.73,237,232
87.53,259,230
88.32,270,233
89.12,276,236
89.91,279,235
90.71,273,235
91.50,270,238
92.30,269,237
93.10,268,237
93.92,268,237
94.73,268,237
95.55,261,238
96.37,258,239
97.18,241,239
98.00,244,236
98.81,246,235
99.63,250,236
100.45,228,235
101.26,234,236
102.08,237,237
102.91,239,237
103.70,240,239
104.48,240,235
105.27,234,238
106.05,239,239
106.84,243,238
107.62,246,237
108.41,250,239
109.19,252,239
109.98,253,239
110.76,260,239
111.55,264,240
112.38,266,237
113.17,274,236
113.96,284,237
114.75,289,234
115.54,292,233
116.33,313,212
117.13,304,96
117.92,306,109
118.71,241,211
119.50,234,218
120.29,231,223
121.08,236,216
121.87,238,214
122.66,239,212
123.45,240,210
124.24,240,211
125.03,243,211
125.82,242,213
126.62,241,211
127.41,234,216
128.20,231,223
128.99,222,226
129.78,225,215
130.57,233,217
131.36,237,228
132.15,232,235
132.95,236,225
133.74,240,217
134.53,240,212
135.32,243,210
136.12,246,210
136.91,257,164
137.70,256,158
138.49,255,135
139.29,255,145
140.08,261,138
140.83,264,210
141.62,266,158
142.42,274,184
143.21,278,171
144.00,273,158
144.80,270,109
145.59,59,64
146.39,59,51
147.18,282,148
147.97,288,164
148.77,298,193
149.56,303,164
150.32,299,180
151.13,304,168
151.93,306,142
152.74,307,155
153.55,328,119
154.36,338,129
155.16,337,145
155.97,585,226
156.78,585,229
157.59,336,221
158.39,336,224
159.20,336,227
159.99,329,230
160.78,332,230
161.58,327,237
162.37,324,234
163.16,316,233
163.95,312,235
164.75,310,234
165.54,316,234
166.33,326,233
167.12,331,234
167.92,333,230
168.71,1489,213
169.54,1489,225
170.34,1489,228
171.15,1505,217
171.95,6305,211
172.75,1489,217
173.56,1489,223
174.36,538,220
175.17,538,225
175.97,538,230
176.77,523,233
177.58,507,225
178.38,507,221
179.17,523,215
179.99,228,218
180.81,201,226
181.63,187,234
182.45,180,235
183.27,177,226
184.09,182,219
184.91,178,221
185.73,156,229
186.55,137,240
187.37,128,245
188.19,116,238
188.98,102,239
189.77,110,238
190.57,114,240
191.36,109,242
192.15,106,241
192.94,112,241
193.74,123,233
194.53,128,226
195.32,151,229
196.11,162,235
196.91,168,235
197.70,171,240
198.53,172,233
199.33,180,232
200.13,184,225
200.93,212,226
201.73,220,228
202.53,230,229
203.33,235,228
204.13,238,226
204.93,239,220
205.73,881,217
206.53,881,223
207.33,881,227
208.12,897,228
208.91,912,235
209.71,928,234
210.50,554,222
211.29,538,227
212.08,538,232
212.88,523,229
213.67,523,230
214.46,507,232
215.25,507,229
216.05,507,227
216.84,507,232
217.47,499,233
218.27,507,231
219.06,507,230
219.86,499,229
220.65,495,231
221.45,523,233
222.24,523,232
223.04,538,230
223.83,538,233
224.63,538,235
225.42,554,233
226.22,554,235
227.02,538,232
227.83,554,233
228.65,585,233
229.46,585,235
230.27,585,234
231.08,585,234
231.90,570,233
232.71,585,235
233.52,601,235
234.33,585,233
235.15,601,233
235.96,601,236
236.75,616,235
237.54,601,234
238.34,616,235
239.13,616,235
239.92,632,233
240.71,632,237
241.51,647,237
242.30,647,233
243.09,647,236
243.88,647,235
244.68,647,237
245.47,663,236
246.27,663,238
247.05,663,239
247.83,647,236
248.61,647,238
249.39,647,237
250.17,647,239
250.95,663,236
251.73,647,236
252.51,647,236
253.29,647,235
254.07,647,236
254.85,647,233
255.61,632,232
256.43,632,237
257.25,632,235
258.07,632,235
258.89,632,235
259.71,616,235
260.53,601,227
261.35,585,228
262.17,570,225
262.99,554,228
263.81,538,227
264.63,538,226
265.42,523,229
266.21,507,229
267.01,507,229
267.80,499,232
268.59,495,233
269.38,485,232
270.18,480,233
270.97,469,232
271.76,457,233
272.55,451,230
273.35,440,233
274.14,427,235
274.90,421,234
275.70,418,234
276.49,409,233
277.29,405,235
278.09,395,234
278.88,390,233
279.68,395,231
280.47,398,231
281.27,392,234
282.07,396,233
282.86,398,233
283.66,399,234
284.42,392,233
285.25,396,234
286.08,398,234
286.91,399,236
287.74,400,235
288.57,393,235
289.40,389,233
290.23,375,233
291.06,368,235
291.89,377,233
292.72,396,234
293.55,405,235
294.34,417,225
295.13,819,222
295.93,835,225
296.72,835,225
297.51,850,228
298.30,850,227
299.10,881,231
299.89,866,238
300.68,850,231
301.47,757,229
302.27,788,214
303.06,507,190
303.85,757,217
304.63,757,212
305.42,476,211
306.20,772,180
306.99,415,193
307.77,430,197
308.56,415,177
309.34,422,190
310.13,404,174
310.91,395,126
311.70,378,155
312.48,188,212
313.23,181,219
314.02,177,222
314.82,175,224
315.61,174,227
316.40,174,228
317.19,174,230
317.99,161,230
318.78,155,232
319.57,164,232
320.36,169,232
321.16,171,235
321.95,160,233
322.74,167,234
323.53,170,232
324.33,172,231
325.12,173,229
325.91,173,227
326.70,173,223
327.50,173,221
328.29,173,216
329.08,180,212
329.87,459,180
330.67,467,193
331.46,471,203
332.26,473,164
333.09,554,223
333.91,538,230
334.74,538,231
335.57,554,233
336.40,538,231
337.22,538,232
338.05,538,231
338.88,538,233
339.71,554,231
340.53,538,233
341.36,523,235
342.16,523,232
342.96,523,232
343.75,523,233
344.55,523,233
345.35,523,232
346.15,523,234
346.94,523,229
347.74,507,221
348.54,386,224
349.34,386,229
350.13,374,237
350.93,368,239
351.72,365,235
352.45,375,234
353.18,380,226
353.91,383,221
354.64,492,231
355.37,507,237
356.11,507,235
356.84,523,229
357.57,538,218
358.30,523,210
359.03,499,217
359.76,445,224
0.51,386,218
1.32,374,168
2.13,309,126
2.94,322,187
3.75,329,193
4.56,554,220
5.37,523,229
6.18,538,235
6.99,538,232
7.80,538,236
8.61,554,235
9.42,554,234
10.21,554,233
11.00,554,235
11.80,554,231
12.59,570,213
13.38,309,220
14.18,302,231
14.97,298,225
15.77,303,214
16.56,585,217
17.35,362,221
18.15,355,217
18.94,345,220
19.73,333,235
20.50,327,220
21.28,338,213
22.05,282,211
22.82,275,212
23.60,278,211
24.37,273,211
25.15,277,215
25.92,279,238
26.69,273,239
27.47,277,234
28.24,286,224
29.03,445,226
29.79,445,228
30.56,437,233
31.32,433,235
32.08,424,235
32.85,412,235
33.61,406,236
34.38,403,233
35.14,402,233
35.90,394,234
36.67,390,234
37.43,376,232
38.22,369,233
39.02,365,235
39.81,363,236
40.61,356,234
41.41,352,235
42.21,344,231
43.00,340,227
43.80,331,231
44.60,326,236
45.40,324,234
46.19,323,236
46.99,322,235
47.75,322,238
48.55,322,234
49.36,322,236
50.16,315,233
50.96,312,235
51.76,310,238
52.57,302,235
53.37,305,236
54.17,307,236
54.97,301,238
55.78,298,236
56.58,296,238
57.45,295,235
58.24,295,234
59.03,295,238
59.82,295,236
60.61,281,238
61.40,281,238
62.19,281,237
62.98,281,237
63.77,274,236
64.56,278,237
65.35,280,238
66.14,281,235
66.94,281,238
67.74,281,238
68.55,281,239
69.35,274,237
70.15,278,241
70.95,273,239
71.76,270,236
72.56,276,236
73.36,272,237
74.16,270,235
74.97,276,230
75.77,279,233
76.56,280,236
77.28,274,237
77.99,271,240
78.71,269,236
79.43,241,235
80.15,244,236
80.86,242,235
81.58,245,232
82.30,230,233
83.02,222,231
83.73,225,231
84.45,226,233
85.28,227,231
86.07,237,233
86.87,252,231
87.66,267,231
88.45,274,233
89.25,278,234
90.04,280,236
90.84,281,237
91.63,281,235
92.42,281,235
93.22,274,238
94.01,271,237
94.81,269,236
95.61,262,240
96.42,258,239
97.22,241,240
98.02,244,239
98.82,242,234
99.63,241,234
100.43,241,236
101.23,241,237
102.03,241,237
102.84,244,237
103.64,242,238
104.39,245,237
105.20,256,239
106.00,255,237
106.81,255,237
107.62,261,238
108.42,241,237
109.23,254,238
110.03,261,240
110.84,264,240
111.65,266,240
112.45,267,237
113.26,281,236
114.13,295,241
114.92,295,232
115.71,295,231
116.50,302,210
117.29,201,96
118.08,214,151
118.87,221,168
119.66,224,218
120.45,226,221
121.24,227,214
122.03,234,214
122.82,237,213
123.58,239,210
124.39,233,211
125.19,230,212
126.00,229,212
126.81,228,212
127.61,234,216
128.42,231,225
129.22,223,226
130.03,225,217
130.84,233,217
131.64,237,231
132.45,232,234
133.24,236,223
134.04,238,219
134.83,242,213
135.63,241,180
136.43,244,200
137.23,246,190
138.02,243,155
138.82,246,168
139.62,257,142
140.42,269,193
141.21,275,171
142.01,271,187
142.72,283,171
143.51,275,200
144.31,271,145
145.10,290,93
145.89,44,48
146.69,96,90
147.48,282,122
148.28,282,135
149.07,288,174
149.86,291,171
150.66,293,145
151.45,294,142
152.28,294,190
153.07,301,155
153.85,305,171
154.64,313,145
155.43,616,187
156.21,585,228
157.00,585,224
157.78,336,223
158.57,329,223
159.36,332,230
160.14,334,230
160.93,335,230
161.72,328,238
162.51,318,237
163.31,313,233
164.10,311,233
164.90,316,235
165.69,326,233
166.49,331,233
167.28,333,231
168.08,334,223
168.87,1489,221
169.67,1489,229
170.46,1489,225
171.25,6336,212
172.08,1255,180
172.91,1474,220
173.74,1489,220
174.57,538,224
175.40,538,228
176.22,538,229
177.05,523,227
177.88,507,223
178.71,523,220
179.54,538,213
180.37,174,222
181.23,181,229
182.01,184,235
182.80,179,231
183.58,176,222
184.36,175,223
185.15,154,220
185.93,144,235
186.72,131,239
187.50,117,241
188.28,103,240
189.07,103,240
189.85,103,240
190.68,103,238
191.47,96,243
192.27,100,242
193.06,109,240
193.85,121,226
194.65,127,228
195.44,150,231
196.24,162,234
197.03,168,234
197.82,171,238
198.62,172,235
199.41,180,229
200.20,210,225
200.99,225,229
201.78,233,228
202.57,237,230
203.36,239,226
204.15,240,226
204.94,240,217
205.73,866,219
206.52,881,225
207.31,881,228
208.10,897,228
208.89,912,240
209.72,944,230
210.51,554,222
211.29,538,228
212.08,538,232
212.87,523,230
213.65,507,231
214.44,507,229
215.22,507,230
216.01,507,233
216.80,507,231
217.58,499,232
218.37,495,233
219.16,507,229
219.96,499,232
220.75,495,233
221.55,523,232
222.35,523,234
223.15,538,230
223.94,538,232
224.74,554,235
225.54,554,233
226.34,554,236
227.13,538,232
227.93,554,236
228.69,585,232
229.48,585,234
230.28,601,233
231.07,585,233
231.86,585,236
232.65,585,237
233.45,601,231
234.24,601,232
235.03,601,234
235.82,601,233
236.62,616,234
237.41,616,234
238.20,616,236
238.99,616,235
239.78,632,232
240.57,647,237
241.36,647,237
242.15,647,232
242.95,647,235
243.74,647,237
244.53,647,239
245.32,663,233
246.11,663,237
246.90,663,239
247.65,663,238
248.44,647,235
249.24,647,235
250.03,647,236
250.82,663,238
251.62,647,238
252.41,647,237
253.21,647,234
254.00,647,234
254.79,647,234
255.59,632,234
256.38,632,233
257.17,632,235
257.98,632,234
258.79,632,237
259.60,616,235
260.41,601,224
261.22,585,226
262.03,570,224
262.84,554,229
263.65,538,227
264.46,538,229
265.27,523,230
266.08,523,229
266.87,507,230
267.66,499,230
268.44,495,231
269.23,485,231
270.02,480,233
270.81,469,233
271.59,456,233
272.38,450,230
273.17,440,233
273.96,427,232
274.74,421,234
275.53,410,233
276.36,405,235
277.16,402,234
277.97,401,233
278.77,400,235
279.57,400,233
280.37,393,234
281.18,389,235
281.98,394,234
282.78,390,233
283.58,388,234
284.39,387,235
285.19,386,236
285.98,386,234
286.83,400,234
287.68,400,235
288.53,381,235
289.38,371,234
290.23,366,234
291.07,376,235
291.92,388,233
292.77,401,235
293.62,408,235
294.47,419,221
295.32,819,223
296.08,834,224
296.87,834,226
297.67,834,227
298.46,866,229
299.25,897,233
300.05,866,237
300.84,788,228
301.64,756,229
302.43,507,212
303.22,507,210
304.02,772,215
304.81,772,213
305.64,476,211
306.42,453,210
307.21,448,151
307.99,439,138
308.77,441,142
309.55,386,161
310.34,386,177
311.12,374,155
311.90,354,190
312.68,134,213
313.47,154,218
314.25,164,222
315.08,169,226
315.87,171,228
316.67,172,228
317.46,173,233
318.25,173,230
319.05,161,230
319.84,155,233
320.64,152,231
321.43,150,232
322.22,162,232
323.02,168,235
323.81,158,232
324.61,166,232
325.40,157,229
326.20,165,226
326.99,169,224
327.78,171,220
328.58,172,217
329.37,193,210
330.17,444,180
330.96,460,190
331.75,468,180
332.55,472,171
333.34,554,225
334.17,554,231
334.98,538,231
335.78,538,235
336.59,554,234
337.40,538,233
338.21,538,231
339.01,538,235
339.82,538,232
340.63,523,236
341.44,538,235
342.24,538,231
343.05,523,232
343.85,523,234
344.63,523,233
345.40,523,231
346.18,523,235
346.96,523,233
347.74,499,221
348.51,386,227
349.29,374,230
350.07,368,234
350.85,365,236
351.62,363,233
352.40,374,233
352.90,380,224
353.69,459,222
354.48,475,232
355.27,507,236
356.06,523,232
356.85,523,227
357.64,523,212
358.43,322,210
359.22,476,219
0.01,453,222
0.80,386,216
1.59,367,164
2.45,364,164
3.25,343,190
4.05,326,142
4.85,554,222
5.65,538,229
6.45,538,231
7.25,538,235
8.05,538,234
8.85,538,232
9.65,538,235
10.45,538,232
11.25,554,232
12.05,554,231
12.84,616,212
13.64,309,222
14.43,302,230
15.22,298,223
16.01,303,215
16.81,585,220
17.60,362,217
18.39,355,217
19.18,345,221
19.98,333,230
20.77,327,220
21.56,311,213
22.31,289,190
23.07,285,211
23.82,283,213
24.58,289,211
25.33,292,221
26.09,280,236
26.84,274,240
27.60,284,231
28.35,296,224
29.11,444,228
29.86,444,229
30.61,437,232
31.41,426,235
32.21,420,234
33.01,410,235
33.81,405,234
34.61,402,233
35.41,401,230
36.21,393,234
37.01,389,234
37.81,387,233
38.61,374,234
39.41,368,232
40.24,358,234
41.03,360,233
41.83,354,235
42.62,344,232
43.41,339,229
44.21,330,233
45.00,326,238
45.80,317,234
46.59,319,233
47.38,314,238
48.18,318,237
48.97,313,235
49.76,317,233
50.54,313,236
51.31,311,239
52.09,310,236
52.87,309,235
53.65,309,239
54.42,309,236
55.20,302,236
55.98,298,236
56.76,296,236
57.53,295,237
58.31,295,237
59.10,295,238
59.92,288,236
60.73,278,235
61.55,280,239
62.37,281,237
63.18,281,236
64.00,281,239
64.81,281,236
65.63,281,236
66.45,281,235
67.26,281,238
68.08,281,237
68.87,274,237
69.66,271,239
70.46,276,236
71.25,272,237
72.04,277,237
72.84,279,240
73.63,273,238
74.43,270,233
75.22,276,230
76.01,279,237
76.81,273,237
77.60,270,236
78.35,262,237
79.13,265,238
79.92,266,237
80.70,241,236
81.48,241,234
82.27,234,230
83.05,224,233
83.84,226,232
84.62,233,233
85.40,237,232
86.19,239,231
86.97,240,233
87.77,261,233
88.56,271,231
89.36,276,234
90.15,279,236
90.94,280,236
91.73,281,236
92.53,281,236
93.32,281,237
94.11,274,239
94.90,271,236
95.70,269,238
96.49,262,237
97.28,258,240
98.02,256,238
98.77,255,238
99.51,241,234
100.26,241,237
101.00,234,234
101.75,237,237
102.49,239,235
103.24,233,236
103.98,237,239
104.73,241,236
105.47,241,237
106.30,244,239
107.10,242,237
107.91,245,238
108.71,243,238
109.51,255,238
110.31,255,239
111.12,261,238
111.92,241,236
112.72,254,239
113.52,309,238
114.33,309,238
115.13,315,234
115.93,312,221
116.72,303,106
117.52,285,103
118.31,276,155
119.10,241,213
119.89,234,219
120.69,231,218
121.48,229,215
122.27,235,214
123.06,238,206
123.86,233,210
124.65,230,212
125.45,229,211
126.24,235,213
127.03,238,213
127.82,233,219
128.61,230,228
129.40,222,218
130.19,225,216
130.98,233,226
131.77,237,234
132.56,239,229
133.35,240,220
134.14,240,214
134.93,243,193
135.75,246,210
136.57,243,200
137.39,246,200
138.21,257,145
139.03,309,145
139.85,288,151
140.67,278,184
141.49,273,180
142.31,277,180
143.13,272,132
143.95,270,151
144.70,276,145
145.50,119,48
146.29,153,48
147.09,282,132
147.89,275,138
148.68,298,138
149.48,296,151
150.27,295,171
151.07,302,168
151.87,305,161
152.66,307,148
153.46,321,174
154.29,315,197
155.10,325,126
155.91,601,220
156.72,585,229
157.53,335,218
158.34,335,222
159.15,335,225
159.96,335,234
160.77,328,232
161.58,325,235
162.39,317,235
163.20,313,233
164.03,311,235
164.82,310,236
165.61,316,231
166.40,319,233
167.19,327,236
167.98,331,233
168.77,346,216
169.56,1489,226
170.35,1489,228
171.14,1505,218
171.93,6305,212
172.72,1489,216
173.51,1489,221
174.30,538,218
175.10,523,225
175.89,538,231
176.68,523,230
177.48,507,226
178.27,523,222
179.07,523,216
179.86,174,217
180.65,181,222
181.45,177,231
182.24,182,235
183.03,178,226
183.83,176,222
184.64,188,220
185.44,161,226
186.24,140,238
187.05,129,243
187.85,116,240
188.66,110,241
189.46,114,245
190.26,116,240
191.07,117,242
191.87,110,244
192.73,114,240
193.52,116,238
194.31,125,225
195.10,149,229
195.89,161,232
196.68,167,232
197.47,170,238
198.26,172,234
199.05,173,232
199.84,180,225
200.63,210,225
201.42,225,230
202.18,226,227
202.99,233,224
203.80,237,226
204.61,239,223
205.42,881,215
206.23,881,224
207.03,866,230
207.84,897,226
208.65,912,231
209.46,928,240
210.27,554,218
211.08,538,225
211.84,538,229
212.60,523,231
213.37,523,229
214.13,523,231
214.89,507,232
215.66,507,231
216.42,499,231
217.19,507,233
217.95,507,233
218.71,507,235
219.48,507,232
220.24,499,230
221.07,507,233
221.86,522,233
222.65,522,235
223.44,538,232
224.23,538,234
225.02,553,234
225.81,553,232
226.60,553,235
227.39,553,233
228.18,553,231
228.97,585,235
229.76,585,233
230.55,585,235
231.36,569,233
232.16,585,235
232.97,585,233
233.78,600,235
234.58,600,232
235.39,600,236
236.19,616,237
237.00,616,233
237.81,616,234
238.61,616,235
239.42,616,235
240.18,647,232
240.96,647,238
241.73,647,230
242.51,647,233
243.29,647,232
244.07,647,237
244.84,647,235
245.62,647,238
246.40,663,238
247.18,663,239
247.95,647,237
248.73,647,235
249.56,647,238
250.35,647,236
251.14,663,238
251.93,647,235
252.72,647,235
253.51,647,237
254.30,647,235
255.09,647,235
255.88,631,234
256.67,631,236
257.46,631,233
258.25,631,234
259.04,631,238
259.84,616,230
260.65,600,226
261.45,585,225
262.25,569,227
263.05,553,229
263.86,538,229
264.66,522,229
265.46,522,231
266.26,522,229
267.07,507,229
267.87,499,232
268.67,487,230
269.48,481,231
270.29,478,237
271.10,461,232
271.91,452,232
272.72,440,233
273.53,434,234
274.34,424,236
275.15,419,234
275.96,417,234
276.77,408,233
277.58,404,233
278.33,394,234
279.12,397,234
279.92,398,235
280.71,399,236
281.50,392,235
282.30,388,233
283.09,386,233
283.89,393,233
284.68,396,234
285.47,398,237
286.27,399,236
287.06,399,236
287.85,392,234
288.67,388,235
289.48,375,233
290.30,380,237
291.12,382,234
291.93,391,232
292.75,395,234
293.56,405,233
294.38,818,217
295.20,818,223
296.01,834,224
296.83,834,224
297.62,850,226
298.42,865,231
299.21,881,235
300.01,850,237
300.81,772,229
301.60,772,224
302.40,507,212
303.19,756,212
303.99,772,213
304.79,772,213
305.58,476,203
306.38,452,190
307.18,448,142
307.98,431,171
308.78,415,151
309.58,400,190
310.38,392,158
311.18,388,151
311.97,174,187
312.77,180,216
313.57,177,220
314.37,175,223
315.17,174,223
315.97,174,227
316.80,161,229
317.59,167,231
318.38,158,230
319.17,153,230
319.96,151,231
320.75,150,232
321.54,149,232
322.33,161,232
323.12,155,233
323.91,164,230
324.70,169,230
325.49,171,229
326.32,172,226
327.11,173,223
327.91,173,218
328.70,180,214
329.49,183,206
330.29,476,203
331.08,476,190
331.88,476,197
332.67,553,212
333.46,553,227
334.26,553,229
335.05,538,232
335.84,538,234
336.68,538,233
337.52,538,233
338.36,538,232
339.20,538,232
340.04,538,232
340.88,522,235
341.72,522,232
342.56,522,235
343.40,522,235
344.24,522,235
345.08,522,234
345.88,522,234
346.60,522,232
347.32,522,231
348.04,385,222
348.76,385,226
349.48,373,231
350.20,367,236
350.92,364,235
351.64,363,237
352.36,374,229
353.08,379,227
353.80,459,222
354.60,475,232
355.39,507,235
356.19,507,233
356.98,522,227
357.77,553,212
358.57,538,211
359.36,476,221
0.16,400,226
0.95,392,215
1.74,377,164
2.54,322,145
3.33,335,180
4.12,538,210
4.91,538,225
5.71,538,231
6.50,538,233
7.29,538,234
8.08,538,231
8.88,538,233
9.67,538,235
10.46,553,232
11.25,553,233
12.05,553,229
12.84,335,211
13.67,321,225
14.46,308,231
15.25,301,220
16.04,304,215
16.83,319,216
17.62,340,219
18.42,344,218
19.21,339,224
20.00,330,231
20.79,332,221
21.58,313,214
22.37,297,212
22.97,302,211
23.76,291,212
24.56,286,210
25.35,283,222
26.15,268,236
26.94,274,239
27.74,284,231
28.53,296,219
29.33,444,228
30.12,444,232
30.92,436,237
31.71,425,233
32.50,420,235
33.28,410,236
34.06,405,232
34.84,402,235
35.62,401,231
36.40,393,233
37.18,389,233
37.96,387,234
38.74,374,232
39.52,368,235
40.30,365,234
41.08,357,231
41.83,346,235
42.62,340,234
43.42,337,227
44.21,336,234
45.01,335,237
45.80,328,235
46.60,318,233
47.39,320,234
48.19,321,236
48.98,321,234
49.78,321,236
50.57,321,233
51.33,314,234
52.11,311,236
52.88,309,236
53.66,308,238
54.44,301,237
55.21,298,235
55.99,296,237
56.76,295,235
57.54,295,237
58.32,295,236
59.09,295,239
59.87,288,236
60.66,278,234
61.48,279,237
62.30,280,237
63.12,280,236
63.94,280,240
64.76,280,236
65.57,280,238
66.39,280,236
67.21,280,236
68.03,280,237
68.85,280,238
69.67,280,238
70.46,280,234
71.25,280,238
72.04,280,236
72.83,280,238
73.62,280,237
74.41,280,235
75.21,280,231
76.00,280,233
76.79,280,235
77.58,280,237
78.37,274,235
79.16,271,236
80.03,262,236
80.77,265,234
81.51,241,234
82.25,234,234
82.99,224,234
83.73,226,233
84.47,233,232
85.21,230,232
85.95,239,230
86.69,240,233
87.43,260,232
88.17,270,231
88.96,275,236
89.74,271,234
90.53,269,237
91.31,261,235
92.09,257,234
92.88,262,237
93.66,265,237
94.45,266,238
95.23,267,238
96.01,260,240
96.80,257,240
97.58,241,237
98.33,244,236
99.12,242,235
99.91,235,236
100.70,240,236
101.49,243,237
102.28,235,237
103.08,238,238
103.87,242,238
104.66,245,236
105.45,256,238
106.24,255,238
107.03,255,238
107.90,261,237
108.73,264,241
109.55,266,241
110.38,267,239
111.20,267,240
112.03,267,237
112.85,267,233
113.68,281,240
114.50,295,237
115.33,295,233
116.15,315,214
116.98,298,64
117.77,241,119
118.57,234,210
119.36,237,214
120.16,232,221
120.96,230,216
121.76,235,213
122.55,238,211
123.35,239,211
124.15,233,210
124.95,230,212
125.74,235,212
126.54,238,214
127.34,239,214
128.12,233,222
128.89,223,226
129.67,218,215
130.45,216,214
131.22,228,226
132.00,228,235
132.77,234,227
133.55,239,220
134.33,243,212
135.10,255,210
135.88,255,168
136.71,255,193
137.52,255,174
138.33,261,132
139.15,264,151
139.96,266,151
140.77,287,151
141.58,277,158
142.39,272,142
143.20,270,193
144.02,276,197
144.83,279,129
145.64,294,54
146.44,104,42
147.23,309,155
148.03,302,138
148.82,305,122
149.61,300,145
150.41,304,158
151.20,306,142
152.00,300,158
152.79,311,135
153.58,316,161
154.38,319,177
155.17,334,164
155.96,585,227
156.77,585,227
157.58,335,222
158.39,328,221
159.20,331,228
160.01,333,230
160.82,327,232
161.63,318,237
162.44,313,232
163.25,311,233
164.06,310,236
164.87,309,236
165.62,315,234
166.44,325,234
167.25,330,235
168.07,339,228
168.89,1489,218
169.70,1489,229
170.52,1489,229
171.33,6352,211
172.15,6321,184
172.97,1489,220
173.78,1489,221
174.60,538,224
175.39,538,227
176.18,538,230
176.98,523,230
177.77,523,226
178.56,523,221
179.36,523,214
180.15,214,220
180.95,201,228
181.74,187,233
182.53,168,230
183.33,171,218
184.12,172,219
184.92,180,221
185.73,149,235
186.55,141,240
187.36,122,243
188.17,113,243
188.98,108,240
189.80,113,238
190.61,116,240
191.42,110,243
192.23,114,245
193.05,116,239
193.86,110,227
194.72,129,228
195.51,151,233
196.30,169,233
197.09,171,233
197.88,160,238
198.67,167,235
199.46,177,231
200.25,209,225
201.04,225,229
201.83,233,227
202.62,230,228
203.41,235,226
204.20,238,224
204.99,239,215
205.79,881,217
206.58,881,229
207.37,881,228
208.17,897,227
208.96,912,238
209.76,928,231
210.55,538,225
211.34,538,227
212.14,538,230
212.93,523,227
213.73,507,232
214.52,507,230
215.32,507,234
216.11,507,232
216.90,499,230
217.69,507,234
218.49,507,232
219.28,507,232
220.07,507,230
220.86,507,232
221.66,523,231
222.45,523,234
223.21,523,232
224.00,538,236
224.80,554,232
225.59,554,235
226.38,554,236
227.18,538,233
227.97,554,235
228.77,585,232
229.56,585,234
230.35,585,237
231.15,601,234
231.94,585,234
232.83,585,235
233.62,585,235
234.42,601,233
235.21,601,233
236.00,616,232
236.80,616,236
237.59,616,234
238.39,616,236
239.18,616,235
239.97,632,232
240.77,632,237
241.56,647,234
242.36,647,233
243.14,647,233
243.92,647,235
244.70,647,235
245.48,663,238
246.26,663,238
247.03,663,236
247.81,647,238
248.59,647,235
249.37,647,237
250.15,647,238
250.93,663,238
251.69,647,238
252.48,647,238
253.28,647,237
254.07,647,235
254.86,647,233
255.66,647,235
256.45,647,232
257.25,632,236
258.04,632,234
258.83,632,236
259.63,632,238
260.42,601,226
261.25,585,225
262.02,569,227
262.80,554,229
263.57,554,230
264.34,538,230
265.12,523,230
265.89,523,231
266.67,507,231
267.44,507,230
268.21,499,231
268.99,487,234
269.76,481,232
270.55,470,232
271.36,457,232
272.16,443,233
272.97,436,234
273.78,425,234
274.58,420,234
275.39,417,231
276.19,408,237
277.00,404,233
277.81,402,232
278.61,401,233
279.42,400,231
280.14,393,231
280.93,389,233
281.73,394,235
282.52,397,233
283.31,398,234
284.11,399,235
284.90,399,235
285.70,399,234
286.49,399,234
287.28,392,237
288.08,389,233
288.87,375,234
289.74,368,232
290.57,365,236
291.40,375,237
292.23,395,233
293.06,405,237
293.89,417,231
294.71,819,218
295.54,819,223
296.37,834,224
297.20,850,226
298.03,850,227
298.86,866,232
299.65,881,236
300.45,834,234
301.26,756,233
302.06,772,217
302.86,523,200
303.66,788,212
304.47,788,212
305.27,756,211
306.07,444,210
306.87,437,177
307.68,426,177
308.48,420,187
309.27,410,155
310.06,398,180
310.85,380,193
311.64,390,142
312.43,174,212
313.22,174,216
314.02,174,222
314.81,174,224
315.60,174,225
316.39,174,228
317.18,174,230
317.97,161,230
318.80,167,230
319.59,170,230
320.38,152,232
321.17,163,232
321.96,168,235
322.75,158,231
323.55,166,233
324.34,157,231
325.13,165,232
325.92,169,227
326.71,171,224
327.50,172,221
328.33,173,219
329.17,193,211
330.01,190,168
330.85,476,180
331.69,476,200
332.53,483,151
333.38,523,216
334.22,554,229
335.06,538,231
335.90,554,232
336.74,538,230
337.58,538,234
338.37,538,233
339.16,538,233
339.96,538,235
340.75,523,233
341.54,523,234
342.34,523,233
343.13,523,233
343.93,523,233
344.72,523,235
345.51,523,235
346.31,523,231
347.10,523,232
347.90,523,226
348.59,386,222
349.29,374,227
349.98,368,234
350.67,358,236
351.37,360,238
352.06,373,239
352.76,379,229
353.45,382,221
354.14,476,228
354.84,523,235
355.53,523,236
356.36,523,231
357.15,538,221
357.94,322,211
358.73,507,213
359.52,430,223
0.31,408,225
1.11,397,214
1.90,335,164
2.69,322,129
3.48,335,184
4.27,554,212
5.06,538,228
5.86,538,231
6.65,538,233
7.44,538,233
8.23,538,233
9.02,554,234
9.81,554,233
10.59,554,234
11.38,554,233
12.17,554,224
12.96,322,213
13.75,308,228
14.54,301,228
15.33,298,220
16.12,303,216
16.91,362,217
17.70,362,217
18.49,348,216
19.28,335,227
20.07,328,227
20.86,331,216
21.65,313,210
22.44,304,210
23.23,293,212
24.02,287,211
24.85,284,190
25.64,283,232
26.43,282,237
27.22,282,236
28.01,288,229
28.80,444,222
29.60,444,230
30.39,444,231
31.18,437,234
31.97,426,233
32.76,420,233
33.55,410,233
34.30,405,236
35.08,402,231
35.87,401,232
36.65,393,233
37.43,377,234
38.22,369,234
39.00,365,234
39.79,363,233
40.57,356,235
41.35,352,232
42.14,343,231
42.92,339,232
43.67,337,230
44.49,329,238
45.30,332,235
46.12,327,237
46.94,324,237
47.75,323,234
48.57,322,237
49.38,315,236
50.20,318,237
51.02,313,236
51.83,311,237
52.65,310,237
53.44,309,236
54.23,302,237
55.03,298,238
55.82,296,236
56.62,295,240
57.41,295,239
58.21,295,236
59.00,295,240
59.80,295,236
60.59,281,234
61.39,281,237
62.18,281,237
62.97,288,238
63.73,285,239
64.50,283,237
65.26,282,237
66.02,282,237
66.78,282,237
67.55,282,237
68.31,282,237
69.07,282,238
69.83,282,241
70.60,282,239
71.36,282,238
72.16,282,235
72.96,282,236
73.75,282,238
74.55,282,233
75.35,282,235
76.15,275,237
76.94,271,238
77.74,263,239
78.54,265,234
79.34,266,236
80.13,267,236
80.93,261,235
81.69,241,234
82.49,227,233
83.29,220,234
84.09,230,231
84.89,235,234
85.69,231,231
86.48,240,232
87.28,254,230
88.08,261,230
88.88,271,232
89.68,276,237
90.48,279,235
91.31,280,235
92.07,274,235
92.84,264,238
93.60,266,238
94.36,267,234
95.12,267,237
95.89,261,238
96.65,258,240
97.41,256,238
98.17,255,236
98.94,241,235
99.70,244,236
100.46,236,236
101.26,240,235
102.05,240,236
102.85,243,235
103.65,246,236
104.45,250,237
105.24,241,236
106.04,244,237
106.84,246,240
107.64,257,239
108.43,241,240
109.23,254,239
110.03,261,238
110.83,258,239
111.64,263,239
112.44,265,237
113.24,273,237
114.04,291,238
114.85,300,231
115.65,304,234
116.45,319,211
117.25,241,93
118.06,241,103
118.86,241,200
119.61,241,217
120.37,234,220
121.14,231,216
121.90,229,213
122.66,235,211
123.43,295,200
124.19,281,211
124.96,228,213
125.72,234,211
126.48,237,212
127.25,239,214
128.01,226,223
128.84,220,229
129.63,224,215
130.43,232,216
131.22,236,231
132.01,232,233
132.81,236,224
133.60,238,220
134.40,242,213
135.19,255,177
135.98,228,193
136.78,234,171
137.57,239,174
138.37,243,142
139.18,246,132
139.98,257,171
140.79,262,177
141.59,265,193
142.40,266,171
143.20,267,197
144.01,267,164
144.81,274,132
145.62,89,54
146.42,81,54
147.23,282,119
148.03,288,155
148.82,291,148
149.62,293,177
150.41,294,187
151.20,294,148
152.00,301,180
152.79,305,164
153.59,313,184
154.38,311,142
155.17,323,148
155.97,585,226
156.76,585,225
157.47,335,221
158.27,335,224
159.06,335,227
159.86,328,229
160.66,331,231
161.46,326,236
162.25,324,234
163.05,316,232
163.85,312,234
164.65,310,235
165.44,316,235
166.24,325,234
167.03,323,233
167.85,329,229
168.66,1505,214
169.48,1489,227
170.29,1489,229
171.11,1505,214
171.92,6321,213
172.74,1489,215
173.55,1489,221
174.37,538,218
175.18,538,225
176.00,538,230
176.83,523,229
177.62,507,225
178.41,507,223
179.19,523,216
179.98,201,215
180.77,187,226
181.56,180,231
182.35,177,236
183.14,182,223
183.92,178,221
184.71,183,219
185.50,151,228
186.29,135,238
187.08,127,241
187.88,115,241
188.67,102,240
189.46,95,241
190.25,99,241
191.05,109,243
191.84,106,241
192.63,112,240
193.42,115,235
194.22,132,226
195.01,153,228
195.80,163,235
196.61,168,233
197.42,171,239
198.23,172,231
199.04,173,227
199.85,207,224
200.65,224,227
201.46,232,226
202.27,236,230
203.08,238,226
203.89,239,228
204.70,243,223
205.50,881,217
206.29,881,225
207.08,881,230
207.87,897,229
208.66,912,235
209.45,943,236
210.25,554,226
211.04,554,228
211.83,538,232
212.62,523,230
213.41,507,228
214.20,507,230
214.99,507,232
215.81,507,232
216.62,499,230
217.44,495,232
218.25,507,233
219.07,507,235
219.88,507,230
220.70,507,231
221.51,523,234
222.33,523,234
223.14,538,234
223.96,538,230
224.76,538,235
225.55,554,233
226.35,554,233
227.14,554,233
227.93,554,233
228.72,585,231
229.52,585,235
230.31,585,233
231.10,601,232
231.89,585,234
232.69,585,235
233.48,585,233
234.24,601,233
235.03,601,234
235.83,601,234
236.62,616,235
237.41,601,233
238.21,616,237
239.00,616,233
239.80,632,232
240.59,647,236
241.38,647,234
242.18,647,231
242.97,647,235
243.80,647,236
244.57,647,238
245.35,663,235
246.12,663,237
246.89,663,237
247.66,663,237
248.44,647,236
249.21,647,236
249.98,647,238
250.75,663,240
251.53,647,236
252.30,647,235
253.10,647,235
253.90,647,237
254.69,647,238
255.49,632,236
256.29,632,236
257.09,647,233
257.88,632,235
258.68,632,236
259.48,616,235
260.28,601,227
261.07,585,224
261.87,569,227
262.90,554,228
263.69,538,227
264.49,538,226
265.28,523,229
266.07,523,229
266.87,507,230
267.66,507,232
268.46,499,231
269.25,487,232
270.04,489,232
270.84,474,231
271.63,459,233
272.43,444,232
273.26,437,233
274.09,426,237
274.93,420,235
275.76,417,235
276.59,408,235
277.42,404,236
278.25,402,233
279.08,401,233
279.92,393,235
280.75,389,233
281.58,394,233
282.34,397,232
283.14,398,233
283.94,399,235
284.74,399,234
285.54,399,234
286.34,399,236
287.15,399,236
287.95,392,235
288.75,389,234
289.55,375,236
290.35,380,232
291.15,383,237
291.87,391,235
292.66,403,232
293.45,409,236
294.24,419,222
295.03,819,222
295.82,818,224
296.60,834,225
297.39,834,226
298.18,850,228
298.97,881,232
299.76,865,238
300.55,834,230
301.38,756,232
302.18,803,213
302.99,787,210
303.79,772,215
304.59,772,212
305.39,459,210
306.20,451,193
307.00,440,210
307.80,427,168
308.60,413,190
309.41,414,180
310.21,399,164
311.00,392,158
311.79,174,206
312.59,174,214
313.38,174,219
314.18,174,222
314.97,174,223
315.77,161,227
316.56,167,229
317.36,170,230
318.15,159,230
318.95,154,230
319.74,164,232
320.53,156,233
321.32,165,230
322.12,169,234
322.91,171,230
323.71,160,233
324.50,167,230
325.30,170,229
326.09,172,226
326.89,173,222
327.68,180,220
328.48,190,213
329.27,195,174
330.10,476,206
330.94,476,200
331.77,476,168
332.61,553,203
333.45,538,226
334.29,553,232
335.12,553,232
335.96,553,232
336.80,538,232
337.64,538,233
338.47,538,233
339.31,538,231
340.10,538,230
340.89,538,231
341.69,538,232
342.48,538,230
343.27,522,230
344.07,522,233
344.86,522,233
345.66,522,233
346.45,522,233
347.24,522,232
348.04,499,219
348.83,385,226
349.62,373,232
350.34,361,234
351.07,361,238
351.79,373,238
352.52,379,231
353.24,382,225
353.97,476,222
354.69,483,232
355.42,522,234
356.14,522,235
356.87,522,229
357.59,538,216
358.34,322,210
359.13,459,219
359.93,400,223
0.72,392,218
1.51,370,138
2.31,346,142
3.10,334,145
3.90,334,155
4.69,522,222
5.48,538,234
6.28,538,234
7.07,538,233
7.97,538,234
8.76,553,231
9.55,553,235
10.34,538,234
11.13,553,231
11.92,569,229
12.71,585,212
13.50,295,222
14.29,295,232
15.08,295,223
15.87,301,216
16.66,585,216
17.42,362,219
18.20,355,216
18.99,345,219
19.77,333,232
20.55,327,223
21.34,311,214
22.12,303,211
22.91,292,211
23.69,286,212
24.47,283,211
25.26,289,216
26.04,285,236
26.83,276,239
27.62,278,232
28.41,293,225
29.20,444,227
29.99,444,233
30.78,436,234
31.57,432,231
32.36,423,232
33.15,419,233
33.94,409,234
34.73,404,232
35.52,402,233
36.39,393,233
37.13,389,233
37.88,387,234
38.62,374,232
39.36,368,233
40.11,365,232
40.85,363,233
41.60,356,235
42.34,352,232
43.08,343,229
43.83,339,233
44.57,337,233
45.40,336,234
46.19,329,235
46.98,325,237
47.77,316,236
48.56,319,233
49.35,320,238
50.14,314,236
50.93,311,236
51.72,309,235
52.51,308,234
53.30,301,235
54.09,304,238
54.88,306,238
55.67,300,240
56.46,297,238
57.25,296,236
58.04,295,236
58.83,295,240
59.62,295,235
60.41,288,236
61.20,284,235
61.99,282,239
62.78,281,238
63.57,281,238
64.44,281,238
65.21,281,236
65.97,281,238
66.74,281,237
67.51,281,239
68.28,281,239
69.04,274,238
69.81,277,237
70.58,279,237
71.35,280,240
72.11,280,237
72.88,280,239
73.67,280,234
74.47,274,235
75.27,271,232
76.07,276,236
76.87,278,234
77.67,273,238
78.47,270,238
79.27,269,236
80.07,241,235
80.87,244,234
81.67,242,234
82.47,228,234
83.22,221,232
84.01,231,233
84.80,229,231
85.59,228,230
86.38,234,235
87.17,251,230
87.96,266,232
88.75,273,234
89.54,277,235
90.33,279,235
91.12,280,235
91.91,274,236
92.74,277,236
93.51,279,234
94.28,273,235
95.05,263,234
95.82,258,239
96.59,241,238
97.37,244,238
98.14,246,237
98.91,243,236
99.68,242,237
100.45,241,235
101.22,244,235
102.05,242,238
102.84,241,236
103.64,241,237
104.43,241,237
105.22,241,239
106.01,244,240
106.81,246,238
107.60,250,236
108.39,259,238
109.18,263,239
109.98,241,238
110.77,254,238
111.57,261,238
112.39,264,240
113.22,272,237
114.04,283,239
114.86,295,233
115.68,301,230
116.51,298,190
117.33,241,106
118.15,244,119
118.97,242,210
119.80,235,219
120.62,231,221
121.37,229,217
122.15,235,212
122.92,239,212
123.70,240,210
124.48,234,210
125.26,239,211
126.03,240,212
126.81,234,212
127.59,237,217
128.37,232,224
129.14,223,225
129.92,218,215
130.68,227,219
131.47,234,234
132.27,231,234
133.06,236,223
133.85,258,217
134.64,241,211
135.44,244,190
136.23,246,210
137.02,263,210
137.81,272,161
138.61,263,148
139.40,272,168
140.23,270,135
141.05,275,135
141.86,291,109
142.68,279,180
143.50,273,168
144.31,277,138
145.13,104,84
145.94,139,51
146.76,183,71
147.58,281,145
148.39,281,168
149.21,288,161
150.00,298,171
150.80,303,148
151.61,299,180
152.41,303,145
153.21,312,145
154.02,317,187
154.82,312,155
155.63,600,211
156.43,585,226
157.23,569,220
158.04,335,224
158.84,328,223
159.70,331,231
160.49,326,233
161.28,324,235
162.07,316,236
162.86,312,234
163.65,310,233
164.44,309,235
165.23,315,234
166.02,318,232
166.81,326,234
167.60,330,232
168.39,346,219
169.19,1489,221
169.98,1489,229
170.78,1489,225
171.57,6320,213
172.36,1473,206
173.15,1489,221
173.95,1489,219
174.74,538,226
175.53,538,226
176.32,538,229
177.12,507,227
177.91,507,224
178.67,507,220
179.49,174,214
180.30,174,222
181.12,174,228
181.94,174,236
182.75,181,228
183.57,184,220
184.38,179,219
185.20,176,223
186.02,155,236
186.83,137,244
187.65,113,241
188.44,108,238
189.23,106,242
190.02,105,240
190.81,104,240
191.60,104,242
192.39,104,245
193.18,104,234
193.97,119,226
194.76,134,224
195.55,154,234
196.34,164,229
197.13,169,235
197.92,171,238
198.73,172,232
199.55,173,225
200.36,200,224
201.17,220,227
201.99,224,228
202.80,232,229
203.62,236,226
204.43,238,222
205.24,242,214
206.06,881,218
206.87,866,227
207.62,881,228
208.41,912,232
209.21,912,240
210.00,943,220
210.79,554,225
211.59,538,229
212.38,523,229
213.18,523,228
213.97,523,230
214.76,507,233
215.56,507,232
216.35,507,232
217.18,507,232
217.95,499,233
218.73,507,234
219.50,507,232
220.27,507,230
221.05,507,231
221.82,523,232
222.60,523,231
223.37,538,232
224.14,538,234
224.92,554,235
225.69,554,234
226.48,554,235
227.28,538,231
228.09,570,233
228.89,585,232
229.69,585,236
230.50,601,235
231.30,585,230
232.11,585,236
232.91,585,236
233.71,601,233
234.52,570,232
235.32,601,238
236.11,616,236
236.90,616,235
237.70,616,235
238.49,616,236
239.28,632,236
240.08,632,232
240.87,647,237
241.67,647,234
242.46,647,235
243.25,647,235
244.05,647,237
244.84,647,236
245.67,663,236
246.47,663,237
247.27,663,237
248.07,647,237
248.87,647,234
249.67,647,234
250.46,647,237
251.26,647,239
252.06,647,237
252.86,647,237
253.66,647,236
254.46,647,234
255.26,647,236
256.04,632,233
256.81,647,234
257.59,647,235
258.37,632,236
259.14,632,237
259.92,616,232
260.69,601,226
261.47,585,225
262.25,570,226
263.02,554,230
263.80,538,229
264.59,523,229
265.39,523,229
266.18,523,227
266.98,507,230
267.78,499,230
268.58,495,230
269.37,485,233
270.17,480,235
270.97,469,231
271.77,457,232
272.56,443,231
273.36,436,232
274.11,425,235
274.90,420,234
275.68,417,236
276.47,409,234
277.26,405,234
278.05,403,234
278.83,402,234
279.62,401,234
280.41,401,233
281.20,401,235
281.98,401,234
282.77,401,234
283.56,401,235
284.37,401,233
285.17,393,233
285.98,389,232
286.79,402,237
287.59,401,233
288.40,393,233
289.20,377,236
290.01,369,234
290.82,377,235
291.62,389,235
292.43,402,235
293.22,408,233
294.02,419,227
294.81,819,221
295.61,835,224
296.41,835,227
297.21,850,226
298.00,850,227
298.80,881,232
299.60,866,241
300.40,835,232
301.19,757,231
301.99,788,214
302.74,507,210
303.57,757,214
304.41,757,213
305.24,772,210
306.07,459,177
306.90,444,135
307.74,437,168
308.57,386,155
309.40,393,161
310.23,389,177
311.07,395,180
311.90,89,145
312.73,138,213
313.52,156,220
314.31,165,221
315.10,169,226
315.89,171,228
316.68,172,227
317.47,173,228
318.26,161,230
319.05,155,231
319.84,164,233
320.63,169,232
321.42,171,232
322.18,172,234
322.98,160,234
323.78,154,230
324.58,164,230
325.38,169,229
326.18,171,228
326.98,172,226
327.78,180,220
328.58,197,216
329.38,206,212
330.18,445,158
330.98,468,155
331.74,472,168
332.54,482,184
333.34,554,222
334.15,554,228
334.95,538,232
335.75,554,231
336.55,538,235
337.35,538,230
338.15,538,233
338.96,538,232
339.76,538,231
340.56,523,231
341.39,538,233
342.18,523,231
342.97,523,235
343.76,523,232
344.55,523,234
345.34,523,230
346.12,523,235
346.91,523,231
347.70,507,224
348.49,386,225
349.28,386,231
350.07,374,232
350.86,361,237
351.61,361,240
352.36,373,234
353.10,379,227
353.85,382,221
354.60,476,231
355.35,523,234
356.10,523,234
356.85,523,229
357.59,523,218
358.34,322,203
359.09,476,218
359.89,460,222
0.70,362,218
1.50,381,190
2.31,358,145
3.12,340,158
3.92,338,151
4.73,554,218
5.53,538,231
6.34,538,232
7.15,538,231
7.95,538,235
8.76,538,234
9.56,554,233
10.35,554,234
11.14,554,233
11.92,554,232
12.71,585,212
13.50,309,222
14.29,309,229
15.08,302,224
15.87,305,215
16.65,585,217
17.44,349,216
18.23,349,216
19.06,342,220
19.85,332,231
20.63,327,222
21.42,311,213
22.21,296,211
23.00,289,212
23.78,285,213
24.57,290,210
25.36,292,222
26.15,287,238
26.93,284,238
27.72,289,231
28.48,292,222
29.28,430,229
30.07,430,232
30.87,430,234
31.66,430,234
32.46,422,235
33.25,411,233
34.05,406,233
34.84,403,235
35.64,394,234
36.43,390,235
37.23,388,232
37.94,375,235
38.73,368,231
39.52,365,232
40.30,363,233
41.09,362,231
41.88,349,231
42.67,342,228
43.46,339,230
44.25,330,235
45.03,326,234
45.82,317,235
46.61,319,233
47.48,320,236
48.28,321,237
49.07,321,238
49.87,321,236
50.67,315,236
51.47,312,236
52.26,310,236
53.06,309,238
53.86,302,235
54.66,298,236
55.45,296,237
56.25,295,235
57.00,295,235
57.80,295,235
58.59,295,238
59.39,288,238
60.18,285,236
60.98,276,233
61.77,279,237
62.57,280,237
63.36,274,236
64.16,278,235
64.95,280,239
65.75,281,238
66.55,281,239
67.33,281,239
68.10,274,239
68.88,278,239
69.66,266,238
70.44,274,238
71.21,278,237
71.99,273,239
72.77,277,238
73.55,279,236
74.32,280,234
75.10,281,229
75.89,281,240
76.65,281,238
77.41,281,237
78.18,274,237
78.94,264,235
79.70,259,236
80.46,257,234
81.22,241,237
81.98,234,231
82.75,224,235
83.51,232,230
84.27,236,233
85.02,232,231
85.82,230,232
86.61,236,233
87.41,259,231
88.20,270,234
89.00,276,234
89.79,279,237
90.59,273,233
91.38,270,236
92.18,275,238
92.97,278,236
93.77,279,236
94.53,273,236
95.34,270,239
96.15,262,237
96.96,258,241
97.77,256,239
98.58,241,237
99.39,241,236
100.20,241,237
101.01,244,234
101.82,242,236
102.63,245,239
103.44,247,236
104.24,244,236
105.01,242,238
105.78,241,236
106.55,244,238
107.32,246,239
108.09,250,239
108.87,252,238
109.64,260,238
110.41,257,240
111.18,262,239
111.95,258,237
112.72,269,237
113.55,282,237
114.34,295,236
115.13,295,234
115.93,315,217
116.72,241,93
117.51,261,96
118.30,241,155
119.09,234,217
119.88,231,223
120.68,229,218
121.47,228,215
122.26,221,211
123.05,224,212
123.85,232,211
124.66,236,213
125.46,238,212
126.27,239,212
127.07,240,213
127.88,227,222
128.68,220,227
129.49,217,215
130.29,222,215
131.10,231,228
131.90,229,233
132.72,228,227
133.51,234,217
134.30,251,213
135.09,252,210
135.88,260,187
136.67,257,193
137.45,214,168
138.24,268,119
139.03,281,132
139.82,288,135
140.61,278,193
141.40,279,168
142.50,287,187
143.29,284,148
144.09,282,164
144.88,288,142
145.67,305,71
146.46,134,45
147.26,268,113
148.05,349,132
148.84,281,148
149.63,281,155
150.43,288,158
151.22,298,174
152.01,296,203
152.79,302,161
153.56,305,177
154.34,313,135
155.12,317,145
155.90,585,221
156.67,585,230
157.45,335,218
158.23,335,223
159.01,335,224
159.78,335,231
160.56,328,230
161.36,325,234
162.15,323,239
162.94,315,233
163.74,311,235
164.53,309,234
165.32,315,232
166.11,325,233
166.90,330,231
167.69,332,230
168.49,340,215
169.28,1489,227
170.07,1473,229
170.90,1504,222
171.70,6305,213
172.49,1489,212
173.29,1473,220
174.09,1520,213
174.89,538,225
175.68,538,230
176.48,522,233
177.28,507,227
178.08,507,224
178.87,522,218
179.67,174,217
180.50,174,219
181.31,174,229
182.11,174,236
182.92,174,225
183.73,180,221
184.54,183,220
185.34,158,224
186.15,138,237
186.96,121,241
187.77,112,240
188.57,93,238
189.38,83,240
190.17,93,238
190.96,91,241
191.75,97,244
192.54,100,244
193.33,109,237
194.12,114,226
194.90,131,227
195.69,152,230
196.48,163,232
197.27,168,234
198.06,171,238
198.85,172,236
199.67,179,225
200.46,196,225
201.25,218,226
202.04,223,229
202.83,232,229
203.62,236,228
204.42,238,223
205.21,242,216
206.00,881,220
206.79,881,227
207.58,896,227
208.37,896,228
209.16,912,241
209.95,943,226
210.75,553,227
211.54,538,229
212.34,538,230
213.13,522,229
213.93,507,231
214.72,507,233
215.52,507,231
216.31,499,232
217.11,495,232
217.90,493,232
218.66,492,233
219.45,507,234
220.24,499,227
221.04,507,233
221.83,507,232
222.62,522,236
223.41,538,233
224.20,538,232
224.99,553,235
225.79,553,236
226.58,553,236
227.37,538,232
228.16,553,236
228.96,585,230
229.77,585,235
230.57,600,234
231.37,600,233
232.18,569,235
232.98,585,233
233.79,600,232
234.59,600,233
235.39,600,239
236.20,616,235
237.00,616,234
237.80,616,235
238.60,616,237
239.39,631,233
240.19,631,231
240.98,631,236
241.78,647,238
242.57,647,234
243.37,647,235
244.16,647,233
244.96,647,237
245.75,663,237
246.55,663,236
247.30,663,236
248.08,647,237
248.86,647,234
249.64,647,237
250.42,647,237
251.20,663,238
251.99,647,236
252.77,647,236
253.55,647,238
254.33,647,234
255.11,647,236
255.89,631,237
256.69,631,232
257.46,631,236
258.24,631,234
259.01,631,239
259.78,616,234
260.56,600,229
261.33,585,225
262.11,569,224
262.88,553,226
263.65,538,225
264.43,522,230
265.20,522,231
266.00,522,229
266.79,507,229
267.58,507,228
268.38,499,229
269.17,487,232
269.96,481,235
270.75,470,233
271.54,457,231
272.33,443,233
273.13,429,233
273.92,422,234
274.71,418,236
275.50,409,234
276.33,404,234
277.17,402,232
278.00,401,234
278.83,400,234
279.67,392,232
280.50,388,236
281.34,394,232
282.17,397,233
283.00,398,236
283.84,399,232
284.67,392,233
285.46,396,234
286.26,398,233
287.07,399,236
287.87,392,235
288.67,388,235
289.48,375,235
290.28,368,234
291.09,376,235
291.89,388,234
292.69,401,233
293.50,408,234
294.30,418,222
295.13,818,221
295.92,834,225
296.71,834,226
297.50,850,228
298.29,865,229
299.08,896,236
299.86,865,237
300.65,818,230
301.44,756,226
302.23,772,211
303.02,772,211
303.81,772,215
304.60,756,211
305.40,803,210
306.21,459,155
307.01,451,180
307.81,440,184
308.62,427,168
309.42,413,180
310.23,406,135
311.03,384,158
311.83,149,203
312.64,161,215
313.44,167,220
314.24,170,223
315.03,172,227
315.82,173,229
316.61,161,229
317.40,167,229
318.19,158,232
318.97,153,234
319.76,163,231
320.55,156,233
321.34,152,233
322.13,163,233
322.92,168,230
323.74,171,232
324.53,172,228
325.33,173,229
326.12,173,228
326.91,173,225
327.70,180,222
328.50,183,215
329.29,166,211
330.08,476,187
330.87,476,171
331.67,483,184
332.46,585,174
333.25,553,226
334.07,553,232
334.89,538,232
335.71,538,232
336.53,538,233
337.35,538,233
338.16,538,231
338.98,538,234
339.80,538,233
340.62,538,234
341.44,522,233
342.26,522,232
343.06,522,232
343.85,522,233
344.65,522,234
345.44,522,235
346.23,522,232
347.02,522,231
347.82,385,221
348.61,385,224
349.40,373,229
350.19,367,233
350.99,358,236
351.78,371,234
352.40,378,231
353.17,381,226
353.93,459,221
354.70,475,231
355.47,522,233
356.23,507,237
357.00,522,227
357.76,308,213
358.53,321,210
359.30,476,219
0.06,400,225
0.83,392,217
1.59,322,148
2.40,322,168
3.21,322,193
4.02,415,148
4.83,553,226
5.64,538,235
6.45,538,232
7.26,538,235
8.07,553,233
8.88,538,236
9.69,538,235
10.50,553,233
11.25,553,235
12.04,569,231
12.83,308,211
13.62,308,223
14.41,301,229
15.20,298,221
15.99,310,214
16.78,585,219
17.57,335,218
18.36,348,218
19.15,341,224
19.94,331,230
20.77,319,219
21.53,307,213
22.29,287,210
23.05,277,210
23.81,279,212
24.57,280,203
25.34,287,223
26.10,270,236
26.86,275,237
27.62,285,231
28.38,296,221
29.14,429,228
29.97,436,234
30.77,432,232
31.58,423,233
32.38,419,235
33.18,409,235
33.98,404,233
34.79,394,233
35.59,397,235
36.39,398,234
37.19,391,232
38.00,388,234
38.80,375,232
39.56,368,234
40.36,365,233
41.15,357,233
41.95,346,232
42.75,340,230
43.54,337,232
44.34,329,231
45.13,318,238
45.93,326,234
46.73,317,234
47.52,319,236
48.32,320,234
49.11,321,235
49.89,314,233
50.66,311,235
51.44,309,236
52.22,308,236
53.00,308,239
53.77,308,237
54.55,308,237
55.33,301,237
56.11,298,236
56.88,296,237
57.66,295,238
58.42,295,240
59.22,295,236
60.01,288,236
60.81,278,238
61.61,279,237
62.40,280,237
63.20,280,237
63.99,280,236
64.79,280,237
65.59,280,237
66.38,280,234
67.18,280,238
67.79,274,237
68.59,277,238
69.38,279,238
70.18,280,238
70.98,280,238
71.77,280,240
72.57,280,236
73.36,280,238
74.16,280,237
74.96,280,230
75.75,280,236
76.55,274,235
77.31,271,238
78.07,269,237
78.83,268,237
79.59,268,236
80.35,268,235
81.11,261,233
81.88,214,231
82.64,214,236
83.40,221,230
84.16,224,233
84.92,232,232
85.68,236,232
86.47,252,232
87.26,260,229
88.06,270,233
88.85,275,233
89.64,278,236
90.44,279,234
91.23,280,235
92.03,280,235
92.82,274,235
93.61,277,236
94.41,272,238
95.20,263,237
95.95,258,239
96.78,256,238
97.60,255,238
98.43,241,238
99.26,244,237
100.08,242,233
100.91,241,235
101.73,244,238
102.56,242,234
103.39,241,236
104.21,244,238
105.04,246,239
105.80,250,238
106.58,252,237
107.35,253,239
108.13,253,239
108.91,260,239
109.68,264,239
110.46,259,238
111.23,263,237
112.01,258,237
112.79,269,238
113.56,275,239
114.34,285,237
115.14,290,233
115.93,312,219
116.72,303,106
117.51,201,119
118.30,214,158
119.09,221,214
119.88,224,219
120.67,232,219
121.46,236,215
122.25,238,212
123.04,239,210
123.83,233,210
124.62,230,212
125.43,235,213
126.23,231,211
127.04,229,214
127.85,228,220
128.65,221,228
129.46,217,216
130.26,229,214
131.07,235,226
131.88,231,235
132.68,229,229
133.49,235,220
134.28,239,212
135.08,242,193
135.88,245,164
136.68,243,155
137.48,255,180
138.28,261,138
139.08,241,129
139.88,254,168
140.68,267,148
141.48,274,187
142.28,271,142
143.08,269,174
143.95,268,184
144.74,274,103
145.53,277,71
146.32,74,64
147.11,268,132
147.90,281,161
148.69,288,168
149.48,291,158
150.27,299,164
151.06,303,151
151.85,305,190
152.64,313,148
153.43,310,193
154.24,302,132
155.04,318,145
155.85,585,222
156.66,585,228
157.46,335,220
158.27,328,225
159.07,331,226
159.88,333,231
160.69,334,231
161.49,321,236
162.30,314,236
163.09,311,232
163.89,309,233
164.68,308,237
165.48,321,233
166.28,328,234
167.08,331,236
167.87,333,232
168.67,347,214
169.47,1489,225
170.27,1489,230
171.06,1489,217
171.86,6305,212
172.97,1489,216
173.76,1489,223
174.55,522,218
175.34,538,226
176.13,538,229
176.92,522,230
177.71,522,227
178.50,507,219
179.29,522,216
180.08,174,219
180.87,174,226
181.66,180,231
182.46,183,237
183.26,178,224
184.05,176,219
184.85,188,219
185.65,161,228
186.44,140,240
187.24,129,242
188.03,116,239
188.83,102,238
189.63,103,240
190.42,103,240
191.22,103,241
191.97,103,244
192.77,111,244
193.56,115,232
194.36,124,226
195.16,149,230
195.96,161,233
196.75,167,231
197.55,170,238
198.35,172,237
199.15,179,231
199.94,196,224
200.74,212,225
201.53,226,231
202.31,233,227
203.08,237,227
203.86,239,225
204.64,242,222
205.42,881,217
206.19,865,221
206.97,881,225
207.75,881,227
208.53,912,231
209.30,912,240
210.08,553,221
210.91,553,228
211.68,538,230
212.46,522,231
213.23,522,229
214.00,507,229
214.77,507,233
215.55,507,231
216.32,507,231
217.09,499,231
217.86,507,231
218.64,507,231
219.41,507,232
220.21,507,231
221.01,507,232
221.80,522,231
222.60,522,232
223.40,538,234
224.19,538,234
224.99,553,234
225.78,538,233
226.58,553,234
227.38,553,232
228.17,569,233
228.97,585,232
229.73,585,235
230.52,600,235
231.31,569,231
232.10,585,233
232.89,585,232
233.68,600,233
234.47,569,232
235.26,600,234
236.05,616,235
236.84,616,233
237.63,616,235
238.42,616,233
239.25,616,233
240.05,647,233
240.86,647,236
241.66,647,232
242.46,647,237
243.26,647,237
244.07,647,235
244.87,647,238
245.67,663,236
246.47,663,237
247.28,663,238
248.08,647,236
248.87,647,237
249.67,647,234
250.46,647,237
251.26,647,238
252.06,647,234
252.86,647,235
253.65,647,234
254.45,647,233
255.25,647,233
256.05,631,234
256.84,631,235
257.64,647,235
258.39,647,236
259.18,631,240
259.98,616,230
260.77,600,225
261.56,569,228
262.36,553,226
263.15,553,227
263.95,538,230
264.74,522,230
265.53,522,230
266.33,507,228
267.12,507,230
267.91,499,230
268.70,495,230
269.48,485,234
270.27,480,232
271.06,462,231
271.85,453,231
272.63,441,232
273.42,428,236
274.21,421,236
275.00,418,235
275.78,416,235
276.57,408,234
277.61,404,233
278.41,402,233
279.20,393,233
280.00,396,235
280.80,398,232
281.59,380,233
282.39,390,232
283.18,387,232
283.98,393,232
284.78,396,235
285.57,398,234
286.37,399,236
287.17,399,238
287.99,392,234
288.82,388,237
289.64,386,232
290.46,374,234
291.28,379,235
292.11,397,232
292.93,406,234
293.75,410,236
294.57,818,215
295.40,818,222
296.22,834,225
297.01,834,224
297.80,850,228
298.59,850,229
299.38,865,236
300.17,850,236
300.96,756,232
301.75,772,222
302.54,522,212
303.33,787,212
304.12,772,215
304.91,476,210
305.70,460,177
306.49,444,190
307.32,444,158
308.16,422,177
308.99,411,200
309.82,405,187
310.65,395,168
311.49,378,138
312.32,174,213
313.15,174,216
313.98,174,218
314.82,174,224
315.65,174,226
316.45,174,228
317.24,174,230
318.04,161,231
318.83,155,231
319.62,152,230
320.41,150,232
321.21,162,232
322.00,155,234
322.79,164,231
323.58,169,231
324.38,171,231
325.17,172,231
325.97,173,228
326.76,173,225
327.56,180,221
328.35,177,219
329.14,175,212
329.93,444,151
330.73,460,187
331.52,468,187
332.31,479,184
333.10,553,219
333.90,553,233
334.69,553,230
335.52,553,231
336.36,538,233
337.20,538,232
338.04,538,235
338.88,538,234
339.72,538,235
340.57,538,233
341.41,522,231
342.25,522,231
343.09,522,232
343.93,522,230
344.77,522,234
345.56,522,233
346.30,522,233
347.03,522,235
347.77,522,225
348.51,385,223
349.24,373,231
349.98,367,234
350.71,364,239
351.45,363,235
352.19,374,234
352.92,368,226
353.66,376,222
354.42,476,229
355.21,522,234
356.00,522,237
356.80,522,231
357.59,538,219
358.38,322,210
359.17,491,215
359.96,467,222
0.75,385,222
1.55,373,193
2.34,295,158
3.13,301,155
3.96,362,164
4.74,553,216
5.51,538,231
6.29,538,233
7.06,538,235
7.84,538,232
8.61,538,235
9.39,538,234
10.16,553,234
10.94,553,235
11.71,553,231
12.49,569,218
13.29,308,216
14.08,301,228
14.88,298,226
15.67,303,216
16.47,305,214
17.26,585,216
18.06,349,219
18.85,349,220
19.65,335,229
20.44,328,225
21.24,318,217
22.03,306,212
22.43,287,211
23.23,277,212
24.02,272,211
24.82,283,210
25.61,275,238
26.41,278,238
27.20,279,237
28.00,287,227
28.79,415,223
29.59,429,231
30.38,429,232
31.18,429,232
32.01,422,233
32.80,418,234
33.58,409,233
34.37,404,230
35.15,402,233
35.94,393,232
36.72,389,234
37.51,387,229
38.29,374,236
39.08,368,233
39.86,365,235
40.65,357,234
41.41,353,232
42.21,351,232
43.01,343,227
43.80,339,230
44.60,330,235
45.40,326,234
46.20,324,238
47.00,323,235
47.80,322,235
48.59,322,233
49.39,315,237
50.19,311,235
50.98,309,235
51.77,308,236
52.56,308,233
53.35,308,238
54.14,301,237
54.93,298,235
55.71,296,239
56.50,295,237
57.29,295,237
58.08,295,235
58.87,295,239
59.66,295,238
60.53,281,235
61.28,281,237
62.03,281,236
62.79,281,236
63.54,281,238
64.29,281,238
65.04,281,239
65.79,281,237
66.54,281,239
67.30,274,239
68.05,277,238
68.80,279,236
69.64,273,238
70.43,277,237
71.23,279,238
72.02,273,237
72.82,277,239
73.61,279,240
74.41,280,233
75.20,280,230
76.00,280,235
76.79,280,238
77.59,274,238
78.38,271,237
79.18,262,237
79.96,241,236
80.73,244,234
81.51,242,234
82.28,235,232
83.06,224,234
83.83,232,232
84.61,230,232
85.38,229,229
86.16,235,233
86.93,231,235
87.71,240,232
88.50,260,234
89.29,270,232
90.08,269,235
90.88,275,234
91.67,264,235
92.46,272,235
93.25,270,234
94.04,269,237
94.83,268,239
95.63,241,239
96.42,244,239
97.21,246,241
97.86,237,238
98.65,241,235
99.44,244,235
100.23,236,236
101.02,238,234
101.81,239,236
102.59,233,237
103.38,238,238
104.17,239,237
104.96,242,235
105.75,245,240
106.54,247,237
107.37,250,235
108.13,252,239
108.90,241,237
109.66,254,238
110.42,261,238
111.18,264,239
111.95,266,236
112.71,267,236
113.47,281,240
114.23,294,238
115.00,294,232
115.76,301,223
116.55,318,100
117.35,241,80
118.14,254,142
118.94,228,213
119.73,228,217
120.53,228,216
121.32,234,214
122.12,237,213
122.91,239,210
123.71,260,210
124.50,241,211
125.30,234,212
126.09,231,212
126.88,229,213
127.67,235,218
128.46,224,226
129.25,219,220
130.04,223,216
130.82,232,222
131.61,230,232
132.40,229,231
133.19,235,220
133.98,251,216
134.77,228,210
135.53,234,210
136.33,239,174
137.14,233,158
137.94,257,145
138.75,262,142
139.55,265,161
140.36,259,171
141.16,263,184
141.97,265,171
142.77,280,168
143.58,280,193
144.38,280,132
145.18,280,71
145.97,104,51
146.77,281,84
147.56,267,145
148.36,274,138
149.15,291,151
149.95,299,145
150.74,297,145
151.54,302,168
152.33,298,145
153.13,296,161
153.92,302,145
154.75,312,168
155.55,600,212
156.34,585,229
157.14,585,223
157.93,335,224
158.73,335,223
159.52,335,228
160.32,335,230
161.11,328,233
161.91,318,236
162.70,313,233
163.50,310,234
164.33,309,234
165.14,308,235
165.94,321,232
166.75,328,234
167.55,331,233
168.36,340,219
169.16,1489,222
169.97,1473,230
170.77,1504,226
171.58,6320,213
172.38,1504,210
173.19,1489,219
173.99,1473,217
174.78,538,225
175.57,538,230
176.36,538,229
177.15,507,227
177.94,507,224
178.74,522,219
179.53,174,214
180.32,180,221
181.11,177,226
181.90,182,237
182.69,178,226
183.56,182,221
184.36,178,217
185.15,176,223
185.95,155,237
186.74,137,243
187.54,120,241
188.33,112,241
189.13,108,241
189.92,106,242
190.72,105,238
191.51,104,244
192.31,111,243
193.14,115,236
193.94,124,226
194.73,136,228
195.53,142,234
196.32,164,233
197.12,169,235
197.91,171,241
198.71,172,232
199.50,179,226
200.30,203,226
201.09,215,227
201.89,228,228
202.94,234,226
203.74,237,225
204.54,239,224
205.33,240,215
206.13,865,219
206.93,865,224
207.73,881,229
208.53,912,229
209.33,928,241
210.12,943,219
210.92,553,227
211.72,538,230
212.48,522,230
213.27,522,227
214.06,507,233
214.84,507,231
215.63,507,231
216.42,507,233
217.21,507,233
218.00,507,233
218.79,507,233
219.57,507,232
220.36,507,229
221.15,507,233
221.98,522,233
222.77,522,234
223.56,538,230
224.36,538,234
225.15,553,232
225.94,553,232
226.73,553,235
227.52,553,234
228.31,569,230
229.11,585,234
229.90,585,234
230.69,600,234
231.49,569,233
232.30,585,233
233.10,600,231
233.91,600,233
234.71,600,233
235.52,600,235
236.32,616,235
237.13,616,234
237.93,616,235
238.74,616,235
239.54,616,232
240.35,647,237
241.10,647,238
241.92,647,231
242.73,647,232
243.55,647,235
244.36,647,235
245.18,663,238
245.99,663,237
246.81,663,236
247.62,663,236
248.44,647,237
249.25,647,235
250.07,647,237
250.90,663,237
251.69,647,239
252.48,647,239
253.28,647,235
254.07,647,238
254.86,647,235
255.65,631,234
256.44,631,237
257.23,631,232
258.03,631,236
258.82,631,234
259.61,631,238
260.41,600,227
261.22,585,225
262.03,569,227
262.83,553,228
263.64,538,227
264.45,538,228
265.26,522,230
266.07,522,229
266.88,507,229
267.68,507,230
268.49,499,232
269.30,487,231
270.06,481,233
270.86,478,232
271.66,461,232
272.47,452,232
273.27,440,233
274.07,427,234
274.87,421,235
275.67,418,233
276.47,409,234
277.28,404,233
278.08,402,234
278.88,393,231
279.67,389,235
280.47,394,233
281.26,389,232
282.06,394,232
282.85,389,233
283.65,387,234
284.44,393,234
285.24,396,232
286.03,398,235
286.83,399,238
287.62,392,234
288.42,388,234
289.18,375,232
290.01,368,236
290.85,365,236
291.68,382,234
292.52,398,230
293.35,406,235
294.19,417,227
295.02,818,221
295.86,834,224
296.69,834,228
297.53,850,228
298.36,865,230
299.15,881,233
299.95,865,238
300.75,834,229
301.55,756,231
302.35,787,213
303.15,507,210
303.94,772,214
304.74,756,212
305.54,787,210
306.34,476,210
307.14,415,151
307.94,415,210
308.77,407,193
309.56,396,187
310.36,390,187
311.15,387,187
311.95,174,210
312.74,180,216
313.54,177,218
314.33,175,223
315.13,162,226
315.92,168,227
316.72,171,231
317.51,172,232
318.31,160,232
319.11,167,233
319.90,170,229
320.70,159,231
321.49,166,232
322.29,157,233
323.08,165,232
323.88,169,230
324.67,171,229
325.47,172,230
326.26,173,228
327.06,173,224
327.81,173,221
328.61,173,214
329.41,173,210
330.22,476,184
331.02,476,203
331.82,507,200
332.62,553,210
333.42,538,226
334.22,553,232
335.03,538,234
335.83,538,236
336.63,538,232
337.86,538,232
338.65,538,233
339.45,538,233
340.24,538,230
341.03,538,232
341.83,522,235
342.62,522,234
343.42,522,232
344.21,522,233
345.00,522,234
345.80,522,233
346.59,522,234
347.42,522,233
348.12,538,221
348.83,385,225
349.53,373,232
350.24,367,233
350.94,358,237
351.65,360,236
352.35,372,234
353.06,378,224
353.76,459,220
354.47,475,232
355.17,522,238
355.97,522,233
356.77,522,229
357.56,538,214
358.36,322,211
359.16,476,219
359.95,460,224
0.75,362,219
1.54,373,158
2.34,322,135
3.14,335,142
3.93,335,184
4.73,538,220
5.49,538,231
6.29,538,234
7.09,538,234
7.89,538,234
8.69,538,233
9.49,538,235
10.28,553,236
11.08,553,233
11.88,553,232
12.68,569,216
13.48,308,218
14.28,301,228
15.15,298,223
15.88,303,216
16.61,585,216
17.34,362,219
18.07,355,217
18.80,352,219
19.54,337,232
20.27,329,225
21.00,318,216
21.73,299,212
22.46,290,212
23.19,279,211
24.02,280,211
24.82,287,211
25.61,284,237
26.41,276,238
27.21,285,235
28.00,290,228
28.80,444,221
29.59,444,230
30.39,436,232
31.19,432,230
31.98,423,234
32.78,419,234
33.54,409,235
34.30,404,232
35.06,402,235
35.82,401,232
36.58,393,235
37.34,377,234
38.10,369,235
38.86,365,236
39.62,363,233
40.38,356,233
41.14,359,234
41.90,354,230
42.77,344,232
43.56,339,230
44.35,330,234
45.14,332,235
45.93,327,236
46.72,324,235
47.51,323,235
48.30,322,233
49.09,322,235
49.88,322,233
50.67,315,238
51.46,311,235
52.22,309,236
52.98,308,235
53.75,301,236
54.51,298,236
55.27,296,240
56.04,295,237
56.80,295,236
57.57,295,234
58.33,295,235
59.09,295,237
59.86,288,233
60.62,278,236
61.38,279,237
62.19,280,237
62.99,280,235
63.80,280,239
64.60,280,237
65.41,280,239
66.21,280,239
67.02,280,237
67.82,280,236
68.63,280,239
69.43,280,239
70.24,274,237
71.07,271,237
71.86,276,236
72.65,278,240
73.44,279,238
74.23,280,234
75.02,280,232
75.82,280,238
76.61,280,236
77.40,274,240
78.19,264,240
78.98,266,236
79.77,241,237
80.60,244,234
81.37,242,233
82.15,235,233
82.92,224,234
83.69,226,229
84.46,233,234
85.24,223,232
86.01,232,231
86.78,237,235
87.55,259,230
88.33,270,233
89.10,275,235
89.90,271,236
90.66,276,234
91.43,278,235
92.19,266,237
92.95,273,238
93.72,270,236
94.48,275,237
95.25,271,236
96.01,262,240
96.77,258,242
97.54,256,238
98.30,228,235
99.09,234,237
99.88,237,236
100.67,239,237
101.46,240,236
102.25,240,237
103.04,243,237
103.83,245,238
104.62,247,236
105.41,257,239
106.20,255,239
106.99,254,236
107.78,254,238
108.65,261,238
109.45,264,237
110.25,259,239
111.05,263,239
111.85,265,238
112.65,273,235
113.44,284,238
114.24,303,237
115.04,305,232
115.84,300,223
116.64,284,96
117.44,282,122
118.20,268,129
119.00,228,212
119.79,228,220
120.59,228,219
121.39,228,215
122.19,234,213
122.98,231,211
123.78,236,210
124.58,238,210
125.38,239,211
126.17,240,212
126.97,240,211
127.90,234,218
128.69,224,225
129.49,219,221
130.28,216,215
131.07,228,222
131.87,234,234
132.66,237,230
133.46,239,221
134.25,242,214
135.04,245,210
135.84,247,197
136.63,257,190
137.42,255,190
138.21,254,168
138.99,267,145
139.78,274,138
140.57,291,206
141.35,279,158
142.14,273,174
142.92,270,168
143.71,275,168
144.50,278,151
145.28,279,71
146.07,58,54
146.90,308,109
147.70,301,148
148.49,298,164
149.29,289,145
150.09,292,180
150.89,300,180
151.68,311,168
152.48,303,135
153.28,305,210
154.08,306,135
154.87,314,174
155.67,600,217
156.43,585,229
157.26,335,218
158.09,335,223
158.92,335,225
159.75,335,231
160.58,335,231
161.40,328,234
162.23,325,234
163.06,316,233
163.89,312,234
164.72,310,236
165.55,316,234
166.34,325,234
167.13,330,232
167.92,332,232
168.71,340,214
169.50,1489,225
170.29,1489,229
171.08,1504,219
171.87,6320,213
172.66,1489,215
173.45,1489,222
174.24,538,215
175.03,538,224
175.82,538,230
176.61,522,229
177.41,522,225
178.20,522,222
178.99,522,217
179.79,187,217
180.58,180,223
181.38,177,231
182.17,182,238
182.96,178,222
183.76,182,220
184.55,184,219
185.34,159,226
186.16,139,238
186.97,121,244
187.79,112,240
188.61,100,240
189.42,102,240
190.24,103,236
191.05,103,243
191.87,111,246
192.69,115,240
193.50,117,233
194.32,133,226
195.15,153,229
195.97,163,231
196.78,168,234
197.60,171,238
198.42,172,234
199.23,179,228
200.05,196,224
200.86,212,225
201.68,220,229
202.50,230,226
203.31,235,226
204.13,239,226
204.88,240,219
205.68,865,218
206.47,865,224
207.27,881,229
208.07,896,227
208.87,912,241
209.66,928,230
210.46,553,224
211.26,538,229
212.06,538,229
212.85,522,229
213.65,522,228
214.44,507,231
215.24,507,230
216.03,507,229
216.83,507,230
217.63,499,232
218.42,507,236
219.22,507,232
220.01,491,228
220.81,507,232
221.61,522,231
222.40,522,232
223.20,538,232
224.00,522,234
224.81,553,235
225.63,553,234
226.44,553,233
227.25,538,234
228.06,569,231
228.88,585,232
229.69,585,238
230.50,600,233
231.31,585,232
232.13,585,235
232.94,585,236
233.73,600,232
234.52,585,231
235.32,616,235
236.11,600,237
236.90,616,233
237.70,616,233
238.49,616,235
239.29,616,234
240.08,647,233
240.87,647,235
241.67,647,233
242.46,647,236
243.25,647,235
244.03,647,237
244.81,663,237
245.59,663,237
246.37,663,239
247.15,663,236
247.93,647,237
248.71,647,234
249.49,647,236
250.27,647,235
251.05,647,236
251.83,647,236
252.59,647,238
253.38,647,236
254.18,647,236
254.97,647,236
255.76,647,233
256.56,631,234
257.35,647,235
258.15,631,234
258.94,631,240
259.73,616,232
260.53,600,226
261.32,585,223
262.15,553,228
262.95,553,228
263.75,538,230
264.55,522,232
265.35,522,228
266.15,507,229
266.94,507,230
267.74,499,229
268.54,495,231
269.34,485,233
270.14,480,236
270.94,469,232
271.74,456,231
272.57,450,232
273.40,432,232
274.24,423,233
275.07,419,232
275.90,417,236
276.73,408,235
277.56,404,236
278.39,402,233
279.23,393,233
280.06,389,234
280.89,394,233
281.69,397,231
282.48,398,233
283.28,391,233
284.07,395,234
284.86,390,235
285.66,395,234
286.45,390,234
287.25,395,236
288.04,390,235
288.83,387,235
289.63,374,233
290.42,379,234
291.25,382,237
292.05,391,232
292.85,403,233
293.65,409,235
294.45,419,225
295.25,818,221
296.04,834,224
296.84,834,226
297.64,850,226
298.44,865,228
299.24,881,234
300.04,865,236
300.84,834,229
301.62,756,229
302.39,522,213
303.17,507,211
303.95,756,215
304.72,756,212
305.50,787,211
306.27,429,158
307.05,422,174
307.83,418,155
308.60,431,168
309.38,415,200
310.17,400,200
310.96,392,171
311.76,174,158
312.55,174,215
313.34,174,218
314.14,174,223
314.93,174,226
315.73,174,227
316.52,174,227
317.31,174,229
318.11,174,230
318.90,174,231
319.69,161,231
320.48,155,231
321.27,152,234
322.06,150,233
322.85,149,230
323.64,161,231
324.44,167,230
325.23,170,228
326.02,172,227
326.81,173,224
327.60,173,220
328.39,180,215
329.18,177,210
330.01,476,168
330.84,483,180
331.68,479,203
332.51,485,210
333.34,553,221
334.17,553,230
335.00,538,231
335.83,538,234
336.67,538,233
337.50,538,234
338.33,538,235
339.12,538,233
339.92,538,234
340.71,522,233
341.51,538,237
342.30,522,233
343.10,538,233
343.89,522,233
344.69,522,232
345.48,522,233
346.28,522,234
347.07,522,231
347.87,499,223
348.63,385,226
349.35,373,230
350.07,367,234
350.80,358,235
351.52,360,237
352.24,372,234
352.96,378,228
353.68,381,222
354.40,491,231
355.13,522,235
355.85,522,233
356.57,522,229
357.36,538,216
358.15,308,210
358.95,476,215
359.74,415,224
0.53,362,222
1.32,348,210
2.12,335,135
2.91,328,174
3.70,331,161
4.49,553,218
5.29,538,229
6.08,538,235
6.87,538,235
7.65,538,233
8.43,538,238
9.21,538,234
9.99,553,237
10.77,553,235
11.56,553,232
12.34,569,219
13.12,308,216
13.90,301,229
14.68,298,228
15.46,296,216
16.22,585,216
17.01,585,216
17.80,349,220
18.59,349,219
19.38,335,232
20.17,328,226
20.97,325,216
21.76,303,211
22.55,299,212
23.34,290,211
24.13,285,211
24.92,296,210
25.67,288,234
26.47,284,238
27.26,282,238
28.06,288,228
28.85,429,221
29.65,436,230
30.44,432,235
31.24,430,234
32.03,429,232
32.83,422,233
33.62,411,233
34.42,405,233
35.21,402,233
35.99,393,233
36.77,389,234
37.55,387,230
38.33,386,232
39.11,374,235
39.90,368,233
40.68,358,234
41.46,353,234
42.24,351,232
43.02,343,230
43.80,339,229
44.56,330,236
45.31,332,236
46.06,320,235
46.82,321,237
47.57,321,235
48.32,321,237
49.07,321,235
49.82,315,238
50.57,312,237
51.33,310,236
52.08,309,236
52.83,309,234
53.66,309,237
54.45,302,236
55.24,298,236
56.02,296,235
56.81,295,237
57.60,295,236
58.39,295,236
59.18,295,239
59.97,281,235
60.75,274,238
61.54,278,236
62.33,280,235
63.09,281,237
63.91,281,238
64.73,281,236
65.55,281,238
66.37,281,235
67.19,274,237
68.01,278,237
68.83,280,237
69.65,281,239
70.47,274,238
71.29,271,238
72.11,269,238
72.90,275,237
73.69,278,238
74.49,273,233
75.28,277,230
76.07,272,236
76.86,277,235
77.66,272,237
78.45,263,238
79.24,265,237
80.03,260,237
80.83,264,236
81.62,259,233
82.40,214,231
83.16,214,234
83.93,221,231
84.69,224,234
85.45,226,230
86.21,233,232
86.98,237,232
87.74,252,231
88.50,267,231
89.26,274,236
90.03,278,236
90.79,273,238
91.61,270,235
92.40,269,234
93.19,268,237
93.98,268,234
94.77,261,238
95.56,258,237
96.36,256,240
97.15,255,239
97.94,255,236
98.73,255,238
99.52,228,235
100.31,228,235
101.10,234,237
101.90,239,237
102.69,253,236
103.49,241,237
104.28,244,237
105.08,246,238
105.87,257,238
106.67,241,237
107.46,241,239
108.26,244,240
109.05,246,237
109.85,250,239
110.65,259,239
111.45,263,239
112.25,265,237
113.05,273,237
113.85,291,240
114.65,293,235
115.45,287,232
116.25,311,212
117.05,323,93
117.85,228,93
118.65,228,200
119.45,228,219
120.25,228,223
121.05,228,219
121.86,234,213
122.66,237,212
123.46,232,210
124.27,230,211
125.07,229,213
125.88,235,211
126.68,231,213
127.48,229,214
128.29,228,226
129.09,221,226
129.88,217,214
130.68,222,218
131.47,231,230
132.27,229,234
133.06,235,222
133.86,238,215
134.65,242,211
135.45,241,203
136.24,244,210
137.04,256,190
137.83,262,177
138.63,265,161
139.39,273,122
140.20,291,171
141.00,279,151
141.81,280,180
142.62,274,184
143.42,271,203
144.23,276,142
145.03,285,71
145.84,59,58
146.65,136,71
147.45,268,142
148.26,281,168
149.02,335,145
149.84,315,145
150.66,305,109
151.48,313,132
152.30,304,184
153.12,362,148
153.94,342,210
154.76,345,210
155.58,585,210
156.40,585,231
157.22,585,222
158.04,335,221
158.80,328,222
159.60,331,230
160.39,326,232
161.19,324,231
161.98,323,233
162.78,316,235
163.57,312,233
164.37,310,235
165.16,309,234
165.96,322,234
166.75,328,233
167.55,331,234
168.34,340,218
169.14,1489,222
169.95,1473,226
170.75,1489,226
171.55,6336,212
172.36,1489,210
173.16,1489,223
173.97,1489,219
174.77,538,224
175.57,538,229
176.38,523,230
177.18,507,226
177.98,507,226
178.77,523,220
179.56,174,214
180.34,174,221
181.13,181,227
181.92,177,236
182.71,175,228
183.50,174,223
184.29,194,221
185.07,164,221
185.86,141,236
186.65,122,242
187.79,113,241
188.59,108,240
189.38,113,239
190.18,101,240
190.97,95,240
191.77,107,240
192.56,113,244
193.36,116,237
194.15,125,226
194.95,137,226
195.74,155,234
196.54,164,232
197.30,169,233
198.08,171,238
198.86,172,234
199.64,180,226
200.42,210,225
201.20,225,228
201.99,233,228
202.77,237,228
203.55,239,226
204.33,240,222
205.11,881,216
205.89,881,220
206.68,881,227
207.47,881,230
208.26,912,230
209.05,912,240
209.84,928,220
210.63,554,226
211.41,538,232
212.20,523,232
212.99,523,229
213.78,507,230
214.57,507,229
215.36,507,230
216.15,507,233
216.97,507,232
217.78,499,231
218.60,507,230
219.42,523,229
220.24,507,231
221.05,507,232
221.87,523,233
222.69,523,233
223.51,538,232
224.32,538,233
225.14,554,231
225.93,554,233
226.71,538,235
227.49,538,233
228.27,554,233
229.05,585,234
229.83,585,234
230.62,601,235
231.40,585,233
232.18,585,231
232.96,585,238
233.74,601,231
234.52,585,231
235.31,601,235
236.10,616,236
236.89,616,236
237.68,616,237
238.47,616,234
239.26,632,232
240.04,616,233
240.83,647,237
241.62,647,230
242.41,647,232
243.20,647,235
243.99,647,235
244.78,663,235
245.57,663,234
246.36,663,236
247.15,663,237
247.94,663,235
248.73,647,235
249.53,647,235
250.32,663,239
251.11,647,236
251.90,647,238
252.69,647,236
253.48,647,235
254.27,647,234
255.06,647,236
255.86,632,232
256.65,647,236
257.45,632,234
258.24,632,236
259.04,632,237
259.83,616,233
260.63,601,225
261.42,569,223
262.22,554,227
263.01,554,225
263.80,538,230
264.59,538,231
265.38,523,229
266.17,507,228
266.96,507,230
267.75,499,229
268.53,487,232
269.32,481,233
270.11,478,233
270.90,468,235
271.69,456,231
272.48,443,233
273.23,436,234
274.05,425,233
274.88,420,235
275.70,410,234
276.52,405,235
277.35,402,233
278.17,401,232
279.00,393,232
279.82,396,234
280.64,398,233
281.47,399,235
282.29,392,232
283.05,396,234
283.85,398,233
284.65,399,233
285.45,399,235
286.25,399,236
287.05,399,236
287.84,392,236
288.64,389,234
289.44,387,232
290.24,386,234
291.04,386,237
291.84,393,232
292.90,404,232
293.69,409,233
294.48,419,225
295.28,819,221
296.07,834,227
296.86,834,224
297.65,850,228
298.44,850,227
299.23,897,234
300.03,866,239
300.82,788,231
301.61,756,229
302.44,788,211
303.21,523,211
303.98,756,215
304.75,788,213
305.52,788,210
306.29,444,184
307.07,134,138
307.84,430,174
308.61,422,193
309.38,411,158
310.15,386,177
310.92,400,138
311.72,134,168
312.52,154,214
313.31,171,218
314.11,172,220
314.90,173,226
315.70,161,227
316.49,167,229
317.29,170,231
318.08,159,231
318.88,154,234
319.67,151,231
320.47,150,236
321.19,149,234
321.98,161,233
322.77,155,231
323.57,152,231
324.36,163,228
325.15,168,228
325.94,171,227
326.73,172,227
327.52,173,220
328.32,173,217
329.11,173,211
329.90,459,174
330.77,467,180
331.59,479,197
332.40,477,197
333.22,554,221
334.03,554,231
334.85,538,232
335.66,538,232
336.48,538,233
337.29,538,232
338.11,538,234
338.92,538,235
339.74,538,233
340.53,538,233
341.32,523,234
342.12,523,234
342.91,523,232
343.70,523,233
344.49,523,234
345.29,523,232
346.08,523,234
346.87,523,232
347.66,523,226
348.46,386,223
349.25,374,228
350.04,368,231
350.76,358,236
351.49,360,235
352.21,373,236
352.94,379,227
353.66,382,222
354.39,476,227
355.11,507,237
355.84,523,236
356.56,522,232
357.29,553,221
358.01,308,210
358.81,507,214
359.59,483,224
0.37,400,221
1.15,349,211
1.93,342,145
2.71,332,177
3.50,28,151
4.28,538,215
5.06,538,231
5.84,538,233
6.62,538,230
7.40,538,232
7.97,538,234
8.76,553,236
9.56,553,236
10.35,553,232
11.14,553,233
11.93,569,223
12.73,308,214
13.52,308,228
14.31,301,228
15.10,298,219
15.90,553,215
16.69,362,216
17.48,362,220
18.28,355,218
19.09,338,228
19.89,330,227
20.69,332,216
21.50,281,213
22.30,274,210
23.11,271,211
23.91,276,214
24.71,285,211
25.52,283,233
26.32,275,237
27.11,278,237
27.90,286,230
28.70,415,220
29.49,429,231
30.28,429,232
31.07,429,232
31.87,429,233
32.66,422,235
33.45,418,233
34.24,409,232
35.04,404,233
35.83,394,233
36.62,389,234
37.39,387,232
38.17,386,233
38.94,374,232
39.72,368,234
40.49,358,233
41.27,353,234
42.04,351,235
42.82,343,228
43.59,339,227
44.37,330,236
45.14,332,235
45.97,327,234
46.76,324,235
47.55,323,236
48.34,322,235
49.13,322,236
49.92,322,236
50.71,315,234
51.50,311,234
52.29,309,236
53.08,308,238
53.87,308,235
54.66,308,238
55.46,301,235
56.25,298,234
57.04,296,238
57.84,295,233
58.63,295,238
59.42,295,239
60.21,288,238
61.00,284,238
61.79,282,237
62.59,281,238
63.38,281,240
64.17,281,238
65.00,281,238
65.78,281,237
66.57,281,238
67.35,281,237
68.14,281,237
68.92,274,236
69.71,271,238
70.49,269,238
71.28,275,239
72.06,278,238
72.85,279,238
73.63,280,238
74.45,280,235
75.24,280,230
76.03,280,236
76.82,280,238
77.61,274,238
78.40,271,239
79.20,269,239
79.99,268,235
80.78,268,236
81.57,241,235
82.36,227,234
83.15,220,234
83.94,228,230
84.73,234,232
85.52,231,233
86.31,240,234
87.10,240,232
87.89,260,231
88.67,270,232
89.46,275,235
90.25,278,238
91.04,273,233
91.83,277,236
92.62,272,238
93.49,270,236
94.29,269,234
95.09,268,236
95.89,261,237
96.69,257,237
97.49,255,239
98.29,254,237
99.09,241,236
99.89,244,237
100.69,246,236
101.49,250,236
102.29,252,237
103.12,241,238
103.91,244,237
104.71,256,237
105.50,241,237
106.29,241,238
107.08,244,238
107.88,256,238
108.67,262,240
109.46,265,238
110.25,266,239
111.05,267,239
111.84,267,237
112.61,267,239
113.40,281,239
114.19,294,239
114.98,308,233
115.77,315,227
116.56,305,113
117.34,228,113
118.13,228,122
118.92,234,212
119.71,231,221
120.50,229,222
121.29,235,215
122.16,231,214
122.96,236,211
123.75,232,212
124.55,230,212
125.35,229,212
126.14,235,213
126.94,238,213
127.73,233,219
128.53,223,226
129.33,218,220
130.12,229,214
130.92,228,223
131.75,228,234
132.54,228,230
133.34,234,221
134.13,237,214
134.92,259,190
135.71,241,203
136.51,244,200
137.30,256,197
138.09,268,155
138.88,268,180
139.68,268,168
140.47,228,142
141.26,281,161
142.08,274,158
142.89,271,180
143.71,276,161
144.53,285,151
145.35,174,54
146.16,154,45
146.98,281,119
147.80,335,126
148.62,315,197
149.43,305,145
150.25,300,190
151.08,311,142
151.88,309,155
152.69,308,155
153.49,315,116
154.29,318,129
155.10,326,177
155.90,585,221
156.71,585,229
157.51,349,221
158.31,342,222
159.12,338,226
159.92,336,229
160.67,329,230
161.47,325,237
162.26,323,236
163.06,315,234
163.86,311,234
164.65,309,239
165.45,315,234
166.24,318,234
167.04,326,234
167.84,330,229
168.63,1489,213
169.43,1489,226
170.22,1489,229
171.03,1504,217
171.83,6320,210
172.64,1489,217
173.45,1489,222
174.25,538,219
175.06,538,227
175.86,538,229
176.67,522,228
177.48,522,223
178.28,507,222
179.09,522,216
179.85,201,219
180.65,194,224
181.46,184,233
182.26,179,231
183.06,176,225
183.87,195,221
184.67,172,217
185.48,153,230
186.28,128,238
187.08,116,242
187.89,102,242
188.69,103,238
189.56,103,241
190.35,103,238
191.14,103,241
191.93,103,244
192.72,111,242
193.51,115,231
194.29,124,225
195.08,149,231
195.87,161,233
196.66,167,234
197.45,170,239
198.24,172,236
198.99,173,232
199.80,193,222
200.61,217,223
201.42,229,227
202.23,235,225
203.04,231,226
203.86,236,224
204.67,238,221
205.48,881,217
206.29,881,222
207.10,881,226
207.91,896,227
208.66,912,233
209.45,912,236
210.25,553,223
211.04,538,226
211.83,538,232
212.62,522,229
213.42,522,230
214.21,507,232
215.00,507,231
215.79,507,230
216.59,507,230
217.38,499,231
218.19,507,234
218.98,507,234
219.77,507,229
220.56,507,230
221.35,522,234
222.14,522,232
222.92,538,235
223.71,538,230
224.50,538,234
225.29,553,234
226.08,538,235
226.87,553,231
227.66,538,235
228.45,569,231
229.24,585,233
230.03,585,235
230.82,600,234
231.61,585,232
232.41,585,234
233.20,585,235
233.99,600,232
234.78,600,234
235.57,600,236
236.36,616,232
237.11,600,233
237.91,616,238
238.70,616,235
239.50,631,234
240.30,647,236
241.09,647,234
241.89,647,232
242.68,647,234
243.48,647,232
244.28,647,237
245.07,663,236
245.87,663,237
246.66,663,236
247.44,663,236
248.21,647,236
248.99,647,236
249.77,647,238
250.55,647,240
251.32,647,237
252.10,647,238
252.88,647,236
253.66,647,233
254.43,647,235
255.21,647,236
256.00,631,234
256.78,631,233
257.56,631,234
258.33,631,237
259.11,631,239
259.89,616,229
260.67,585,223
261.45,569,226
262.23,553,224
263.00,553,231
263.78,538,229
264.56,538,228
265.35,522,229
266.14,507,228
266.94,507,230
267.73,507,232
268.52,491,231
269.31,483,234
270.11,479,235
270.90,461,234
271.69,452,232
272.48,448,229
273.28,431,234
274.07,423,234
274.89,419,235
275.70,417,234
276.52,408,236
277.33,404,234
278.14,402,233
278.96,401,233
279.77,393,234
280.59,396,233
281.40,398,233
282.21,399,233
283.03,399,233
283.84,392,234
284.64,396,233
285.46,398,234
286.28,399,237
287.10,399,239
287.92,392,237
288.74,388,233
289.56,386,233
290.38,374,234
291.20,379,238
292.02,389,232
292.84,402,232
293.66,408,235
294.45,418,226
295.25,818,222
296.04,834,224
296.84,834,226
297.63,850,227
298.43,850,229
299.22,896,236
300.02,865,236
300.81,803,230
301.61,772,229
302.40,772,213
303.20,507,211
303.96,756,214
304.74,772,212
305.51,803,211
306.29,459,190
307.07,444,203
307.85,422,190
308.62,411,155
309.40,405,197
310.18,395,138
310.96,378,151
311.73,187,168
312.51,180,214
313.34,177,219
314.13,175,221
314.91,174,226
315.70,174,228
316.48,174,230
317.27,174,230
318.05,161,230
318.84,155,230
319.62,152,232
320.41,163,232
321.19,156,230
321.98,152,234
322.81,163,233
323.61,156,231
324.40,152,232
325.20,163,231
325.99,168,227
326.79,171,225
327.58,172,222
328.38,179,217
329.17,176,211
329.97,195,158
330.76,429,129
331.56,491,164
332.32,491,151
333.12,553,218
333.92,553,228
334.73,553,233
335.53,538,234
336.33,553,234
337.13,538,233
337.93,538,232
338.73,538,235
339.54,538,235
340.34,522,234
341.14,522,232
341.93,538,233
342.72,522,233
343.52,538,231
344.31,522,233
345.10,522,232
345.89,522,230
346.69,522,232
347.48,507,228
348.27,385,224
349.06,385,229
349.86,373,233
350.65,367,234
351.44,364,236
352.20,374,233
352.97,379,228
353.73,370,222
354.50,476,227
355.26,507,233
356.03,522,235
356.79,522,234
357.56,522,219
358.32,553,211
359.09,522,216
359.85,429,221
0.61,407,222
1.36,396,211
2.11,43,116
2.86,322,161
3.61,328,177
4.36,507,212
5.12,538,228
5.87,538,231
6.62,538,233
7.37,538,234
8.12,538,235
8.87,538,235
9.70,553,236
10.49,553,236
11.28,553,234
12.07,569,221
12.86,308,216
13.65,301,228
14.43,298,227
15.22,296,218
16.01,302,215
16.80,585,219
17.59,335,218
18.38,328,217
19.17,325,230
19.96,323,226
20.76,315,217
21.55,305,214
22.35,286,211
23.14,290,212
23.94,285,213
24.73,276,210
25.53,278,233
26.32,266,237
27.12,273,239
27.91,284,230
28.66,429,223
29.45,436,231
30.25,432,231
31.04,423,234
31.83,419,235
32.62,417,233
33.42,416,233
34.21,408,234
35.00,404,235
35.79,394,234
36.59,389,238
37.38,387,233
37.97,374,234
38.76,368,234
39.54,365,232
40.33,357,235
41.12,353,234
41.90,351,233
42.69,343,230
43.47,339,230
44.26,337,233
45.05,336,235
45.83,329,237
46.62,325,236
47.44,323,236
48.26,322,232
49.09,322,235
49.91,322,233
50.73,315,238
51.56,305,238
52.38,306,236
53.21,307,236
54.03,307,235
54.85,301,237
55.68,298,236
56.50,296,236
57.33,295,235
58.12,295,235
58.92,295,238
59.71,295,239
60.50,281,233
61.29,281,233
62.09,281,236
62.88,281,238
63.67,281,235
64.46,281,238
65.26,281,237
66.05,281,237
66.84,274,239
67.62,277,234
68.39,279,235
69.17,280,238
69.95,280,239
70.73,280,237
71.50,280,240
72.28,274,239
73.06,277,239
73.84,279,234
74.61,280,232
75.39,280,233
76.15,274,238
76.95,271,237
77.76,269,236
78.56,261,235
79.36,264,235
80.17,266,236
80.97,260,233
81.78,228,232
82.58,221,235
83.38,224,233
84.19,232,231
84.99,230,231
85.82,235,231
86.61,239,232
87.40,253,231
88.20,260,233
88.99,270,233
89.78,275,237
90.57,278,239
91.36,279,236
92.15,273,238
92.95,270,236
93.74,269,237
94.53,268,236
95.33,268,237
96.12,261,235
96.91,257,237
97.70,241,237
98.49,241,236
99.28,234,233
100.07,239,237
100.86,233,235
101.65,238,236
102.44,239,236
103.23,240,238
104.02,243,237
104.82,245,237
105.61,247,239
106.39,250,236
107.18,259,238
107.97,256,238
108.76,241,234
109.54,244,236
110.33,246,238
111.12,257,240
111.91,262,237
112.69,265,238
113.48,273,238
114.30,284,239
115.09,289,232
115.89,298,228
116.68,316,119
117.47,298,84
118.26,283,129
119.06,228,213
119.85,234,220
120.64,231,219
121.43,229,216
122.23,235,214
123.02,258,210
123.81,228,212
124.58,234,211
125.36,231,212
126.13,229,213
126.91,235,214
127.68,231,218
128.46,222,226
129.23,218,220
130.01,229,213
130.78,228,224
131.56,228,232
132.33,228,229
133.16,234,222
133.95,237,213
134.74,239,210
135.53,240,193
136.32,254,177
137.11,267,200
137.89,260,193
138.68,270,177
139.47,275,138
140.26,291,126
141.05,293,138
141.84,280,161
142.97,274,132
143.76,271,197
144.56,276,122
145.35,272,67
146.14,74,61
146.93,385,90
147.73,281,151
148.52,301,129
149.31,291,132
150.10,293,142
150.90,294,171
151.69,362,135
152.48,308,174
153.29,308,164
154.11,315,151
154.92,311,132
155.73,600,222
156.55,585,229
157.36,335,219
158.18,328,224
158.99,325,226
159.80,323,232
160.62,322,231
161.43,322,234
162.26,315,236
163.05,311,233
163.84,309,234
164.64,308,234
165.43,321,233
166.22,328,234
167.01,331,233
167.80,333,231
168.59,334,213
169.39,1473,225
170.18,1489,229
170.97,1504,218
171.77,6320,213
172.60,1489,212
173.44,1489,221
174.27,538,215
175.10,538,226
175.93,538,228
176.77,522,231
177.60,507,226
178.43,522,224
179.26,522,218
180.10,214,217
180.93,194,226
181.69,184,230
182.47,179,236
183.25,183,226
184.03,178,220
184.81,189,221
185.59,161,228
186.38,140,240
187.16,122,241
187.94,105,242
188.72,104,240
189.50,104,242
190.28,96,240
191.07,100,243
191.86,109,241
192.66,114,243
193.45,116,235
194.24,125,226
195.03,149,226
195.83,161,234
196.62,167,232
197.41,158,238
198.20,166,236
199.00,170,232
199.79,178,226
200.61,203,224
201.40,215,228
202.18,228,231
202.97,234,230
203.76,237,227
204.55,239,222
205.33,242,216
206.12,881,219
206.91,881,228
207.70,881,227
208.48,912,232
209.27,912,238
210.07,553,219
210.86,553,226
211.66,538,230
212.45,522,229
213.24,522,228
214.04,507,231
214.83,507,229
215.63,507,232
216.42,499,233
217.21,495,233
218.01,507,230
218.80,507,234
219.56,507,228
220.35,507,230
221.14,522,233
221.94,507,233
222.73,522,234
223.52,538,233
224.31,538,234
225.10,553,233
225.89,553,233
226.69,553,235
227.48,553,234
228.27,553,233
229.10,585,234
229.87,585,235
230.65,600,234
231.42,585,231
232.20,585,233
232.97,585,237
233.75,600,230
234.52,585,234
235.30,600,236
236.07,600,235
236.85,616,236
237.62,616,237
238.41,616,234
239.21,616,232
240.00,647,232
240.80,631,237
241.59,647,233
242.39,647,235
243.18,647,234
243.98,647,235
244.77,647,238
245.57,662,234
246.36,662,238
247.16,662,235
247.90,647,236
248.70,647,235
249.49,647,239
250.29,647,236
251.08,647,237
251.88,647,237
252.67,647,237
253.47,647,236
254.26,647,234
255.06,647,236
255.85,631,234
256.65,631,235
257.44,631,235
258.23,631,235
259.02,631,238
259.80,616,231
260.59,600,225
261.38,585,226
262.17,569,226
262.96,553,229
263.75,538,228
264.53,538,231
265.32,522,228
266.11,507,229
266.90,507,231
267.69,499,232
268.48,495,229
269.28,485,233
270.07,480,236
270.86,469,236
271.65,456,230
272.44,442,234
273.23,428,232
274.03,421,234
274.82,418,235
275.61,409,236
276.41,404,235
277.25,402,235
278.08,393,233
278.92,396,233
279.76,390,232
280.59,387,234
281.43,386,232
282.26,393,235
283.10,396,231
283.94,398,234
284.77,399,234
285.61,399,234
286.40,407,235
287.19,403,234
287.97,394,235
288.76,389,234
289.55,375,233
290.34,368,235
291.12,376,236
291.91,388,233
292.70,401,234
293.49,408,236
294.27,418,227
295.06,818,221
295.85,834,225
296.64,834,227
297.44,849,227
298.23,865,230
299.02,896,232
299.81,849,237
300.61,849,228
301.40,756,231
302.19,522,212
302.98,787,211
303.78,756,212
304.57,475,210
305.36,459,210
306.17,444,203
306.97,429,151
307.78,422,171
308.59,411,177
309.40,398,126
310.20,406,155
311.01,384,142
311.82,104,164
312.63,139,214
313.43,156,218
314.24,165,223
315.00,157,223
315.79,153,226
316.58,163,230
317.38,168,231
318.17,158,230
318.96,153,231
319.75,163,232
320.54,156,234
321.33,152,232
322.13,163,231
322.92,156,232
323.71,165,229
324.47,169,231
325.27,171,227
326.06,172,227
326.86,173,226
327.65,173,219
328.45,173,214
329.24,180,210
330.04,164,171
330.83,491,187
331.63,507,168
332.42,569,138
333.22,553,226
334.01,553,232
334.85,553,233
335.68,538,231
336.52,538,230
337.35,538,235
338.19,538,231
339.02,538,231
339.86,538,233
340.69,522,233
341.53,538,232
342.36,522,234
343.20,522,234
343.96,522,232
344.73,522,233
345.49,522,231
346.26,522,231
347.03,522,231
347.80,507,220
348.56,385,227
349.33,373,230
350.10,367,234
350.87,364,235
351.63,363,236
352.40,374,232
353.15,379,225
353.94,475,222
354.74,475,231
355.53,507,236
356.32,522,232
357.12,522,228
357.91,553,214
358.71,322,210
359.50,491,220
0.29,400,225
1.09,392,216
1.88,396,164
2.64,335,129
3.42,385,158
4.21,322,171
4.99,538,225
5.77,538,234
6.56,538,233
7.34,538,232
8.13,538,233
8.91,553,237
9.69,538,235
10.48,553,234
11.26,553,235
12.01,553,229
12.80,569,211
13.60,308,223
14.39,301,227
15.18,298,223
15.98,303,216
16.77,585,217
17.57,362,218
18.36,348,215
19.15,341,224
19.95,324,231
20.74,329,219
21.57,318,215
22.34,306,210
23.11,300,211
23.88,290,212
24.65,279,197
25.42,287,221
26.19,284,236
26.96,282,239
27.73,281,233
28.50,288,223
29.27,444,226
30.04,444,234
30.84,429,233
31.63,422,235
32.43,418,234
33.22,416,236
34.01,408,235
34.80,404,232
35.60,394,235
36.39,389,235
37.18,387,234
37.97,386,235
38.77,374,232
39.56,368,235
40.35,365,235
41.14,363,232
41.93,355,232
42.72,345,230
43.51,340,230
44.30,331,234
45.10,333,235
45.89,320,236
46.68,321,234
47.47,321,235
48.26,321,235
49.05,321,235
49.91,314,232
50.68,318,235
51.44,313,235
52.21,310,236
52.98,309,237
53.75,308,237
54.51,308,236
55.28,301,235
56.05,304,238
56.82,299,237
57.58,297,236
58.35,296,238
59.14,295,236
59.92,281,234
60.70,274,235
61.48,277,237
62.26,279,237
63.04,280,239
63.82,280,239
64.60,280,237
65.38,280,236
66.16,280,239
66.94,280,238
67.72,280,236
68.51,274,238
69.30,277,237
70.10,279,239
70.89,280,235
71.68,280,236
72.48,280,239
73.27,274,232
74.07,277,232
74.86,279,228
75.65,280,235
76.45,274,240
77.24,271,238
78.04,262,236
78.83,265,239
79.62,266,235
80.41,260,237
81.20,241,234
81.99,234,234
82.77,224,237
83.56,225,231
84.35,233,231
85.14,238,230
85.93,239,232
86.72,240,233
87.59,254,232
88.38,261,234
89.17,264,234
89.96,272,236
90.75,276,238
91.54,278,234
92.34,273,235
93.13,277,237
93.92,272,236
94.71,270,237
95.50,262,237
96.29,258,239
97.08,256,236
97.85,255,240
98.63,254,236
99.40,227,234
100.17,234,236
100.95,239,235
101.72,233,238
102.50,237,237
103.27,241,237
104.04,244,238
104.82,246,237
105.59,250,237
106.38,252,237
107.17,253,240
107.96,253,238
108.75,241,238
109.54,254,236
110.33,261,237
111.11,264,239
111.90,266,237
112.69,267,239
113.48,287,238
114.27,304,237
115.06,299,235
115.89,310,224
116.68,254,103
117.47,254,100
118.26,228,126
119.05,234,212
119.84,231,220
120.64,236,215
121.43,232,212
122.22,236,214
123.01,238,210
123.80,253,210
124.59,228,212
125.38,228,212
126.16,228,212
126.94,234,214
127.72,231,219
128.50,222,226
129.28,218,218
130.06,216,216
130.84,228,224
131.62,234,234
132.40,237,230
133.18,239,220
133.96,242,213
134.72,255,197
135.55,254,200
136.38,261,180
137.22,257,145
138.05,255,148
138.88,261,171
139.71,264,138
140.54,272,155
141.37,270,161
142.21,269,138
143.04,275,138
143.87,285,155
144.67,276,148
145.46,299,71
146.25,74,48
147.04,281,96
147.83,288,132
148.62,291,174
149.41,293,193
150.20,294,171
150.99,301,161
151.78,298,164
152.57,316,161
153.36,312,135
154.19,310,164
154.98,322,155
155.77,600,217
156.56,585,228
157.35,335,217
158.14,328,224
158.93,331,223
159.72,333,232
160.51,327,230
161.30,324,233
162.09,316,238
162.88,312,233
163.67,310,235
164.49,309,234
165.32,315,235
166.14,318,232
166.96,320,232
167.78,327,232
168.61,344,217
169.43,1489,225
170.25,1489,230
171.07,1489,224
171.90,6320,214
172.72,1489,212
173.48,1489,221
174.27,1504,214
175.06,522,224
175.85,538,229
176.64,522,233
177.43,507,227
178.22,522,223
179.01,522,219
179.80,201,213
180.59,187,222
181.38,187,229
182.17,180,239
183.00,183,225
183.79,192,220
184.58,183,219
185.37,166,222
186.16,150,239
186.95,134,242
187.74,111,240
188.53,107,237
189.32,113,241
190.11,108,238
190.90,106,242
191.69,105,243
192.48,104,243
193.27,111,237
194.07,122,226
194.86,135,228
195.65,154,231
196.45,164,233
197.24,169,236
198.04,171,237
198.83,172,234
199.62,179,224
200.42,203,225
201.21,215,226
202.04,221,229
202.84,231,228
203.64,236,227
204.44,238,222
205.24,239,216
206.04,865,222
206.84,881,227
207.64,881,230
208.44,912,228
209.24,928,240
210.04,928,219
210.84,553,227
211.63,538,230
212.39,538,227
213.16,522,227
213.92,507,230
214.68,507,231
215.45,507,233
216.21,507,230
216.98,499,234
217.74,507,232
218.50,507,234
219.27,522,232
220.03,507,229
220.82,522,233
221.62,522,234
222.41,522,232
223.21,538,231
224.01,538,233
224.81,553,236
225.60,538,234
226.40,538,234
227.20,553,232
228.00,553,233
228.79,585,233
229.59,585,235
230.35,585,236
231.15,585,232
231.96,585,232
232.76,585,234
233.56,600,234
234.36,585,232
235.17,600,237
235.97,600,235
236.77,616,233
237.57,616,234
238.38,616,234
239.18,616,232
240.01,647,232
240.78,647,237
241.56,647,232
242.33,647,234
243.10,647,234
243.87,647,236
244.65,647,234
245.42,663,234
246.19,663,238
246.96,663,238
247.74,647,237
248.51,647,238
249.31,647,235
250.11,647,236
250.90,647,238
251.70,647,237
252.50,647,237
253.29,647,235
254.09,647,233
254.88,631,234
255.68,631,234
256.48,631,232
257.27,631,234
258.07,631,234
258.83,631,240
259.63,616,237
260.44,600,225
261.24,585,227
262.04,569,225
262.84,553,228
263.65,538,229
264.45,538,229
265.25,522,229
266.05,522,228
266.86,507,230
267.66,499,229
268.49,487,229
269.32,481,235
270.15,478,233
270.98,468,234
271.81,456,231
272.64,442,232
273.46,428,234
274.29,421,234
275.12,418,233
275.95,416,234
276.78,408,235
277.61,404,234
278.41,394,235
279.21,389,233
280.00,394,234
280.80,397,234
281.60,398,233
282.39,391,234
283.19,388,233
283.98,394,233
284.78,397,234
285.58,398,236
286.37,399,234
287.17,399,235
287.89,392,233
288.70,388,233
289.50,375,234
290.31,380,233
291.12,382,236
291.92,391,232
292.73,403,234
293.53,409,236
294.34,419,223
295.15,818,219
295.95,834,225
296.76,834,224
297.59,850,227
298.38,865,231
299.17,881,235
299.96,850,237
300.75,772,227
301.54,756,227
302.34,507,211
303.13,787,211
303.92,756,214
304.71,772,211
305.50,444,210
306.29,444,210
307.04,429,184
307.86,414,180
308.69,407,210
309.51,403,190
310.33,394,171
311.15,397,210
311.98,134,184
312.80,167,216
313.62,170,221
314.44,159,223
315.27,166,226
316.09,170,229
316.88,172,229
317.67,160,234
318.46,167,228
319.25,170,234
320.04,159,233
320.83,166,233
321.63,157,233
322.42,165,232
323.21,157,231
324.00,153,233
324.79,163,230
325.58,156,227
326.41,165,226
327.20,169,221
328.00,178,219
328.79,182,213
329.58,459,168
330.38,467,193
331.17,479,174
331.97,477,177
332.76,522,214
333.55,553,228
334.35,553,231
335.14,538,235
335.97,553,233
336.82,538,233
337.67,538,235
338.51,538,234
339.36,538,231
340.21,522,234
341.06,522,233
341.91,522,234
342.76,538,234
343.60,522,233
344.45,522,232
345.30,522,231
346.10,522,230
346.83,522,231
347.55,507,226
348.28,385,220
349.01,385,228
349.73,373,234
350.46,367,233
351.18,358,235
351.91,371,233
352.64,378,229
353.36,381,224
354.09,476,226
354.89,507,231
355.68,507,238
356.47,522,234
357.26,522,223
358.05,538,210
358.84,335,213
359.64,459,220
0.43,400,224
1.22,392,212
2.01,322,142
2.80,315,180
3.59,338,193
4.42,553,212
5.21,538,231
5.99,538,230
6.78,538,233
7.56,538,235
8.35,538,236
9.13,538,237
9.92,538,232
10.70,553,234
11.49,553,233
12.27,553,225
13.06,308,213
13.82,301,227
14.60,298,228
15.39,296,219
16.17,302,216
16.95,553,216
17.73,349,219
18.52,349,219
19.30,342,226
20.08,332,229
20.86,333,219
21.65,320,212
22.43,300,210
23.19,290,211
23.98,279,211
24.78,287,164
25.57,284,230
26.37,276,238
27.16,278,236
27.96,286,230
28.75,400,221
29.55,400,228
30.34,422,233
31.14,425,234
31.93,420,232
32.72,417,236
33.48,408,234
34.25,404,235
35.01,402,235
35.77,393,233
36.53,396,233
37.30,390,235
38.06,387,232
38.82,374,231
39.58,361,235
40.35,361,234
41.11,355,230
41.91,352,233
42.70,343,229
43.50,339,229
44.29,330,238
45.08,332,237
45.88,327,235
46.67,324,236
47.47,323,236
48.26,322,236
49.05,315,235
49.85,318,236
50.64,320,239
51.44,314,237
52.23,311,237
53.02,309,237
53.81,308,236
54.60,301,236
55.39,298,235
56.17,296,241
56.96,295,239
57.75,295,235
58.54,295,237
59.33,295,238
60.12,281,238
60.91,274,235
61.69,277,232
62.46,279,237
63.24,280,237
64.02,280,236
64.79,280,237
65.57,280,236
66.34,280,236
67.12,280,236
67.90,274,236
68.67,277,241
69.45,279,239
70.21,273,238
71.01,277,239
71.80,272,237
72.60,276,236
73.40,272,239
74.20,276,232
74.99,278,232
75.79,279,236
76.59,280,236
77.39,280,235
78.18,274,235
78.98,271,236
79.78,269,237
80.52,261,236
81.27,241,233
82.01,227,230
82.75,220,236
83.49,224,233
84.24,226,233
84.98,227,232
85.72,227,235
86.46,227,232
87.21,281,232
87.95,281,230
88.78,281,234
89.60,281,234
90.42,274,237
91.24,271,237
92.06,276,234
92.88,272,237
93.69,276,238
94.51,272,236
95.33,270,235
96.15,262,237
96.97,258,239
97.79,241,235
98.59,244,237
99.38,246,233
100.18,243,236
100.97,242,236
101.76,241,237
102.56,244,236
103.35,242,236
104.15,245,238
104.94,243,238
105.73,245,237
106.53,247,236
107.32,257,238
108.12,255,237
108.91,254,239
109.70,241,239
110.49,254,240
111.28,261,241
112.07,257,236
112.85,269,239
113.64,288,238
114.43,298,239
115.22,303,233
116.01,312,222
116.80,228,119
117.59,221,100
118.38,281,138
119.17,241,212
119.96,234,218
120.75,237,217
121.54,232,214
122.34,236,212
123.13,238,211
123.92,239,187
124.71,233,212
125.50,230,212
126.29,229,212
127.09,235,213
127.85,238,216
128.61,226,225
129.37,220,223
130.13,217,216
130.89,229,222
131.65,235,236
132.41,231,232
133.17,236,220
133.93,240,216
134.69,240,210
135.45,240,203
136.28,243,171
137.10,242,184
137.92,295,174
138.75,288,142
139.57,291,132
140.39,286,161
141.21,277,148
142.03,272,158
142.85,270,200
143.68,275,135
144.50,278,203
145.32,293,74
146.08,104,74
146.87,96,74
147.66,281,171
148.45,281,138
149.24,288,151
150.03,291,138
150.83,306,142
151.62,307,148
152.41,321,145
153.20,314,129
153.99,311,155
154.78,316,135
155.64,600,210
156.41,585,231
157.19,585,223
157.96,335,221
158.73,335,223
159.51,335,231
160.28,328,230
161.06,325,234
161.83,316,235
162.60,312,235
163.38,310,232
164.15,309,235
164.94,308,234
165.76,321,236
166.58,328,235
167.40,331,234
168.22,340,224
169.04,1489,217
169.85,1473,228
170.67,1489,228
171.49,6351,212
172.31,1239,145
173.13,1489,220
173.95,1489,220
174.71,538,223
175.50,538,226
176.30,538,229
177.09,522,228
177.88,507,225
178.68,522,221
179.47,538,216
180.27,187,222
181.06,187,228
181.85,180,236
182.65,177,232
183.44,175,221
184.24,188,218
185.05,194,217
185.85,164,232
186.66,134,242
187.46,126,242
188.27,107,239
189.07,105,242
189.88,112,239
190.68,93,240
191.49,106,241
192.29,105,244
193.10,112,239
193.86,115,228
194.64,124,226
195.43,149,231
196.21,161,234
196.99,167,234
197.77,170,239
198.56,172,231
199.34,179,228
200.12,210,224
200.90,225,227
201.69,226,228
202.47,233,227
203.23,237,226
204.03,239,223
204.82,242,217
205.62,881,217
206.42,881,225
207.22,881,230
208.01,896,227
208.81,912,239
209.61,928,230
210.41,553,223
211.20,553,227
212.00,538,233
212.79,522,231
213.59,507,232
214.39,507,233
215.19,507,230
215.99,507,232
216.79,507,232
217.58,499,232
218.38,507,232
219.18,507,232
219.98,499,227
220.78,495,233
221.58,507,232
222.38,522,236
223.17,522,232
223.97,538,233
224.76,554,234
225.55,554,236
226.35,554,231
227.14,554,234
227.94,554,233
228.73,585,236
229.52,585,235
230.32,585,232
231.11,601,231
231.91,585,234
232.70,585,237
233.50,601,231
234.29,585,232
235.08,616,236
235.87,601,234
236.67,616,234
237.46,616,234
238.25,616,234
239.04,616,236
239.84,632,232
240.63,647,236
241.42,647,234
242.21,647,234
242.99,647,234
243.78,647,234
244.57,647,236
245.35,663,236
246.14,663,238
246.92,663,238
247.71,647,236
248.50,647,235
249.28,647,238
250.07,647,237
250.90,663,237
251.69,647,236
252.48,647,235
253.27,647,234
254.06,647,233
254.85,647,236
255.65,647,236
256.44,632,235
257.23,632,234
258.02,632,235
258.81,632,239
259.60,616,233
260.39,601,225
261.21,585,225
262.03,554,227
262.86,554,227
263.68,538,228
264.50,523,229
265.32,523,228
266.14,507,230
266.96,507,232
267.79,507,232
268.61,499,233
269.43,487,230
270.19,481,235
270.99,470,234
271.80,457,232
272.60,443,234
273.40,436,231
274.20,425,233
275.01,420,236
275.81,417,233
276.61,409,234
277.41,405,234
278.22,403,235
279.02,402,234
279.85,401,232
280.64,401,233
281.43,401,234
282.22,401,234
283.01,401,234
283.80,401,233
284.60,393,232
285.39,397,233
286.18,399,235
286.97,400,236
287.76,393,235
288.55,389,233
289.31,387,234
290.13,374,233
290.95,380,236
291.78,390,233
292.60,402,233
293.42,408,237
294.24,426,219
295.06,819,223
295.88,835,224
296.71,835,224
297.53,850,226
298.35,866,231
299.15,866,233
299.97,850,235
300.78,772,228
301.60,757,228
302.41,507,211
303.23,788,212
304.04,772,214
304.86,803,211
305.67,459,210
306.49,452,210
307.30,455,155
308.12,435,210
308.91,432,174
309.70,416,193
310.49,401,200
311.28,381,210
312.07,174,180
312.86,174,215
313.66,174,220
314.45,174,225
315.24,174,226
316.03,161,225
316.82,155,228
317.61,152,230
318.41,163,232
319.21,168,231
320.00,158,233
320.80,153,231
321.60,151,234
322.40,150,232
323.19,162,230
323.99,155,231
324.79,164,229
325.59,169,228
326.38,171,227
327.18,172,224
327.97,173,218
328.77,173,212
329.56,187,210
330.36,459,180
331.16,467,161
331.96,471,203
332.75,523,213
333.55,554,229
334.35,538,231
335.15,554,231
335.94,554,233
336.74,554,232
337.86,538,233
338.65,538,231
339.45,523,233
340.24,538,234
341.03,523,233
341.82,523,234
342.62,538,233
343.41,523,233
344.20,523,234
344.99,523,232
345.79,523,233
346.58,523,232
347.37,523,230
348.11,386,221
348.84,386,227
349.58,374,233
350.31,368,235
351.05,365,238
351.78,375,236
352.52,380,229
353.25,371,224
353.99,459,223
354.72,523,233
355.46,523,236
356.25,523,231
357.04,523,225
357.83,538,212
358.63,322,214
359.42,459,222
0.21,401,224
1.00,393,215
1.79,104,129
2.58,336,155
3.38,349,145
4.17,523,190
4.96,538,224
5.79,538,232
6.58,538,231
7.36,538,234
8.15,538,236
8.94,554,232
9.73,554,236
10.51,554,237
11.30,554,234
12.09,570,226
12.88,554,210
13.66,309,224
14.45,302,229
15.25,298,223
16.03,303,215
16.80,570,215
17.58,349,222
18.36,349,216
19.14,342,222
19.91,325,228
20.69,330,219
21.47,319,213
22.25,307,211
23.02,294,212
23.80,288,214
24.59,278,210
25.38,280,224
26.18,267,239
26.97,274,237
27.76,278,233
28.55,293,221
29.35,430,229
30.14,437,234
30.93,433,232
31.72,424,236
32.52,419,232
33.31,417,234
34.10,409,232
34.86,405,233
35.63,395,233
36.39,398,234
37.16,392,233
37.92,377,235
38.69,369,232
39.45,365,235
40.22,363,231
40.98,356,236
41.75,352,232
42.51,344,231
43.30,340,228
44.09,331,234
44.89,333,235
45.68,321,236
46.47,321,237
47.26,328,237
48.06,325,234
48.85,323,235
49.64,322,236
50.43,315,235
51.23,312,235
52.02,310,234
52.76,309,237
53.56,302,236
54.36,298,237
55.15,296,237
55.95,295,238
56.75,295,237
57.55,295,236
58.35,295,236
59.15,295,240
59.94,281,237
60.74,274,237
61.54,271,236
62.30,276,238
63.09,279,237
63.87,280,240
64.66,281,236
65.45,281,238
66.24,281,240
67.02,281,239
67.81,281,236
68.60,281,237
69.39,268,238
70.17,268,240
70.96,275,240
71.82,278,236
72.61,280,238
73.40,281,238
74.19,281,236
74.98,281,232
75.77,281,234
76.55,274,235
77.34,271,239
78.13,269,237
78.92,268,236
79.71,268,236
80.50,261,236
81.29,241,236
82.09,234,231
82.90,224,233
83.70,226,230
84.51,233,231
85.31,230,233
86.12,235,232
86.92,238,232
87.73,239,232
88.53,253,232
89.34,267,235
90.14,274,238
90.89,278,237
91.66,280,235
92.43,274,235
93.19,271,238
93.96,276,236
94.73,265,236
95.50,260,236
96.27,257,238
97.04,256,238
97.80,255,237
98.57,241,236
99.34,244,235
100.13,236,236
100.92,238,235
101.72,239,236
102.51,243,235
103.30,242,237
104.09,245,237
104.89,250,242
105.68,252,239
106.47,253,238
107.26,254,239
108.06,261,236
108.85,241,239
109.64,244,236
110.43,256,241
111.22,262,240
112.01,265,238
112.80,273,238
113.59,277,237
114.39,299,240
115.18,297,234
115.97,316,220
116.76,339,84
117.55,268,100
118.34,228,158
119.13,228,213
119.94,228,221
120.74,228,219
121.55,228,214
122.36,228,212
123.17,234,210
123.97,231,211
124.78,229,210
125.59,228,213
126.40,234,213
127.20,237,214
128.01,232,221
128.80,223,226
129.59,219,217
130.38,217,215
131.18,229,228
131.97,228,233
132.76,234,226
133.55,237,218
134.34,241,213
135.13,254,187
135.93,261,193
136.72,264,161
137.51,259,180
138.27,257,164
139.07,262,203
139.88,265,161
140.68,260,184
141.48,271,142
142.29,269,145
143.09,268,193
143.90,268,158
144.70,268,155
145.50,336,51
146.31,282,64
147.11,288,168
147.87,241,96
148.67,295,155
149.47,295,164
150.26,295,132
151.06,295,155
151.86,295,180
152.66,302,168
153.46,305,129
154.26,307,164
155.05,328,142
155.85,585,220
156.65,585,228
157.47,336,220
158.26,329,221
159.04,332,224
159.83,327,230
160.61,324,232
161.40,323,236
162.18,316,236
162.97,312,234
163.75,310,234
164.54,309,233
165.32,322,233
166.11,329,233
166.97,332,232
167.78,334,228
168.60,1489,213
169.41,1489,226
170.22,1489,227
171.04,1505,216
171.85,6305,212
172.67,1489,215
173.48,1489,222
174.29,538,217
175.11,538,228
175.92,538,232
176.72,523,231
177.51,523,227
178.30,507,223
179.10,523,219
179.89,174,214
180.68,174,224
181.47,174,233
182.26,174,235
183.05,174,225
183.85,174,221
184.64,181,219
185.43,150,230
186.22,127,239
187.04,123,243
187.86,106,240
188.68,97,241
189.50,100,241
190.32,102,239
191.15,103,242
191.97,103,244
192.79,111,241
193.61,115,231
194.43,124,227
195.25,149,231
196.04,161,233
196.84,167,233
197.65,170,239
198.45,172,237
199.25,180,229
200.06,197,224
200.86,212,225
201.67,226,228
202.47,233,228
203.27,224,226
204.08,232,225
204.88,237,220
205.67,881,219
206.46,866,225
207.26,881,230
208.05,897,227
208.84,912,235
209.63,928,235
210.43,554,223
211.22,538,226
212.01,538,229
212.80,523,230
213.60,523,229
214.39,507,231
215.18,507,230
215.96,507,229
216.74,499,230
217.52,495,232
218.30,507,232
219.08,507,232
219.87,491,228
220.65,507,233
221.43,523,235
222.21,523,232
222.99,538,233
223.77,538,233
224.52,538,237
225.31,554,235
226.10,554,234
226.89,554,232
227.68,554,234
228.47,570,233
229.27,585,237
230.06,585,234
230.85,601,235
231.64,585,232
232.43,585,234
233.22,601,233
234.02,601,231
234.81,601,235
235.60,601,237
236.40,616,233
237.19,616,235
237.98,616,238
238.77,616,232
239.56,632,232
240.35,647,236
241.15,647,233
241.94,647,230
242.73,647,238
243.52,647,236
244.32,647,238
245.11,663,238
245.91,663,238
246.71,663,237
247.51,647,236
248.30,647,237
249.10,647,235
249.90,647,238
250.70,647,237
251.49,647,239
252.29,647,236
253.08,647,236
253.87,647,234
254.66,647,235
255.45,632,232
256.24,632,235
257.03,647,235
257.81,647,235
258.60,632,238
259.39,616,236
260.18,601,226
260.97,585,224
261.76,570,225
262.83,554,229
263.62,538,228
264.41,538,231
265.21,523,232
266.00,507,232
266.79,507,230
267.58,507,229
268.37,499,230
269.16,487,232
269.96,481,233
270.75,478,235
271.54,461,233
272.33,445,234
273.13,437,231
273.94,426,234
274.74,420,233
275.55,417,234
276.35,409,235
277.16,405,236
277.96,395,233
278.77,390,233
279.57,395,231
280.38,398,234
281.18,399,233
281.97,392,234
282.76,396,234
283.55,398,233
284.35,399,233
285.14,400,234
285.93,400,234
286.72,400,234
287.51,393,236
288.30,377,233
289.10,369,232
289.89,365,234
290.68,375,236
291.47,388,234
292.27,401,234
293.08,408,235
293.88,419,231
294.69,803,218
295.49,835,225
296.30,835,224
297.10,850,228
297.91,850,227
298.71,881,231
299.52,866,236
300.32,835,232
301.11,757,236
301.92,772,215
302.72,507,210
303.53,757,213
304.34,772,213
305.15,788,211
305.95,430,180
306.76,437,174
307.57,426,158
308.38,413,145
309.18,407,158
309.99,384,161
310.78,385,135
311.57,188,158
312.36,188,211
313.16,181,219
313.95,177,222
314.74,175,223
315.53,174,228
316.32,174,226
317.11,174,231
317.91,174,232
318.70,161,232
319.49,167,234
320.29,158,231
321.08,153,233
321.87,151,231
322.67,150,232
323.46,162,230
324.25,168,230
325.04,171,228
325.83,172,228
326.62,173,227
327.42,173,223
328.21,180,216
329.00,197,211
329.79,476,158
330.62,484,190
331.46,480,187
332.29,478,190
333.12,554,219
333.95,554,231
334.79,554,232
335.62,538,231
336.45,554,234
337.28,538,233
338.12,538,232
338.95,538,232
339.70,538,232
340.49,538,231
341.28,523,233
342.07,523,232
342.86,538,232
343.65,538,232
344.45,523,232
345.24,523,235
346.03,523,232
346.82,523,233
347.61,507,225
348.40,386,223
349.19,386,229
349.94,374,230
350.70,368,236
351.45,358,235
352.20,360,236
352.96,373,228
353.71,379,221
354.47,491,228
355.22,507,232
355.97,523,234
356.73,523,231
357.48,538,221
358.27,322,210
359.06,523,213
359.86,499,223
0.65,386,222
1.44,367,211
2.24,74,106
3.03,74,151
3.83,335,177
4.62,554,214
5.41,538,230
6.21,538,233
7.00,538,234
7.61,538,232
8.40,538,235
9.20,554,234
9.99,554,235
10.78,554,234
11.58,554,233
12.37,569,221
13.17,322,215
13.96,315,228
14.75,305,228
15.55,307,219
16.34,601,215
17.17,585,216
17.94,362,219
18.72,355,217
19.49,338,227
20.26,330,229
21.04,346,217
21.81,282,211
22.59,282,212
23.36,282,211
24.13,282,211
24.91,288,210
25.68,285,233
26.43,283,240
27.23,282,235
28.02,288,229
28.82,415,221
29.62,429,227
30.42,429,233
31.21,429,233
32.01,422,233
32.81,418,234
33.61,409,235
34.40,404,233
35.20,402,234
35.99,394,232
36.74,390,235
37.49,388,232
38.24,375,232
38.99,368,235
39.74,365,233
40.50,357,234
41.25,353,233
42.00,344,233
42.75,339,230
43.50,337,228
44.25,329,235
45.01,325,240
45.79,330,235
46.56,326,234
47.34,324,235
48.12,323,233
48.89,322,235
49.67,322,233
50.44,322,233
51.22,315,237
52.00,312,236
52.77,310,236
53.55,309,236
54.34,302,237
55.13,298,235
55.93,296,238
56.72,295,238
57.51,295,236
58.31,295,240
59.10,295,239
59.90,288,236
60.69,284,235
61.48,282,238
62.28,281,234
63.07,281,238
63.87,281,237
64.66,281,238
65.46,281,237
66.25,274,235
67.04,277,237
67.83,279,238
68.63,280,239
69.42,274,237
70.21,277,236
71.00,279,238
71.80,280,238
72.59,280,235
73.35,280,235
74.14,280,232
74.94,280,230
75.73,274,235
76.52,271,237
77.32,276,236
78.11,272,236
78.91,263,237
79.70,258,238
80.49,241,235
81.29,241,232
82.08,234,234
82.68,224,234
83.47,226,229
84.27,227,232
85.06,227,234
85.85,227,233
86.65,237,234
87.44,252,232
88.24,266,234
89.03,273,237
89.82,277,233
90.62,272,234
91.41,270,236
92.21,269,237
93.01,268,235
93.82,261,235
94.62,264,236
95.42,259,238
96.22,256,239
97.03,241,239
97.83,244,238
98.63,242,235
99.43,235,235
100.24,238,236
101.04,239,235
101.83,233,236
102.62,237,237
103.42,239,236
104.21,253,237
105.00,253,236
105.80,253,237
106.59,241,238
107.39,244,238
108.18,242,236
108.97,245,237
109.77,247,239
110.56,257,238
111.35,255,240
112.14,261,239
112.94,271,238
113.73,276,239
114.52,292,234
115.32,300,231
116.11,317,217
116.91,306,80
117.70,228,106
118.49,228,197
119.29,228,216
120.08,228,222
120.87,228,219
121.67,228,216
122.48,234,213
123.28,239,210
124.08,233,210
124.88,230,212
125.69,235,212
126.49,231,212
127.29,222,215
128.09,225,222
128.90,219,228
129.70,223,214
130.46,234,217
131.26,237,228
132.06,232,233
132.86,236,222
133.66,238,219
134.46,242,213
135.26,245,171
136.06,247,197
136.86,237,200
137.66,241,155
138.46,241,158
139.26,254,193
140.02,261,161
140.82,264,151
141.62,259,190
142.42,228,148
143.22,238,193
144.02,253,161
144.82,322,93
145.62,149,67
146.42,96,51
147.22,268,135
148.02,281,132
148.82,288,168
149.65,291,168
150.47,293,132
151.29,300,184
152.11,297,145
152.93,302,129
153.75,312,132
154.56,317,164
155.38,312,151
156.20,585,227
157.02,585,226
157.84,335,222
158.66,328,223
159.45,325,227
160.24,323,232
161.04,322,234
161.83,308,237
162.62,308,234
163.42,308,234
164.21,308,236
165.01,308,234
165.80,321,234
166.59,321,232
167.39,328,232
168.18,331,224
168.97,1489,217
169.76,1473,225
170.55,1489,230
171.34,6351,212
172.13,1255,164
172.92,1489,218
173.71,1489,221
174.50,538,224
175.29,522,228
176.08,538,231
176.87,522,227
177.66,507,224
178.49,522,223
179.32,522,214
180.14,174,221
180.97,174,227
181.80,180,234
182.62,177,232
183.45,175,222
184.27,174,220
185.10,174,221
185.93,146,235
186.75,132,239
187.58,118,243
188.37,111,240
189.16,100,239
189.96,102,241
190.75,95,239
191.54,107,242
192.34,113,244
193.13,116,236
193.93,117,227
194.72,125,225
195.51,149,232
196.31,161,232
197.10,167,233
197.89,170,240
198.70,172,234
199.50,179,226
200.31,210,223
201.12,219,226
201.92,230,227
202.73,235,228
203.53,238,226
204.34,239,224
205.15,240,216
205.95,881,220
206.76,881,226
207.59,881,229
208.38,912,228
209.17,928,239
209.96,928,229
210.75,553,227
211.54,538,227
212.33,538,233
213.12,522,227
213.91,507,230
214.70,507,231
215.49,507,231
216.28,507,232
217.08,499,230
217.86,495,232
218.64,507,231
219.42,507,231
220.20,507,227
220.98,507,231
221.76,522,234
222.54,522,233
223.32,538,233
224.10,538,232
224.88,553,232
225.66,553,232
226.41,553,235
227.20,553,232
228.00,553,234
228.79,585,233
229.58,600,231
230.38,600,234
231.17,585,232
231.97,585,234
232.76,585,237
233.55,600,231
234.35,585,234
235.14,600,238
235.93,600,236
236.72,616,233
237.51,600,234
238.30,616,234
239.09,631,232
239.88,647,232
240.67,647,235
241.46,647,234
242.25,647,232
243.04,647,234
243.83,647,237
244.62,647,237
245.42,662,236
246.21,662,238
247.00,647,237
247.79,647,235
248.58,647,236
249.37,647,237
250.15,647,237
250.94,647,238
251.73,647,239
252.52,647,237
253.31,647,237
254.10,647,235
254.90,647,236
255.69,647,235
256.49,631,233
257.28,631,237
258.07,631,233
258.86,631,237
259.66,616,235
260.45,600,225
261.24,585,224
262.03,569,226
262.83,553,228
263.62,538,229
264.41,522,230
265.20,522,228
265.98,507,230
266.77,507,230
267.56,499,232
268.35,495,228
269.13,485,232
269.92,480,234
270.71,469,236
271.50,456,230
272.28,450,231
273.07,439,234
273.90,427,232
274.72,421,230
275.54,418,233
276.36,409,232
277.18,404,234
278.00,394,234
278.81,389,234
279.63,387,232
280.45,393,233
281.27,389,233
282.09,394,235
282.91,389,233
283.67,394,231
284.47,397,233
285.26,398,233
286.06,391,233
286.86,395,237
287.65,390,236
288.45,387,235
289.24,374,234
290.04,368,234
290.84,376,238
291.63,388,233
292.43,394,234
293.19,404,234
293.98,416,230
294.78,818,221
295.57,834,224
296.36,834,226
297.16,849,227
297.95,865,227
298.75,881,233
299.54,865,238
300.33,850,232
301.13,756,230
301.92,787,214
302.75,507,187
303.56,787,214
304.38,741,212
305.19,756,210
306.00,444,174
306.81,444,177
307.63,422,171
308.44,418,184
309.25,401,193
310.06,393,180
310.88,389,148
311.69,174,145
312.48,187,212
313.27,168,218
314.07,171,223
314.86,172,222
315.65,160,225
316.45,167,229
317.24,158,230
318.04,153,233
318.83,151,232
319.62,162,231
320.42,168,235
321.21,158,232
322.00,166,230
322.79,170,231
323.59,172,229
324.38,173,230
325.17,173,229
325.97,173,227
326.76,173,226
327.56,173,224
328.35,173,216
329.14,180,212
329.94,177,148
330.73,491,158
331.56,483,210
332.39,487,158
333.21,553,223
334.04,553,230
334.86,553,234
335.69,538,232
336.51,538,232
337.34,538,234
338.16,538,233
338.99,538,235
339.81,538,233
340.64,538,232
341.43,538,234
342.22,522,233
343.02,522,234
343.81,522,233
344.60,522,231
345.40,522,233
346.19,522,232
346.99,522,233
347.78,507,226
348.57,385,224
349.37,373,228
350.16,367,235
350.91,364,233
351.65,356,236
352.39,370,234
353.13,377,227
353.87,381,220
354.61,476,229
355.36,507,236
356.10,522,234
356.84,522,234
357.58,522,219
358.32,308,211
359.06,507,216
359.89,444,222
0.65,385,221
1.40,385,210
2.16,335,161
2.92,328,171
3.68,331,177
4.43,538,213
5.19,538,228
5.95,538,234
6.71,538,232
7.46,538,236
8.22,538,234
9.02,553,235
9.81,553,234
10.61,553,235
11.40,553,232
12.19,569,218
12.98,308,218
13.78,301,230
14.57,298,228
15.36,303,216
16.15,585,216
16.95,569,218
17.74,349,220
18.53,342,218
19.34,332,229
20.16,327,226
20.97,324,215
21.78,268,211
22.60,274,212
23.41,277,213
24.23,286,211
25.04,290,213
25.85,285,236
26.67,283,238
27.48,282,235
28.34,295,229
29.13,400,222
29.92,422,230
30.71,425,230
31.50,427,234
32.29,421,235
33.08,418,235
33.87,409,233
34.66,404,232
35.45,402,235
36.24,393,232
37.03,389,235
37.65,375,233
38.44,368,232
39.24,365,235
40.03,363,232
40.82,362,236
41.61,355,234
42.41,352,231
43.20,343,227
43.99,332,233
44.78,333,234
45.58,334,235
46.37,328,236
47.16,325,235
47.94,323,236
48.71,322,235
49.49,322,237
50.27,322,235
51.05,315,236
51.82,311,236
52.60,309,237
53.38,308,237
54.16,308,239
54.93,301,237
55.71,298,237
56.54,289,235
57.33,292,236
58.12,293,239
58.91,294,237
59.70,294,234
60.49,281,235
61.28,281,236
62.07,281,236
62.86,281,238
63.65,281,237
64.44,281,238
65.23,281,237
66.09,281,236
66.86,274,239
67.62,277,237
68.39,279,237
69.16,280,238
69.93,280,237
70.69,280,237
71.46,280,237
72.23,280,236
73.00,280,238
73.76,280,234
74.53,280,232
75.33,280,232
76.11,274,237
76.89,277,237
77.67,272,239
78.45,270,234
79.23,269,236
80.01,268,237
80.79,261,234
81.57,241,232
82.35,234,236
83.13,231,233
83.91,236,231
84.70,232,230
85.49,230,231
86.28,239,235
87.07,260,231
87.86,270,233
88.65,275,235
89.44,278,236
90.23,273,233
91.02,277,237
91.81,279,236
92.60,280,235
93.39,280,238
94.26,274,234
95.05,271,237
95.83,262,238
96.62,258,241
97.41,256,238
98.19,255,237
98.98,228,235
99.76,234,236
100.55,237,235
101.34,241,237
102.12,241,238
102.91,244,237
103.70,246,235
104.49,250,237
105.29,241,239
106.08,244,239
106.87,246,237
107.67,250,236
108.46,259,240
109.26,256,238
110.05,255,238
110.84,261,239
111.64,264,239
112.43,266,238
113.19,280,237
113.98,294,239
114.77,294,233
115.56,308,230
116.35,321,155
117.14,214,84
117.93,268,106
118.72,228,211
119.51,228,218
120.30,228,220
121.09,228,215
121.88,234,214
122.74,237,211
123.57,232,211
124.40,236,212
125.23,238,211
126.06,239,212
126.89,233,213
127.72,237,216
128.55,225,224
129.38,219,223
130.21,223,214
131.04,232,220
131.87,236,235
132.62,232,233
133.42,236,221
134.21,238,215
135.01,253,210
135.81,241,180
136.60,244,190
137.40,262,168
138.19,271,171
138.99,269,174
139.79,268,145
140.58,288,116
141.38,278,155
142.18,273,142
142.95,290,145
143.73,279,168
144.50,273,151
145.27,277,67
146.05,228,51
146.82,151,71
147.60,281,148
148.37,281,148
149.14,288,161
149.92,298,210
150.69,296,122
151.55,309,187
152.35,302,155
153.14,318,151
153.94,320,148
154.74,327,168
155.54,600,212
156.33,585,231
157.13,585,219
157.93,335,223
158.73,328,222
159.52,331,231
160.32,333,231
161.14,334,235
161.93,321,233
162.73,314,234
163.52,311,233
164.31,309,236
165.11,308,235
165.90,321,232
166.70,328,233
167.49,331,232
168.28,340,222
169.08,1489,223
169.87,1473,229
170.66,1489,227
171.45,6320,213
172.25,1504,210
173.04,1489,220
173.83,1489,218
174.63,538,224
175.42,538,227
176.22,538,231
177.01,507,227
177.80,507,222
178.60,522,221
179.39,522,212
180.15,187,225
180.97,180,230
181.79,177,237
182.61,175,229
183.43,174,222
184.25,180,220
185.06,177,221
185.88,148,235
186.70,133,242
187.52,111,243
188.34,107,237
189.16,98,241
189.92,108,241
190.72,98,240
191.51,101,243
192.31,102,244
193.11,110,238
193.90,114,229
194.70,131,227
195.49,152,231
196.29,163,233
197.09,168,235
197.88,171,238
198.68,172,233
199.47,173,226
200.26,200,224
201.06,214,229
201.85,227,227
202.64,234,229
203.44,237,226
204.23,239,222
205.03,242,219
205.82,881,218
206.61,881,227
207.41,881,229
208.20,896,227
208.96,912,239
209.74,928,230
210.51,553,223
211.29,538,228
212.07,538,229
212.84,522,230
213.62,507,229
214.39,507,232
215.17,507,230
215.95,507,230
216.72,507,233
217.50,491,229
218.33,507,234
219.12,507,233
219.91,522,229
220.70,507,231
221.49,507,232
222.28,522,233
223.07,538,232
223.86,538,234
224.65,553,235
225.44,553,234
226.23,553,236
227.02,538,233
227.81,553,232
228.60,585,235
229.40,585,233
230.19,600,236
230.98,600,232
231.78,585,235
232.57,585,234
233.37,600,231
234.16,600,232
234.95,600,234
235.75,616,235
236.54,616,238
237.30,616,233
238.09,616,236
238.89,616,235
239.68,631,233
240.47,631,237
241.26,647,236
242.06,647,233
242.85,647,236
243.64,647,237
244.43,647,238
245.23,663,236
246.02,663,235
246.85,663,236
247.65,663,237
248.45,647,235
249.25,647,234
250.05,647,236
250.85,647,238
251.65,647,237
252.45,647,237
253.25,647,234
254.05,647,235
254.85,647,233
255.65,647,234
256.44,632,238
257.25,632,235
258.06,647,234
258.87,632,237
259.68,632,236
260.49,601,228
261.30,585,227
262.11,569,225
262.92,554,227
263.73,538,232
264.54,538,230
265.35,523,229
266.11,523,229
266.90,507,229
267.69,507,232
268.48,499,231
269.27,495,230
270.06,485,234
270.85,480,234
271.64,462,233
272.43,453,233
273.22,434,234
274.01,424,233
274.80,419,232
275.66,417,234
276.46,416,232
277.26,408,234
278.06,404,235
278.86,402,233
279.66,401,233
280.46,393,233
281.26,396,234
282.06,398,232
282.86,399,233
283.66,392,233
284.46,396,234
285.25,398,235
286.08,399,234
286.91,399,237
287.74,392,236
288.57,377,234
289.40,369,235
290.23,377,233
291.06,381,236
291.89,390,232
292.72,402,234
293.55,408,234
294.38,419,227
295.17,819,221
295.97,834,223
296.76,834,225
297.56,850,225
298.36,866,228
299.15,881,235
299.95,866,239
300.74,834,229
301.54,756,230
302.34,803,212
303.13,507,210
303.93,756,215
304.72,741,211
305.51,772,211
306.30,491,161
307.09,430,174
307.88,422,168
308.67,411,135
309.47,413,161
310.26,399,177
311.05,380,177
311.84,174,174
312.63,174,214
313.42,174,219
314.17,174,221
314.97,174,227
315.76,174,226
316.56,174,230
317.36,161,230
318.15,167,230
318.95,158,232
319.74,153,232
320.54,163,234
321.34,156,235
322.13,152,235
322.93,150,233
323.73,162,229
324.53,168,231
325.32,171,229
326.12,172,228
326.92,173,223
327.71,173,218
328.51,180,215
329.30,184,210
330.10,166,168
330.90,476,184
331.69,460,164
332.49,538,184
333.24,554,225
334.07,554,231
334.90,538,231
335.73,538,232
336.56,538,234
337.39,538,234
338.22,538,234
339.05,538,231
339.88,538,231
340.71,538,235
341.54,538,233
342.37,523,232
343.20,538,232
343.99,523,232
344.77,523,231
345.56,523,232
346.35,523,233
347.14,507,230
347.92,523,221
348.71,386,226
349.50,374,230
350.29,368,233
351.07,365,235
351.86,363,235
352.40,374,234
353.15,380,225
353.89,459,221
354.64,475,232
355.39,523,234
356.14,523,233
356.88,523,229
357.63,538,215
358.38,322,193
359.13,476,218
359.87,415,223
0.62,400,218
1.41,381,158
2.23,358,129
3.04,340,197
3.86,538,145
4.68,554,220
5.49,538,229
6.31,538,235
7.12,538,235
7.94,538,233
8.76,538,233
9.57,554,235
10.39,554,234
11.22,554,233
12.01,554,231
12.80,585,211
13.59,309,221
14.38,302,228
15.17,298,222
15.96,303,215
16.75,585,220
17.54,362,218
18.33,362,217
19.12,348,221
19.91,335,227
20.70,328,222
21.49,331,215
22.28,306,212
23.07,294,211
23.86,288,214
24.65,285,193
25.44,283,218
26.23,282,237
27.02,282,239
27.81,288,231
28.60,291,224
29.39,444,226
30.15,444,230
30.92,437,234
31.68,433,234
32.45,424,235
33.22,419,235
33.98,409,234
34.75,404,233
35.51,402,233
36.28,394,232
37.05,390,233
37.81,376,236
38.58,369,233
39.41,365,232
40.20,357,234
40.98,359,233
41.77,354,235
42.56,344,229
43.35,339,228
44.13,337,229
44.92,336,236
45.71,335,235
46.50,328,235
47.28,325,233
48.07,323,235
48.90,322,237
49.66,322,237
50.43,315,235
51.19,312,237
51.95,310,235
52.72,309,237
53.48,309,235
54.25,302,238
55.01,298,239
55.77,296,237
56.54,295,236
57.30,295,235
58.06,295,234
58.85,295,238
59.65,288,236
60.44,278,236
61.23,280,236
62.02,281,237
62.82,281,237
63.61,281,238
64.40,274,238
65.19,278,237
65.99,280,237
66.78,274,237
67.76,278,237
68.55,280,237
69.34,281,239
70.13,274,237
70.92,278,239
71.71,280,237
72.50,281,238
73.29,274,236
74.08,271,235
74.87,276,231
75.66,279,234
76.45,280,236
77.20,281,237
78.01,268,240
78.81,268,236
79.62,241,237
80.43,241,235
81.23,241,235
82.04,234,233
82.84,224,235
83.65,232,231
84.46,236,232
85.26,232,232
86.07,236,235
86.87,240,234
87.66,234,229
88.46,258,231
89.25,270,235
90.04,276,235
90.83,279,234
91.63,273,236
92.42,277,235
93.21,272,236
94.00,270,236
94.80,269,236
95.59,262,239
96.39,258,239
97.14,256,239
97.89,255,237
98.64,241,234
99.39,241,236
100.14,244,234
100.89,246,236
101.64,250,236
102.39,241,236
103.14,241,237
103.89,241,235
104.64,244,238
105.40,246,238
106.22,250,237
107.03,252,236
107.85,253,239
108.67,260,237
109.48,264,239
110.30,266,239
111.11,267,239
111.93,267,236
112.75,274,238
113.56,284,240
114.38,289,237
115.21,299,235
116.00,317,222
116.80,241,103
117.59,244,93
118.38,236,151
119.17,238,213
119.97,233,221
120.76,230,218
121.55,229,214
122.34,235,212
123.14,240,211
123.93,240,210
124.73,240,212
125.52,240,211
126.31,234,212
127.10,239,214
127.89,233,218
128.68,223,228
129.47,218,220
130.26,223,215
131.05,232,225
131.84,236,234
132.63,232,230
133.42,236,220
134.25,238,214
135.05,239,210
135.86,240,190
136.66,261,174
137.46,241,193
138.26,244,180
139.07,246,168
139.87,257,161
140.67,262,158
141.47,272,164
142.28,263,168
143.08,265,193
143.87,273,174
144.66,277,122
145.46,272,71
146.25,89,64
147.04,282,103
147.84,288,132
148.63,291,171
149.43,293,168
150.22,294,155
151.01,294,168
151.81,314,177
152.60,311,197
153.39,310,151
154.18,316,145
154.97,325,155
155.76,585,218
156.55,585,228
157.34,335,216
158.13,328,223
158.92,325,225
159.71,330,232
160.50,332,231
161.29,327,234
162.08,318,235
162.88,313,234
163.67,311,236
164.47,310,235
165.26,316,235
166.05,319,233
166.84,327,235
167.64,331,234
168.43,346,217
169.22,1489,226
170.01,1489,230
170.81,1505,222
171.60,6305,214
172.50,1505,212
173.29,1489,220
174.09,538,214
174.88,538,226
175.67,538,231
176.47,523,230
177.26,507,227
178.06,507,224
178.85,523,218
179.64,174,215
180.44,174,226
181.23,174,231
182.02,174,236
182.84,174,225
183.66,161,220
184.48,187,220
185.30,168,225
186.12,143,238
186.94,131,243
187.76,117,241
188.58,103,240
189.40,103,241
190.22,103,241
191.04,103,242
191.79,111,244
192.58,115,244
193.37,117,237
194.16,118,225
194.95,133,226
195.74,153,235
196.53,163,234
197.32,168,238
198.11,171,236
198.90,172,232
199.69,180,223
200.48,204,225
201.28,216,227
202.09,222,228
202.90,231,229
203.71,236,226
204.52,238,223
205.33,881,216
206.13,866,220
206.94,866,224
207.75,881,227
208.56,912,231
209.37,912,240
210.18,943,221
210.98,554,226
211.74,538,230
212.51,538,233
213.27,522,228
214.03,507,229
214.80,507,230
215.56,507,231
216.33,507,229
217.09,499,231
217.85,507,232
218.62,507,233
219.38,507,230
220.21,507,229
221.00,507,233
221.79,522,232
222.58,522,235
223.37,538,231
224.16,522,233
224.95,538,235
225.74,553,236
226.53,553,234
227.32,553,235
228.11,553,234
228.90,585,233
229.73,585,236
230.53,600,235
231.33,585,233
232.13,585,232
232.93,585,237
233.73,600,232
234.53,569,231
235.33,600,237
236.13,600,237
236.93,616,234
237.73,600,236
238.53,616,236
239.32,631,235
240.10,647,234
240.87,647,236
241.65,647,234
242.43,647,233
243.20,647,234
243.98,647,237
244.75,647,237
245.53,663,235
246.31,663,238
247.08,663,236
247.86,647,237
248.66,647,237
249.45,647,238
250.25,647,236
251.04,647,235
251.83,647,237
252.62,647,238
253.42,647,236
254.21,647,234
255.00,647,234
255.79,631,234
256.59,647,234
257.38,631,235
258.21,631,233
259.01,631,239
259.81,616,234
260.61,585,228
261.41,585,227
262.21,569,229
263.01,553,229
263.81,538,229
264.61,538,231
265.41,522,227
266.21,522,228
267.01,507,228
267.80,499,230
268.59,495,230
269.39,485,233
270.18,480,234
270.97,469,233
271.77,456,232
272.56,442,233
273.36,435,234
274.15,425,233
274.94,420,232
275.74,410,235
276.53,405,231
277.58,402,235
278.37,401,233
279.16,400,232
279.95,381,233
280.74,390,234
281.53,395,233
282.32,390,233
283.11,395,232
283.90,390,233
284.69,395,234
285.48,390,234
286.27,395,236
287.13,397,234
287.93,391,235
288.74,388,232
289.54,375,234
290.34,380,233
291.14,382,236
291.95,391,233
292.75,403,236
293.55,409,233
294.35,419,222
295.16,803,221
295.96,834,226
296.76,834,225
297.55,850,226
298.35,865,228
299.14,881,236
299.93,865,237
300.72,803,226
301.52,756,227
302.31,507,211
303.10,772,211
303.89,756,214
304.69,803,211
305.48,772,197
306.24,459,142
307.08,437,145
307.91,418,187
308.75,409,187
309.59,404,200
310.42,394,177
311.26,378,161
312.09,149,210
312.93,161,215
313.77,155,220
314.60,164,222
315.44,169,225
316.19,159,226
316.98,146,228
317.78,160,231
318.57,154,231
319.36,164,233
320.16,169,233
320.95,159,233
321.75,166,232
322.54,157,233
323.33,165,231
324.13,169,231
324.92,159,228
325.71,166,228
326.50,170,226
327.30,172,225
328.09,173,219
328.88,193,214
329.68,203,210
330.47,459,177
331.27,451,187
332.06,463,161
332.85,507,211
333.65,553,228
334.44,538,231
335.23,553,232
336.05,538,233
336.87,538,231
337.69,538,230
338.51,538,236
339.33,538,233
340.15,538,234
340.97,538,235
341.79,538,233
342.61,522,234
343.43,522,232
344.25,522,235
345.00,522,231
345.72,522,232
346.44,522,233
347.17,522,232
347.89,507,220
348.61,385,226
349.33,373,230
350.05,361,232
350.77,355,236
351.50,358,240
352.22,371,232
352.94,378,225
353.69,459,224
354.49,475,231
355.28,522,237
356.08,522,234
356.88,522,228
357.68,538,213
358.47,514,210
359.27,502,218
0.07,400,225
0.87,392,218
1.66,335,158
2.46,328,151
3.21,325,193
4.01,553,158
4.80,538,227
5.60,538,232
6.40,538,233
7.19,538,234
7.99,538,232
8.78,538,236
9.58,553,236
10.38,553,235
11.17,553,233
11.97,553,229
12.73,585,212
13.52,308,225
14.32,301,230
15.11,298,221
15.90,303,215
16.70,585,218
17.49,349,219
18.29,349,217
19.08,342,223
19.87,332,229
20.67,333,219
21.46,314,212
22.29,297,211
23.08,289,212
23.86,292,213
24.65,286,184
25.44,283,222
26.22,275,238
27.01,278,237
27.79,286,236
28.58,297,223
29.37,444,225
30.15,444,233
30.94,436,232
31.70,425,231
32.47,420,232
33.23,417,236
34.00,408,231
34.77,404,232
35.54,394,235
36.30,389,232
37.07,387,233
37.84,374,235
38.61,368,235
39.37,365,235
40.14,363,233
40.93,362,232
41.72,355,232
42.52,345,232
43.31,340,226
44.10,331,234
44.90,326,235
45.69,324,235
46.49,323,237
47.28,322,234
48.07,322,236
48.87,322,234
49.66,322,235
50.45,315,235
51.24,311,235
52.03,309,236
52.82,302,235
53.61,305,237
54.40,306,235
55.19,300,235
55.98,297,238
56.77,296,238
57.56,295,240
58.35,295,238
59.14,295,238
59.90,288,235
60.69,278,237
61.49,279,237
62.28,280,236
63.07,280,237
63.86,280,238
64.66,274,238
65.45,277,237
66.24,279,236
67.03,280,239
67.83,280,236
68.62,274,237
69.38,271,239
70.17,276,237
70.97,278,237
71.76,279,236
72.55,280,237
73.34,274,235
74.14,277,235
74.93,279,231
75.72,273,235
76.51,270,235
77.31,275,239
78.10,271,236
78.97,269,236
79.73,241,236
80.49,244,237
81.25,242,236
82.01,235,234
82.77,224,236
83.54,232,229
84.30,230,232
85.06,229,232
85.82,235,231
86.58,258,232
87.34,269,231
88.13,268,232
88.92,274,234
89.72,271,237
90.51,276,235
91.30,265,236
92.10,266,235
92.89,273,236
93.69,277,239
94.48,272,237
95.27,270,237
96.07,262,240
96.86,258,237
97.76,256,237
98.55,255,236
99.35,241,235
100.14,241,236
100.93,241,236
101.72,241,237
102.52,244,237
103.31,246,237
104.10,250,236
104.89,259,239
105.69,241,238
106.48,244,238
107.28,246,238
108.09,250,238
108.89,252,237
109.70,253,240
110.51,260,238
111.31,264,239
112.12,259,238
112.92,270,238
113.73,282,236
114.54,295,238
115.34,301,231
116.15,318,219
116.90,333,109
117.70,281,113
118.49,241,177
119.29,234,214
120.09,237,219
120.89,225,216
121.68,233,214
122.48,230,212
123.28,235,210
124.08,231,211
124.87,236,210
125.67,238,212
126.42,233,212
127.20,237,214
127.98,232,220
128.76,223,227
129.54,218,217
130.32,216,213
131.10,228,230
131.88,228,234
132.66,234,228
133.44,237,218
134.22,241,212
135.00,244,211
135.80,246,200
136.60,264,193
137.41,259,180
138.21,270,184
139.01,262,145
139.81,265,151
140.62,241,142
141.42,254,158
142.22,261,200
143.02,264,174
143.83,266,177
144.63,267,116
145.42,104,58
146.21,81,67
147.01,282,161
147.80,295,168
148.59,288,148
149.39,291,168
150.18,300,171
150.98,297,155
151.77,303,164
152.56,319,168
153.36,307,155
154.15,308,135
154.91,321,148
155.72,585,219
156.52,585,229
157.33,335,220
158.14,328,222
158.94,331,225
159.75,333,230
160.55,334,231
161.36,328,237
162.17,318,236
162.97,313,232
163.78,311,234
164.53,310,236
165.35,316,234
166.18,325,234
167.00,330,233
167.82,332,227
168.64,1489,214
169.47,1473,227
170.29,1489,230
171.11,1505,216
171.93,6321,211
172.76,1489,216
173.58,1489,222
174.41,538,216
175.20,523,225
175.98,538,231
176.77,523,230
177.56,507,224
178.35,507,223
179.13,507,218
179.92,201,217
180.71,194,223
181.50,191,233
182.28,182,237
183.07,178,221
183.86,176,220
184.67,195,219
185.48,164,229
186.29,141,239
187.10,122,243
187.91,113,242
188.72,108,241
189.53,113,241
190.34,108,241
191.15,113,243
191.96,108,244
192.77,113,238
193.53,123,231
194.33,128,226
195.12,151,230
195.92,162,235
196.72,168,232
197.51,178,239
198.31,176,232
199.10,175,229
199.90,188,223
200.70,208,226
201.49,224,228
202.29,226,228
202.94,233,227
203.73,237,225
204.53,239,218
205.32,866,217
206.11,866,225
206.90,881,229
207.70,897,226
208.49,912,238
209.28,928,236
210.07,554,223
210.87,538,226
211.66,538,232
212.46,523,230
213.27,507,230
214.08,507,232
214.89,507,232
215.70,507,232
216.51,507,232
217.31,499,232
218.12,507,233
218.93,507,235
219.74,507,230
220.55,507,233
221.36,523,232
222.15,523,234
222.94,523,235
223.74,538,232
224.53,538,234
225.32,554,234
226.12,554,235
226.91,554,233
227.71,554,232
228.50,569,233
229.29,585,234
230.09,585,233
230.88,601,235
231.71,585,232
232.50,585,236
233.28,601,233
234.07,601,232
234.86,585,234
235.64,616,232
236.43,616,235
237.21,616,234
238.00,616,237
238.79,616,237
239.57,632,235
240.36,647,236
241.19,647,235
241.96,647,233
242.74,647,236
243.51,647,235
244.28,647,235
245.06,663,239
245.83,663,238
246.61,663,237
247.38,663,237
248.15,647,237
248.93,647,236
249.70,647,236
250.50,663,238
251.30,663,236
252.09,647,235
252.89,647,238
253.69,647,233
254.48,647,233
255.28,647,235
256.07,632,235
256.87,632,232
257.67,647,234
258.46,632,237
259.26,632,237
260.02,616,229
260.81,585,224
261.61,570,225
262.40,554,226
263.19,538,228
263.98,538,231
264.78,523,226
265.57,523,229
266.36,507,227
267.15,507,230
267.95,499,230
268.74,495,233
269.57,485,233
270.38,480,233
271.20,469,233
272.01,457,233
272.82,451,233
273.63,440,231
274.45,427,234
275.26,421,234
276.07,411,235
276.88,406,235
277.70,403,234
278.51,402,233
279.31,382,233
280.10,391,233
280.90,396,233
281.69,398,234
282.48,392,232
283.27,396,233
284.07,398,234
284.86,399,232
285.65,400,234
286.44,400,236
287.24,400,237
288.03,393,234
288.83,389,235
289.66,375,232
290.49,380,234
291.33,390,234
292.16,395,231
292.99,397,233
293.82,406,236
294.65,418,215
295.48,819,223
296.32,834,224
297.15,834,225
297.98,850,227
298.81,850,230
299.61,881,237
300.40,834,234
301.20,756,230
302.00,772,223
302.80,523,211
303.59,756,211
304.39,772,212
305.19,772,211
305.99,444,193
306.78,444,190
307.58,437,171
308.40,426,168
309.19,420,168
309.99,403,210
310.78,382,168
311.57,384,135
312.37,174,211
313.16,174,215
313.96,174,221
314.75,174,224
315.54,161,226
316.34,155,229
317.13,164,229
317.89,169,229
318.69,171,231
319.48,160,230
320.28,154,232
321.08,151,231
321.87,150,233
322.67,149,231
323.46,161,232
324.26,167,230
325.06,158,229
325.85,166,227
326.65,170,223
327.48,172,225
328.27,180,218
329.06,184,213
329.85,179,180
330.64,459,180
331.43,467,161
332.22,471,190
333.01,569,215
333.80,554,228
334.59,554,232
335.38,554,233
336.17,538,233
337.50,538,233
338.29,538,236
339.09,538,230
339.88,538,231
340.68,538,233
341.47,538,234
342.27,523,233
343.06,523,234
343.86,523,232
344.65,523,232
345.45,523,233
346.24,523,230
347.03,523,231
347.75,523,229
348.48,386,221
349.20,374,226
349.92,368,233
350.65,358,236
351.37,360,235
352.10,373,232
352.82,379,228
353.54,370,221
354.27,459,226
354.99,507,235
355.79,523,235
356.58,523,232
357.37,538,220
358.16,322,212
358.95,507,212
359.74,444,222
0.54,386,224
1.33,374,213
2.12,380,145
2.91,364,158
3.70,349,164
4.49,554,212
5.32,538,230
6.11,538,232
6.89,538,232
7.68,538,234
8.46,538,233
9.25,538,233
10.03,554,235
10.82,554,233
11.60,554,233
12.39,569,222
13.17,309,214
13.96,302,230
14.72,298,229
15.51,296,219
16.31,302,216
17.10,362,217
17.89,355,219
18.68,345,219
19.48,333,227
20.27,327,231
21.06,331,216
21.85,306,211
22.65,300,211
23.44,291,213
24.24,286,212
25.03,290,200
25.83,286,235
26.62,270,238
27.41,276,236
28.21,285,230
29.00,415,221
29.80,422,229
30.59,433,234
31.38,431,231
32.18,423,232
32.97,419,234
33.73,417,232
34.49,408,234
35.26,404,233
36.02,395,233
36.78,390,233
37.54,388,232
38.31,375,235
39.07,368,234
39.83,365,233
40.59,363,232
41.36,356,232
42.12,345,233
42.95,340,229
43.75,337,229
44.54,329,237
45.34,325,235
46.14,323,234
46.94,322,237
47.73,322,236
48.53,322,236
49.33,322,237
50.13,322,236
50.92,315,233
51.72,312,237
52.40,310,236
53.18,309,236
53.96,309,235
54.74,302,236
55.52,298,237
56.30,296,234
57.08,295,236
57.86,295,238
58.64,295,238
59.42,295,237
60.20,288,236
60.98,285,239
61.85,283,235
62.63,282,238
63.42,282,237
64.20,282,239
64.98,282,238
65.76,282,238
66.55,282,237
67.33,282,236
68.11,282,238
68.89,282,239
69.68,282,238
70.46,282,239
71.29,282,236
72.09,282,238
72.88,282,237
73.68,282,236
74.48,275,233
75.28,278,232
76.07,280,237
76.87,281,237
77.67,274,237
78.47,271,236
79.26,269,235
80.06,262,238
80.82,228,236
81.61,234,233
82.40,231,232
83.19,222,235
83.98,225,232
84.77,233,232
85.55,230,231
86.34,239,233
87.13,253,235
87.92,267,232
88.71,274,232
89.50,278,235
90.33,280,237
91.11,281,236
91.90,281,236
92.68,274,236
93.46,271,236
94.25,263,235
95.03,265,236
95.82,260,238
96.60,257,239
97.38,256,239
98.17,255,238
98.95,241,236
99.78,241,235
100.57,244,236
101.37,242,235
102.16,235,237
102.95,238,236
103.75,239,237
104.54,243,236
105.34,242,238
106.13,245,237
106.92,250,239
107.72,259,239
108.51,257,240
109.27,262,239
110.06,258,240
110.85,256,238
111.64,262,241
112.43,265,238
113.22,273,237
114.00,284,239
114.79,296,233
115.58,295,236
116.37,308,211
117.16,228,87
117.95,234,100
118.82,237,210
119.60,232,218
120.38,230,221
121.16,229,218
121.94,228,213
122.72,234,212
123.50,237,210
124.28,232,212
125.06,236,212
125.84,238,212
126.62,233,212
127.40,237,216
127.90,232,222
128.70,223,228
129.49,225,215
130.29,233,217
131.09,237,231
131.89,232,234
132.68,236,224
133.48,240,218
134.28,261,211
135.08,264,190
135.87,241,206
136.67,241,210
137.46,244,164
138.30,246,142
139.14,257,168
139.98,262,171
140.82,258,129
141.66,263,180
142.49,272,161
143.33,283,206
144.17,282,158
145.01,288,109
145.85,44,54
146.69,309,51
147.45,295,119
148.24,295,164
149.04,295,138
149.83,295,161
150.62,302,145
151.42,292,174
152.21,307,187
153.01,314,158
153.80,311,168
154.59,316,180
155.39,319,145
156.18,585,227
157.01,569,223
157.78,335,223
158.55,328,222
159.32,331,230
160.09,333,232
160.86,327,230
161.63,324,236
162.40,316,237
163.17,312,234
163.94,310,233
164.71,316,235
165.48,325,234
166.31,330,232
167.14,332,231
167.97,340,224
168.81,1489,218
169.64,1473,229
170.47,1489,230
171.30,6336,210
172.13,1240,168
172.96,1489,219
173.80,1489,223
174.63,538,223
175.46,538,226
176.22,538,231
177.01,523,226
177.80,507,225
178.59,523,220
179.38,538,216
180.17,174,220
180.97,174,225
181.76,174,236
182.55,174,232
183.34,174,221
184.13,174,221
184.92,187,219
185.75,153,232
186.57,136,239
187.39,127,241
188.21,115,240
189.03,102,240
189.85,110,239
190.66,114,239
191.48,109,242
192.30,114,244
193.12,116,238
193.94,125,228
194.76,129,226
195.52,151,231
196.30,162,234
197.08,168,234
197.86,171,244
198.64,172,235
199.42,180,229
200.19,197,225
200.97,212,226
201.75,226,227
202.53,233,228
203.31,237,226
204.09,239,224
204.89,240,218
205.68,881,218
206.48,881,226
207.27,881,229
208.06,912,231
208.86,912,240
209.65,928,227
210.45,554,226
211.24,538,226
212.03,538,229
212.83,523,227
213.62,523,232
214.45,507,229
215.26,507,231
216.08,507,231
216.89,507,232
217.70,507,232
218.51,499,234
219.33,507,230
220.14,507,231
220.95,507,232
221.76,523,231
222.58,523,234
223.39,538,232
224.18,538,233
224.97,554,234
225.76,554,236
226.55,554,233
227.34,554,235
228.13,554,235
228.91,585,229
229.70,585,234
230.49,585,237
231.28,585,231
232.07,585,234
232.86,585,235
233.66,601,234
234.46,585,232
235.25,601,234
236.05,616,235
236.85,616,236
237.65,616,236
238.44,616,236
239.24,616,231
240.04,647,232
240.84,647,236
241.63,647,233
242.43,647,235
243.22,647,235
243.98,647,235
244.74,647,236
245.50,663,237
246.26,663,238
247.02,663,234
247.78,647,232
248.54,647,236
249.30,647,235
250.06,647,236
250.82,663,237
251.58,647,239
252.38,647,238
253.17,647,235
253.97,647,233
254.76,647,234
255.55,647,235
256.35,631,235
257.14,631,233
257.94,631,236
258.73,631,237
259.52,616,234
260.32,600,224
261.11,585,228
261.90,569,226
262.69,553,227
263.48,538,229
264.27,538,229
265.06,522,231
265.85,522,232
266.64,507,230
267.43,499,231
268.22,495,233
269.01,485,231
269.80,480,235
270.59,469,234
271.38,456,234
272.22,442,233
273.06,435,233
273.91,425,237
274.75,420,234
275.59,417,235
276.43,408,236
277.27,404,232
278.11,402,232
278.96,401,233
279.80,393,232
280.64,396,232
281.51,390,234
282.30,387,233
283.09,393,234
283.88,396,234
284.67,398,235
285.46,399,233
286.26,399,234
287.05,399,233
287.84,392,235
288.63,388,234
289.42,386,236
290.21,374,235
291.00,379,237
291.81,389,233
292.61,394,235
293.42,397,235
294.23,413,226
295.03,818,219
295.84,818,224
296.64,834,226
297.45,850,228
298.26,834,227
299.06,896,233
299.87,865,237
300.62,850,231
301.40,756,232
302.17,772,215
302.95,507,211
303.73,772,214
304.50,772,214
305.28,444,211
306.05,444,200
306.83,444,197
307.61,436,197
308.38,418,184
309.16,409,171
309.96,397,187
310.75,379,145
311.54,149,138
312.33,161,213
313.12,167,216
313.91,170,222
314.71,172,222
315.50,160,228
316.29,167,225
317.08,158,229
317.87,166,231
318.66,170,232
319.49,159,232
320.28,154,232
321.08,151,232
321.87,162,233
322.66,155,231
323.46,164,231
324.25,169,229
325.05,171,231
325.84,172,227
326.63,173,227
327.43,173,223
328.22,180,217
329.01,197,211
329.84,476,148
330.67,476,190
331.49,483,210
332.32,479,177
333.15,553,221
333.98,553,229
334.81,553,231
335.64,553,232
336.46,538,231
337.29,538,232
338.12,538,235
338.94,538,235
339.73,538,235
340.52,522,233
341.31,522,234
342.10,522,231
342.89,522,234
343.67,522,233
344.46,522,234
345.25,522,232
346.04,522,234
346.83,522,230
347.62,522,227
348.42,385,222
349.16,385,229
349.90,373,233
350.64,367,238
351.38,364,236
352.12,374,233
352.87,379,229
353.61,382,223
354.35,459,229
355.09,507,233
355.83,522,235
356.57,522,234
357.33,538,220
358.12,538,211
358.92,522,216
359.71,499,223
0.50,385,223
1.29,367,212
2.09,351,151
2.88,329,180
3.67,332,148
4.46,553,212
5.26,538,231
6.05,538,231
6.88,538,237
7.67,538,235
8.45,538,235
9.24,538,233
10.03,553,235
10.82,553,233
11.60,553,234
12.39,569,222
13.18,308,211
13.97,301,228
14.75,298,228
15.54,303,219
16.33,305,215
17.09,585,217
17.85,349,220
18.61,349,216
19.37,335,230
20.13,328,225
20.90,331,216
21.66,313,211
22.42,297,190
23.18,296,212
23.94,288,213
24.70,291,210
25.49,286,231
26.28,283,237
27.08,282,237
27.87,288,228
28.66,400,219
29.45,414,230
30.25,421,230
31.04,425,233
31.83,420,234
32.62,417,236
33.42,408,233
34.21,404,232
35.00,402,232
35.76,401,232
36.53,393,233
37.29,389,235
38.06,375,233
38.82,368,233
39.59,365,235
40.35,363,233
41.12,356,235
41.88,352,232
42.65,343,230
43.41,339,231
44.20,337,233
45.02,329,236
45.83,325,235
46.65,323,235
47.47,322,237
48.29,322,236
49.10,322,236
49.92,315,234
50.74,318,235
51.56,313,236
52.37,310,238
53.19,309,235
53.94,308,238
54.74,301,236
55.54,298,235
56.34,296,237
57.14,295,237
57.94,295,236
58.73,295,236
59.53,295,238
60.33,288,234
61.13,284,238
61.93,282,236
62.73,275,237
63.49,278,238
64.27,279,237
65.04,280,237
65.82,280,236
66.60,280,236
67.38,274,240
68.15,277,235
68.93,272,238
69.71,270,238
70.49,275,236
71.26,278,238
72.04,273,237
72.87,270,238
73.66,275,235
74.45,278,233
75.24,279,228
76.03,280,237
76.82,274,237
77.60,277,238
78.39,272,237
79.18,270,237
79.97,269,236
80.76,261,237
81.55,257,235
82.34,228,233
83.09,221,235
83.84,232,229
84.60,237,232
85.35,232,230
86.10,236,232
86.85,232,232
87.60,256,232
88.35,268,234
89.11,274,236
89.86,277,237
90.61,279,234
91.40,280,235
92.22,280,236
93.03,280,236
93.85,267,236
94.67,267,238
95.48,260,237
96.30,257,238
97.11,255,241
97.93,254,235
98.75,241,236
99.56,241,235
100.38,241,236
101.18,241,235
101.97,244,237
102.76,246,238
103.56,250,236
104.35,252,237
105.14,253,238
105.93,253,238
106.72,253,238
107.51,260,235
108.31,257,239
109.10,255,239
109.89,254,238
110.65,254,239
111.46,261,239
112.27,264,238
113.08,272,236
113.89,290,240
114.70,299,235
115.51,297,234
116.32,316,211
117.13,241,84
117.94,234,96
118.75,231,210
119.56,229,218
120.32,228,224
121.13,228,216
121.93,228,215
122.74,228,211
123.55,234,210
124.36,231,211
125.16,229,211
125.97,228,212
126.78,228,211
127.59,228,218
128.39,228,223
129.20,221,225
130.02,224,215
130.81,231,216
131.60,236,231
132.39,232,233
133.18,230,222
133.97,235,217
134.76,239,210
135.55,242,180
136.34,245,180
137.13,256,168
137.92,262,158
138.71,265,171
139.50,266,132
140.32,280,171
141.13,280,158
141.95,274,168
142.77,271,129
143.58,283,193
144.40,268,135
145.21,261,64
146.03,89,64
146.85,308,58
147.66,294,119
148.48,301,148
149.24,304,184
150.04,299,142
150.84,303,161
151.64,292,151
152.44,300,190
153.24,304,190
154.04,306,155
154.84,307,151
155.64,600,211
156.44,585,230
157.24,585,224
158.04,335,222
158.80,328,222
159.59,331,231
160.39,326,229
161.18,324,235
161.97,323,233
162.76,315,234
163.56,311,234
164.35,309,236
165.14,315,235
165.93,325,231
166.73,323,234
167.52,329,233
168.27,332,222
169.06,1489,218
169.85,1489,228
170.64,1489,227
171.43,6320,212
172.22,1504,151
173.02,1473,218
173.81,1489,217
174.60,538,225
175.39,538,226
176.18,538,230
176.97,507,226
177.76,522,222
178.55,522,220
179.35,187,213
180.14,187,222
180.93,180,226
181.72,177,238
182.52,182,231
183.31,178,221
184.10,176,220
184.89,175,221
185.69,154,234
186.48,136,240
187.58,120,240
188.37,104,241
189.16,104,241
189.95,104,240
190.74,104,239
191.53,104,241
192.31,111,242
193.10,115,238
193.89,124,229
194.68,129,224
195.47,139,234
196.26,144,232
197.12,146,238
197.92,160,236
198.73,167,235
199.53,170,226
200.33,199,223
201.14,213,227
201.94,227,230
202.75,234,229
203.55,237,229
204.35,239,222
205.16,240,217
205.96,865,218
206.75,865,225
207.55,881,227
208.34,896,227
209.14,912,240
209.94,928,228
210.73,553,223
211.53,538,227
212.32,538,229
213.12,522,230
213.92,522,230
214.71,507,229
215.51,507,231
216.26,507,231
217.03,499,233
217.81,495,233
218.58,507,235
219.36,507,232
220.13,507,229
220.91,507,233
221.68,522,231
222.46,522,234
223.23,538,233
224.01,522,233
224.78,553,233
225.57,553,237
226.38,553,233
227.18,553,231
227.99,553,233
228.80,585,232
229.61,585,236
230.41,600,232
231.22,600,231
232.03,585,235
232.84,585,234
233.64,600,232
234.45,600,232
235.24,600,234
236.04,600,238
236.83,616,234
237.63,616,235
238.42,616,236
239.22,616,234
240.01,647,233
240.81,631,236
241.60,647,235
242.40,647,233
243.19,647,232
243.99,647,239
244.75,647,235
245.53,663,236
246.31,663,237
247.09,663,237
247.87,647,236
248.65,647,235
249.44,647,235
250.22,647,237
251.00,647,238
251.78,647,237
252.56,647,237
253.34,647,237
254.09,647,237
254.86,647,233
255.64,647,233
256.41,631,234
257.19,647,235
257.96,647,236
258.74,631,238
259.51,616,234
260.29,616,224
261.06,585,225
261.84,569,227
262.61,553,229
263.40,538,229
264.19,538,229
264.99,522,231
265.78,507,230
266.57,507,231
267.36,499,231
268.16,495,232
268.95,493,230
269.74,484,231
270.53,480,233
271.33,462,232
272.12,453,231
272.88,441,233
273.70,428,233
274.53,421,235
275.35,418,233
276.17,409,234
276.99,397,235
277.82,398,235
278.64,399,232
279.46,392,232
280.28,396,235
281.11,390,235
281.93,387,233
282.73,386,234
283.52,393,233
284.31,396,235
285.11,398,234
285.90,399,235
286.69,399,238
287.48,392,234
288.27,388,235
289.06,375,234
289.86,368,233
290.65,376,235
291.44,388,235
292.54,401,232
293.33,408,233
294.13,418,229
294.92,818,219
295.71,834,224
296.50,834,224
297.30,834,227
298.09,850,228
298.88,896,235
299.67,865,239
300.47,834,231
301.26,756,231
302.05,787,214
302.85,787,200
303.66,772,215
304.46,803,212
305.26,756,210
306.07,444,190
306.87,436,187
307.68,425,193
308.48,412,187
309.28,406,135
310.09,384,180
310.89,373,151
311.65,119,161
312.44,134,213
313.23,154,221
314.03,164,223
314.82,169,225
315.61,171,226
316.40,160,229
317.19,167,229
317.98,170,231
318.78,159,230
319.57,166,235
320.36,157,233
321.23,165,231
322.02,157,232
322.81,153,234
323.60,163,229
324.39,168,232
325.18,171,230
325.96,172,228
326.75,173,226
327.54,173,220
328.33,193,215
329.12,217,211
329.91,209,161
330.70,476,177
331.52,476,184
332.34,476,193
333.15,553,221
333.97,553,227
334.79,538,232
335.61,553,228
336.43,538,234
337.25,538,235
338.06,538,233
338.88,538,234
339.70,538,235
340.46,538,233
341.25,522,231
342.05,522,233
342.84,538,231
343.63,522,234
344.42,522,233
345.22,522,234
346.01,522,234
346.80,522,233
347.59,506,224
348.39,385,225
349.18,373,230
349.97,367,236
350.70,358,236
351.44,360,236
352.17,372,235
352.91,378,229
353.64,459,222
354.38,475,232
355.11,522,234
355.85,522,236
356.58,522,229
357.32,538,218
358.05,308,210
358.85,444,216
359.67,451,223
0.50,385,219
1.32,385,171
2.14,308,129
2.96,315,180
3.79,318,168
4.61,538,218
5.43,538,231
6.25,538,234
7.08,538,233
7.90,538,236
8.66,538,234
9.45,538,234
10.25,553,233
11.04,553,236
11.83,553,232
12.62,585,215
13.42,308,220
14.21,301,230
15.00,298,225
15.79,303,214
16.59,305,217
17.38,326,217
18.21,337,217
18.97,336,221
19.73,329,230
20.49,325,223
21.25,310,214
22.01,295,212
22.78,288,210
23.54,284,213
24.30,276,210
25.06,278,214
25.82,279,236
26.58,273,239
27.37,277,237
28.16,292,228
28.96,429,225
29.75,436,231
30.54,432,234
31.33,430,236
32.13,422,235
32.92,418,235
33.71,409,233
34.50,404,233
35.30,402,233
36.09,401,232
36.88,393,235
37.64,389,234
38.41,375,232
39.17,368,235
39.94,365,232
40.70,356,235
41.47,352,234
42.23,343,232
43.00,339,227
43.76,330,231
44.53,332,234
45.29,333,233
46.04,327,235
46.86,324,237
47.68,323,235
48.50,322,236
49.32,322,237
50.14,315,236
50.96,311,236
51.78,309,235
52.60,308,238
53.42,308,237
54.24,308,234
55.06,301,235
55.82,298,235
56.62,296,237
57.41,295,237
58.21,295,235
59.01,295,239
59.80,295,238
60.60,288,234
61.39,278,237
62.19,279,236
62.99,280,237
63.78,280,236
64.58,274,239
65.37,277,238
66.15,279,240
66.92,280,237
67.70,280,236
68.48,280,237
69.26,280,237
70.03,280,236
70.81,280,238
71.59,280,236
72.37,280,238
73.14,280,239
73.92,280,237
74.71,280,231
75.50,280,235
76.29,280,236
77.08,274,236
77.87,271,237
78.66,269,236
79.45,261,238
80.24,257,237
81.03,255,237
81.82,227,232
82.61,220,233
83.40,217,233
84.16,268,231
84.96,241,232
85.75,234,232
86.55,251,232
87.35,252,231
88.14,266,231
88.94,273,232
89.73,277,236
90.53,279,234
91.33,266,237
92.12,260,236
92.92,264,238
93.68,272,235
94.48,276,237
95.27,272,237
96.07,263,241
96.87,258,238
97.66,256,240
98.46,241,235
99.25,244,235
100.05,246,236
100.85,243,237
101.64,242,236
102.44,241,237
103.20,244,238
103.99,256,237
104.79,255,241
105.58,254,239
106.37,254,241
107.16,254,238
107.96,254,240
108.75,254,239
109.54,261,238
110.33,264,236
111.13,266,238
111.92,267,238
112.86,267,236
113.65,274,239
114.44,291,239
115.23,299,232
116.02,297,227
116.81,241,119
117.60,241,132
118.39,241,148
119.18,234,213
119.97,230,218
120.76,228,220
121.55,227,214
122.38,227,214
123.16,227,211
123.93,234,211
124.71,230,211
125.49,228,213
126.27,227,214
127.04,234,214
127.82,237,219
128.60,225,225
129.38,219,222
130.15,223,214
130.93,225,223
131.68,226,234
132.47,226,228
133.26,233,220
134.05,238,215
134.84,242,210
135.63,261,177
136.42,271,177
137.21,269,174
138.00,268,200
138.79,268,135
139.58,261,116
140.37,264,164
141.23,266,151
142.06,267,210
142.89,274,200
143.72,271,164
144.55,269,132
145.38,268,54
146.21,58,35
147.04,254,87
147.87,267,155
148.70,281,164
149.53,294,138
150.36,294,142
151.15,294,164
151.95,294,158
152.76,294,164
153.56,294,113
154.36,301,168
155.17,311,168
155.97,585,219
156.78,585,232
157.58,335,217
158.38,335,223
159.19,335,223
159.99,335,232
160.78,328,232
161.57,318,235
162.37,313,236
163.16,310,234
163.95,309,233
164.74,308,236
165.54,315,233
166.33,325,232
167.12,330,234
167.91,332,230
168.71,340,216
169.50,1489,224
170.30,1489,230
171.09,1489,221
171.88,6320,213
172.67,1489,214
173.46,1489,220
174.25,538,214
175.04,538,225
175.83,538,231
176.62,522,230
177.41,507,225
178.20,507,222
178.99,522,217
179.78,187,218
180.59,187,225
181.39,180,228
182.20,177,240
183.01,175,225
183.82,162,218
184.62,174,221
185.43,154,228
186.24,136,238
187.05,127,244
187.85,115,242
188.66,101,240
189.45,102,241
190.24,103,239
191.04,95,239
191.83,107,241
192.62,105,242
193.41,112,236
194.21,115,224
195.00,144,227
195.79,159,232
196.58,166,234
197.38,170,236
198.17,172,237
198.96,173,233
199.76,187,224
200.57,207,225
201.37,217,228
202.17,229,228
202.98,235,229
203.78,238,227
204.59,239,221
205.39,881,217
206.19,881,220
207.00,881,230
207.80,881,228
208.63,912,233
209.42,912,241
210.21,553,221
211.00,538,225
211.79,538,231
212.58,522,230
213.37,522,228
214.16,507,229
214.95,507,233
215.74,507,234
216.53,499,232
217.32,495,233
217.94,493,232
218.74,507,232
219.53,507,233
220.33,499,230
221.12,522,235
221.92,522,231
222.71,522,233
223.51,538,232
224.30,538,233
225.10,553,233
225.89,553,235
226.69,538,234
227.45,553,235
228.24,569,233
229.03,585,235
229.82,600,234
230.61,600,234
231.40,569,232
232.19,585,231
232.98,585,238
233.77,600,231
234.56,585,232
235.35,600,234
236.14,600,235
236.97,616,234
237.76,600,235
238.55,616,235
239.34,631,235
240.13,647,234
240.92,631,239
241.71,647,232
242.50,647,234
243.29,647,235
244.08,647,237
244.87,662,235
245.66,662,236
246.45,662,239
247.23,662,236
248.00,647,237
248.78,647,236
249.56,647,236
250.34,647,237
251.11,647,236
251.89,647,236
252.67,647,235
253.45,647,236
254.22,647,237
255.00,647,233
255.79,647,234
256.59,631,234
257.40,631,234
258.20,631,234
259.00,631,239
259.81,616,229
260.61,585,225
261.42,585,224
262.22,553,226
263.02,553,226
263.83,538,227
264.63,538,230
265.46,522,230
266.25,507,229
267.04,507,231
267.83,499,231
268.62,495,231
269.41,477,232
270.19,476,236
270.98,467,234
271.77,455,233
272.56,442,233
273.35,435,233
274.14,425,234
274.94,420,233
275.76,417,233
276.58,408,232
277.40,396,234
278.22,398,235
279.04,399,234
279.85,399,235
280.67,392,234
281.49,396,232
282.31,398,234
283.13,399,235
283.95,399,233
284.71,392,235
285.51,396,235
286.30,398,233
287.10,399,237
287.90,392,235
288.70,388,236
289.49,386,234
290.29,374,235
291.09,379,236
291.89,397,235
292.68,406,234
293.48,410,236
294.23,419,222
295.02,818,223
295.82,834,225
296.61,834,226
297.40,850,227
298.19,865,229
298.99,896,236
299.78,865,238
300.57,834,230
301.36,756,229
302.16,787,211
302.95,507,211
303.75,772,215
304.55,772,213
305.36,772,210
306.16,444,161
306.96,436,164
307.76,425,155
308.57,412,148
309.37,406,148
310.17,410,148
310.97,397,142
311.78,391,145
312.58,174,215
313.38,174,220
314.17,161,221
314.97,167,225
315.76,170,229
316.55,172,228
317.34,160,229
318.14,167,232
318.93,158,233
319.72,153,233
320.51,163,234
321.31,168,235
322.10,158,232
322.89,153,233
323.68,163,232
324.48,168,232
325.27,171,226
326.06,172,227
326.85,173,225
327.65,173,221
328.44,180,217
329.23,157,210
330.02,476,187
330.82,476,158
331.61,476,184
332.44,483,174
333.25,553,224
334.07,553,231
334.88,538,231
335.70,538,237
336.51,538,232
337.33,538,232
338.14,538,232
338.96,538,230
339.77,538,232
340.59,522,232
341.40,522,231
342.19,538,232
342.98,522,232
343.78,538,234
344.57,522,234
345.36,522,233
346.16,522,232
346.95,522,232
347.75,507,223
348.54,385,225
349.33,385,227
350.13,373,232
350.92,367,237
351.71,364,234
352.44,374,233
353.18,368,226
353.91,365,219
354.65,476,230
355.38,522,231
356.12,522,235
356.85,522,227
357.59,538,218
358.32,308,210
359.06,491,217
359.79,429,225
0.58,407,222
1.39,335,174
2.19,342,138
3.00,332,168
3.81,385,210
4.61,553,221
5.42,538,230
6.22,538,233
7.03,538,233
7.84,538,233
8.64,538,232
9.45,538,234
10.24,553,235
11.03,553,234
11.83,553,231
12.62,585,213
13.41,308,220
14.21,301,230
15.00,298,226
15.80,303,214
16.59,585,217
17.38,362,218
18.18,362,217
18.97,342,220
19.73,332,231
20.51,327,224
21.28,317,215
22.06,299,212
22.84,290,211
23.61,285,213
24.39,283,197
25.16,282,217
25.94,281,238
26.72,281,240
27.49,288,234
28.27,298,225
29.10,429,226
29.88,436,230
30.67,432,232
31.45,423,232
32.23,419,232
33.02,417,235
33.80,408,233
34.59,404,232
35.37,402,232
36.15,393,235
36.94,389,233
37.72,375,235
38.55,368,233
39.34,365,232
40.14,363,234
40.93,356,233
41.72,352,234
42.52,343,231
43.31,339,228
44.11,330,230
44.90,332,235
45.69,327,237
46.49,324,235
47.28,323,236
48.07,322,235
48.88,322,235
49.68,322,237
50.49,315,238
51.30,311,235
52.10,309,237
52.91,308,237
53.71,308,238
54.52,308,234
55.33,301,236
56.13,298,236
56.94,296,237
57.73,295,239
58.52,295,238
59.31,295,238
60.10,288,235
60.89,278,235
61.68,279,235
62.47,280,236
63.26,280,236
64.05,280,235
64.84,280,237
65.63,280,236
66.42,280,237
67.25,280,237
68.01,280,239
68.77,274,236
69.53,277,238
70.29,279,236
71.05,280,240
71.82,274,237
72.58,277,239
73.34,279,237
74.10,280,233
74.86,280,231
75.62,280,236
76.41,274,236
77.19,277,238
77.96,241,238
78.74,244,239
79.52,256,236
80.30,262,236
81.07,258,234
81.85,228,233
82.63,221,235
83.41,231,229
84.18,236,236
84.96,238,231
85.75,239,232
86.54,242,232
87.33,255,233
88.12,268,230
88.91,268,235
89.70,274,235
90.49,271,237
91.28,269,235
92.07,268,238
92.86,268,236
93.65,274,237
94.44,271,238
95.30,269,237
96.10,261,240
96.90,257,236
97.70,241,237
98.50,241,236
99.30,244,235
100.10,242,236
100.90,241,236
101.70,241,237
102.50,241,239
103.30,241,238
104.10,244,237
104.86,246,237
105.68,250,238
106.51,252,235
107.33,241,239
108.15,244,238
108.97,242,239
109.80,245,236
110.62,256,239
111.44,262,237
112.26,265,237
113.09,273,234
113.91,290,238
114.70,299,238
115.49,297,234
116.29,316,218
117.08,241,90
117.87,295,96
118.67,228,145
119.46,228,215
120.26,228,221
121.05,228,218
121.84,228,213
122.64,238,212
123.43,233,197
124.26,237,210
125.04,239,211
125.83,233,212
126.61,230,212
127.39,229,215
128.18,221,220
128.96,217,227
129.75,215,216
130.53,228,215
131.31,228,227
132.10,228,234
132.88,228,227
133.71,234,217
134.51,239,211
135.32,242,211
136.12,255,161
136.92,254,193
137.72,267,184
138.53,241,158
139.33,254,158
140.13,241,161
140.93,244,180
141.74,256,119
142.54,262,142
143.33,265,171
144.12,273,203
144.92,277,116
145.71,214,58
146.50,166,67
147.30,295,119
148.09,301,148
148.89,291,138
149.68,286,148
150.47,290,138
151.27,299,135
152.06,303,177
152.85,305,171
153.64,313,148
154.43,324,155
155.22,329,168
156.01,585,226
156.80,569,227
157.59,335,222
158.38,328,222
159.17,331,227
159.96,333,231
160.75,327,234
161.54,324,235
162.30,323,234
163.10,315,235
163.90,311,234
164.70,316,235
165.50,325,232
166.30,330,233
167.10,332,232
167.90,333,226
168.70,1489,219
169.50,1489,227
170.30,1489,229
171.10,1520,211
172.43,6320,184
173.22,1489,219
174.02,1489,221
174.81,538,223
175.60,538,224
176.40,538,229
177.19,522,230
177.99,507,226
178.78,522,220
179.57,538,214
180.37,187,221
181.16,180,226
181.95,177,232
182.73,175,234
183.50,174,223
184.28,180,220
185.06,183,219
185.84,151,233
186.61,127,240
187.39,115,243
188.17,109,240
188.95,99,239
189.72,101,241
190.50,102,239
191.33,103,240
192.12,103,243
192.92,111,242
193.71,115,228
194.50,132,225
195.29,153,231
196.09,163,235
196.88,168,233
197.67,171,238
198.46,172,232
199.26,173,230
200.05,207,224
200.85,217,227
201.67,222,230
202.49,231,229
203.31,236,228
204.13,238,224
204.95,242,218
205.76,881,219
206.58,881,227
207.40,881,228
208.22,896,226
209.04,912,238
209.86,928,234
210.65,553,224
211.41,538,227
212.17,538,232
212.93,522,228
213.69,522,231
214.45,522,229
215.22,507,231
215.98,507,233
216.74,507,230
217.50,499,234
218.26,507,234
219.02,507,234
219.85,499,229
220.64,507,232
221.43,507,232
222.22,522,232
223.01,538,234
223.80,538,231
224.59,538,234
225.38,553,235
226.17,553,234
226.96,553,231
227.75,553,234
228.54,585,231
229.33,585,232
230.12,600,233
230.92,600,235
231.71,585,233
232.50,585,233
233.30,600,234
234.09,600,234
234.89,600,234
235.68,616,235
236.47,616,235
237.27,616,234
238.06,616,237
238.81,616,234
239.59,647,232
240.37,631,234
241.15,647,238
241.93,647,232
242.71,647,235
243.50,647,235
244.28,647,237
245.06,663,236
245.84,663,238
246.62,663,237
247.40,663,235
248.12,647,236
248.91,647,235
249.71,647,237
250.50,647,239
251.29,647,237
252.08,647,236
252.88,647,236
253.67,647,234
254.46,647,234
255.25,631,233
256.05,631,235
256.84,631,233
257.64,631,235
258.44,631,235
259.23,631,239
260.03,616,228
260.83,585,224
261.62,569,225
262.42,553,226
263.21,553,230
264.01,538,227
264.81,522,228
265.60,522,229
266.40,507,233
267.15,507,230
267.94,499,232
268.74,495,231
269.53,485,233
270.32,480,235
271.12,469,234
271.91,456,233
272.71,442,232
273.50,428,233
274.29,421,233
275.09,418,234
275.88,409,232
276.67,404,233
277.47,402,234
278.28,393,235
279.08,396,233
279.88,390,236
280.69,395,235
281.49,397,233
282.30,398,232
283.10,399,232
283.90,399,232
284.71,399,233
285.51,399,234
286.27,399,237
287.11,399,238
287.95,392,236
288.79,388,234
289.63,375,232
290.47,368,236
291.30,384,236
292.14,399,233
292.98,407,235
293.82,411,236
294.66,427,218
295.50,818,224
296.25,834,224
297.04,834,226
297.84,865,227
298.63,865,231
299.42,896,235
300.22,850,237
301.01,772,229
301.81,772,224
302.60,507,210
303.39,772,212
304.19,772,215
304.98,772,211
305.77,444,210
306.59,429,171
307.40,422,171
308.22,418,210
309.04,409,180
309.85,385,145
310.67,385,177
311.48,373,168
312.30,201,211
313.12,187,215
313.93,180,219
314.75,177,223
315.54,163,225
316.33,168,226
317.13,171,230
317.92,172,231
318.71,173,233
319.51,161,233
320.30,155,232
321.10,164,232
321.89,169,231
322.68,171,233
323.48,172,234
324.27,160,230
325.06,167,232
325.86,170,229
326.65,172,225
327.45,173,224
328.25,180,219
329.05,183,214
329.84,158,210
330.64,172,168
331.44,476,158
332.24,476,171
333.03,483,210
333.83,553,226
334.58,553,232
335.37,538,232
336.15,538,230
336.94,553,233
337.73,538,232
338.52,538,233
339.30,538,233
340.09,538,236
340.88,538,232
341.67,522,233
342.45,522,234
343.24,538,230
344.07,522,233
344.83,522,233
345.58,522,233
346.34,522,233
347.10,522,231
347.86,522,219
348.61,385,229
349.37,373,230
350.13,367,232
350.89,364,238
351.64,363,233
352.40,374,232
352.79,379,227
353.58,459,222
354.38,475,234
355.17,522,233
355.96,522,233
356.76,523,231
357.55,538,216
358.35,282,210
359.14,491,218
359.93,400,221
0.73,381,217
1.52,371,168
2.31,44,142
3.10,322,155
3.89,328,164
4.68,538,222
5.47,538,234
6.26,538,233
7.05,538,234
7.84,554,234
8.63,538,233
9.42,554,233
10.21,554,235
11.00,554,235
11.83,554,235
12.62,585,214
13.41,309,219
14.20,302,227
14.99,298,224
15.78,303,215
16.57,585,216
17.36,362,218
18.15,355,220
18.94,345,220
19.73,333,232
20.52,327,224
21.32,344,213
22.10,282,210
22.87,282,212
23.65,282,214
24.43,282,210
25.20,288,214
25.98,285,238
26.75,276,240
27.53,285,232
28.31,297,224
29.08,415,224
29.86,429,231
30.62,429,232
31.41,429,232
32.20,422,231
32.99,418,234
33.78,416,234
34.57,408,233
35.36,397,235
36.15,391,235
36.94,388,231
37.73,375,233
38.52,368,234
39.31,365,234
40.14,363,233
40.93,362,234
41.72,355,234
42.51,345,229
43.30,340,230
44.09,324,232
44.88,330,237
45.67,333,235
46.46,327,238
47.25,324,237
48.04,323,233
48.83,322,236
49.66,322,235
50.44,315,236
51.21,312,236
51.99,310,237
52.77,302,235
53.54,305,237
54.32,300,237
55.09,304,235
55.87,306,235
56.65,300,234
57.42,297,238
58.20,296,238
58.96,295,237
59.77,295,237
60.57,288,235
61.38,285,237
62.19,283,236
62.99,282,236
63.80,282,238
64.60,282,238
65.41,282,236
66.22,282,235
67.02,282,238
67.83,275,236
68.66,278,237
69.45,280,238
70.23,281,239
71.02,281,238
71.81,281,237
72.59,281,235
73.38,281,238
74.16,281,232
74.95,274,231
75.74,278,231
76.52,273,237
77.31,270,237
78.14,269,235
78.89,268,236
79.63,268,237
80.38,241,236
81.13,254,234
81.88,228,232
82.62,221,232
83.37,224,231
84.12,232,233
84.87,236,233
85.61,252,232
86.36,241,234
87.12,241,232
87.91,261,232
88.71,271,232
89.50,276,232
90.29,272,235
91.09,277,236
91.88,279,235
92.68,273,237
93.47,270,236
94.26,269,235
95.06,268,237
95.85,261,242
96.71,258,241
97.51,256,237
98.32,255,234
99.12,228,236
99.92,234,235
100.73,237,233
101.53,241,234
102.34,234,238
103.14,237,238
103.94,241,236
104.75,244,238
105.55,246,237
106.30,250,238
107.11,252,237
107.91,260,238
108.72,264,237
109.53,259,237
110.33,257,238
111.14,262,237
111.94,265,237
112.75,266,237
113.56,280,239
114.36,287,239
115.17,298,233
115.93,310,220
116.72,323,87
117.52,329,109
118.31,268,161
119.10,228,213
119.90,228,220
120.69,228,218
121.49,234,214
122.28,237,213
123.07,241,211
123.87,234,210
124.66,231,211
125.49,236,210
126.29,238,213
127.10,239,213
127.90,233,219
128.70,224,227
129.50,219,219
130.31,223,215
131.11,232,227
131.91,230,233
132.71,229,228
133.52,235,220
134.32,240,214
135.15,261,180
135.95,271,200
136.75,269,171
137.55,268,200
138.35,268,177
139.15,241,142
139.95,254,158
140.75,274,135
141.55,264,161
142.35,266,177
143.15,267,168
143.95,274,177
144.70,284,138
145.50,29,71
146.29,66,67
147.09,282,145
147.89,288,155
148.69,298,158
149.48,296,168
150.28,295,158
151.08,295,145
151.88,302,168
152.67,305,155
153.47,320,177
154.26,314,164
155.06,325,132
155.87,585,223
156.67,585,229
157.47,336,220
158.27,329,224
159.08,332,226
159.88,334,233
160.68,328,232
161.48,325,234
162.29,317,237
163.09,313,235
163.96,311,235
164.76,316,235
165.56,326,233
166.36,331,232
167.16,333,236
167.96,334,231
168.76,1489,214
169.56,1489,226
170.36,1489,230
171.16,1505,216
171.96,6305,212
172.76,1489,218
173.55,1489,222
174.35,538,219
175.14,538,226
175.94,538,232
176.74,523,231
177.53,507,227
178.33,523,223
179.12,523,215
179.92,174,218
180.72,181,226
181.51,184,235
182.31,179,232
183.07,176,223
183.89,175,219
184.71,195,220
185.53,164,229
186.35,141,238
187.17,130,244
187.98,124,241
188.80,114,240
189.62,116,242
190.44,110,240
191.26,107,244
192.08,105,242
192.88,104,242
193.67,119,232
194.47,119,224
195.26,134,230
196.05,154,232
196.85,164,233
197.64,169,238
198.44,171,235
199.23,172,231
200.02,193,225
200.82,210,224
201.61,219,230
202.50,230,227
203.29,235,226
204.09,238,226
204.88,239,219
205.67,881,217
206.47,881,225
207.26,881,228
208.06,897,227
208.85,912,237
209.64,928,238
210.44,554,220
211.23,538,228
212.03,538,230
212.81,523,227
213.58,507,229
214.36,523,230
215.14,507,232
215.91,499,230
216.69,507,228
217.46,499,231
218.24,507,233
219.02,507,232
219.79,507,232
220.57,499,230
221.36,507,236
222.15,523,232
222.94,507,233
223.73,538,233
224.52,538,236
225.31,554,234
226.11,554,234
226.90,554,235
227.69,554,232
228.48,569,234
229.27,585,234
230.06,585,238
230.85,601,233
231.63,585,235
232.41,585,231
233.19,585,233
233.97,585,232
234.75,601,233
235.53,601,234
236.31,616,236
237.09,616,232
237.87,601,235
238.65,616,237
239.43,632,234
240.22,632,235
241.01,647,237
241.81,647,234
242.60,647,234
243.39,647,235
244.19,647,236
244.98,663,235
245.78,663,236
246.57,663,238
247.36,663,238
248.16,647,237
248.95,647,236
249.70,647,238
250.49,647,238
251.29,647,238
252.08,647,239
252.87,647,236
253.67,647,234
254.46,647,236
255.26,647,233
256.05,632,235
256.84,647,235
257.64,632,233
258.43,632,236
259.23,632,238
260.03,616,229
260.84,585,224
261.64,569,226
262.44,569,228
263.24,554,228
264.05,538,230
264.85,523,231
265.65,523,228
266.45,507,228
267.26,507,230
268.06,499,230
268.85,487,231
269.64,481,235
270.44,478,234
271.23,468,236
272.02,456,233
272.82,443,233
273.61,429,232
274.41,422,235
275.20,418,235
275.99,409,232
276.79,404,234
277.58,402,234
278.33,401,234
279.12,400,232
279.92,392,234
280.71,396,233
281.50,390,232
282.30,395,232
283.09,378,232
283.89,389,234
284.68,394,233
285.47,397,234
286.27,398,234
287.06,399,237
287.86,392,235
288.71,388,233
289.55,375,234
290.40,380,235
291.24,390,235
292.09,402,232
292.93,408,233
293.78,411,234
294.62,818,217
295.47,834,222
296.31,834,224
297.16,834,223
297.95,850,227
298.75,865,229
299.54,881,234
300.34,850,237
301.14,756,230
301.93,756,220
302.73,507,210
303.52,772,212
304.32,756,214
305.12,476,211
305.91,460,200
306.71,444,184
307.43,436,151
308.22,418,193
309.02,409,190
309.81,397,193
310.60,379,180
311.40,28,132
312.19,101,211
312.99,144,216
313.78,159,220
314.57,166,222
315.37,170,226
316.16,172,228
316.99,173,228
317.78,173,229
318.56,173,230
319.35,161,231
320.14,167,233
320.93,158,235
321.71,166,235
322.50,170,233
323.29,172,232
324.08,160,231
324.86,154,231
325.65,164,226
326.48,156,225
327.27,165,221
328.07,176,217
328.86,181,214
329.65,157,210
330.44,459,142
331.24,467,210
332.03,479,171
332.82,553,216
333.61,553,229
334.41,553,231
335.20,538,231
336.00,538,234
336.87,538,233
337.74,538,234
338.62,538,231
339.49,538,233
340.36,538,232
341.23,538,233
342.10,538,234
342.97,522,231
343.85,522,234
344.72,522,234
345.59,522,231
346.39,522,231
347.09,522,231
347.79,522,226
348.49,385,222
349.19,385,226
349.89,373,232
350.59,367,237
351.29,364,239
351.99,374,233
352.69,379,227
353.39,382,223
354.09,459,227
354.92,522,235
355.71,522,238
356.51,522,233
357.30,522,222
358.10,322,211
358.89,315,213
359.69,444,224
0.48,385,224
1.28,385,211
2.07,367,145
2.87,351,148
3.66,356,119
4.46,553,212
5.24,538,231
6.01,538,229
6.79,538,234
7.56,538,231
8.34,538,234
9.11,553,235
9.89,538,232
10.66,553,236
11.44,553,233
12.21,569,225
12.99,335,213
13.79,315,225
14.57,305,231
15.36,300,220
16.14,324,215
16.92,585,217
17.70,349,219
18.49,349,217
19.27,342,226
20.05,332,229
20.83,327,219
21.62,304,212
22.40,292,211
22.94,280,212
23.74,280,211
24.53,287,168
25.33,284,232
26.13,282,237
26.93,281,235
27.72,288,232
28.52,291,219
29.32,444,228
30.12,436,232
30.91,425,234
31.71,420,234
32.51,417,234
33.29,416,236
34.06,408,233
34.84,396,232
35.61,390,236
36.39,387,234
37.16,386,232
37.94,374,233
38.71,368,234
39.49,365,234
40.26,357,234
41.04,353,232
41.84,344,235
42.63,339,230
43.42,330,229
44.21,326,233
45.00,330,236
45.79,326,234
46.59,324,238
47.38,323,238
48.17,322,235
48.96,322,235
49.75,322,235
50.54,315,236
51.37,311,234
52.20,309,235
53.03,308,234
53.87,308,236
54.70,308,238
55.53,301,235
56.36,298,235
57.19,296,237
58.02,295,239
58.86,295,237
59.69,295,238
60.52,288,237
61.28,284,237
62.05,282,237
62.81,281,237
63.58,281,236
64.35,281,239
65.11,281,238
65.88,281,238
66.64,281,237
67.41,281,236
68.18,281,237
68.94,274,237
69.71,277,237
70.47,279,237
71.26,280,239
72.06,280,238
72.85,274,238
73.65,264,235
74.44,266,234
75.24,273,232
76.03,270,235
76.83,275,236
77.62,271,237
78.42,269,238
79.21,268,238
80.00,261,237
80.79,241,237
81.59,241,232
82.38,227,234
83.17,220,233
83.96,224,230
84.76,232,236
85.55,230,231
86.34,235,236
87.13,239,230
87.93,260,231
88.72,270,234
89.47,275,235
90.25,278,237
91.02,279,236
91.80,273,235
92.58,277,238
93.35,265,237
94.13,273,239
94.90,270,237
95.68,262,237
96.46,241,242
97.23,244,238
98.01,242,237
98.80,241,236
99.59,241,236
100.38,241,234
101.18,244,237
101.97,242,236
102.76,241,238
103.55,241,237
104.34,234,235
105.13,239,238
105.93,242,238
106.72,241,237
107.51,241,237
108.34,254,237
109.15,254,239
109.95,241,239
110.76,254,240
111.56,261,238
112.37,264,236
113.17,272,238
113.98,290,238
114.78,299,231
115.59,303,234
116.39,319,213
117.20,313,103
117.96,241,129
118.76,234,206
119.55,231,215
120.35,229,221
121.15,228,217
121.95,234,214
122.74,251,211
123.54,228,211
124.34,234,190
125.14,237,212
125.93,232,212
126.73,236,212
127.40,232,214
128.19,230,222
128.98,222,228
129.77,231,216
130.56,229,216
131.35,235,232
132.15,231,234
132.94,236,226
133.73,240,217
134.52,260,211
135.31,257,206
136.10,255,200
136.86,254,206
137.68,267,193
138.49,241,171
139.31,254,135
140.12,261,184
140.94,241,164
141.75,244,145
142.57,262,142
143.38,271,168
144.20,276,151
145.01,278,113
145.83,241,54
146.58,134,54
147.38,281,132
148.17,288,193
148.97,291,177
149.76,293,142
150.56,294,158
151.35,294,161
152.15,301,180
152.94,305,122
153.74,313,161
154.53,317,164
155.33,319,174
156.16,585,225
156.94,585,226
157.71,335,225
158.49,335,222
159.26,335,227
160.04,328,232
160.81,325,230
161.59,323,234
162.36,316,233
163.14,312,234
163.91,310,233
164.69,309,236
165.49,322,234
166.30,328,232
167.12,331,232
167.93,333,229
168.75,1489,217
169.56,1473,226
170.38,1489,227
171.19,1505,214
172.01,6321,211
172.82,1489,217
173.64,1489,222
174.45,523,221
175.28,538,226
176.07,538,232
176.86,523,229
177.66,507,224
178.45,523,221
179.24,523,216
180.03,174,219
180.82,174,223
181.61,174,233
182.41,174,238
183.20,174,223
183.99,181,222
184.78,197,221
185.59,165,231
186.39,142,238
187.20,123,244
188.00,113,242
188.81,108,240
189.61,106,243
190.42,105,241
191.22,97,242
192.03,108,243
192.83,113,242
193.64,116,232
194.44,125,225
195.24,149,229
196.04,161,234
196.85,167,233
197.65,170,239
198.45,172,235
199.25,173,231
200.05,200,224
200.85,214,227
201.66,221,228
202.46,231,228
203.26,236,228
204.09,238,226
204.88,242,222
205.67,881,216
206.47,866,225
207.26,881,227
208.05,897,229
208.84,912,236
209.63,928,235
210.42,554,219
211.22,538,227
212.01,538,227
212.80,523,229
213.59,523,231
214.38,523,232
215.17,507,231
215.96,507,230
216.75,507,233
217.54,499,232
218.32,507,232
219.11,507,232
219.90,507,230
220.69,507,230
221.48,523,233
222.27,523,235
223.07,523,236
223.87,538,229
224.66,523,235
225.46,554,232
226.26,554,234
227.06,554,234
227.85,554,235
228.65,585,232
229.45,585,236
230.25,585,233
231.04,601,235
231.84,585,232
232.61,585,234
233.40,600,233
234.19,585,232
234.99,600,235
235.78,600,235
236.57,616,235
237.36,616,234
238.15,616,237
238.94,616,234
239.74,647,232
240.53,631,236
241.32,647,240
242.11,647,234
242.88,647,234
243.66,647,236
244.43,647,238
245.20,663,237
245.97,663,235
246.75,663,236
247.52,663,237
248.29,647,236
249.06,647,234
249.84,647,237
250.61,647,235
251.40,647,237
252.20,647,233
253.00,647,235
253.79,631,234
254.59,647,234
255.39,647,234
256.19,631,236
256.99,631,232
257.79,631,235
258.58,631,238
259.38,631,238
260.18,600,226
260.98,585,226
261.79,569,226
262.61,553,228
263.42,538,227
264.24,538,231
265.05,522,231
265.87,522,231
266.68,507,231
267.50,499,231
268.31,495,230
269.13,485,234
269.94,480,236
270.74,469,236
271.56,456,231
272.37,450,234
273.19,439,232
274.00,427,234
274.82,421,236
275.63,418,235
276.45,409,235
277.26,404,234
278.08,402,233
278.89,401,233
279.71,400,235
280.47,400,232
281.27,400,233
282.07,381,233
282.87,390,232
283.67,395,235
284.47,397,233
285.28,398,233
286.08,399,233
286.88,399,235
287.68,399,234
288.48,392,235
289.28,377,232
290.04,381,233
290.86,383,236
291.68,391,233
292.49,403,233
293.31,409,235
294.13,412,230
294.95,818,219
295.77,834,226
296.59,834,225
297.40,850,226
298.22,865,228
299.04,896,232
299.87,865,239
300.67,834,234
301.46,756,232
302.26,756,217
303.05,787,210
303.85,772,212
304.64,803,212
305.44,772,212
306.23,444,206
307.03,436,210
307.82,425,184
308.62,420,174
309.42,410,210
310.22,397,158
311.01,373,138
311.81,187,187
312.61,180,211
313.41,177,219
314.20,175,220
315.00,174,224
315.80,174,226
316.60,161,227
317.39,167,229
318.19,158,232
318.99,166,231
319.78,170,231
320.58,159,232
321.37,154,232
322.17,164,232
322.96,156,232
323.76,165,233
324.55,169,230
325.35,171,228
326.14,172,227
326.94,173,224
327.73,173,221
328.53,180,216
329.37,183,211
330.21,198,151
331.05,459,200
331.89,467,197
332.73,471,174
333.56,553,221
334.40,553,230
335.24,538,235
336.08,538,230
336.92,538,232
337.76,538,233
338.55,538,234
339.35,538,234
340.14,538,232
340.94,538,232
341.74,522,234
342.53,538,230
343.33,522,232
344.12,522,233
344.92,522,232
345.72,522,232
346.51,522,231
347.31,522,233
348.07,507,224
348.78,385,224
349.49,373,228
350.20,367,234
350.91,364,236
351.62,363,235
352.34,374,235
353.05,368,226
353.76,459,221
354.47,467,230
355.18,522,234
355.89,522,231
356.68,522,228
357.47,538,215
358.26,553,210
359.05,415,218
359.84,422,221
0.63,403,221
1.42,335,190
2.21,74,142
3.00,335,206
3.79,400,177
4.58,538,222
5.37,538,232
6.17,538,232
6.99,538,232
7.80,538,234
8.62,538,235
9.44,538,233
10.25,553,235
11.07,553,232
11.88,553,234
12.70,585,216
13.52,295,220
14.33,295,230
15.15,295,227
15.94,301,218
16.70,585,217
17.47,349,219
18.23,355,217
18.99,345,219
19.76,333,228
20.52,327,224
21.29,324,216
22.05,316,212
22.81,298,212
23.58,289,213
24.34,285,210
25.13,283,217
25.92,282,238
26.72,275,237
27.51,278,232
28.30,293,226
29.10,415,227
29.89,429,233
30.69,429,233
31.48,429,232
32.27,422,236
33.07,418,236
33.86,409,234
34.65,404,234
35.41,394,233
36.18,389,235
36.94,387,234
37.70,374,236
38.47,368,234
39.23,358,234
40.00,360,232
40.76,354,233
41.52,351,232
42.29,343,234
43.05,339,229
43.81,330,233
44.61,332,233
45.40,333,235
46.20,327,234
47.00,324,238
47.80,323,237
48.59,315,237
49.39,311,233
50.19,316,234
50.99,312,237
51.78,310,236
52.58,309,235
53.33,308,235
54.12,308,236
54.92,301,239
55.71,298,239
56.50,296,239
57.30,295,237
58.09,288,239
58.89,291,237
59.68,293,236
60.47,280,235
61.27,280,236
62.06,274,237
62.85,277,237
63.62,279,233
64.40,280,237
65.17,274,238
65.94,277,237
66.72,279,239
67.49,280,238
68.27,280,238
69.04,280,237
69.81,280,237
70.59,280,236
71.36,280,238
72.19,280,236
72.98,280,236
73.78,274,237
74.57,277,232
75.36,279,233
76.15,280,236
76.95,280,235
77.74,274,237
78.53,264,236
79.32,272,237
80.12,270,235
80.91,269,237
81.71,228,234
82.48,221,235
83.26,224,229
84.03,232,231
84.80,223,232
85.58,225,231
86.35,226,233
87.13,233,230
87.90,257,230
88.67,269,234
89.45,275,236
90.22,271,233
91.05,262,233
91.86,271,237
92.68,276,238
93.49,278,236
94.30,273,236
95.11,270,237
95.93,262,237
96.74,258,239
97.55,256,241
98.36,241,237
99.18,241,237
99.99,234,235
100.82,231,236
101.61,236,237
102.41,238,235
103.20,239,237
103.99,240,237
104.78,234,236
105.58,239,237
106.37,242,235
107.16,255,238
107.95,254,239
108.75,261,237
109.54,257,239
110.34,255,240
111.11,261,239
111.89,264,239
112.66,266,237
113.43,273,238
114.21,290,238
114.98,285,234
115.76,296,227
116.53,241,109
117.30,244,84
118.08,242,103
118.85,235,212
119.68,231,220
120.53,229,222
121.37,221,214
122.22,231,212
123.06,229,212
123.91,228,210
124.75,228,211
125.60,234,211
126.44,231,211
127.29,236,213
128.13,238,216
128.98,226,224
129.77,220,223
130.56,224,213
131.36,232,221
132.15,230,232
132.94,235,233
133.74,238,220
134.53,242,217
135.33,261,193
136.12,264,203
136.91,272,180
137.71,276,177
138.50,278,168
139.26,266,126
140.01,260,171
140.77,270,119
141.52,269,145
142.27,268,155
143.03,261,177
143.78,264,190
144.54,286,126
145.29,277,87
146.04,119,45
146.80,295,74
147.55,295,145
148.38,301,126
149.17,362,142
149.96,295,135
150.75,301,184
151.54,318,158
152.33,320,148
153.12,314,168
153.91,311,155
154.70,323,145
155.49,600,214
156.28,585,229
157.07,585,222
157.97,335,223
158.76,328,223
159.56,331,232
160.35,333,229
161.14,327,235
161.94,324,236
162.73,316,234
163.53,312,233
164.32,310,236
165.11,316,236
165.91,319,232
166.70,327,234
167.49,324,233
168.29,336,218
169.10,1489,222
169.90,1473,229
170.70,1489,229
171.50,6320,212
172.31,1255,184
173.11,1473,219
173.91,1504,219
174.71,538,225
175.52,538,225
176.32,538,230
177.15,522,226
177.94,522,224
178.73,522,222
179.52,187,214
180.31,187,220
181.10,180,227
181.89,177,235
182.68,175,228
183.47,181,222
184.26,184,220
185.05,179,222
185.84,149,235
186.67,126,243
187.50,122,243
188.32,113,239
189.15,108,240
189.98,106,238
190.80,105,239
191.63,104,240
192.45,111,244
193.28,115,237
194.11,124,228
194.93,136,228
195.76,155,232
196.59,171,230
197.37,172,235
198.14,173,237
198.92,180,233
199.70,177,227
200.47,209,224
201.25,225,229
202.02,233,228
202.80,237,229
203.58,239,227
204.35,240,223
205.13,243,217
205.93,865,221
206.72,881,224
207.52,881,229
208.31,896,229
209.10,912,240
209.89,943,231
210.69,553,224
211.48,538,227
212.27,538,232
213.06,522,226
213.86,507,230
214.65,507,230
215.48,507,229
216.25,507,230
217.03,507,231
217.80,499,231
218.57,507,235
219.35,507,231
220.12,499,231
220.90,495,234
221.67,522,233
222.44,522,233
223.22,538,232
223.99,553,233
224.79,538,235
225.60,553,235
226.40,553,236
227.21,553,233
228.02,553,235
228.82,585,232
229.63,585,237
230.43,600,234
231.24,600,232
232.05,585,232
232.85,585,235
233.66,600,235
234.41,585,233
235.20,600,236
236.00,616,233
236.79,616,235
237.58,616,234
238.38,616,236
239.17,616,234
239.97,647,233
240.76,647,237
241.55,647,236
242.35,647,236
243.14,647,235
243.97,647,235
244.76,647,236
245.54,663,235
246.33,663,238
247.12,663,237
247.90,647,235
248.69,647,238
249.47,647,237
250.26,647,234
251.05,663,237
251.83,647,238
252.62,647,237
253.42,647,234
254.22,647,233
255.01,631,234
255.81,647,235
256.61,631,234
257.40,647,232
258.20,631,238
258.99,631,238
259.79,616,234
260.59,600,226
261.38,585,226
262.18,569,224
262.76,553,229
263.55,538,227
264.34,538,230
265.13,522,229
265.92,507,228
266.71,507,231
267.49,499,230
268.28,495,230
269.07,493,234
269.86,484,236
270.65,471,235
271.44,457,231
272.27,450,229
273.10,432,234
273.94,423,236
274.77,419,233
275.60,417,235
276.43,408,234
277.27,404,233
278.10,402,234
278.93,401,233
279.76,400,235
280.60,392,233
281.43,396,232
282.19,390,231
282.99,395,234
283.78,390,233
284.58,395,232
285.38,397,235
286.17,398,233
286.97,399,237
287.76,392,236
288.56,388,236
289.36,375,235
290.15,368,235
290.95,376,237
291.74,388,233
292.56,401,234
293.39,408,236
294.21,418,224
295.03,818,222
295.85,834,225
296.68,834,225
297.50,850,225
298.32,865,227
299.14,881,236
299.97,850,237
300.79,818,228
301.55,756,230
302.35,787,212
303.15,787,211
303.95,756,215
304.75,756,213
305.55,507,197
306.35,865,138
307.15,429,151
307.95,422,190
308.75,433,164
309.55,409,132
310.35,397,138
311.14,379,148
311.93,382,171
312.73,174,215
313.52,174,221
314.31,161,225
315.11,167,225
315.90,158,231
316.70,166,228
317.49,157,230
318.28,165,229
319.08,157,232
319.87,165,232
320.66,157,235
321.45,153,232
322.25,151,233
323.04,162,234
323.83,155,232
324.63,152,229
325.42,163,230
326.22,168,226
327.01,171,227
327.80,179,221
328.60,176,214
329.39,181,210
330.18,197,171
331.01,476,171
331.85,467,164
332.68,522,184
333.51,553,225
334.34,553,227
335.18,538,232
336.01,538,231
336.84,538,232
337.67,538,232
338.51,522,231
339.34,538,233
340.17,538,236
340.96,538,234
341.74,538,232
342.53,522,236
343.32,522,232
344.10,522,234
344.89,522,232
345.67,522,232
346.46,522,232
347.25,522,230
348.03,522,221
348.82,385,226
349.65,373,232
350.37,367,233
351.10,364,236
351.82,363,233
352.55,374,233
353.27,379,226
354.00,459,221
354.72,507,231
355.45,522,235
356.17,522,233
356.90,522,227
357.62,538,214
358.38,507,210
359.17,491,219
359.97,400,223
0.76,392,217
1.55,322,184
2.34,328,155
3.14,318,190
3.93,58,145
4.72,553,225
5.51,538,231
6.31,538,235
7.10,538,234
7.90,538,232
8.69,538,237
9.48,553,235
10.27,553,234
11.06,553,234
11.85,553,232
12.64,569,212
13.43,308,225
14.22,301,231
15.01,298,222
15.80,303,215
16.59,569,220
17.34,349,219
18.13,349,217
18.93,342,222
19.72,332,232
20.51,327,220
21.31,331,212
22.10,268,211
22.90,274,212
23.69,277,213
24.48,279,210
25.28,280,220
26.07,274,238
26.86,277,240
27.66,286,232
28.45,290,223
29.25,444,227
30.05,444,231
30.84,436,233
31.64,432,232
32.43,423,235
33.23,411,233
34.03,405,237
34.82,402,236
35.62,401,232
36.41,393,234
37.19,389,232
37.98,387,232
38.76,374,235
39.55,368,235
40.33,365,234
41.12,357,233
41.90,353,232
42.69,344,232
43.47,339,229
44.26,337,232
45.04,336,236
45.83,335,235
46.62,328,235
47.42,325,236
48.21,323,236
49.00,322,235
49.80,315,235
50.59,311,237
51.39,309,236
52.18,308,235
52.97,308,236
53.77,308,236
54.56,308,235
55.35,301,235
56.15,304,236
56.94,299,238
57.74,297,238
58.54,296,237
59.33,295,237
60.13,295,237
60.92,281,236
61.72,281,238
62.52,281,235
63.31,281,237
64.11,281,238
64.86,281,238
65.63,274,238
66.41,271,236
67.18,276,236
67.96,278,237
68.73,279,239
69.51,280,236
70.28,280,238
71.06,280,238
71.83,280,240
72.61,274,239
73.38,277,237
74.24,279,233
75.04,280,231
75.83,280,237
76.63,274,236
77.43,271,238
78.23,269,237
79.02,268,236
79.82,268,236
80.62,241,235
81.42,234,234
82.21,231,232
83.01,222,235
83.84,225,232
84.63,226,232
85.43,233,230
86.22,238,232
87.01,242,233
87.80,261,231
88.60,271,230
89.39,276,235
90.18,278,234
90.97,273,236
91.77,277,236
92.56,279,237
93.35,280,236
94.11,274,237
94.88,271,237
95.64,241,238
96.41,244,239
97.17,246,240
97.94,250,236
98.70,228,235
99.47,228,238
100.23,234,236
101.00,231,234
101.76,236,236
102.55,238,238
103.34,242,236
104.14,241,235
104.93,244,237
105.72,246,237
106.51,250,238
107.31,259,238
108.10,256,238
108.89,255,240
109.68,261,239
110.48,264,239
111.27,266,238
112.06,267,237
112.88,274,234
113.70,284,239
114.52,289,237
115.34,305,234
116.16,320,217
116.98,241,90
117.80,227,93
118.62,227,197
119.44,227,216
120.26,227,222
121.08,227,218
121.80,227,214
122.59,234,212
123.39,237,211
124.18,239,210
124.97,233,212
125.77,230,212
126.56,235,213
127.36,231,214
128.15,229,221
128.94,221,227
129.74,224,216
130.53,231,215
131.36,229,228
132.15,228,232
132.94,234,224
133.73,237,221
134.52,239,212
135.31,253,190
136.10,253,197
136.89,260,177
137.68,257,158
138.47,255,197
139.26,261,161
140.05,264,161
140.80,259,145
141.61,263,168
142.42,279,177
143.23,273,158
144.04,277,174
144.85,272,132
145.66,174,64
146.47,187,48
147.28,268,132
148.09,274,126
148.90,335,164
149.71,315,151
150.47,311,148
151.26,303,155
152.05,319,142
152.84,313,164
153.63,310,148
154.42,309,151
155.21,315,187
156.00,585,225
156.79,585,227
157.58,349,223
158.37,335,224
159.16,335,228
160.03,335,232
160.82,321,232
161.61,321,234
162.40,314,233
163.19,311,235
163.98,309,234
164.76,308,236
165.55,315,234
166.34,325,234
167.13,330,234
167.92,339,227
168.71,1504,217
169.50,1489,226
170.32,1489,228
171.13,1504,215
171.95,6305,210
172.77,1489,218
173.59,1489,222
174.40,538,219
175.22,538,227
176.04,538,230
176.86,522,231
177.67,507,226
178.49,522,222
179.28,522,216
180.09,201,218
180.90,187,226
181.71,180,232
182.52,177,236
183.33,175,223
184.14,174,222
184.95,174,219
185.76,146,231
186.57,132,240
187.38,125,244
188.19,114,241
188.94,109,239
189.73,106,243
190.52,97,240
191.31,93,243
192.10,98,244
192.89,108,243
193.68,113,231
194.47,123,223
195.26,128,229
196.05,151,233
196.84,150,231
197.63,162,240
198.46,168,234
199.26,171,232
200.07,186,223
200.87,207,226
201.67,224,229
202.48,232,230
203.28,236,227
204.09,238,227
204.89,242,222
205.69,241,214
206.50,881,222
207.30,881,229
208.09,896,226
208.89,912,234
209.68,928,241
210.48,943,219
211.28,553,227
212.07,538,228
212.87,522,229
213.66,522,230
214.46,507,228
215.26,522,232
216.05,507,234
216.85,507,228
217.40,507,229
218.15,507,234
218.91,507,231
219.66,507,233
220.41,507,230
221.16,507,233
221.92,522,229
222.67,522,234
223.42,538,233
224.17,538,232
224.93,553,235
225.68,553,233
226.51,553,232
227.33,553,234
228.14,553,231
228.96,585,232
229.78,585,236
230.59,600,234
231.41,585,233
232.22,585,233
233.04,585,235
233.86,600,232
234.67,569,233
235.49,616,236
236.29,600,236
237.09,616,234
237.88,616,235
238.68,616,235
239.48,616,231
240.27,631,233
241.07,647,237
241.86,647,236
242.66,647,236
243.46,647,237
244.25,647,234
245.05,647,237
245.80,663,233
246.57,663,236
247.35,663,237
248.12,663,236
248.89,647,236
249.67,647,237
250.44,647,239
251.22,647,240
251.99,647,236
252.76,647,235
253.54,647,234
254.31,647,235
255.14,647,236
255.96,647,234
256.77,631,236
257.59,631,234
258.41,631,237
259.22,631,240
260.04,616,230
260.85,600,227
261.67,569,226
262.49,553,228
263.30,553,227
264.12,538,227
264.92,522,229
265.71,522,231
266.51,507,231
267.30,507,229
268.09,499,231
268.88,495,233
269.68,485,232
270.47,480,233
271.26,469,234
272.05,456,234
272.85,442,233
273.64,435,233
274.40,425,234
275.19,420,234
275.98,410,236
276.77,405,234
277.56,402,234
278.35,401,232
279.14,400,235
279.93,392,234
280.72,388,234
281.51,386,232
282.30,393,236
283.09,396,232
283.92,398,233
284.73,399,234
285.53,399,236
286.34,399,236
287.15,399,235
287.95,392,235
288.76,388,234
289.56,386,234
290.37,367,233
291.18,376,234
291.98,395,232
292.79,405,233
293.58,410,235
294.37,419,220
295.17,818,222
295.96,834,226
296.75,834,227
297.55,850,227
298.34,865,228
299.14,881,234
299.93,850,237
300.72,772,230
301.52,756,231
302.31,522,212
303.10,756,211
303.93,756,213
304.75,756,211
305.58,459,177
306.41,451,210
307.23,433,158
308.06,424,174
308.88,412,161
309.71,413,177
310.54,414,145
311.36,362,187
312.19,174,200
313.05,174,215
313.84,174,219
314.63,174,223
315.42,174,226
316.21,161,227
317.00,167,228
317.79,158,231
318.58,153,231
319.37,163,232
320.16,168,232
320.95,158,232
321.74,153,232
322.53,151,232
323.32,162,233
324.12,168,230
324.91,171,232
325.70,172,228
326.49,173,225
327.29,173,225
328.08,173,220
328.87,180,214
329.66,177,193
330.46,476,187
331.25,134,142
332.05,491,193
332.84,491,210
333.64,538,227
334.43,553,231
335.22,538,233
336.02,538,234
336.81,538,233
337.61,538,232
338.40,538,232
339.19,538,234
339.99,538,233
340.78,522,235
341.54,522,233
342.33,522,234
343.12,522,233
343.91,538,234
344.70,522,233
345.49,522,232
346.27,522,233
347.06,522,230
347.85,522,220
348.64,385,227
349.43,373,232
350.22,367,231
351.08,364,233
351.82,363,236
352.57,374,233
353.31,379,226
354.06,459,223
354.80,475,232
355.55,507,235
356.29,522,233
357.04,522,227
357.78,538,213
358.53,322,211
359.27,476,221
0.07,400,226
0.86,392,217
1.66,335,129
2.45,335,142
3.24,328,155
4.04,400,200
4.83,538,225
5.63,538,233
6.42,538,232
7.21,538,234
8.01,538,234
8.80,538,232
9.56,553,234
10.35,538,234
11.14,553,234
11.94,553,229
12.73,335,211
13.52,315,225
14.31,305,230
15.10,300,222
15.89,304,215
16.69,585,220
17.48,362,218
18.27,355,216
19.07,345,224
19.84,333,232
20.62,327,221
21.39,304,214
22.16,292,212
22.94,286,211
23.71,283,212
24.49,275,210
25.26,278,226
26.03,241,235
26.81,261,239
27.58,278,230
28.37,293,221
29.17,444,228
29.97,436,232
30.77,432,231
31.57,423,233
32.37,419,233
33.16,417,235
33.96,408,234
34.76,396,232
35.56,390,234
36.36,387,232
37.16,386,233
37.76,385,234
38.55,373,235
39.34,367,232
40.13,364,231
40.92,356,233
41.71,352,236
42.49,343,233
43.28,339,229
44.07,337,235
44.86,329,235
45.65,325,235
46.44,323,235
47.26,322,234
48.05,315,235
48.83,318,234
49.62,320,235
50.41,314,236
51.20,311,236
51.98,309,238
52.77,308,237
53.56,308,236
54.35,301,237
55.13,298,239
55.92,296,236
56.72,295,240
57.52,295,238
58.31,295,238
59.11,295,238
59.90,288,235
60.70,284,235
61.49,282,238
62.29,281,237
63.08,281,238
63.88,281,236
64.67,281,237
65.47,274,236
66.23,277,237
67.01,272,233
67.80,276,237
68.58,272,237
69.36,276,236
70.15,278,235
70.93,279,236
71.72,280,241
72.50,280,237
73.28,280,238
74.07,274,235
74.85,277,230
75.61,279,238
76.40,280,235
77.19,274,239
77.98,271,238
78.77,269,235
79.56,261,236
80.35,257,234
81.14,255,235
81.93,228,232
82.72,221,234
83.51,224,230
84.30,232,231
85.10,236,230
85.89,238,231
86.68,239,232
87.48,260,232
88.27,270,231
89.06,275,237
89.85,278,236
90.64,279,234
91.43,273,234
92.23,277,236
93.02,272,238
93.81,276,237
94.61,265,237
95.45,259,236
96.28,256,239
97.12,255,239
97.96,241,238
98.79,241,237
99.63,244,234
100.46,242,238
101.30,235,236
102.14,239,238
102.97,240,237
103.81,240,236
104.56,240,237
105.31,240,236
106.06,243,239
106.80,255,237
107.55,261,238
108.30,257,238
109.05,255,238
109.80,261,237
110.55,257,240
111.29,255,239
112.04,254,236
112.79,267,237
113.55,281,241
114.35,288,235
115.14,284,234
115.94,335,216
116.73,281,100
117.53,288,103
118.32,241,180
119.12,234,215
119.91,231,220
120.71,229,219
121.50,235,212
122.30,238,213
123.09,239,210
123.89,233,210
124.70,230,211
125.50,235,212
126.30,231,212
127.11,236,214
127.91,225,221
128.72,219,226
129.52,216,215
130.32,222,215
131.13,231,229
131.93,229,234
132.73,235,225
133.52,238,216
134.31,239,213
135.10,242,197
135.89,255,148
136.68,241,168
137.46,308,158
138.25,254,135
139.04,261,135
139.83,264,168
140.62,272,168
141.41,270,168
142.58,275,210
143.37,271,168
144.15,262,200
144.94,265,103
145.72,74,45
146.51,66,48
147.29,281,148
148.08,281,135
148.86,288,138
149.65,311,116
150.43,303,168
151.22,305,158
152.05,306,168
152.85,307,168
153.66,321,155
154.46,321,158
155.26,600,155
156.07,585,226
156.87,585,225
157.68,335,222
158.48,328,222
159.28,331,230
160.09,326,233
160.89,324,233
161.68,323,237
162.47,315,237
163.27,311,230
164.06,309,236
164.85,308,234
165.64,321,233
166.44,328,232
167.23,331,235
168.02,340,220
168.81,1489,220
169.61,1473,228
170.40,1489,228
171.19,6351,210
172.02,1224,171
172.86,1489,218
173.69,1489,220
174.52,538,224
175.36,538,225
176.19,522,229
177.03,522,229
177.86,507,224
178.69,522,222
179.53,522,212
180.36,187,222
181.15,187,228
181.95,180,237
182.76,177,233
183.56,182,219
184.36,178,219
185.17,176,222
185.97,147,234
186.78,133,240
187.58,118,243
188.38,111,241
189.19,100,239
189.99,102,240
190.78,88,240
191.57,96,242
192.36,100,244
193.15,109,238
193.94,114,230
194.73,124,227
195.51,149,230
196.30,161,232
197.09,167,237
197.88,170,241
198.67,172,238
199.46,173,229
200.29,207,224
201.07,224,226
201.84,232,229
202.62,230,228
203.40,235,228
204.18,238,227
204.95,242,217
205.73,881,217
206.51,865,226
207.29,865,230
208.06,896,230
208.84,912,240
209.64,912,235
210.43,553,222
211.22,538,226
212.01,538,232
212.80,522,230
213.59,507,230
214.38,507,231
215.17,507,228
215.96,507,231
216.75,507,232
217.54,499,230
218.33,507,234
219.12,507,232
219.92,507,231
220.71,507,232
221.51,522,236
222.31,522,232
223.10,522,231
223.90,538,231
224.69,538,233
225.49,553,234
226.29,538,234
227.08,553,231
227.88,553,233
228.63,585,231
229.44,585,236
230.24,585,237
231.05,600,235
231.86,585,233
232.67,585,234
233.47,585,235
234.28,600,230
235.09,600,234
235.90,600,235
236.70,616,234
237.51,600,233
238.34,616,237
239.13,616,231
239.92,631,231
240.71,631,237
241.50,647,238
242.29,647,233
243.07,647,235
243.86,647,236
244.65,647,235
245.44,663,238
246.23,663,237
247.02,663,236
247.47,663,236
248.26,663,237
249.05,647,237
249.85,647,237
250.64,647,240
251.43,647,235
252.22,647,234
253.01,647,236
253.80,647,234
254.60,647,233
255.39,631,235
256.18,647,235
256.98,631,236
257.77,647,235
258.56,631,236
259.35,631,235
260.14,616,226
260.93,585,225
261.72,569,229
262.51,554,228
263.30,554,228
264.09,538,231
264.88,523,230
265.67,523,231
266.50,507,228
267.29,507,229
268.08,499,230
268.87,487,229
269.66,481,235
270.45,478,234
271.23,461,234
272.02,452,232
272.81,441,233
273.60,428,235
274.39,421,233
275.18,418,235
275.97,409,234
276.80,404,233
277.64,402,234
278.47,401,233
279.30,393,233
280.14,396,235
280.97,391,233
281.81,388,234
282.64,394,233
283.47,397,233
284.31,391,234
285.14,395,234
285.93,390,234
286.72,395,236
287.51,390,237
288.30,388,234
289.09,375,234
289.88,368,234
290.68,365,235
291.47,382,234
292.26,391,233
293.05,403,236
293.84,409,231
294.63,819,217
295.46,819,225
296.25,834,223
297.04,850,225
297.83,850,229
298.62,866,231
299.41,866,237
300.19,850,235
300.98,756,233
301.77,772,220
302.56,507,177
303.35,772,212
304.14,788,213
304.93,756,212
305.75,444,197
306.57,437,151
307.39,426,190
308.21,435,158
309.03,362,155
309.85,374,177
310.67,387,171
311.49,374,132
312.31,174,212
313.13,174,217
313.95,174,221
314.71,174,224
315.50,161,227
316.29,155,228
317.09,164,229
317.88,169,232
318.67,159,230
319.46,154,232
320.25,164,232
321.04,169,231
321.84,171,231
322.63,172,232
323.42,160,233
324.22,167,229
325.02,170,231
325.81,172,228
326.61,173,227
327.40,173,223
328.20,187,217
328.99,168,212
329.79,151,211
330.58,476,171
331.38,483,164
332.17,479,190
332.97,554,217
333.76,554,229
334.59,538,234
335.42,554,231
336.25,538,235
337.08,538,231
337.91,538,234
338.73,538,232
339.56,538,235
340.39,538,233
341.22,538,233
342.05,523,231
342.88,507,234
343.67,523,232
344.46,523,232
345.26,523,232
346.05,523,232
346.84,523,234
347.64,523,228
348.43,386,222
349.23,386,228
350.02,374,234
350.81,368,236
351.61,365,235
352.40,375,237
352.40,380,231
353.18,383,222
353.96,459,226
354.74,467,233
355.52,523,236
356.30,523,232
357.08,523,223
357.86,309,211
358.64,322,213
359.42,430,222
0.20,415,223
0.98,400,214
1.81,322,132
2.63,322,171
3.44,322,187
4.26,554,210
5.08,538,226
5.89,538,233
6.71,538,232
7.52,538,234
8.34,538,235
9.16,538,236
9.97,554,233
10.79,554,235
11.58,554,234
12.37,554,223
13.17,309,214
13.96,309,227
14.76,302,229
15.55,305,220
16.35,307,215
17.14,554,219
17.94,362,218
18.73,355,217
19.53,338,226
20.32,330,229
21.11,326,215
21.87,310,212
22.63,296,212
23.39,289,212
24.15,292,211
24.91,293,206
25.67,287,230
26.43,277,238
27.19,279,237
27.95,287,230
28.71,400,221
29.47,422,228
30.33,433,230
31.14,431,232
31.96,423,234
32.77,419,233
33.58,417,232
34.39,408,234
35.21,397,234
36.02,391,235
36.83,388,233
37.64,387,235
38.46,374,233
39.27,368,231
40.07,365,234
40.87,357,232
41.66,359,233
42.46,354,235
43.26,344,231
44.06,339,228
44.85,330,235
45.65,332,234
46.45,327,236
47.25,331,236
48.04,326,233
48.84,324,236
49.56,323,238
50.33,316,239
51.09,312,238
51.86,310,235
52.63,309,237
53.39,309,236
54.16,309,238
54.92,302,237
55.69,298,238
56.46,296,237
57.22,295,236
57.99,295,237
58.82,295,240
59.60,295,238
60.38,281,235
61.16,274,235
61.94,278,239
62.72,280,237
63.50,281,238
64.28,281,240
65.06,281,237
65.84,281,238
66.62,281,237
67.40,281,235
67.90,281,236
68.69,281,239
69.49,274,236
70.28,278,238
71.07,280,237
71.87,281,235
72.66,281,237
73.46,281,236
74.25,281,232
75.04,281,234
75.84,281,236
76.63,274,234
77.43,271,238
78.24,269,236
79.05,268,236
79.86,241,236
80.67,241,234
81.48,241,234
82.28,227,235
83.09,220,233
83.90,224,232
84.71,226,233
85.52,227,230
86.33,234,235
87.16,239,231
87.95,260,231
88.74,271,230
89.53,276,234
90.32,279,234
91.11,273,236
91.91,277,237
92.70,279,237
93.49,280,236
94.28,281,236
95.07,274,235
95.86,264,237
96.61,259,238
97.40,257,238
98.19,256,237
98.98,228,237
99.77,234,237
100.56,237,236
101.35,241,236
102.14,244,237
102.93,242,237
103.72,241,239
104.51,244,236
105.30,242,235
106.09,241,238
106.88,244,238
107.68,246,239
108.47,250,238
109.26,259,239
110.05,263,236
110.85,265,237
111.64,266,238
112.43,267,239
113.22,274,236
114.02,284,237
114.81,296,233
115.61,302,232
116.40,318,211
117.20,241,67
117.99,241,113
118.78,234,210
119.58,231,217
120.37,229,218
121.17,235,214
121.96,231,214
122.75,236,211
123.55,238,211
124.34,239,211
125.10,233,211
125.91,223,212
126.71,232,212
127.52,236,215
128.32,225,223
129.13,219,225
129.93,223,215
130.74,232,217
131.54,230,232
132.35,229,234
133.15,235,222
133.96,240,216
134.72,261,210
135.51,258,184
136.31,263,210
137.10,259,161
137.89,270,148
138.68,262,174
139.48,258,135
140.27,270,155
141.06,282,171
141.85,275,168
142.65,271,184
143.44,276,174
144.24,272,142
145.03,201,113
145.83,221,64
146.62,232,71
147.41,295,126
148.21,288,180
149.00,285,135
149.80,290,168
150.59,292,135
151.38,293,135
152.18,314,158
152.97,311,174
153.73,323,145
154.54,329,129
155.35,325,187
156.16,585,226
156.97,585,224
157.78,335,225
158.58,328,222
159.39,331,230
160.20,326,228
161.01,324,233
161.82,316,235
162.63,312,236
163.39,310,233
164.19,309,234
164.99,315,237
165.79,325,231
166.59,323,234
167.39,329,234
168.19,332,225
168.99,1489,220
169.79,1489,229
170.59,1489,228
171.39,6336,211
172.19,1224,180
172.90,1489,220
173.69,1489,222
174.49,538,223
175.28,538,227
176.07,538,231
176.87,523,228
177.66,507,224
178.46,523,222
179.25,538,215
180.04,188,219
180.84,188,225
181.63,181,235
182.43,177,235
183.26,182,223
184.09,178,221
184.93,189,221
185.76,154,233
186.59,136,238
187.42,120,243
188.25,112,242
189.08,108,241
189.92,106,242
190.75,105,242
191.58,112,244
192.38,108,246
193.18,113,239
193.97,116,231
194.77,125,226
195.57,129,232
196.37,151,232
197.16,162,235
197.96,168,242
198.76,171,234
199.56,172,228
200.35,206,223
201.15,217,226
201.90,222,229
202.68,225,226
203.45,233,227
204.23,237,225
205.01,241,219
205.78,866,218
206.56,866,225
207.33,881,228
208.11,897,228
208.89,912,237
209.66,912,235
210.44,554,223
211.24,538,226
212.01,538,232
212.79,523,229
213.56,507,229
214.33,507,231
215.10,507,230
215.88,507,228
216.65,499,230
217.42,507,233
218.19,507,230
218.97,507,233
219.74,499,231
220.53,507,231
221.32,523,235
222.12,523,232
222.91,523,234
223.71,538,231
224.50,523,233
225.30,554,232
226.09,554,234
226.89,538,236
227.68,554,233
228.48,569,233
229.27,585,235
230.06,585,238
230.88,601,234
231.71,585,233
232.53,585,235
233.35,601,233
234.17,601,234
235.00,585,235
235.82,601,236
236.64,616,234
237.46,616,235
238.29,616,237
239.11,616,236
239.90,616,232
240.66,647,236
241.42,647,237
242.18,647,232
242.94,647,237
243.70,647,234
244.46,647,237
245.22,663,238
245.98,663,236
246.74,663,235
247.50,663,236
248.26,647,237
249.09,647,234
249.88,647,237
250.67,647,239
251.46,647,237
252.25,647,237
253.04,647,236
253.84,647,234
254.63,647,235
255.42,647,235
256.21,632,234
257.00,632,237
257.79,632,234
258.58,632,234
259.39,616,235
260.19,616,227
261.00,585,223
261.81,569,226
262.61,554,226
263.42,538,229
264.22,538,229
265.03,523,228
265.84,523,231
266.64,507,230
267.45,499,231
268.21,495,231
269.00,493,234
269.80,484,234
270.59,471,234
271.38,457,234
272.18,443,231
272.97,436,233
273.77,433,233
274.56,424,233
275.35,419,233
276.15,409,235
276.94,404,235
277.83,402,233
278.62,394,233
279.41,397,231
280.20,398,234
280.99,392,231
281.78,396,234
282.58,391,234
283.37,388,232
284.16,387,234
284.95,393,234
285.74,396,233
286.53,398,236
287.36,399,236
288.21,380,234
289.06,371,232
289.90,366,234
290.75,376,235
291.60,381,235
292.45,398,232
293.30,406,235
294.15,410,230
294.99,819,219
295.84,819,225
296.69,834,223
297.45,850,225
298.24,850,226
299.04,881,233
299.83,866,240
300.62,850,233
301.42,756,231
302.21,772,215
303.01,554,210
303.80,772,214
304.59,756,216
305.39,788,212
306.18,444,197
307.01,429,184
307.81,422,200
308.60,418,184
309.40,416,168
310.20,362,171
310.99,362,161
311.79,214,142
312.58,201,215
313.38,187,219
314.18,180,223
314.97,177,224
315.77,175,227
316.60,174,230
317.39,174,231
318.19,174,230
318.98,161,231
319.77,155,231
320.57,164,232
321.36,156,232
322.16,165,232
322.95,169,232
323.74,159,230
324.54,166,229
325.33,170,231
326.13,172,226
326.93,173,225
327.72,180,222
328.52,184,216
329.32,186,211
330.12,145,174
330.91,476,145
331.71,476,190
332.51,483,171
333.31,569,225
334.10,554,229
334.90,554,232
335.69,554,232
336.51,538,232
337.34,538,233
338.16,538,234
338.98,538,232
339.81,538,230
340.63,522,233
341.46,522,230
342.28,522,233
343.10,538,231
343.93,522,234
344.75,522,234
345.55,522,230
346.28,522,232
347.02,522,231
347.75,499,223
348.48,385,225
349.22,373,232
349.95,367,232
350.69,364,239
351.42,363,235
352.15,374,234
352.89,379,226
353.62,370,221
354.41,476,232
355.20,522,233
356.00,522,235
356.79,522,230
357.58,553,215
358.38,322,210
359.17,491,219
359.97,400,223
0.76,392,219
1.55,388,177
2.35,322,135
3.14,342,145
3.97,345,145
4.76,553,221
5.55,538,232
6.34,538,230
7.13,538,232
7.92,538,237
8.71,538,234
9.50,538,236
10.29,553,234
11.08,553,234
11.87,569,231
12.66,585,215
13.45,308,221
14.24,301,229
15.04,298,224
15.83,303,216
16.62,585,217
17.42,362,218
18.21,355,218
19.01,345,220
19.80,333,230
20.59,320,222
21.39,327,215
22.18,304,211
22.72,292,213
23.52,286,212
24.32,283,210
25.12,289,217
25.92,285,237
26.72,283,238
27.52,282,234
28.32,288,227
29.12,444,226
29.92,444,233
30.72,436,232
31.52,432,234
32.28,430,235
33.07,422,238
33.87,411,232
34.66,405,231
35.45,395,235
36.24,397,233
37.04,391,236
37.83,376,235
38.62,369,232
39.41,365,233
40.21,363,234
41.00,356,234
41.76,352,235
42.55,343,232
43.35,339,232
44.14,330,230
44.93,332,237
45.73,333,234
46.52,327,234
47.32,324,234
48.11,323,236
48.90,322,236
49.70,322,233
50.49,322,235
51.32,315,234
52.08,311,235
52.85,309,238
53.61,308,240
54.37,308,236
55.14,301,235
55.90,298,234
56.67,296,237
57.43,295,238
58.19,295,237
58.96,295,237
59.72,295,235
60.47,281,236
61.25,281,238
62.02,281,238
62.80,281,236
63.58,281,239
64.36,281,238
65.13,281,238
65.91,281,236
66.69,281,237
67.47,281,239
68.24,281,238
69.02,274,234
69.81,277,236
70.60,279,237
71.39,280,238
72.18,280,239
72.97,280,238
73.76,280,235
74.55,280,232
75.34,280,230
76.13,280,235
76.92,280,235
77.71,274,238
78.50,264,235
79.33,266,236
80.11,241,237
80.88,241,234
81.66,244,232
82.44,229,233
83.22,221,235
83.99,231,230
84.77,229,234
85.55,228,231
86.33,238,234
87.10,242,230
87.88,261,232
88.67,271,231
89.46,269,237
90.25,275,235
91.04,271,236
91.83,269,238
92.62,275,236
93.41,278,235
94.20,279,239
94.99,273,237
95.78,263,237
96.57,258,238
97.36,256,238
98.19,255,236
98.98,241,236
99.77,241,235
100.56,244,235
101.35,236,235
102.14,238,237
102.93,239,235
103.72,242,239
104.51,245,236
105.30,247,238
106.09,244,235
106.88,246,240
107.64,250,236
108.42,252,238
109.20,253,237
109.98,253,238
110.76,260,238
111.54,264,238
112.32,266,238
113.10,280,235
113.88,287,241
114.66,297,235
115.44,302,230
116.22,325,210
117.01,241,100
117.80,234,135
118.59,237,210
119.38,239,217
120.17,233,219
120.96,230,216
121.75,229,214
122.54,228,211
123.33,228,210
124.12,228,210
124.91,234,211
125.70,231,212
126.57,236,211
127.36,232,216
128.14,230,223
128.93,222,226
129.72,218,215
130.50,229,216
131.29,235,232
132.07,231,235
132.86,236,225
133.65,240,218
134.43,243,212
135.22,242,210
136.02,241,203
136.84,254,177
137.66,261,145
138.48,264,151
139.30,266,119
140.12,267,184
140.93,267,138
141.75,267,180
142.57,267,148
143.39,267,210
144.21,267,180
145.03,287,93
145.82,28,58
146.61,268,64
147.41,281,145
148.20,267,158
148.99,274,142
149.79,284,145
150.58,296,174
151.38,295,164
152.17,295,180
152.96,301,164
153.76,304,132
154.55,313,171
155.34,631,171
156.17,600,226
157.00,585,223
157.83,335,221
158.66,335,224
159.49,335,227
160.31,328,231
161.14,325,232
161.97,316,236
162.80,312,235
163.63,310,236
164.46,309,235
165.29,308,237
166.06,321,233
166.84,328,235
167.61,331,232
168.38,339,224
169.16,1489,220
169.93,1489,228
170.71,1489,227
171.48,6336,211
172.25,1239,193
173.03,1489,219
173.80,1489,219
174.60,538,224
175.39,538,229
176.19,522,230
176.98,522,227
177.77,522,225
178.56,522,220
179.36,538,215
180.15,187,220
180.94,168,226
181.73,171,238
182.53,160,228
183.32,173,220
184.12,173,220
184.94,173,220
185.76,146,236
186.58,132,240
187.40,118,242
188.22,111,241
189.03,107,240
189.85,113,241
190.67,108,241
191.49,106,242
192.31,112,243
193.13,115,238
193.92,117,229
194.72,133,228
195.53,153,232
196.33,170,232
197.13,172,235
197.94,173,238
198.74,173,234
199.55,173,229
200.35,207,225
201.15,217,225
201.96,229,230
202.76,228,227
203.55,234,229
204.35,237,224
205.14,252,217
205.94,865,220
206.74,865,226
207.53,881,227
208.33,912,228
209.12,912,242
209.92,943,224
210.72,553,224
211.51,538,226
212.31,538,234
213.07,522,227
213.86,507,231
214.65,507,232
215.44,507,232
216.23,507,231
217.02,507,232
217.81,499,232
218.60,507,233
219.39,507,232
220.18,491,231
220.97,507,232
221.76,522,234
222.59,522,235
223.38,538,230
224.17,538,230
224.96,553,234
225.75,553,232
226.54,553,233
227.33,538,232
228.12,553,235
228.91,585,234
229.70,585,236
230.49,600,233
231.28,600,233
232.08,585,234
232.86,585,235
233.63,600,231
234.41,600,233
235.19,600,235
235.96,600,236
236.74,616,235
237.51,616,235
238.29,616,234
239.07,616,232
239.84,647,233
240.62,647,238
241.41,647,234
242.22,647,233
243.03,647,235
243.84,647,238
244.65,647,237
245.46,663,238
246.27,663,236
247.08,663,236
247.89,647,239
248.70,647,237
249.51,647,236
250.32,647,235
251.11,663,238
251.90,647,236
252.69,647,237
253.48,647,236
254.27,647,236
255.06,647,236
255.85,647,235
256.64,631,236
257.43,631,234
258.22,647,237
259.01,631,240
259.80,616,234
260.60,600,224
261.40,569,225
262.21,569,225
263.01,553,226
263.81,538,228
264.61,522,228
265.42,522,231
266.22,507,230
267.02,507,229
267.82,499,229
268.63,495,231
269.43,485,233
270.22,480,234
271.02,469,233
271.83,456,230
272.63,442,232
273.43,428,235
274.23,421,236
275.04,418,235
275.84,416,233
276.64,408,236
277.44,404,234
278.25,394,234
279.05,397,233
279.85,398,233
280.64,399,232
281.44,392,232
282.23,396,233
283.02,390,236
283.82,395,234
284.61,390,233
285.41,395,233
286.20,397,235
286.99,398,237
287.79,391,235
288.58,388,234
289.33,386,234
290.15,385,233
290.98,385,235
291.80,392,233
292.62,403,234
293.44,409,233
294.27,419,225
295.09,818,221
295.91,834,224
296.73,834,226
297.56,850,228
298.38,850,227
299.18,896,234
299.97,850,240
300.76,803,228
301.55,756,229
302.34,522,211
303.13,507,212
303.91,772,215
304.70,787,212
305.49,787,197
306.28,444,210
307.07,436,210
307.86,418,184
308.66,409,171
309.45,412,171
310.24,413,168
311.03,43,129
311.82,322,184
312.61,187,215
313.40,180,220
314.19,177,222
314.98,175,223
315.77,174,227
316.56,174,231
317.35,174,230
318.22,161,234
319.01,155,233
319.80,144,232
320.59,146,235
321.38,147,234
322.17,160,234
322.96,167,234
323.75,158,230
324.54,153,228
325.33,163,229
326.12,168,225
326.91,171,224
327.70,172,221
328.49,186,214
329.29,186,210
330.08,476,177
330.87,476,148
331.67,476,187
332.46,483,174
333.26,553,225
334.05,553,231
334.84,553,231
335.64,538,234
336.43,538,231
337.76,538,232
338.56,538,233
339.35,538,231
340.15,538,233
340.95,538,230
341.74,538,234
342.54,522,230
343.33,522,233
344.13,522,233
344.93,522,235
345.72,522,233
346.52,522,233
347.31,522,232
348.04,522,220
348.77,385,227
349.50,373,232
350.23,367,236
350.96,364,236
351.70,363,235
352.43,374,233
353.16,368,225
353.89,476,219
354.62,483,230
355.35,507,234
356.14,522,234
356.93,522,231
357.73,538,214
358.52,322,210
359.31,491,218
0.11,400,222
0.90,381,219
1.70,371,184
2.49,295,155
3.28,315,151
4.08,318,164
4.87,538,221
5.66,538,229
6.45,538,234
7.25,538,233
8.04,538,237
8.83,538,236
9.63,538,236
10.42,553,232
11.22,553,232
12.01,553,233
12.80,585,215
13.60,308,219
14.39,301,228
15.15,298,228
15.91,303,214
16.67,312,217
17.43,330,220
18.19,346,217
18.95,340,220
19.71,331,231
20.47,326,222
21.23,330,213
21.99,312,211
22.75,296,212
23.51,288,213
24.34,284,210
25.13,289,215
25.93,285,240
26.72,283,240
27.51,282,234
28.31,288,223
29.10,429,226
29.90,436,230
30.69,432,234
31.48,423,232
32.28,419,235
33.07,417,235
33.82,408,233
34.62,404,232
35.41,402,234
36.21,393,232
37.01,389,231
37.81,375,233
38.60,368,233
39.40,365,234
40.20,363,231
41.00,356,234
41.79,352,232
42.59,343,232
43.34,339,227
44.13,337,231
44.93,336,234
45.72,335,234
46.51,328,236
47.31,325,234
48.10,323,234
48.90,322,236
49.69,322,234
50.48,322,235
51.28,315,236
52.07,311,235
52.47,303,235
53.27,299,236
54.06,297,237
54.86,296,234
55.66,295,237
56.45,295,235
57.25,295,237
58.04,295,235
58.84,288,236
59.64,284,237
60.43,276,236
61.23,278,237
62.02,279,236
62.81,280,238
63.60,280,235
64.39,280,238
65.18,280,236
65.97,280,236
66.76,274,237
67.55,277,236
68.34,279,237
69.13,280,238
69.92,280,239
70.71,274,239
71.50,277,236
72.29,279,235
73.08,280,238
73.87,280,235
74.66,280,232
75.45,280,234
76.24,274,236
77.03,271,237
77.82,269,238
78.61,261,238
79.40,264,239
80.19,241,236
81.02,241,236
81.81,234,234
82.60,224,233
83.39,219,230
84.18,223,232
84.97,225,231
85.76,233,231
86.55,237,233
87.34,252,230
88.13,260,230
88.92,270,235
89.71,275,238
90.54,278,232
91.33,273,236
92.12,277,237
92.91,279,238
93.70,280,236
94.49,274,237
95.28,241,237
96.07,244,238
96.86,246,239
97.65,250,238
98.44,252,236
99.23,253,234
100.03,228,236
100.82,234,235
101.62,239,236
102.41,242,238
103.20,245,238
103.99,247,236
104.79,250,237
105.58,241,238
106.37,244,239
107.16,246,237
107.96,257,238
108.75,255,236
109.54,254,236
110.33,254,239
111.12,261,241
111.91,264,237
112.70,266,240
113.49,273,238
114.29,290,240
115.08,285,231
115.87,296,222
116.66,228,87
117.45,295,96
118.24,228,158
119.03,234,213
119.88,224,221
120.73,226,219
121.58,227,215
122.43,234,214
123.28,237,210
124.12,241,210
124.97,234,212
125.82,231,212
126.67,229,212
127.52,228,214
128.37,228,219
129.13,221,224
129.92,217,219
130.71,222,213
131.50,231,226
132.29,229,234
133.08,228,229
133.86,234,219
134.65,237,214
135.44,259,210
136.23,270,158
137.02,269,190
137.81,241,210
138.68,244,148
139.45,256,155
140.23,262,155
141.00,241,177
141.77,254,180
142.55,261,168
143.32,271,180
144.10,276,148
144.87,278,126
145.64,119,71
146.42,111,64
147.19,295,103
147.95,308,155
148.75,321,168
149.54,314,151
150.34,304,164
151.14,306,151
151.93,320,145
152.73,307,187
153.52,307,171
154.32,307,180
155.12,314,164
155.91,600,222
156.71,585,229
157.47,335,221
158.26,335,221
159.05,335,228
159.84,335,231
160.63,335,232
161.42,328,235
162.21,318,236
163.00,313,232
163.79,310,236
164.58,309,237
165.37,315,235
166.16,318,235
166.98,326,236
167.80,330,231
168.61,339,215
169.43,1489,226
170.25,1489,231
171.06,1504,216
171.88,6305,212
172.69,1489,217
173.51,1489,222
174.33,538,218
175.14,538,225
175.96,522,229
176.79,522,230
177.58,507,225
178.36,522,222
179.15,522,218
179.94,174,219
180.73,180,226
181.51,177,232
182.30,175,234
183.09,181,225
183.88,177,219
184.66,182,219
185.45,158,227
186.27,138,238
187.09,128,244
187.92,116,243
188.74,110,241
189.56,99,241
190.39,94,240
191.21,91,244
192.04,97,243
192.86,108,243
193.68,113,231
194.51,123,227
195.33,148,229
196.08,161,230
196.87,167,234
197.65,170,239
198.44,172,235
199.23,179,229
200.02,196,224
200.80,212,227
201.59,220,229
202.38,230,226
203.17,229,225
203.95,235,226
204.74,238,222
205.60,865,216
206.39,865,225
207.18,881,228
207.97,896,227
208.76,928,234
209.55,928,239
210.34,553,218
211.13,538,228
211.92,538,227
212.71,522,232
213.50,522,226
214.29,507,228
215.08,507,230
215.87,507,232
216.67,507,230
217.46,499,233
218.25,487,231
219.05,507,234
219.84,507,230
220.64,507,230
221.43,522,233
222.22,522,232
223.02,522,235
223.81,538,231
224.57,522,231
225.35,538,234
226.12,553,234
226.90,553,233
227.68,538,234
228.46,569,232
229.23,585,234
230.01,585,233
230.79,585,235
231.57,569,232
232.34,569,236
233.12,585,234
233.95,600,232
234.74,569,232
235.53,600,237
236.32,616,233
237.11,616,234
237.90,600,236
238.68,616,235
239.47,631,233
240.26,647,235
241.05,647,236
241.84,647,233
242.63,647,235
243.43,647,235
244.24,647,237
245.04,647,235
245.85,663,236
246.66,663,237
247.46,663,236
248.27,647,236
249.07,647,235
249.88,647,235
250.69,663,235
251.49,647,237
252.30,647,234
253.05,647,237
253.84,647,235
254.64,647,234
255.43,647,235
256.22,647,236
257.02,631,235
257.81,647,232
258.61,631,237
259.40,631,238
260.19,616,229
260.99,585,225
261.78,569,224
262.43,553,228
263.22,553,227
264.00,538,231
264.79,522,229
265.58,522,229
266.36,507,229
267.15,507,235
267.93,499,231
268.72,487,232
269.51,481,233
270.29,478,236
271.08,461,232
271.91,452,232
272.71,440,235
273.52,427,232
274.32,421,234
275.12,418,235
275.93,409,235
276.73,404,234
277.54,402,235
278.34,401,233
279.14,393,232
279.95,396,235
280.75,398,232
281.50,399,235
282.29,399,235
283.09,399,234
283.88,399,235
284.67,399,235
285.47,399,234
286.26,399,235
287.06,399,237
287.85,392,235
288.64,388,234
289.44,386,234
290.23,374,235
291.09,379,236
291.92,389,232
292.75,394,235
293.58,404,236
294.41,424,216
295.24,818,223
296.07,834,225
296.90,834,227
297.73,850,226
298.56,865,227
299.39,881,237
300.22,850,238
301.01,772,230
301.80,772,224
302.60,522,210
303.39,772,210
304.18,772,217
304.98,772,213
305.77,459,180
306.57,451,210
307.36,433,187
308.15,431,184
308.95,415,174
309.74,362,164
310.50,362,184
311.30,362,161
312.09,134,210
312.89,160,215
313.69,167,220
314.48,158,223
315.28,166,226
316.07,157,228
316.87,165,228
317.67,169,229
318.46,171,230
319.26,160,232
320.05,154,230
320.84,151,234
321.63,150,230
322.42,162,233
323.21,155,231
324.00,164,232
324.79,156,230
325.58,165,229
326.37,169,228
327.16,171,226
327.95,172,219
328.74,173,214
329.60,153,197
330.42,476,174
331.25,476,145
332.07,476,168
332.89,553,212
333.72,553,227
334.54,553,234
335.37,538,233
336.19,538,234
337.01,538,234
337.84,553,233
338.66,538,231
339.45,538,236
340.25,522,232
341.04,522,233
341.84,522,235
342.64,538,234
343.43,522,235
344.23,522,233
345.02,522,232
345.82,522,235
346.62,522,233
347.41,522,230
348.21,507,220
348.97,362,226
349.70,362,231
350.44,362,234
351.17,362,235
351.91,362,235
352.64,373,231
353.38,379,224
354.11,459,224
354.85,475,230
355.58,522,235
356.32,522,236
357.05,522,228
357.87,553,215
358.66,538,210
359.45,444,220
0.24,422,223
1.03,403,216
1.82,308,129
2.61,315,138
3.40,325,177
4.19,415,168
4.98,538,224
5.77,538,234
6.56,538,233
7.36,538,234
8.12,538,235
8.89,538,232
9.65,538,233
10.41,553,236
11.18,553,236
11.94,553,231
12.71,585,212
13.47,308,222
14.23,301,226
15.00,298,224
15.76,316,215
16.55,585,217
17.36,362,219
18.16,355,217
18.97,345,220
19.78,333,231
20.58,327,222
21.39,317,214
22.19,299,212
23.00,290,211
23.81,285,214
24.61,283,200
25.42,282,218
26.22,281,237
27.01,281,238
27.80,281,233
28.59,288,225
29.38,415,226
30.17,429,230
30.95,429,232
31.74,429,231
32.53,422,234
33.32,418,234
34.11,409,235
34.90,404,235
35.73,402,233
36.49,393,236
37.25,389,233
38.01,387,233
38.77,386,231
39.53,374,234
40.30,368,231
41.06,358,234
41.82,353,232
42.58,351,230
43.34,343,229
44.10,339,235
44.86,330,237
45.61,326,235
46.37,324,236
47.12,323,233
47.87,322,234
48.63,322,238
49.38,322,237
50.14,315,234
50.89,311,235
51.64,309,236
52.40,308,237
53.15,308,235
53.91,308,237
54.70,308,238
55.50,301,237
56.29,298,236
57.08,289,238
57.87,292,237
58.67,293,237
59.46,294,237
60.25,274,233
61.04,277,236
61.84,279,238
62.63,280,238
63.43,274,238
64.19,277,237
64.96,279,238
65.72,280,238
66.48,280,237
67.25,280,236
68.01,280,238
68.78,280,235
69.54,280,238
70.30,280,236
71.07,274,237
71.83,277,238
72.59,272,238
73.39,270,235
74.18,275,232
74.98,278,235
75.78,273,238
76.57,277,237
77.37,279,238
78.16,273,236
78.96,270,237
79.76,262,237
80.55,258,235
81.35,241,236
82.14,234,233
82.95,231,233
83.75,236,231
84.56,232,233
85.37,230,230
86.17,239,234
86.98,253,234
87.78,260,231
88.59,270,232
89.40,275,234
90.20,278,238
91.01,279,236
91.77,273,235
92.54,270,236
93.32,269,237
94.09,275,235
94.86,271,237
95.64,262,239
96.41,241,239
97.19,244,238
97.96,246,237
98.73,250,238
99.51,228,235
100.28,234,235
101.11,237,235
101.90,239,237
102.70,240,237
103.49,243,237
104.28,235,236
105.07,239,237
105.87,242,236
106.66,245,238
107.45,247,239
108.24,257,239
109.04,255,238
109.83,254,240
110.63,261,240
111.43,264,241
112.24,266,238
113.04,273,238
113.84,284,239
114.64,296,237
115.45,302,232
116.25,312,217
117.05,415,93
117.85,268,90
118.66,228,135
119.46,228,215
120.33,228,222
121.08,228,217
121.84,234,212
122.59,231,214
123.34,236,211
124.10,238,211
124.85,233,212
125.61,230,212
126.36,229,212
127.11,228,215
127.87,228,220
128.62,221,227
129.41,224,216
130.21,226,215
131.01,233,230
131.81,230,234
132.61,235,224
133.41,239,219
134.21,253,213
135.01,241,184
135.81,244,187
136.61,256,158
137.41,255,171
138.21,254,129
138.93,261,174
139.74,257,158
140.54,269,174
141.35,268,164
142.16,281,210
142.96,281,158
143.77,274,155
144.57,277,122
145.38,201,51
146.19,137,64
146.99,295,109
147.80,288,206
148.63,298,142
149.46,296,151
150.29,295,174
151.12,301,168
151.95,298,177
152.78,310,187
153.61,329,168
154.44,325,155
155.27,323,168
156.10,585,223
156.93,585,229
157.76,362,222
158.55,348,223
159.34,341,226
160.14,338,232
160.93,330,230
161.72,326,234
162.51,324,235
163.31,316,232
164.10,312,233
164.89,310,233
165.68,322,232
166.48,322,233
167.27,328,235
168.07,338,226
168.85,1489,215
169.63,1489,228
170.41,1489,228
171.19,1504,214
171.97,6320,211
172.75,1489,218
173.53,1489,223
174.31,538,222
175.09,538,227
175.87,538,233
176.65,522,230
177.44,507,227
178.23,522,223
179.02,522,218
179.81,174,221
180.60,180,223
181.39,177,234
182.18,175,236
182.97,181,223
183.76,177,220
184.55,175,219
185.34,147,231
186.13,133,241
187.50,126,245
188.29,115,241
189.09,102,239
189.88,103,241
190.67,103,239
191.47,103,242
192.26,111,243
193.06,107,242
193.85,113,229
194.64,123,226
195.44,136,232
196.23,155,232
196.98,164,233
197.76,169,242
198.55,171,235
199.33,172,229
200.11,206,224
200.90,217,225
201.68,229,228
202.47,235,228
203.25,238,227
204.03,239,226
204.82,240,219
205.60,881,218
206.36,865,225
207.15,881,227
207.95,896,226
208.74,912,236
209.53,928,236
210.32,553,226
211.12,538,229
211.91,538,230
212.70,522,232
213.49,507,228
214.29,507,231
215.08,507,233
215.91,507,230
216.73,499,232
217.54,507,228
218.36,507,233
219.18,507,234
219.99,507,229
220.81,507,232
221.62,522,232
222.44,507,233
223.26,522,234
224.07,538,233
224.89,538,232
225.69,553,233
226.48,538,234
227.28,538,234
228.07,538,234
228.86,569,232
229.65,585,234
230.45,585,237
231.24,585,233
232.03,585,232
232.82,585,236
233.62,585,233
234.41,600,233
235.17,600,234
235.96,616,234
236.76,616,231
237.55,616,234
238.34,616,237
239.13,616,234
239.93,631,233
240.72,647,236
241.51,647,235
242.30,647,234
243.10,647,233
243.89,647,237
244.72,647,235
245.49,663,237
246.26,663,237
247.03,663,237
247.80,663,234
248.57,647,237
249.35,647,237
250.12,647,238
250.89,647,238
251.66,663,236
252.43,647,237
253.20,647,237
253.99,647,234
254.80,647,235
255.60,631,233
256.41,631,237
257.22,647,235
258.02,631,233
258.83,631,236
259.63,616,233
260.44,600,224
261.25,585,228
262.05,569,226
262.86,553,226
263.66,538,226
264.45,538,230
265.24,522,231
266.03,522,229
266.82,507,230
267.61,507,230
268.39,499,230
269.18,487,231
269.97,481,233
270.76,478,232
271.55,461,233
272.34,445,232
273.17,437,234
273.97,426,235
274.77,420,234
275.57,417,236
276.37,408,235
277.17,404,233
277.97,402,234
278.77,401,231
279.57,393,232
280.37,396,235
281.17,398,233
281.97,399,233
282.77,392,234
283.57,396,233
284.36,390,234
285.16,395,232
285.96,397,234
286.75,398,238
287.55,391,234
288.34,376,234
289.14,380,233
289.94,382,236
290.73,383,235
291.53,391,232
292.58,403,233
293.38,409,235
294.18,412,229
294.98,818,219
295.78,834,224
296.58,834,225
297.37,850,226
298.17,865,228
298.97,896,237
299.77,865,236
300.57,818,229
301.37,756,231
302.16,850,211
302.98,507,210
303.79,772,216
304.61,756,212
305.43,772,210
306.24,444,190
307.06,444,184
307.87,429,148
308.69,429,145
309.51,407,187
310.32,396,135
311.14,405,177
311.94,104,145
312.73,145,214
313.53,159,218
314.32,166,225
315.11,157,226
315.90,165,227
316.70,169,229
317.49,171,231
318.28,160,231
319.07,154,231
319.87,151,231
320.66,150,232
321.45,162,233
322.24,155,231
323.04,164,234
323.83,169,233
324.62,159,231
325.42,166,227
326.21,170,228
327.01,172,224
327.80,173,221
328.59,161,215
329.39,201,210
330.18,476,174
330.97,483,180
331.76,471,180
332.54,481,174
333.33,553,223
334.12,553,231
334.91,538,233
335.69,553,232
336.48,538,232
337.27,538,234
338.06,538,234
338.84,538,234
339.63,538,233
340.45,538,233
341.24,538,233
342.02,522,233
342.81,522,233
343.59,522,233
344.38,522,235
345.16,522,235
345.95,522,234
346.73,522,230
347.52,522,226
348.30,362,226
349.09,362,229
349.92,362,234
350.71,355,238
351.51,358,236
352.30,371,234
353.10,378,227
353.89,381,219
354.69,476,230
355.48,522,229
356.28,522,234
357.07,522,228
357.87,538,218
358.66,538,200
