header,index,speed_0,start_angle_0,distances_0,distances_1,distances_2,distances_3,distances_4,distances_5,distances_6,distances_7,distances_8,distances_9,distances_10,distances_11,intensities
250,0,55768,54784,203,23768,55554,152,728,54785,92,19671,54786,557,11743,58114,95,41,58,85,40,84,44,23,14,174,41,45
250,4,2793,56069,962,53981,56323,28793,21868,21597,5932,51214,56176,59396,1243,49893,3,221,203,4,232,188,4,232,188,4,235,188
250,64,479,54994,55041,459,52440,52737,469,11655,54274,557,19670,54530,588,11732,2,222,45,2,222,45,2,213,80,68,177,85
250,86,21950,21604,5676,19726,18263,40472,6184,14277,28952,6854,46753,43034,6792,40379,18,217,142,18,220,111,18,219,64,18,220,48
250,4,64234,58884,978,53981,56835,1274,56284,58884,1243,17117,53361,33109,11348,3606,146,113,219,4,221,203,4,234,188,4,234,188
250,16,22000,21650,6700,19726,65041,57345,526,3806,56834,526,3805,56834,541,11738,2,212,47,0,212,29,2,217,29,2,227,45
250,85,21573,6700,12302,65056,56065,526,19933,54272,77,14036,54272,666,27609,55552,107,0,217,123,2,219,123,2,218,107,2,218
250,11,56138,35339,2864,50023,30474,2505,9171,10079,59990,11348,3610,24434,2459,27841,9,215,77,9,211,161,8,211,101,10,213,23
250,102,1726,40929,57862,1679,32996,57350,1633,20963,58374,1586,8933,58374,1539,62436,5,227,228,5,230,212,5,229,100,106,47,86
250,4,53986,56323,978,60125,57092,1243,56293,56580,1227,52194,60164,29137,22069,21681,44,26,14,59,114,188,4,233,188,4,235,172
250,50,22124,21579,5420,18702,11571,59906,557,11760,59394,389,36069,58625,392,34535,1,232,148,1,229,61,2,221,147,1,220,140
250,4,49895,56323,978,64222,56324,1243,56295,57860,962,52188,59140,1227,48363,60164,188,4,234,182,114,153,86,72,84,44,21,14
250,11,60240,47115,2833,50029,29706,2505,35794,45321,2396,23767,54281,2225,45522,55048,164,96,240,86,124,84,44,23,14,221,96,39
250,111,978,49883,56067,1258,56284,59396,1243,56291,56324,1227,48358,59652,1212,48362,4,233,172,4,233,172,4,234,95,115,253,86
250,137,325,16078,54273,588,19670,56578,573,15845,59138,557,11748,58370,557,11742,2,216,55,1,210,48,1,197,199,0,16,87
250,100,22359,21504,5676,18702,59493,58114,760,2015,57859,806,56795,56838,1742,44770,6,226,143,6,227,128,6,227,97,6,226,81
250,104,1570,995,58374,1523,58597,58629,1492,10724,56069,1305,6624,56837,1430,34537,5,232,103,5,228,103,5,232,156,108,92,87
250,4,2794,57349,978,49887,56323,28756,22367,21746,5676,42766,60016,57348,1243,56296,4,219,203,4,222,203,4,234,188,4,236,188
250,4,64234,57348,978,49885,56067,1259,56289,58628,28926,22467,21588,5676,19726,60273,4,219,203,4,227,203,4,233,188,4,234,188
250,4,64232,56324,978,49884,56579,1243,60133,58116,1243,52190,59140,29084,22567,21730,44,21,14,235,113,188,4,233,188,4,236,172
250,4,49892,56323,962,64221,56324,1243,56296,57604,962,52186,60164,1212,48361,60164,113,114,140,88,69,84,44,21,14,196,114,172
250,11,28305,24587,2755,55655,53769,2412,23736,54537,2396,27859,53769,24633,22755,21672,44,25,14,136,96,177,8,217,39,10,223,217
250,4,56285,59652,1243,49891,56323,1227,48359,60164,1212,48364,60676,1196,7914,61555,88,178,84,44,25,14,106,115,172,4,235,172
250,85,22847,21573,5420,19726,7254,37141,5389,57054,56340,6246,18321,51224,6168,58792,26,84,214,26,177,151,26,187,173,18,168,142
250,4,64235,57348,962,62431,21103,5465,11348,3605,28742,962,56284,57348,1243,60392,4,223,203,4,222,203,4,232,188,4,233,188
250,4,2791,56837,962,49886,56323,1243,52199,46704,44377,11348,3604,28958,1243,49889,3,220,203,4,231,188,4,234,188,4,236,188
250,11,2621,32268,2848,50004,32266,24282,23053,21730,5676,10510,51551,49417,2443,23745,9,214,108,9,213,92,9,210,161,8,216,39
250,4,53992,56323,962,64219,56068,1243,60133,57348,1243,35803,6769,54362,11348,3606,214,113,203,4,232,188,4,233,188,4,235,172
250,120,23072,21711,5676,19726,33657,56577,388,34017,58369,388,34021,58369,388,35810,1,230,143,1,226,145,1,227,146,1,226,146
250,0,64984,56064,244,62683,56064,244,62683,55808,217,50649,55040,10129,23114,21678,44,26,14,225,39,129,0,216,173,0,215,1
250,4,56284,58884,1258,52190,56068,1227,48360,60164,29205,23167,21745,6700,28942,48242,4,237,188,4,235,172,4,236,172,4,237,172
250,4,2793,57349,978,49888,56323,1243,56290,59396,1243,52190,57092,1227,48362,59908,188,4,235,172,4,235,247,114,227,90,247,84
250,4,64234,58372,978,58078,17775,31067,11348,3609,28721,962,64221,56580,1243,56295,4,230,194,3,223,203,4,230,188,4,232,188
250,4,53988,56323,962,64219,56580,28810,23465,21732,5164,55566,56176,59396,1243,56289,4,221,203,4,232,188,4,236,188,4,234,172
250,1,526,3796,58114,526,65254,59393,510,65257,59393,510,65256,59905,502,65257,1,233,246,1,233,242,1,235,76,5,193,91
250,23,448,47329,59649,436,45802,59649,426,42728,60161,427,42728,59393,635,43745,2,229,170,2,214,14,2,219,87,27,209,91
250,49,278,6639,61441,289,15855,55810,557,11750,60930,557,37870,56833,396,33256,1,230,123,1,230,128,1,232,98,53,227,91
250,4,53991,55811,978,64220,56324,1243,60131,56580,28980,23565,21636,5932,34574,56177,4,222,203,4,232,188,4,233,188,4,236,172
250,116,23568,21717,5932,18958,30581,60417,374,30443,60161,374,30444,59905,374,30442,1,237,118,1,233,118,1,233,125,1,232,129
250,4,49892,56323,962,60123,56324,1243,60134,56836,1243,52188,59396,29125,23666,21598,44,25,14,21,114,188,4,233,188,4,235,172
250,62,23829,21526,6188,17934,53311,58369,471,56285,54273,485,51601,53762,620,52946,1,211,206,1,215,206,1,212,214,1,135,30
250,4,2789,59909,1290,29419,14447,40285,11348,3608,28605,1290,53987,57091,1274,60124,4,226,219,4,234,219,4,223,219,4,222,203
250,89,4703,16604,56082,4641,474,56082,4594,58076,56081,4547,8410,13056,3596,12116,0,84,128,13,54,50,13,80,138,93,143,93
250,134,588,15832,57090,557,19685,58114,651,31719,59650,604,19688,57858,588,27621,2,214,55,1,197,55,1,211,38,138,175,93
250,4,2791,59653,1274,64232,56324,978,53981,56579,1243,46821,112,33118,11348,3606,5,113,219,4,224,194,3,218,203,4,230,188
250,4,64232,56580,978,60383,56324,1243,60390,57348,962,29147,25969,31070,11348,3605,196,113,203,4,234,188,4,236,188,4,234,172
250,4,49892,56323,978,64222,56068,1243,56295,57348,962,52188,59396,1212,61418,51569,94,165,84,44,20,14,110,114,188,4,233,188
250,84,5932,22542,43349,30492,7259,3492,50460,5436,3492,56597,5342,26332,43032,6215,200,40,24,210,245,26,93,198,26,164,136,26
250,4,30423,57601,374,30442,60417,374,30443,60417,374,30443,59905,374,33002,12406,95,253,84,44,23,14,204,118,118,1,233,118
250,84,5932,21774,41342,57601,425,44512,57601,438,46047,57857,441,48353,57601,453,222,194,1,222,200,1,221,211,1,223,208,1
250,4,2790,56069,28623,24463,21664,5676,7694,49776,57091,978,56282,59140,1243,49894,3,219,203,4,228,188,4,232,188,4,232,188
250,11,24492,21743,5932,18702,60940,58881,494,61160,59649,494,61161,58625,494,61160,1,230,238,1,233,238,1,229,238,1,233,230
250,4,2793,56837,978,53983,55811,28775,24563,21728,5932,46606,56176,58628,1243,49889,3,218,203,4,233,203,4,233,188,4,235,188
250,90,24648,21662,5676,18702,347,56082,4578,50138,55825,32,60746,25613,47,19773,0,67,50,13,74,17,0,51,250,11,96,204
250,4,64235,58628,962,53981,56323,1259,56287,58628,962,19932,22641,16736,11348,3606,157,113,203,4,226,203,4,235,188,4,233,188
250,11,56170,33035,2864,63584,37129,2474,27828,54281,2412,59605,4959,32353,11348,3607,56,96,77,9,210,177,8,218,70,10,220,8
250,4,34791,33391,59233,11348,3605,28630,978,49885,56579,1258,56285,59396,1243,49893,3,219,203,4,231,188,4,234,188,4,234,188
250,126,429,45026,57601,432,47330,57857,444,48864,57089,454,50142,56577,456,54239,1,221,217,1,220,220,1,223,102,130,143,97
250,4,56285,59652,1243,56286,55812,1212,48359,59908,1212,44266,60164,1196,44268,60676,157,4,237,188,4,220,232,115,233,97,53,84
250,0,65241,55808,245,64472,55552,245,43481,55552,193,731,55041,589,11995,58114,46,2,231,46,2,233,250,41,24,98,142,84
250,84,5932,8462,65297,57089,511,65501,56577,526,3802,56834,526,7899,55298,271,210,62,0,212,30,2,222,30,2,227,46,2
250,11,60253,38667,2864,5997,27914,24289,25250,21577,5932,12302,51551,53769,2412,23764,9,214,92,9,211,161,8,218,70,10,220,248
250,4,64231,56836,962,49885,56323,1243,56291,59140,962,52190,58628,29081,25263,21718,44,23,14,233,113,203,4,233,188,4,235,188
250,4,53992,56323,962,64223,56068,1243,56295,58884,962,52188,59396,1212,48361,60164,95,114,19,99,119,84,44,26,14,175,114,188
250,92,3596,20810,18957,3331,64042,18955,3035,32401,21515,2755,51565,51977,2427,23710,9,214,92,9,214,177,8,211,95,96,106,99
250,4,53989,56579,962,60124,56580,1243,56298,57860,962,52189,59908,1212,48361,60420,188,4,235,172,4,233,12,115,120,99,46,84
250,33,122,25559,55296,635,27612,55810,635,27613,57090,619,27611,55554,635,55768,0,216,92,2,215,107,2,216,98,37,164,99
250,4,53983,56579,962,56284,57092,28827,25662,21518,4652,60942,56176,58372,962,52187,4,230,203,4,236,188,4,235,188,4,235,172
250,11,32398,20491,2833,43869,38238,60260,11348,3607,24314,2537,35732,43785,2381,27862,9,212,92,9,210,177,8,221,54,10,223,248
250,4,2792,56325,978,49885,56067,1243,56294,58116,1258,22747,41585,51044,11348,3607,164,113,203,4,230,188,4,234,188,4,235,188
250,31,25804,21559,5676,21518,65056,56065,510,19926,54016,77,39636,56322,107,29400,0,217,154,2,217,123,2,223,107,2,219,107
250,4,2538,56581,962,53983,56323,1243,56295,58884,962,52189,58372,1227,58856,1649,101,31,84,44,22,14,77,114,188,4,234,188
250,99,713,51690,60162,713,51690,59650,729,59624,57090,760,2018,57091,1773,52955,6,225,174,6,225,159,6,228,91,103,99,101
250,4,51433,26734,4453,11348,3605,28442,1290,64235,58628,978,53981,57091,1274,56284,4,232,219,4,228,194,3,221,203,4,231,188
250,125,25970,21513,5420,18702,41342,57601,417,43491,57601,429,46815,57345,435,47583,1,224,188,1,226,197,1,223,201,1,221,203
250,4,45797,52335,8037,11348,3606,28670,962,49884,56835,1274,56285,59396,1243,49890,3,219,203,4,233,188,4,234,188,4,236,188
250,84,6188,5134,17802,48641,325,23762,54530,588,15839,57858,573,11747,58626,557,226,45,2,222,45,2,213,45,2,211,42,1
250,4,64232,58372,978,49886,56067,28746,26161,21539,6188,39438,60272,57092,1243,49892,3,219,203,4,229,203,4,233,188,4,234,188
250,84,5676,37902,63003,55553,137,35287,56320,137,35289,55808,137,35300,59904,129,236,125,0,234,123,0,226,122,0,224,122,0
250,4,53990,55811,962,64222,56324,1243,56293,57860,28962,26261,21581,5676,29966,56177,4,220,203,4,231,188,4,234,188,4,234,188
250,120,387,33937,56833,388,35810,58113,392,36323,58113,400,37347,58369,402,37601,1,228,146,1,227,146,1,225,99,124,157,102
250,68,26329,21661,5676,19726,7493,54530,557,7637,55298,541,65235,49409,526,3794,2,211,14,2,200,254,1,210,254,1,212,254
250,84,5676,28174,54378,56325,1305,6617,58629,1430,34535,58885,1399,26595,59397,1383,230,16,4,227,72,5,229,56,5,233,56,5
250,109,26359,21635,5676,18958,10606,60165,1305,2788,59397,1290,64236,59140,978,49884,3,222,234,4,219,219,4,232,219,4,226,219
250,4,53983,56835,962,56285,57860,1243,60138,56836,1227,52191,59396,1212,48362,60164,153,114,93,103,75,84,44,24,14,229,114,172
250,84,5676,59150,65027,60161,510,63208,59905,510,63211,59905,498,61671,59649,495,233,239,1,234,239,1,235,239,1,233,239,1
250,4,35561,49007,40295,11348,3606,28637,962,49882,56067,978,56285,58884,1243,49894,3,220,203,4,228,188,4,232,188,4,234,188
250,100,26652,21690,5932,17934,55653,58626,760,63709,58114,791,56798,56582,1742,45027,6,225,159,6,225,128,6,228,97,6,228,81
250,4,53990,56067,962,15325,9072,32360,11348,3607,28807,1274,56282,58372,1243,49888,3,218,203,4,231,188,4,233,188,4,235,188
250,115,26662,21695,5932,18958,38004,55297,389,32231,59649,377,30702,60929,374,30446,1,235,118,1,234,118,1,234,118,1,233,118
250,4,64229,56324,978,64220,56324,1243,50404,34928,56680,11348,3605,28947,1258,56287,4,221,203,4,234,188,4,232,188,4,234,188
250,131,510,3800,53762,374,30418,44545,363,28859,50433,371,29860,39681,362,19575,2,213,76,2,219,61,2,226,95,135,152,104
250,4,49892,56323,962,60124,56836,1243,60133,56324,1243,36319,60529,43624,11348,3604,221,113,203,4,232,188,4,234,188,4,236,188
250,4,2792,57093,962,49885,56323,1243,56293,58884,1243,52189,57860,1212,48362,59908,188,4,235,172,4,234,243,114,181,105,37,84
250,4,64233,56580,28645,27158,21562,5932,14350,49776,56835,962,56286,58628,1243,60388,4,220,203,4,228,188,4,233,188,4,235,188
250,0,64986,55552,244,62681,55808,9837,27306,21754,5932,48142,62502,56064,250,55769,0,217,147,0,216,112,0,217,171,0,216,201
250,49,282,7154,61185,290,11754,56578,557,11752,60674,557,37867,58369,396,33256,1,227,131,1,234,139,1,233,102,53,181,106
250,4,2791,56325,962,53981,56067,1243,56294,58884,962,52189,58372,1227,58344,17265,107,179,84,44,19,14,113,114,188,4,234,188
250,4,49896,56323,962,64223,56324,1243,56296,59396,962,52188,58372,1227,48361,59652,188,4,237,156,114,168,107,85,84,44,23,14
250,0,62681,55808,153,42456,55296,136,27352,55552,258,62681,55552,10394,27607,21670,44,13,14,233,40,61,2,217,45,2,223,45
250,107,21657,3372,25358,36441,56338,4719,20444,56338,4656,8667,56082,4609,62171,55825,226,17,219,195,17,215,32,0,51,12,14,71
250,4,29675,2415,65388,11348,3597,28610,1274,53983,56835,1274,60126,57860,1243,49893,3,221,203,4,227,203,4,233,188,4,233,188
250,22,604,45531,56065,440,48350,58369,438,46057,59905,434,43756,60417,429,42987,1,234,172,1,235,139,2,226,138,26,49,108
250,0,28633,14629,14444,11348,3611,9666,254,62684,55552,251,19930,55296,160,34264,0,215,105,0,216,106,0,217,91,0,216,167
250,44,27710,21530,6956,18702,3629,58370,526,3818,61186,542,11758,60418,542,11755,2,236,14,2,229,246,1,221,29,1,230,29
250,4,2793,56325,962,16604,28272,9068,11348,3611,28816,962,56283,58884,1259,56290,4,219,203,4,233,203,4,233,188,4,235,172
250,4,2788,59397,1290,64234,58116,962,49883,56579,1259,56287,59652,28893,27858,21704,44,21,14,44,113,194,3,221,203,4,222,203
250,108,21738,5676,3854,35100,55808,137,35293,55552,144,36065,59648,138,35309,59392,129,0,228,125,0,225,123,0,223,137,0,220
250,83,4968,62677,36371,5202,29096,55060,7337,31630,35356,7182,3764,43804,5405,61145,20,220,222,20,213,87,24,200,77,87,36,109
250,105,27953,21583,5676,19726,54634,58373,1493,6875,56325,1306,38627,59141,1415,26855,5,228,104,5,233,104,5,227,17,4,224,72
250,84,5676,44814,30581,60673,375,30698,59905,375,30699,59905,375,30699,59393,375,231,119,1,232,126,1,228,129,1,212,131,1
250,139,558,12004,58114,558,11998,54018,298,10962,48641,298,10939,52737,291,7890,2,220,14,2,229,255,1,232,195,2,75,109
250,84,5420,48142,35868,55552,146,36323,59904,139,35566,59648,130,32484,57344,131,220,141,0,217,186,2,219,186,2,219,254,1
250,87,28040,21735,5420,18702,50776,42010,6807,30930,43034,4765,32476,56594,4703,16603,18,220,48,18,218,17,18,219,1,18,220,226
250,11,56167,38667,2911,53860,27146,2505,23755,53769,24440,28045,21615,5420,50190,23647,9,214,77,9,211,177,8,214,86,10,214,23
250,4,2791,56581,962,49885,56323,1243,56292,59140,962,52188,58372,1227,48364,60420,92,114,155,109,37,84,44,21,14,171,114,188
250,10,487,60390,59393,493,59113,59905,490,58599,59137,489,60651,58881,485,60137,1,232,236,1,234,237,1,231,104,14,184,109
250,0,1240,55553,231,39640,55040,604,27608,55040,148,11734,51752,54637,11348,3612,124,40,176,0,216,45,2,213,61,2,220,45
250,109,21629,7212,46094,34411,59397,1399,26593,59141,1368,4327,58884,1352,14566,59653,56,5,233,41,5,236,25,5,227,10,5,234
250,4,53990,56835,962,64221,56068,1243,56295,57860,1243,52188,59396,1212,48364,59652,188,4,234,172,4,236,23,115,255,109,253,84
250,11,52295,44555,2833,45911,29706,2505,27841,47881,2396,19927,54281,2225,45522,55560,39,10,224,232,96,86,110,135,84,44,23,14
250,4,2790,56069,28638,28257,21623,5932,11534,49776,56579,1274,56284,58884,1258,56286,4,220,203,4,232,188,4,235,188,4,234,188
250,4,2787,60165,1290,64234,57860,978,49884,56067,1259,35040,50544,110,11348,3598,215,112,219,4,231,194,3,221,203,4,227,203
250,1,526,3803,57858,510,65255,59137,510,65257,59393,510,65258,59649,502,62185,1,232,240,1,235,239,1,232,123,5,221,110
250,110,21610,5932,16910,7726,60418,558,12014,60162,558,61419,57345,511,7640,60929,22,1,238,18,1,239,16,1,240,15,1,238
250,60,28420,21581,5932,17934,37949,57857,463,53219,57857,448,45539,58369,456,54500,1,225,218,1,226,221,1,213,222,1,151,248
250,109,1337,10732,60165,1305,6633,58117,1290,64235,59396,1290,53981,56835,962,56283,4,230,219,4,231,194,3,220,99,113,41,111
250,84,7212,4110,44903,57862,1695,32993,57862,1648,20963,57862,1586,8931,58118,1555,228,244,5,229,228,5,228,212,5,228,212,5
250,139,28576,21750,4396,18702,11660,57858,557,15834,54274,588,10955,52737,298,12481,1,161,29,2,211,14,2,222,14,2,230,14
250,4,53989,56323,962,64220,56068,1243,56296,58116,962,52188,59140,1227,48361,59908,188,4,235,196,114,242,111,247,84,44,17,14
250,111,21749,4396,13838,41342,58113,425,44515,57857,431,45284,57601,440,48354,56833,190,1,223,191,1,222,198,1,223,202,1,220
250,0,62679,56064,237,58330,56064,234,57818,56064,207,57817,54784,233,39896,55552,1,1,217,77,0,214,177,40,33,112,184,84
250,11,52330,33803,2801,55668,37129,2505,19896,54025,2396,23767,54537,2209,22234,56074,196,96,73,112,29,84,44,21,14,19,97,248
250,4,41185,21615,60528,11348,3605,28652,978,53981,56323,1258,56288,59140,962,52188,4,227,203,4,235,188,4,233,188,4,235,188
250,11,28785,21577,6956,18958,60940,59137,494,61159,59137,494,61159,59393,494,61160,1,233,238,1,233,238,1,232,238,1,232,238
250,84,6956,3086,4205,58372,1352,14820,59397,1337,10732,59909,1305,2789,59141,1290,232,250,4,234,10,5,219,210,3,220,210,3
250,112,21667,5420,55566,3648,41986,462,51157,55297,458,54483,29697,557,15827,54274,217,2,214,76,2,213,45,2,219,45,2,221
250,86,28938,21670,5420,19726,26199,51992,6199,10433,35352,6870,46740,53786,6792,40385,18,217,142,18,219,111,18,219,80,18,219,64
250,4,56284,59396,1259,4318,7281,49009,11348,3605,29023,1243,52186,59652,1212,48364,4,235,172,4,234,172,4,236,172,4,235,172
250,131,28969,21524,5676,18958,3716,51202,374,30414,47873,374,27563,53761,368,26766,1,161,118,1,135,76,2,213,92,2,221,61
250,68,29025,21757,5676,18702,7749,53762,557,11735,55298,542,3795,51202,526,3795,2,211,14,2,211,254,1,210,254,1,193,254
250,11,52333,35339,2817,63588,43785,2521,19873,54281,2396,52438,55391,10097,11348,3608,27,96,92,9,212,161,8,218,70,10,217,248
250,113,21662,5420,61966,65027,60161,510,63211,60161,498,61672,59393,495,61420,59393,239,1,236,239,1,234,239,1,237,239,1,234
250,81,5404,25046,53780,5420,7379,54549,5140,62682,55827,5202,54742,40467,4781,25045,20,216,144,20,122,138,28,171,95,85,52,114
250,4,27370,18287,56946,11348,3605,28601,1290,53983,56323,978,56283,58116,1243,49895,3,220,203,4,230,203,4,235,188,4,233,188
250,11,490,60649,59649,493,61161,59137,494,61161,58881,494,61161,59393,494,61161,1,232,238,1,232,230,1,234,83,15,102,114
250,4,2789,56069,978,14557,43888,33906,11348,3607,28807,978,56283,59140,1243,56284,4,222,203,4,232,188,4,234,188,4,234,188
250,114,21678,4652,24846,1107,56084,5186,30937,54035,4781,25043,54548,5248,39380,38684,91,28,177,254,27,206,254,27,155,253,20,219
250,11,56183,31243,2770,55665,33801,24305,29542,21537,7468,16654,39775,53769,2381,23764,9,214,92,9,212,177,8,217,70,10,221,248
250,4,2786,59909,1290,64233,56836,962,53982,56579,1243,56293,59140,1243,52190,57348,141,113,116,115,12,84,44,29,14,221,113,203
250,4,53990,56579,962,60125,56580,1243,56297,57860,962,52188,59396,1212,48363,60164,110,114,216,115,0,84,44,18,14,192,114,188
250,115,21571,6188,20494,15638,57346,588,19679,56834,557,49370,55553,448,49373,58881,184,1,233,180,1,235,178,1,236,177,1,235
250,4,53988,56579,978,64221,56324,1243,60391,57092,1227,52186,58884,1212,48362,60164,172,4,235,172,4,235,27,115,60,116,61,84
250,4,2795,58629,978,64220,40559,43380,11348,3606,28746,978,60379,56580,1243,60389,4,221,203,4,225,203,4,234,188,4,235,188
250,116,21544,7468,49934,63589,57346,760,18143,55043,1757,48865,57862,1695,36835,57862,112,6,228,81,6,225,65,6,229,50,6,227
250,4,2792,56581,978,64222,56324,1243,49122,624,14709,11348,3613,28943,1243,49892,3,221,203,4,228,203,4,232,188,4,234,188
250,4,56284,58628,1243,60135,56068,29014,55,21589,4140,42254,52081,58116,1227,48362,4,235,188,4,233,172,4,233,172,4,236,172
250,87,136,21591,5932,18958,54616,38682,6823,34770,40474,4781,32478,55826,4719,20442,18,220,48,18,219,33,18,219,1,18,218,242
250,4,53989,56579,962,60125,56580,1243,56296,57604,962,52188,59396,1227,8169,39794,0,184,84,44,23,14,110,114,188,4,234,188
250,11,56148,40459,2786,49991,24586,2505,27816,54025,2396,19926,54281,24596,242,21532,44,25,14,96,96,161,8,215,70,10,214,23
250,0,21757,6444,33038,38507,59141,1414,30696,58629,1383,26600,57605,1040,18655,59653,56,5,233,41,5,235,25,5,233,25,5,227
250,4,49889,56835,962,60123,57348,1243,60136,56836,1243,52189,59652,1212,48361,59908,172,4,236,229,114,255,0,221,84,44,25,14
250,4,64232,56324,28622,353,21596,4652,7438,53872,56067,962,56283,59140,1258,49890,3,219,203,4,231,203,4,231,188,4,234,188
250,0,374,21578,6700,20750,10497,39681,297,3794,54786,526,3807,59138,510,65257,1,232,254,1,230,254,1,233,254,1,234,254
250,0,62683,55296,244,39385,55040,198,728,55297,244,15833,55554,573,11742,58626,171,41,147,1,212,84,44,26,14,251,41,45
250,4,2792,56325,978,64221,56324,28794,453,21518,6700,51470,56176,58628,1243,49889,3,219,203,4,231,188,4,236,188,4,234,172
250,1,21673,5164,19470,11566,60418,557,11753,60674,557,49388,57345,298,9179,61953,31,1,238,23,1,241,19,1,238,17,1,240
250,4,49890,56579,962,60125,57348,1243,60137,57092,28994,553,21649,5164,38158,56177,4,221,203,4,234,188,4,232,188,4,236,172
250,42,604,21740,5676,18702,7467,58882,510,65254,58881,510,65253,58881,526,7653,2,229,254,1,230,29,2,239,45,2,238,45
250,46,557,7660,60674,447,10977,56321,291,6638,61185,276,4590,60929,278,6638,1,238,26,1,239,27,1,240,77,50,97,2
250,4,2793,56325,962,49884,56323,1243,56294,59652,962,52187,57604,1227,61419,36465,2,75,84,44,22,14,92,114,188,4,233,188
250,4,64229,56324,962,64220,56324,1243,56295,58884,962,52190,59140,1212,48358,60420,188,4,233,196,114,242,2,125,84,44,27,14
250,2,21611,6956,13838,41342,57601,425,44514,57601,431,47074,57345,443,48609,57857,190,1,224,191,1,224,198,1,223,202,1,222
250,11,52301,37899,2817,50007,26378,2505,19611,52745,2396,27861,54537,2209,45524,54792,167,96,73,3,208,84,44,21,14,243,96,23
250,4,2531,59653,1274,64235,58116,28576,852,21569,5420,61198,49775,56067,962,60124,4,222,219,4,232,219,4,221,203,4,223,203
250,137,331,20161,53761,588,19673,57090,573,15844,58370,557,11749,57858,557,11739,2,213,42,1,211,107,2,187,199,0,105,3
250,11,881,21733,5932,18702,58892,59137,490,60650,59649,493,61161,59393,494,61161,1,234,238,1,231,254,1,231,246,1,234,242
250,48,274,4332,61441,271,5612,60673,280,8687,60929,557,11738,59394,557,11757,2,238,147,1,229,140,1,232,80,52,142,3
250,93,3066,2656,33036,2848,50052,27146,2505,31698,54025,2396,19671,54281,2225,26070,10,215,23,10,226,201,9,225,95,97,174,3
250,0,1240,55553,557,15836,57602,557,11749,59138,10745,1002,21600,4908,18446,11562,2,230,45,2,231,45,2,232,14,2,231,14
250,3,21718,4908,54542,19520,53762,462,50900,55041,458,54486,32257,557,11665,55042,61,2,214,76,2,215,45,2,214,45,2,220
250,11,52330,37131,24173,1039,21510,4908,47118,61790,27146,2552,51572,50441,2396,23764,9,215,108,9,211,161,8,216,70,10,219,8
250,4,2537,55813,962,49884,56067,1243,56292,58372,28925,1052,21700,4908,19470,60017,4,218,203,4,231,203,4,234,188,4,233,188
250,4,53990,56835,962,64221,56836,1243,56297,57860,1258,52188,59652,29101,1153,21624,44,27,14,0,114,188,4,232,188,4,234,188
250,4,53992,56579,962,64221,56068,1243,56295,59140,962,52189,58628,1227,48361,59908,117,114,229,4,196,84,44,18,14,196,114,188
250,4,21676,4396,52750,65027,59905,510,63209,59649,498,59627,59649,491,60904,59905,238,1,232,238,1,232,238,1,234,238,1,237
250,4,53988,56323,978,60381,56836,1243,60391,56836,1227,52190,59652,1212,48365,60676,172,4,236,172,4,237,48,115,73,5,110,84
250,33,92,25560,55296,635,27612,55810,635,27613,56578,619,31705,55298,244,55767,0,216,227,0,216,234,0,219,106,37,118,5
250,4,2794,56837,978,9182,43888,11013,11348,3609,28790,962,60123,57092,1243,49891,3,221,203,4,230,188,4,233,188,4,234,188
250,5,21579,6700,21006,4947,55828,5155,30936,54803,5077,44420,53778,5233,47577,31260,91,28,158,13,28,210,238,27,158,13,21,215
250,4,2791,56837,978,64222,56068,1243,46055,3952,58118,11348,3610,28927,1243,49890,3,219,203,4,232,188,4,233,188,4,234,188
250,84,5164,44302,43551,57602,526,65241,56577,77,19924,54016,77,35795,56322,137,217,129,0,218,139,2,221,123,2,219,123,2
250,4,53990,56835,962,64220,56580,1243,56296,57604,962,30941,29809,51462,11348,3604,199,113,203,4,232,188,4,234,188,4,235,188
250,65,470,58024,26369,557,19670,54530,588,11734,54786,557,15837,56578,573,11720,2,177,45,2,210,45,2,213,124,69,184,6
250,4,49887,56835,1290,60380,57860,1243,56297,57604,1243,52189,59908,1212,9960,55410,6,129,84,44,22,14,113,114,188,4,233,172
250,6,21695,6444,61198,19477,56578,588,19680,56834,588,45534,55297,425,44509,57345,175,1,231,176,1,232,176,1,235,176,1,235
250,0,65243,55040,244,23768,55298,137,25560,55296,10306,1800,21747,6444,36366,43816,0,216,180,0,215,45,2,220,45,2,226,45
250,84,1831,21735,6444,16142,51285,31260,7244,3479,42012,5436,3492,56853,5342,22235,24,164,55,24,184,24,24,161,229,26,96,182
250,114,1852,21683,6444,19726,44147,59908,1196,44268,59652,1212,30423,58369,374,30441,1,237,118,1,238,118,1,236,118,1,235,118
250,11,44158,29707,2770,63578,37129,2505,23720,54537,2412,23765,53769,2209,18140,56586,218,96,147,7,251,84,44,22,14,45,97,248
250,4,2536,57093,28612,1950,21607,5676,4878,49776,56323,1274,56283,58116,1243,49890,3,219,203,4,229,188,4,235,188,4,235,188
250,78,2027,21540,5676,14094,4431,35353,6371,10200,54808,6121,36054,55063,5981,19414,21,210,28,21,168,197,19,177,13,21,214,97
250,7,21628,5676,31758,59493,56834,760,6113,56835,1773,52958,58118,1710,36834,58374,128,6,227,112,6,226,81,6,225,65,6,226
250,4,31965,624,5384,11348,3606,28879,1243,60136,57348,1243,52189,59908,1212,48362,4,234,188,4,235,172,4,236,172,4,235,172
250,4,2787,59909,1290,2795,58373,962,49884,56323,1259,56286,59652,1259,14816,26481,8,89,84,44,17,14,133,113,219,4,220,203
250,120,386,33729,57089,388,34018,57857,396,37093,58369,402,37857,58369,403,37857,1,226,147,1,224,154,1,226,101,124,111,8
250,4,2792,57605,978,49885,56067,1243,56291,59908,1258,56286,56068,1227,1770,52082,8,211,84,44,23,14,56,114,188,4,235,188
250,132,374,30405,53761,374,30418,43009,374,11662,31234,588,19670,57090,573,15844,2,232,123,2,229,123,2,234,99,136,219,8
250,4,53986,56579,978,60125,57604,1243,56296,56836,1243,52190,60164,1212,19947,12146,9,118,84,44,21,14,156,114,188,4,234,172
250,84,4140,8206,19593,58626,588,27621,55554,338,17618,53761,588,19666,55554,588,223,61,2,226,61,2,229,45,2,228,45,2
250,4,53987,56067,1274,60123,57092,1243,60132,56324,1227,52193,59652,1212,48361,59908,188,4,235,246,114,148,9,227,84,44,16,14
250,85,7181,15272,40469,5389,57053,56084,6246,18369,51992,6168,54696,20506,6854,38824,26,180,188,18,206,142,18,219,97,89,229,9
250,11,52356,37131,2817,42077,28938,2474,19902,54025,2396,23766,54025,2209,18138,56074,185,96,235,9,244,84,44,17,14,8,97,8
250,4,45537,62831,39945,11348,3601,28672,978,49886,55811,1258,56287,58628,1243,56284,4,224,203,4,235,188,4,232,188,4,234,172
250,0,48855,54784,257,62680,55040,9988,2797,21524,3372,21262,43047,55040,130,23768,2,214,1,1,216,1,1,216,76,2,216,45
250,4,53991,55811,962,64221,56580,1243,56295,58116,962,52188,59140,29088,2850,21625,44,13,14,240,113,188,4,235,188,4,235,172
250,4,30422,58881,374,30443,60161,374,37869,9589,57099,11348,3597,30178,374,30443,1,238,118,1,234,118,1,233,118,1,233,118
250,4,2793,56069,978,49884,56323,1243,56292,57604,962,52187,59396,1212,48362,60164,92,114,135,11,122,84,44,27,14,171,114,188
250,84,4908,23310,58424,55553,481,57562,56321,479,57308,56321,479,57312,57345,479,224,223,1,226,223,1,227,223,1,232,214,1
250,11,4526,24587,2568,51572,54025,2412,23763,54537,2396,41429,54536,2661,6102,57610,201,9,226,139,9,225,160,97,166,12,132,84
250,4,53984,57091,962,56284,57860,1243,56294,57092,28980,3349,21577,5676,34574,52081,4,220,203,4,233,188,4,234,188,4,236,188
250,57,3410,21694,6188,19726,56378,57601,477,57055,57345,470,53989,58881,464,53223,1,230,147,1,225,96,1,229,107,1,227,162
250,11,56180,36363,2801,55632,34569,2474,17362,27743,39181,11348,3608,24466,2396,23764,9,213,77,9,210,161,8,219,70,10,219,8
250,4,64232,56580,978,53981,56067,1243,56291,58372,962,52189,58116,1227,58857,31345,13,71,84,44,24,14,88,114,188,4,234,188
250,39,3497,21709,6700,18702,53288,55296,258,15834,55042,573,11740,58370,557,11749,2,231,45,2,231,45,2,232,45,2,233,14
250,4,64232,55556,978,49885,56067,1243,60132,57092,1243,52190,59396,1212,48363,59908,188,4,234,196,114,222,13,155,84,44,26,14
250,11,60231,53771,2833,53860,30474,2505,27835,53769,2381,23766,54025,2225,22228,54794,164,96,53,14,242,84,44,23,14,218,96,23
250,4,45025,16495,36110,11348,3607,28670,962,49886,56835,1258,56287,59140,1258,56284,4,223,203,4,233,188,4,235,188,4,236,172
250,89,3732,21514,5420,17678,16474,56338,4656,4570,55826,4609,58074,56081,4547,35290,0,58,12,14,80,32,0,67,190,13,61,50
250,11,52308,43787,2864,59770,30473,2521,23720,54281,2396,19926,54281,2209,22230,55818,8,10,224,201,9,223,81,97,153,14,156,84
250,97,3838,21655,4652,18702,65378,57096,2256,55779,56066,729,51685,58882,713,51690,2,234,201,2,233,201,2,232,217,2,230,232
250,4,2793,56837,978,49889,56067,1243,56292,59396,28914,3848,21620,4652,16654,56177,4,220,203,4,224,203,4,234,188,4,235,188
250,109,3946,21713,5164,18702,10606,60165,1321,6633,58629,1290,64236,59396,1274,53981,3,219,194,3,220,219,4,228,219,4,226,194
250,95,2396,15828,48649,2225,14300,57610,2537,43743,57865,2412,7906,58121,2303,49634,8,226,217,2,225,201,2,231,81,99,198,15
250,4,2792,56325,962,49885,56579,1243,56290,57348,1243,52189,58884,1227,48362,59652,88,114,209,15,109,84,44,23,14,167,114,188
250,77,62,45645,47894,5965,51812,27159,6386,58221,55064,6184,59863,55063,6028,24023,23,212,44,21,211,28,21,184,113,81,29,16
250,4,53989,56067,962,64222,56324,1243,56294,57348,1243,52187,59396,1212,48363,59908,172,4,234,172,4,234,16,115,53,16,122,84
250,129,4160,21691,5676,18702,56450,56833,485,60122,54273,325,65127,54785,510,65240,1,210,118,1,168,118,1,174,107,1,174,101
250,59,470,53991,57857,374,27619,58113,418,45540,58113,447,49127,58369,432,47333,1,227,203,1,227,213,1,224,127,63,117,16
250,70,4218,21653,5676,18702,3655,54274,526,65234,54017,510,65235,54273,510,63188,1,211,242,1,212,240,1,213,239,1,216,254
250,4,49887,56835,28691,4247,21613,5676,25358,49776,56579,1243,56289,59652,1258,56286,4,224,203,4,235,188,4,233,188,4,236,172
250,67,4315,21685,5420,19726,15684,56066,557,11671,53762,557,7891,54786,542,7895,2,212,14,2,210,14,2,211,14,2,210,14
250,97,2365,65504,57864,2256,55778,55810,713,51685,59906,713,51688,60162,713,55784,2,234,217,2,231,232,2,224,98,101,243,16
250,4,2791,56581,978,53983,56323,1243,45797,64368,42512,11348,3605,28926,1243,60389,4,221,203,4,225,203,4,232,188,4,234,188
250,90,4432,21713,5676,18702,62043,56337,4578,50139,54801,122,19770,16384,3503,4419,0,58,32,0,74,69,0,45,235,11,122,173
250,84,5676,1294,55647,44553,2459,19922,54281,2381,19924,51977,2209,14302,56842,2537,225,170,9,224,108,9,226,46,9,226,255,8
250,4,56284,59396,1243,49893,56579,29020,4447,21683,5676,43790,52081,58372,1227,48362,4,234,172,4,236,172,4,232,172,4,236,172
250,4,30423,58625,374,30443,60161,30000,4450,21643,5676,32782,30325,60417,374,30445,1,238,118,1,233,118,1,233,118,1,234,125
250,4,64230,56580,962,49884,56323,1243,60134,57092,1243,52189,59908,1212,2538,50290,17,19,84,44,23,14,113,114,188,4,236,172
250,0,48856,55552,573,11738,56834,557,11746,58882,557,11752,59650,557,7658,59906,14,2,230,254,1,230,154,43,246,17,116,84
250,84,4627,21536,4396,15886,47445,45340,7275,7601,53788,7181,3454,55573,5358,57052,20,211,71,24,168,40,24,168,24,24,84,213
250,4,53990,56323,962,53980,56323,1243,60136,57348,1243,52190,59396,1212,48362,60676,188,4,236,189,114,40,18,16,84,44,17,14
250,52,385,31717,58881,398,19685,56834,389,34269,57857,396,57304,54273,487,60374,1,214,237,1,217,230,1,217,91,56,199,18
250,67,557,15836,55554,557,11688,37890,541,11730,54786,573,7639,54786,526,3795,2,210,14,2,210,14,2,211,103,71,209,18
250,4,2789,60421,1290,6633,56581,962,2782,56325,28782,4846,21521,6188,49422,56176,4,228,219,4,231,219,4,221,203,4,225,203
250,84,5932,40206,16979,55572,4968,62676,38675,4797,29108,55316,7322,31364,41244,7181,171,254,27,148,44,21,215,238,20,222,222,20
250,4,53989,56579,962,53982,56067,1243,56297,59140,28944,4946,21530,5932,23566,49777,3,220,203,4,230,203,4,232,188,4,234,188
250,4,56283,58372,1243,56290,56068,1227,46310,46961,34835,11348,3601,29187,1227,48360,4,234,188,4,235,172,4,233,172,4,235,172
250,4,2793,56325,978,49884,56067,1243,60135,56836,1243,52189,59652,1212,48362,59908,139,114,27,20,252,84,44,25,14,218,114,188
250,4,2788,60165,1290,18154,32111,40724,11348,3604,28565,1290,53985,57347,978,60382,4,223,219,4,232,235,4,220,219,4,221,203
250,4,2792,56325,978,4318,57712,53524,11348,3608,28768,1274,56284,58884,1243,49893,3,221,203,4,230,203,4,235,188,4,234,188
250,11,3424,14430,20501,11348,3610,24156,3035,57978,23818,2521,39838,49417,2396,23764,9,214,92,9,211,177,8,218,54,10,219,8
250,4,2786,59909,1290,2792,56069,978,64221,56068,1243,51688,17776,48405,11348,3610,28,113,219,4,231,194,3,221,203,4,229,203
250,84,5420,61966,58918,55296,191,40151,55296,271,55767,55296,210,19672,56066,573,224,45,2,228,61,2,230,45,2,232,45,2
250,94,2537,43700,43785,2412,23766,54281,2381,41428,56840,2614,59870,57353,2474,27874,9,224,45,9,225,239,8,226,91,98,159,21
250,109,1336,10731,59909,1305,2793,59141,1290,64236,59652,1290,49884,56835,962,56284,4,231,219,4,229,219,4,219,98,113,170,21
250,91,4547,12246,12288,3581,19792,18944,3394,12086,14848,47,60227,33035,2957,53850,10,145,233,9,210,155,9,174,98,95,1,22
250,98,5635,21723,5420,18702,51555,59138,713,51690,59650,713,51688,59906,729,55785,2,231,232,2,223,248,2,225,7,3,223,237
250,4,2791,56325,962,64223,56324,1243,60130,57604,1243,52187,59396,1212,16359,3698,22,146,84,44,21,14,138,114,188,4,237,188
250,4,2786,59909,28388,5744,21736,4908,13070,2671,59909,1274,53989,56323,962,64220,4,219,219,4,233,219,4,224,219,4,222,203
250,55,489,58582,55041,481,57561,56321,479,57308,56833,479,57312,57601,479,57313,1,226,223,1,228,223,1,229,98,59,175,22
250,84,5164,270,3655,54274,526,65234,49409,510,65236,54017,510,65214,54273,502,211,242,1,212,240,1,214,231,1,213,107,2
250,11,52308,35339,2911,50033,27146,2490,23762,54025,2396,23766,54537,2209,26068,55050,182,96,201,22,238,84,44,20,14,5,97,23
250,4,2787,59909,1274,2793,57605,28590,5844,21712,5164,64782,53871,56579,962,56284,4,225,219,4,232,234,4,222,219,4,223,203
250,89,5929,21527,5676,18702,16474,55826,4641,731,56082,4594,54233,56081,4547,8409,0,54,253,13,96,77,0,64,92,0,45,35
250,71,6016,21727,5676,17934,65096,54273,502,65235,53761,486,60115,54273,492,60885,1,214,14,2,180,29,2,210,61,2,220,45
250,4,64232,55812,947,64221,56324,1243,56293,58628,28933,6045,21558,5676,21518,49777,3,219,203,4,228,203,4,235,188,4,235,188
250,120,448,34170,56577,389,34274,57857,389,36067,58369,400,37604,58113,403,37860,1,226,147,1,226,147,1,229,99,124,165,23
250,16,6076,21520,6188,18702,65041,57601,526,3806,57602,526,3807,56578,541,23773,0,214,69,0,213,73,0,214,29,2,222,29
250,68,6113,21637,6188,18702,7493,54018,557,7638,55298,526,3796,54018,526,3794,2,213,254,1,210,254,1,210,254,1,211,254
250,109,6142,21745,6188,17934,10606,59909,1305,2790,59141,1290,64233,59140,1274,53980,3,220,250,4,220,219,4,228,234,4,224,194
250,4,53993,56067,962,53981,56579,1243,60134,57860,1243,52186,59396,1212,48362,60164,120,114,101,24,173,84,44,19,14,196,114,188
250,84,5676,57614,7249,51221,5327,11448,37909,5420,13274,54548,5124,17114,55572,4984,212,157,18,211,97,20,211,129,20,212,185,28
250,4,53987,56323,962,60380,57348,1243,60393,57092,1243,52187,59908,1212,48362,60164,172,4,234,172,4,236,19,115,202,24,106,84
250,11,494,61163,59393,494,61162,59393,494,61159,59137,494,61162,59137,494,61161,1,232,238,1,234,238,1,232,55,15,231,24
250,137,6462,21536,4652,20750,19338,54017,588,19674,56834,573,11751,58370,557,11749,2,226,45,2,219,45,2,211,45,2,210,29
250,4,2532,60677,1289,2536,57605,962,53982,57091,1258,38112,36976,43033,11348,3602,227,112,219,4,233,234,4,221,219,4,220,203
250,49,6599,21745,6956,18702,6450,60929,289,11503,56065,557,11752,60930,557,37868,1,224,140,1,232,136,1,229,127,1,233,130
250,90,6628,21596,6956,18702,62043,55825,4578,50138,55057,32,64848,24589,3503,28743,13,67,122,0,58,92,0,58,235,11,142,188
250,4,60124,58116,1243,56289,56068,29039,6644,21742,6956,48910,52081,59396,1227,48361,4,235,172,4,232,172,4,234,172,4,234,172
250,4,53989,56579,962,60124,56836,1243,49896,56323,1243,52191,60164,1212,17128,22642,26,169,84,44,20,14,149,114,188,4,236,172
250,121,389,34274,58369,396,35044,58113,397,37089,57857,401,37604,57857,402,39651,1,225,158,1,228,160,1,228,98,125,96,26
250,136,588,19684,58370,619,31707,54018,311,16083,53761,588,15835,56578,573,15842,2,229,61,2,230,45,2,228,16,140,107,26
250,110,6842,21640,5164,18702,2671,59909,1290,53982,57091,962,60380,57348,1243,60393,4,220,203,4,222,203,4,234,188,4,235,188
250,81,6921,21525,5164,17678,16978,51220,5560,7323,55317,5171,1237,56084,5171,34777,19,210,157,18,212,97,20,213,144,20,211,169
250,4,2785,59909,1290,2793,56837,28583,6942,21696,5164,62990,49775,56323,962,60125,4,225,219,4,234,234,4,221,219,4,224,203
250,4,2792,56325,962,60124,56580,1243,60134,57348,28942,7143,21638,4396,23054,56177,4,220,203,4,234,188,4,234,188,4,236,172
250,0,59355,55552,210,57048,55808,10017,7190,21652,5932,29710,45863,55296,211,58327,0,217,235,0,218,206,0,215,61,2,218,45
250,4,56285,59652,1258,56285,56836,1227,55274,19313,9500,11348,3607,29222,1212,48360,4,234,188,4,236,172,4,235,172,4,238,172
250,4,2539,58373,962,46045,56323,1258,56287,59396,1243,56286,56836,1227,48361,60164,188,4,236,124,114,176,28,64,84,44,21,14
250,121,7349,21712,5420,18702,36218,58369,393,36579,58369,400,37349,57857,402,37603,1,226,154,1,227,158,1,227,160,1,229,161
250,99,7433,21646,5932,18958,51556,59906,713,55530,58882,744,63716,57090,760,9953,3,218,221,6,225,190,6,225,174,6,225,143
250,96,7531,21571,5420,19726,51553,57353,2427,15841,57353,2318,53475,58120,2240,51674,2,229,201,2,233,201,2,235,201,2,232,201
250,111,7542,21540,5420,18702,64112,56068,1243,56292,59652,1258,52189,57092,1227,48361,4,235,188,4,236,172,4,236,172,4,234,172
250,84,6188,38158,27456,53762,510,59025,54273,474,54487,54017,526,11633,53762,557,212,76,2,215,61,2,214,61,2,220,45,2
250,4,53991,56323,978,64222,56068,1243,53480,55920,29469,11348,3608,28959,1243,56290,4,219,203,4,234,203,4,234,188,4,236,188
250,29,21524,4908,14,65041,57857,510,3810,57090,526,3806,56066,526,3804,56834,29,2,217,77,0,213,77,0,212,29,2,226
250,4,53992,56067,978,53981,56323,1243,60134,57092,1243,26075,15985,14622,11348,3603,181,113,203,4,232,188,4,234,188,4,234,172
250,84,5164,52750,60711,55040,207,57816,55808,233,15833,55810,557,11741,58114,557,231,45,2,231,45,2,233,29,2,234,14,2
250,102,7835,21611,5164,18702,44647,57606,1679,32994,58118,1633,20963,58118,1586,8933,6,228,3,6,228,243,5,227,228,5,230,212
250,4,64234,58116,962,53979,56579,1258,56286,58628,1258,52187,57092,1227,48362,59652,77,114,163,30,105,84,44,20,14,156,114,188
250,17,7874,21637,5932,19726,3602,56578,526,3806,55554,77,19925,54272,541,7643,2,227,45,2,219,45,2,220,77,0,222,61
250,30,21707,5932,29198,45408,54536,2661,6104,57354,2505,35807,57865,2381,3810,57609,208,8,225,192,8,221,217,2,229,201,2,234
250,4,2531,59653,28425,7940,21659,5932,22542,2415,59397,1289,49888,56835,962,60124,4,225,219,4,231,234,4,221,203,4,224,203
250,4,56284,60164,1243,49893,56579,1227,52196,60164,1212,48363,60420,1196,44267,60164,172,4,234,164,115,107,31,44,84,44,25,14
250,48,8096,21678,5932,19726,4145,61441,271,4079,61697,277,6382,61185,295,11742,2,229,45,2,236,45,2,237,147,1,223,140
250,84,5932,51982,65095,54017,510,65234,54017,510,65235,54273,502,62164,54273,496,213,239,1,211,14,2,210,76,2,211,61,2
250,4,35804,52592,31007,11348,3607,28890,1243,56296,58372,1243,52189,58628,1227,48362,4,235,188,4,235,172,4,236,172,4,235,157
250,31,21596,5676,11278,27683,56578,620,27870,56578,620,27867,55810,620,52439,55296,210,0,217,222,0,217,231,0,217,237,0,217
250,105,1508,54501,58629,1492,6619,56069,1305,38629,58885,1414,30693,58885,1383,22759,5,228,16,4,227,72,5,229,113,109,47,32
250,4,53990,56323,978,64220,56580,1243,56294,57348,28966,8241,21660,5676,30734,56177,4,220,203,4,234,188,4,232,188,4,233,188
250,11,56154,39691,2801,55668,23817,2521,9157,34911,41760,11348,3599,24434,2381,23762,9,214,92,9,211,177,8,215,86,10,215,23
250,102,1726,40929,57862,1664,28900,58374,1633,16867,58118,1586,8931,57862,1539,62435,5,230,228,5,230,212,5,230,97,106,144,32
250,4,2786,59909,1290,64234,58628,978,49886,56579,1243,56288,58884,1258,52188,57604,203,4,235,237,113,149,32,75,84,44,15,14
250,84,6700,2318,39208,55552,185,51673,55040,573,11739,57602,557,11751,59394,557,229,45,2,232,14,2,232,61,2,232,14,2
250,50,8397,21565,6700,18702,7475,58882,557,11757,60162,403,37860,59137,388,34018,1,233,132,1,232,14,2,218,61,2,220,133
250,80,8418,21583,6700,17934,11345,54805,5077,7381,54037,5217,51410,45333,5404,13273,20,216,244,19,219,82,20,215,213,19,210,173
250,4,2793,56581,978,49887,56323,1243,56293,58884,962,52187,58116,1227,48362,60164,188,4,237,182,114,250,32,216,84,44,26,14
250,4,28905,23407,1569,11348,3602,28608,1274,49886,56579,1274,60123,58372,1243,60136,4,223,203,4,224,203,4,235,188,4,235,188
250,7,8566,21599,5932,19726,60168,59905,485,58089,60417,480,59368,56833,510,63192,1,222,242,1,231,240,1,234,239,1,233,239
250,0,65240,55552,9743,8687,21723,5420,25102,38,55553,204,53977,55296,158,4057,1,215,15,1,215,77,0,216,2,1,216,45
250,33,21606,5420,18702,34613,59137,404,39901,56321,400,35553,58625,495,59347,54529,235,1,212,237,1,215,238,1,215,230,1,217
250,86,5342,22486,48664,6215,10451,30488,6870,42913,41242,6792,40353,55314,4750,28635,18,222,80,18,220,48,18,217,98,90,20,34
250,4,64232,55812,978,64221,56068,1243,53989,9328,3362,11348,3605,28962,1259,52192,4,218,203,4,234,188,4,232,188,4,232,172
250,68,573,11675,54530,541,7639,55810,541,3795,53762,526,3794,54018,526,65234,1,197,254,1,211,254,1,211,102,72,107,34
250,4,2786,59653,1290,64234,58116,978,49884,56323,1258,56284,59396,1258,52191,57348,142,113,136,34,83,84,44,22,14,221,113,203
250,50,526,11741,60162,557,7664,59394,403,36069,58625,392,34530,59393,396,11751,2,219,76,2,219,133,1,227,94,54,195,34
250,11,52353,40459,2848,53873,28938,2505,19909,54025,24444,8928,21678,5420,51982,23647,9,214,77,9,212,177,8,215,70,10,215,23
250,4,2794,56837,962,49888,56579,1243,56289,58884,1243,52188,57604,1227,48361,59396,74,114,237,34,59,84,44,21,14,149,114,188
250,117,8943,21647,5420,19726,30326,60673,374,30442,59905,374,30441,59905,381,33255,1,231,131,1,225,139,1,210,136,1,214,134
250,34,21530,5932,20750,28805,52737,360,28593,41985,359,11665,27906,588,19672,56834,45,2,226,61,2,230,139,2,231,123,2,232
250,4,2786,59653,28428,9038,21721,5932,23566,64111,60164,1290,49887,56579,978,56285,4,227,219,4,232,194,3,219,203,4,226,203
250,81,9118,21636,5164,18702,29010,53780,5404,11474,54293,5155,62681,55827,4984,1237,20,210,173,18,212,113,20,216,185,28,142,138
250,4,53989,56579,28662,9139,21558,5164,17678,53872,56323,1259,56285,59140,1243,49892,3,220,203,4,230,188,4,234,188,4,236,188
250,115,1196,34274,55297,381,31210,60161,375,30446,60417,374,30443,60417,374,30441,1,235,118,1,234,125,1,234,98,119,184,35
250,4,502,62187,60417,496,61418,59649,487,60394,60161,493,61162,59393,494,61162,1,232,230,1,234,226,1,235,99,8,205,35
250,35,21643,6444,54030,65095,53761,510,65234,54017,510,63188,54017,510,63187,54273,242,1,214,240,1,197,14,2,174,45,2,213
250,97,2396,7905,57609,2272,49378,57096,729,51686,59394,713,51691,59906,713,51690,2,232,217,2,233,232,2,230,103,101,15,36
250,4,53989,56579,978,60124,56836,28833,9239,21715,6444,61454,56176,59908,1258,56286,4,222,203,4,234,188,4,235,188,4,234,188
250,4,64235,57860,962,53981,56579,1258,56285,59396,1258,11742,31601,11044,11348,3607,124,113,219,4,221,203,4,233,188,4,235,188
250,120,388,33969,57345,388,34017,57857,388,35811,58625,399,37346,57857,402,37603,1,224,146,1,225,154,1,228,96,124,131,36
250,36,21544,5164,36878,61450,59393,495,61419,59649,495,59367,59649,491,60905,59393,238,1,234,238,1,233,238,1,234,238,1,232
250,4,27114,42607,11813,11348,3602,28600,1290,53984,56835,962,60380,58628,1227,52201,4,222,203,4,223,203,4,234,188,4,234,188
250,37,21591,6700,62478,24409,56082,4672,12508,56338,4625,730,56338,4578,50139,56081,47,0,58,253,13,80,32,0,45,47,0,58
250,90,9923,21544,6444,17934,62043,55825,4578,50139,55057,122,60720,18957,3503,8243,0,67,54,0,67,119,12,48,219,11,129,235
250,4,64233,56580,962,53983,56067,1243,56292,58116,962,23004,54129,6182,11348,3609,168,113,203,4,230,203,4,235,188,4,234,188
250,38,21701,4908,44302,36892,56320,148,36573,58368,132,34539,59904,128,32227,58112,123,0,225,130,0,219,133,0,216,185,2,223
250,84,10118,21699,4908,15886,39509,38684,7275,65182,53787,7150,3479,56853,5342,61148,20,145,71,24,210,24,24,184,118,24,77,182
250,110,10137,21704,4908,17678,2671,60165,1274,53986,57347,962,60380,57348,1243,56295,4,227,194,3,220,203,4,232,188,4,234,188
250,96,2583,51682,57609,2443,19937,57865,2318,53474,57864,2241,51677,58370,713,51688,2,234,201,2,234,201,2,233,99,100,245,39
250,39,21652,5676,12302,30572,59141,1383,22760,57349,1040,18654,59141,1337,10729,60421,25,5,235,250,4,227,10,5,234,10,5,235
250,4,42208,64879,28967,11348,3606,28659,962,53981,56323,1259,56290,59396,1243,52190,4,223,188,4,234,188,4,232,188,4,234,188
250,108,1040,18655,56325,1352,14569,60165,1321,6635,59909,1305,2787,60165,1290,2791,5,223,194,3,220,210,3,219,95,112,97,40
250,30,10380,21719,6444,19726,31775,56064,697,43742,55810,510,65242,56065,62,21715,0,212,139,2,217,77,0,215,99,0,217,123
250,4,2788,60677,1274,2792,57093,978,49886,56323,1243,56290,58628,28912,10438,21688,44,25,14,64,113,194,3,220,203,4,227,203
250,40,21592,4652,53518,7726,60162,558,3817,59138,463,10975,58881,291,6637,60929,20,1,239,17,1,239,16,1,238,22,1,240
250,4,2792,56069,962,64221,56580,1243,56294,58628,962,52188,58372,29090,10538,21685,44,18,14,241,113,203,4,233,188,4,235,188
250,84,5248,47574,35356,7259,3454,53788,7166,64916,56084,5358,61149,47892,6215,10427,24,193,86,24,84,213,26,210,83,88,124,41
250,4,53987,56579,962,60125,57604,1243,56297,57348,1243,52189,59396,1212,48361,59652,124,114,142,41,88,84,44,18,14,203,114,188
250,17,10670,21596,5932,19726,3602,56834,526,7645,55810,47,16085,54272,541,7644,2,227,45,2,223,62,0,221,69,0,219,61
250,11,56118,49419,2848,53869,32266,2505,27832,47881,2380,27862,54537,2209,24531,58720,41,101,84,44,23,14,164,96,192,8,217,39
250,4,53991,56579,978,64221,56068,1243,56295,58116,962,52187,58884,1212,48361,59652,188,4,236,172,4,235,23,115,243,41,86,84
250,11,52320,45323,2832,57956,27914,2505,23758,53769,2396,19671,54537,2225,45524,55304,23,10,225,247,96,74,42,192,84,44,25,14
250,4,53989,56579,28638,10836,21594,6444,11790,53872,56323,1258,56285,59396,1258,56288,4,220,203,4,234,203,4,233,188,4,235,188
250,4,2787,60421,1290,2794,57093,978,49886,56323,1259,56290,59396,1243,56285,56580,203,4,234,227,113,129,43,1,84,44,18,14
250,139,11156,21646,5164,18702,11660,57858,557,11738,54018,311,10962,41217,298,10897,1,200,254,1,206,30,2,221,14,2,226,14
250,84,5164,54798,51555,59650,713,51690,59394,729,55784,59138,744,63711,58114,775,224,237,6,216,206,6,226,174,6,225,159,6
250,4,2793,56581,962,53982,56579,1243,56296,59396,962,52188,58372,1227,48360,59652,188,4,235,182,114,230,43,38,84,44,20,14
250,125,11245,21528,5164,18702,43390,57857,421,44004,57601,430,47074,57089,443,48607,1,225,190,1,226,191,1,223,198,1,222,202
250,0,48856,55552,217,39641,55296,258,27608,55040,155,49626,56064,10389,11285,21727,44,23,14,232,40,61,2,217,45,2,224,45
250,4,33001,18287,52268,11348,3607,28623,978,49882,56323,962,56284,59396,1243,56291,4,219,203,4,230,188,4,234,188,4,234,188
250,100,11428,21705,5932,17934,59493,59394,760,63709,58114,791,56796,56582,1742,45026,6,225,159,6,227,128,6,227,97,6,225,81
250,4,53990,56323,962,10718,44144,24108,11348,3607,28793,1274,56284,59652,1243,56288,4,221,203,4,231,188,4,233,188,4,237,188
250,4,64235,57604,978,49886,56579,1258,56286,59652,28887,11536,21658,6188,9742,60017,4,222,203,4,222,203,4,234,188,4,234,188
250,131,11549,21608,6444,18958,65156,55297,418,24756,45313,352,27563,53761,357,28094,1,148,102,1,145,110,1,119,76,2,214,76
250,12,11565,21621,6444,17934,60941,59393,494,61162,59649,494,61162,58881,494,61160,1,233,238,1,234,238,1,233,254,1,235,254
250,4,56284,59396,1243,49893,56323,1227,45286,29809,6957,11348,3609,29187,1227,48363,4,235,188,4,235,172,4,235,172,4,236,172
250,61,11700,21611,4908,18702,46142,57857,434,49379,58369,455,54243,56321,481,47572,2,116,92,2,210,192,1,155,199,1,213,195
250,4,2793,56069,962,64222,56324,1243,56293,59652,1243,52187,57604,1227,48361,59908,74,114,217,45,194,84,44,19,14,149,114,188
250,4,64235,57604,962,49885,56323,1243,56289,59140,962,52187,58116,1227,48361,60164,188,4,235,172,4,235,243,114,61,46,78,84
250,81,11913,21617,5932,18958,29010,54292,5404,11476,53781,5139,9177,55316,4968,1237,20,184,173,18,211,97,20,218,169,28,116,122
250,4,2537,57349,28605,11935,21695,5932,3342,49776,56835,962,60124,57860,1243,49889,3,220,203,4,229,203,4,232,188,4,236,188
250,4,2536,56325,978,49885,56835,28759,12035,21580,4652,42510,56176,58628,1243,56293,4,219,203,4,228,188,4,234,188,4,235,188
250,4,56287,59652,1243,7905,26481,40751,11348,3604,29037,962,52186,59396,1212,48360,4,235,188,4,236,172,4,237,172,4,235,172
250,11,2660,34572,2786,53831,27146,2505,4306,48735,61231,11348,3608,24416,2412,23762,9,214,76,9,212,177,8,213,177,8,215,23
250,50,12291,21742,6188,17934,11571,59906,557,7918,58370,404,36069,59393,385,31721,1,234,135,1,229,45,2,221,148,1,225,140
250,81,5389,25044,54036,5420,11464,55061,5155,62680,55571,5186,1238,48660,4781,25045,20,216,160,20,132,138,28,168,81,85,127,48
250,4,34790,37231,48176,11348,3608,28631,1290,53982,56323,978,56285,58116,1243,49891,3,219,203,4,231,203,4,233,188,4,234,188
250,84,5420,19726,11350,54805,5373,57052,54804,6246,18344,52760,6168,54650,40474,6838,193,135,26,210,173,18,215,142,18,219,111,18
250,11,12465,20491,2801,2164,47114,2427,19922,54537,2396,23764,53769,2225,14043,57610,233,9,224,63,97,235,48,198,84,44,21,14
250,4,64232,58372,978,49884,56323,28724,12534,21676,5420,34574,64112,56836,1243,60136,4,223,203,4,222,203,4,233,188,4,234,188
250,4,53986,56835,962,60381,57092,1243,52968,23152,34865,11348,3602,28957,1259,56286,4,221,203,4,233,188,4,233,188,4,234,188
250,84,5932,24334,47678,58113,437,47842,57857,460,54758,57601,482,65237,41217,729,190,61,2,174,206,1,210,199,1,216,202,1
250,4,53983,56835,962,60122,57860,1243,49893,56579,1227,52195,60164,1212,48362,59908,172,4,235,239,114,135,50,122,84,44,21,14
250,85,7181,15291,54037,5373,57053,56084,6230,14257,53784,6168,58804,33050,6823,34734,26,197,173,18,212,142,18,220,98,89,217,50
250,4,64233,56580,28626,13033,21723,4908,8462,49776,56579,1274,56283,57604,1243,49891,3,221,203,4,231,188,4,232,188,4,235,188
250,4,30424,58369,374,30441,60673,374,30442,60417,374,30443,60161,374,30446,59905,118,1,235,73,119,238,50,56,84,44,19,14
250,15,510,65256,58625,510,65249,57601,510,3807,56834,526,3806,56578,541,7645,2,220,47,0,213,47,0,212,92,19,11,51
250,90,4610,62171,56337,4563,50395,54801,62,15427,21518,93,41021,18957,3379,15933,0,54,220,11,132,126,11,74,94,94,164,51
250,4,53986,56835,962,60380,56580,1243,56296,58372,962,52187,59396,29111,13334,21693,44,24,14,6,114,188,4,234,188,4,235,188
250,4,53992,56323,978,49884,56067,1243,60133,57604,1258,52186,59396,1212,48363,60164,124,114,122,52,194,84,44,15,14,203,114,188
250,51,573,37860,59649,396,33255,58881,387,37611,59137,588,34272,57345,389,36069,1,218,223,1,213,231,1,214,98,55,180,52
250,62,13497,21695,5676,18702,51007,58113,467,55775,54785,484,43665,46082,588,52916,1,210,206,1,215,199,1,214,211,1,126,76
250,92,3487,12851,18189,92,18486,21516,3035,4244,23051,2739,43642,43017,2412,19666,9,214,76,9,210,177,8,215,95,96,209,52
250,84,4908,43534,39450,58882,697,3801,57090,502,51672,55554,137,35293,56064,144,217,140,0,226,138,0,235,137,0,238,137,0
250,4,2794,56325,978,7900,16496,14645,11348,3603,28781,978,56284,58116,1243,49893,3,221,188,4,227,203,4,233,188,4,236,188
250,4,53992,56835,978,64221,56324,1243,51431,42096,35893,11348,3608,28952,1243,49892,3,221,203,4,229,188,4,233,188,4,234,188
250,35,635,27611,55810,635,59351,55552,237,61655,55552,242,64220,55808,244,62682,0,219,175,0,215,148,0,215,109,39,56,54
250,4,49892,56579,962,60124,56836,1243,60135,57092,1243,52189,59396,1212,16360,28018,54,241,84,44,23,14,138,114,188,4,236,188
250,11,56135,43019,2833,45911,28938,2505,27848,53769,2381,23765,54537,24596,14020,21759,44,25,14,96,96,161,8,211,177,8,215,39
250,4,53988,56835,962,60124,56836,1243,56295,56324,1227,52193,59652,1212,48361,60164,172,4,234,211,114,209,54,114,84,44,25,14
250,0,62681,55552,244,62681,55808,237,56537,55040,229,43224,55296,122,40152,55552,2,1,220,166,40,1,55,109,84,44,17,14
250,11,48237,24587,2755,55648,36361,2490,19880,54537,2396,23766,54281,2225,14043,56586,196,96,40,55,235,84,44,17,14,19,97,248
250,4,56282,58628,1243,49893,55811,1227,48358,59396,1212,44264,59908,1196,44268,59908,172,4,235,174,115,54,55,58,84,44,17,14
250,4,2792,56581,962,53981,56323,28760,14231,21622,5932,43022,56176,58628,1243,56296,4,220,203,4,226,203,4,234,188,4,234,188
250,84,4908,21006,7444,58114,557,27613,56064,573,11742,56066,573,19678,57090,588,223,61,2,222,76,2,219,192,1,219,192,1
250,16,14363,21735,7212,19726,65041,57089,526,3806,56834,526,3808,56322,510,7643,2,214,77,0,212,14,2,212,29,2,228,29
250,4,49893,56323,978,64219,56324,1243,60393,57860,1243,52186,59652,29119,14432,21709,44,28,14,18,114,188,4,232,188,4,234,188
250,50,14487,21612,5420,18702,11571,59394,557,7918,60162,404,36067,59137,385,31714,1,232,135,1,231,148,1,221,155,1,222,144
250,106,14527,21529,5420,19726,6507,56837,1430,34534,59141,1399,26598,59653,1368,8413,4,219,72,5,233,57,5,234,41,5,235,25
250,4,53986,56579,962,60380,57092,1243,60390,56324,1227,52193,59908,1212,44266,59908,153,114,196,56,169,84,44,21,14,229,114,172
250,11,60273,41995,2817,55655,27145,2505,23749,54281,2396,19927,54537,2209,31702,7008,57,233,84,44,20,14,185,96,86,10,215,23
250,4,53985,56323,978,56285,57348,1243,56295,56324,1227,52190,59908,1212,48363,59908,172,4,235,172,4,235,63,115,41,57,76,84
250,118,14635,21568,5164,17678,30327,59649,374,30440,59137,381,33255,57857,394,34771,1,212,134,1,223,133,1,227,133,1,227,133
250,11,44148,28939,2848,55636,33033,2490,23710,54537,2396,23765,54025,2209,14042,56586,248,9,224,5,97,128,57,81,84,44,25,14
250,4,2788,60421,1290,53991,56323,978,10974,35440,13881,11348,3609,28790,978,56283,4,230,219,4,230,234,4,220,203,4,228,203
250,11,1162,57694,3129,11348,3601,24151,2864,4439,27147,2505,39870,45321,2381,23765,9,215,77,9,211,161,8,222,54,10,223,248
250,4,53990,56579,962,49886,56067,1243,53737,61296,63545,11348,3601,28960,1243,46053,3,220,203,4,229,203,4,233,188,4,235,188
250,4,53992,56067,978,64221,56324,1243,56298,58372,962,28636,21361,57146,11348,3610,191,113,203,4,229,188,4,235,188,4,234,188
250,135,14947,21645,4908,18702,35720,59906,619,19690,58370,588,23782,57602,619,17876,1,177,69,1,210,76,2,214,76,2,220,76
250,0,55768,55296,230,29914,33319,3642,11348,3603,10186,153,29656,54784,166,729,1,215,61,2,219,61,2,225,45,2,228,45
250,4,53988,56579,962,60124,56580,1243,56295,57092,1243,52187,59652,1212,17130,46962,58,92,84,44,19,14,149,114,188,4,233,188
250,117,15034,21710,4908,18702,30326,60161,374,30442,59905,374,30443,59905,374,32233,1,232,129,1,229,131,1,217,139,1,210,136
250,4,2793,57093,962,53981,56323,1243,56288,58884,962,52188,57604,1227,48362,60164,188,4,234,172,4,235,222,114,28,59,88,84
250,70,526,3795,54018,510,65234,54017,510,65234,54017,502,62163,54273,496,61397,1,214,231,1,214,14,2,190,124,74,99,59
250,49,278,6639,61441,282,8945,57601,557,11747,60930,557,65263,57089,403,36070,1,233,129,1,233,131,1,230,106,53,28,60
250,11,56170,31243,24160,15417,21575,6188,45838,61790,27914,2521,51604,51977,2381,23765,9,214,77,9,212,161,8,220,86,10,219,8
250,4,2792,56837,962,49886,56579,1243,56293,58884,28916,15430,21738,6188,16142,60017,4,220,203,4,227,188,4,234,188,4,234,188
250,4,2790,60165,1290,64234,56324,962,64221,56068,1243,56294,58116,1243,52187,58884,172,113,170,60,197,84,44,24,14,251,113,203
250,13,15559,21717,5932,17678,60942,59649,494,61159,59393,494,61163,59905,494,65257,1,234,254,1,233,254,1,228,254,1,226,14
250,4,53985,56579,962,60381,57092,1243,60391,56580,1243,52190,59908,1212,48363,59908,172,4,236,203,114,15,61,79,84,44,23,14
250,3,510,65258,59905,510,63210,59649,498,61672,59393,495,61418,59905,495,61419,1,234,239,1,235,239,1,235,105,7,38,61
250,0,55769,55040,227,60120,55808,225,38872,55296,604,472,55297,231,59352,55552,100,40,62,61,59,84,44,32,14,176,40,251
250,84,8236,22798,20840,58374,1586,8931,58374,1554,62435,58373,1508,54501,58629,1492,218,25,5,221,25,5,228,150,5,230,134,5
250,4,41701,28783,6461,11348,3616,28658,962,53982,56579,1274,56286,59396,1243,56289,4,221,203,4,233,188,4,234,188,4,233,188
250,4,64233,58628,962,53980,56579,1258,56286,59140,1243,56288,55812,29043,16029,21590,44,17,14,194,113,203,4,234,188,4,232,188
250,62,21701,5932,19726,44647,57606,1679,28899,57862,1633,20963,58374,1586,8933,58118,3,6,228,243,5,227,228,5,229,212,5,227
250,4,49891,56579,978,60124,56836,1243,60136,56324,1243,52191,59652,1212,8170,370,63,131,84,44,23,14,113,114,188,4,234,172
250,62,442,52451,57857,469,56031,54273,476,31588,45314,619,52904,54017,462,52953,1,211,214,1,151,14,2,155,99,66,67,63
250,4,2795,56581,962,64223,56580,1258,56290,58628,1258,52188,58116,1227,48361,59652,188,4,234,172,4,236,232,114,102,63,48,84
250,4,53992,55555,28626,16327,21721,5164,7694,53872,56579,1258,56285,59396,1243,49893,3,220,203,4,227,188,4,232,188,4,236,172
250,63,21753,6444,45582,11561,58626,557,11751,59394,557,7656,59394,541,3815,58626,254,1,228,254,1,227,254,1,228,14,2,228
250,4,53991,56579,978,60127,56324,28793,16428,21750,6444,51470,56176,60164,1243,49892,3,222,203,4,230,188,4,234,188,4,235,172
250,0,27096,23334,59456,11348,3604,9912,204,23766,55298,77,27608,55040,175,726,1,215,190,0,215,61,2,219,29,2,225,45
250,49,277,6386,61185,282,10479,56321,557,11751,60674,557,37868,57601,396,33255,1,228,123,1,234,128,1,232,98,53,102,64
250,4,56286,59652,1243,13283,36977,62528,11348,3604,29062,1243,52187,59140,1212,48361,4,234,188,4,234,172,4,236,172,4,235,172
250,120,393,34747,57345,390,34273,58625,389,34276,58625,389,34275,58625,396,38882,1,228,149,1,223,148,1,224,98,124,152,64
250,53,16586,21591,5932,18702,35894,58881,399,57309,54529,487,58325,54529,481,57558,1,215,223,1,218,223,1,220,223,1,220,223
250,4,2786,59909,1290,64234,58372,978,53980,56323,1258,56288,58628,1258,56287,57348,203,4,234,211,113,244,64,160,84,44,23,14
250,64,21651,5932,46606,33913,58113,388,34019,58113,388,35814,58113,392,36322,58625,144,1,224,145,1,224,153,1,226,157,1,229
250,50,16684,21589,5676,18702,11571,59650,557,11759,59394,403,36070,58881,385,33762,1,234,132,1,231,76,2,221,133,1,223,133
250,80,16705,21558,5676,17934,7249,54549,5061,7381,53781,5233,7378,53781,5420,13273,20,215,4,20,220,66,20,217,213,19,206,173
250,4,2792,56837,978,49886,56323,1243,56290,58884,1258,52188,58372,1227,48362,60164,188,4,236,149,114,89,65,105,84,44,22,14
250,4,36585,47727,65,11348,3605,28641,978,49883,56835,978,56284,59396,1243,49891,3,222,203,4,228,203,4,234,188,4,232,188
250,65,21709,4652,14606,53052,58625,389,29405,58113,372,35807,57857,462,51170,57857,188,1,227,182,1,226,194,1,228,208,1,227
250,11,52311,40459,2848,45908,23050,2505,27859,53769,2381,19925,54537,2209,45522,55048,23,10,225,201,9,225,48,97,20,66,228,84
250,4,2787,59909,1290,64235,57860,962,53982,56835,1259,56288,59652,28885,17027,21563,44,29,14,36,113,219,4,223,219,4,222,203
250,84,5164,29966,35705,57345,392,34530,57601,389,36067,58625,399,37348,57601,402,226,146,1,225,146,1,226,154,1,227,158,1
250,66,21540,4652,62222,11659,58370,557,11745,55810,557,14294,54017,573,10932,37121,42,1,180,48,1,171,14,2,218,14,2,227
250,4,2535,56325,962,53982,56579,1243,56291,58628,1243,52188,58628,1227,48362,59908,88,114,76,67,59,84,44,18,14,167,114,188
250,0,23767,55042,257,27607,55296,92,43224,55040,257,13527,31528,30531,11348,3610,131,40,1,1,218,61,2,214,45,2,222,61
250,4,2793,56069,962,64223,56580,1243,56292,58372,962,52187,58372,1227,48360,59396,188,4,235,172,4,235,31,115,176,67,155,84
250,133,365,31169,49409,557,23716,55810,573,15842,59138,604,35812,59650,635,23787,2,231,76,2,230,92,2,224,97,137,192,67
250,67,21530,4396,41230,11854,33047,6090,30327,33048,6371,10456,54040,6121,39896,55319,109,23,216,59,21,210,28,21,210,213,19,212
250,4,53992,56835,28615,17426,21559,4396,6414,49776,56579,1274,56283,59140,1243,49895,3,220,203,4,229,188,4,232,188,4,235,188
250,4,53990,56323,962,53979,56067,28804,17526,21737,6444,54286,56176,59908,1243,49893,3,219,203,4,231,188,4,232,188,4,232,188
250,68,21591,5420,21262,3601,57090,526,3809,57090,526,3804,56834,541,19932,54272,92,0,212,29,2,216,29,2,227,45,2,223
250,4,2787,60165,1290,64234,58116,962,49885,56579,1258,56287,59396,1258,52189,57348,203,4,235,217,113,63,69,63,84,44,21,14
250,43,510,65251,59137,510,3815,58626,541,3813,58626,541,11756,60930,557,11755,2,236,45,2,236,45,2,236,94,47,115,69
250,84,5264,39380,40476,7259,65217,50459,7150,3460,56341,5342,30427,36376,6199,14280,24,184,107,0,71,213,26,187,94,88,145,69
250,4,61411,41070,47173,11348,3602,28474,1290,64236,59908,1274,53983,56579,962,56283,4,230,219,4,229,194,3,220,203,4,227,203
250,11,52327,39691,2801,59748,27913,2474,19922,54281,2396,19927,54281,2225,34008,64096,69,86,84,44,25,14,196,96,86,10,219,248
250,85,18007,21654,4652,19470,15190,53781,5373,61149,56340,6246,14283,53784,6184,54679,26,116,182,26,168,135,26,168,173,18,212,157
250,4,53993,55811,978,8668,26992,10822,11348,3602,28788,1274,56283,59140,1243,49894,3,220,203,4,230,188,4,234,188,4,235,172
250,56,482,57561,56577,479,57309,57089,479,57314,57601,479,57316,58625,470,56039,1,230,212,1,231,194,1,226,99,60,168,70
250,4,56284,58628,28850,18125,21633,5932,526,56177,58884,1258,52188,58372,1227,48361,4,235,188,4,233,172,4,233,172,4,235,172
250,70,21677,5164,21262,27427,56834,619,27614,56066,635,27609,55554,619,59351,55552,237,0,217,240,0,217,244,0,217,224,0,218
250,4,53991,55811,978,64221,56580,1243,56295,58116,962,30939,12913,65351,11348,3604,199,113,203,4,230,188,4,235,188,4,234,188
250,4,53990,56323,978,64221,56580,1243,56296,57860,962,52187,59908,1212,5354,38514,71,17,84,44,22,14,113,114,188,4,233,188
250,58,479,57314,58881,470,53991,58881,464,30436,57089,363,32741,58113,448,51168,1,230,188,1,226,182,1,229,127,62,213,71
250,4,56284,59652,1243,56290,56580,1227,48361,60420,1212,48362,60164,29416,18426,21591,44,23,14,59,115,172,4,234,172,4,235,172
250,11,56138,44555,2833,53856,35338,2521,23752,54025,2396,19926,54281,2225,45524,55048,185,96,81,72,94,84,44,15,14,8,97,39
250,4,45280,23663,25928,11348,3599,28672,978,49885,56323,1258,56289,59140,1243,56289,4,222,203,4,233,188,4,233,188,4,235,172
250,26,697,61401,56833,487,48856,55296,171,39645,56064,145,36313,58368,139,35563,0,235,130,0,231,126,0,229,97,30,134,72
250,4,2785,60165,1274,2794,57605,978,49884,56579,28752,18624,21554,7980,40718,60016,4,224,219,4,232,234,4,220,203,4,224,203
250,41,557,11751,59906,557,3816,59906,526,65255,58113,510,65254,58881,510,3813,2,228,29,2,230,14,2,232,137,45,245,72
250,72,21517,3116,24590,33589,59137,402,15842,56834,389,34277,59649,396,61399,54529,239,1,214,239,1,215,239,1,216,231,1,216
250,11,56151,43019,24124,18711,21584,3116,35598,12382,26379,2739,55658,51977,2412,23745,9,214,77,9,214,161,8,210,177,8,215,23
250,101,760,9953,55811,1757,52960,57606,1710,36833,57606,1648,25058,58118,1617,13027,6,226,34,6,228,3,6,229,79,105,31,73
250,4,53988,56323,962,56284,56836,1243,56040,9584,51529,11348,3596,28969,1243,52191,4,222,203,4,233,188,4,234,188,4,236,172
250,4,53985,56579,978,60381,57348,1243,60392,56324,1227,31711,35185,15689,11348,3603,199,113,203,4,233,188,4,234,188,4,235,172
250,73,21607,6188,22542,24709,52737,352,27589,45313,368,29620,33025,573,23764,55554,61,2,224,61,2,233,123,2,230,139,2,232
250,11,56141,43787,2833,55652,27145,2521,27858,54025,2381,23767,54537,24611,19012,21685,44,24,14,114,96,177,8,213,101,10,214,23
250,4,64233,56580,962,49885,56067,28780,19224,21560,7468,48142,56176,58116,1243,49896,3,220,203,4,227,203,4,232,188,4,233,188
250,4,53989,56067,962,64220,57092,1243,56297,57092,28948,19324,21675,3372,26382,56177,4,218,203,4,231,188,4,233,188,4,234,188
250,51,526,34276,59137,389,32229,59649,377,34537,58625,588,34271,57345,389,36070,1,216,206,1,212,222,1,213,95,55,127,76
250,11,56199,25611,2801,63626,38665,2474,23720,54537,2396,19925,54025,2225,42205,40032,76,182,84,44,22,14,218,96,86,10,221,8
250,107,1414,30693,59141,1383,4329,56068,1352,14554,59653,1336,10729,60165,1305,6633,5,227,10,5,233,250,4,234,131,111,166,76
250,78,6060,22372,24600,6387,10455,54552,6106,40151,55063,5982,19671,45333,5405,50899,19,210,254,20,215,114,20,210,105,82,245,76
250,115,19725,21667,5420,18702,60276,55300,375,30695,59905,363,29165,60417,372,30189,1,237,118,1,235,118,1,234,118,1,233,118
250,0,19928,55042,589,19927,55552,134,45272,55296,258,19929,55554,558,11997,57346,46,2,229,203,41,61,77,155,84,44,23,14
250,75,6090,54129,54552,1555,986,56838,1508,991,58630,1555,16084,18944,5810,16030,23,142,187,23,116,227,24,138,80,79,87,77
250,86,5342,26323,53784,6184,6331,24600,6854,42923,38682,6776,40372,55570,4750,28635,18,220,80,18,221,48,18,220,99,90,95,77
250,4,53990,56323,962,49884,56067,1243,55273,28528,18509,11348,3607,28966,1259,56287,4,219,203,4,233,203,4,235,188,4,235,172
250,131,510,49371,51201,352,27550,53761,368,25042,45313,352,29342,46081,379,19601,2,212,92,2,221,61,2,227,99,135,127,77
250,138,19841,21574,5676,18958,15755,58370,573,11744,58626,557,11748,56834,557,15829,2,211,55,1,174,41,1,151,41,1,210,61
250,98,2225,51678,58626,713,51691,59650,713,51689,59906,713,55786,59138,744,63715,2,223,248,2,223,38,3,217,95,102,203,77
250,84,5420,58382,54081,44545,47,11613,54274,588,15829,54530,573,11734,56834,573,220,76,2,211,45,2,161,45,2,210,29,2
250,102,20016,21676,5420,18702,44903,57862,1679,32995,58374,1633,20963,58118,1586,8932,6,228,3,6,227,244,5,228,228,5,229,212
250,4,2787,59909,1290,2794,57349,978,49885,56323,1243,56289,59396,1243,52189,56836,203,4,232,188,4,234,88,114,55,78,216,84
250,70,526,65491,53761,511,65491,54273,511,65491,54017,503,62418,54273,497,61651,1,213,239,1,214,14,2,161,142,74,227,78
250,107,20219,21509,5420,17934,30572,58373,1383,22761,56837,1056,18653,59653,1337,10731,5,234,25,5,232,25,5,225,10,5,233,10
250,11,52353,28939,2755,51575,49417,2474,23762,54537,2381,19925,54281,2225,14045,57098,248,9,225,186,9,225,109,97,87,79,124,84
250,123,401,37602,58113,402,39650,58113,414,41187,57857,417,41442,58369,417,43492,1,226,173,1,226,182,1,224,102,127,108,79
250,11,60208,51979,2973,26218,47454,30543,11348,3607,24249,2786,47735,52745,2427,19905,9,215,92,9,214,92,9,210,177,8,219,54
250,4,53992,56067,962,49885,56067,1243,56294,58628,28930,20422,21646,5932,20750,49777,3,220,203,4,230,203,4,233,188,4,234,188
250,0,55766,55040,210,2267,63015,61007,11348,3606,10071,181,35033,55296,106,4054,1,215,8,1,216,61,2,217,61,2,222,45
250,4,2534,60677,1274,2536,55813,962,64222,56324,1243,56296,58628,962,52190,58628,171,113,42,80,29,84,44,22,14,250,113,203
250,84,4908,57614,27524,52737,368,29637,53761,372,30116,43777,373,57214,37121,604,216,61,2,223,61,2,231,76,2,229,138,2
250,11,56122,37131,2848,50033,33802,2521,39890,54025,2381,47318,33375,41040,11348,3603,7,96,108,9,213,92,9,210,161,8,220,39
250,4,53991,56323,962,60126,56580,1243,56297,58372,962,52188,58628,1227,48362,60164,117,114,143,80,59,84,44,19,14,196,114,188
250,25,425,44521,58113,666,47845,56322,526,63193,55809,152,37078,56320,140,35550,0,217,137,0,226,137,0,233,77,29,182,80
250,4,53990,56323,962,60125,56580,1243,56297,57092,1243,52187,59396,1212,48362,59908,188,4,236,172,4,235,45,115,243,80,206,84
250,100,729,59625,58114,760,2015,58115,806,56794,57350,1726,40930,57606,1679,32993,6,226,97,6,226,65,6,228,120,104,79,81
250,11,5258,44126,849,11348,3607,24163,3020,53847,26378,2521,51617,37129,2396,23765,9,214,77,9,212,161,8,220,70,10,224,248
250,4,2793,56837,978,64223,56324,1243,49636,47472,37713,11348,3607,28944,1243,49891,3,219,203,4,228,203,4,234,188,4,234,188
250,4,53991,56579,978,64221,56068,1243,56295,58116,962,23772,7537,29778,11348,3607,171,113,203,4,230,188,4,233,188,4,236,172
250,31,21064,21696,5932,12302,65056,56321,510,19924,54016,77,35794,55810,122,25559,0,219,123,2,220,107,2,221,107,2,220,107
250,0,19927,55296,619,33752,19751,24658,11348,3607,10198,77,17878,55040,258,62680,0,214,61,2,217,61,2,222,45,2,228,45
250,4,53987,56579,978,60126,56580,1243,56297,57860,962,52187,59908,1212,5354,33394,82,70,84,44,23,14,113,114,188,4,235,188
250,121,388,35813,57345,399,37349,58113,402,37603,57857,402,37602,57601,410,40674,1,227,160,1,226,161,1,227,99,125,138,82
250,4,49892,56579,962,64220,56324,1243,56294,57604,1243,52187,59396,1212,48362,59652,172,4,236,207,114,230,82,35,84,44,18,14
250,70,526,3794,54018,510,65235,53761,502,65235,54017,502,62163,54017,496,61395,1,212,239,1,214,254,1,180,91,74,45,83
250,11,56160,33035,2817,55668,37129,2459,23763,54537,2396,23767,54025,2225,18138,55562,203,96,61,83,145,84,44,21,14,26,97,248
250,4,45790,18543,45907,11348,3605,28673,978,64223,56068,1243,56291,58884,1243,52188,4,226,203,4,232,188,4,236,188,4,234,172
250,4,2792,56837,978,64223,56068,28797,21420,21550,6188,53262,56176,58628,1243,49893,3,220,203,4,229,203,4,234,188,4,235,188
250,4,2790,56325,978,46046,56579,1243,56290,58884,28957,21520,21541,4652,26894,60017,4,220,203,4,231,188,4,235,188,4,235,188
250,31,92,3798,56322,510,19925,54016,99,39635,56066,122,29399,56064,651,31710,2,220,107,2,217,107,2,221,77,35,61,84
250,42,557,3816,59394,510,65250,58369,510,65254,58881,526,3814,58114,526,7659,2,238,29,2,238,45,2,233,127,46,69,84
250,87,6199,54670,45338,6823,38843,50458,4781,36569,56338,4719,20445,56082,4656,4571,18,219,1,18,218,242,17,218,70,91,101,84
250,4,53990,56579,962,64222,56580,1243,56297,58884,962,52188,59140,29114,21621,21658,44,24,14,6,114,203,4,233,188,4,234,188
250,11,56144,43019,2832,53840,30474,2505,31698,53769,2380,50902,52319,84,11348,3600,17,96,92,9,213,177,8,206,177,8,216,39
250,4,56285,59652,1243,49888,56067,1227,48361,59396,1212,35562,55666,64852,11348,3600,218,114,172,4,234,172,4,235,172,4,237,172
250,84,4140,64526,41341,58113,417,43486,57857,429,45026,58113,432,47072,57601,443,224,189,1,223,197,1,222,201,1,223,203,1
250,11,56135,41227,2864,53844,23050,2505,27841,54025,2396,23764,54537,2225,25045,12384,85,126,84,44,26,14,164,96,192,8,213,23
250,4,53990,56579,962,60124,56580,1243,60136,57348,1243,52190,59396,1212,48362,59908,172,4,234,172,4,233,9,115,61,85,28,84
250,11,52308,35339,2879,53869,36362,2521,19905,53769,2396,27862,54025,2209,49365,54792,23,10,224,232,96,148,85,161,84,44,18,14
250,4,53987,57091,28669,21919,21537,4652,19470,49776,56323,1258,56287,58884,1258,52189,4,223,203,4,233,188,4,234,188,4,234,188
250,4,2793,56069,978,53982,56323,1243,56295,58372,947,22491,26737,15702,11348,3604,167,113,203,4,226,203,4,233,188,4,235,188
250,35,619,27612,55810,619,23766,55554,619,27609,54784,604,52439,55552,619,55768,0,217,147,0,215,119,0,217,95,39,151,86
250,57,22180,21548,5932,19726,57146,57857,479,57314,58113,479,55013,59137,474,54502,1,232,118,1,220,107,1,228,127,1,225,177
250,98,22209,21509,5932,18958,51555,59138,713,51689,59650,713,51689,59394,729,55786,2,230,232,2,221,248,2,226,7,3,224,237
250,4,53992,56323,962,60124,56068,1243,56297,58116,962,52188,59396,1212,4330,52338,86,170,84,44,23,14,110,114,188,4,237,188
250,84,6188,51982,19477,56834,573,15839,57602,557,19680,56834,433,47322,56577,436,229,178,1,232,170,1,233,173,1,233,167,1
250,4,53991,56067,978,53981,56323,1243,56296,57860,1243,52187,59140,1212,48362,60164,172,4,235,182,114,48,87,70,84,44,24,14
250,107,22415,21759,5420,18702,30572,58373,1383,22760,58117,1040,18656,58629,1336,10731,5,235,41,5,233,25,5,226,10,5,234,10
250,4,41188,37487,29015,11348,3605,28652,978,53982,56067,1258,56285,59652,1243,56288,4,219,203,4,233,188,4,235,188,4,234,172
250,37,244,57560,55040,234,61400,55296,604,16088,54784,69,22743,55296,258,23768,0,217,61,2,220,45,2,225,80,41,196,87
250,89,22502,21598,5932,17934,16474,56082,4656,4570,56082,4594,58075,56337,4563,8411,0,71,13,14,80,77,0,51,144,13,71,35
250,4,2793,56069,962,64223,56580,1243,56293,58372,28928,22619,21529,4908,20494,49777,3,221,203,4,227,203,4,234,188,4,233,188
250,138,22637,21610,5676,18958,15755,58882,573,11749,58370,557,11746,56322,557,21203,1,210,68,1,168,55,1,190,48,1,161,14
250,42,557,3815,59650,526,65252,58113,510,65256,58881,526,3811,58114,526,11751,2,235,45,2,238,45,2,236,91,46,143,88
250,109,22716,21531,5676,17934,10606,60165,1305,2793,58885,1290,2797,59141,1290,53980,3,223,250,4,219,219,4,230,219,4,230,234
250,39,588,48855,55296,258,19671,55298,557,11741,57858,557,11751,59394,557,11750,2,232,14,2,231,29,2,232,102,43,241,88
250,4,56283,59652,1243,49890,56067,1227,48361,59652,1212,26345,9074,26201,11348,3607,182,114,172,4,236,172,4,236,172,4,235,172
250,121,22825,21632,5932,18958,35962,58113,392,34531,57857,396,36833,58369,401,37602,1,226,154,1,225,158,1,227,160,1,225,161
250,4,49891,56579,962,60125,55812,1243,56296,57348,1243,52188,59396,1212,48362,60164,188,4,236,172,4,236,48,115,136,89,6,84
250,84,4652,47886,57867,59393,488,60391,59649,493,61164,60161,494,61160,59137,494,234,238,1,233,238,1,232,238,1,233,230,1
250,97,2365,65507,58376,2256,55778,56322,713,51687,59650,713,51689,60162,713,51689,2,233,217,2,230,232,2,227,102,101,70,90
250,84,5676,42766,873,58374,1524,58596,58885,1492,14820,55557,1305,38626,56581,1430,230,134,5,229,119,5,229,103,5,234,16,4
250,108,23115,21574,5676,18702,18541,56325,1337,14825,59909,1321,6636,59909,1290,2786,5,235,10,5,234,10,5,220,194,3,223,210
250,4,56284,59140,1243,49893,56323,29019,23218,21511,5164,43534,52081,58628,1227,48362,4,234,188,4,236,172,4,235,172,4,236,172
250,124,414,41186,58369,417,41442,58113,417,43490,57857,429,45025,57345,439,48098,1,224,189,1,226,190,1,223,98,128,188,90
250,4,2535,56069,962,60124,56324,1243,56294,58628,962,52186,58116,1212,64234,5745,91,237,84,44,22,14,88,114,188,4,236,188
250,0,27608,55040,92,25560,55040,151,47319,55040,145,5080,17960,2139,11348,3609,99,40,111,0,216,2,1,216,45,2,220,45
250,4,34532,56431,30555,11348,3603,28629,978,53983,56579,1259,56285,59396,1259,56286,4,221,203,4,232,188,4,236,188,4,234,188
250,4,2786,59909,1290,2794,57861,978,53982,56579,28785,23617,21574,5420,50190,60016,4,224,219,4,233,234,4,221,203,4,225,203
250,4,2791,56837,962,49886,56579,1243,56291,59140,28908,23717,21620,5932,15374,49777,3,221,203,4,226,203,4,233,188,4,234,188
250,4,2791,56837,962,64222,56068,1243,56292,59140,962,52187,58372,29079,23817,21557,44,17,14,230,113,203,4,233,188,4,232,188
250,84,5932,10510,35962,58369,400,37603,57345,395,36835,57345,401,37603,57345,410,226,158,1,227,160,1,227,161,1,227,161,1
250,58,23978,21544,6444,18958,57147,58113,479,57320,59137,470,30437,58369,363,30948,1,225,141,1,227,206,1,228,199,1,225,180
250,4,2794,56581,978,53981,56323,1243,56294,57860,962,52187,58628,1212,48363,60420,188,4,234,172,4,234,254,114,210,93,128,84
250,40,24065,21724,5676,18702,11561,57090,557,11746,59138,557,11754,59650,541,11754,2,232,14,2,232,254,1,228,254,1,229,254
250,4,53989,56323,28645,24115,21677,5676,13326,53872,56323,1258,56285,59140,1258,56287,4,219,203,4,234,188,4,235,188,4,235,188
250,126,24126,21526,5676,17934,44927,57601,432,47331,57345,444,48865,56833,447,50910,1,222,202,1,221,212,1,220,217,1,220,220
250,11,52327,31243,2832,63588,43017,2458,18088,21343,62559,11348,3606,24473,2412,23766,9,213,92,9,212,161,8,220,54,10,222,248
250,98,24406,21591,5676,18702,51555,59394,713,51690,59650,713,51689,60162,729,55784,2,231,232,2,223,248,2,225,7,3,225,237
250,128,24427,21679,5164,18958,52353,57345,469,56028,56577,476,58845,56577,490,58586,1,135,254,1,193,254,1,217,254,1,214,118
250,4,49884,56579,1274,56284,58116,1243,49891,56579,1227,52199,59652,1212,48363,60420,185,114,197,95,208,84,44,20,14,9,115,172
250,95,21547,5932,25358,7216,61185,277,4847,61185,272,4079,61185,277,8174,60929,36,1,236,45,1,218,45,2,230,45,2,235
250,4,38632,9839,16480,11348,3607,28641,1290,49883,56835,978,56283,59396,1258,56289,4,220,203,4,232,203,4,233,188,4,235,172
250,37,254,62681,55296,604,727,55553,77,32726,55040,132,41432,55040,182,54744,0,215,45,2,217,45,2,225,84,41,89,96
250,4,53991,56323,962,19167,35696,27488,11348,3608,28826,1274,56284,59140,1243,56291,4,219,203,4,232,188,4,231,188,4,234,172
250,4,49890,56579,978,56284,57604,1243,59623,61296,47200,11348,3604,28986,1259,52191,4,222,203,4,234,188,4,235,188,4,233,188
250,116,374,30442,60673,374,30446,60673,374,30444,59905,374,30443,59393,381,31209,1,234,127,1,233,130,1,226,113,120,244,96
250,96,21660,5676,10254,48768,57601,447,50911,57089,458,52445,56833,469,56031,56577,220,1,221,229,1,219,234,1,210,29,1,90
250,4,49889,57091,962,56284,58116,1243,60135,56324,1227,38369,21361,10593,11348,3606,229,113,203,4,234,188,4,234,188,4,234,172
250,128,454,53984,56833,464,55261,57089,475,56796,56321,486,60122,45313,510,65201,1,218,254,1,214,118,1,193,117,132,97,97
250,4,64233,56836,962,53981,56579,1243,56290,58372,962,52189,57860,1227,48361,59908,88,114,184,97,253,84,44,20,14,167,114,188
250,62,449,53475,58113,471,58333,54017,489,5997,51971,588,52916,54273,462,52953,1,212,214,1,151,254,1,168,95,66,250,97
250,84,5932,44558,11586,54786,573,55510,54530,557,11736,56322,557,15833,47874,557,161,29,2,210,45,2,215,29,2,215,29,2
250,73,25087,21577,5932,17934,61514,54273,526,11730,54018,573,11742,54530,573,50088,24,211,34,6,215,18,6,223,243,5,223,243
250,77,77,33610,27926,5872,31886,22295,6183,62045,55320,6183,59858,54807,6059,27863,23,217,91,21,203,59,21,211,99,81,4,98
250,4,2536,56325,962,53981,56323,1243,56294,57604,1243,52188,58628,1227,48361,60164,188,4,234,172,4,235,243,114,28,98,76,84
250,11,16257,23819,2817,59514,39689,2443,23736,54537,2396,23767,53769,2209,14045,57098,200,96,115,98,69,84,44,16,14,23,97,232
250,4,53992,56579,28636,25214,21719,4140,10254,53872,56323,962,56285,59140,1243,49892,3,220,203,4,228,188,4,233,188,4,238,188
250,4,31197,57968,5218,11348,3608,28872,1243,56296,57604,962,52188,59652,1212,48362,4,234,188,4,236,172,4,235,172,4,236,172
250,138,588,15837,57602,573,11748,58114,557,11747,57602,557,10969,54273,573,10945,1,210,42,1,190,14,2,161,194,1,247,98
250,98,21655,5164,39694,61445,59649,495,61419,59393,495,61419,60673,495,61419,59905,231,1,236,235,1,235,237,1,236,230,1,234
250,79,6153,48087,55063,6012,24024,54551,5404,50899,54035,5404,57042,53780,5420,11422,21,218,51,20,213,244,19,218,102,83,49,99
250,4,53987,56835,978,60382,56836,1243,60391,57348,28994,25414,21696,5164,37134,56177,4,219,203,4,231,188,4,234,188,4,237,188
250,11,56164,35339,2848,63604,32265,2490,12222,40287,32355,11348,3602,24446,2381,23764,9,215,92,9,211,177,8,219,86,10,218,8
250,4,49890,56579,962,60124,57092,1243,60135,56580,1227,52188,60164,29148,25515,21660,44,18,14,59,114,188,4,233,188,4,234,172
250,0,64984,55296,255,23767,54786,107,51417,55847,28259,11348,3611,10263,92,472,1,218,1,1,215,61,2,221,45,2,226,61
250,99,21696,6956,2062,36949,44564,7321,19393,48668,7166,11467,52757,5373,57052,55828,102,24,171,86,24,177,40,24,180,229,26,103
250,84,6956,38414,36711,57606,1648,25061,58118,1601,13026,57862,1555,996,57862,1523,228,228,5,228,212,5,229,165,5,217,25,5
250,4,53476,3182,39268,11348,3611,28447,1290,2792,59653,1290,53983,56323,978,56285,4,225,219,4,232,234,4,220,203,4,225,203
250,4,53984,56579,962,56284,57604,1243,60390,56580,1227,52195,59140,1212,48364,60420,172,4,234,172,4,236,77,115,115,100,138,84
250,11,52333,33035,2786,55665,33801,2490,23736,54281,2412,23766,54025,2209,22235,55818,8,10,224,16,97,202,100,64,84,44,18,14
250,4,2794,56581,978,63968,54639,49764,11348,3602,28744,962,56284,58372,1243,49893,3,219,203,4,226,203,4,236,188,4,235,188
250,100,21609,5676,44558,49175,56577,440,46307,59137,434,45545,60417,433,45544,59649,169,1,234,173,1,232,154,2,227,170,2,227
250,108,25911,21547,5676,18702,18541,57093,1352,14568,59909,1321,6634,59653,1290,2788,5,236,250,4,233,10,5,223,194,3,221,250
250,127,444,48864,57857,447,50911,57089,458,54494,56577,473,56540,56577,485,60123,1,217,236,1,96,254,1,210,99,131,71,101
250,0,59352,26918,32357,11348,3604,10039,92,38103,55040,176,47064,56064,145,727,1,216,61,2,223,45,2,223,45,2,228,45
250,49,25969,21558,5164,19470,5426,61185,287,65260,56065,557,11751,60674,557,37870,1,225,147,1,231,132,1,225,125,1,232,136
250,90,25998,21670,5164,18702,62043,56081,4563,50140,54545,62,64826,18957,3487,12858,13,67,32,0,61,104,12,71,219,11,122,204
250,109,1336,10730,59909,1305,2792,59141,1290,2795,59141,1290,49884,56579,1274,56285,4,227,219,4,228,194,3,220,95,113,158,101
250,101,21739,5932,10510,44647,57862,1679,28899,58118,1633,20962,58374,1586,8931,58374,3,6,228,243,5,227,228,5,229,212,5,230
250,4,53987,56323,962,60124,57092,1243,56296,56580,1227,52192,59652,1212,14570,626,102,57,84,44,23,14,135,114,188,4,234,188
250,133,375,27534,47873,573,19838,55298,589,11999,58370,589,35813,59906,635,27882,2,231,77,2,229,77,2,229,99,137,118,102
250,4,2791,56581,28630,26312,21618,5420,10510,49776,56323,978,56286,58372,1243,56293,4,219,203,4,230,203,4,233,188,4,234,188
250,102,21521,5676,48142,11561,58370,557,11751,59650,557,3818,59650,526,65254,58369,254,1,230,254,1,231,254,1,230,14,2,229
250,11,8366,25611,2755,59783,53769,2427,23762,54537,2396,41428,51976,2225,6103,56842,217,9,225,139,9,225,124,97,34,103,3,84
250,4,49894,56067,962,60125,57092,28836,26412,21647,5676,62222,56176,59652,1243,56287,4,219,203,4,234,188,4,232,188,4,234,188
250,117,373,30186,60673,373,30186,60161,373,30185,59393,373,32231,58881,385,35556,1,213,135,1,213,134,1,225,110,121,250,103
250,84,5164,11278,52353,57089,461,55005,56577,474,56540,56577,485,60123,48641,492,151,254,1,217,254,1,214,118,1,211,107,1
250,62,26777,21517,6444,18702,53055,58113,471,58328,47105,713,31643,53762,462,52891,1,213,206,1,217,206,1,193,222,1,93,45
250,11,12426,20491,2739,51559,51209,2427,23762,54793,2396,23765,53769,2225,33245,45152,104,184,84,44,25,14,203,96,54,10,224,248
250,4,42214,47983,1640,11348,3609,28660,1290,53979,56323,1274,56285,59140,1243,49889,3,219,203,4,231,188,4,234,188,4,234,188
250,104,21721,5676,20494,41532,57601,352,24803,57089,433,45537,58369,447,47330,58113,173,1,229,189,1,227,206,1,228,214,1,223
250,4,53988,56323,962,60123,56836,1243,56551,33904,49001,11348,3601,28971,1258,56287,4,220,203,4,234,188,4,235,188,4,233,188
250,0,12503,45863,21097,11348,3609,10108,254,27609,54784,92,39641,55296,271,15832,2,218,61,2,223,45,2,229,45,2,230,45
250,4,2793,56837,978,49887,56323,1243,56289,59396,1258,52188,58372,29096,27112,21575,44,25,14,244,113,203,4,231,188,4,232,188
250,105,21585,5932,3342,11660,58626,557,11746,55298,298,10963,53761,298,9144,46081,38,1,184,45,2,212,29,2,223,254,1,228
250,4,64233,56324,978,64221,56068,1243,56293,57860,962,52188,58628,1212,48360,59908,106,114,76,106,91,84,44,23,14,185,114,188
250,73,27283,21613,5676,18702,61258,53761,526,15826,54274,573,11743,54274,588,54145,24,213,19,6,219,3,6,223,228,5,223,243
250,4,49894,56067,978,64221,56324,1243,56293,57860,1243,52188,59652,1212,48362,60164,188,4,235,172,4,234,19,115,177,106,122,84
250,106,21507,5932,47374,23886,28951,77,62045,27928,6355,10455,55064,6106,39896,55063,109,23,213,59,21,168,44,21,142,213,19,145
250,11,56653,26973,60779,11348,3607,24109,3035,16266,22283,2755,47722,51209,2396,23755,9,214,77,9,213,192,8,211,192,8,214,39
250,4,53986,56835,978,60124,56580,28825,27511,21577,5932,59662,56176,58884,1243,56287,4,221,203,4,232,188,4,233,188,4,234,188
250,16,27643,21591,6700,18702,3601,57090,526,65246,56577,526,3807,56322,541,12249,0,211,62,0,213,29,2,218,29,2,228,45
250,0,62679,55296,604,23767,55298,10014,27658,21699,6700,27150,48679,55296,133,46808,0,216,213,0,217,160,0,214,61,2,223,61
250,46,557,11754,59650,448,10976,57089,291,6638,60929,276,4590,61185,272,5871,1,237,25,1,240,26,1,238,113,50,18,108
250,57,27672,21747,6700,19726,57146,57345,479,57313,58369,470,56035,58625,468,55781,1,230,133,1,221,114,1,230,116,1,228,131
250,61,455,48355,58113,431,48867,57601,462,55009,57089,474,65238,35329,791,23762,2,210,206,1,210,199,1,214,107,65,29,108
250,4,2794,57605,978,53983,56579,1258,56291,58628,1258,52188,57860,1227,1002,16242,108,108,84,44,26,14,74,114,188,4,235,188
250,139,27730,21657,4908,18702,11660,57858,557,11742,54274,557,14290,49409,324,14251,1,197,29,2,210,14,2,219,14,2,229,14
250,0,62678,55552,244,62680,55040,250,19928,55040,77,55769,28455,49260,11348,3603,40,40,160,0,215,1,1,217,61,2,215,61
250,80,27788,21509,4908,17678,7249,54293,5061,64982,54292,5264,11474,52757,5404,9176,20,216,244,19,219,66,20,217,182,19,210,173
250,11,56154,36363,2864,63562,26377,2505,23736,54281,2396,60373,38495,34156,11348,3603,61,96,76,9,211,161,8,215,85,10,216,8
250,4,2538,58117,978,53981,56835,1258,56287,59652,1258,56284,56580,1227,48360,60164,188,4,234,153,114,163,108,50,84,44,19,14
250,4,2786,59909,1290,28906,1391,19565,11348,3601,28607,1274,53983,57091,978,56283,4,227,219,4,231,194,3,220,203,4,226,203
250,84,5932,37134,35892,58625,385,33766,59649,395,19684,56834,389,34273,58625,396,216,223,1,212,231,1,214,227,1,213,225,1
250,4,2793,57349,978,734,26992,21101,11348,3607,28749,962,60380,57604,1243,56295,4,223,203,4,225,203,4,233,188,4,234,188
250,4,64233,56836,962,49885,56323,1243,46820,52848,32621,11348,3606,28933,1243,49895,3,220,203,4,228,203,4,233,188,4,233,172
250,68,557,7851,54274,557,7894,55298,542,65235,43777,526,3795,54018,510,65235,1,203,254,1,211,254,1,212,102,72,21,110
250,109,1336,10730,60165,1305,2792,58629,1290,2797,59909,1290,49884,57091,962,56284,4,227,219,4,230,194,3,221,99,113,50,110
250,84,4652,11278,19733,56576,573,15839,56578,573,19676,57090,588,19678,56834,418,218,169,1,222,173,1,228,182,1,229,179,1
250,4,56283,58116,1243,49893,56323,1227,52197,59908,29184,28310,21610,4652,18958,48242,4,235,188,4,236,172,4,236,172,4,234,172
250,4,30424,59137,374,30441,60673,374,30445,60161,30129,28313,21516,4652,1038,30326,1,236,118,1,236,118,1,236,118,1,236,118
250,0,48855,55552,619,55768,55296,588,727,55297,10216,28358,21507,5932,14094,23592,0,216,148,0,219,76,2,214,45,2,220,61
250,43,510,65254,58625,510,3814,58370,541,3810,59906,541,7662,60930,541,11755,2,237,45,2,235,45,2,230,98,47,203,110
250,11,48286,24587,2739,51594,50441,2474,19896,55049,2412,64214,61023,64110,11348,3607,74,96,77,9,180,177,8,219,54,10,224,233
250,4,53987,56835,962,60126,57092,1243,56296,58116,962,52189,59396,1212,48361,59396,188,4,235,211,114,251,110,181,84,44,23,14
250,4,44004,23663,21871,11348,3607,28670,978,53981,56835,1259,56286,59140,1259,56286,4,221,203,4,233,188,4,233,188,4,235,188
250,11,52311,40459,2832,53879,23050,24306,28796,21590,4908,15886,51551,53769,2427,23763,9,215,92,9,211,177,8,211,177,8,215,39
250,50,526,11742,59650,557,11756,59906,389,36069,58881,385,33765,59905,395,19687,2,218,147,1,220,140,1,228,95,54,195,112
250,61,28873,21563,5676,17678,48190,58369,438,49890,58113,456,54245,57089,473,58580,1,174,123,2,177,92,2,211,206,1,171,206
250,11,56164,36363,77,63578,27145,2490,27835,54281,24444,28897,21585,5676,51982,23647,9,214,108,9,212,177,8,216,86,10,214,8
250,4,2793,57093,962,53982,56835,1243,56291,58884,1258,52189,57604,1227,48362,59908,84,114,238,112,38,84,44,22,14,167,114,188
250,84,5932,62222,46654,58113,458,54497,56321,481,57557,32257,635,3794,41986,462,211,199,1,215,202,1,212,197,1,132,139,2
250,4,49889,56323,978,60381,57604,1243,60391,56836,1227,52189,59652,1212,48360,60164,172,4,234,229,114,82,113,235,84,44,23,14
250,70,526,65235,53761,526,65235,53761,510,65234,54017,502,65236,54529,502,62163,1,212,240,1,213,254,1,177,113,74,153,113
250,81,29087,21652,5932,18958,29010,53780,5420,11470,55573,5155,62680,56083,5186,30935,19,203,173,18,213,97,20,214,144,20,211,153
250,4,2796,57605,28602,29108,21549,5932,3342,49776,56579,962,56287,56580,1243,56296,4,221,203,4,221,203,4,233,188,4,234,188
250,4,64233,56836,962,49886,56323,28758,29208,21699,3884,41486,56176,57860,1243,49892,3,221,203,4,229,203,4,235,188,4,235,188
250,4,64235,59140,978,49884,56579,1274,56282,59140,1243,8162,31857,40050,11348,3609,111,113,194,3,218,203,4,231,188,4,234,188
250,84,6188,16910,61190,60161,495,61419,59649,495,61419,60161,487,58348,59393,481,234,224,1,235,223,1,234,231,1,231,235,1
250,11,56151,33035,2864,45914,29706,2505,7080,54111,33650,11348,3608,24427,2412,23762,9,214,92,9,213,161,8,212,192,8,215,39
250,4,53987,57091,962,60124,56580,1243,60137,57092,1243,52190,59908,29114,29409,21523,44,24,14,66,114,203,4,234,188,4,235,172
250,4,53985,56579,962,60380,58372,1243,60390,56324,1227,52191,58628,1212,48361,60164,160,114,69,115,136,84,44,18,14,243,114,172
250,11,52314,50443,2879,45940,24586,2505,23762,53769,2396,23765,54537,2225,25813,40032,115,110,84,44,26,14,192,96,177,8,213,23
250,84,6700,30990,51556,59906,713,55786,59906,744,63715,57090,760,9952,55555,1757,225,190,6,224,174,6,226,143,6,227,128,6
250,70,29678,21557,5420,17678,3655,53762,510,65235,53761,502,65236,54017,502,62164,1,212,240,1,211,239,1,212,239,1,214,107
250,85,29689,21707,5420,18702,11350,51989,5373,57054,56340,6246,14283,53784,6184,58769,26,103,182,26,210,135,26,184,173,18,212,142
250,4,53992,56323,962,8925,2928,14196,11348,3605,28785,978,56284,58628,1243,52196,4,220,203,4,230,188,4,233,188,4,233,188
250,119,374,30438,58881,381,36827,38657,394,34783,57857,390,34276,58369,389,34276,1,228,140,1,227,143,1,226,109,123,19,116
250,67,29776,21617,5420,18702,15684,54530,557,7588,40450,557,15828,55042,557,7640,2,212,14,2,203,14,2,211,14,2,211,254
250,4,53991,56067,962,64221,56068,1243,52201,28528,30580,11348,3605,28958,1243,49890,3,219,203,4,232,203,4,232,188,4,234,172
250,83,4984,40405,51218,5202,32978,54804,7337,23451,34588,7181,65234,41243,5389,61146,20,220,222,20,193,102,24,142,95,87,193,116
250,80,5981,7379,54549,5062,7381,53781,5217,7365,43797,5404,9179,54804,5108,17115,20,216,198,19,211,173,18,212,99,84,35,117
250,117,11,21593,5676,17934,30326,60161,374,30440,59905,374,30444,59649,381,33258,1,229,131,1,224,132,1,210,140,1,218,136
250,28,48,21557,5932,19726,36637,60160,132,32747,59648,132,34529,56832,135,35036,0,219,170,2,223,185,2,221,254,1,221,254
250,4,2794,56069,962,53980,56067,1243,56293,58372,962,52189,58884,1212,48361,60164,188,4,235,172,4,237,9,115,108,0,200,84
250,4,56284,58884,1243,60132,56068,1227,48358,59908,1212,48364,59908,1196,44267,60164,157,4,236,182,115,209,0,86,84,44,21,14
250,4,49894,56067,978,64221,55812,28809,306,21619,4652,55566,56176,59140,1258,49887,3,219,203,4,230,203,4,234,188,4,234,188
250,4,64235,58884,978,49883,56579,1274,56285,59652,1243,6623,38769,63233,11348,3611,108,113,219,4,219,203,4,233,188,4,234,188
250,4,49890,56835,962,60380,57860,1243,56295,56836,1227,52191,59908,29184,507,21628,44,19,14,74,114,188,4,233,188,4,235,172
250,91,591,21732,4908,18702,35164,16384,3596,40775,15629,3440,19779,14848,3113,56160,11,177,32,11,93,195,10,100,201,9,210,92
250,4,53985,56579,978,60124,57604,1243,60137,56068,1227,52191,59908,1212,48363,60164,135,114,95,2,223,84,44,19,14,214,114,188
250,51,526,34276,59393,396,33255,59137,387,37610,59393,557,34270,57345,389,36070,1,216,223,1,211,231,1,213,96,55,153,2
250,4,64232,59140,1290,53981,56579,28716,805,21635,4652,30478,49776,56067,1243,56296,4,230,219,4,220,203,4,228,203,4,235,188
250,4,64234,58372,978,49883,56067,1258,56286,59652,28887,906,21703,6700,9998,60017,4,221,219,4,221,203,4,233,203,4,233,188
250,5,495,61420,59905,495,61419,59393,495,61415,59905,495,59373,59905,483,57833,1,235,224,1,235,223,1,224,109,9,164,3
250,84,6188,60174,65040,57089,510,65247,56577,526,3807,56322,541,3805,55810,107,212,99,0,211,29,2,218,29,2,229,29,2
250,0,62679,55552,250,27607,55296,9931,953,21519,6188,7694,19495,55042,92,36313,0,215,15,1,216,217,0,217,227,0,215,61
250,109,1003,21664,6188,17934,10606,60165,1305,6632,58373,1289,64234,59652,1289,49885,3,221,210,3,220,219,4,227,219,4,231,179
250,0,62683,55040,557,11740,57858,557,11749,59394,557,11753,59650,557,7658,59394,70,43,32,4,41,84,44,23,14,149,43,14
250,102,1098,21636,5932,18702,40807,57606,1664,28898,57862,1617,16867,58118,1586,4836,6,227,3,6,227,243,5,231,228,5,230,212
250,4,49884,57091,962,56284,58628,1243,56293,56068,1227,52197,59908,1212,26346,21106,4,37,84,44,23,14,178,114,188,4,234,172
250,84,5932,55822,41341,58113,425,44514,57857,431,45283,57601,432,47073,58113,443,228,189,1,222,197,1,225,201,1,226,203,1
250,4,64234,56068,962,49886,56579,1243,56295,58628,962,52188,58884,1212,48361,60420,188,4,235,172,4,234,16,115,183,4,28,84
250,0,64983,55296,190,53977,55552,213,53465,55552,157,31958,55040,257,48856,55040,61,2,220,224,40,230,4,62,84,44,18,14
250,4,2793,56325,28651,1304,21675,4652,14862,49776,56579,962,56284,59140,1243,49892,3,220,203,4,231,203,4,233,188,4,233,172
250,115,1196,56291,55300,374,30439,59649,374,30444,61185,374,30442,59393,374,30443,1,236,118,1,238,118,1,235,97,119,29,5
250,4,30939,32112,52485,11348,3606,28868,1243,56294,57604,1243,52186,59396,1227,48362,4,236,188,4,233,172,4,235,172,4,233,172
250,119,1410,21692,5676,18958,32120,58625,385,28891,44545,378,32732,57089,386,35810,1,228,143,1,227,145,1,223,146,1,227,147
250,11,56135,37131,2879,27764,54366,44805,11348,3602,24252,2724,51578,51209,2412,27845,9,214,77,9,213,146,8,211,177,8,216,39
250,4,64233,60164,1290,53984,56835,962,60123,57348,1243,60135,56580,29004,1505,21535,44,18,14,155,113,219,4,225,203,4,235,188
250,84,6700,64014,60169,56065,493,61158,59905,494,61160,59649,494,61159,59905,494,230,238,1,232,238,1,231,238,1,232,230,1
250,4,2793,57605,962,49885,56835,1258,56289,58884,1258,52188,57348,1227,48361,59652,188,4,237,131,114,169,6,163,84,44,19,14
250,84,6188,23566,20840,57862,1601,13027,58118,1555,996,58630,1523,54502,58885,1492,227,25,5,219,25,5,226,150,5,221,150,5
250,4,27368,2927,9479,11348,3608,28602,1290,49883,57091,962,56285,57860,1243,49893,3,219,203,4,227,203,4,234,188,4,236,188
250,4,53992,56067,962,17117,28528,40711,11348,3605,28821,1274,56284,59140,1243,49891,3,219,203,4,231,188,4,233,188,4,237,172
250,0,19927,55552,92,36313,55040,116,15831,55810,557,11743,58626,557,52198,41513,7,237,84,44,23,14,23,42,45,2,230,45
250,90,4625,475,56338,4578,50139,56081,4547,64858,23053,17,36925,15629,3378,15946,0,48,250,11,87,204,11,151,95,94,199,7
250,4,53983,56835,962,60125,58116,1243,60137,56580,1227,52193,59908,1212,24555,40050,8,12,84,44,21,14,174,114,188,4,236,172
250,121,389,36066,57601,399,37347,58113,402,37600,58113,402,37599,57857,410,40676,1,226,160,1,227,161,1,226,95,125,164,8
250,4,46042,56835,978,56284,58372,1243,56292,56324,1227,52196,59652,1212,48363,59908,172,4,236,236,114,1,9,172,84,44,23,14
250,84,5676,36110,60939,59649,494,61160,59393,494,61158,59649,494,61161,59393,494,233,238,1,233,238,1,232,238,1,233,238,1
250,51,2360,21711,5676,18702,34100,58369,389,34276,59393,396,38888,57601,573,34272,1,225,133,1,228,147,1,213,239,1,212,239
250,96,2392,21683,5676,19726,63585,57353,2458,23777,57609,2334,57314,57864,2240,55520,2,228,201,2,232,201,2,235,201,2,234,201
250,4,2535,60165,1274,49896,55811,28609,2402,21549,5676,4110,49776,56323,978,56284,4,232,219,4,228,194,3,220,203,4,232,203
250,4,53991,56323,978,64221,56324,28781,2503,21573,5164,49166,56176,58884,1243,49889,3,218,203,4,232,188,4,232,188,4,235,172
250,0,48856,55296,133,30938,55040,258,728,55553,137,15832,56066,557,11746,57858,45,2,232,45,2,233,62,42,249,9,33,84
250,11,16260,17163,24166,2590,21706,5420,46350,53854,27914,2521,39877,44553,2381,23766,9,213,77,9,210,161,8,222,54,10,224,233
250,4,53989,56323,978,64220,56580,1243,56295,57092,28958,2603,21531,5420,27150,56177,4,220,203,4,234,188,4,233,188,4,236,188
250,31,2645,21700,5932,12302,3616,56322,526,27611,54016,84,35796,55042,666,23769,0,218,154,2,216,123,2,220,123,2,220,123
250,4,64235,57604,978,53981,56323,1259,56288,59396,1259,52191,57860,1227,48363,60164,188,4,235,185,114,244,10,92,84,44,18,14
250,21,2838,21716,6444,18702,15638,57346,588,19683,57090,448,47320,56577,436,45794,1,232,177,1,232,177,1,235,177,1,235,177
250,4,26603,21871,65291,11348,3609,28595,1290,53984,56835,978,56286,57604,1243,60134,4,221,203,4,223,203,4,234,188,4,233,188
250,4,49893,56323,978,60124,56580,1243,51175,7792,14348,11348,3604,28954,1258,56285,4,220,203,4,231,188,4,235,188,4,233,188
250,79,3179,21642,5676,19726,51792,54807,6012,19928,54295,5435,50645,54035,5420,25035,20,193,44,21,161,28,21,217,66,20,214,4
250,4,2793,59909,1290,53988,57091,962,60124,57348,1243,60136,57348,1227,33757,33393,12,217,84,44,22,14,211,113,203,4,231,188
250,91,4532,3168,23054,47,24903,12301,3394,45383,12288,3113,56160,37131,2879,50000,10,87,217,9,190,108,9,210,99,95,217,12
250,4,53986,56323,978,60125,57092,1243,56296,57092,1243,52189,59908,1212,8939,59250,12,234,84,44,23,14,106,114,188,4,236,172
250,11,60276,35339,2864,63597,45321,2505,23752,54537,2396,19670,53769,24624,3390,21671,44,22,14,124,96,177,8,220,70,10,217,8
250,4,2531,60165,28432,3400,21594,5676,24334,2415,59141,1289,53986,56835,978,56284,4,226,219,4,232,219,4,222,203,4,222,203
250,84,5164,9230,11561,57090,557,11747,59394,557,11751,59394,557,3817,59394,526,233,14,2,228,254,1,229,254,1,229,254,1
250,11,36231,24587,2770,55665,43017,2458,23755,54793,2396,19670,53769,2225,14045,56586,196,96,162,13,60,84,44,20,14,19,97,248
250,4,56285,58372,1243,49893,56323,1227,52197,59652,1212,48361,59908,1196,44267,60164,172,4,236,145,115,175,13,19,84,44,20,14
250,4,2790,56325,978,64223,56580,28761,3601,21523,6956,43278,56176,59396,1243,49889,3,219,188,4,231,188,4,234,188,4,235,188
250,4,49894,56067,978,60125,56580,1243,60138,57092,28975,3701,21601,4396,32270,56177,4,223,203,4,231,188,4,234,188,4,235,188
250,109,3799,21633,5420,17934,10606,59909,1305,2788,59653,1290,64234,58628,978,49884,3,221,234,4,221,219,4,232,219,4,222,219
250,50,3857,21712,5676,18702,11571,59650,557,11757,58626,403,36070,59137,385,33765,1,232,139,1,233,45,2,222,147,1,223,140
250,11,52308,37131,2833,42058,35338,2505,19922,53769,2396,56022,12639,22799,11348,3606,41,96,92,9,212,161,8,212,70,10,213,23
250,4,53986,56835,978,60124,57092,1243,60137,57348,1243,52190,60420,1212,48362,60420,131,114,62,15,45,84,44,22,14,211,114,172
250,11,495,61417,59649,495,61417,60161,495,61416,59393,495,61418,59137,495,61416,1,232,239,1,232,239,1,231,69,15,191,15
250,18,4034,21693,5932,18702,12051,54272,47,11732,56322,541,11746,56834,47,16093,0,221,61,2,223,61,2,223,76,2,223,76
250,70,4071,21697,5932,18702,3655,54018,526,65234,53761,510,65235,54273,510,65237,1,212,246,1,213,242,1,213,240,1,213,14
250,4,53989,56579,962,10716,1136,28688,11348,3607,28793,1258,56283,58628,1243,56290,4,218,203,4,231,188,4,235,172,4,234,188
250,97,2365,61409,58120,2240,55777,57090,713,51688,60162,713,51690,59650,713,55786,2,232,217,2,231,232,2,221,101,101,96,16
250,4,56284,58372,28863,4200,21506,4396,3598,56177,57604,978,52188,59396,1212,48362,4,234,188,4,235,172,4,235,172,4,234,172
250,84,4396,5134,48000,57089,445,48864,56833,454,51931,56321,468,55773,57089,476,222,229,1,219,234,1,215,42,1,96,254,1
250,109,1336,10730,59909,1305,64231,58628,1289,64234,59652,1274,49883,56579,978,56283,4,229,219,4,224,194,3,218,95,113,205,16
250,11,56135,43019,2910,50020,30474,2552,31691,44553,24410,4388,21739,4652,43278,19551,9,214,92,9,212,76,9,210,161,8,220,54
250,4,53993,56067,962,49887,56579,1243,56293,58628,962,52188,58628,1227,60138,12657,17,103,84,44,18,14,113,114,188,4,236,188
250,4,53993,56067,978,64222,56068,1243,56294,58372,962,52188,58884,1227,48364,59652,188,4,236,196,114,149,17,10,84,44,20,14
250,4,55264,63343,56337,11348,3610,28711,978,49886,56323,1258,56288,59396,1258,52190,4,223,203,4,232,188,4,235,188,4,237,188
250,17,21628,6700,55822,44147,60164,1274,30424,57601,374,30441,60417,374,30445,60673,118,1,236,118,1,233,118,1,234,118,1,234
250,11,56180,33035,2879,55661,33033,2505,27822,54025,2396,19926,54025,2225,18138,56074,8,10,224,186,9,224,95,97,81,18,85,84
250,4,29149,23408,53522,11348,3606,28865,1243,56291,58116,962,52188,58372,1212,48360,4,234,188,4,236,172,4,235,172,4,234,172
250,56,4760,21554,5676,19726,57401,56321,479,55006,57345,474,56542,57601,477,54754,1,227,209,1,231,207,1,231,215,1,228,162
250,11,56177,23051,24166,4786,21595,5676,47374,53854,26378,2521,35748,47113,2396,23766,9,214,92,9,211,161,8,220,54,10,222,248
250,4,49894,55811,962,49885,56323,1243,56295,58372,28958,4800,21595,5676,27150,49777,3,220,203,4,233,188,4,233,188,4,236,188
250,18,21730,5676,4878,37686,57089,396,36837,54785,462,57044,54529,486,58070,54785,224,1,217,223,1,218,223,1,220,223,1,222
250,4,2790,56069,978,64221,56580,1243,56295,57604,931,52186,58884,29110,4900,21580,44,22,14,5,114,188,4,233,188,4,233,188
250,106,1305,38630,57093,1414,34536,58373,1383,26600,59397,1040,18652,57093,1336,14568,5,233,41,5,233,25,5,232,145,110,134,19
250,4,2793,56325,962,53981,56579,1243,56293,59140,1259,52188,57348,1227,48362,60164,95,114,136,19,240,84,44,20,14,178,114,188
250,4,64230,60420,28486,5098,21535,5420,38158,2671,59653,1290,53980,56579,962,56284,4,232,219,4,229,194,3,221,203,4,228,203
250,19,21546,5164,4878,29574,36353,372,11691,41986,604,15835,57602,573,19685,57858,139,2,233,123,2,232,92,2,229,76,2,230
250,74,573,15832,56322,573,56019,29719,6355,980,56326,1539,58592,57605,1539,5092,6,211,107,0,71,193,22,161,94,78,54,20
250,4,53989,56835,28626,5198,21646,5164,8462,53872,56579,1258,56284,59396,1243,56287,4,219,203,4,233,188,4,234,188,4,233,188
250,52,383,33512,58881,402,19681,57090,389,34276,58881,462,57044,54529,486,60118,1,215,236,1,215,229,1,218,120,56,139,20
250,11,62285,42333,17428,11348,3607,24130,3035,12436,25611,2739,55658,50441,2396,23762,9,214,77,9,213,177,8,212,192,8,214,23
250,4,49888,56835,962,56285,57092,28814,5299,21658,5932,57614,56176,59396,1258,52189,4,223,203,4,234,188,4,233,188,4,234,172
250,20,21755,6700,23822,65096,54273,510,65234,53761,502,62164,54529,496,15830,44546,14,2,210,45,2,219,61,2,217,45,2,211
250,11,56177,41995,2801,40298,2654,41237,11348,3610,24301,2568,55661,48649,2396,23764,9,213,77,9,211,177,8,219,86,10,218,248
250,4,2793,56581,978,53982,56323,1243,56291,59140,962,15837,6001,43797,11348,3610,136,113,203,4,227,203,4,234,188,4,234,188
250,4,2793,60677,1274,64231,56580,962,64220,56580,1243,56293,57860,962,52188,59140,203,4,234,16,114,123,21,220,84,44,14,14
250,73,495,65239,46081,526,11730,54786,573,11741,54274,573,54116,54296,1554,987,6,223,228,5,222,3,6,227,98,77,197,21
250,4,56283,58628,1243,49893,56323,1227,48357,59652,1212,48364,60420,29369,5599,21535,44,21,14,12,115,172,4,235,172,4,235,172
250,21,21550,7212,38414,61195,59905,495,61416,58881,495,61417,59393,495,61418,59649,239,1,231,239,1,235,239,1,231,239,1,231
250,0,62682,55296,237,23768,55298,217,58327,54784,159,50135,55296,257,39385,3880,22,6,84,44,28,14,233,40,45,2,215,61
250,4,45286,16751,2070,11348,3612,28671,1289,53979,56835,1274,56284,59140,1243,49889,3,218,203,4,233,188,4,231,188,4,234,172
250,84,3884,5134,60940,59393,494,61160,59649,494,61162,59393,494,61159,59649,494,233,238,1,231,238,1,231,238,1,235,238,1
250,4,53989,56579,978,7387,42352,2838,11348,3599,28780,1258,56285,59140,1258,56286,4,220,203,4,233,188,4,232,188,4,234,172
250,0,17112,54566,4374,11348,3610,9880,244,64215,55552,77,37848,55296,112,45783,0,216,204,0,216,210,0,217,61,2,219,45
250,22,21552,6700,51214,4442,56594,4609,58074,55825,4563,50138,53777,3596,64839,18957,17,0,61,81,13,80,32,0,77,10,12,64
250,4,53987,56323,978,64221,57092,1243,56298,2672,1303,11348,3610,28974,1258,56288,4,221,203,4,234,188,4,234,188,4,234,172
250,84,6188,54542,15892,56576,62,15838,57090,573,15840,56834,588,19677,57858,588,226,92,2,216,177,1,221,184,1,225,180,1
250,4,49885,56323,978,60123,58372,1243,49894,55811,1227,35042,28273,13591,11348,3608,211,113,203,4,233,188,4,233,188,4,236,172
250,139,557,11746,57602,557,10968,54017,573,14280,47105,304,11697,48641,557,3797,2,225,14,2,227,254,1,230,190,2,131,23
250,80,5950,11475,54293,5061,7380,54037,5155,11448,43029,5404,13272,55060,5108,17113,20,217,120,19,210,173,18,213,97,84,189,23
250,23,21746,6444,25358,35101,60672,137,35306,58880,129,32225,57856,123,33500,56064,185,2,222,154,2,220,254,1,218,254,1,218
250,84,5932,53774,19478,57090,604,49374,55809,448,47326,58113,436,45799,59393,433,232,169,1,235,173,1,234,167,1,232,172,1
250,44,526,3812,58114,541,7657,60418,557,11757,60162,557,11755,59906,526,63206,1,225,42,1,233,35,1,236,95,48,108,24
250,51,6254,21730,5932,17934,35892,58881,385,33764,58881,388,37864,57089,573,34271,1,226,133,1,229,140,1,211,239,1,212,239
250,100,729,59626,59138,760,63710,58114,791,56796,57606,1742,44770,57862,1679,28898,6,226,97,6,227,81,6,227,128,104,147,24
250,4,2794,57861,962,61661,39023,39448,11348,3607,28731,962,60123,56836,1243,60136,4,220,219,4,221,203,4,234,188,4,235,188
250,24,21566,5164,4878,4461,57860,1352,14823,60165,1337,10731,59909,1275,2785,59909,10,5,233,251,4,228,210,3,220,195,3,221
250,138,573,15840,58370,558,12007,58114,558,12006,57090,558,7640,54017,558,17848,1,193,49,1,193,45,1,211,198,1,18,25
250,61,456,48355,58625,438,49891,58369,464,55265,57345,483,59861,39681,791,23739,2,203,206,1,211,206,1,217,98,65,163,25
250,11,48224,30475,2911,55629,41225,2521,16082,47199,5401,11348,3605,24462,2396,23764,9,214,77,9,213,161,8,216,86,10,218,248
250,4,2786,60421,1274,2793,57349,978,49885,56067,1258,56290,59140,962,52188,57348,203,4,235,210,113,197,25,211,84,44,21,14
250,0,52442,55296,148,19671,55042,231,59351,62759,53785,11348,3604,10295,237,62168,0,216,76,2,215,45,2,220,45,2,225,45
250,25,21718,5164,41742,49199,57089,284,7391,60673,277,4847,61697,272,4080,61441,21,1,238,24,1,240,33,1,240,37,1,224
250,84,5164,57358,51555,59650,713,51689,59906,713,55786,59138,744,63715,57602,775,224,38,3,215,221,6,227,190,6,226,159,6
250,0,48856,55296,203,23768,54786,190,729,56065,10356,6745,21562,5676,49934,19496,2,214,45,2,220,45,2,224,45,2,226,45
250,84,5676,15886,9008,61185,287,6124,61185,275,4590,61697,272,5871,61185,281,241,33,1,227,45,2,226,45,2,234,45,2
250,66,573,51669,54786,557,11735,56066,573,11738,43778,557,11694,53762,557,7639,2,216,29,2,213,14,2,211,127,70,110,26
250,77,6772,21648,5676,18702,33614,17174,5872,35956,27159,62,62052,54296,6339,63956,23,216,171,23,214,124,23,215,106,21,210,44
250,4,28393,35695,64538,11348,3606,28609,1290,53980,56579,978,56283,58628,1243,49892,3,220,203,4,228,203,4,233,188,4,235,188
250,118,6801,21624,5676,16910,30327,59649,374,32231,59649,385,33766,57345,388,33924,1,218,132,1,226,132,1,227,132,1,228,139
250,4,53980,56579,28674,6896,21729,6444,19982,53872,56323,1243,56295,58116,962,52188,4,230,203,4,235,188,4,234,188,4,237,172
250,26,21616,6444,29454,46719,58113,435,45795,57089,441,48354,57089,453,51679,57089,212,1,223,217,1,220,220,1,224,229,1,218
250,0,1239,55041,204,41945,55040,203,37848,55040,175,34262,55040,573,11741,58626,45,2,230,169,41,34,27,60,84,44,18,14
250,79,7073,21666,5420,18702,55888,55063,6043,24024,54807,5498,7379,43029,5077,7361,21,211,113,20,203,28,21,214,28,21,210,4
250,4,56284,58884,1243,49893,56323,29008,7096,21740,5420,40974,52081,59396,1227,48361,4,235,188,4,235,172,4,236,172,4,235,172
250,0,62680,55552,244,64215,55296,253,23768,55298,604,24281,59431,39451,11348,3602,170,39,107,0,215,92,0,215,168,0,216,186
250,27,21743,4652,60942,52801,53761,478,11646,54786,573,15830,54530,557,11731,56834,61,2,221,61,2,213,45,2,190,45,2,200
250,4,2533,60165,1274,53994,55811,962,49886,55811,1243,56293,58372,962,52189,59140,203,4,234,25,114,29,28,141,84,44,18,14
250,54,7255,21732,5932,18702,59191,54273,491,60886,54785,486,58072,56065,480,57306,1,220,223,1,221,223,1,223,223,1,225,223
250,95,7284,21582,5932,19726,3680,41993,2225,10202,57866,2521,35808,57609,2381,7905,9,225,224,8,226,192,8,222,217,2,228,201
250,4,53988,56835,962,60123,57092,1243,60136,56580,1243,52192,60164,1212,48363,60420,172,4,234,193,114,129,28,107,84,44,23,14
250,84,4652,2574,35102,60160,129,32229,57344,123,29663,56064,118,47577,57858,526,217,14,2,221,77,0,211,69,0,212,80,0
250,4,42719,58223,29468,11348,3602,28665,978,49885,56579,1243,56289,59396,1258,52188,4,228,203,4,236,188,4,235,188,4,233,172
250,28,21727,6956,51982,61956,60161,496,61416,59905,495,61417,60161,495,61418,60673,239,1,234,239,1,233,239,1,236,239,1,236
250,22,7432,21583,6956,18958,19479,55810,433,45532,57345,433,45544,59649,433,45545,1,232,177,1,238,177,1,235,177,1,237,154
250,11,56167,44555,2817,37991,22282,2505,27838,54025,2396,19669,54281,2225,21976,55818,23,10,224,201,9,225,81,97,60,29,90,84
250,84,4908,26894,65040,58369,510,65251,57345,510,65249,57345,526,3804,56322,526,220,45,2,218,77,0,214,92,0,211,29,2
250,11,44161,33803,2786,63601,40457,24303,7682,21526,5164,15886,39519,53769,2380,23765,9,215,76,9,211,161,8,219,70,10,220,8
250,4,2537,56837,962,49887,56323,1243,56292,59140,962,52187,57860,29098,7696,21668,44,20,14,249,113,203,4,235,188,4,231,188
250,0,65242,55296,77,33752,16167,37918,11348,3607,10198,147,30678,55296,154,19671,2,215,61,2,222,45,2,226,45,2,229,45
250,4,2792,56069,978,64223,56324,1243,56294,58372,1243,52188,58884,1227,48361,59652,99,114,116,30,195,84,44,23,14,182,114,188
250,43,7846,21720,4908,18702,65068,58881,510,3819,58626,557,3812,59394,541,7662,2,239,29,2,235,45,2,235,45,2,236,45
250,4,53990,56323,978,64222,56324,1243,56295,56836,1243,52187,59652,1212,48363,59908,188,4,236,172,4,236,16,115,216,30,51,84
250,4,56283,58884,1243,49889,56067,1227,48361,59652,1212,48361,60676,1196,44267,60420,172,4,238,153,115,61,31,250,84,44,19,14
250,48,8049,21622,5932,17934,4145,60929,278,4845,61185,279,8431,61441,293,11739,2,230,45,2,236,45,2,240,147,1,224,140
250,11,54096,37213,28959,11348,3607,24098,3035,24478,23051,2801,51585,54281,2427,27841,9,214,77,9,213,92,9,168,177,8,217,54
250,4,53991,55811,978,60126,56580,28789,8094,21518,5932,50190,56176,59652,1243,49892,3,220,203,4,231,188,4,235,188,4,236,188
250,79,6199,56021,54807,6059,24025,55063,5420,7378,54037,5077,64978,54548,5217,11451,21,212,59,21,211,19,20,217,94,83,237,31
250,4,56285,58884,1243,16097,881,31776,11348,3603,29065,962,52189,59652,1212,48365,4,234,188,4,234,172,4,235,172,4,236,172
250,83,8274,21612,5932,18958,44372,54034,5217,33236,54804,7322,23441,46108,7166,7598,28,155,13,21,219,222,20,221,238,20,177,71
250,4,64234,57860,978,53981,55811,1259,56287,59140,1259,56285,56836,1227,55272,26481,32,224,84,44,23,14,38,114,188,4,235,188
250,132,363,28872,48641,353,27563,47105,368,31403,37121,573,23765,55554,573,15841,2,230,108,2,227,139,2,235,99,136,119,32
250,11,52317,37899,2911,25959,26378,2505,27845,53769,2396,50390,48735,51488,11348,3605,19,96,92,9,213,177,8,213,101,10,214,23
250,4,41188,51566,2080,11348,3605,28396,1290,2793,60165,1290,49892,56067,962,64219,4,221,219,4,231,234,4,220,203,4,223,203
250,88,8477,21617,5676,17934,40281,56338,4734,24541,56082,4672,12508,56082,4625,62171,17,219,226,17,219,195,17,219,211,17,100,253
250,4,29160,11631,36129,11348,3606,28609,1290,53985,56579,962,60124,57348,1243,60135,4,221,203,4,226,203,4,235,188,4,236,188
250,4,53983,56579,28687,8593,21546,5164,24334,49776,56579,1243,56292,58884,1258,52187,4,226,203,4,234,188,4,235,188,4,235,172
250,4,2794,56325,962,64221,56836,1243,56294,58372,962,27100,23153,49698,11348,3604,181,113,203,4,230,203,4,235,188,4,233,188
250,4,2791,57093,962,53980,56323,1243,56290,58116,962,52188,59140,1227,58345,48753,34,98,84,44,18,14,110,114,188,4,234,188
250,11,52337,33803,2833,59732,38665,2474,23729,54537,2396,54998,5471,50211,11348,3606,34,96,92,9,213,177,8,219,86,10,222,8
250,114,1196,44267,60164,1196,44269,57092,1243,30425,59393,374,30443,60673,374,30444,1,235,118,1,236,118,1,236,99,118,37,35
250,4,26345,33903,4899,11348,3603,28593,1290,49885,57091,962,56284,58628,1243,46053,3,219,203,4,227,203,4,233,188,4,233,188
250,22,588,49374,56065,448,47326,57601,436,45801,59393,433,45544,60417,425,44521,1,233,175,1,234,139,2,227,91,26,172,35
250,60,352,41700,57857,440,50148,57857,442,44771,58369,431,51172,57857,467,55778,1,215,228,1,203,186,2,135,109,64,43,36
250,4,49891,56835,962,60380,57604,1243,56039,19824,40740,11348,3607,28973,1243,52189,4,222,203,4,232,188,4,233,188,4,235,172
250,105,9388,21746,5164,18702,54378,58373,1337,6618,57605,1305,38625,59141,1414,30693,5,230,103,5,233,103,5,224,16,4,222,72
250,4,53989,56579,962,60381,56836,1243,56296,56580,1227,34526,45425,23076,11348,3604,210,113,203,4,231,188,4,234,188,4,236,172
250,4,53986,56323,962,60124,57092,1243,60136,56580,1227,52191,60420,1212,7401,5490,37,69,84,44,17,14,113,114,188,4,236,172
250,0,19927,55040,160,26584,55040,258,55767,55040,10277,9541,21555,5932,31758,58920,0,218,237,0,214,45,2,222,45,2,228,45
250,4,2794,56069,962,49887,56579,28762,9792,21714,4140,43278,56176,58372,1243,60134,4,221,203,4,227,203,4,233,188,4,234,188
250,84,4396,35854,61957,59905,496,61416,59905,495,61420,60417,495,61418,60417,495,233,239,1,234,239,1,233,231,1,232,227,1
250,4,2790,59909,1274,2792,56069,962,53981,56323,1243,56293,58628,28931,9892,21655,44,17,14,83,113,194,3,221,203,4,229,203
250,0,55767,55296,210,58328,55552,557,11735,57346,557,11750,58370,557,11752,59394,29,2,235,200,42,214,38,96,84,44,24,14
250,98,729,51681,59138,713,51689,59394,713,51689,59394,729,55785,59394,744,63710,2,225,7,3,222,221,6,220,138,102,1,39
250,4,64229,56324,978,64222,56068,1243,60135,57092,1243,52188,59908,29139,9992,21731,44,24,14,35,114,188,4,234,188,4,234,188
250,4,2794,57605,962,53980,56323,1259,56287,59396,1259,52188,56836,1227,48361,60164,188,4,234,149,114,109,39,135,84,44,24,14
250,4,2794,56837,978,988,13168,47912,11348,3611,28751,962,56283,57860,1243,60135,4,219,203,4,226,203,4,233,188,4,236,188
250,4,56284,59396,28868,10391,21724,5164,4878,56177,58116,962,52187,59140,1212,48361,4,232,188,4,235,172,4,236,172,4,236,172
250,4,53988,56323,978,64220,56580,1243,60392,56836,1243,28125,64369,51240,11348,3603,188,113,203,4,233,188,4,233,188,4,234,188
250,4,56287,59140,1258,56285,56836,1227,48360,59908,29265,10592,21713,6700,41998,48242,4,234,172,4,235,172,4,236,172,4,237,172
250,4,53988,56579,978,60124,57092,1243,60135,56836,1243,52189,59908,1212,48362,59908,172,4,235,211,114,196,41,128,84,44,24,14
250,92,10777,21706,5164,18702,32861,18189,77,64058,28939,3035,4516,21515,2521,51582,9,203,92,9,212,92,9,215,77,9,211,177
250,0,62678,54784,588,15831,56322,557,23779,22569,33066,11348,3609,10671,557,11749,2,229,45,2,232,45,2,232,45,2,232,45
250,84,6444,31758,3629,58882,541,11757,60930,557,11757,60674,557,11754,59906,447,223,42,1,219,35,1,238,31,1,239,23,1
250,4,53982,56835,962,25819,35440,24106,11348,3609,28847,1243,56293,58628,962,52187,4,228,203,4,234,188,4,235,188,4,234,172
250,84,5164,21518,22103,53784,6184,2235,30488,6869,42920,49434,6776,44498,55058,4750,220,111,18,219,79,18,220,48,18,219,33,18
250,4,53988,57091,962,60123,57348,1243,49895,56579,1227,31711,21361,43563,11348,3603,202,113,188,4,234,188,4,234,188,4,235,172
250,11,56160,47115,2817,2186,32266,2505,27828,54025,24457,11178,21534,4396,55310,23647,9,213,92,9,211,161,8,216,86,10,216,8
250,4,2786,59909,28443,11289,21754,5932,27150,2671,59397,1290,49885,56835,1274,56283,4,230,219,4,231,234,4,221,203,4,226,203
250,4,30423,58881,374,30442,60673,374,30444,60417,374,30442,60161,374,46829,7798,44,191,84,44,23,14,5,119,118,1,234,118
250,4,49892,56579,28659,11389,21684,5676,17934,49776,56323,1258,56287,58884,1258,56289,4,220,203,4,232,188,4,233,188,4,235,188
250,126,11400,21749,5676,17934,44415,57857,438,48097,57601,445,48862,56577,454,51935,1,222,212,1,223,217,1,222,220,1,221,221
250,0,19928,55040,147,30680,55552,105,727,55297,204,15834,55554,557,11745,58114,45,2,232,45,2,232,52,42,19,45,13,84
250,4,53982,56579,978,56283,58884,1259,49890,55811,29002,11590,21629,5932,39182,52081,4,230,203,4,232,188,4,236,188,4,235,172
250,4,2793,56581,978,49885,56067,1243,56292,58372,962,52188,58628,1227,62697,43633,45,31,84,44,25,14,95,114,188,4,233,188
250,4,30424,58881,374,30445,61441,374,30444,60417,30156,11693,21604,6444,6158,30326,1,235,118,1,233,118,1,237,118,1,235,118
250,0,19671,55298,231,64471,54784,604,19671,55554,77,19927,55808,10255,11737,21626,44,21,14,98,40,99,0,214,1,1,215,61
250,69,11759,21568,5420,18702,3654,54530,526,3794,54018,526,3795,53762,510,65234,1,211,254,1,211,254,1,211,246,1,211,242
250,4,53992,56579,962,53981,56579,1243,56293,58628,962,52189,58884,1227,48361,60420,188,4,235,189,114,14,46,31,84,44,21,14
250,0,14297,1062,31023,11348,3604,9862,231,60889,55808,240,58583,55552,152,31448,0,218,183,0,218,213,0,216,61,2,220,61
250,84,5164,59406,346,56082,4594,58076,56081,4547,16090,12288,3581,12109,12288,47,74,81,13,64,181,12,38,235,11,106,250,11
250,4,2794,57093,978,49885,56323,1243,56289,58116,28936,12089,21521,5164,22286,49777,3,222,203,4,228,203,4,234,188,4,232,188
250,4,49888,56835,962,56286,57092,1243,60134,57092,1227,34784,40305,44335,11348,3606,211,113,203,4,232,188,4,235,188,4,234,172
250,80,5498,7379,54037,5061,7380,54805,5233,11476,54037,5420,5079,55572,5108,21211,20,214,244,19,210,173,18,214,99,84,236,47
250,11,56180,33035,2817,55632,37129,2505,19912,54025,24502,12276,21535,5676,1294,19808,9,214,77,9,211,161,8,218,70,10,218,248
250,84,5676,1294,6507,58373,1305,34528,59141,1414,30694,58885,1383,26600,56325,1056,220,72,5,235,56,5,235,41,5,234,41,5
250,4,2786,60165,1290,2793,56837,962,53981,56323,1258,56292,59396,1258,52188,57092,203,4,232,188,4,233,77,114,1,48,251,84
250,73,12361,21653,4396,17678,61514,54017,541,15803,54786,573,15839,54018,573,50039,24,213,19,6,218,3,6,223,228,5,223,3
250,44,526,3811,58882,541,7659,60930,557,7661,60674,557,11754,60418,510,63203,1,222,28,1,236,28,1,236,95,48,154,48
250,107,12485,21563,5676,18958,26476,59653,1383,4328,57348,1352,14561,59909,1336,10731,5,234,25,5,230,10,5,231,10,5,232,250
250,4,49628,51055,48,11348,3606,28684,962,64223,56580,1243,56293,58116,962,52187,4,229,203,4,233,188,4,235,188,4,236,172
250,4,30422,59649,374,30441,61185,374,30447,59905,374,30445,60417,374,30443,60161,118,1,233,106,119,205,48,214,84,44,22,14
250,4,2789,56325,978,64220,56580,28793,12588,21655,6444,51470,56176,58884,1243,56286,4,222,203,4,233,188,4,235,188,4,236,188
250,49,281,6898,60673,290,3823,55810,557,11752,60418,573,37869,57601,396,35047,1,227,134,1,232,140,1,231,94,53,102,49
250,4,60124,58116,1243,60133,56580,28994,12688,21674,5420,38158,52081,57348,1227,48363,4,232,188,4,237,172,4,235,172,4,235,172
250,11,56148,39691,2817,59744,34569,2490,14034,59231,25393,11348,3613,24453,2396,23763,9,215,92,9,211,177,8,217,70,10,218,23
250,84,3884,3342,61191,59905,495,61420,60673,495,59372,60161,491,58860,60161,482,235,232,1,222,254,1,216,246,1,226,242,1
250,4,2793,57093,978,49887,56067,1243,56290,58628,1259,52189,57348,1227,48360,59652,188,4,236,149,114,89,50,238,84,44,15,14
250,4,30425,58369,374,30443,60417,374,30443,60161,374,30444,60161,30283,12891,21541,44,15,14,154,118,118,1,237,118,1,233,118
250,4,28137,47727,47666,11348,3605,28605,1274,53978,56579,947,56284,58884,1243,49892,3,220,203,4,226,188,4,232,188,4,234,188
250,50,21734,5420,11278,55100,58881,374,27614,58113,376,36322,57601,462,51172,57601,180,1,227,178,1,226,192,1,227,207,1,224
250,78,6090,46186,26392,6386,10457,54552,6121,39894,55319,5997,23512,52757,5420,50642,19,210,253,20,214,113,20,210,91,82,9,51
250,11,36238,18187,2755,55655,53769,2443,23723,54793,2381,23766,51977,2225,14044,57098,233,9,223,34,97,20,51,78,84,44,21,14
250,4,2791,60165,1290,2792,56069,978,478,8048,38707,11348,3605,28749,1274,56286,4,229,234,4,224,219,4,218,203,4,231,203
250,4,53989,56323,962,64221,56580,1243,53734,33648,32051,11348,3602,28961,1243,56287,4,221,203,4,232,203,4,234,188,4,233,188
250,51,21594,4652,270,11660,58882,557,11750,56834,557,14296,54017,311,14273,53761,41,1,193,34,1,193,29,2,217,14,2,227
250,4,2786,60421,28447,13485,21696,6956,28430,2671,60165,1274,53984,57091,962,60380,4,226,219,4,232,194,3,221,203,4,223,203
250,52,21534,4908,37902,53582,27158,47,2174,27160,6386,38358,53784,6137,48087,55319,124,23,215,91,21,210,44,21,211,197,19,211
250,4,2791,56837,28615,13585,21646,4908,5646,53872,56323,978,56285,57604,1243,49891,3,222,203,4,230,188,4,232,188,4,235,188
250,84,4652,46862,31518,57344,130,32477,55040,697,47583,56834,510,65244,56321,77,212,92,0,211,139,2,218,154,2,216,77,0
250,4,64232,55812,978,64220,56324,28784,13686,21558,4652,48910,56176,58628,1258,49890,3,219,203,4,233,203,4,234,188,4,235,188
250,30,13728,21614,5932,17934,31263,55552,697,39644,55810,526,65244,55553,62,21716,0,211,139,2,217,122,0,216,122,0,217,123
250,84,5932,26126,11562,59138,557,11753,58882,541,65255,58113,510,65249,59393,510,232,14,2,228,14,2,227,29,2,233,29,2
250,4,64231,56068,978,64220,56324,1243,56295,57604,28959,13786,21720,5932,28174,49777,3,219,203,4,232,188,4,235,188,4,234,188
250,53,21709,4652,18446,65297,57857,511,3806,57090,526,3803,56066,542,11996,55554,47,0,212,77,0,212,30,2,224,30,2,227
250,61,456,48355,58369,431,48866,58113,454,53987,57857,480,59350,43777,729,23752,2,211,206,1,200,206,1,215,94,65,28,54
250,4,53989,56323,978,60126,56580,1243,56295,57092,1243,52188,59908,1212,48364,59652,102,114,163,54,173,84,44,25,14,178,114,188
250,54,21724,4908,50190,18016,54794,2583,51680,57609,2443,15841,57865,2318,53475,58376,192,8,220,217,2,231,201,2,230,201,2,234
250,4,14209,21568,6700,18702,61445,60673,495,61418,59905,495,61419,59649,495,61416,1,236,231,1,232,227,1,235,225,1,236,224
250,4,53990,56067,962,49886,56067,1243,54502,52592,38455,11348,3610,28960,1243,49889,3,221,203,4,231,188,4,233,188,4,236,188
250,55,21723,4652,25870,27683,56834,620,27868,55810,620,23772,56066,620,23768,55298,244,0,215,76,2,217,15,1,216,8,1,216
250,4,2793,59397,1290,53989,56579,962,64221,56836,1243,56297,57860,962,27099,12657,56,208,84,44,18,14,184,113,203,4,234,188
250,11,52304,39691,2848,50000,26378,2490,27858,53769,24413,14473,21541,6700,43278,23647,9,215,77,9,211,161,8,211,177,8,215,23
250,84,6700,28174,48242,60164,1196,44265,60420,1196,44269,60676,1227,30429,55809,374,232,118,1,236,118,1,238,118,1,238,118,1
250,88,6776,40340,56338,4734,24539,56082,4687,8413,55826,4625,62171,55825,4578,54235,17,219,195,17,132,253,13,74,106,92,234,56
250,11,56141,37131,2817,50020,25610,2521,27825,53769,2396,19670,54537,24609,14573,21569,44,21,14,113,96,161,8,213,177,8,215,39
250,4,53985,56835,978,60126,57604,1243,60135,56580,1243,48353,59652,1212,48361,59652,172,4,235,236,114,250,56,164,84,44,21,14
250,125,14594,21700,5420,20750,43390,57601,429,45025,58113,432,47076,57345,443,48611,1,226,197,1,223,201,1,223,203,1,222,204
250,92,14671,21655,4908,18702,20829,17165,107,2627,31244,3035,407,24587,2537,47712,9,193,92,9,211,77,9,215,92,9,213,177
250,4,2788,60165,1274,64234,57348,28608,14684,21611,4908,3854,53872,56579,978,56285,4,227,219,4,228,194,3,221,203,4,229,188
250,4,2793,56581,978,2781,56325,28749,14784,21734,5676,40974,56176,58372,1259,49893,3,221,203,4,230,203,4,235,188,4,235,188
250,30,14826,21687,5932,18702,31263,56576,698,43744,56322,510,65242,56321,77,19923,0,211,139,2,218,139,2,216,107,0,216,139
250,57,21537,5932,34574,35637,59393,573,38111,57089,396,37094,55041,495,61397,54529,239,1,214,231,1,216,227,1,217,225,1,218
250,60,370,45540,57857,447,49124,58113,440,46309,58369,449,53476,57601,471,56284,1,212,254,1,116,108,2,180,163,64,2,58
250,11,52353,33035,2833,55645,37897,24313,14971,21640,4652,19470,47711,49417,2396,23765,9,215,92,9,212,161,8,217,86,10,217,8
250,139,557,11748,57346,557,11736,54018,557,14257,53761,304,13266,46081,541,3795,2,223,14,2,232,254,1,231,195,2,158,58
250,110,1290,2791,60165,1290,53991,56323,978,64221,56324,1243,56295,58372,962,52187,4,231,203,4,235,188,4,234,120,114,237,58
250,58,21632,4908,26126,28805,49409,360,22226,33793,358,11671,46082,588,15835,57346,61,2,229,76,2,227,139,2,231,108,2,234
250,4,49893,56067,962,64221,56068,1243,60391,56836,1243,52189,60164,1212,48363,60164,172,4,234,172,4,235,23,115,81,59,175,84
250,40,15233,21637,5932,17934,15657,57090,557,11748,58882,557,11749,58882,557,7912,2,233,14,2,232,254,1,229,254,1,231,254
250,4,2788,59909,1290,64234,58884,962,60639,45935,54843,11348,3607,28731,962,60380,4,221,219,4,231,235,4,220,203,4,221,203
250,59,21600,5676,53006,65095,54017,510,65235,54273,510,65235,54017,510,63188,54273,242,1,215,45,2,206,14,2,190,61,2,220
250,4,53985,56835,978,60124,57348,28825,15383,21561,5676,59406,56176,59652,962,56284,4,223,203,4,233,188,4,233,172,4,234,172
250,49,277,6384,60929,289,7652,57602,557,11753,60930,557,34279,58881,389,34277,1,226,133,1,232,147,1,232,95,53,81,60
250,4,49886,57091,978,56285,58372,1243,56294,56836,29012,15484,21626,5676,42766,52081,4,226,203,4,232,188,4,235,188,4,234,172
250,61,451,47842,58113,430,47078,57601,459,54758,57345,482,59607,44545,698,27825,2,197,223,1,210,214,1,214,105,65,190,60
250,60,21733,5932,46350,58890,59649,482,59625,59649,491,60907,59649,494,61159,59393,230,1,231,226,1,232,232,1,232,235,1,230
250,4,37604,42607,6205,11348,3607,28641,962,49884,56323,1259,56286,58884,1259,52189,4,225,203,4,235,188,4,235,188,4,235,172
250,84,4908,27406,60680,60161,494,59113,60161,482,59619,56065,510,63195,58625,498,232,240,1,236,239,1,234,239,1,235,239,1
250,0,48856,55296,258,16088,55296,69,727,55297,258,2264,55297,573,11741,57602,94,41,216,61,64,84,44,19,14,173,41,45
250,61,21669,4908,10254,16474,56082,4656,4571,56338,4609,58076,55825,4547,54236,24593,47,0,61,222,13,61,32,0,54,50,13,67
250,11,52314,41227,2848,42100,28938,2505,23763,53769,2396,23766,54281,2209,22228,55050,23,10,224,217,9,226,95,97,0,62,34,84
250,4,53987,57347,978,14300,2672,6462,11348,3603,28806,1258,56285,59396,1243,52192,4,220,203,4,233,188,4,234,188,4,235,172
250,41,15932,21517,5932,18702,11562,59394,557,3817,59906,541,3814,58626,510,65253,1,230,254,1,230,14,2,227,45,2,228,14
250,27,16022,21521,6188,18702,41756,56832,150,38873,56320,151,37093,59904,140,35564,0,231,130,0,226,126,0,225,131,0,218,119
250,109,16080,21511,6188,17934,10606,59909,1305,6633,58373,1290,2796,59653,1290,53981,3,221,194,3,219,219,4,229,219,4,231,194
250,0,62682,55808,257,62680,55040,160,48344,551,35391,11348,3602,10244,118,44761,0,215,2,1,218,61,2,218,45,2,225,45
250,4,2793,56581,978,64223,56324,1243,56294,58372,962,52187,59652,1227,48362,59908,88,114,55,63,171,84,44,18,14,164,114,188
250,18,16315,21745,6188,18702,11539,54274,107,7638,55042,541,11747,57602,557,16094,0,221,61,2,218,61,2,223,61,2,222,76
250,11,56125,39691,2864,50020,23050,2490,27858,51977,2412,19926,54281,2225,45522,54792,39,10,225,243,96,243,63,34,84,44,24,14
250,4,49889,56323,28667,16381,21667,6188,18958,53872,56323,1258,56288,59140,1258,52191,4,225,203,4,234,188,4,235,188,4,234,172
250,4,53985,56579,962,60125,58116,28821,16482,21596,5164,57358,56176,59396,1243,52189,4,221,203,4,233,188,4,234,188,4,235,172
250,49,278,6638,61185,289,11746,57858,557,11753,60418,541,37861,58881,396,33252,1,230,123,1,232,128,1,231,102,53,156,64
250,11,56154,40459,2817,38237,47454,7232,11348,3605,24292,2537,51575,47113,2396,23763,9,215,92,9,211,161,8,215,86,10,214,8
250,4,2786,59909,1290,64234,57860,978,53981,56067,1258,56286,59652,1258,23520,50801,64,106,84,44,21,14,171,113,219,4,220,203
250,4,2794,56837,962,53981,56323,1227,56291,58628,1259,52189,57092,1227,56042,10865,65,225,84,44,23,14,74,114,188,4,234,188
250,0,19929,55296,92,43223,55296,10212,16730,21558,5164,12046,52776,55552,271,19672,2,214,45,2,221,45,2,230,45,2,229,45
250,4,53983,56323,962,56284,57348,1243,49892,56067,1227,52200,59396,1212,48362,60164,149,114,143,65,99,84,44,20,14,228,114,172
250,0,52442,55552,155,728,55297,244,64474,55808,231,32732,48680,46145,11348,3605,206,40,76,2,215,61,2,222,45,2,229,45
250,4,56284,58884,1258,56289,55812,1227,52198,59908,1212,44265,60420,1196,44266,60420,77,115,243,65,186,84,44,21,14,156,115,172
250,4,53991,56323,978,9181,21872,37698,11348,3610,28790,1274,56284,59396,1243,49892,3,219,203,4,229,188,4,232,188,4,233,188
250,4,53989,56323,962,64220,56836,1243,53480,47472,50242,11348,3598,28956,1258,56289,4,219,203,4,232,188,4,234,188,4,235,188
250,79,17157,21586,5676,17934,55888,55063,6028,24025,54807,5451,11474,50453,5077,64936,20,211,97,20,187,44,21,215,51,20,210,19
250,11,52324,36363,2864,50026,30474,2474,23749,53769,24440,17268,21711,5420,50958,23647,9,213,92,9,212,177,8,213,192,8,213,23
250,4,64230,56324,1274,64220,56324,1243,60134,56324,1243,52191,59652,1212,1515,33138,67,110,84,44,21,14,113,114,188,4,237,188
250,0,52443,55552,224,59610,55808,218,58329,55296,238,7641,45352,20035,11348,3602,108,40,242,0,217,245,0,216,61,2,221,45
250,4,2529,59909,28442,17379,21731,4652,26126,2415,59653,1274,49891,56835,978,60125,4,223,219,4,232,194,3,220,203,4,227,203
250,3,17403,21650,7468,18702,62980,59393,510,63210,59649,498,61674,60417,495,61418,1,233,239,1,234,239,1,234,239,1,234,239
250,11,57690,40797,43588,11348,3605,24112,3035,20385,25611,2755,55700,53769,2443,23758,9,214,92,9,211,177,8,210,177,8,216,39
250,4,53987,56323,962,60126,56836,28796,17580,21701,5420,53006,56176,59652,1243,49891,3,219,203,4,232,188,4,234,188,4,235,188
250,4,2788,59653,1274,64234,57604,978,53981,56579,1258,56287,59652,1243,11486,4209,69,114,84,44,20,14,120,113,219,4,221,203
250,4,2786,59909,1290,64234,58116,978,53983,56067,1243,56287,59140,1258,52187,57860,203,4,235,227,113,116,69,199,84,44,19,14
250,80,17857,21653,6444,18958,11345,54293,5077,3541,54549,5233,11461,49429,5404,9175,20,214,244,19,218,66,20,215,229,19,210,173
250,11,56186,26379,2833,59744,32265,2490,23745,54537,2396,58069,52319,46661,11348,3609,49,96,92,9,211,161,8,219,70,10,220,8
250,4,2794,56837,1274,53980,56067,1243,56292,57604,1243,52187,59908,1227,48362,59652,188,4,233,185,114,217,69,132,84,44,25,14
250,4,41444,14959,1094,11348,3609,28656,962,49884,56323,1274,56285,59140,1258,56290,4,220,203,4,232,188,4,233,188,4,234,172
250,44,18031,21515,5932,18702,3629,58626,542,7916,61186,557,11757,61186,557,11754,2,235,14,2,228,254,1,220,29,1,235,22
250,48,272,4078,60929,271,5871,60929,281,8686,60161,307,11740,58882,557,11757,2,237,148,1,226,140,1,231,145,52,117,70
250,4,2792,57093,978,53979,56323,1258,56289,58884,28900,18179,21741,5420,14094,60017,4,222,203,4,224,203,4,234,188,4,233,188
250,68,18248,21725,6444,18958,11589,54018,541,11735,55298,541,3797,53762,526,3795,2,210,14,2,210,14,2,211,254,1,211,254
250,4,49884,57091,1274,56285,58372,1258,49890,56579,1227,42471,26481,6983,11348,3609,241,113,203,4,234,188,4,234,188,4,234,172
250,4,2793,56581,978,64219,56324,1243,56291,57604,1243,52189,59396,1227,48363,59908,88,114,204,71,88,84,44,19,14,167,114,188
250,11,60218,37131,2895,50004,27914,2521,35794,53769,2381,23767,54793,2240,28626,9056,72,191,84,44,26,14,164,96,177,8,216,39
250,4,53989,56323,978,60126,56580,1243,56298,57348,1227,52190,59652,1212,48361,60164,188,4,234,172,4,235,63,115,48,72,15,84
250,22,18514,21621,6444,18702,19479,55298,448,47323,58113,444,46823,59649,435,43752,1,230,173,1,238,175,1,235,176,1,235,139
250,4,49893,56323,962,18397,37488,53320,11348,3609,28822,1274,56283,59140,1243,60130,4,220,203,4,230,188,4,236,188,4,236,172
250,11,56135,38667,24101,18665,21684,5676,30734,12382,27147,2724,43646,53769,2396,23762,9,216,77,9,212,161,8,213,177,8,214,23
250,4,2793,57349,962,49886,55811,1243,56294,58884,28911,18678,21736,5676,16142,49777,3,221,203,4,227,203,4,234,188,4,235,188
250,68,557,11707,54786,557,11736,55042,541,3795,54018,526,3796,54018,510,65234,1,211,246,1,211,254,1,211,103,72,61,73
250,0,59355,55552,238,55001,55552,209,51418,55296,146,727,55553,10291,18926,21696,44,20,14,130,40,245,0,218,61,2,216,61
250,99,18968,21721,5164,18702,51556,59394,713,55787,59138,729,63719,56834,760,6115,3,221,221,6,223,206,6,226,175,6,224,143
250,4,49893,56579,978,60380,57092,1243,56297,56836,1227,48349,59396,1212,48361,60164,188,4,234,172,4,237,30,115,35,74,235,84
250,11,56125,43019,2833,45930,34570,2505,23755,53769,2396,19928,54537,2209,45523,54280,23,10,223,225,96,122,74,243,84,44,21,14
250,4,2785,59397,1290,2791,57605,978,65244,34159,12362,11348,3605,28753,1274,60124,4,223,219,4,232,234,4,223,219,4,221,203
250,137,19095,21525,5676,18958,23690,54018,588,15834,57602,573,15844,58114,557,11750,2,228,45,2,222,45,2,213,42,1,210,42
250,41,557,11751,58882,557,3817,60162,526,3816,59138,510,65251,58625,510,65255,1,228,14,2,231,14,2,230,76,45,185,74
250,63,19143,21699,5676,18702,5952,49411,619,52947,50433,462,52951,54529,470,55992,1,96,45,2,215,61,2,213,61,2,213,61
250,4,53984,56835,962,60382,57604,28818,19177,21586,5676,57614,56176,59908,1259,52191,4,223,203,4,233,188,4,236,188,4,236,172
250,4,2787,59397,1274,2794,57605,978,49883,56323,1258,56289,58372,962,52189,58628,203,4,234,18,114,178,75,254,84,44,17,14
250,4,2791,57605,978,53982,56579,1258,56290,58884,962,52188,58372,1227,48360,59908,188,4,235,174,114,22,76,17,84,44,18,14
250,11,44170,29707,2755,59479,37129,2458,23762,54281,2396,23766,54025,2225,34011,28000,76,129,84,44,24,14,189,96,70,10,223,8
250,4,26602,30831,35148,11348,3608,28598,1289,53981,56579,978,56283,58628,1243,46052,3,220,203,4,230,203,4,232,188,4,235,188
250,4,2534,56325,962,64220,56431,10828,11348,3605,28745,962,56283,59652,1243,49892,3,219,203,4,227,188,4,232,188,4,232,188
250,84,6188,31758,12382,22283,2786,55645,53769,2443,23762,55049,2380,45525,53768,2209,220,54,10,224,232,9,224,154,9,225,92,9
250,4,53991,56579,962,53982,56067,1243,48870,16496,24909,11348,3608,28945,1243,49893,3,219,203,4,232,203,4,232,188,4,236,188
250,4,2787,59909,1290,64235,58884,962,53979,56323,1274,56284,58628,1259,52189,56580,135,113,165,77,207,84,44,23,14,211,113,203
250,84,6188,9742,56130,34561,510,11665,55042,698,55764,54786,573,11734,56578,557,220,61,2,206,45,2,148,30,2,203,45,2
250,4,2791,56325,978,64222,56580,1243,60391,57092,1227,52188,59396,1212,5353,2418,78,153,84,44,24,14,110,114,188,4,235,188
250,84,20056,21515,4140,15118,39253,45340,7243,65208,52763,7150,3466,56085,5342,26332,24,145,86,24,210,40,24,180,229,26,77,182
250,11,56135,39691,2817,57962,24586,2505,27859,54025,2396,19927,54281,24593,20064,21625,44,16,14,96,96,177,8,211,177,8,213,23
250,4,2789,59653,28438,20075,21599,4140,25870,2671,59909,1274,53988,56067,962,60125,4,222,219,4,232,234,4,222,203,4,221,203
250,84,5932,32526,7984,60673,279,5104,60929,273,5872,60929,281,6894,61441,290,230,45,2,225,45,2,235,45,2,235,45,2
250,51,20133,21659,5932,16910,34100,58625,389,32229,58369,385,35560,59905,573,37854,1,222,140,1,230,143,1,219,223,1,211,231
250,11,60279,37131,2786,63559,30473,2537,23726,54537,2396,19925,54281,2209,22234,56074,200,96,196,78,127,84,44,23,14,23,97,248
250,4,64233,57092,28576,20175,21633,5932,61454,49775,56835,947,56283,58372,1243,60135,4,221,203,4,224,203,4,234,188,4,235,188
250,4,2796,56325,978,53981,56323,28798,20275,21610,6956,52494,56176,58372,1243,49893,3,220,203,4,228,203,4,233,188,4,236,188
250,4,2793,56581,962,49885,56323,1243,56295,58628,28931,20376,21574,4140,21006,49777,3,220,203,4,231,203,4,232,188,4,233,188
250,120,402,35752,56577,392,34531,58625,389,36067,58625,399,35556,58113,398,37090,1,227,145,1,226,146,1,229,97,124,159,79
250,0,62684,55808,251,59354,55552,237,8666,50983,1615,11348,3608,10097,227,58841,0,216,230,0,216,237,0,219,242,0,217,61
250,84,6188,15886,62025,53761,496,61395,54017,495,3797,41218,541,15826,55810,573,216,61,2,212,218,23,177,211,24,214,19,6
250,50,20531,21649,5932,18702,11571,59138,557,11755,59906,403,36068,59393,392,34529,1,232,133,1,231,147,1,218,76,2,219,133
250,4,53986,56579,962,60122,56580,1243,60134,56068,1243,52192,59140,1212,48361,60676,135,114,96,80,199,84,44,23,14,214,114,188
250,4,2790,56069,978,53984,56067,1243,50409,35696,37969,11348,3605,28947,1243,49890,3,218,203,4,233,188,4,236,188,4,234,188
250,23,20911,21656,6188,18702,45336,59649,433,45544,59905,433,43499,60417,421,44011,1,234,154,2,222,170,2,232,185,2,216,223
250,11,52350,28939,2770,46692,57950,12881,11348,3608,24326,2505,43678,52745,2396,23766,9,213,92,9,211,177,8,221,54,10,222,248
250,109,1336,10729,60165,1305,64231,58628,1290,64237,59908,1274,53982,56835,978,56284,4,225,234,4,226,194,3,219,100,113,239,81
250,4,2794,56837,978,53981,56323,1243,60134,57860,962,52189,59140,1212,65002,21361,82,233,84,44,20,14,117,114,188,4,236,172
250,0,62680,55552,257,62682,55296,230,19672,55042,62,17880,55296,10247,21123,21651,44,18,14,87,40,156,0,217,200,0,215,61
250,4,53991,56579,978,60125,56836,1243,56295,57092,962,52186,59396,1212,48362,60164,188,4,236,196,114,183,82,71,84,44,18,14
250,4,43746,6511,43091,11348,3604,28669,978,49886,56579,1258,56288,59140,1258,56285,4,222,203,4,234,188,4,234,188,4,236,172
250,4,49888,56579,978,19420,32112,13395,11348,3610,28823,1243,56289,59140,1258,52187,4,225,203,4,232,188,4,234,188,4,234,172
250,11,52304,27147,24173,21461,21673,5164,47374,57950,24586,2505,43662,47113,2396,23764,9,214,92,9,212,161,8,221,54,10,220,248
250,4,64235,56836,978,53982,56579,1243,60130,58116,28925,21474,21753,5164,19726,49777,3,221,203,4,231,203,4,235,188,4,235,188
250,83,21509,5420,13070,61446,59649,495,61418,60161,495,59369,60161,491,60905,60161,238,1,233,230,1,232,226,1,236,232,1,234
250,4,56287,59908,1258,56287,56068,1227,48359,60164,1212,33772,43634,45908,11348,3604,210,114,188,4,237,172,4,234,172,4,235,172
250,84,21564,5420,38158,27477,40476,7166,61105,49435,5389,61149,56340,5358,22226,53784,40,24,210,86,24,84,245,26,174,167,26,184
250,88,21756,21674,5420,18702,40281,56082,4734,28637,56082,4687,12508,56082,4641,474,18,219,226,17,218,211,17,220,195,17,210,92
250,4,53990,56067,978,64221,56580,1243,56295,58372,962,52188,59140,1212,48363,60164,188,4,236,172,4,235,1,115,15,85,87,84
250,74,573,15835,55810,573,51923,33815,6355,5077,56582,1523,62430,57605,1539,13027,6,210,122,0,71,178,22,148,100,78,89,85
250,4,53987,56323,28660,21872,21621,6700,18190,53872,56579,1258,56286,59908,1243,52191,4,221,203,4,233,188,4,234,188,4,235,172
250,4,53985,56067,962,60124,57604,28863,21973,21660,4396,3598,56177,58884,962,52187,4,227,203,4,233,188,4,233,188,4,235,172
250,138,573,15841,58626,573,11746,58114,557,11748,56578,573,10964,52737,298,10955,1,193,42,1,174,45,2,206,191,1,234,85
250,85,21619,4908,16654,49176,59137,440,46315,60417,434,45545,59905,425,44523,60161,139,2,222,154,2,236,185,2,215,14,2,222
250,0,65242,56320,256,47324,1062,25686,11348,3603,9992,77,34264,55296,258,59352,0,218,217,0,218,217,0,220,169,0,216,45
250,90,22057,21598,4908,17934,62043,56337,4578,54235,55825,47,3120,16398,47,28739,13,64,62,0,74,126,0,48,250,11,161,204
250,4,64234,57348,1274,64218,56324,1258,56289,57860,1258,15068,14705,15190,11348,3603,137,113,203,4,229,203,4,233,188,4,235,188
250,61,451,45796,58113,433,49124,58369,454,53986,56577,472,56276,38657,635,11730,2,161,206,1,211,206,1,216,96,65,123,86
250,69,22242,21719,5420,18702,7494,54274,541,3794,53762,526,65235,53761,510,65234,1,212,254,1,210,254,1,212,254,1,211,246
250,86,21606,5420,48398,32871,58118,1648,20964,58118,1601,8932,58118,1555,996,58118,243,5,227,212,5,229,212,5,222,25,5,218
250,110,22271,21735,5420,18702,2671,59909,1290,53988,56579,978,64221,56068,1243,56299,4,226,219,4,218,203,4,231,188,4,235,188
250,84,5164,35342,3658,47874,573,15830,56322,557,15827,30466,6339,5076,56070,1555,223,228,5,224,243,5,226,19,6,215,177,0
250,11,56141,31243,2864,53844,27146,2490,35768,48649,2396,19927,54537,2381,41413,56328,145,96,89,87,95,84,44,20,14,207,96,54
250,4,64236,58116,28579,22371,21668,5164,62222,53871,56067,962,60125,56580,1243,56297,4,224,219,4,220,203,4,232,188,4,234,188
250,11,60244,41995,2848,50000,37130,2505,31672,50441,2396,23766,54025,2225,45522,55816,39,10,223,217,9,225,59,97,189,87,255,84
250,4,49895,56579,978,9182,51312,9559,11348,3609,28790,1274,56284,59396,1258,56287,4,220,203,4,233,188,4,234,188,4,233,188
250,87,21638,6444,20750,11562,59138,557,3817,58882,526,3816,57858,510,65250,58625,254,1,231,254,1,229,14,2,228,14,2,230
250,4,53988,56067,1258,60123,57604,1243,61669,11376,23640,11348,3609,28992,962,52189,4,230,203,4,234,188,4,235,188,4,235,172
250,31,682,65241,56321,510,19927,54016,84,31701,55554,77,27607,55552,635,31708,2,221,123,2,220,108,2,221,80,35,89,88
250,0,62167,23590,48216,11348,3606,10050,244,48857,55040,133,28889,55552,178,11737,2,215,61,2,222,45,2,226,45,2,228,45
250,87,6199,58769,29722,6838,34987,43802,4781,36567,56338,4719,24539,55826,4672,4572,18,218,2,18,220,242,17,219,70,91,129,88
250,94,22659,21719,5676,19726,43615,38665,2381,23767,54793,2381,45524,56072,2615,59871,9,224,170,9,224,108,9,225,46,9,225,255
250,4,53992,56067,962,64219,56068,1243,56297,57860,962,52186,59652,29081,22672,21696,44,22,14,229,113,188,4,233,188,4,234,172
250,4,53991,56067,978,64222,56324,1243,56296,58116,962,52188,59396,1212,48362,59908,124,114,245,88,139,84,44,18,14,203,114,188
250,88,21593,4652,10510,34682,57601,397,35299,57857,398,37345,57601,402,37858,58113,154,1,226,151,1,226,156,1,228,159,1,225
250,11,56141,32267,2833,50026,27914,2505,19915,53769,2396,19926,54281,2209,16340,19552,89,17,84,44,22,14,171,96,177,8,216,23
250,4,18156,22127,8025,11348,3606,28562,1274,49891,56323,962,60124,57092,1243,60138,4,225,219,4,220,203,4,233,188,4,232,188
250,55,22931,21637,4908,18702,59192,55041,483,57818,56321,480,57311,56833,479,57312,1,225,223,1,226,223,1,226,214,1,230,218
250,137,22989,21564,6188,17934,14986,53761,588,19672,57346,573,15844,58114,557,11748,2,226,45,2,221,45,2,211,45,2,203,55
250,89,21673,6188,40206,24636,58113,352,41700,58113,433,49126,59137,440,46307,58113,186,1,226,204,1,228,213,1,227,226,1,214
250,4,64234,57092,962,49885,56323,1243,39649,8048,56410,11348,3608,28905,1259,49893,3,219,203,4,229,203,4,234,188,4,235,188
250,0,27608,55040,162,52185,55808,223,59355,55040,573,11742,57602,557,11747,59650,45,2,231,62,42,81,90,244,84,44,21,14
250,4,64234,56580,962,64222,56324,1243,56291,58628,962,21723,33649,49242,11348,3605,167,113,203,4,230,188,4,234,188,4,235,188
250,84,5676,15886,57146,57601,479,57312,58369,479,55011,58881,466,53478,59137,441,224,96,1,228,107,1,224,162,1,226,177,1
250,11,48247,27915,2801,55658,51977,2427,21668,55903,3674,11348,3606,24487,2381,23764,9,215,92,9,211,177,8,220,70,10,222,248
250,4,2794,56581,962,46045,56579,1243,56293,59140,962,52190,58372,1227,62438,59505,90,76,84,44,22,14,59,114,188,4,232,188
250,90,21581,5420,18958,11660,58114,557,11739,54786,298,12498,46081,294,15537,45313,29,2,211,14,2,219,14,2,230,254,1,233
250,4,55012,18798,3675,11348,3605,28457,1290,64234,60164,1290,49885,56835,962,60379,4,228,219,4,232,235,4,221,203,4,225,203
250,62,23435,21536,5420,17678,51007,57857,467,57818,53761,729,27783,54018,510,59038,1,212,211,1,214,208,1,206,223,1,122,45
250,4,37351,44655,62811,11348,3605,28637,978,53979,57091,1274,56285,59396,1243,60388,4,220,203,4,232,188,4,233,188,4,234,188
250,91,21561,5420,2062,55887,29719,6402,58270,55320,6184,51928,55319,6028,24023,54295,60,21,212,198,19,197,28,21,190,238,20,212
250,4,64234,58628,962,53979,56579,28760,23570,21720,5420,42766,60272,56580,1243,60391,4,220,203,4,226,188,4,232,188,4,233,188
250,4,2793,57093,978,49884,55811,1243,56289,58884,28929,23670,21524,5164,20494,49777,3,220,203,4,226,203,4,234,188,4,234,188
250,84,5676,27150,47952,55063,5997,23512,53781,5420,50644,54035,5404,25044,53780,5435,212,44,21,214,35,20,217,244,19,218,82,20
250,4,2793,56325,978,49886,56579,1243,56290,59396,1258,52188,57348,29056,23771,21531,44,22,14,207,113,203,4,234,188,4,234,188
250,92,21700,5676,42510,3601,57602,526,3805,56578,541,12253,55040,62,21715,54016,29,2,223,29,2,225,45,2,220,77,0,220
250,4,49893,56067,962,53982,56067,1243,56296,59140,1243,52188,59140,1227,48363,60420,120,114,63,93,5,84,44,22,14,196,114,188
250,11,52291,44555,2848,50010,26378,2521,27828,54025,2396,19927,54281,2225,23507,38496,93,10,84,44,20,14,164,96,177,8,217,39
250,4,23530,41327,56925,11348,3604,28590,1274,53989,56323,962,60382,56580,1243,56297,4,225,203,4,220,203,4,232,188,4,235,188
250,122,392,34530,57857,404,38111,58113,404,38114,57601,411,40931,57601,417,41699,1,228,162,1,224,162,1,227,98,126,171,93
250,59,475,56805,58625,375,27618,58113,376,45537,58113,440,48354,58113,438,46053,1,228,193,1,230,208,1,228,98,63,227,93
250,93,21677,5676,16910,51553,57865,2443,19937,57609,2334,57570,58120,2241,55775,58626,201,2,233,201,2,234,201,2,233,201,2,233
250,4,53990,56579,28663,24069,21606,5676,17934,49776,56323,1274,56286,59396,1259,56286,4,218,203,4,233,188,4,234,188,4,234,188
250,4,2785,59909,1290,64237,58884,978,53980,56067,1274,41695,26992,17246,11348,3601,241,112,219,4,231,194,3,219,203,4,224,203
250,4,2793,57349,962,64222,56324,1258,56289,59140,1243,8157,52849,38494,11348,3608,110,113,203,4,223,203,4,233,188,4,233,188
250,131,24283,21636,4908,18958,3716,54018,352,27585,49409,357,25294,40449,364,29131,1,158,123,1,122,61,2,211,92,2,220,61
250,94,21721,4908,53518,27427,57090,619,27613,55810,604,23771,55298,604,19671,55554,107,2,218,92,2,215,92,2,216,92,2,216
250,61,447,47333,58369,436,49638,58369,464,55267,56833,483,59860,32257,635,3784,2,168,192,1,210,192,1,216,98,65,16,95
250,4,2789,59909,1290,64235,57092,962,49888,56835,1243,56289,59396,1258,56285,56580,203,4,232,202,113,50,95,45,84,44,19,14
250,91,4547,3285,12302,62,44851,14861,77,27463,13056,3051,60247,33803,2957,50016,10,126,201,9,210,123,9,180,95,95,137,95
250,4,2792,56069,962,49888,56067,1243,56292,58884,1243,52189,57860,1227,48360,59908,102,114,150,95,64,84,44,23,14,182,114,188
250,4,2794,56069,978,49884,56067,1243,56294,58116,962,52188,59140,1212,48361,59908,188,4,234,172,4,237,16,115,251,95,31,84
250,0,23768,55552,258,19927,55040,258,728,55297,258,32473,10792,1632,11348,3603,213,40,61,2,218,45,2,223,45,2,228,45
250,4,2794,56581,28629,24668,21556,4908,9486,53872,56323,962,56283,58116,1243,56288,4,219,203,4,233,203,4,234,188,4,235,188
250,115,1196,56291,55044,374,30440,59905,374,30444,61441,374,30445,60673,374,30443,1,235,118,1,235,118,1,233,98,119,97,96
250,4,2791,59909,1274,53991,56323,962,64221,56068,28807,24769,21744,5420,53774,56176,4,231,234,4,227,194,3,218,203,4,231,188
250,84,6188,11278,31523,56066,620,27870,57090,620,31706,56066,604,23770,55298,620,215,2,1,214,108,2,216,76,2,215,76,2
250,4,56284,59140,1243,60392,56324,1243,48350,59396,29147,24969,21515,6188,25358,48242,4,234,188,4,236,172,4,236,172,4,235,172
250,4,2794,56837,962,49886,56323,1243,56292,59140,962,52187,58116,1227,48362,59396,188,4,236,192,114,237,97,31,84,44,18,14
250,4,2534,60165,1289,35049,20335,50530,11348,3609,28631,1289,53981,56835,1274,56284,4,225,219,4,225,219,4,219,203,4,232,188
250,4,53987,56835,962,17116,45936,42338,11348,3605,28817,1258,56288,59140,1258,52188,4,223,203,4,233,188,4,234,188,4,236,172
250,4,53982,56579,962,60125,58372,1243,65255,6256,7011,11348,3605,29001,1258,52190,4,225,203,4,233,188,4,233,188,4,235,172
250,84,5932,51982,844,57350,1508,62687,57861,1555,27612,22272,5841,8036,29719,6106,119,40,24,93,227,24,215,180,24,211,233,23
250,94,25455,21696,5932,19726,35679,54025,2396,27862,55049,2381,41426,56584,2630,63711,9,225,170,9,225,108,9,225,46,9,225,239
250,4,2791,56325,962,53982,56067,1243,56295,58628,962,52189,59140,29096,25468,21578,44,23,14,247,113,188,4,232,188,4,233,188
250,4,64234,57348,962,53981,56323,1243,56291,58372,1243,52187,58628,1227,48362,59908,188,4,234,172,4,236,250,114,69,100,220,84
250,0,52442,55296,258,62681,55296,210,57049,55296,149,728,55297,244,39897,29736,100,77,84,44,17,14,234,40,61,2,216,45
250,4,53730,42607,38756,11348,3601,28705,978,53981,56579,1258,56289,58884,1258,52187,4,229,188,4,234,188,4,234,188,4,234,172
250,4,56283,58884,1243,14050,28529,45669,11348,3602,29065,962,52187,58884,1212,48362,4,234,188,4,235,172,4,235,172,4,237,172
250,11,56138,30475,2864,45924,25610,2505,6078,50783,19557,11348,3607,24426,2396,23763,9,214,92,9,212,161,8,212,177,8,216,23
250,0,64983,55040,244,64217,55040,253,52184,807,48742,11348,3607,10270,152,4057,1,217,204,0,214,45,2,220,45,2,226,61
250,84,5248,43477,27932,7274,3534,44572,7150,7319,56597,5342,26333,37144,6215,10194,24,190,152,0,80,213,26,190,84,88,37,102
250,4,53987,56579,962,56285,57348,1243,49892,55811,1227,52195,59652,1212,48362,60676,153,114,56,102,52,84,44,23,14,232,114,172
250,4,21483,39279,43878,11348,3601,28575,1290,53984,56323,1274,60124,57092,1243,49893,3,221,203,4,228,203,4,232,188,4,234,188
250,22,573,19678,55554,448,47329,58625,436,45798,59137,433,45547,60417,433,45546,1,233,177,1,234,154,2,228,120,26,193,102
250,84,5932,13070,29218,55808,651,31707,56834,619,27613,56066,619,31711,56066,635,219,92,2,215,107,2,215,92,2,217,217,0
250,78,6106,18285,24600,6386,14295,54040,6121,43990,55319,5997,27351,53781,5404,50644,19,212,13,21,212,97,20,211,81,82,233,102
250,89,4687,16604,56082,4641,475,55826,4594,58075,56337,4547,12249,16384,3690,19773,0,54,84,0,54,35,13,80,81,93,241,102
250,11,60305,31243,2848,2144,35338,2505,23758,54281,2381,23765,54025,2225,18140,56586,8,10,225,37,97,243,102,11,84,44,23,14
250,4,2793,56325,978,64220,65135,41830,11348,3607,28746,1274,56284,58372,1243,49892,3,220,203,4,227,188,4,233,188,4,234,188
250,52,26424,21720,5932,18702,33589,60161,402,15843,57602,389,34270,58369,396,57301,1,211,231,1,213,235,1,214,229,1,216,234
250,11,65140,21853,37735,11348,3607,24141,3035,61822,23818,2537,47780,53769,2396,23764,9,214,92,9,212,177,8,219,70,10,221,248
250,4,53989,56067,962,60125,56324,1243,47848,25200,64359,11348,3607,28937,1243,49891,3,220,203,4,231,203,4,233,188,4,235,188
250,4,49890,56579,962,60126,56836,1243,56298,57348,1243,29916,50801,51815,11348,3603,195,113,203,4,233,188,4,234,188,4,236,172
250,84,6700,41230,24916,55060,5264,59349,37148,7259,65211,51995,7197,3496,57109,5358,222,118,24,148,71,24,180,40,24,206,245,26
250,11,52301,43787,2864,53873,24586,2505,23749,54025,24449,26653,21715,6700,53262,23647,9,214,77,9,213,161,8,213,177,8,214,23
250,4,53990,56579,978,60125,57092,1243,60136,57092,1227,52192,60164,1212,22763,11122,104,66,84,44,26,14,167,114,188,4,237,172
250,0,59354,56064,224,59608,55296,238,13272,23080,64872,11348,3603,10374,241,19676,2,214,45,2,222,45,2,225,45,2,231,45
250,4,64235,56836,978,64222,56580,1243,56288,57604,962,52187,59396,1212,48359,60420,188,4,234,172,4,235,1,115,143,104,253,84
250,0,62680,55552,224,19672,55298,217,58328,55296,234,57818,55040,10435,26815,21666,44,20,14,18,41,61,2,222,45,2,225,45
250,4,64232,56580,28622,26865,21520,5164,6670,53872,56579,978,60379,58372,1243,49892,3,220,203,4,228,203,4,234,188,4,232,188
250,4,30685,21872,20329,11348,3602,28871,1243,56297,58372,962,52187,59140,1227,48362,4,233,188,4,236,172,4,235,172,4,238,172
250,79,6168,51925,55319,6012,19927,54551,5435,50646,54291,5404,64979,47124,5389,7332,21,218,50,20,214,4,20,219,104,83,164,105
250,4,64234,58372,978,49885,56579,1258,56288,59396,1258,9440,47473,41577,11348,3611,115,113,219,4,219,203,4,232,188,4,233,188
250,11,52333,37899,2926,2151,26378,2505,7883,4191,362,11348,3607,24430,2396,23762,9,214,77,9,212,161,8,214,86,10,216,23
250,4,2794,57349,962,53982,56323,1243,56288,59140,1258,52189,57348,1227,57065,7793,106,99,84,44,23,14,84,114,188,4,234,188
250,0,56030,55296,228,60631,55552,227,41177,55296,10212,27213,21658,5164,12046,30504,0,217,175,0,218,61,2,214,46,2,219,46
250,11,56122,43019,2911,50010,31242,2521,39890,49417,2396,23766,54281,2412,41426,55560,164,96,217,106,78,84,44,20,14,214,96,39
250,4,42984,58479,38762,11348,3604,28662,978,49882,56835,1274,56284,59396,1243,49891,3,220,203,4,231,188,4,234,188,4,234,188
250,4,2790,60421,1274,64234,56324,978,18397,18544,26219,11348,3609,28822,962,56284,4,232,219,4,231,194,3,219,203,4,228,203
250,4,56286,59908,28850,27564,21703,5676,65038,56176,58372,962,52189,59140,1212,48365,4,234,188,4,236,172,4,234,172,4,238,172
250,11,52320,51211,2833,45930,23818,24288,27651,21593,5164,11278,47711,51977,2396,23763,9,214,77,9,213,161,8,215,86,10,214,23
250,4,49888,56835,962,60125,57604,1243,60137,56836,1227,31709,4465,32364,11348,3604,203,113,203,4,233,188,4,233,188,4,235,172
250,61,27728,21754,7468,17934,48702,58113,439,48100,57857,461,55012,57089,474,58580,1,174,232,2,210,107,2,184,206,1,211,206
250,4,53986,56579,962,56283,57348,1243,49895,56323,1227,52193,60164,1212,24555,30066,108,85,84,44,29,14,178,114,188,4,235,172
250,0,62680,55552,250,64986,55808,231,60892,55552,242,55514,55808,161,46807,55040,144,0,216,32,40,164,108,137,84,44,15,14
250,11,56180,26379,2817,51565,43785,2490,19922,54281,2396,23766,53769,24625,27852,21693,44,15,14,128,96,161,8,220,70,10,221,248
250,4,2790,60421,28456,27863,21701,3884,30478,64111,59396,1290,53981,56323,962,56285,4,227,219,4,228,194,3,220,203,4,230,203
250,0,55768,55296,230,55768,55040,217,41687,55296,203,473,55553,573,60633,2344,109,255,84,44,25,14,59,41,45,2,223,45
250,4,49894,56067,28627,27963,21563,6444,8974,53872,56323,1258,56284,59140,1243,49890,3,219,203,4,229,188,4,233,188,4,232,188
250,4,49891,56323,962,60125,56580,28782,28063,21683,5932,48398,56176,59652,1243,56289,4,218,203,4,233,188,4,234,188,4,237,188
250,4,2793,57861,962,49885,56579,1259,56286,58884,1259,16096,1137,3182,11348,3604,138,113,203,4,220,203,4,231,188,4,232,188
250,0,12508,13095,41582,11348,3610,10111,107,45016,55040,209,54744,55808,228,15831,2,220,45,2,226,45,2,227,45,2,229,45
250,0,62681,56064,251,55770,55552,217,19671,55042,77,55768,38695,54894,11348,3604,44,40,160,0,216,2,1,218,2,1,215,61
250,11,52366,30475,2801,55652,39689,2474,23749,54793,2412,63190,48991,3694,11348,3604,65,96,61,9,211,161,8,220,70,10,223,248
250,4,64233,55812,962,49885,56579,1243,56291,57604,1243,52187,59396,1212,48363,60164,188,4,234,171,114,204,110,94,84,44,20,14
250,114,1196,44267,60420,1196,44269,57604,1258,30423,58881,374,30444,60673,374,30445,1,236,118,1,237,118,1,234,98,118,207,110
250,4,37350,11887,34415,11348,3604,28641,978,49885,56835,1258,56284,58884,1243,56287,4,218,203,4,233,188,4,233,188,4,234,188
250,4,2793,59653,1290,53989,56579,978,16094,37488,19311,11348,3602,28813,1258,56288,4,234,219,4,225,219,4,220,203,4,233,188
250,84,6444,22286,65040,58881,510,3808,57602,526,3807,57346,526,3806,56322,526,221,14,2,221,77,0,214,69,0,212,29,2
250,84,4908,36110,31523,57090,635,31707,55042,620,19670,55298,258,62680,55808,251,217,254,0,216,6,1,218,4,1,215,244,0
250,4,64234,57348,978,53980,56323,1258,56290,58628,962,52188,59140,1212,48361,59396,92,114,191,112,92,84,44,25,14,171,114,188
250,11,56193,30475,2833,59751,37129,2443,23726,54793,2396,23765,54281,24627,28950,21513,44,20,14,127,96,177,8,219,70,10,222,8
250,4,2792,59909,28482,28961,21690,5164,37134,64111,59140,1274,49884,56835,978,56285,4,230,219,4,226,194,3,219,203,4,232,188
250,44,526,3813,58626,541,7660,61442,557,11759,60930,557,11755,60162,526,65252,1,219,28,1,235,28,1,237,93,48,88,113
250,11,56177,46091,2864,50020,22282,2521,27858,53769,2396,23768,54537,2225,49364,55048,23,10,224,243,96,123,113,23,84,44,27,14
250,4,2789,60421,1290,2793,57093,962,991,34160,60273,11348,3611,28751,978,60379,4,224,219,4,232,219,4,222,203,4,221,203
250,4,2788,60421,1290,2792,56325,978,53983,56323,1243,46307,59760,14705,11348,3601,3,113,219,4,230,194,3,220,203,4,227,203
250,68,557,11668,53762,541,11734,55042,557,3797,54018,526,3768,54018,526,3795,2,212,254,1,211,254,1,211,103,72,49,114
250,4,49896,56067,978,64222,56324,1243,56295,57860,1243,28636,20081,17778,11348,3610,194,113,203,4,232,188,4,233,188,4,234,188
250,46,541,11755,59394,448,10977,57089,291,8175,60929,279,5103,61441,273,5871,1,240,25,1,238,26,1,241,124,50,133,114
250,4,64230,56068,962,49885,56067,1243,60134,57092,1243,52188,59140,1212,19179,45682,114,191,84,44,25,14,153,114,188,4,234,188
250,4,53990,56067,978,64221,56580,1243,60135,57092,1243,52188,59396,1227,48363,60420,188,4,235,192,114,22,115,248,84,44,17,14
250,4,39394,30831,64371,11348,3606,28652,962,49885,56579,1258,56288,59652,1258,52192,4,221,203,4,235,188,4,236,188,4,235,172
250,4,2788,60165,1290,2794,56837,962,49886,56067,28788,29660,21599,5164,49166,60016,4,228,219,4,232,234,4,221,219,4,224,188
250,97,29750,21672,5932,18958,3682,57865,2256,49378,56072,713,51685,60162,713,51690,2,235,201,2,233,201,2,236,216,2,233,232
250,4,53986,56323,962,60126,57092,1243,57832,16752,7796,11348,3607,28977,1243,52191,4,221,203,4,233,188,4,233,188,4,237,172
250,84,5932,8718,31093,60417,375,30447,60673,374,30444,59649,374,30442,60161,374,234,118,1,234,118,1,232,125,1,232,129,1
250,0,59352,55296,224,60121,56064,232,61144,55808,241,60632,55040,9974,29808,21580,44,22,14,73,39,220,0,215,148,0,216,112
250,4,53986,56067,978,60124,56836,1243,49894,56323,1227,40420,42353,2164,11348,3606,236,113,203,4,235,188,4,233,188,4,236,188
250,116,21708,5420,9486,15964,17152,3612,15978,10752,39,9011,21517,47,60221,31243,235,11,109,195,10,113,248,9,193,139,9,168
250,4,2793,56069,978,64220,56068,1243,56294,57860,962,52188,59140,1212,48362,60164,117,114,9,117,117,84,44,21,14,192,114,188
250,99,51,21605,5420,18702,51556,60162,713,55788,59138,729,63719,56066,760,6113,3,221,237,6,222,206,6,226,190,6,225,159
250,4,53990,56579,962,60382,56580,1243,60392,57604,1243,52188,59908,1212,48361,59908,188,4,236,172,4,236,48,115,62,0,209,84
250,74,557,15830,56322,557,15828,40450,6355,5077,56070,1555,62689,57861,1539,5090,6,215,107,0,71,162,22,164,100,78,136,0
250,4,53992,56323,28631,159,21633,6700,10766,53872,56835,1274,56283,59652,1243,49893,3,219,203,4,229,203,4,233,188,4,234,188
250,4,18136,1652,1025,11348,3603,29841,374,30439,59905,374,30444,60929,374,30445,1,235,118,1,235,118,1,234,118,1,234,118
250,4,56284,58628,1258,4066,26737,18945,11348,3602,29022,1243,52188,59396,1227,48362,4,235,188,4,235,172,4,235,172,4,236,172
250,135,635,35814,59906,619,19691,58882,588,23782,56578,325,16083,53761,321,23764,2,214,76,2,223,61,2,227,70,139,123,1
250,0,65241,55296,256,471,55809,217,39643,55040,9992,408,21610,4908,23310,33319,0,216,118,0,215,97,0,217,2,1,216,231
250,4,2787,59909,1290,64234,58628,962,49885,56067,1259,56286,59140,1259,56284,56836,203,4,234,199,113,204,1,26,84,44,19,14
250,4,49890,56835,962,60125,57092,1243,60136,56580,1243,52190,59908,1212,48361,59908,160,114,49,2,2,84,44,22,14,243,114,172
250,121,566,21758,5676,18958,34170,58625,389,36068,58113,399,37348,57857,402,37604,1,225,154,1,227,158,1,227,160,1,225,161
250,36,619,27609,55042,604,27608,55554,588,23767,55042,107,23769,55810,604,27609,0,215,129,0,215,118,0,215,80,40,96,2
250,92,47,19783,19712,77,60205,28939,3020,4523,31243,2537,51575,49417,2412,23762,9,216,77,9,213,177,8,214,99,96,136,2
250,4,2787,59909,1290,26602,37487,12802,11348,3608,28598,1290,49886,57091,1274,56284,4,228,219,4,230,194,3,220,203,4,225,203
250,70,730,21522,5420,17678,3655,53762,510,65234,54017,510,65234,54017,510,63188,1,211,234,1,211,254,1,213,246,1,213,45
250,85,740,21714,5420,19726,11350,53781,5373,57054,55828,6246,14273,53784,6168,62609,26,122,182,26,168,135,26,161,173,18,211,142
250,4,2534,60165,1274,64230,56324,962,8925,63344,61186,11348,3605,28789,978,56284,4,232,219,4,231,234,4,220,203,4,228,203
250,0,55768,55296,203,39898,55040,257,62680,55552,175,53720,55040,573,15838,57858,45,2,230,169,41,41,3,172,84,44,18,14
250,11,56212,22283,24154,846,21675,4652,43534,61790,24586,2521,43700,47113,2396,23765,9,214,77,9,212,161,8,221,54,10,222,248
250,4,2789,60421,1274,2792,57093,978,49885,56579,1243,56291,58372,28925,859,21634,44,18,14,76,113,194,3,220,203,4,230,203
250,84,4652,15630,48256,57089,446,50911,57089,458,52446,57089,469,56029,56577,476,222,229,1,218,234,1,210,244,0,96,254,1
250,53,406,36317,58881,393,61406,54273,495,61397,55041,495,59350,55297,483,57819,1,221,224,1,220,223,1,222,160,57,152,3
250,11,56160,24587,2801,59748,40457,24311,946,21742,5932,17934,43615,50441,2381,23765,9,213,61,9,210,161,8,218,70,10,222,248
250,105,954,21651,5932,19726,54378,58885,1321,6619,58117,1383,38620,59141,1414,30695,5,231,103,5,233,103,5,219,32,4,218,72
250,4,2787,59909,1290,64234,58116,978,53980,56579,1258,56286,58884,1258,52186,57860,139,113,191,3,216,84,44,23,14,215,113,203
250,0,62680,55296,244,64472,55552,244,28119,61223,27139,11348,3607,10176,251,19927,0,215,160,0,218,202,0,218,61,2,220,61
250,76,1033,21608,5932,18958,62285,58117,1555,23775,18944,5778,45642,31254,5997,2148,24,119,227,24,213,211,24,211,249,23,215,187
250,80,5482,11457,54549,5061,7380,54293,5233,11475,53781,5420,13272,55828,5108,17115,20,215,244,19,210,173,18,212,103,84,15,4
250,11,52314,37131,2801,50036,32266,2505,27851,54025,24473,1046,21560,5932,58638,23647,9,213,77,9,212,161,8,213,101,10,216,23
250,4,53987,57091,978,60123,57092,1243,60135,57348,1243,52190,59652,1212,16363,9330,4,101,84,44,23,14,142,114,188,4,234,172
250,4,49896,56323,28641,1258,21571,5932,12558,53872,56835,1274,56285,59140,1243,56293,4,220,203,4,230,203,4,233,188,4,235,188
250,4,30422,59393,374,30444,60161,374,30446,60161,374,30442,60161,374,30441,59905,118,1,233,92,119,239,4,206,84,44,23,14
250,4,2792,56069,978,64220,56324,28783,1358,21510,6956,48910,56176,58628,1243,49891,3,220,203,4,232,188,4,234,188,4,234,188
250,4,2792,56325,978,64220,56068,1243,60390,57092,28979,1458,21680,4908,34318,52081,4,220,203,4,233,188,4,235,188,4,235,188
250,5,21651,5676,1294,63049,53761,498,61652,54529,495,61397,54017,526,11726,54530,45,2,221,61,2,212,61,2,113,211,24,212
250,87,6183,54679,39706,6854,34753,43034,4765,36568,56594,4718,20445,56082,4672,8410,18,219,1,18,219,242,17,218,81,91,7,6
250,11,56112,38667,3004,330,27915,2521,1464,2399,12806,11348,3606,24404,2443,19662,9,214,108,9,214,76,9,161,161,8,219,54
250,4,53990,56579,978,64219,56324,1243,60135,57604,1243,52186,59908,29128,1559,21752,44,22,14,20,114,188,4,234,188,4,234,188
250,4,56284,58628,1243,49892,56323,1227,48360,59908,1212,30954,31602,26118,11348,3604,200,114,188,4,235,172,4,235,172,4,238,172
250,4,64230,56068,962,53981,56323,1243,56295,57860,962,52189,59140,1212,44264,60164,188,4,235,172,4,234,23,115,223,6,103,84
250,6,21542,5676,45326,60939,59393,486,58088,59905,488,60394,59393,493,61161,59649,238,1,232,238,1,232,230,1,234,234,1,232
250,84,5676,49166,5424,60929,274,4336,60673,278,4845,61185,279,8432,60417,526,218,45,2,234,45,2,237,45,2,235,147,1
250,11,56235,19723,2739,51588,49417,2474,23745,54793,2381,23765,53769,2209,10204,57098,228,96,54,7,149,84,44,22,14,52,97,233
250,0,59355,28709,16903,11348,3605,9765,254,59353,56064,237,60121,55296,225,58584,0,215,145,0,215,167,0,215,205,0,216,61
250,4,53990,56067,978,60124,56068,28807,1957,21507,5420,54798,56176,59140,1258,52190,4,220,203,4,235,188,4,232,188,4,234,172
250,49,277,6385,61441,289,3818,56578,557,11754,60674,557,34282,59137,389,34280,1,227,133,1,233,140,1,230,94,53,223,7
250,64,448,51128,55041,458,54487,36353,473,11636,54786,573,59604,54786,573,11734,2,224,61,2,221,45,2,206,127,68,234,7
250,7,21641,5420,15886,347,56082,4578,54236,55825,4563,11364,18190,3550,27443,16384,50,13,58,62,0,58,235,11,93,204,11,138
250,4,53985,56835,978,60125,57348,1243,60134,56580,28994,2058,21623,5420,38158,52081,4,227,188,4,234,188,4,232,188,4,234,188
250,84,5932,7438,27413,56320,573,15837,56834,573,15839,57602,588,19680,57602,604,220,177,1,220,184,1,224,180,1,230,178,1
250,4,50401,53358,42248,11348,3605,28435,1290,64235,59652,1290,53982,56835,978,60125,4,227,219,4,233,234,4,220,203,4,224,203
250,8,21730,5676,40718,33053,60672,125,31720,57600,122,33248,56064,125,43736,56578,186,2,217,254,1,224,254,1,216,77,0,211
250,51,542,38115,59393,396,33254,59649,379,34790,58625,557,38111,58113,396,37092,1,219,239,1,212,239,1,213,95,55,12,9
250,4,64230,56068,962,11484,39024,44809,11348,3603,28792,1274,56283,59140,1259,56288,4,218,203,4,231,203,4,232,188,4,234,188
250,9,21699,6700,28174,18541,59397,1337,10729,60165,1305,6634,57861,1290,2794,59653,250,4,228,210,3,219,194,3,219,250,4,221
250,79,2633,21572,4396,18702,51792,55319,6028,19928,54551,5420,50644,53779,5389,64965,20,161,44,21,155,28,21,217,51,20,212,4
250,4,49890,56579,978,64220,56836,1243,56297,56836,1243,32477,24945,49930,11348,3601,209,113,203,4,233,188,4,234,188,4,236,188
250,50,510,11744,60162,557,11757,59394,389,36072,59137,385,33763,59137,395,11752,2,220,147,1,219,140,1,229,99,54,155,10
250,61,2720,21609,6444,18702,47166,57601,436,49636,57345,464,55267,58113,475,58838,1,151,7,3,210,92,2,200,206,1,211,206
250,10,21648,6188,55822,14127,56321,298,9199,61185,281,5362,60417,273,6127,61185,26,1,239,27,1,239,34,1,232,45,2,225
250,4,2536,56325,962,49884,56579,1243,56294,59396,962,52187,57604,1227,48362,60420,188,4,235,172,4,235,243,114,41,11,35,84
250,107,2953,21529,5420,24334,26476,59397,1383,4328,58372,1352,14563,59653,1336,10729,5,233,25,5,230,9,5,229,9,5,237,9
250,115,1196,2531,55045,374,30441,59905,374,30445,60929,374,30446,60161,374,30444,1,235,118,1,231,118,1,232,102,119,144,11
250,11,48231,33035,2833,59748,30473,2505,27858,54281,2412,19925,54281,2209,18137,55818,8,10,223,201,9,225,77,97,229,11,92,84
250,108,1040,18651,56581,1352,14570,60165,1321,6634,60165,1305,2790,59909,1274,64234,4,225,210,3,220,250,4,220,102,112,239,11
250,11,21617,5164,43534,47999,57089,445,48863,57345,454,51934,57345,460,52703,56833,214,1,219,218,1,222,228,1,221,233,1,215
250,97,3145,21616,5420,18702,65378,57864,2240,49377,55816,713,51687,58882,713,51688,2,233,201,2,234,201,2,232,217,2,232,232
250,4,2792,57349,962,53981,56067,1243,56290,58628,28929,3156,21641,5420,20494,60017,4,220,203,4,228,203,4,232,188,4,233,188
250,4,53990,56323,978,64220,56324,1243,56295,58372,962,52188,59140,29098,3256,21714,44,19,14,249,113,188,4,233,188,4,235,188
250,50,3312,21620,6700,17934,11571,59394,557,11757,59650,403,36065,59393,392,32738,1,232,130,1,232,146,1,221,29,2,221,133
250,12,21664,6700,4366,65090,32257,557,15828,54530,744,19670,54530,557,11743,56834,61,2,214,45,2,171,29,2,177,45,2,212
250,11,56096,38667,2848,45917,27914,2521,27858,48649,2412,48085,3935,34061,11348,3610,10,96,92,9,213,92,9,203,177,8,219,39
250,4,53989,56835,962,64222,56580,1243,56296,58116,962,52186,58884,1212,48362,60164,117,114,28,13,106,84,44,26,14,196,114,188
250,11,56135,37131,2864,50033,28938,2505,35781,53769,2396,19925,54281,2225,45509,55304,39,10,225,239,96,216,13,11,84,44,25,14
250,4,2794,57605,978,9181,57968,46605,11348,3609,28786,962,60125,57092,1243,49890,3,219,203,4,229,203,4,233,188,4,234,188
250,13,21754,6956,41998,61957,59649,496,61418,59905,495,61418,60417,495,61418,59905,239,1,234,239,1,231,239,1,237,239,1,233
250,84,6956,23822,7444,57602,557,15835,56578,573,15837,56578,573,15837,56578,588,225,76,2,223,76,2,223,192,1,216,184,1
250,0,23514,4646,53006,11348,3611,9898,217,58328,56064,229,57305,55296,165,52440,0,216,2,1,219,107,0,215,45,2,221,45
250,67,3623,21617,6956,19726,11588,54530,573,11675,43010,557,7636,54786,541,3800,2,212,29,2,203,14,2,211,254,1,210,14
250,4,53988,56579,978,60124,57092,1243,58342,18288,2574,11348,3611,28978,1243,52187,4,223,203,4,234,188,4,233,188,4,235,172
250,14,21709,6956,47118,24916,54548,5264,43448,42012,7259,3486,51996,5435,64919,56596,222,20,219,102,24,193,71,24,193,40,24,193
250,4,53991,56067,962,64221,56324,1243,56293,59140,962,52188,58884,1227,48361,60420,92,114,15,15,225,84,44,27,14,171,114,172
250,4,30424,59137,374,30439,59905,374,30446,60417,374,5610,4726,29199,11348,3611,100,118,118,1,234,118,1,234,118,1,233,118
250,11,53869,30474,2521,43662,53769,2381,23765,54793,2381,8402,26464,28431,11348,3601,111,96,161,8,218,70,10,221,8,10,226,186
250,4,2793,56325,962,49885,56323,1243,56292,59140,962,52189,58372,1227,48361,60164,188,4,237,172,4,234,8,115,116,15,170,84
250,4,2793,56581,28609,4053,21646,5932,4110,49776,56579,962,60124,58116,1243,49890,3,219,203,4,232,203,4,234,188,4,236,188
250,15,21565,4908,12814,49175,55809,440,46303,58113,442,46567,59905,435,45803,60673,177,1,235,177,1,235,177,1,236,107,2,225
250,4,53991,56067,962,64221,56068,28810,4154,21526,4908,55566,56176,58884,1258,56286,4,220,203,4,234,188,4,235,188,4,234,172
250,4,53986,56579,962,60381,56836,1243,60390,56580,28987,4254,21687,5676,35598,52081,4,222,203,4,233,188,4,234,188,4,234,188
250,87,92,50765,42010,6823,26804,49434,4750,32475,55826,4703,20700,56338,4656,4572,18,217,2,18,220,226,17,220,113,91,243,16
250,16,21600,5676,56590,48742,57606,1711,36834,57606,1664,25058,58374,1601,13028,58118,34,6,226,3,6,227,244,5,228,228,5,229
250,4,53984,56835,962,60380,57348,1243,60394,56836,1227,52191,59908,29139,4354,21705,44,22,14,59,114,188,4,235,188,4,235,188
250,0,59354,55552,237,54746,55296,604,727,54785,190,55767,55808,10331,4502,21567,44,22,14,167,40,169,0,215,61,2,220,45
250,4,53985,56323,962,60124,57604,1243,49895,56323,1227,52194,60420,1212,48363,59908,172,4,237,172,4,236,52,115,203,17,43,84
250,30,126,33759,56576,697,43741,57346,510,3802,56578,62,17875,54272,666,35800,2,220,122,0,217,139,2,217,50,34,90,18
250,4,53985,56323,962,60125,56580,28808,4753,21596,3628,55054,56176,59140,1258,56285,4,222,203,4,235,188,4,235,188,4,235,188
250,84,6444,36366,53346,57864,2240,51676,58882,713,51688,59394,713,51689,59394,713,234,217,2,231,217,2,228,248,2,223,248,2
250,4,49891,56579,962,60124,57092,1243,56297,57348,28988,4853,21699,6444,35854,56177,4,221,203,4,233,188,4,235,188,4,234,172
250,50,541,11738,59394,557,11757,60674,403,36066,59137,385,31716,60417,391,38121,1,223,155,1,220,144,1,227,99,54,47,19
250,4,56283,58372,1243,56295,56580,1227,52194,60164,29157,4954,21625,5932,27150,48242,4,234,188,4,235,172,4,235,172,4,236,172
250,4,64233,56836,978,53982,56323,1243,56292,57860,1243,52187,59140,1212,48358,59908,188,4,233,167,114,190,19,51,84,44,17,14
250,0,65241,55296,107,29401,55296,258,48855,55296,217,55770,55040,10422,5101,21740,44,26,14,5,41,61,2,219,61,2,226,45
250,4,41448,8303,27924,11348,3610,28656,1290,53980,56579,1274,56284,58628,1258,56287,4,221,203,4,233,188,4,232,188,4,234,172
250,4,2539,57861,978,53981,56323,28728,5252,21567,5676,34574,60016,57092,1243,60133,4,221,219,4,221,203,4,233,188,4,234,188
250,84,5932,63246,27452,57089,433,49122,58369,454,48100,58113,430,48867,58113,462,230,214,1,223,218,1,213,228,1,142,7,3
250,11,10573,27916,24152,5339,21719,5932,41998,350,27915,2505,47748,49417,2396,23764,9,215,92,9,211,161,8,216,70,10,218,23
250,42,557,3819,58882,526,65254,58369,510,65254,59393,526,7652,58370,526,7655,2,239,45,2,238,45,2,235,77,46,29,21
250,79,5429,21718,5932,18702,47952,55319,6012,19927,53783,5420,50645,54547,5404,29140,20,206,44,21,200,28,21,216,51,20,216,4
250,0,27607,55296,10121,5500,21558,4652,55566,19751,55040,77,4056,55553,190,15830,2,219,61,2,227,45,2,226,45,2,231,45
250,11,52330,27915,2833,25952,25610,2474,19922,54281,24446,5540,21666,4652,52494,19807,9,215,77,9,211,177,8,217,86,10,217,8
250,4,64234,57348,978,53982,56067,1258,56288,58372,1243,52188,58628,1227,48361,59652,188,4,234,172,4,233,239,114,21,22,132,84
250,81,5730,21652,6188,18958,29010,54036,5420,7380,55317,5139,62680,55571,5202,1237,20,193,157,18,213,97,20,218,159,20,164,153
250,4,53990,56067,28652,5751,21536,6188,15374,53872,56579,1274,56283,58372,1243,49890,3,219,203,4,232,203,4,234,188,4,235,188
250,84,4396,13582,12289,52737,301,11713,54274,526,65249,59137,526,65257,59137,510,233,254,1,235,254,1,234,254,1,234,254,1
250,4,30684,56176,47638,11348,3601,28867,1243,56297,57860,962,52187,59652,1212,48362,4,234,172,4,237,172,4,235,172,4,235,172
250,79,6184,56023,55063,6028,24023,55063,5420,50644,53779,5420,64936,51220,5420,11448,21,215,51,20,211,4,20,218,99,83,42,23
250,4,49892,56579,962,60125,56580,1243,56295,58372,28977,5952,21551,6444,33038,56177,4,219,203,4,232,188,4,234,188,4,235,188
250,4,50152,56067,963,60381,56580,1243,56295,57348,1243,52443,59396,29115,6052,21566,44,17,14,14,114,188,4,235,188,4,236,188
250,4,53989,56323,978,64221,56580,1243,60392,56324,1243,52191,59908,1212,48363,60164,117,114,8,24,4,84,44,26,14,196,114,172
250,11,52314,35339,2848,50042,30474,2505,19915,53769,2396,19926,54281,2209,26324,24416,24,45,84,44,22,14,182,96,86,10,215,23
250,4,53986,56323,962,60125,56836,1243,60136,56580,1243,52191,59908,1212,48361,59652,172,4,236,172,4,236,16,115,109,24,247,84
250,4,2530,59653,1289,2536,57093,962,63708,52847,42520,11348,3598,28743,978,60124,4,224,219,4,231,234,4,221,203,4,224,203
250,126,6361,21688,3628,17934,45183,57857,432,47074,57601,443,50401,56321,457,52191,1,223,204,1,221,213,1,223,218,1,223,220
250,137,6369,21607,5420,18958,23690,54274,588,19675,57346,573,15845,58626,557,11751,2,228,45,2,225,45,2,215,42,1,211,48
250,4,2787,59909,1274,2792,57605,962,49884,56323,1258,41951,13168,51481,11348,3605,239,112,219,4,230,234,4,220,219,4,224,203
250,49,281,7152,61441,290,11751,57602,557,11756,60930,542,34277,59649,381,31207,1,230,119,1,233,133,1,230,103,53,109,25
250,11,4478,27147,24229,6538,21546,6700,62478,51550,32265,2505,19886,54025,2396,19926,9,212,161,8,217,86,10,216,23,10,225,201
250,4,49888,56067,962,60125,57604,1243,56295,56580,28974,6551,21537,6700,32270,52081,4,220,203,4,233,188,4,234,188,4,235,172
250,11,52324,30475,2832,55671,35337,2490,12242,61023,26649,11348,3603,24443,2396,23764,9,214,76,9,211,177,8,220,54,10,219,248
250,4,64234,57604,978,64222,56580,1258,56288,58628,962,52188,58116,1227,62955,64369,25,33,84,44,19,14,88,114,188,4,235,188
250,11,48231,27147,2848,55642,33033,2474,23739,54537,2396,51159,21087,43546,11348,3605,23,96,76,9,210,161,8,220,85,10,221,8
250,4,2535,56581,978,53980,56323,1243,56290,58116,1243,52188,58628,1212,48360,59652,188,4,236,178,114,95,26,140,84,44,21,14
250,0,64986,55552,244,60890,55552,240,55257,56064,146,32471,55040,158,4057,55297,170,40,143,26,25,84,44,20,14,249,40,76
250,4,53981,56323,978,56285,58372,1243,56292,56324,1227,52196,59652,1212,48362,60164,172,4,236,172,4,235,91,115,196,26,4,84
250,84,5164,24334,30327,59905,374,30442,59137,381,33253,57089,394,34760,55809,390,223,133,1,227,133,1,227,133,1,229,140,1
250,63,484,2002,44547,557,57298,41985,470,53974,55041,472,12242,21504,557,15829,2,215,61,2,215,76,2,214,138,67,6,27
250,4,49891,56323,978,20958,9584,2075,11348,3606,28836,1258,56287,59396,1243,56290,4,218,203,4,233,188,4,235,188,4,234,172
250,4,56285,59652,28865,7050,21731,5676,4110,56177,58372,1259,52185,59140,1212,48362,4,234,188,4,236,172,4,235,172,4,235,172
250,49,7105,21540,5420,17678,6706,60929,290,7658,56834,557,11754,61186,557,37867,1,231,140,1,234,129,1,228,131,1,232,132
250,4,64231,56324,978,64221,56324,1243,56295,57092,1243,26331,61041,795,11348,3605,181,113,203,4,230,188,4,234,188,4,233,188
250,124,414,41187,58369,417,41445,57857,417,41439,57857,425,44513,58113,438,48096,1,225,189,1,224,190,1,223,102,128,249,27
250,11,56138,36363,2833,2164,24586,2521,23762,54025,24457,7237,21703,4396,54286,23647,9,215,77,9,212,177,8,214,101,10,215,23
250,4,56285,58628,1258,52189,56324,1227,48362,59908,29187,7250,21540,4396,28942,48242,4,234,188,4,234,172,4,234,172,4,234,157
250,84,5932,22798,52353,56833,469,56031,56321,484,59869,55809,492,4052,29697,510,213,254,1,218,192,1,200,118,1,180,118,1
250,17,7282,21544,5932,19726,3602,55810,526,3807,55810,77,17877,54272,541,7642,2,226,45,2,224,61,2,221,47,0,220,61
250,11,60273,29707,2817,55652,34569,2474,23752,54537,2396,27863,54025,24639,7338,21564,44,23,14,142,96,177,8,220,86,10,220,8
250,99,7340,21539,5932,17934,51556,60162,713,55784,59394,729,59626,57346,760,2018,3,224,54,3,214,221,6,224,190,6,226,159
250,4,2788,60165,28457,7348,21653,5932,29966,64111,59908,1274,49887,56323,978,60125,4,226,219,4,230,194,3,221,203,4,229,203
250,137,318,19627,53762,588,19675,57858,573,15844,58626,557,11749,57090,557,11740,2,213,42,1,168,30,2,184,198,0,46,29
250,78,7525,21579,5420,17934,14159,33816,6371,14297,54296,6121,39896,55063,5981,23510,21,197,44,21,210,213,19,211,253,20,212,97
250,11,56180,19723,2755,55636,47113,2459,23762,54281,2396,19926,54281,2209,18140,56586,248,9,225,170,9,226,91,97,114,29,171,84
250,4,2789,60421,1290,2794,56837,978,64223,56324,28781,7549,21732,5420,48398,56176,4,230,219,4,232,194,3,220,203,4,227,203
250,4,56285,59140,1243,3810,57713,37661,11348,3611,29021,1243,52187,59396,1212,48362,4,233,188,4,234,172,4,233,172,4,237,172
250,11,56138,37131,2832,45914,27914,2521,18369,14431,18462,11348,3609,24474,2412,23763,9,215,92,9,212,177,8,211,177,8,215,23
250,4,56285,58884,1258,56286,56580,1227,47080,17777,8478,11348,3609,29187,1212,48361,4,235,172,4,236,172,4,236,172,4,235,172
250,4,56287,59140,1243,56284,57348,1227,48361,59908,1212,31979,43634,58910,11348,3601,203,114,172,4,235,172,4,234,172,4,234,172
250,4,29930,2927,44319,11348,3604,28608,1290,49887,56579,962,56285,57092,1243,49897,3,220,203,4,224,203,4,235,188,4,234,188
250,4,2792,56069,978,53983,56323,1243,43494,54384,17695,11348,3610,28920,1243,49890,3,219,203,4,227,203,4,233,188,4,235,188
250,109,1336,6633,60165,1305,64229,59908,1290,64236,58884,1290,53979,56579,962,56283,4,229,234,4,224,219,4,221,99,113,56,32
250,84,4908,30478,61190,60417,495,61416,59393,487,60395,59649,493,59115,59905,490,233,236,1,234,229,1,232,254,1,220,246,1
250,4,53979,56323,978,56285,58628,1243,56290,56324,1227,52201,59908,29181,8349,21504,44,19,14,113,114,188,4,234,188,4,236,172
250,84,8428,21685,3884,17678,47445,47132,7259,65208,48667,7166,3473,56853,5342,26332,24,142,86,24,187,40,24,164,92,0,61,198
250,4,53989,56579,962,64221,56068,1243,56294,57348,978,52186,59396,1212,48363,59652,172,4,235,210,114,1,33,241,84,44,15,14
250,4,64235,57604,962,53981,56067,28763,8647,21583,8236,43534,56176,57860,1243,60136,4,222,219,4,222,203,4,234,188,4,235,188
250,11,56190,31243,24168,8734,21672,4140,46094,4446,30475,2521,47745,50441,2396,27860,9,215,77,9,211,161,8,220,70,10,221,8
250,4,2791,57605,978,53980,56579,1243,56289,58628,28913,8747,21544,4140,16398,56177,4,220,203,4,230,188,4,233,188,4,233,188
250,57,479,57311,57345,479,55010,57601,474,54499,58881,473,54248,59137,374,27615,1,227,112,1,225,177,1,228,100,61,107,34
250,4,2791,56325,978,64220,56324,1243,60390,57860,1243,52188,58884,29104,8848,21696,44,26,14,3,114,188,4,233,188,4,232,188
250,4,56283,58884,1259,56289,56324,1227,48362,60164,1212,30187,62578,30242,11348,3602,200,114,188,4,236,172,4,234,172,4,235,172
