Angle_deg,Distance_mm,Intensity
124.22,287,242
125.03,278,239
125.83,274,237
126.64,272,239
127.45,271,238
128.25,277,240
129.06,280,240
129.86,288,225
130.67,556,225
131.48,540,236
132.28,556,237
133.09,572,230
143.51,494,214
144.30,494,217
145.10,486,217
145.89,482,220
146.68,480,223
147.48,479,224
148.27,478,223
149.07,478,225
149.86,478,225
150.65,478,226
151.45,478,228
152.24,478,228
162.80,470,222
163.59,482,211
164.39,509,122
165.18,634,210
165.97,603,177
166.77,461,211
167.56,461,215
168.36,461,212
169.15,525,129
169.94,587,148
170.74,556,214
171.53,587,213
181.70,525,213
182.52,525,211
183.33,509,210
184.15,509,211
184.97,509,211
185.78,509,211
186.60,509,211
187.41,501,212
188.23,497,211
189.05,495,214
189.86,494,212
190.68,540,177
267.67,11348,21
228.23,5855,138
208.51,6105,77
188.79,6198,100
169.07,6370,213
149.36,6338,211
129.64,6136,214
109.92,6073,215
90.20,5996,216
70.48,5980,210
50.76,5419,213
210.65,5216,210
211.42,5419,210
212.20,5403,216
212.97,5169,217
213.74,5107,218
214.52,5201,214
215.29,5076,211
216.07,4780,213
216.84,5216,216
217.61,5263,145
218.39,7336,148
219.16,7274,180
215.96,5420,14
239.10,3424,103
239.86,3237,35
240.63,3065,93
241.39,3050,138
242.15,2878,93
242.92,2535,109
243.68,2504,211
244.45,2395,211
245.21,2411,214
245.97,2395,212
246.74,2224,217
247.50,2629,219
257.81,712,231
258.62,727,231
259.42,743,226
260.23,759,223
261.04,759,226
261.84,805,216
262.65,1756,226
263.45,1725,227
264.26,1709,225
265.07,1678,226
265.87,1647,226
266.68,1631,228
277.43,1398,229
278.22,1382,233
279.01,1382,220
279.80,1055,217
280.59,1351,232
281.38,1335,234
282.17,1335,232
282.96,1304,235
283.75,1304,226
284.54,1289,235
285.33,1289,234
286.12,1289,223
296.54,1195,234
297.33,1242,217
298.12,388,228
298.91,380,232
299.70,376,237
300.49,374,236
301.28,373,234
302.07,373,236
302.86,373,234
303.65,373,237
304.44,373,234
305.23,380,230
315.69,399,227
316.48,400,227
317.28,401,227
318.07,409,227
318.86,413,226
319.65,415,226
320.45,416,225
321.24,416,227
322.03,416,226
322.82,416,224
323.62,424,227
324.41,428,226
334.72,488,216
335.55,483,119
336.38,509,180
337.21,509,217
338.04,525,214
338.87,373,193
339.70,373,203
340.53,373,210
341.36,362,187
342.19,356,184
343.02,364,193
343.85,368,174
353.84,310,210
354.63,587,212
355.43,587,220
356.22,571,228
357.01,571,231
357.80,571,228
358.60,556,231
359.39,556,226
0.18,556,221
0.97,556,213
1.77,556,210
2.56,310,187
12.59,501,235
13.38,497,235
14.17,495,235
14.96,494,232
15.75,493,236
16.54,493,235
17.32,493,235
18.11,493,234
18.90,493,236
19.69,493,236
20.48,493,234
21.27,485,237
31.55,485,232
32.31,489,233
33.08,491,231
33.84,492,231
34.60,492,233
35.37,492,233
36.13,492,232
36.90,492,232
37.66,492,231
38.42,492,235
39.19,492,233
39.95,492,230
50.26,76,211
51.07,540,222
51.87,540,229
52.68,556,223
53.49,571,221
54.30,106,220
55.10,571,221
55.91,571,219
56.72,571,222
57.53,571,223
58.33,587,225
59.14,587,222
69.27,696,214
70.06,478,217
70.84,478,214
71.63,136,217
72.42,136,221
73.20,136,218
73.99,136,219
74.77,136,231
75.56,128,234
76.35,132,234
77.13,126,228
77.92,123,226
88.05,649,219
88.85,634,220
89.64,649,218
90.44,634,221
91.24,634,221
92.04,618,221
92.83,603,221
93.63,618,217
94.43,618,216
95.23,618,217
96.02,603,215
96.82,587,216
106.95,556,229
107.74,556,230
108.52,556,231
109.31,540,233
110.10,540,231
110.88,525,233
111.67,525,227
112.45,509,228
113.24,509,232
114.03,509,230
114.81,525,228
115.60,540,229
125.91,271,240
126.73,270,238
127.55,270,239
128.37,276,241
129.19,279,239
130.01,294,219
130.83,556,229
131.65,556,236
132.47,556,238
133.29,525,223
134.11,388,231
134.93,388,228
145.39,478,219
146.18,478,221
146.98,478,221
147.77,478,223
148.56,478,222
149.35,478,225
150.15,478,226
150.94,478,226
151.73,478,229
152.52,478,229
153.32,469,229
154.11,465,229
164.57,509,113
165.36,618,210
166.14,540,161
166.93,461,212
167.72,461,216
168.50,461,210
169.29,469,138
170.07,571,190
170.86,556,215
171.65,571,213
172.43,587,213
173.22,556,219
183.53,525,206
184.37,509,211
185.20,509,211
186.04,509,212
186.88,509,211
187.71,509,212
188.55,501,211
189.38,497,214
190.22,495,210
191.06,525,210
191.89,571,212
192.73,571,222
202.94,6198,100
203.73,6369,217
204.53,6182,213
205.32,6120,216
206.11,6058,215
206.90,5980,214
207.70,5450,210
208.49,5419,203
209.28,5076,210
210.07,5387,212
210.87,5232,211
211.66,5419,214
221.87,5356,222
222.66,5341,214
223.45,6229,177
224.24,6198,190
225.03,6167,142
225.82,6884,164
226.60,6821,210
227.39,6806,200
228.18,4764,216
228.97,4748,221
229.76,4717,221
230.55,4702,220
240.83,3018,138
241.62,2909,87
242.42,2769,103
243.21,2520,151
244.00,2442,210
244.80,2379,214
245.59,2395,214
246.39,2411,210
247.18,2208,221
247.97,2613,222
248.77,2535,225
249.56,2473,224
259.87,758,223
260.66,758,226
261.44,790,222
262.23,1772,221
263.02,1740,226
263.80,1725,226
264.59,1694,226
265.37,1662,229
266.16,1631,228
266.95,1616,227
267.73,1600,228
268.52,1569,227
279.41,1039,227
280.20,1351,226
281.00,1335,233
281.79,1335,233
282.58,1320,234
283.38,1304,228
284.17,1288,234
284.97,1288,234
285.76,1288,228
286.55,977,221
287.35,977,221
288.14,1273,221
298.74,380,231
299.53,376,234
300.31,374,238
301.10,373,236
301.89,373,237
302.68,373,236
303.46,373,235
304.25,373,234
305.04,373,233
305.83,373,231
306.61,373,231
307.40,380,233
317.45,401,227
318.24,401,226
319.03,409,227
319.82,413,226
320.61,415,229
321.40,416,227
322.19,416,227
322.98,416,223
323.77,424,226
324.56,428,226
325.35,430,225
326.14,438,226
336.49,509,215
337.33,509,217
338.18,509,210
339.02,373,135
339.86,373,187
340.70,373,210
341.55,355,164
342.39,364,168
343.23,357,122
344.07,372,126
344.92,587,213
345.76,603,220
355.71,587,224
356.50,571,227
357.30,571,227
358.09,571,226
358.88,556,227
359.68,556,222
0.47,571,213
1.27,556,210
2.06,603,168
2.85,297,168
3.65,303,155
4.44,300,158
14.72,494,233
15.48,493,234
16.25,493,236
17.01,493,236
17.77,493,234
18.54,493,232
19.30,493,232
20.07,493,233
20.83,493,235
21.59,493,236
22.36,493,235
23.12,493,233
33.43,492,232
34.22,492,235
35.02,492,232
35.81,492,233
36.60,492,232
37.40,492,232
38.19,509,233
38.99,493,233
39.78,493,231
40.57,509,231
41.37,509,232
42.16,509,230
52.40,556,228
53.18,556,222
53.96,587,221
54.74,571,220
55.52,571,220
56.30,587,220
57.08,587,222
57.86,587,222
58.64,587,224
59.42,446,216
60.20,446,219
60.98,446,222
71.22,136,215
72.02,136,219
72.81,136,218
73.61,143,217
74.41,139,226
75.20,137,236
76.00,136,235
76.79,136,232
77.59,136,226
78.39,128,225
79.18,132,221
79.98,134,220
90.55,634,217
91.28,634,223
92.02,618,219
92.75,618,218
93.48,618,218
94.22,618,216
94.95,603,217
95.69,243,215
96.42,243,216
97.15,603,216
97.89,603,214
98.62,257,218
108.97,556,233
109.80,556,232
110.63,525,231
111.46,525,231
112.29,509,228
113.12,509,231
113.94,509,230
114.77,525,229
115.60,556,227
116.43,525,231
117.26,540,238
118.09,556,240
128.22,273,239
129.01,278,239
129.81,287,229
130.60,556,224
131.39,556,234
132.19,556,237
132.98,571,232
133.78,388,231
134.57,388,232
135.36,380,229
136.16,384,231
136.95,393,230
147.41,480,221
148.20,479,225
148.98,478,224
149.77,478,225
150.56,478,225
151.35,478,228
152.13,478,228
152.92,469,230
153.71,465,230
154.50,455,228
155.28,373,229
156.07,362,226
166.23,478,193
167.04,469,214
167.84,457,214
168.65,475,164
169.46,525,100
170.26,556,215
171.07,587,214
171.87,587,214
172.68,587,214
173.49,556,222
174.29,571,221
175.10,556,211
185.42,509,210
186.24,509,211
187.06,509,210
187.88,501,213
188.70,509,213
189.52,501,214
190.33,509,210
191.15,525,206
191.97,571,218
192.79,571,217
193.61,571,213
194.43,6104,122
92.41,352,25
219.75,11348,23
251.59,5902,80
283.42,6167,215
315.26,6089,215
347.09,6027,215
18.93,5980,212
50.76,5434,212
214.51,5200,216
215.27,4982,213
216.03,4780,211
216.79,5200,211
217.55,5247,215
218.31,7351,142
219.08,7273,155
219.84,7180,190
220.60,7164,151
221.36,5387,219
222.12,5356,220
222.88,5341,197
233.48,4608,219
234.27,4577,218
235.07,4561,219
235.86,4546,122
236.65,46,51
237.45,38,64
238.24,3470,54
239.04,31,71
239.83,31,54
240.62,3065,87
241.42,3018,168
242.21,2831,106
252.19,2270,226
252.98,2239,223
253.78,727,230
254.57,712,232
255.36,712,234
256.16,712,235
256.95,712,237
257.75,727,232
258.54,727,231
259.33,743,227
260.13,758,223
260.92,774,226
271.38,1507,229
272.19,1491,229
273.01,1335,217
273.82,1304,224
274.63,1304,226
275.44,1429,232
276.26,1413,230
277.07,1398,229
277.88,1382,232
278.69,1382,226
279.51,1055,224
280.32,1351,232
290.63,1242,220
291.46,1226,232
292.29,1211,233
293.12,1211,235
293.95,1195,235
294.78,1195,234
295.60,1195,235
296.43,1195,237
297.26,1226,217
298.09,373,224
298.92,373,232
299.75,373,237
310.03,387,213
310.83,387,223
311.62,387,226
312.42,387,226
313.22,394,228
314.01,391,227
314.81,396,227
315.60,399,225
316.40,400,228
317.20,401,226
317.99,409,227
318.79,413,228
329.11,453,223
329.94,457,222
330.77,459,222
331.59,468,224
332.42,473,223
333.25,475,222
334.08,476,221
334.91,485,217
335.74,509,180
336.56,509,151
337.39,509,217
338.22,509,216
348.54,634,233
349.29,634,236
350.04,603,230
350.79,587,228
351.54,587,228
352.29,618,216
353.05,324,210
353.80,324,210
354.55,317,211
355.30,587,218
356.05,587,225
356.80,572,225
7.08,509,232
7.86,509,234
8.63,509,235
9.41,509,233
10.19,509,236
10.96,509,234
11.74,509,235
12.51,501,235
13.29,509,234
14.07,501,235
14.84,497,234
15.62,495,234
25.61,501,220
26.40,489,230
27.20,491,234
27.99,484,233
28.78,489,234
29.58,491,234
30.37,492,233
31.17,493,233
31.96,493,234
32.75,493,234
33.55,493,232
34.34,493,232
44.76,525,224
45.51,525,223
46.27,525,221
47.02,525,222
47.77,540,220
48.52,540,217
49.28,106,211
50.03,106,211
50.78,540,220
51.53,540,226
52.29,572,223
53.04,572,219
63.33,435,233
64.15,433,235
64.96,432,236
65.78,432,232
66.59,432,235
67.41,634,220
68.22,665,232
69.04,696,215
69.85,509,220
70.67,493,213
71.48,189,215
72.30,170,221
82.58,509,218
83.37,525,219
84.17,76,211
84.96,68,212
85.75,665,217
86.55,665,216
87.34,76,215
88.14,634,215
88.93,634,221
89.72,618,218
90.52,634,221
91.31,618,223
101.29,166,216
102.09,257,216
102.88,243,215
103.68,256,216
104.48,603,214
105.28,556,222
106.07,556,228
106.87,556,228
107.67,556,230
108.47,556,230
109.26,556,234
110.06,540,234
120.33,556,236
121.13,540,235
121.94,447,223
122.74,297,223
123.54,290,239
124.34,280,239
125.15,275,236
125.95,272,239
126.75,271,239
127.55,270,239
128.36,270,237
129.16,277,241
139.48,395,231
140.30,406,216
141.11,426,212
141.93,494,213
142.75,494,215
143.56,486,214
144.38,482,217
145.19,488,220
146.01,483,221
146.83,480,221
147.64,479,223
148.46,478,223
158.87,458,226
159.66,437,227
160.46,434,226
161.25,447,227
162.05,462,227
162.84,470,222
163.64,482,210
164.43,488,138
165.23,759,187
166.02,587,148
166.82,461,212
167.61,461,215
177.73,540,214
178.52,556,216
179.32,525,213
180.11,509,184
180.91,525,210
181.70,525,212
182.50,509,210
183.29,509,210
184.09,509,211
184.88,509,210
185.68,501,211
186.47,509,212
197.06,1522,226
197.85,1522,227
198.65,1553,222
199.44,61,87
200.23,5777,103
201.03,5840,119
201.82,6042,138
202.62,6229,103
203.41,6401,214
204.20,6338,210
205.00,6136,215
205.79,6058,216
113.48,3608,107
253.21,11172,28
281.15,3249,28
309.10,11218,21
225.55,6884,138
226.37,6837,200
227.19,6790,193
228.01,4780,213
228.83,4749,220
229.65,4717,220
230.46,4702,221
231.28,4671,219
232.10,4640,220
232.92,4608,219
233.74,4593,218
234.56,4577,219
123.08,11348,24
188.34,2395,213
220.97,2411,214
253.60,2395,210
286.23,2224,220
318.85,2613,223
351.48,2551,224
24.11,2473,225
254.18,712,230
255.00,712,233
255.81,712,235
256.63,712,233
257.44,712,232
258.26,727,233
259.07,727,231
259.89,743,223
260.70,759,227
261.52,774,223
262.33,1772,217
263.15,1741,225
273.51,1476,217
274.29,1304,230
275.06,1429,224
275.84,1429,231
276.62,1413,226
277.39,1382,230
278.17,1382,233
278.94,1039,224
279.72,1351,226
280.50,1335,234
281.27,1335,234
282.05,1320,234
292.61,1211,235
293.40,1211,233
294.20,1195,235
294.99,1195,234
295.78,1195,236
296.58,1195,229
297.37,1273,215
298.17,373,229
298.96,373,235
299.75,373,235
300.55,373,234
301.34,373,234
312.12,389,228
312.91,388,228
313.70,395,227
314.49,398,227
315.28,400,225
316.07,401,226
316.87,401,227
317.66,401,227
318.45,409,226
319.24,405,227
320.03,411,225
320.82,406,226
331.14,458,222
331.94,468,221
332.74,473,222
333.53,475,221
334.33,484,220
335.13,489,215
335.93,284,113
336.73,509,212
337.53,509,218
338.32,525,211
339.12,373,174
339.92,373,158
350.23,587,228
350.97,587,231
351.71,603,225
352.45,665,211
353.19,324,210
353.93,324,211
354.68,603,212
355.42,587,220
356.16,572,227
356.90,572,228
357.64,556,230
358.38,556,228
8.80,509,235
9.59,509,234
10.38,509,233
11.17,509,234
11.96,509,233
12.75,501,233
13.54,497,235
14.33,495,233
15.12,494,235
15.91,494,233
16.70,494,235
17.49,494,236
27.77,491,232
28.57,492,234
29.36,493,233
30.16,493,233
30.96,493,235
31.75,493,232
32.55,493,233
33.34,493,231
34.14,493,233
34.94,493,233
35.73,493,233
36.53,493,234
47.06,525,222
47.81,525,221
48.56,540,217
49.31,76,213
50.06,61,211
50.81,556,216
51.57,525,229
52.32,556,227
53.07,572,220
53.82,572,219
54.57,572,220
55.32,587,222
65.63,430,235
66.43,423,233
67.23,427,225
68.03,650,230
68.83,696,219
69.63,509,218
70.43,493,218
71.23,727,216
72.03,151,221
72.83,143,220
73.63,132,216
74.43,134,221
84.56,98,211
85.36,87,214
86.16,650,219
86.96,76,215
87.76,76,216
88.56,634,220
89.36,634,220
90.16,618,219
90.96,618,221
91.76,618,219
92.56,618,217
93.36,618,216
103.31,98,217
104.10,257,220
104.90,556,220
105.69,556,224
106.48,556,228
107.28,556,231
108.07,556,232
108.87,556,234
109.66,541,235
110.45,525,233
111.25,525,232
112.04,509,228
122.46,525,222
123.24,284,236
124.01,284,238
124.79,277,239
125.57,273,240
126.34,271,239
127.12,270,241
127.89,277,238
128.67,280,238
129.45,288,235
130.22,509,219
131.00,556,231
141.31,494,212
142.11,494,214
142.92,486,214
143.72,490,217
144.52,492,218
145.33,485,219
146.13,481,221
146.94,479,220
147.74,478,222
148.54,478,224
149.35,478,226
150.15,478,226
160.46,438,228
161.25,458,230
162.05,468,227
162.84,473,220
163.63,483,210
164.43,712,116
165.22,618,197
166.02,478,177
166.81,469,214
167.60,458,216
168.40,459,210
169.19,468,145
179.46,525,212
180.28,525,193
181.10,525,211
181.92,525,212
182.74,509,210
183.56,509,210
184.38,509,211
185.20,509,211
186.02,509,211
186.84,501,211
187.66,497,212
188.48,495,212
216.41,5676,14
208.09,5419,212
208.89,5060,212
209.68,5388,212
210.48,5232,210
211.28,5419,211
212.08,5419,213
212.87,5154,217
213.67,5107,219
214.47,5201,213
215.27,5138,187
216.06,4764,213
216.86,5216,217
227.42,6806,174
228.19,4780,212
228.96,4749,221
229.73,4717,219
230.50,4702,218
231.27,4671,220
232.04,4655,219
232.81,4608,218
233.58,4593,220
234.35,4577,219
235.12,4561,218
235.89,121,61
246.24,2395,211
247.06,2224,221
247.88,2629,223
248.70,2551,226
249.52,2473,224
250.34,2411,226
251.16,2348,226
251.98,2301,226
252.80,2255,225
253.62,727,225
254.44,712,229
255.26,712,233
265.53,1662,227
266.33,1631,227
267.12,1616,226
267.92,1600,226
268.72,1585,227
269.51,1553,226
270.31,1538,228
271.10,1522,227
271.90,1491,229
272.70,1491,221
273.49,1304,218
274.29,1304,230
285.04,1288,235
285.84,1273,232
286.64,977,220
287.44,977,220
288.24,1273,220
289.04,1242,230
289.84,1257,223
290.64,1242,222
291.44,1226,233
292.24,1226,234
293.04,1210,237
293.84,1210,236
304.11,373,235
304.96,373,234
305.81,373,235
306.66,380,233
307.51,384,229
308.36,386,227
309.20,394,212
310.05,391,212
310.90,389,224
311.75,388,228
312.60,388,226
313.45,388,228
323.77,424,225
324.56,428,226
325.36,430,226
326.15,431,226
326.94,438,226
327.73,442,226
328.53,444,224
329.32,445,223
330.11,453,223
330.90,457,223
331.70,467,222
332.49,472,220
342.92,380,177
343.71,376,155
344.51,525,122
345.30,587,217
346.10,587,223
346.89,571,228
347.69,587,229
348.48,649,230
349.28,634,233
350.07,618,229
350.87,587,229
351.66,587,228
1.93,297,210
2.68,297,174
3.43,290,168
4.18,293,206
4.93,540,213
5.68,525,220
6.43,525,230
7.18,509,230
7.93,509,231
8.68,509,232
9.43,509,233
10.18,509,234
20.50,492,233
21.29,492,235
22.07,492,235
22.86,492,234
23.65,492,232
24.43,492,221
25.22,509,216
26.00,509,225
26.79,501,234
27.58,497,233
28.36,495,232
29.15,494,233
39.13,494,232
39.93,493,231
40.72,509,232
41.52,509,235
42.32,509,229
43.12,509,227
43.91,525,224
44.71,509,224
45.51,525,223
46.31,525,222
47.10,525,221
47.90,525,220
57.99,587,227
58.78,587,224
59.58,618,216
60.37,432,217
61.17,439,226
61.96,435,232
62.76,440,232
63.55,436,235
64.35,434,236
65.14,433,233
65.94,432,233
66.73,424,235
77.33,128,230
78.08,132,226
78.82,126,227
79.57,131,222
80.32,126,219
81.06,696,224
81.81,680,221
82.55,509,220
83.30,524,219
84.05,91,212
84.79,91,210
85.54,665,217
95.86,243,216
96.61,246,216
97.35,251,217
98.10,243,216
98.85,246,217
99.60,176,215
100.34,602,215
101.09,75,214
101.84,256,215
102.59,60,216
103.33,131,215
104.08,173,215
114.71,509,228
115.50,524,229
116.29,524,228
117.08,524,235
117.87,556,237
118.66,556,235
119.46,556,235
120.25,556,236
121.04,556,235
121.83,478,225
122.62,509,221
123.41,283,239
133.35,402,229
134.14,402,230
134.94,394,226
135.73,390,231
136.53,396,229
137.32,406,219
138.12,587,220
138.91,387,228
139.71,394,224
140.50,446,211
141.30,469,213
142.09,481,212
152.69,478,230
153.48,478,232
154.27,454,226
155.06,373,226
155.85,361,228
156.64,417,225
157.42,417,228
158.21,439,226
159.00,435,226
159.79,433,229
160.58,439,226
161.37,450,228
171.73,587,214
172.53,571,213
173.33,556,221
174.13,571,220
174.93,556,213
175.73,556,129
176.52,556,210
177.32,556,212
178.12,556,215
178.92,540,215
179.72,524,210
180.52,524,177
191.26,540,190
192.06,571,219
192.85,571,219
193.65,571,212
194.45,6104,148
195.25,6354,213
196.04,1553,222
196.84,1537,222
197.64,1522,223
198.44,1553,226
199.23,1569,174
200.03,106,71
95.64,9944,24
222.81,7125,21
286.39,10963,21
21.77,11348,27
53.56,8974,82
219.74,7180,203
220.54,7148,171
221.34,5387,220
222.13,5356,220
222.93,5372,155
223.73,6213,148
224.53,6182,164
225.33,6229,77
226.13,6852,155
226.92,6821,145
227.72,6790,174
228.52,4764,221
238.97,3408,93
239.74,121,58
240.51,3096,109
241.28,3018,158
242.05,2862,103
242.82,2753,106
243.58,2504,210
244.35,2395,210
245.12,2395,215
245.89,2379,212
246.66,2223,215
247.43,2660,214
257.76,711,234
258.57,727,231
259.37,743,227
260.18,758,222
260.98,758,225
261.79,820,216
262.59,1756,226
263.40,1740,225
264.20,1709,226
265.01,1678,225
265.81,1662,226
266.62,1631,228
276.95,1397,230
277.77,1382,232
278.58,1366,218
279.40,1366,217
280.21,1350,233
281.03,1335,234
281.84,1319,234
282.66,1304,233
283.47,1304,226
284.29,1288,234
285.10,1288,235
285.92,1288,221
296.69,1195,231
297.48,1226,215
298.27,373,229
299.05,373,233
299.84,373,235
300.63,373,237
301.42,373,237
302.21,373,235
303.00,373,236
303.78,373,234
304.57,373,233
305.36,373,236
315.99,400,226
316.79,401,225
317.58,401,227
318.38,401,226
319.18,409,226
319.98,413,226
320.77,415,226
321.57,416,226
322.37,416,226
323.17,416,226
323.96,423,225
324.76,427,226
335.06,488,215
335.86,490,116
336.65,509,190
337.45,509,219
338.24,524,213
339.04,373,174
339.83,373,180
340.63,373,210
341.42,373,197
342.22,361,161
343.01,355,184
343.81,364,168
353.76,323,210
354.55,618,213
355.35,587,220
356.14,571,228
356.93,571,228
357.73,571,227
358.52,556,229
359.32,556,227
0.11,556,221
0.90,556,214
1.70,556,210
2.49,297,168
12.48,501,236
13.28,497,235
14.07,495,234
14.87,494,233
15.67,493,234
16.46,493,234
17.26,493,236
18.05,493,235
18.85,493,235
19.65,493,235
20.44,493,234
21.24,485,234
31.19,485,232
31.97,489,232
32.74,491,232
33.52,492,232
34.30,492,234
35.08,492,230
35.85,492,233
36.63,492,231
37.41,492,231
38.19,492,232
38.96,492,235
39.74,492,231
50.01,75,212
50.81,540,221
51.60,540,228
52.40,556,224
53.20,556,218
54.00,60,220
54.79,587,221
55.59,571,221
56.39,587,225
57.19,587,221
57.98,587,223
58.78,587,223
69.16,696,216
69.95,493,222
70.75,485,215
71.54,189,216
72.33,170,220
73.13,153,219
73.92,152,217
74.72,151,229
75.51,143,234
76.30,139,236
77.10,137,231
77.89,136,225
88.05,649,220
88.84,633,221
89.63,618,217
90.42,618,220
91.21,618,221
92.00,618,223
92.79,618,220
93.58,602,220
94.37,618,217
95.16,587,217
95.95,618,215
96.74,602,216
106.59,556,230
107.41,556,229
108.23,556,232
109.05,556,232
109.87,556,232
110.69,540,234
111.50,524,229
112.32,509,228
113.14,509,230
113.96,509,232
114.78,524,227
115.60,556,227
125.88,273,237
126.65,271,238
127.43,277,239
128.20,280,240
128.97,281,239
129.75,289,229
130.52,556,221
131.30,556,235
132.07,556,237
132.84,556,230
133.62,402,232
134.39,402,231
145.17,486,218
145.96,482,221
146.76,480,220
147.55,479,223
148.34,478,225
149.13,478,226
149.93,478,226
150.72,478,226
151.51,478,227
152.30,478,230
153.10,469,231
153.89,465,229
164.17,483,142
165.01,633,184
165.84,587,197
166.68,461,211
167.52,461,218
168.35,461,213
169.19,469,138
170.02,571,122
170.86,540,214
171.70,587,214
172.53,727,213
173.37,556,216
183.68,524,211
184.48,509,211
185.28,509,211
186.08,509,210
186.88,509,212
187.68,509,211
188.48,509,211
189.28,501,214
190.08,497,213
190.88,540,197
191.68,571,210
192.48,571,222
202.90,6166,93
203.70,6385,214
204.49,6198,210
205.29,6135,214
206.09,6057,217
206.88,5995,216
207.68,5481,211
208.47,5403,212
209.27,5075,212
210.07,5387,213
210.86,5231,210
211.66,5418,211
221.90,5372,222
222.69,5340,217
223.49,6260,190
224.28,6198,210
225.07,6182,158
225.87,6899,119
226.66,6821,155
227.46,6806,206
228.25,4779,214
229.04,4748,219
229.84,4717,217
230.63,4701,221
240.97,3034,148
241.73,3065,90
242.49,2800,135
243.24,2519,161
244.00,2441,197
244.76,2379,214
245.52,2410,214
246.28,2395,211
247.04,2208,221
247.79,2613,223
248.55,2551,223
249.31,2473,226
259.62,743,223
260.41,758,227
261.21,789,224
262.00,1771,216
262.79,1740,227
263.58,1724,225
264.38,1693,226
265.17,1662,226
265.96,1647,227
266.75,1615,226
267.55,1600,227
268.34,1584,228
279.23,1039,225
280.02,1350,224
280.81,1335,234
281.60,1335,234
282.39,1319,235
283.18,1304,232
283.97,1288,232
284.76,1288,234
285.55,1272,231
286.34,961,221
287.13,976,222
287.92,976,220
298.49,373,232
299.29,373,232
300.08,373,238
300.88,373,238
301.68,373,237
302.47,373,237
303.27,373,234
304.06,373,234
304.86,380,232
305.66,376,233
306.45,381,233
307.25,384,232
317.67,409,223
318.46,405,228
319.26,411,227
320.05,414,226
320.84,415,228
321.63,416,228
322.43,416,227
323.22,416,227
324.01,423,225
324.80,427,226
325.60,429,224
326.39,430,225
336.74,508,210
337.52,509,218
338.31,509,213
339.09,373,210
339.87,373,206
340.66,373,210
341.44,361,211
342.23,355,168
343.01,364,158
343.79,368,164
344.58,556,151
345.36,587,216
355.06,587,219
355.86,587,225
356.65,571,228
357.45,571,227
358.25,556,228
359.04,556,226
359.84,556,219
0.63,556,211
1.43,283,210
2.23,296,210
3.02,296,161
3.82,296,193
14.10,495,235
14.85,494,233
15.61,493,236
16.36,493,236
17.12,493,235
17.87,493,238
18.63,493,233
19.38,493,234
20.14,493,234
20.89,493,234
21.65,493,236
22.40,493,235
32.49,493,232
33.26,493,236
34.04,493,230
34.81,493,232
35.58,493,235
36.36,493,231
37.13,493,233
37.91,493,232
38.68,485,232
39.45,489,232
40.23,509,232
41.00,509,234
51.31,540,229
52.16,556,223
53.01,556,220
53.86,571,220
54.71,571,220
55.56,571,224
56.40,571,220
57.25,587,224
58.10,587,222
58.95,603,221
59.80,618,216
60.65,446,218
70.64,493,215
71.43,189,217
72.22,170,219
73.01,153,220
73.80,144,216
74.59,140,229
75.37,138,234
76.16,137,236
76.95,129,233
77.74,125,227
78.53,130,227
79.32,133,220
89.42,634,220
90.23,634,220
91.03,618,222
91.84,618,221
92.65,618,216
93.46,634,217
94.26,618,216
95.07,634,216
95.88,634,215
96.69,618,216
97.49,618,217
98.30,243,217
108.60,556,232
109.39,556,234
110.18,556,232
110.97,525,234
111.76,525,230
112.55,525,228
113.35,509,230
114.14,509,230
114.93,525,230
115.72,525,228
116.51,540,232
117.30,540,237
127.76,270,241
128.55,276,239
129.33,286,238
130.12,291,226
130.91,556,226
131.69,556,238
132.48,556,238
133.26,525,220
134.05,388,235
134.84,388,231
135.62,380,231
136.41,384,231
146.58,479,220
147.37,478,225
148.17,478,223
148.96,478,223
149.75,478,226
150.54,478,226
151.34,478,227
152.13,469,229
152.92,473,231
153.71,467,227
154.51,373,225
155.30,362,229
166.22,493,135
167.01,477,211
167.79,461,217
168.58,461,211
169.37,469,116
170.16,556,177
170.94,571,213
171.73,743,214
172.52,587,212
173.31,556,218
174.09,556,220
174.88,571,214
185.19,509,211
186.01,509,211
186.83,509,211
187.65,501,212
188.47,497,211
189.29,495,214
190.11,509,190
190.93,525,203
191.75,571,210
192.57,571,221
193.39,571,212
194.21,6167,93
204.63,6182,213
205.43,6104,215
206.22,6042,215
207.02,5995,215
207.82,5434,210
208.61,5419,197
209.41,5076,200
210.20,5403,212
211.00,5216,193
211.80,5419,214
212.59,5434,210
213.39,5138,218
223.81,6214,210
224.59,6214,210
225.37,6167,106
226.15,6868,210
226.93,6821,161
227.71,6775,164
228.50,4764,218
229.28,4748,220
230.06,4717,218
230.84,4686,220
231.62,4655,220
232.40,4639,219
323.05,11348,20
334.15,2738,109
339.70,2504,210
345.25,2442,210
350.80,2395,214
356.36,2395,212
1.91,2395,197
7.46,2224,221
13.01,2613,224
18.56,2535,225
24.11,2473,223
251.86,2286,226
252.65,2239,224
253.44,727,228
254.23,712,235
255.02,712,233
255.81,712,234
256.60,712,233
257.39,712,234
258.18,727,234
258.97,727,231
259.76,758,222
260.55,758,226
270.97,1507,228
271.78,1507,229
272.58,1491,225
273.39,1304,217
274.20,1304,227
275.01,1429,225
275.81,1413,232
276.62,1413,227
277.43,1382,230
278.24,1382,234
279.04,1039,226
279.85,1351,226
290.15,1242,219
290.97,1226,231
291.78,1226,235
292.60,1211,233
293.42,1211,233
294.23,1195,234
295.05,1195,235
295.86,1195,235
296.68,1195,228
297.50,1242,216
298.31,373,232
299.13,373,233
309.41,394,161
310.20,391,218
310.99,389,225
311.78,395,227
312.57,391,227
313.36,389,228
314.15,395,229
314.94,398,226
315.73,400,224
316.52,401,225
317.31,409,225
318.10,413,227
328.41,452,223
329.27,456,222
330.13,458,224
330.99,459,222
331.85,468,220
332.71,473,223
333.56,475,219
334.42,476,221
335.28,485,216
336.14,525,106
337.00,509,210
337.86,509,217
348.18,603,227
348.87,650,232
349.57,634,234
350.26,587,229
350.96,587,228
351.65,587,226
352.35,618,214
353.04,310,210
353.74,317,211
354.43,618,212
355.13,587,219
355.82,587,224
6.14,525,231
6.95,509,233
7.75,509,233
8.56,509,234
9.37,509,237
10.17,509,234
10.98,509,235
11.78,509,234
12.59,509,233
13.40,501,232
14.20,497,233
15.01,495,232
25.10,509,217
25.89,501,220
26.69,497,232
27.48,495,231
28.27,494,234
29.07,494,232
29.86,494,234
30.66,494,235
31.45,494,235
32.24,494,231
33.04,494,230
33.83,494,232
44.11,525,227
44.87,525,224
45.64,525,223
46.40,525,220
47.16,525,220
47.92,540,222
48.69,61,214
49.45,68,211
50.21,64,212
50.97,556,223
51.74,540,226
52.50,556,223
62.82,435,235
63.61,433,234
64.40,432,234
65.19,432,232
65.98,424,233
66.77,428,232
67.56,634,228
68.35,681,226
69.14,461,213
69.93,469,219
70.72,473,212
71.51,151,215
81.86,525,217
82.66,525,221
83.46,540,213
84.26,517,210
85.06,61,214
85.86,665,219
86.66,106,216
87.46,91,215
88.26,634,218
89.06,634,222
89.86,634,219
90.66,634,219
100.93,106,218
101.72,98,216
102.52,170,215
103.31,138,215
104.10,257,216
104.90,572,219
105.69,572,225
106.49,572,229
107.28,556,231
108.07,556,229
108.87,556,232
109.66,556,234
120.12,556,236
120.89,556,235
121.67,540,225
122.44,525,221
123.21,284,236
123.98,284,237
124.76,277,238
125.53,273,240
126.30,271,239
127.07,277,239
127.85,280,239
128.62,282,239
138.94,400,228
139.76,401,228
140.57,478,212
141.39,486,214
142.21,490,214
143.02,492,216
143.84,493,216
144.65,485,217
145.47,481,221
146.29,479,221
147.10,478,220
147.92,478,224
157.97,462,227
158.76,454,228
159.56,443,228
160.35,445,228
161.14,453,226
161.94,465,226
162.73,471,216
163.53,482,184
164.32,759,161
165.11,634,211
165.91,461,161
166.70,461,213
177.41,556,214
178.20,556,215
178.99,572,214
179.78,525,211
180.57,525,210
181.36,509,211
182.16,525,210
182.95,525,210
183.74,509,210
184.53,509,211
185.32,509,210
186.11,509,212
196.70,1553,223
197.49,1522,223
198.28,1538,230
199.07,1569,214
199.86,46,58
200.65,5824,151
201.44,5933,126
202.23,6105,106
203.02,6370,106
203.81,6370,216
204.60,6183,214
205.39,6105,216
215.71,5138,155
216.50,5201,138
217.30,5232,217
218.09,7351,151
218.88,7274,210
219.67,7180,158
220.47,7180,193
221.26,5388,215
222.05,5372,220
222.84,5341,212
223.64,6229,184
224.43,6214,210
234.56,4562,219
235.35,4546,212
236.14,121,54
236.93,3595,51
237.72,76,64
238.51,3471,54
239.31,106,54
240.10,3081,51
240.89,3050,145
241.68,2878,80
242.47,2738,116
243.26,2520,187
253.67,727,227
254.49,712,233
255.32,712,234
256.14,712,235
256.96,712,235
257.78,712,232
258.61,727,231
259.43,727,232
260.25,759,220
261.07,759,224
261.90,790,221
262.72,1772,223
273.00,1491,219
273.80,1304,218
274.61,1304,230
275.41,1429,230
276.21,1413,231
277.01,1398,228
277.82,1382,233
278.62,1382,232
279.42,1039,228
280.22,1351,230
281.03,1335,234
281.83,1335,234
292.15,1226,234
292.95,1211,235
293.76,1211,234
294.56,1195,234
295.36,1195,238
296.16,1195,236
296.97,1211,222
297.77,388,219
298.57,380,233
299.37,376,234
300.18,374,236
300.98,373,238
311.26,390,228
312.05,389,226
312.85,395,226
313.64,398,228
314.43,400,228
315.23,401,227
316.02,401,227
316.82,401,225
317.61,409,226
318.40,413,226
319.20,415,226
319.99,416,226
330.34,457,224
331.19,467,221
332.05,472,224
332.90,475,221
333.76,476,220
334.61,485,219
335.47,489,213
336.32,270,87
337.18,509,214
338.03,509,216
338.89,373,193
339.74,373,180
350.06,618,236
350.78,587,226
351.50,587,228
352.22,618,220
352.94,618,211
353.66,297,190
354.39,310,210
355.11,587,215
355.83,587,224
356.55,572,229
357.27,572,228
357.99,556,227
7.94,509,232
8.74,509,234
9.53,509,234
10.33,509,237
11.13,509,236
11.92,509,234
12.72,501,233
13.51,497,236
14.31,495,234
15.11,494,234
15.90,494,233
16.70,494,237
27.30,495,231
28.09,494,231
28.88,494,233
29.67,494,233
30.46,494,235
31.25,494,232
32.04,494,233
32.83,494,231
33.62,494,232
34.41,494,232
35.20,494,233
35.99,494,235
45.98,525,222
46.74,525,222
47.50,525,221
48.26,541,216
49.02,541,212
49.78,76,211
50.54,541,215
51.30,541,228
52.06,556,227
52.82,556,221
53.58,587,220
54.34,61,222
64.69,432,234
65.48,432,233
66.26,424,232
67.05,428,224
67.84,665,231
68.63,696,220
69.41,525,216
70.20,501,219
70.99,728,215
71.78,136,219
72.56,143,220
73.35,139,216
83.62,509,212
84.41,76,212
85.21,106,213
86.00,665,219
86.79,151,216
87.59,128,217
88.38,650,222
89.18,634,220
89.97,634,218
90.76,634,219
91.56,618,223
92.35,618,217
102.34,134,216
103.14,257,218
103.93,257,218
104.73,556,218
105.53,572,222
106.32,556,228
107.12,556,230
107.91,556,232
108.71,556,234
109.51,525,233
110.30,572,231
111.10,525,229
121.70,525,225
122.49,501,222
123.27,284,236
124.06,277,238
124.85,280,239
125.63,275,238
126.42,272,239
127.20,278,238
127.99,281,240
128.78,282,239
129.56,289,240
130.35,556,220
140.67,447,212
141.46,470,212
142.26,482,214
143.05,488,214
143.84,491,218
144.63,484,217
145.43,481,221
146.22,479,221
147.01,478,222
147.80,478,224
148.60,478,224
149.39,478,225
159.78,430,228
160.57,438,226
161.37,458,226
162.16,468,227
162.95,473,217
163.74,509,210
164.54,743,180
165.33,634,210
166.12,478,210
166.91,469,212
167.71,465,216
168.50,471,200
178.96,540,215
179.76,540,211
180.57,525,210
181.37,525,210
182.17,509,210
182.97,525,197
183.78,509,210
184.58,509,210
185.38,509,210
186.18,509,211
186.99,501,211
187.79,509,212
198.11,1538,226
198.90,1569,212
199.70,91,96
200.49,5824,142
201.28,5933,116
202.07,6105,103
202.87,6260,126
203.66,6370,216
204.45,6183,213
205.24,6105,215
206.04,6042,215
206.83,5980,213
113.48,3607,211
284.78,3223,28
327.60,3256,28
10.43,11182,21
224.55,10194,24
226.74,6837,171
227.53,6775,138
228.33,4764,220
229.12,4749,220
229.91,4717,221
230.70,4686,220
231.50,4655,218
232.29,4640,218
233.08,4608,218
233.87,4593,219
234.67,4562,219
235.46,4546,210
245.78,2395,212
246.57,2239,206
247.35,2224,215
248.14,2598,224
248.93,2520,225
249.71,2457,224
250.50,2395,227
251.28,2333,225
252.07,2270,226
252.86,2239,223
253.64,727,227
254.43,712,233
265.03,1694,227
265.82,1663,226
266.62,1631,226
267.41,1616,228
268.20,1585,229
269.00,1569,228
269.79,1553,226
270.59,1522,226
271.38,1507,229
272.17,1491,229
272.97,1335,219
273.76,1304,223
284.65,1289,234
285.45,1289,235
286.26,1289,229
287.06,977,221
287.86,977,220
288.66,1273,223
289.47,1242,229
290.27,1257,221
291.07,1226,224
291.87,1226,232
292.68,1211,234
293.48,1211,236
303.83,373,234
304.62,373,233
305.40,373,233
306.19,380,231
306.98,384,232
307.76,386,232
308.55,387,227
309.33,394,213
310.12,391,214
310.91,389,224
311.69,388,227
312.48,395,227
322.80,416,224
323.60,424,225
324.40,428,224
325.20,430,228
326.00,431,226
326.80,439,224
327.60,443,223
328.40,445,225
329.20,446,223
330.00,453,222
330.80,465,221
331.60,471,222
341.90,367,177
342.70,370,148
343.49,371,151
344.29,354,90
345.08,587,214
345.88,587,221
346.67,572,225
347.47,572,230
348.26,650,230
349.06,634,234
349.85,603,231
350.65,587,227
0.46,556,214
1.25,572,210
2.04,324,197
2.83,317,161
3.62,307,203
4.41,556,210
5.21,556,218
6.00,525,227
6.79,509,232
7.58,509,232
8.37,509,231
9.16,509,233
19.46,493,233
20.24,493,234
21.02,485,236
21.80,481,236
22.58,487,233
23.36,482,234
24.15,487,226
24.93,509,216
25.71,493,218
26.49,493,230
27.27,493,233
28.05,493,233
38.37,493,232
39.16,493,232
39.95,493,232
40.74,509,232
41.53,509,232
42.32,509,231
43.10,509,226
43.89,509,221
44.68,509,224
45.47,525,223
46.26,540,220
47.05,525,221
57.15,587,220
57.94,587,223
58.73,587,226
59.52,603,219
60.31,446,220
61.10,439,222
61.88,435,231
62.67,433,232
63.46,432,233
64.25,432,231
65.04,432,234
65.83,424,235
76.00,137,236
76.78,129,234
77.56,125,226
78.33,130,225
79.11,133,220
79.89,127,219
80.67,696,220
81.45,696,224
82.23,509,218
83.00,525,223
83.78,509,210
84.56,76,211
94.86,633,214
95.66,256,216
96.46,229,216
97.26,235,216
98.06,240,216
98.86,241,218
99.66,215,216
100.46,202,218
101.26,587,216
102.06,189,216
102.86,216,216
103.66,229,218
113.69,509,229
114.49,524,227
115.28,540,228
116.08,524,230
116.87,540,234
117.67,556,239
118.46,556,237
119.26,556,236
120.05,556,235
120.85,556,235
121.64,478,225
122.44,509,218
133.01,556,236
133.80,402,229
134.59,402,231
135.38,394,230
136.17,390,233
136.96,403,231
137.74,524,219
138.53,402,219
139.32,394,231
140.11,398,221
140.90,461,212
141.69,477,213
152.16,478,227
152.96,469,232
153.76,465,231
154.56,448,223
155.36,350,228
156.16,361,226
156.96,417,227
157.76,439,227
158.56,450,229
159.36,440,228
160.16,428,225
160.96,437,228
171.30,587,213
172.09,587,213
172.89,571,214
173.68,556,221
174.47,571,218
175.27,556,193
176.06,556,177
176.86,556,211
177.65,556,213
178.44,556,216
179.24,556,213
180.03,540,210
190.64,540,177
191.43,540,200
192.22,571,222
193.01,571,216
193.80,571,210
194.59,6354,190
195.37,1569,212
196.16,1553,224
196.95,1537,225
197.74,1522,226
198.53,1553,225
199.32,1584,64
209.45,5403,210
210.26,5216,203
211.06,5418,177
211.87,5418,216
212.68,5169,217
213.49,5122,220
214.29,5185,217
215.10,5091,210
215.91,4779,212
216.72,5216,213
217.52,5262,210
218.33,7320,138
228.63,4764,220
229.40,4733,221
230.18,4701,219
230.95,4670,220
231.73,4655,219
232.50,4623,220
233.28,4608,219
234.05,4577,220
234.83,4561,220
235.60,4546,93
236.38,3579,80
237.15,106,54
220.79,11348,18
285.99,2660,215
318.59,2582,224
351.19,2504,225
23.79,2426,226
257.12,711,234
257.94,711,232
258.75,727,231
259.57,743,229
260.39,758,223
261.21,758,226
262.02,805,218
262.84,1756,226
263.66,1740,227
264.48,1709,226
265.29,1678,225
266.11,1662,226
276.41,1413,229
277.21,1382,229
278.02,1382,233
278.82,1366,221
279.62,1054,222
280.43,1350,231
281.23,1335,233
282.04,1335,234
282.84,1319,234
283.64,1272,227
284.45,1288,236
285.25,1272,234
295.67,1195,237
296.46,1195,234
297.26,1226,217
298.05,373,227
298.84,373,234
299.63,373,235
300.43,373,238
301.22,373,235
302.01,373,235
302.80,373,235
303.60,373,234
304.39,373,234
314.71,401,226
315.50,401,228
316.28,401,226
317.07,409,224
317.85,405,224
318.64,411,224
319.42,414,230
320.21,415,224
320.99,416,227
321.78,416,227
322.56,416,224
323.35,416,225
333.69,476,221
334.51,484,218
335.33,509,164
336.14,509,158
336.96,509,215
337.78,509,214
338.60,373,210
339.42,373,200
340.24,373,193
341.05,373,210
341.87,361,168
342.69,367,190
352.54,323,210
353.33,323,210
354.12,323,211
354.91,587,221
355.70,587,226
356.49,571,229
357.27,571,231
358.06,556,229
358.85,556,227
359.64,556,225
0.43,571,213
1.22,310,211
11.68,509,234
12.47,501,233
13.27,497,235
14.06,495,234
14.85,494,235
15.65,493,235
16.44,493,235
17.24,493,233
18.03,493,236
18.82,493,234
19.62,493,235
20.41,493,234
30.54,492,232
31.30,492,233
32.07,492,231
32.83,492,232
33.59,492,232
34.36,492,232
35.12,492,233
35.89,492,232
36.65,492,234
37.41,492,231
38.18,509,232
38.94,493,230
49.25,45,213
50.05,60,213
50.86,540,223
51.66,540,228
52.46,556,222
53.27,571,220
54.07,45,219
54.88,587,221
55.68,587,221
56.48,571,220
57.29,587,223
58.09,587,223
68.22,680,231
69.01,711,216
69.81,493,221
70.60,485,213
71.39,136,218
72.19,136,220
72.98,136,219
73.78,143,220
74.57,139,230
75.36,137,235
76.16,129,233
76.95,125,228
87.19,113,217
87.98,649,217
88.78,633,224
89.57,633,218
90.36,633,219
91.15,618,223
91.95,618,221
92.74,618,221
93.53,618,220
94.32,587,217
95.12,602,216
95.91,602,216
106.04,571,228
106.85,556,229
107.65,556,230
108.46,556,230
109.27,556,232
110.08,540,232
110.88,556,232
111.69,524,229
112.50,509,229
113.31,509,230
114.11,509,229
114.92,524,229
80.02,275,238
108.41,272,237
136.79,271,241
165.18,270,237
193.56,276,236
221.95,279,241
250.33,288,225
278.72,540,225
307.10,556,234
335.49,556,236
3.87,524,226
134.57,394,230
135.39,383,232
136.20,385,231
137.02,401,229
137.84,587,222
138.65,402,224
139.47,394,232
140.28,405,216
141.10,493,213
141.92,493,213
142.73,493,213
143.55,493,217
153.86,473,231
154.67,417,221
155.47,395,230
156.28,384,227
157.09,400,229
157.89,461,230
158.70,461,225
159.50,446,228
160.31,438,227
161.12,449,228
161.92,463,230
162.73,470,223
172.97,556,216
173.76,571,219
174.55,571,221
175.34,556,174
176.13,556,164
176.92,540,197
177.71,540,213
178.50,556,214
179.29,540,214
180.08,524,211
180.87,524,211
181.66,524,203
192.12,571,223
192.92,571,215
193.71,571,161
194.51,6338,187
195.30,1553,213
196.10,1553,221
196.89,1522,223
197.69,1522,227
198.48,1553,225
199.28,60,61
200.07,45,74
200.87,5839,113
211.30,5418,210
212.11,5418,216
212.91,5153,217
213.72,5107,217
214.53,5200,215
215.33,5091,210
216.14,4779,212
216.94,5216,215
217.75,5278,168
218.56,7304,106
219.36,7258,177
220.17,7148,210
230.51,4701,219
231.30,4670,220
232.08,4639,217
232.87,4623,219
233.66,4608,217
234.45,4577,219
235.23,4561,220
236.02,45,54
236.81,3595,84
237.60,151,71
238.38,128,54
239.17,3361,61
216.33,10803,84
219.11,5164,14
258.46,727,231
259.28,743,228
260.11,758,222
260.93,774,226
261.75,820,217
262.57,1756,226
263.40,1724,226
264.22,1693,225
265.04,1678,227
265.86,1647,227
266.69,1631,228
267.51,1615,226
278.22,1382,234
279.02,1382,220
279.81,1054,219
280.61,1350,233
281.41,1335,232
282.20,1319,233
283.00,1304,234
283.79,1288,227
284.59,1288,233
285.39,1288,235
286.18,1288,222
286.98,961,223
297.58,1226,218
298.37,387,226
299.15,380,235
299.94,376,238
300.73,374,238
301.51,373,238
302.30,373,234
303.08,373,234
303.87,373,234
304.66,373,237
305.44,373,232
306.23,373,235
316.55,400,227
317.34,401,226
318.14,401,226
318.93,409,227
319.72,413,225
320.51,415,224
321.31,416,225
322.10,416,226
322.89,416,224
323.68,423,226
324.48,427,225
325.27,429,223
335.58,490,138
336.40,524,155
337.21,509,216
338.03,524,216
338.85,373,210
339.67,373,187
340.48,373,200
341.30,361,187
342.12,355,184
342.94,364,132
343.75,368,171
344.57,524,106
354.27,633,211
355.06,587,218
355.85,587,224
356.64,571,229
357.43,556,227
358.22,556,228
359.02,556,224
359.81,556,220
0.60,556,212
1.39,310,206
2.18,310,180
2.97,303,193
13.38,501,235
14.18,497,235
14.97,495,232
15.77,494,234
16.57,493,235
17.37,493,234
18.16,493,233
18.96,493,234
19.76,493,235
20.56,485,234
21.35,489,233
22.15,483,235
31.96,492,232
32.73,492,231
33.51,492,233
34.28,492,233
35.05,492,232
35.82,492,233
36.60,492,233
37.37,492,231
38.14,492,233
38.91,492,232
39.69,492,232
40.46,509,231
50.78,540,217
51.54,540,229
52.31,556,225
53.07,556,221
53.83,75,221
54.60,75,220
55.36,571,221
56.13,571,222
56.89,587,222
57.65,587,225
58.42,587,223
59.18,587,217
69.74,493,222
70.53,485,217
71.33,727,216
72.12,151,220
72.91,143,220
73.71,147,217
74.50,141,230
75.30,138,234
76.09,129,236
76.88,132,232
77.68,134,226
78.47,127,223
88.78,633,220
89.56,633,218
90.35,618,218
91.13,618,221
91.91,618,221
92.70,618,217
93.48,618,216
94.27,602,215
95.05,618,217
95.83,602,215
96.62,618,214
97.40,243,216
107.46,556,232
108.27,556,231
109.08,556,233
109.89,524,231
110.70,540,232
111.51,509,229
112.31,509,228
113.12,509,230
113.93,524,229
114.74,524,230
115.55,556,231
116.36,524,233
126.61,277,238
127.40,280,242
128.20,281,239
128.99,289,241
129.78,293,227
130.57,509,226
131.37,556,237
132.16,556,238
132.95,556,227
133.74,387,232
134.54,387,233
135.33,380,232
145.93,479,221
146.72,478,220
147.51,478,222
148.30,478,224
149.09,478,224
149.88,478,227
150.68,478,227
151.47,478,228
152.26,469,230
153.05,473,229
153.84,467,230
154.63,456,223
165.08,633,210
165.89,478,138
166.69,469,211
167.50,465,215
168.31,463,212
169.11,470,129
169.92,524,138
170.72,556,214
171.53,571,214
172.34,727,213
173.14,556,217
173.95,556,221
184.27,509,210
185.09,509,211
185.90,509,211
186.72,509,210
187.53,501,211
188.35,497,211
189.16,495,213
189.98,494,211
190.79,524,190
191.61,556,211
192.42,571,221
193.24,571,213
203.51,6400,215
204.30,6229,211
205.10,6120,216
205.89,6057,214
206.68,5995,215
207.48,5465,210
208.27,5403,212
209.07,5075,212
209.86,5387,213
210.65,5231,210
211.45,5418,212
212.24,5418,213
222.81,5340,215
223.60,6244,210
224.40,6198,210
225.19,6166,148
225.98,6883,132
226.78,6821,180
227.57,6790,200
228.37,4779,215
229.16,4748,219
229.95,4717,221
230.75,4686,219
231.54,4670,219
241.85,3049,80
242.62,2784,109
243.40,2519,210
244.17,2457,210
244.94,2395,213
245.71,2379,212
246.49,2348,210
247.26,2223,222
248.03,2613,221
248.80,2551,226
249.58,2473,225
250.35,2410,226
260.67,758,226
261.46,774,223
262.26,1771,217
263.05,1740,226
263.84,1724,228
264.63,1693,226
265.43,1662,226
266.22,1647,228
267.01,1615,228
267.80,1600,228
268.60,1584,228
269.39,1553,229
279.78,1350,227
280.57,1335,232
281.37,1335,234
282.16,1319,235
282.95,1304,232
283.75,1304,230
284.54,1288,235
285.34,1272,234
286.13,961,220
286.92,961,221
287.72,976,220
288.51,1241,231
298.96,373,233
299.79,373,242
300.62,373,238
301.45,373,237
302.28,373,235
303.11,373,233
303.93,373,237
304.76,373,236
305.59,380,233
306.42,376,232
307.25,381,233
308.08,384,232
318.44,413,228
319.23,415,227
320.03,416,224
320.82,416,225
321.61,416,225
322.41,416,225
323.20,416,225
324.00,423,227
324.79,427,226
325.58,429,225
326.38,437,224
327.17,441,223
337.40,509,219
338.19,524,212
338.98,350,164
339.77,361,171
340.56,355,206
341.35,364,206
342.13,368,145
342.92,370,161
343.71,378,135
344.50,556,200
345.29,602,218
346.08,571,227
356.07,556,225
356.87,571,227
357.66,571,229
358.46,556,226
359.26,556,223
0.05,556,216
0.85,297,210
1.64,310,177
2.44,303,210
3.24,300,180
4.03,291,206
4.83,540,215
14.93,495,236
15.74,494,236
16.54,493,235
17.35,493,236
18.16,493,232
18.96,493,234
19.77,493,236
20.57,493,237
21.38,493,233
22.19,493,233
22.99,493,235
23.80,493,231
34.14,492,233
34.87,492,232
35.60,492,231
36.34,492,232
37.07,492,232
37.80,492,232
38.53,492,234
39.26,492,233
39.99,492,234
40.73,509,230
41.46,509,234
42.19,509,228
52.65,571,223
53.44,571,221
54.24,571,221
55.03,571,219
55.82,571,222
56.61,571,223
57.41,587,224
58.20,587,225
58.99,603,221
59.78,446,218
60.58,439,224
61.37,435,226
71.47,151,219
72.26,143,221
73.05,147,219
73.84,141,220
74.63,138,232
75.42,137,238
76.20,136,235
76.99,128,230
77.78,132,228
78.57,134,223
79.36,135,219
80.15,135,215
90.32,618,223
91.12,618,223
91.93,634,218
92.73,634,217
93.53,618,216
94.34,618,216
95.14,216,218
95.95,229,218
96.75,236,216
97.55,239,218
98.36,241,216
99.16,235,217
109.47,556,232
110.25,540,231
111.04,525,232
111.82,525,229
112.60,509,229
113.39,509,228
114.17,509,229
114.96,525,230
115.74,525,229
116.52,525,234
117.31,540,236
118.09,540,237
128.48,282,235
129.27,283,241
130.06,296,217
130.85,540,230
131.64,556,236
132.43,572,238
133.21,417,225
134.00,402,230
134.79,395,227
135.58,384,233
136.37,386,230
137.16,401,224
147.91,478,222
148.70,478,225
149.50,478,225
150.29,478,227
151.08,478,225
151.87,469,231
152.67,473,231
153.46,467,232
154.25,464,229
155.04,373,222
155.84,362,228
156.63,375,225
166.80,461,213
167.62,461,215
168.43,469,210
169.25,509,119
170.07,525,210
170.88,556,213
171.70,712,213
172.51,587,212
173.33,556,219
174.15,556,222
174.96,572,214
175.78,556,145
186.09,509,211
186.89,501,211
187.70,497,212
188.50,495,212
189.30,494,214
190.11,494,211
190.91,525,210
191.72,572,212
192.52,572,221
193.32,556,213
194.13,587,129
194.93,6354,212
95.95,10200,24
191.33,11348,20
223.12,10510,80
254.92,6105,216
286.71,6042,216
318.50,5980,214
350.29,5481,210
22.09,5419,200
53.88,5076,210
214.72,4982,213
215.51,5107,158
216.31,4780,190
217.10,5232,216
217.89,7336,142
218.69,7274,180
219.48,7180,200
220.28,7164,190
221.07,5388,215
221.86,5372,221
222.66,5341,212
223.45,6214,187
233.69,4593,220
234.49,4562,219
235.28,4562,211
236.08,3626,54
236.88,3580,71
237.67,76,61
238.47,3408,51
239.26,151,67
240.06,3097,64
240.86,3050,151
241.65,2909,84
242.45,2785,103
252.58,2239,222
253.37,727,229
254.16,727,231
254.95,712,235
255.74,712,235
256.53,712,233
257.32,712,232
258.11,727,231
258.90,743,232
259.69,759,222
260.48,759,225
261.27,790,221
272.16,1491,229
272.97,1491,221
273.78,1304,218
274.59,1304,231
275.40,1429,230
276.21,1413,229
277.02,1398,228
277.83,1382,231
278.64,1366,232
279.45,1055,228
280.26,1351,230
281.07,1335,234
291.38,1226,232
292.19,1226,234
293.00,1211,236
293.81,1211,234
294.62,1195,236
295.43,1195,235
296.24,1195,238
297.05,1211,220
297.86,388,217
298.67,380,232
299.48,376,237
300.29,374,237
310.46,391,223
311.25,389,227
312.04,388,227
312.83,388,226
313.62,395,228
314.41,398,224
315.19,400,230
315.98,401,225
316.77,401,227
317.56,401,226
318.35,409,227
319.14,413,227
89.46,453,225
117.04,457,222
144.62,467,222
172.20,472,222
199.78,475,221
227.35,476,220
254.93,485,220
282.51,489,211
310.09,509,113
337.67,509,216
5.25,509,216
339.27,373,168
340.06,373,164
340.86,362,177
341.65,356,184
342.44,364,203
343.24,368,164
344.03,370,113
344.83,587,210
345.62,603,220
346.41,572,227
347.21,572,233
348.00,634,230
357.81,572,228
358.61,556,228
359.40,540,222
0.20,540,213
1.00,572,210
1.79,572,164
2.59,270,193
3.38,283,174
4.18,556,180
4.98,525,215
5.77,525,224
6.57,525,230
16.85,494,236
17.64,494,234
18.42,494,235
19.21,494,233
20.00,494,235
20.78,494,234
21.57,494,236
22.35,494,232
23.14,486,235
23.93,490,231
24.71,509,221
25.50,509,216
35.82,494,232
36.60,494,232
37.37,494,231
38.15,494,234
38.93,494,232
39.70,494,232
40.48,494,232
41.25,509,233
42.03,509,233
42.81,509,224
43.58,509,226
44.36,509,226
54.16,61,219
54.95,572,220
55.75,587,222
56.54,572,223
57.33,572,223
58.13,587,223
58.92,587,220
59.72,417,219
60.51,424,222
61.30,428,229
62.10,437,231
62.89,442,232
73.20,147,218
73.99,141,222
74.79,138,230
75.58,137,235
76.38,136,234
77.17,128,226
77.97,132,223
78.76,126,224
79.56,131,220
80.35,126,218
81.15,696,223
81.94,525,216
92.06,634,217
92.85,649,216
93.65,243,216
94.44,250,215
95.23,253,217
96.03,243,219
96.82,250,218
97.62,230,215
98.41,230,218
99.20,236,217
100.00,239,218
100.79,241,216
111.11,540,231
111.91,509,226
112.71,509,230
113.51,501,231
114.31,509,228
115.11,525,230
115.90,525,229
116.70,540,233
117.50,556,237
118.30,556,239
119.10,556,236
119.90,556,236
130.32,540,217
131.11,556,232
131.91,556,238
132.70,556,235
133.49,417,225
134.29,409,230
135.08,398,226
135.88,393,232
136.67,397,232
137.46,407,222
138.26,556,220
139.05,388,225
149.65,478,226
150.44,478,226
151.23,478,226
152.02,478,227
152.81,469,229
153.60,473,231
154.38,475,228
155.17,373,227
155.96,362,228
156.75,375,226
157.54,432,228
158.33,446,226
168.69,467,187
169.49,121,119
170.29,556,214
171.09,571,213
171.89,587,213
172.69,587,212
173.48,556,222
174.28,571,223
175.08,587,212
175.88,556,187
176.68,540,155
177.48,556,212
187.76,501,212
188.56,497,212
189.35,495,214
190.15,509,190
190.95,525,210
191.74,571,218
192.54,571,220
193.33,571,212
194.13,6120,168
194.93,6354,212
195.72,1553,221
196.52,1538,221
207.09,5995,213
207.88,5419,212
208.68,5076,190
209.47,5419,151
210.26,5356,212
211.06,5387,190
211.85,5419,215
212.65,5185,212
213.44,5123,218
214.23,5169,216
215.03,4982,213
215.82,4780,210
74.76,2971,21
96.88,9934,24
235.93,4546,190
236.72,3611,67
237.51,3611,61
238.30,3502,71
239.09,3392,61
239.88,76,58
240.68,3096,77
241.47,3034,161
242.26,2863,96
243.05,2816,90
243.84,2520,211
244.63,2411,203
254.57,712,230
255.35,712,233
256.12,712,233
256.90,712,231
257.68,712,233
258.46,727,233
259.23,743,229
260.01,758,223
260.79,758,226
261.57,805,221
262.34,1756,226
263.12,1740,226
273.44,1304,224
274.28,1304,226
275.11,1429,231
275.95,1413,231
276.78,1397,229
277.62,1382,232
278.45,1366,229
279.29,1039,226
280.12,1351,232
280.96,1335,233
281.79,1335,234
282.63,1320,234
292.97,1210,234
293.76,1210,235
294.55,1195,234
295.34,1195,235
296.13,1195,238
296.92,1226,220
297.72,388,222
298.51,380,233
299.30,376,234
300.09,374,238
300.88,373,239
301.67,373,234
312.12,389,227
312.91,395,226
313.71,391,230
314.50,396,226
315.29,399,226
316.09,408,226
316.88,405,224
317.68,411,227
318.47,414,228
319.26,415,228
320.06,416,228
320.85,416,227
331.17,459,219
331.99,468,219
332.81,473,222
333.62,475,219
334.44,484,219
335.26,488,213
336.08,30,90
336.90,509,215
337.72,509,217
338.53,524,211
339.35,350,193
340.17,361,200
350.48,587,227
351.20,587,229
351.92,602,222
352.65,633,211
353.37,310,210
354.09,316,203
354.81,602,213
355.53,587,222
356.25,571,225
356.98,571,228
357.70,556,229
358.42,556,230
18.35,493,230
19.14,493,234
19.94,493,236
20.73,493,233
21.52,493,235
22.32,485,234
23.11,489,233
23.91,491,231
24.70,484,220
25.49,509,220
26.29,501,225
27.08,497,233
37.39,492,231
38.15,492,233
38.91,492,233
39.67,492,233
40.43,509,234
41.19,509,232
41.96,509,232
42.72,509,229
43.48,524,225
44.24,509,224
45.00,524,223
45.76,524,222
55.93,556,221
56.72,587,224
57.51,587,222
58.30,587,225
59.09,587,218
59.88,446,219
60.67,438,224
61.46,442,229
62.25,436,235
63.04,433,231
63.83,432,232
64.62,424,234
74.75,137,232
75.54,136,240
76.33,128,235
77.12,132,226
77.91,126,224
78.70,123,225
79.49,129,217
80.28,711,215
81.07,680,224
81.86,509,216
82.65,524,218
83.44,509,214
93.79,618,216
94.59,256,217
95.39,216,216
96.19,270,216
96.99,243,218
97.79,246,217
98.59,237,219
99.39,240,220
100.19,234,218
100.99,252,217
101.79,243,218
102.59,243,218
112.58,509,230
113.37,509,231
114.17,509,227
114.96,524,230
115.75,524,227
116.54,540,233
117.34,540,237
118.13,540,237
118.92,556,235
119.71,556,235
120.51,556,234
121.30,556,225
132.05,556,236
132.85,556,235
133.64,402,228
134.44,402,231
135.24,394,225
136.03,390,231
136.83,396,228
137.62,406,221
138.42,571,220
139.22,387,226
140.01,387,224
140.81,493,212
151.08,478,227
151.89,478,228
152.71,478,229
153.52,478,229
154.33,469,229
155.15,373,226
155.96,361,226
156.78,381,227
157.59,446,231
158.40,462,228
159.22,446,228
160.03,431,227
170.34,556,216
171.16,587,214
171.99,758,213
172.81,587,213
173.63,556,222
174.45,571,221
175.28,587,210
176.10,556,171
176.92,524,180
177.74,556,213
178.57,540,216
179.39,540,213
189.77,495,213
190.56,509,174
191.36,556,210
192.15,571,221
192.94,571,219
193.74,571,212
194.53,6135,151
195.33,6354,214
196.12,1553,221
196.91,1553,220
197.71,1522,226
198.50,1537,226
208.81,5075,210
209.59,5387,206
210.37,5387,210
211.15,5418,155
211.93,5418,218
212.71,5169,213
213.50,5122,220
214.28,5185,217
215.06,4982,212
215.84,4779,211
216.62,5216,213
217.40,5247,213
129.58,11348,21
190.96,6790,155
221.65,4764,220
252.33,4733,220
283.02,4701,221
313.71,4686,220
344.40,4655,220
15.08,4623,219
45.77,4608,220
217.58,5420,14
246.67,2239,212
247.46,2628,214
248.24,2597,225
249.03,2519,226
249.82,2441,225
250.61,2379,225
251.39,2317,225
252.18,2270,225
252.97,2239,223
253.76,727,229
254.54,711,233
255.33,711,235
266.07,1662,228
266.86,1631,226
267.66,1615,228
268.45,1584,227
269.24,1568,227
270.04,1537,227
270.83,1522,228
271.63,1506,227
272.42,1491,228
273.21,1335,218
274.01,1303,225
274.80,1303,223
284.93,1288,235
285.78,1288,226
286.63,961,222
287.48,1272,220
288.33,1257,222
289.18,1241,233
290.02,1257,222
290.87,1241,221
291.72,1226,234
292.57,1210,233
293.42,1210,235
294.27,1210,233
304.54,372,234
305.32,372,234
306.09,379,229
306.87,375,233
307.65,373,230
308.43,380,228
309.20,391,214
309.98,389,211
310.76,388,222
311.54,387,225
312.31,387,228
313.09,387,228
323.40,423,225
324.20,427,223
324.99,429,226
325.79,437,225
326.59,441,224
327.38,443,227
328.18,444,225
328.97,445,222
329.77,453,224
330.57,457,223
331.36,459,221
332.16,468,222
342.81,373,168
343.61,373,148
344.40,361,135
345.20,587,213
346.00,602,221
346.79,571,227
347.59,571,229
348.38,649,232
349.18,633,233
349.98,618,232
350.77,587,230
351.57,587,228
1.52,283,211
2.30,556,184
3.07,323,155
3.85,303,171
4.63,293,210
5.40,524,217
6.18,524,228
6.95,524,231
7.73,509,229
8.51,509,233
9.28,509,233
10.06,509,234
20.38,493,235
21.16,493,235
21.94,493,233
22.72,493,233
23.50,485,233
24.28,489,227
25.06,509,218
25.84,493,221
26.62,485,229
27.40,489,234
28.18,491,230
28.96,492,231
39.23,492,233
40.02,492,232
40.81,492,231
41.60,509,234
42.39,509,232
43.18,509,228
43.98,509,224
44.77,524,226
45.56,524,221
46.35,524,223
47.14,524,221
47.93,540,220
57.88,587,222
58.67,587,225
59.47,602,215
60.26,431,221
61.05,431,226
61.85,438,230
62.64,434,234
63.44,432,236
64.23,431,236
65.02,431,235
65.82,431,231
66.61,431,236
77.06,129,232
77.80,132,226
78.53,126,225
79.27,131,218
80.01,133,219
80.75,696,222
81.48,696,219
82.22,509,220
82.96,524,221
83.70,106,213
84.43,90,212
85.17,649,217
95.52,602,217
96.33,602,213
97.15,602,217
97.96,229,215
98.77,236,215
99.58,155,216
100.40,602,216
101.21,216,216
102.02,145,215
102.83,110,215
103.65,270,215
104.46,587,215
114.74,524,227
115.54,556,230
116.33,524,232
117.13,540,238
117.93,556,238
118.72,556,236
119.52,556,235
120.31,540,235
121.11,556,235
121.91,461,225
122.70,310,220
123.50,296,239
133.92,402,230
134.72,394,229
135.53,383,229
136.33,385,233
137.13,401,231
137.94,556,222
138.74,387,222
139.55,387,228
140.35,402,217
141.15,478,213
141.96,485,215
142.76,489,214
153.07,467,230
153.87,464,232
154.68,440,226
155.48,350,230
156.28,361,227
157.08,417,228
157.89,439,228
158.69,458,229
159.49,444,230
160.29,437,228
161.10,457,227
161.90,467,225
87.13,711,213
114.94,556,215
142.75,556,220
170.56,571,222
198.37,571,193
226.19,556,168
254.00,556,210
281.81,540,212
309.62,540,214
337.43,556,214
5.24,524,211
181.99,524,210
182.77,524,211
183.54,509,210
184.32,509,211
185.10,509,212
185.87,509,210
186.65,509,211
187.42,509,212
188.20,509,211
188.98,501,213
189.75,497,213
190.53,524,148
200.85,5839,203
201.64,6011,119
202.44,6166,113
203.23,6385,212
204.02,6338,213
204.81,6151,215
205.61,6073,214
206.40,6011,215
207.19,5964,211
207.98,5403,212
208.78,5060,213
209.57,5403,210
219.74,7164,177
220.53,7164,132
221.32,5387,223
222.11,5340,220
222.90,6260,168
223.69,6213,210
224.48,6182,206
225.27,6899,93
226.06,6837,180
226.85,6821,180
227.64,6774,129
228.43,4764,222
238.85,3377,84
239.64,3267,58
240.44,3112,71
241.23,3018,142
242.02,2847,106
242.82,2535,96
243.61,2488,200
244.41,2395,210
245.20,2395,214
245.99,2379,212
246.79,2208,216
247.58,2644,215
257.89,727,234
258.68,727,233
259.46,743,226
260.25,758,224
261.04,758,225
261.82,805,217
262.61,1756,226
263.39,1724,225
264.18,1709,227
264.97,1678,227
265.75,1662,227
266.54,1631,227
277.47,1397,229
278.26,1382,233
279.05,1382,220
279.84,1055,220
280.63,1351,233
281.42,1335,232
282.21,1320,233
283.00,1320,233
283.79,1304,226
284.58,1288,235
285.37,1288,232
286.16,1288,223
296.58,1195,233
297.37,1242,218
298.17,373,224
298.96,373,234
299.75,373,235
300.55,373,238
301.34,373,235
302.14,373,237
302.93,373,234
303.72,373,235
304.52,373,233
305.31,380,234
316.09,401,224
316.88,401,227
317.67,401,226
318.46,401,225
319.25,409,227
320.04,413,228
320.83,415,227
321.62,416,226
322.41,416,226
323.20,424,225
323.99,428,223
324.78,430,223
335.10,488,216
335.90,483,122
336.70,509,200
337.50,509,215
338.30,509,215
339.10,388,193
339.89,380,203
340.69,376,187
341.49,374,190
342.29,373,197
343.09,362,142
343.89,367,161
353.26,324,212
354.05,587,212
354.85,587,219
355.64,571,226
356.43,571,229
357.23,556,229
358.02,556,228
358.82,556,226
359.61,556,220
0.40,556,213
1.20,556,193
1.99,297,190
12.34,501,236
13.13,509,232
13.92,501,235
14.71,497,233
15.50,495,233
16.29,494,235
17.08,493,233
17.87,493,235
18.66,493,237
19.45,493,233
20.24,493,236
21.03,493,234
31.27,493,230
32.07,485,233
32.86,489,233
33.66,491,230
34.46,492,233
35.25,492,235
36.05,492,232
36.84,492,231
37.64,492,232
38.44,509,232
39.23,501,234
40.03,497,234
50.31,46,213
51.10,556,218
51.88,540,229
52.67,556,224
53.46,61,221
54.24,571,220
55.03,571,220
55.81,571,222
56.60,587,222
57.39,587,224
58.17,587,226
58.96,587,220
68.95,712,218
69.74,509,222
70.54,493,217
71.33,151,216
72.12,143,221
72.91,139,221
73.71,137,220
74.50,144,226
75.29,140,234
76.08,138,233
76.88,129,232
77.67,125,224
88.27,665,221
89.06,634,221
89.86,634,221
90.65,618,218
91.44,618,225
92.24,618,222
93.03,618,220
93.83,618,219
94.62,618,216
95.41,603,217
96.21,618,216
97.00,618,217
106.70,556,227
107.52,556,230
108.33,556,234
109.15,556,233
109.97,556,233
110.78,556,233
111.60,525,230
112.41,509,228
113.23,509,231
114.05,525,229
114.86,540,229
115.68,540,228
125.96,275,238
126.75,272,237
127.55,278,241
128.34,281,240
129.13,282,240
129.92,289,226
130.72,525,227
131.51,556,234
132.30,556,237
133.09,556,225
133.89,388,230
134.68,388,230
145.28,492,218
146.07,485,220
146.86,481,220
147.65,479,224
148.44,478,224
149.23,478,225
150.02,478,225
150.81,478,225
151.60,478,229
152.39,478,230
153.18,469,231
153.97,473,230
164.25,470,87
165.04,743,206
165.84,634,184
166.63,478,211
167.42,469,216
168.21,458,213
169.01,459,129
169.80,572,145
170.59,556,214
171.38,696,212
172.18,587,212
172.97,556,215
183.29,509,193
184.15,509,210
185.01,501,210
185.86,509,210
186.72,501,210
187.58,497,213
188.44,495,212
189.30,494,214
190.16,494,213
191.01,556,158
191.87,540,210
192.73,572,223
202.68,106,93
203.47,6385,214
204.27,6338,211
205.06,6136,215
205.85,6073,215
206.65,5996,216
207.44,5466,187
208.24,5419,213
209.03,5076,213
209.82,5403,212
210.62,5216,211
211.41,5434,211
221.54,5372,220
222.33,5341,219
223.13,6245,161
223.92,6214,203
224.71,6167,203
225.51,6899,113
226.30,6837,161
227.10,6790,203
227.89,4795,211
228.68,4749,220
229.48,4717,220
230.27,4702,220
34.71,8512,13
161.71,11348,23
193.46,1294,94
225.20,3081,103
256.95,2987,119
288.70,2754,100
320.45,2535,164
352.20,2489,190
23.95,2395,212
250.03,2426,225
250.83,2364,226
251.62,2302,226
252.42,2255,226
253.22,727,220
254.01,727,231
254.81,712,233
255.60,712,232
256.40,712,235
257.20,712,235
257.99,727,232
258.79,727,230
269.03,1569,228
269.85,1538,229
270.67,1522,228
271.49,1507,229
272.31,1491,229
273.13,1460,217
273.94,1304,228
274.76,1429,221
275.58,1413,232
276.40,1398,227
277.22,1398,230
278.04,1382,232
288.36,1257,230
289.19,1242,229
290.03,961,220
290.86,1226,226
291.69,1226,234
292.52,1211,232
293.36,1211,235
294.19,1195,235
295.02,1195,237
295.85,1195,236
296.69,1195,232
297.52,1257,216
307.79,387,232
308.58,387,222
309.38,402,155
310.17,395,217
310.96,391,224
311.76,389,226
312.55,396,227
313.35,399,228
314.14,401,228
314.93,402,226
315.73,402,226
316.52,402,225
326.84,439,227
327.63,443,224
328.43,445,225
329.22,453,222
330.01,457,223
330.81,459,220
331.60,468,221
332.40,473,224
333.19,483,220
333.98,480,220
334.78,487,216
335.57,509,122
346.08,572,224
346.83,572,231
347.58,587,229
348.33,650,232
349.08,634,234
349.83,603,229
350.59,587,230
351.34,587,228
352.09,618,216
352.84,324,210
353.59,324,210
354.34,587,211
4.65,556,211
5.43,525,221
6.20,525,230
6.98,525,230
7.76,509,231
8.54,509,235
9.31,509,233
10.09,509,234
10.87,509,233
11.65,509,234
12.42,509,233
13.20,501,233
23.48,484,232
24.27,489,223
25.07,491,214
25.86,492,221
26.65,493,231
27.44,493,233
28.24,493,233
29.03,493,233
29.82,493,233
30.61,493,233
31.41,493,232
32.20,493,233
42.01,509,228
42.81,525,226
43.60,525,223
44.40,509,224
45.19,525,222
45.99,525,221
46.78,525,221
47.58,541,223
48.37,541,215
49.17,46,213
49.96,61,212
50.76,556,219
61.37,443,224
62.14,437,232
62.92,434,235
63.69,433,233
64.46,432,233
65.24,432,233
66.01,432,232
66.79,432,235
67.56,665,224
68.33,681,231
69.11,696,216
69.88,478,222
80.19,136,218
80.98,696,224
81.77,681,216
82.56,509,221
83.35,509,216
84.14,46,212
84.93,68,211
85.72,650,220
86.51,61,215
87.30,83,216
88.09,634,217
88.88,634,221
99.12,243,215
99.92,243,215
100.72,250,216
101.52,76,216
102.32,83,215
103.12,149,217
103.92,189,217
104.72,572,216
105.52,572,223
106.32,556,228
107.12,556,231
107.92,556,230
118.05,556,238
118.84,556,237
119.63,556,234
120.42,556,237
121.21,525,232
122.00,461,222
122.78,297,227
123.57,290,241
124.36,287,236
125.15,278,241
125.94,274,238
126.73,279,236
137.02,401,227
137.84,556,222
138.67,388,229
139.49,388,231
140.31,395,214
141.13,478,213
141.96,486,214
142.78,490,215
143.60,492,214
144.42,493,217
145.25,485,219
146.07,481,221
156.34,362,223
157.16,432,228
157.97,439,229
158.79,458,227
159.61,445,229
160.42,438,227
161.24,458,227
162.05,468,227
162.87,473,220
163.69,483,212
164.50,488,119
165.32,634,206
175.75,556,203
176.54,541,161
177.34,541,210
178.13,556,214
178.92,556,218
179.71,556,211
180.51,525,210
181.30,525,211
182.09,525,212
182.88,525,211
183.68,509,206
184.47,509,211
194.93,6354,213
195.72,1554,219
196.52,1538,222
197.31,1522,223
198.10,1538,227
198.90,1569,215
199.69,176,64
200.49,5793,145
201.28,5949,113
202.07,6058,103
202.87,6292,129
203.66,6370,216
213.96,5170,214
214.75,4983,215
215.53,5107,168
216.32,4780,174
217.11,5232,216
217.90,7398,132
218.68,7274,168
219.47,7180,211
220.26,7180,177
221.05,5403,215
221.83,5357,220
222.62,5357,214
232.90,4609,218
233.69,4593,221
234.49,4562,219
235.28,4546,211
236.07,61,48
236.86,61,84
237.66,53,54
238.45,3424,74
239.24,31,77
240.03,3050,48
240.83,3050,158
241.62,2910,84
251.90,2286,225
252.69,2239,225
253.49,728,230
254.28,712,230
255.07,712,234
255.86,712,234
256.66,712,236
257.45,712,233
258.24,728,235
259.03,743,230
259.83,743,221
260.62,759,227
270.93,1522,228
271.73,1491,229
272.53,1476,222
273.33,1304,218
274.13,1304,230
274.93,1429,228
275.74,1413,231
276.54,1398,228
277.34,1398,234
278.14,1382,232
278.94,1039,228
279.74,1351,228
290.04,961,221
290.89,1226,231
291.75,1226,232
292.60,1211,233
293.45,1211,234
294.30,1195,235
295.16,1195,236
296.01,1195,237
296.86,1195,230
297.71,1273,216
298.57,373,230
299.42,373,234
309.63,387,180
310.43,387,221
311.22,387,227
312.02,387,226
312.81,387,228
313.61,394,228
314.40,398,226
315.20,400,228
315.99,401,225
316.79,409,228
317.58,405,227
318.38,411,225
328.69,445,224
329.50,446,225
330.32,453,222
331.13,457,222
331.95,459,222
332.76,468,222
333.58,473,220
334.39,483,221
335.21,488,216
336.02,491,148
336.84,509,210
337.65,509,216
347.96,587,226
348.69,665,233
349.43,634,233
350.16,603,229
350.90,587,229
351.63,603,230
352.37,618,214
353.10,310,211
353.84,317,210
354.57,618,212
355.31,603,219
356.04,587,224
6.39,525,228
7.16,509,232
7.94,509,233
8.71,509,234
9.48,509,232
10.26,509,235
11.03,509,235
11.81,501,232
12.58,509,233
13.35,501,235
14.13,497,237
14.90,495,233
25.03,525,216
25.83,509,222
26.62,501,233
27.42,497,235
28.22,487,234
29.01,490,233
29.81,492,234
30.60,493,234
31.40,493,231
32.20,493,233
32.99,493,231
33.79,493,233
43.89,509,223
44.67,525,224
45.45,525,222
46.23,525,220
47.01,525,221
47.79,540,221
48.57,556,215
49.35,46,212
50.13,46,211
50.91,556,224
51.69,556,228
52.47,556,223
62.75,435,231
63.54,433,231
64.33,425,234
65.12,428,233
65.91,422,235
66.70,427,234
67.48,649,227
68.27,681,225
69.06,509,213
69.85,493,220
70.64,485,212
71.43,176,217
81.75,509,215
82.60,525,220
83.45,509,213
84.30,76,212
85.15,91,213
86.00,665,221
86.84,136,215
87.69,121,215
88.54,634,219
89.39,634,220
90.24,634,218
91.09,634,221
100.89,233,216
101.68,239,216
102.48,157,215
103.27,180,217
104.06,257,216
104.86,571,218
105.65,571,222
106.45,556,226
107.24,556,231
108.03,556,232
108.83,556,230
109.62,525,232
120.04,556,237
120.84,556,236
121.65,540,223
122.45,478,220
123.25,283,237
124.05,283,239
124.86,276,237
125.66,273,238
126.46,271,237
127.26,277,239
128.07,280,240
128.87,281,237
139.15,388,226
139.96,395,228
140.78,461,210
141.59,477,211
142.40,485,213
143.21,489,214
144.03,491,215
144.84,484,218
145.65,481,218
146.46,479,219
147.28,478,223
148.09,478,224
157.97,462,227
158.76,454,226
159.55,443,229
160.34,444,226
161.13,452,226
161.92,465,227
162.71,471,217
163.50,482,210
164.29,727,148
165.08,587,211
165.87,478,148
166.66,469,214
177.63,556,212
178.43,556,215
179.22,540,216
180.02,540,211
180.82,525,210
181.61,525,206
182.41,509,211
183.20,525,210
184.00,509,210
184.80,509,211
185.59,509,211
186.39,509,211
196.30,1553,223
197.12,1522,223
197.94,1538,227
198.76,1553,214
199.58,61,80
200.40,5824,171
201.22,5933,100
202.04,76,103
202.86,6401,96
203.68,6369,218
204.50,6182,212
205.32,6120,215
215.63,5107,145
216.39,4795,211
217.16,5232,215
217.92,7336,106
218.68,7305,155
219.45,7242,177
220.21,7164,174
220.98,5419,214
221.74,5372,222
222.50,5341,216
223.27,6245,193
224.03,6198,180
234.92,4577,219
235.72,4561,216
236.51,106,80
237.31,3580,77
238.11,3564,51
238.90,31,64
239.70,3377,74
240.49,76,67
241.29,3034,138
242.09,2972,96
242.88,2769,116
243.68,2504,187
253.49,727,226
254.28,712,228
255.07,712,233
255.86,712,236
256.65,712,232
257.44,712,235
258.23,727,233
259.02,743,232
259.81,743,221
260.60,758,226
261.39,774,223
262.18,1772,217
272.49,1491,224
273.31,1304,220
274.13,1304,229
274.95,1444,225
275.77,1413,230
276.59,1413,229
277.41,1397,233
278.23,1382,232
279.05,1039,230
279.87,1366,226
280.69,1351,234
281.51,1335,234
291.79,1226,233
292.61,1210,235
293.42,1210,236
294.24,1195,236
295.05,1195,235
295.87,1195,237
296.68,1195,227
297.50,1226,215
298.31,373,231
299.13,373,234
299.94,373,240
300.76,373,236
311.11,391,228
311.90,389,230
312.69,395,226
313.48,391,227
314.27,389,226
315.06,395,228
315.85,398,225
316.64,400,225
317.43,401,225
318.22,409,226
319.01,413,225
319.80,415,225
330.12,457,222
330.96,459,223
331.80,468,221
332.65,473,221
333.49,475,224
334.33,476,219
335.17,484,214
336.01,509,93
336.85,509,211
337.70,509,217
338.54,525,212
339.38,373,210
349.69,618,234
350.41,587,228
351.13,587,229
351.85,603,227
352.57,634,213
353.29,324,180
354.02,330,210
354.74,587,213
355.46,587,223
356.18,587,226
356.90,571,227
357.62,571,227
7.94,509,233
8.73,509,233
9.53,509,233
10.32,509,233
11.11,509,233
11.90,509,234
12.70,501,233
13.49,509,234
14.28,501,235
15.07,497,234
15.87,495,233
16.66,494,233
27.19,493,231
27.99,493,234
28.78,493,233
29.58,493,236
30.38,493,235
31.17,493,234
31.97,493,232
32.76,493,235
33.56,493,230
34.36,493,233
35.15,493,233
35.95,493,233
46.23,525,220
47.00,525,222
47.78,525,224
48.55,540,216
49.32,556,213
50.10,46,213
50.87,540,217
51.65,540,227
52.42,540,225
53.19,571,221
53.97,61,222
54.74,571,221
65.05,432,233
65.82,432,235
66.58,432,234
67.35,432,221
68.12,665,231
68.89,696,219
69.65,525,217
70.42,501,219
71.19,727,216
71.96,151,220
72.72,151,220
73.49,151,216
83.40,509,211
84.19,76,211
84.99,649,213
85.78,649,216
86.57,76,216
87.37,83,217
88.16,634,221
88.96,634,221
89.75,618,220
90.54,618,219
91.34,618,221
92.13,634,217
102.59,115,216
103.38,257,217
104.18,230,216
104.97,571,218
105.76,571,224
106.55,556,227
107.35,556,230
108.14,556,233
108.93,556,232
109.72,540,232
110.52,525,230
111.31,525,227
121.59,493,224
122.41,509,220
123.24,283,236
124.06,276,241
124.88,273,239
125.70,271,241
126.53,270,238
127.35,276,238
128.17,279,236
128.99,281,241
129.82,289,233
130.64,525,223
150.40,478,226
151.20,478,229
152.01,478,229
152.81,469,231
153.61,465,231
154.41,471,226
155.22,351,226
156.02,351,226
156.82,402,226
157.62,424,227
158.43,442,228
159.23,437,226
169.58,461,90
170.39,556,215
171.21,587,214
172.02,743,213
172.83,587,216
173.64,556,221
174.46,571,222
175.27,571,211
176.08,556,184
176.89,556,197
177.71,556,214
178.52,540,214
188.69,509,211
189.49,501,212
190.28,525,210
191.08,540,210
191.88,571,218
192.67,571,220
193.47,556,211
194.26,6323,138
195.06,6354,212
195.86,1569,219
196.65,1553,222
197.45,1507,224
207.66,5450,211
208.45,5419,158
209.25,5419,119
210.04,5372,211
210.83,5434,190
211.62,5403,215
212.42,5169,210
213.21,5123,218
214.00,5154,216
214.79,4982,213
215.59,4780,145
216.38,5216,200
84.41,2993,21
98.95,9918,24
102.58,9905,24
236.18,31,58
236.97,3595,64
237.77,3564,58
238.56,3470,84
239.35,61,74
240.14,46,51
240.94,3034,151
241.73,2925,100
242.52,2753,119
243.31,2535,206
244.11,2411,210
244.90,2395,215
255.18,712,234
255.97,712,235
256.76,712,233
257.55,712,232
258.34,727,233
259.13,743,229
259.92,758,222
260.71,758,227
261.50,790,223
262.29,1756,223
263.08,1740,226
263.87,1709,224
274.18,1304,229
275.02,1429,231
275.85,1413,230
276.69,1397,227
277.53,1382,232
278.36,1382,232
279.20,1055,226
280.03,1351,230
280.87,1335,234
281.71,1335,235
282.54,1320,236
283.38,1304,226
293.91,1210,236
294.70,1195,234
295.49,1195,234
296.28,1195,237
297.07,1226,221
297.86,388,220
298.65,380,232
299.44,376,235
300.23,374,240
301.02,373,237
301.81,373,238
302.60,362,233
313.02,388,227
313.82,395,227
314.62,398,226
315.42,400,226
316.22,401,226
317.02,401,225
317.82,401,225
318.62,409,226
319.42,413,226
320.22,415,226
321.02,416,226
321.82,416,227
332.09,468,221
332.92,473,223
333.75,475,221
334.58,484,220
335.41,488,210
336.24,490,109
337.07,509,216
337.90,509,215
338.73,525,190
339.56,351,168
340.39,362,168
341.22,349,177
351.57,587,229
352.30,603,219
353.04,634,211
353.77,310,210
354.51,310,210
355.24,587,216
355.98,587,225
356.71,571,227
357.45,571,229
358.18,571,231
358.92,556,227
359.65,556,224
9.74,509,233
10.53,509,232
11.33,509,233
12.12,501,234
12.91,497,233
13.71,509,234
14.50,501,237
15.30,489,233
16.09,491,234
16.88,492,235
17.68,492,234
18.47,492,235
28.49,485,233
29.28,489,232
30.07,491,234
30.86,492,232
31.65,492,233
32.44,492,234
33.23,492,232
34.02,492,233
34.81,492,234
35.60,492,232
36.39,492,231
37.18,492,231
47.42,525,219
48.20,540,217
48.98,91,211
49.76,68,213
50.54,525,214
51.32,540,229
52.10,540,228
52.88,556,220
53.66,571,221
54.44,571,220
55.22,587,222
56.00,571,222
66.28,431,236
67.12,431,220
67.95,665,231
68.79,696,219
69.62,509,220
70.46,493,217
71.29,712,215
72.13,151,219
72.96,143,219
73.80,147,216
74.63,141,228
75.47,138,234
85.32,665,214
86.11,649,219
86.90,76,217
87.69,649,218
88.48,634,219
89.27,634,219
90.06,618,219
90.85,618,222
91.64,618,226
92.43,618,223
93.22,618,218
94.01,603,218
104.14,603,215
104.95,571,222
105.75,556,224
106.56,556,230
107.37,571,227
108.17,556,230
108.98,556,233
109.78,556,234
110.59,556,232
111.40,525,228
112.20,509,228
113.01,509,231
123.29,283,238
124.08,283,237
124.88,276,240
125.67,273,239
126.46,271,239
127.25,277,238
128.05,280,239
128.84,281,240
129.63,289,233
130.42,571,218
131.22,556,232
132.01,556,236
142.47,493,214
143.26,493,215
144.05,493,216
144.84,493,218
145.63,485,219
146.42,481,221
147.21,479,223
148.00,478,223
148.79,478,222
149.58,478,224
150.37,478,226
151.16,478,227
161.72,467,228
162.52,472,223
163.31,475,215
164.11,509,193
164.91,758,210
165.71,618,190
166.50,478,206
167.30,469,215
168.10,457,213
168.90,467,161
169.69,480,109
170.49,556,214
180.94,540,206
181.77,525,211
182.59,525,212
183.42,509,187
184.25,509,210
185.07,509,210
185.90,509,211
186.72,509,212
187.55,509,210
188.38,501,210
189.20,497,213
190.03,495,214
200.34,91,71
201.13,5808,148
201.92,31,90
202.71,6136,119
203.50,6401,211
204.29,6354,213
205.08,6151,214
205.87,6073,216
206.66,6011,216
207.45,5964,211
208.24,5434,213
209.03,5076,215
91.00,7258,203
122.68,7180,164
154.36,5450,145
186.04,5372,222
217.72,5341,220
249.40,6260,206
281.08,6214,200
312.76,6167,171
344.44,6899,84
16.12,6853,161
47.80,6806,200
228.54,4764,221
229.35,4733,219
230.16,4702,220
230.97,4671,219
231.78,4639,220
232.59,4624,218
233.39,4608,220
234.20,4577,217
235.01,4546,218
235.82,31,64
236.63,3626,87
237.44,3564,61
247.72,2644,219
248.51,2566,225
249.30,2504,224
250.09,2426,225
250.88,2364,225
251.67,2317,226
252.46,2255,227
253.25,2239,218
254.04,712,229
254.83,712,234
255.62,712,233
256.41,712,236
266.69,1631,228
267.48,1600,226
268.28,1585,227
269.07,1569,228
269.86,1538,228
270.66,1522,227
271.45,1507,230
272.25,1491,229
273.04,1444,218
273.83,1304,228
274.63,1304,221
275.42,1429,230
286.12,1288,221
286.94,977,221
287.77,977,221
288.59,1257,228
289.41,1242,231
290.23,961,220
291.06,1226,228
291.88,1226,233
292.70,1210,234
293.52,1210,232
294.35,1195,234
295.17,1195,235
305.45,373,233
306.28,380,232
307.11,376,232
307.94,382,230
308.77,385,224
309.60,401,142
310.42,394,218
311.25,391,226
312.08,389,228
312.91,395,226
313.74,398,229
314.57,400,227
334.48,476,220
335.26,484,216
336.04,509,171
336.82,509,151
337.60,509,216
338.38,525,213
339.16,373,210
339.94,373,187
340.72,373,190
341.50,373,177
342.28,373,210
343.06,362,151
352.76,324,211
353.56,324,210
354.35,317,211
355.15,587,220
355.95,587,227
356.74,571,230
357.54,556,229
358.33,556,228
359.13,556,226
359.93,556,221
0.72,571,214
1.52,556,210
11.62,509,236
12.41,509,235
13.21,501,234
14.00,497,233
14.79,495,234
15.58,494,235
16.38,493,234
17.17,493,235
17.96,493,233
18.75,493,233
19.55,493,234
20.34,493,235
30.33,491,232
31.11,492,233
31.88,492,233
32.66,492,234
33.44,492,232
34.21,492,232
34.99,492,234
35.76,492,235
36.54,492,231
37.32,492,232
38.09,492,232
38.87,492,233
49.19,106,213
49.99,91,212
50.80,540,220
51.60,556,227
52.40,556,225
53.20,571,221
54.01,76,220
54.81,571,222
55.61,571,223
56.41,571,223
57.22,587,221
58.02,587,224
68.30,665,232
69.09,696,215
69.88,494,221
70.67,477,218
71.46,712,214
72.25,151,220
73.04,151,219
73.83,151,218
74.62,143,227
75.41,139,235
76.20,130,237
76.99,125,228
87.12,113,217
87.91,665,219
88.71,634,223
89.50,634,221
90.29,634,221
91.09,618,220
91.88,618,221
92.68,634,221
93.47,618,219
94.26,618,218
95.06,618,216
95.85,603,217
105.87,572,226
106.69,556,228
107.50,556,234
108.32,556,230
109.14,556,231
109.95,540,234
110.77,556,233
111.58,525,231
112.40,509,228
113.22,509,233
114.03,509,230
114.85,525,230
125.16,285,239
125.94,277,240
126.71,273,239
127.49,278,238
128.27,281,238
129.05,282,238
129.82,289,231
130.60,525,223
131.38,556,233
132.16,556,237
132.93,556,230
133.71,402,230
144.31,485,217
145.11,482,218
145.90,480,218
146.70,479,221
147.50,479,221
148.29,479,224
149.09,479,223
149.88,479,225
150.68,479,227
151.48,479,226
152.27,479,228
153.07,479,231
163.49,474,214
164.28,510,171
165.07,759,210
165.86,619,184
166.65,462,210
167.44,462,214
168.23,462,213
169.02,462,145
169.81,478,119
170.60,556,216
171.39,588,213
172.18,588,214
182.46,525,211
183.28,525,193
184.09,525,210
184.91,510,211
185.72,510,211
186.54,510,211
187.35,510,211
188.17,494,213
188.98,494,213
189.80,494,213
190.61,510,164
191.43,541,187
201.75,6012,135
202.56,6152,84
203.37,6386,213
204.18,6354,213
204.99,6152,215
205.80,6074,216
206.61,5996,216
207.42,5980,210
208.23,5419,213
209.04,5076,212
209.85,5404,212
210.66,5232,211
220.79,5435,190
221.58,5388,221
222.37,5341,220
223.16,6245,193
223.95,6199,211
224.74,6183,193
225.53,6916,113
226.32,6853,171
227.11,6806,193
227.90,4796,210
228.69,4749,219
229.48,4718,221
239.86,84,58
240.64,3050,100
241.43,3050,109
242.21,2770,103
242.99,2520,148
243.78,2474,210
244.56,2396,212
245.35,2396,214
246.13,2380,211
246.91,2224,218
247.70,2629,219
248.48,2551,225
258.76,728,232
259.56,743,226
260.37,759,225
261.17,775,224
261.97,821,214
262.77,1757,225
263.58,1725,226
264.38,1694,226
265.18,1679,227
265.98,1647,227
266.79,1616,225
267.59,1601,226
277.94,1383,233
278.73,1040,220
279.53,1367,220
280.32,1336,233
281.11,1336,233
281.90,1320,233
282.70,1320,235
283.49,1273,227
284.28,1289,234
285.07,1289,230
285.87,1289,221
286.66,962,221
297.48,1242,218
298.27,373,227
299.07,373,234
299.86,373,237
300.65,373,237
301.45,373,237
302.24,373,235
303.04,373,233
303.83,373,236
304.62,380,234
305.42,376,233
306.21,374,233
316.63,402,227
317.42,402,225
318.22,410,226
319.01,414,228
319.80,416,225
320.60,417,227
321.39,417,227
322.19,417,226
322.98,417,226
323.77,424,226
324.57,421,224
325.36,426,224
335.67,525,113
336.49,510,212
337.30,510,217
338.12,510,212
338.93,373,184
339.75,373,210
340.56,373,206
341.38,362,206
342.19,367,203
343.01,370,164
343.82,371,164
344.64,572,187
354.63,603,211
355.42,588,219
356.22,572,226
357.01,572,227
357.80,572,227
358.59,556,229
359.39,556,226
0.18,572,217
0.97,556,211
1.76,311,203
2.56,311,203
3.35,304,155
13.66,502,231
14.45,498,232
15.24,496,233
16.03,495,232
16.82,494,233
17.61,494,233
18.40,494,235
19.19,486,235
19.98,490,234
20.77,492,234
21.56,493,236
22.35,493,234
32.16,493,235
32.96,493,233
33.75,493,234
34.55,493,231
35.35,493,233
36.15,493,232
36.94,493,231
37.74,493,231
38.54,493,234
39.34,493,231
40.13,493,230
40.93,493,232
51.23,541,223
51.99,541,227
52.74,556,225
53.50,91,221
54.26,588,219
55.02,588,221
55.77,572,220
56.53,572,224
57.29,572,221
58.05,588,222
58.80,603,220
59.56,447,218
69.85,479,220
70.64,137,212
71.43,144,220
72.22,148,219
73.01,150,218
73.80,143,220
74.58,140,229
75.37,138,235
76.16,137,234
76.95,129,227
77.74,133,225
78.53,127,224
88.70,634,220
89.49,634,217
90.29,619,224
91.08,619,222
91.87,619,219
92.67,619,218
93.46,634,215
94.26,618,216
95.05,618,216
95.84,230,217
96.64,223,217
97.43,231,215
107.70,556,229
108.50,556,233
109.31,525,232
110.11,556,235
110.91,525,233
111.72,509,228
112.52,509,228
113.33,509,228
114.13,525,227
114.93,541,230
115.74,525,229
116.54,541,236
126.81,271,240
127.63,270,240
128.46,277,237
129.28,287,238
130.10,299,218
130.92,556,230
131.75,556,238
132.57,556,237
133.39,403,224
134.21,403,232
135.04,395,231
135.86,391,234
146.14,479,222
146.93,478,222
147.73,478,224
148.52,478,225
149.31,478,225
150.10,478,225
150.90,478,226
151.69,478,229
152.48,469,229
153.27,465,229
154.07,471,230
154.86,388,222
165.36,634,190
166.13,618,168
166.90,461,212
167.67,454,215
168.44,450,211
169.21,464,132
169.99,541,210
170.76,556,215
171.53,712,214
172.30,759,213
173.07,556,218
173.84,556,219
184.14,509,210
184.99,509,211
185.84,509,211
186.69,501,211
187.54,497,211
188.39,509,213
189.23,501,213
190.08,497,210
190.93,541,187
191.78,572,213
192.63,572,223
193.48,572,211
203.62,6385,215
204.41,6339,210
205.20,6136,216
205.99,6058,216
206.78,5996,217
207.57,5980,210
208.35,5419,212
209.14,5076,215
209.93,5388,212
210.72,5248,210
211.51,5419,210
212.30,5419,215
222.44,5341,220
223.23,6245,211
224.03,6198,164
224.82,6167,180
225.61,6884,109
226.40,6853,171
227.20,6806,203
227.99,4780,211
228.78,4749,219
229.57,4733,219
230.37,4702,219
231.16,4671,219
241.44,3019,116
242.22,2800,142
243.00,2504,145
243.78,2504,193
244.56,2395,213
245.34,2395,215
246.13,2380,211
246.91,2208,218
247.69,2645,218
248.47,2567,225
249.25,2489,225
250.03,2426,225
260.33,758,224
261.12,774,225
261.90,821,214
262.69,1756,225
263.48,1725,225
264.27,1694,226
265.05,1678,226
265.84,1647,226
266.63,1631,227
267.42,1600,226
268.20,1585,227
268.99,1569,224
279.56,1351,221
280.35,1351,232
281.15,1335,234
281.94,1320,235
282.73,1320,233
283.52,1304,227
284.32,1288,235
285.11,1288,233
285.90,1288,222
286.69,977,221
287.49,977,221
288.28,1242,228
299.02,373,233
299.81,373,237
300.60,373,235
301.39,373,235
302.18,373,234
302.97,373,234
303.77,373,234
304.56,373,235
305.35,373,235
306.14,373,232
306.93,380,233
307.72,384,230
318.02,412,227
318.81,414,228
319.61,415,226
320.40,416,227
321.19,416,226
321.98,416,225
322.78,416,226
323.57,424,228
324.36,428,228
325.15,430,223
325.95,431,225
326.74,438,223
337.90,509,218
338.70,525,212
339.49,373,210
340.29,373,193
341.09,362,180
341.89,367,177
342.68,370,210
343.48,379,155
344.28,383,116
345.08,556,203
345.87,603,218
346.67,571,226
356.51,571,226
357.30,571,227
358.09,556,226
358.88,556,225
359.67,556,220
0.46,540,213
1.26,571,210
2.05,571,151
2.84,283,161
3.63,290,203
4.42,556,161
5.21,540,216
15.33,494,232
16.11,493,236
16.88,493,233
17.66,493,236
18.44,493,236
19.21,493,235
19.99,493,234
20.76,485,232
21.54,489,233
22.32,491,234
23.09,484,234
23.87,488,229
34.20,492,232
35.01,492,233
35.82,492,231
36.63,492,231
37.44,492,229
38.25,492,234
39.05,492,232
39.86,492,233
40.67,509,231
41.48,509,234
42.29,509,234
43.10,509,229
52.86,556,221
53.65,571,222
54.44,106,221
55.23,571,224
56.02,571,221
56.81,587,222
57.61,587,225
58.40,587,225
59.19,587,220
59.98,446,219
60.77,446,222
61.56,439,227
71.73,143,219
72.53,139,222
73.32,145,216
74.12,140,223
74.92,138,231
75.72,137,240
76.51,129,233
77.31,125,227
78.11,123,224
78.91,129,225
79.70,132,219
80.50,696,217
90.62,618,222
91.42,618,223
92.22,618,217
93.02,634,215
93.82,257,215
94.62,257,217
95.42,243,217
96.22,243,217
97.02,243,216
97.82,250,219
98.62,253,217
99.42,216,218
109.74,540,231
110.53,556,232
111.32,525,232
112.11,509,230
112.90,509,230
113.69,509,232
114.47,509,230
115.26,540,229
116.05,525,229
116.84,540,234
117.63,540,238
118.42,556,238
128.87,279,238
129.66,288,239
130.46,299,219
131.25,556,229
132.05,556,239
132.84,556,239
133.64,402,223
134.43,395,231
135.23,391,231
136.02,382,235
136.82,385,232
137.61,401,225
147.92,478,224
148.71,478,223
149.50,478,224
150.29,478,225
151.08,478,227
151.87,478,226
152.66,478,231
153.45,478,231
154.24,469,229
155.03,402,223
155.82,351,226
156.61,362,224
166.71,461,212
167.52,461,216
168.33,461,211
169.14,509,129
169.95,556,151
170.76,556,214
171.56,587,214
172.37,587,213
173.18,556,219
173.99,556,221
174.80,587,218
175.61,556,164
185.93,509,211
186.74,501,211
187.56,497,211
188.37,495,212
189.18,494,213
189.99,493,212
190.81,525,193
191.62,571,211
192.43,571,222
193.24,571,214
194.06,556,177
194.87,6323,212
219.59,11348,25
283.26,6136,215
315.10,6073,216
346.93,6011,215
18.77,5434,200
50.60,5403,211
214.88,5185,214
215.65,5123,187
216.43,4780,213
217.20,5216,217
217.97,5278,126
218.75,7320,151
219.52,7227,171
220.30,7180,197
221.07,5419,211
221.84,5372,221
222.62,5341,219
223.39,6245,210
233.66,4593,218
234.45,4561,219
235.25,4561,215
236.04,46,74
236.83,3564,106
237.63,3517,58
238.42,3424,54
239.22,3346,71
240.01,91,90
240.80,3034,171
241.60,3003,71
242.39,2769,138
252.81,2255,227
253.61,727,225
254.40,712,231
255.20,712,233
256.00,712,235
256.80,712,234
257.59,712,235
258.39,727,230
259.19,743,229
259.99,743,221
260.78,758,225
261.58,790,221
271.71,1507,230
272.52,1491,223
273.33,1304,219
274.15,1304,230
274.96,1429,228
275.77,1413,233
276.58,1413,226
277.39,1397,232
278.20,1382,234
279.02,1039,228
279.83,1351,229
280.64,1335,233
290.96,1226,233
291.79,1226,233
292.63,1210,233
293.46,1210,234
294.29,1195,237
295.12,1195,237
295.96,1195,237
296.79,1210,221
297.62,388,216
298.45,380,230
299.29,376,232
300.12,374,236
310.53,391,222
311.32,389,226
312.12,388,225
312.91,388,228
313.71,395,227
314.50,398,228
315.30,400,227
316.09,401,225
316.89,409,226
317.68,405,226
318.48,411,226
319.27,414,227
329.59,452,222
330.45,456,222
331.30,467,222
332.16,472,221
333.02,475,222
333.88,476,223
334.73,484,218
335.59,509,211
336.45,509,100
337.31,509,216
338.16,509,217
339.02,540,210
349.34,649,233
350.04,618,234
350.73,587,228
351.43,587,232
352.13,618,219
352.83,618,210
353.52,310,203
354.22,310,211
354.92,556,214
355.62,587,225
356.31,571,227
357.01,571,229
7.43,509,234
8.22,509,233
9.01,509,235
9.80,509,233
10.59,509,233
11.38,501,232
12.18,509,232
12.97,509,234
13.76,501,232
14.55,497,233
15.34,495,234
16.13,494,234
26.40,497,230
27.19,495,232
27.99,494,234
28.78,493,233
29.57,493,233
30.37,493,233
31.16,493,232
31.96,493,235
32.75,493,234
33.54,493,235
34.34,493,232
35.13,485,230
45.26,525,224
46.02,525,224
46.78,525,223
47.54,540,219
48.30,540,218
49.06,76,213
49.82,91,211
50.58,540,215
51.34,540,226
52.10,540,228
52.86,76,218
53.62,571,221
63.94,433,234
64.71,432,235
65.49,432,235
66.26,424,230
67.03,428,230
67.81,649,229
68.58,681,225
69.36,525,217
70.13,501,218
70.90,727,213
71.68,136,217
72.45,143,222
82.40,525,222
83.19,509,214
83.98,46,211
84.77,76,211
85.56,649,219
86.35,106,215
87.14,113,216
87.93,665,219
88.72,634,221
89.51,618,219
90.30,618,220
91.09,618,220
101.15,226,216
101.94,173,217
102.74,124,217
103.53,163,219
104.32,571,215
105.12,556,221
105.91,556,227
106.71,556,229
107.50,556,231
108.29,556,231
109.09,556,234
109.88,556,230
120.77,556,235
121.52,556,230
122.26,461,225
123.01,297,232
123.76,290,238
124.50,280,238
125.25,275,238
125.99,272,240
126.74,277,240
127.49,280,241
128.23,281,239
128.98,289,239
139.34,388,228
140.18,402,213
141.01,478,211
141.85,485,214
142.68,489,214
143.52,483,217
144.35,488,218
145.19,483,220
146.02,488,220
146.86,483,221
147.69,480,223
148.53,479,224
158.80,457,226
159.59,444,227
160.38,438,228
161.17,458,226
161.96,468,227
162.75,473,217
163.55,483,211
164.34,488,132
165.13,634,210
165.92,540,155
166.71,478,213
167.50,455,216
177.92,556,215
178.71,556,217
179.51,540,211
180.30,525,174
181.09,525,155
181.89,525,211
182.68,525,210
183.48,509,212
184.27,509,210
185.06,509,206
185.86,509,211
186.65,509,211
206.72,5995,214
207.52,5450,210
208.31,5419,211
209.11,5076,210
209.91,5372,213
210.71,5216,210
211.50,5419,213
212.30,5387,211
213.10,5138,219
213.90,5107,217
214.69,4982,212
215.49,5107,200
63.44,3217,28
74.56,7083,21
96.80,9912,24
102.36,6098,24
235.21,4546,211
236.01,46,54
236.80,3580,61
237.60,31,67
238.40,53,71
239.20,72,48
239.99,3065,58
240.79,3034,148
241.59,2909,90
242.39,2753,93
243.18,2504,168
243.98,2426,187
254.54,712,232
255.34,712,234
256.15,712,235
256.95,712,234
257.75,712,234
258.55,727,231
259.36,743,229
260.16,758,221
260.96,758,224
261.76,805,220
262.57,1756,224
263.37,1740,226
273.69,1304,224
274.52,1304,225
275.35,1429,230
276.18,1413,231
277.01,1397,230
277.84,1382,230
278.66,1382,227
279.49,1039,224
280.32,1351,231
281.15,1335,234
281.98,1335,233
282.81,1320,235
292.97,1210,235
293.77,1195,237
294.56,1195,234
295.36,1195,237
296.16,1195,235
296.96,1273,217
297.75,373,223
298.55,373,233
299.35,373,237
300.15,373,237
300.94,373,236
301.74,373,239
312.45,389,225
313.24,395,227
314.03,398,229
314.82,400,227
315.61,401,224
316.40,401,226
317.19,401,229
317.98,409,226
318.77,413,226
319.56,415,228
320.35,416,226
321.14,416,227
331.46,465,220
332.26,471,221
333.07,474,220
333.87,476,220
334.68,484,219
335.48,488,145
336.29,540,116
337.09,509,217
337.90,509,213
338.70,373,203
339.51,373,187
340.31,373,210
6.17,11348,17
6.25,587,227
6.30,587,231
6.34,603,217
359.74,556,223
0.50,556,213
1.27,525,210
2.03,310,206
2.80,310,210
3.56,303,187
4.33,556,180
5.09,540,217
5.86,525,229
6.62,525,231
7.39,509,235
8.15,509,231
18.49,493,234
19.26,493,232
20.04,493,235
20.81,493,234
21.58,493,235
22.36,493,234
23.13,493,234
23.91,493,230
24.68,509,217
25.45,509,220
26.23,501,228
27.00,489,235
37.30,492,232
38.09,509,231
38.88,501,232
39.67,497,234
40.46,509,233
41.25,509,234
42.05,509,235
42.84,509,226
43.63,509,226
44.42,525,223
45.21,525,223
46.00,525,223
55.96,571,223
56.76,587,221
57.55,587,223
58.35,587,225
59.14,603,220
59.94,446,218
60.73,446,224
61.53,446,228
62.32,439,235
63.12,435,234
63.91,433,235
64.71,432,233
75.28,137,232
76.06,136,232
76.84,128,233
77.61,124,229
78.39,130,225
79.17,133,224
79.95,134,218
80.73,696,217
81.51,696,223
82.28,525,219
83.06,525,222
83.84,509,212
94.13,618,216
94.88,618,218
95.63,230,216
96.39,236,217
97.14,239,216
97.89,227,215
98.64,234,217
99.39,239,216
100.14,165,216
100.90,257,215
101.65,243,214
102.40,229,216
112.65,509,229
113.44,509,231
114.23,509,230
115.03,525,229
115.82,525,228
116.61,540,234
117.40,556,238
118.19,556,237
118.98,556,236
119.78,556,236
120.57,556,237
121.36,540,225
131.86,556,236
132.65,556,239
133.44,402,228
134.23,395,233
135.02,391,227
135.81,382,230
136.59,392,232
137.38,412,221
138.17,587,219
138.96,388,227
139.75,388,224
140.54,478,211
150.97,469,226
151.79,473,230
152.60,475,231
153.42,476,230
154.24,461,225
155.05,351,226
155.87,351,226
156.68,417,226
157.50,432,227
158.32,446,228
159.13,439,226
159.95,435,228
170.29,556,214
171.11,572,213
171.92,587,213
172.74,572,213
173.56,556,223
174.37,572,221
175.19,572,210
176.00,572,200
176.82,540,184
177.64,556,213
178.45,540,214
179.27,540,215
190.02,495,214
190.82,525,200
191.61,540,193
192.41,572,221
193.20,572,220
194.00,572,211
194.79,6105,132
195.59,6354,212
196.38,1553,222
197.18,1538,222
197.97,1522,226
198.77,1553,228
208.73,5060,193
209.53,5403,200
210.34,5294,187
211.14,5419,177
211.95,5419,218
212.75,5169,213
213.56,5123,218
214.36,5154,216
215.17,4982,212
215.97,4780,211
216.78,5216,211
217.58,5247,214
129.62,11348,17
191.02,6775,190
221.72,4764,218
252.43,4733,222
283.13,4717,219
313.83,4686,222
344.53,4655,220
15.23,4640,218
45.93,4608,220
237.08,76,58
237.87,76,58
238.66,3408,80
239.46,3377,35
240.25,46,64
241.04,3050,158
241.83,2847,80
242.62,2769,93
243.41,2504,211
244.21,2442,203
245.00,2395,215
245.79,2380,212
255.93,712,232
256.76,712,234
257.59,727,233
258.42,727,231
259.25,743,230
260.08,759,222
260.91,759,227
261.74,805,221
262.57,1772,222
263.40,1741,226
264.23,1709,224
265.06,1678,227
275.36,1429,230
276.17,1413,232
276.97,1398,229
277.78,1382,230
278.59,1382,230
279.40,1055,226
280.20,1351,232
281.01,1335,234
281.82,1335,235
282.63,1320,236
283.43,1289,228
284.24,1289,235
294.70,1195,235
295.49,1195,236
296.27,1195,238
297.06,1242,218
297.84,388,220
298.63,380,233
299.41,376,236
300.20,374,236
300.98,373,239
301.77,373,234
302.55,373,237
303.34,373,236
313.80,391,228
314.59,404,227
315.39,403,227
316.18,402,225
316.97,402,227
317.76,409,224
318.56,413,225
319.35,415,229
320.14,416,228
320.93,416,225
321.73,416,226
322.52,416,226
332.82,473,223
333.68,475,221
334.54,484,217
335.41,509,210
336.27,525,113
337.13,509,215
337.99,509,215
338.85,525,206
339.71,373,180
340.58,373,187
341.44,373,190
342.30,362,210
352.40,618,217
353.14,337,210
353.88,330,210
354.61,603,211
355.35,587,219
356.09,587,226
356.83,572,229
357.57,556,229
358.31,556,233
359.04,556,230
359.78,556,223
0.52,556,214
10.64,509,233
11.43,509,235
12.23,509,234
13.02,501,232
13.82,497,235
14.61,495,233
15.41,494,236
16.20,493,234
17.00,493,234
17.79,493,232
18.59,493,232
19.38,493,233
29.40,493,233
30.20,493,234
31.00,493,231
31.80,493,234
32.60,493,231
33.40,493,234
34.19,493,232
34.99,493,233
35.79,493,233
36.59,493,233
37.39,493,233
38.19,509,231
48.51,556,217
49.29,76,213
50.06,61,212
50.84,540,220
51.62,540,228
52.39,556,225
53.17,572,222
53.94,76,220
54.72,572,221
55.50,572,220
56.27,587,222
57.05,587,223
67.65,618,222
68.44,681,231
69.24,696,216
70.03,525,221
70.82,501,216
71.62,727,218
72.41,136,219
73.21,143,219
74.00,147,218
74.79,141,226
75.59,138,233
76.38,129,236
86.47,106,216
87.26,113,217
88.06,650,222
88.85,634,223
89.65,618,220
90.44,618,220
91.24,618,222
92.03,618,222
92.83,618,222
93.62,618,220
94.42,603,217
95.21,618,218
105.05,572,219
105.87,572,226
106.69,556,233
107.51,556,231
108.33,556,230
109.15,556,232
109.96,525,231
110.78,556,232
111.60,525,230
112.42,509,229
113.24,509,230
114.06,509,228
124.38,284,241
125.16,277,236
125.93,273,240
126.71,271,239
127.49,277,238
128.26,280,238
129.04,282,238
129.81,289,227
130.59,556,223
131.37,556,236
132.14,556,236
132.92,556,230
143.51,492,215
144.30,485,217
145.09,481,218
145.88,487,220
146.67,482,220
147.46,480,222
148.26,479,221
149.05,478,224
149.84,478,225
150.63,478,229
151.42,478,227
152.21,478,230
162.48,473,223
163.27,475,212
164.07,484,174
164.86,790,177
165.66,603,193
166.45,461,210
167.25,454,216
168.04,457,212
168.84,467,171
169.63,556,210
170.43,556,215
171.22,587,212
181.81,509,211
182.61,525,211
183.42,509,210
184.22,525,210
185.02,509,211
185.82,509,211
186.63,509,212
187.43,501,212
188.23,497,212
189.03,495,213
189.84,494,213
190.64,556,190
200.96,5840,119
201.74,6011,116
202.51,6167,113
203.29,6401,214
204.07,6338,212
204.84,6151,215
205.62,6073,217
206.39,5996,217
207.17,5933,203
207.95,5434,214
208.72,5076,213
209.50,5388,211
220.07,7164,210
220.87,5434,210
221.66,5372,221
222.46,5341,219
223.26,6260,210
224.06,6214,210
224.85,6167,210
225.65,6884,122
226.45,6837,151
227.25,6806,187
228.04,4780,211
228.84,4749,220
239.25,3377,77
240.01,46,64
240.78,3065,113
241.54,2972,119
242.30,2800,132
243.07,2535,148
243.83,2473,168
244.60,2395,213
245.36,2395,213
246.12,2380,211
246.89,2224,219
247.65,2629,220
257.97,712,232
258.79,727,230
259.61,743,225
260.43,759,223
261.25,774,227
262.07,821,213
262.88,1756,225
263.70,1725,226
264.52,1709,225
265.34,1678,225
266.16,1647,226
266.98,1631,226
277.26,1398,231
278.05,1382,232
278.84,1366,218
279.63,1366,218
280.42,1351,233
281.21,1335,234
282.00,1320,234
282.79,1304,234
283.58,1304,225
284.37,1288,234
285.16,1288,235
285.95,1288,220
296.55,1179,231
297.34,1257,215
298.13,373,227
298.92,373,232
299.71,373,239
300.50,373,237
301.29,373,239
302.08,373,233
302.87,373,233
303.66,373,234
304.45,373,235
305.24,373,234
315.70,401,226
316.50,401,226
317.29,401,227
318.09,401,226
318.89,409,228
319.69,413,226
320.48,415,226
321.28,416,227
322.08,416,227
322.88,416,227
323.67,424,223
324.47,428,227
334.79,490,219
335.60,509,161
336.40,509,161
337.21,509,218
338.02,509,214
338.82,373,210
339.63,373,210
340.43,373,193
341.24,373,210
342.05,373,193
342.85,373,180
343.66,373,177
352.94,330,211
353.74,327,212
354.53,603,216
355.33,571,225
356.12,571,228
356.92,571,226
357.71,556,230
358.51,556,225
359.30,556,222
0.10,571,212
0.89,297,200
1.69,571,171
12.51,509,233
13.30,501,233
14.10,497,235
14.89,495,234
15.68,494,232
16.47,486,234
17.27,489,234
18.06,491,233
18.85,492,235
19.64,492,236
20.44,492,234
21.23,492,235
31.26,485,230
32.05,489,231
32.83,491,232
33.62,492,233
34.41,492,234
35.20,492,231
35.98,492,231
36.77,492,231
37.56,492,232
38.35,492,232
39.13,492,232
39.92,492,233
50.18,46,214
50.95,556,218
51.72,540,229
52.48,556,224
53.25,556,221
54.02,91,222
54.79,571,222
55.56,571,225
56.33,571,221
57.09,587,223
57.86,587,226
58.63,587,222
69.23,681,214
70.02,478,220
70.81,478,217
71.60,151,216
72.39,143,223
73.18,147,219
73.96,161,218
74.75,148,229
75.54,142,233
76.33,131,234
77.12,126,232
77.91,131,225
88.34,649,219
89.13,634,221
89.92,634,220
90.71,618,220
91.50,618,222
92.29,618,219
93.07,603,216
93.86,603,215
94.65,618,216
95.44,618,215
96.23,603,216
97.02,257,215
106.90,556,229
107.71,556,230
108.51,556,232
109.32,540,233
110.13,540,232
110.94,540,232
111.74,525,228
112.55,509,230
113.36,509,230
114.17,509,229
114.97,540,231
115.78,525,228
126.08,271,239
126.88,270,237
127.68,270,236
128.48,276,239
129.28,279,237
130.08,288,221
130.89,556,227
131.69,556,237
132.49,556,238
133.29,556,222
134.09,402,231
134.89,395,231
145.35,480,220
146.15,479,219
146.94,478,220
147.74,478,223
148.53,478,224
149.33,478,223
150.12,478,224
150.92,478,225
151.71,478,227
152.51,478,229
153.30,469,229
154.10,473,229
164.49,480,103
165.29,603,200
166.10,634,161
166.90,461,212
167.70,461,217
168.51,461,211
169.31,469,119
170.12,540,171
170.92,556,215
171.72,587,214
172.53,758,213
173.33,556,218
183.67,509,210
184.49,509,210
185.30,509,210
186.12,509,212
186.94,509,211
187.75,509,212
188.57,501,214
189.38,497,213
190.20,495,211
191.02,525,210
191.83,556,212
192.65,571,223
202.97,6214,84
203.77,6385,214
204.56,6198,211
205.36,6136,215
206.15,6058,216
206.95,5980,217
207.74,5465,210
208.54,5419,211
209.33,5076,211
210.13,5403,213
210.92,5216,212
211.72,5434,211
221.68,5372,221
222.47,5341,217
223.26,6245,164
224.05,6198,210
224.84,6182,161
225.63,6899,184
226.41,6837,197
227.20,6790,193
227.99,4780,214
228.78,4748,219
229.57,4733,221
230.36,4686,220
240.93,3050,129
241.71,3050,84
242.48,2769,100
243.26,2520,187
244.04,2442,210
244.82,2395,212
245.59,2395,213
246.37,2395,210
247.15,2224,223
247.93,2629,221
248.70,2551,225
249.48,2473,225
259.79,743,221
260.58,758,226
261.37,774,222
262.16,1772,217
262.95,1740,226
263.74,1725,227
264.53,1694,227
265.32,1662,225
266.11,1647,226
266.90,1616,226
267.69,1600,228
268.48,1585,226
278.94,1039,222
279.73,1351,223
280.52,1335,234
281.31,1335,234
282.10,1320,233
282.89,1304,234
283.67,1288,229
284.46,1288,235
285.25,1288,232
286.04,1288,220
286.83,961,222
287.62,977,218
298.37,373,231
299.17,373,233
299.96,373,239
300.76,373,237
301.56,373,239
302.35,373,235
303.15,373,234
303.94,373,236
304.74,373,234
305.54,380,233
306.33,376,230
307.13,374,230
317.34,401,225
318.14,401,225
318.93,409,227
319.73,413,223
320.52,415,224
321.32,416,226
322.11,416,227
322.91,416,225
323.70,424,224
324.50,428,225
325.29,430,226
326.09,438,227
336.39,509,211
337.21,509,219
338.03,525,213
338.85,388,203
339.67,369,193
340.49,360,210
341.30,366,203
342.12,369,145
342.94,371,158
343.76,379,145
344.58,556,158
345.40,587,217
355.06,587,219
355.85,587,224
356.65,571,226
357.44,571,228
358.23,556,226
359.03,556,222
359.82,571,218
0.62,571,211
1.41,556,210
2.20,324,177
3.00,310,184
3.79,303,168
14.28,494,235
15.05,493,233
15.82,493,233
16.59,493,234
17.36,493,235
18.13,493,237
18.91,493,237
19.68,493,234
20.45,493,236
21.22,493,235
21.99,493,233
22.76,493,232
33.07,492,232
33.85,492,232
34.62,492,232
35.40,492,234
36.18,492,232
36.95,492,233
37.73,492,230
38.50,509,232
39.28,493,232
40.06,509,231
40.83,509,231
41.61,501,232
51.92,556,227
52.70,556,224
53.47,571,222
54.25,61,223
55.03,571,222
55.81,571,220
56.58,587,221
57.36,587,224
58.14,587,223
58.92,587,220
59.69,446,218
60.47,446,220
70.89,485,211
71.68,136,218
72.47,143,223
73.26,147,219
74.05,141,218
74.84,138,231
75.63,137,235
76.42,136,235
77.21,128,232
78.00,124,223
78.79,122,223
79.58,136,218
89.61,618,220
90.41,618,220
91.22,618,219
92.02,618,220
92.82,634,216
93.62,603,215
94.43,603,216
95.23,243,216
96.03,243,218
96.83,250,216
97.64,230,219
98.44,236,217
82.49,556,230
110.78,540,234
139.07,556,234
167.36,540,231
195.65,509,226
223.95,509,228
252.24,509,230
280.53,509,229
308.82,540,228
337.11,525,229
5.40,525,234
118.09,556,236
118.89,556,236
119.68,556,236
120.48,556,237
121.28,525,226
122.07,509,220
122.87,283,232
123.66,283,239
124.46,283,239
125.26,276,239
126.05,273,238
126.85,278,238
137.27,405,223
138.07,571,222
138.88,388,228
139.68,388,231
140.48,402,212
141.29,493,213
142.09,493,214
142.90,493,215
143.70,493,217
144.50,485,217
145.31,481,220
146.11,479,221
156.38,375,226
157.20,432,226
158.03,455,228
158.85,450,227
159.67,441,228
160.49,443,225
161.32,460,226
162.14,469,227
162.96,473,219
163.78,475,190
164.61,790,126
165.43,618,193
217.27,5420,14
185.23,509,211
186.06,509,212
186.90,509,212
187.73,501,211
188.56,497,210
189.39,495,212
190.23,494,210
191.06,525,197
191.89,556,213
192.72,571,220
193.56,571,211
194.39,6120,103
204.70,6182,213
205.49,6104,214
206.28,6027,214
207.07,5980,215
207.86,5481,210
208.65,5419,210
209.44,5076,210
210.23,5387,214
211.02,5232,211
211.81,5419,213
212.60,5419,211
213.39,5123,216
223.49,6245,184
224.28,6198,180
225.08,6167,106
225.87,6853,129
226.66,6837,193
227.45,6806,151
228.25,4780,216
229.04,4748,221
229.83,4717,221
230.62,4686,219
231.42,4671,219
232.21,4639,218
242.49,2785,119
243.27,2535,206
244.05,2411,168
244.83,2395,213
245.61,2395,213
246.39,2379,210
247.17,2208,222
247.95,2613,223
248.73,2535,225
249.51,2473,224
250.29,2411,225
251.07,2348,225
261.35,790,224
262.14,1772,217
262.93,1740,225
263.72,1725,226
264.51,1694,227
265.30,1662,226
266.09,1647,226
266.88,1616,226
267.67,1600,227
268.46,1585,227
269.25,1553,226
270.04,1538,228
280.50,1335,235
281.30,1335,234
282.09,1320,236
282.89,1304,231
283.69,1304,234
284.48,1288,235
285.28,1288,232
286.07,1288,222
286.87,977,221
287.67,977,221
288.46,1257,230
289.26,1242,225
299.79,373,235
300.62,373,236
301.46,373,235
302.29,373,235
303.12,373,235
303.95,373,234
304.79,373,234
305.62,373,233
306.45,380,233
307.28,384,232
308.12,378,228
308.95,383,224
319.29,413,225
320.08,415,226
320.86,416,226
321.65,416,228
322.44,416,228
323.22,424,224
324.01,428,225
324.79,430,225
325.58,431,226
326.37,431,222
327.15,438,224
327.94,442,224
338.37,525,213
339.17,373,180
339.96,373,210
340.76,373,193
341.56,373,190
342.35,373,171
343.15,373,148
343.94,387,116
344.74,556,210
345.54,587,216
346.33,571,226
347.13,571,232
356.94,571,229
357.73,571,227
358.53,556,231
359.32,556,223
0.11,556,217
0.90,571,211
1.70,571,210
2.49,297,177
3.28,297,206
4.07,297,177
4.87,525,212
5.66,525,224
16.08,494,235
16.84,493,234
17.61,493,233
18.37,493,236
19.14,493,233
19.90,493,234
20.67,493,235
21.43,493,234
22.20,485,234
22.96,481,235
23.73,487,231
24.49,490,221
34.80,492,234
35.58,492,234
36.36,492,231
37.14,492,233
37.92,509,231
38.70,501,233
39.48,497,235
40.26,495,231
41.04,509,229
41.82,509,232
42.60,509,227
43.38,525,226
53.62,61,219
54.41,68,221
55.21,587,221
56.00,587,220
56.79,587,224
57.58,556,225
58.38,587,222
59.17,571,222
59.96,446,218
60.75,446,221
61.55,446,225
62.34,439,232
72.30,136,221
73.10,143,216
73.89,147,221
74.69,134,231
75.49,135,236
76.28,135,234
77.08,135,227
77.87,128,224
78.67,124,224
79.47,130,219
80.26,153,218
81.06,696,226
91.77,618,220
92.53,634,219
93.30,618,218
94.06,618,215
94.82,230,216
95.59,236,217
96.35,241,219
97.12,242,216
97.88,229,218
98.64,236,218
99.41,241,216
100.17,603,217
110.48,556,233
111.26,525,231
112.03,509,228
112.81,509,230
113.59,509,229
114.37,509,230
115.14,525,228
115.92,525,230
116.70,540,236
117.48,556,237
118.25,556,237
119.03,556,237
129.70,282,237
130.50,540,221
131.30,556,234
132.10,556,237
132.90,556,235
133.70,402,226
134.50,395,232
135.30,391,226
136.10,389,232
136.90,395,231
137.70,406,219
138.50,571,221
148.81,478,226
149.60,478,226
150.38,478,228
151.17,478,228
151.96,478,228
152.75,469,231
153.53,465,230
154.32,455,227
155.11,373,228
155.90,362,228
156.68,417,224
157.47,424,226
167.78,457,214
168.58,467,197
169.39,509,106
170.19,556,213
170.99,571,214
171.79,571,214
172.60,587,214
173.40,556,222
174.20,571,221
175.00,571,213
175.81,556,148
176.61,556,184
186.92,509,211
187.72,501,211
188.53,497,211
189.33,495,213
190.13,509,210
190.94,525,210
191.74,571,213
192.55,571,221
193.35,556,211
194.15,91,96
194.96,6354,213
195.76,1553,220
206.07,6042,215
206.86,5980,215
207.65,5419,190
208.44,5419,187
209.23,5076,197
210.02,5403,213
210.81,5216,210
211.60,5419,212
212.39,5419,210
213.18,5138,218
213.97,5123,216
214.76,4982,214
65.82,7070,28
71.78,3230,28
77.74,11156,21
234.38,4561,219
235.17,4546,214
235.97,16,67
236.76,3595,74
237.55,106,64
238.34,3408,58
239.14,106,67
239.93,3112,45
240.72,3050,161
241.51,3003,109
242.31,2753,106
243.10,2520,210
253.42,727,225
254.25,712,232
255.09,712,232
255.92,712,233
256.75,712,234
257.58,712,232
258.42,727,230
259.25,727,232
260.08,758,222
260.91,758,226
261.75,790,221
262.58,1772,218
272.85,1491,223
273.67,1304,219
274.49,1304,228
275.31,1444,228
276.13,1413,231
276.95,1413,229
277.77,1382,232
278.59,1382,232
279.41,1039,230
280.23,1351,229
281.05,1335,234
281.87,1335,235
292.18,1226,235
292.98,1210,234
293.78,1210,235
294.58,1195,235
295.38,1195,235
296.18,1195,237
296.97,1210,224
297.77,388,216
298.57,380,233
299.37,376,236
300.17,374,237
300.97,373,238
216.76,5420,14
320.95,416,225
321.74,416,226
322.54,416,226
323.33,424,224
324.12,428,226
324.91,430,225
325.71,431,225
326.50,438,224
327.29,442,222
328.08,444,223
328.88,445,222
329.67,453,224
340.10,362,193
340.89,367,210
341.69,359,197
342.48,366,193
343.27,358,126
344.07,373,109
344.86,571,212
345.66,587,219
346.45,571,226
347.24,571,235
348.04,618,229
348.83,649,235
358.81,556,230
359.60,556,224
0.39,556,213
1.18,571,210
1.97,297,148
2.76,297,210
3.55,297,203
4.34,297,210
5.13,540,215
5.92,525,228
6.71,525,232
7.50,509,233
17.82,493,233
18.58,493,235
19.35,485,236
20.11,481,232
20.87,487,235
21.64,482,232
22.40,487,234
23.17,490,233
23.93,491,228
24.69,509,218
25.46,501,219
26.22,497,230
36.53,493,232
37.33,493,232
38.13,493,233
38.93,493,234
39.73,493,232
40.53,509,230
41.33,509,234
42.13,509,228
42.93,509,224
43.73,509,225
44.53,525,222
45.33,525,222
55.78,571,223
56.57,587,222
57.37,587,221
58.16,587,226
58.95,587,226
59.75,603,220
60.54,446,219
61.34,439,223
62.13,442,229
62.92,437,233
63.72,434,235
64.51,433,236
74.75,137,227
75.50,136,236
76.26,136,235
77.01,128,231
77.76,124,226
78.52,122,224
79.27,129,220
80.03,140,220
80.78,696,219
81.53,681,221
82.29,509,219
83.04,509,220
93.32,618,216
94.09,270,215
94.87,243,215
95.64,243,217
96.41,263,216
97.19,266,216
97.96,243,216
98.74,243,216
99.51,243,217
100.28,243,218
101.06,216,217
101.83,153,214
112.18,509,228
112.97,509,230
113.77,509,232
114.56,509,227
115.35,525,227
116.15,525,231
116.94,540,237
117.74,540,237
118.53,556,237
119.32,556,235
120.12,556,236
120.91,556,236
131.15,556,235
131.94,556,238
132.74,556,231
133.53,388,228
134.32,395,230
135.11,391,228
135.91,389,234
136.70,395,232
137.49,572,220
138.28,572,220
139.08,388,227
139.87,395,221
150.33,478,227
151.15,478,229
151.96,478,229
152.78,478,229
153.60,478,231
154.41,462,226
155.23,351,226
156.04,362,226
156.86,382,228
157.68,461,225
158.49,461,230
159.31,446,226
169.62,525,109
170.43,572,214
171.24,587,214
172.05,587,214
172.86,572,215
173.67,556,222
174.48,572,222
175.29,556,193
176.10,540,210
176.91,572,197
177.72,556,214
178.53,556,215
188.95,497,213
189.74,495,216
190.53,540,210
191.32,587,203
192.11,572,219
192.90,572,219
193.69,556,211
194.48,6105,164
195.27,6354,213
196.06,1553,223
196.85,1553,222
197.64,1522,225
95.66,10199,24
286.49,11348,22
350.11,5419,212
21.91,5060,197
53.72,5403,206
113.48,3606,236
269.83,3227,28
348.00,3227,21
226.77,6822,168
227.56,6790,168
228.35,4764,220
229.14,4733,221
229.93,4718,220
230.72,4686,219
231.51,4655,218
232.30,4624,219
233.09,4609,219
233.88,4577,219
234.67,4562,218
235.46,4546,164
245.81,2395,212
246.60,2224,211
247.38,2239,214
248.17,2598,225
248.96,2520,225
249.74,2458,224
250.53,2380,224
251.31,2333,226
252.10,2271,224
252.89,2239,222
253.67,728,229
254.46,712,231
265.06,1678,227
265.85,1647,226
266.65,1632,226
267.44,1616,228
268.23,1585,226
269.03,1569,227
269.82,1554,227
270.62,1522,230
271.41,1507,228
272.20,1491,229
273.00,1335,219
273.79,1304,227
284.50,1289,235
285.31,1289,234
286.11,1289,223
286.92,977,222
287.73,961,220
288.53,1258,224
289.34,1242,230
290.14,1258,220
290.95,1226,225
291.76,1226,234
292.56,1211,232
293.37,1211,234
303.65,373,233
304.47,373,235
305.29,373,233
306.11,373,232
306.93,380,234
307.75,384,230
308.56,386,224
309.38,394,197
310.20,391,215
311.02,389,225
311.84,388,226
312.66,388,227
322.97,416,225
323.77,424,226
324.56,428,224
325.36,430,227
326.16,438,225
326.96,442,225
327.75,444,224
328.55,445,222
329.35,453,222
330.15,457,223
330.94,459,223
331.74,468,220
342.27,367,171
343.06,370,193
343.86,371,145
344.65,572,116
345.44,587,215
346.24,587,224
347.03,572,228
347.83,587,228
348.62,650,232
349.41,634,234
350.21,618,230
351.00,587,229
0.81,572,212
1.58,556,210
2.34,572,155
3.11,311,193
3.88,304,164
4.64,556,210
5.41,541,218
6.17,525,227
6.94,525,235
7.71,525,233
8.47,525,231
9.24,509,233
19.52,494,235
20.30,494,234
21.07,494,233
21.85,494,233
22.63,494,234
23.40,494,234
24.18,494,221
24.95,509,218
25.73,501,224
26.51,497,230
27.28,495,234
28.06,494,234
37.94,493,232
38.73,485,232
39.53,489,233
40.32,509,232
41.11,509,235
41.91,509,226
42.70,509,227
43.50,509,226
44.29,525,223
45.08,525,222
45.88,525,221
46.67,525,221
57.34,587,223
58.14,587,221
58.93,587,221
59.73,587,218
60.53,447,221
61.33,439,223
62.12,443,230
62.92,437,234
63.72,434,235
64.52,425,235
65.31,428,233
66.11,430,232
76.10,129,235
76.87,125,231
77.65,123,225
78.42,122,225
79.19,121,219
79.96,128,219
80.74,696,221
81.51,681,220
82.28,525,220
83.05,525,219
83.83,121,211
84.60,98,212
94.92,618,216
95.70,603,216
96.47,230,214
97.25,618,217
98.03,603,216
98.80,257,216
99.58,587,216
100.35,587,215
101.13,587,216
101.91,587,217
102.68,106,217
103.46,161,216
113.88,509,231
114.67,525,229
115.47,540,229
116.26,525,230
117.05,540,236
117.85,556,237
118.64,556,235
119.44,556,235
120.23,556,235
121.02,556,235
121.82,446,223
122.61,509,218
132.59,556,233
133.38,402,229
134.17,402,233
134.96,395,228
135.75,391,233
136.54,396,232
137.34,406,219
138.13,404,221
138.92,396,227
139.71,392,224
140.50,446,213
141.29,469,214
151.89,478,227
152.69,478,229
153.50,478,232
154.30,462,226
155.10,351,227
155.90,351,225
156.71,417,224
157.51,431,228
158.31,438,225
159.11,442,225
159.92,437,227
160.72,441,226
171.08,587,214
171.90,758,213
172.71,587,215
173.53,556,222
174.34,556,220
175.16,556,212
175.97,556,190
176.79,556,210
177.60,556,212
178.42,540,215
179.23,540,215
180.05,525,210
190.46,571,206
191.25,525,200
192.05,571,220
192.84,571,217
193.64,556,210
194.43,6104,145
195.23,6369,212
196.02,1553,221
196.82,1538,220
197.61,1522,227
198.41,1553,227
199.20,1569,106
209.65,5403,210
210.41,5185,200
211.17,5419,164
211.93,5419,219
212.69,5169,214
213.45,5123,219
214.21,5185,217
214.97,4982,211
215.73,4780,213
216.49,5200,213
217.25,5263,210
218.01,7336,138
228.37,4764,220
229.19,4733,220
230.00,4717,220
230.82,4671,219
231.63,4655,220
232.45,4624,218
233.26,4608,220
234.08,4577,219
234.89,4561,217
235.71,61,48
236.52,3611,80
237.34,106,64
247.76,2629,217
248.56,2566,225
249.35,2488,224
250.15,2426,224
250.95,2364,226
251.75,2317,226
252.54,2255,226
253.34,727,217
254.14,727,230
254.94,712,231
255.73,712,233
256.53,712,236
266.91,1631,225
267.70,1600,226
268.50,1585,227
269.29,1569,228
270.08,1538,227
270.88,1522,229
271.67,1507,228
272.47,1491,225
273.26,1320,219
274.05,1304,227
274.85,1444,221
275.64,1429,230
285.95,977,219
286.79,977,222
287.63,1273,218
288.48,1242,230
289.32,1242,231
290.16,961,220
291.00,1226,229
291.84,1226,234
292.68,1210,236
293.53,1210,236
294.37,1195,233
295.21,1195,236
305.54,373,233
306.33,380,233
307.12,384,229
307.91,386,232
308.70,387,222
309.49,387,155
310.27,387,220
311.06,387,226
311.85,387,227
312.64,394,229
313.43,398,228
314.22,400,226
324.58,428,223
325.37,430,225
326.16,438,224
326.95,442,225
327.74,444,223
328.53,445,224
329.33,445,222
330.12,453,226
330.91,457,224
331.70,467,221
332.49,472,221
333.28,475,220
344.14,556,119
344.89,587,210
345.64,587,219
346.39,571,225
347.14,571,232
347.89,634,227
348.65,649,232
349.40,618,234
350.15,587,230
350.90,587,229
351.65,603,223
352.40,618,212
2.64,297,151
3.41,297,180
4.17,297,184
4.94,525,213
5.71,525,223
6.47,525,231
7.24,525,232
8.00,509,231
8.77,509,233
9.54,509,233
10.30,509,234
11.07,501,232
21.43,493,236
22.20,485,234
22.98,489,235
23.75,491,231
24.52,509,221
25.29,509,218
26.07,501,227
26.84,497,233
27.61,495,236
28.38,494,233
29.16,493,232
29.93,493,232
40.21,492,232
41.01,509,232
41.80,509,236
42.60,509,229
43.40,525,225
44.19,509,228
44.99,525,224
45.78,525,222
46.58,525,221
47.38,540,221
48.17,540,219
48.97,540,216
59.03,587,220
59.79,446,217
60.55,439,219
61.31,442,225
62.07,444,230
62.83,438,233
63.60,435,234
64.36,433,237
65.12,432,235
65.88,432,232
66.64,432,231
67.40,634,224
77.49,125,227
78.26,130,226
79.03,125,220
79.80,123,218
80.57,696,223
81.34,696,217
82.12,525,221
82.89,509,217
83.66,76,211
84.43,68,211
85.20,665,216
85.97,136,215
96.32,243,216
97.13,603,217
97.93,91,214
98.74,618,215
99.55,257,214
100.35,587,216
101.16,136,215
101.96,571,215
102.77,106,215
103.58,98,215
104.38,571,216
105.19,571,220
115.46,556,230
116.25,525,231
117.04,525,236
117.83,540,238
118.62,556,236
119.41,556,236
120.20,556,237
120.99,556,234
121.78,461,225
122.57,297,222
123.36,290,241
124.15,280,240
134.28,402,230
135.10,387,231
135.91,387,233
136.73,394,229
137.55,571,221
138.36,402,225
139.18,395,231
139.99,398,220
140.81,493,211
141.63,493,212
142.44,493,212
143.26,485,214
153.58,478,232
154.37,462,224
155.17,351,228
155.96,362,228
156.75,417,228
157.54,431,228
158.34,454,226
159.13,443,228
159.92,437,226
160.71,441,229
161.51,459,229
162.30,468,225
173.19,571,214
173.98,556,221
174.77,571,223
175.56,571,193
176.35,556,164
177.14,556,210
177.93,556,213
178.72,556,214
179.51,540,212
180.30,525,210
181.09,525,174
181.88,525,210
192.34,571,222
193.14,571,213
193.93,571,197
194.73,6338,211
195.53,1569,215
196.32,1553,224
197.12,1522,222
197.91,1522,226
198.71,1553,222
199.51,106,71
200.30,5777,77
201.10,5871,113
191.00,11205,21
254.81,7125,21
22.43,11348,23
220.82,5434,212
221.62,5356,223
222.41,5341,218
223.21,6245,187
224.01,6198,193
224.81,6167,132
225.60,6899,155
226.40,6837,197
227.20,6790,187
228.00,4780,214
228.79,4748,219
229.59,4733,222
240.29,31,64
241.07,3034,116
241.84,3003,96
242.62,2769,126
243.40,2504,210
244.18,2426,210
244.95,2395,213
245.73,2411,213
246.51,2379,193
247.29,2224,221
248.06,2613,221
248.84,2551,225
259.15,727,230
259.95,743,221
260.76,758,226
261.56,774,223
262.36,1772,219
263.17,1740,225
263.97,1709,224
264.78,1694,227
265.58,1662,226
266.38,1647,227
267.19,1616,227
267.99,1600,227
278.40,1382,232
279.19,1039,228
279.99,1351,230
280.78,1335,232
281.57,1335,234
282.37,1320,236
283.16,1304,228
283.96,1304,234
284.75,1288,235
285.54,1288,232
286.34,1288,220
287.13,961,222
297.59,388,217
298.38,380,232
299.18,376,234
299.97,374,236
300.76,373,236
301.56,373,236
302.35,373,236
303.15,373,235
303.94,373,235
304.73,373,236
305.53,373,230
306.32,380,232
316.74,394,227
317.53,405,228
318.33,411,225
319.12,414,227
319.91,415,224
320.71,416,227
321.50,416,226
322.30,416,225
323.09,424,223
323.88,428,227
324.68,430,225
325.47,431,228
335.82,509,106
336.67,509,212
337.52,509,217
338.38,525,211
339.23,373,164
340.08,373,197
340.93,362,197
341.78,367,210
342.63,370,171
343.49,371,145
344.34,354,126
345.19,587,210
354.56,603,212
355.35,587,220
356.15,571,225
356.94,571,227
357.73,571,227
358.53,556,227
359.32,556,225
0.12,556,215
0.91,556,211
1.70,297,193
2.50,297,210
3.29,297,168
13.56,497,234
14.36,495,233
15.15,494,233
15.95,493,234
16.75,493,232
17.55,493,232
18.34,493,235
19.14,493,233
19.94,493,235
20.74,493,234
21.53,493,234
22.33,493,234
32.42,492,233
33.18,492,234
33.95,492,231
34.71,492,232
35.47,492,232
36.24,492,230
37.00,492,233
37.77,492,231
38.53,492,236
39.29,492,233
40.06,492,232
40.82,509,231
51.14,525,221
51.90,540,228
52.66,556,224
53.42,571,220
54.18,91,222
54.94,571,221
55.70,587,223
56.46,587,226
57.22,587,222
57.98,587,224
58.74,603,223
59.50,446,218
69.81,493,221
70.60,485,214
71.39,151,216
72.18,151,221
72.97,143,219
73.76,147,219
74.55,141,231
75.34,138,240
76.13,137,232
76.92,136,229
77.71,136,226
78.50,128,225
88.82,634,220
89.60,634,220
90.38,634,221
91.16,618,222
91.94,634,220
92.72,618,216
93.50,257,215
94.28,618,216
95.06,243,216
95.84,250,216
96.62,243,216
97.40,250,217
107.49,556,227
108.31,556,230
109.13,525,232
109.95,525,232
110.77,540,230
111.59,525,227
112.41,509,227
113.23,509,228
114.05,509,231
114.87,525,230
115.69,540,229
116.51,540,233
126.82,271,236
127.61,277,240
128.39,280,239
129.18,288,242
129.97,292,222
130.75,556,228
131.54,556,235
132.32,556,240
133.11,417,221
133.90,402,232
134.68,395,230
135.47,384,236
146.07,478,221
146.86,478,219
147.65,478,223
148.44,478,223
149.23,478,223
150.02,478,226
150.82,478,229
151.61,478,227
152.40,478,229
153.19,478,230
153.98,478,229
154.77,388,224
165.26,618,210
166.06,478,200
166.87,469,213
167.67,465,215
168.47,463,211
169.27,470,122
170.08,603,210
170.88,571,212
171.68,571,213
172.48,587,212
173.29,556,217
174.09,556,221
184.44,509,211
185.26,525,210
186.07,509,211
186.89,509,211
187.71,501,211
188.52,489,212
189.34,491,214
190.15,492,203
190.97,556,193
191.79,556,214
192.60,571,221
193.42,571,212
188.37,11348,23
252.89,6369,215
285.15,6182,214
317.41,6104,215
349.67,6042,215
21.93,5980,212
54.19,5434,210
213.25,5138,219
214.05,5185,217
214.85,4982,212
215.65,4780,145
216.45,5200,210
217.25,5232,214
218.05,7320,145
218.85,7273,197
219.65,7180,180
220.45,7195,158
221.25,5403,218
222.05,5356,219
232.61,4639,218
233.41,4608,220
234.20,4577,220
235.00,4561,218
235.80,4561,210
236.60,30,64
237.39,60,51
238.19,3564,42
238.99,3501,58
239.79,45,54
240.58,3065,48
241.38,3049,164
251.36,2332,225
252.15,2270,227
252.94,2239,222
253.73,727,228
254.52,711,230
255.31,711,234
256.11,711,235
256.90,711,233
257.69,711,231
258.48,727,231
259.27,743,230
260.06,758,220
270.51,1537,227
271.30,1506,228
272.09,1491,228
272.88,1491,219
273.67,1303,219
274.46,1303,228
275.25,1428,230
276.04,1413,232
276.83,1397,226
277.62,1381,232
278.41,1381,231
279.20,1039,228
289.51,1257,224
290.31,976,220
291.12,1226,233
291.92,1210,232
292.72,1210,235
293.53,1210,237
294.33,1194,235
295.14,1194,235
295.94,1194,237
296.74,1210,222
297.55,387,217
298.35,379,232
308.80,385,217
309.59,386,184
310.38,386,224
311.17,386,225
311.96,386,227
312.75,386,226
313.54,386,227
314.33,386,227
315.12,394,227
315.91,398,225
316.70,400,224
317.49,408,225
327.81,442,227
328.60,444,225
329.40,452,223
330.19,456,223
330.98,458,221
331.78,468,222
332.57,473,223
333.37,475,219
334.16,484,219
334.95,488,213
335.75,283,96
336.54,509,212
347.12,571,231
347.88,603,227
348.64,634,234
349.40,618,232
350.16,603,226
350.92,587,230
351.69,603,223
352.45,618,214
353.21,324,210
353.97,324,197
354.73,587,213
355.49,587,222
5.79,525,225
6.55,525,231
7.31,509,233
8.07,509,233
8.83,509,232
9.59,509,233
10.36,509,233
11.12,509,233
11.88,509,233
12.64,501,235
13.40,509,232
14.16,501,236
24.63,490,223
25.43,484,215
26.22,488,224
27.02,483,231
27.81,488,233
28.61,490,233
29.40,491,234
30.20,492,234
30.99,492,232
31.79,492,232
32.58,492,234
33.38,492,232
43.48,509,226
44.27,525,222
45.06,509,226
45.85,509,221
46.64,525,222
47.43,525,220
48.21,525,219
49.00,540,214
49.79,121,212
50.58,98,211
51.37,540,225
52.16,540,228
62.15,439,232
62.91,442,234
63.68,437,235
64.44,434,232
65.21,433,235
65.97,432,235
66.74,432,232
67.50,634,225
68.27,681,229
69.03,681,215
69.80,493,220
70.56,485,214
80.82,681,224
81.60,696,216
82.38,525,220
83.15,509,218
83.93,501,211
84.71,76,214
85.49,649,218
86.27,106,216
87.05,91,216
87.82,649,217
88.60,618,221
89.38,634,221
99.99,216,218
100.78,202,217
101.57,257,216
102.37,189,216
103.16,147,216
103.95,257,219
104.74,556,217
105.53,571,222
106.32,556,226
107.12,556,229
107.91,556,231
108.70,556,232
118.84,556,236
119.65,556,235
120.45,556,237
121.26,525,226
122.07,525,221
122.88,283,232
123.68,283,241
124.49,276,237
125.30,273,240
126.11,271,238
126.91,277,237
127.72,280,240
137.98,410,218
138.81,399,227
139.65,393,227
140.48,446,212
141.31,469,212
142.15,481,213
142.98,487,215
143.82,482,216
144.65,480,218
145.48,486,218
146.32,482,223
147.15,480,223
157.90,439,226
158.69,450,227
159.48,448,226
160.28,432,228
161.07,439,228
161.86,450,228
162.65,464,224
163.44,471,216
164.23,474,168
165.03,743,168
165.82,634,211
166.61,478,210
176.90,556,171
177.69,540,213
178.49,540,214
179.28,540,214
180.08,525,211
180.87,525,210
181.67,525,211
182.46,525,212
183.26,509,210
184.05,509,212
184.85,509,197
185.64,509,211
195.78,1553,219
196.58,1538,224
197.38,1522,224
198.18,1538,227
198.98,1569,193
199.78,46,87
200.59,5824,145
201.39,5964,116
202.19,6089,100
202.99,6401,190
203.79,6354,215
204.59,6167,214
214.89,4982,213
215.67,4780,210
216.45,5200,211
217.23,5247,215
218.01,7336,132
218.79,7258,138
219.58,7180,200
220.36,7149,193
221.14,5387,217
221.92,5356,220
222.70,5341,211
223.48,6229,190
234.02,4577,219
234.81,4546,220
235.60,4546,197
236.40,3595,51
237.19,3611,48
237.98,3502,77
238.77,3408,74
239.56,76,45
240.35,76,71
241.15,3050,155
241.94,2894,74
242.73,2753,100
252.87,2239,223
253.66,727,228
254.45,712,230
255.25,712,234
256.04,712,235
256.83,712,235
257.62,712,234
258.41,727,232
259.20,743,230
260.00,758,223
260.79,758,226
261.58,805,219
271.90,1491,229
272.72,1444,218
273.54,1304,220
274.36,1304,227
275.18,1429,230
276.00,1413,233
276.82,1397,229
277.64,1382,231
278.46,1382,227
279.28,1039,226
280.10,1351,230
280.92,1335,233
291.18,1226,233
292.00,1210,233
292.82,1210,234
293.64,1210,234
294.46,1195,235
295.28,1195,235
296.11,1195,238
296.93,1211,220
297.75,388,219
298.57,380,233
299.39,376,234
300.21,374,237
310.64,391,225
311.43,389,227
312.22,388,227
313.02,388,226
313.81,395,227
314.60,398,228
315.39,400,226
316.18,401,228
316.97,409,227
317.77,413,227
318.56,415,227
319.35,416,227
329.64,453,223
330.47,457,221
331.30,459,223
332.13,468,222
332.96,473,223
333.79,475,220
334.62,484,220
335.45,489,212
336.28,284,100
337.11,525,213
337.94,509,216
338.77,447,210
349.12,650,234
349.82,618,233
350.53,587,228
351.23,587,230
351.94,618,222
352.64,618,211
353.35,310,180
354.05,310,210
354.76,603,212
355.46,587,223
356.17,587,227
356.87,572,225
7.19,525,232
8.00,509,232
8.80,509,234
9.61,509,233
10.42,509,231
11.22,509,232
12.03,501,234
12.83,509,234
13.64,501,234
14.45,497,233
15.25,509,235
16.06,501,233
26.08,501,227
26.87,497,233
27.66,495,232
28.45,494,234
29.24,494,231
30.03,494,231
30.82,494,232
31.61,494,232
32.40,494,232
33.19,494,230
33.98,494,233
34.77,494,233
44.72,525,226
45.52,525,221
46.33,525,223
47.13,525,222
47.93,540,219
48.73,106,213
49.54,76,211
50.34,556,213
51.14,540,229
51.94,540,225
52.75,556,220
53.55,106,221
63.84,433,233
64.62,432,236
65.40,432,233
66.18,432,236
66.96,439,227
67.74,665,231
68.51,681,223
69.29,525,216
70.07,501,218
70.85,712,214
71.63,151,219
72.41,151,221
82.90,525,220
83.69,509,212
84.48,76,211
85.27,106,210
86.06,650,221
86.85,106,214
87.65,106,216
88.44,650,220
89.23,634,221
90.02,618,219
90.81,618,221
91.60,634,221
101.40,257,216
102.19,76,217
102.99,257,217
103.78,263,218
104.57,572,218
105.37,556,223
106.16,556,227
106.96,556,229
107.75,556,231
108.54,556,232
109.34,556,235
110.13,556,231
120.73,556,236
121.53,525,226
122.34,509,222
123.14,284,233
123.94,284,237
124.74,277,236
125.55,273,240
126.35,271,238
127.15,270,238
127.95,277,239
128.76,280,237
129.56,288,235
139.88,404,226
140.68,461,211
141.49,477,213
142.29,485,213
143.09,489,216
143.89,491,216
144.70,484,218
145.50,481,218
146.30,479,219
147.10,478,222
147.91,478,224
148.71,478,225
159.16,444,227
159.96,430,228
160.75,438,226
161.55,449,226
162.35,463,226
163.15,470,215
163.94,474,151
164.74,743,190
165.54,618,210
166.34,478,210
167.13,469,215
167.93,457,214
178.31,540,214
179.10,540,215
179.90,525,210
180.69,525,210
181.49,525,211
182.28,509,211
183.08,525,200
183.87,509,210
184.67,509,211
185.46,501,210
186.26,509,211
187.05,501,210
197.46,1522,224
198.30,1553,226
199.13,1600,87
199.97,5762,71
200.80,5808,129
201.64,6011,126
202.47,6151,135
203.31,6385,211
204.14,6354,214
204.98,6167,216
205.81,6089,215
206.65,6011,215
113.48,3609,190
116.87,3246,28
117.43,3210,21
119.69,10168,24
226.27,6853,180
227.08,6837,193
227.88,6775,161
228.69,4764,220
229.50,4733,220
230.30,4702,221
231.11,4671,218
231.91,4655,218
232.72,4624,219
233.53,4593,219
234.33,4577,219
235.14,4562,219
245.42,2395,216
246.20,2395,212
246.97,2224,214
247.75,2629,215
248.53,2582,225
249.30,2504,224
250.08,2442,225
250.85,2380,225
251.63,2317,226
252.41,2271,225
253.18,2239,218
253.96,712,228
264.13,1710,226
264.92,1678,227
265.71,1663,227
266.50,1632,228
267.29,1616,228
268.08,1585,228
268.88,1569,227
269.67,1538,228
270.46,1522,229
271.25,1507,230
272.04,1491,229
272.83,1335,217
283.42,1304,229
284.27,1289,235
285.11,1289,234
285.96,1289,223
286.80,977,221
287.65,961,221
288.49,1258,223
289.34,1242,231
290.18,1258,221
291.03,1226,223
291.87,1226,234
292.72,1211,233
303.08,373,235
303.88,373,236
304.67,373,236
305.47,373,232
306.26,373,234
307.06,373,232
307.85,380,234
308.65,384,227
309.44,386,211
310.24,394,214
311.03,391,225
311.83,389,225
322.19,416,227
322.98,416,226
323.77,424,225
324.56,428,226
325.35,430,225
326.14,431,226
326.94,439,223
327.73,443,225
328.52,445,226
329.31,453,221
330.10,457,225
330.89,459,222
341.14,362,210
341.93,356,187
342.73,364,168
343.52,350,158
344.31,361,113
345.10,587,214
345.90,587,221
346.69,572,226
347.48,572,233
348.27,650,228
349.07,650,234
349.86,618,234
359.86,556,223
0.63,556,216
1.41,311,211
2.18,556,148
2.95,324,151
3.73,310,193
4.50,556,197
5.28,541,216
6.05,525,228
6.82,509,230
7.60,525,233
8.37,509,234
18.68,494,236
19.46,494,235
20.24,494,234
21.02,494,238
21.80,494,234
22.58,486,235
23.36,482,234
24.14,488,227
24.92,491,217
25.70,509,222
26.48,501,230
27.26,497,234
37.40,493,234
38.19,493,232
38.98,485,234
39.77,489,233
40.56,509,233
41.35,509,235
42.13,509,231
42.92,509,226
43.71,509,224
44.50,509,223
45.29,525,221
46.08,525,222
56.36,587,221
57.15,587,221
57.94,587,223
58.73,587,225
59.52,603,218
60.31,447,219
61.10,447,224
61.89,447,230
62.68,439,233
63.47,435,234
64.26,433,233
65.05,425,233
75.04,141,233
75.81,138,238
76.58,137,232
77.35,136,226
78.12,128,224
78.89,124,220
79.66,122,219
80.43,696,220
81.20,696,220
81.97,509,221
82.74,509,221
83.51,106,211
93.78,603,217
94.58,618,215
95.39,618,217
96.19,603,216
96.99,618,216
97.80,587,216
98.60,603,214
99.41,76,215
100.21,603,217
101.01,76,215
101.82,603,216
102.62,587,215
112.76,509,231
113.56,509,230
114.35,509,229
115.15,556,230
115.94,525,230
116.74,540,236
117.53,556,239
118.33,556,239
119.12,540,236
119.92,556,237
120.71,556,236
121.51,478,223
132.22,556,237
133.01,556,233
133.81,402,231
134.60,402,231
135.39,395,226
136.19,391,232
136.98,396,233
137.78,587,220
138.57,402,221
139.36,395,226
140.16,398,220
140.95,494,211
151.22,469,227
152.04,473,230
152.86,467,231
153.68,472,230
154.50,459,226
155.32,351,226
156.14,362,226
156.96,382,224
157.78,461,226
158.60,461,229
159.42,446,225
160.24,431,227
170.55,556,216
171.35,572,214
172.16,587,214
172.96,556,216
173.76,556,223
174.57,572,219
175.37,572,211
176.18,572,151
176.98,540,197
177.78,556,214
178.59,540,215
179.39,556,215
189.85,494,214
190.64,525,200
191.43,572,210
192.22,572,222
193.01,572,217
193.80,556,211
194.58,6338,161
195.37,6354,212
196.16,1553,222
196.95,1538,222
197.74,1522,227
198.53,1553,227
208.81,5076,212
209.61,5419,210
210.42,5232,203
211.22,5419,158
212.02,5403,216
212.83,5185,216
213.63,5107,217
214.44,5185,216
215.24,4982,211
216.04,4780,211
216.85,5216,213
217.65,5263,211
227.95,6775,184
228.73,4764,220
229.51,4733,220
230.29,4717,220
231.07,4686,220
231.85,4655,219
232.64,4624,218
233.42,4608,218
234.20,4577,220
234.98,4562,220
235.76,4562,132
236.54,3580,71
246.85,2224,211
247.62,2239,213
248.40,2582,224
249.17,2504,224
249.94,2442,224
250.72,2380,225
251.49,2333,226
252.27,2270,226
253.04,2239,222
253.81,727,230
254.59,712,232
255.36,712,234
265.78,1663,228
266.57,1631,227
267.37,1616,226
268.16,1585,226
268.95,1569,227
269.74,1553,227
270.54,1522,229
271.33,1507,229
272.12,1491,230
272.91,1335,219
273.71,1304,224
274.50,1304,223
285.14,1289,233
285.97,1289,224
286.80,961,221
287.63,977,222
288.46,1257,226
289.29,1242,229
290.12,1257,223
290.95,1242,223
291.78,1226,234
292.61,1211,233
293.44,1211,235
294.27,1195,235
304.58,373,234
305.38,373,235
306.18,373,233
306.98,373,234
307.78,373,232
308.58,380,226
309.38,391,212
310.18,389,214
310.98,388,225
311.78,388,228
312.58,388,226
313.38,388,227
323.69,416,226
324.49,424,225
325.29,428,226
326.09,430,224
326.89,438,223
327.69,442,224
328.48,444,224
329.28,452,223
330.08,449,222
330.88,455,222
331.68,458,221
332.48,468,221
342.87,355,158
343.66,364,187
344.45,540,122
345.24,603,213
346.03,587,222
346.82,572,227
347.61,587,232
348.40,650,231
349.19,634,235
349.98,618,230
350.77,587,227
351.56,603,225
1.41,297,210
2.19,297,197
2.96,297,180
3.74,290,210
4.52,307,210
5.29,525,220
6.07,525,228
6.84,525,231
7.62,509,234
8.40,509,232
9.17,509,235
9.95,509,235
20.26,493,235
21.07,485,235
21.87,489,234
22.68,491,233
23.49,484,233
24.30,488,222
25.10,509,215
25.91,501,222
26.72,497,234
27.53,495,234
28.33,494,237
29.14,493,232
39.27,493,233
40.06,493,233
40.85,509,234
41.64,509,234
42.43,509,229
43.22,509,226
44.01,509,227
44.80,509,223
45.59,525,222
46.38,540,223
47.17,525,221
47.96,540,219
58.56,587,222
59.36,587,222
60.15,446,218
60.95,439,221
61.75,442,224
62.54,444,231
63.34,438,235
64.13,435,235
64.93,433,235
65.73,432,232
66.52,432,233
67.32,432,230
77.13,136,231
77.92,136,227
78.70,128,225
79.49,124,221
80.28,130,218
81.06,696,223
81.85,696,215
82.63,509,218
83.42,525,216
84.21,61,211
84.99,83,210
85.78,649,218
96.09,603,215
96.84,618,216
97.59,603,214
98.34,603,217
99.09,257,214
99.84,587,215
100.60,571,216
101.35,587,216
102.10,91,216
102.85,91,215
103.60,98,215
104.35,587,216
114.92,525,228
115.71,556,229
116.51,525,234
117.30,556,238
118.09,540,237
118.88,556,239
119.68,556,234
120.47,556,236
121.26,556,235
122.05,446,224
122.85,297,220
123.64,290,239
133.78,402,232
134.58,395,231
135.39,384,229
136.19,378,232
136.99,397,230
137.79,603,221
138.60,402,223
139.40,395,229
140.20,391,220
141.00,493,212
141.81,493,212
142.61,493,213
152.92,478,229
153.73,478,232
154.53,417,228
155.34,351,230
156.15,362,226
156.95,432,227
157.76,446,228
158.56,462,227
159.37,447,227
160.18,432,230
160.98,439,227
161.79,458,228
172.07,758,213
172.86,587,213
173.66,556,222
174.45,571,221
175.24,556,210
176.03,556,155
176.83,556,193
177.62,540,215
178.41,571,215
179.20,540,214
180.00,525,203
180.79,509,210
191.22,525,171
192.01,571,220
192.81,556,216
193.60,571,210
194.39,6323,155
195.18,6354,211
195.98,1553,222
196.77,1538,222
197.56,1522,226
198.35,1553,226
199.15,1585,109
199.94,5793,64
210.36,5216,197
211.16,5403,161
211.95,5419,216
212.75,5169,215
213.55,5107,219
214.35,5169,217
215.14,5091,210
215.94,4780,213
216.74,5216,212
217.54,5247,211
218.33,7320,145
219.13,7258,161
229.44,4733,220
230.24,4702,219
231.04,4686,220
231.84,4655,220
232.64,4624,218
233.44,4608,220
234.24,4577,219
235.04,4561,219
235.84,106,67
236.64,3580,61
237.44,121,58
238.24,162,54
318.49,5420,14
257.92,712,235
258.71,727,233
259.49,743,226
260.28,758,225
261.07,774,226
261.86,821,217
262.64,1756,226
263.43,1725,226
264.22,1709,227
265.01,1678,227
265.79,1647,227
266.58,1631,225
277.47,1397,230
278.27,1382,231
279.06,1382,221
279.86,1055,219
280.66,1351,234
281.45,1335,235
282.25,1320,233
283.04,1304,234
283.84,1304,228
284.64,1288,233
285.43,1288,233
286.23,1288,223
296.61,1195,232
297.40,1242,217
298.20,373,227
298.99,373,232
299.78,373,238
300.58,373,235
301.37,373,237
302.17,373,235
302.96,373,234
303.75,373,234
304.55,373,235
305.34,373,233
315.61,401,224
316.40,409,225
317.20,405,226
317.99,403,226
318.78,410,227
319.58,413,225
320.37,415,225
321.17,416,228
321.96,416,226
322.75,416,224
323.55,424,227
324.34,428,226
334.65,484,215
335.55,525,122
336.44,509,212
337.34,509,217
338.24,525,211
339.13,373,155
340.03,362,193
340.92,375,180
341.82,363,200
342.72,357,145
343.61,365,161
344.51,369,187
353.44,317,211
354.23,320,210
355.02,587,217
355.82,571,225
356.61,571,226
357.40,571,228
358.19,556,229
358.98,571,223
359.77,571,214
0.57,310,211
1.36,571,210
2.15,310,210
12.63,501,236
13.43,509,234
14.22,501,232
15.02,489,232
15.81,491,235
16.61,492,235
17.40,492,233
18.20,492,233
18.99,492,233
19.79,492,233
20.58,492,232
21.38,492,235
31.79,492,231
32.55,492,231
33.31,492,234
34.07,492,233
34.83,492,235
35.59,492,233
36.34,492,231
37.10,492,232
37.86,492,233
38.62,509,233
39.38,501,232
40.14,497,234
50.51,90,211
51.27,540,222
52.03,540,228
52.79,556,223
53.55,556,220
54.31,45,220
55.06,556,219
55.82,571,220
56.58,571,222
57.34,587,222
58.10,587,224
58.86,587,223
68.84,696,215
69.63,493,221
70.42,485,215
71.22,151,218
72.01,136,222
72.80,136,219
73.59,136,220
74.38,136,229
75.17,136,237
75.97,128,236
76.76,124,231
77.55,130,226
88.03,649,220
88.82,618,219
89.61,633,218
90.41,618,219
91.20,618,218
91.99,633,217
92.78,618,217
93.57,633,217
94.36,633,216
95.16,618,216
95.95,243,216
96.74,246,218
107.01,556,229
107.77,556,232
108.53,556,230
109.30,556,230
110.06,556,231
110.82,540,232
111.58,524,228
112.34,509,229
113.10,509,230
113.87,509,230
114.63,524,228
115.39,524,225
125.69,274,239
126.52,278,238
127.34,280,237
128.17,281,240
128.99,282,238
129.82,289,230
130.64,524,226
131.47,556,234
132.29,556,239
133.12,540,229
133.94,402,231
134.77,394,231
216.03,7468,14
154.53,456,226
155.35,350,227
156.16,361,226
156.98,431,226
157.79,446,228
158.61,462,227
159.42,446,227
160.24,438,228
161.05,442,228
161.87,460,227
162.68,469,224
163.50,481,212
173.66,556,222
174.45,571,219
175.24,571,168
176.04,556,138
176.83,556,210
177.62,540,213
178.41,540,215
179.20,540,212
179.99,524,211
180.79,540,210
181.58,509,210
182.37,524,210
193.10,571,215
193.90,587,206
194.70,6322,210
195.49,1569,212
196.29,1553,223
197.09,1537,221
197.89,1522,227
198.69,1569,225
199.49,30,77
200.28,30,80
201.08,5839,122
201.88,6011,148
212.11,5418,215
212.88,5153,216
213.66,5107,217
214.43,5185,215
215.20,5122,180
215.97,4764,211
216.75,5231,216
217.52,5262,155
218.29,7304,174
219.06,7258,155
219.84,7148,164
220.61,5434,210
230.94,4670,220
231.76,4639,220
232.58,4608,218
233.40,4592,220
234.22,4577,217
235.04,4546,215
235.85,91,48
236.67,3642,67
237.49,3501,67
238.31,75,61
239.13,3361,58
239.95,15,45
250.39,2411,225
251.19,2348,227
251.99,2286,228
252.78,2239,225
253.58,727,225
254.38,712,230
255.18,712,233
255.98,712,234
256.78,712,235
257.57,712,234
258.37,727,232
259.17,727,230
269.84,1553,229
270.63,1538,227
271.42,1522,227
272.21,1491,226
273.00,1491,222
273.79,1304,218
274.57,1304,228
275.36,1429,228
276.15,1413,230
276.94,1397,227
277.73,1382,233
278.52,1382,231
288.85,1242,230
289.66,1242,225
290.46,961,220
291.27,1226,232
292.07,1226,235
292.88,1210,234
293.68,1210,238
294.49,1195,232
295.29,1195,234
296.10,1195,238
296.90,1210,220
297.71,388,216
307.94,384,227
308.74,386,216
309.54,394,193
310.33,398,223
311.13,393,226
311.93,390,226
312.73,396,227
313.53,399,229
314.33,400,226
315.12,401,226
315.92,401,227
316.72,409,226
327.05,442,224
327.84,444,224
328.64,445,224
329.43,453,221
330.23,457,222
331.02,459,220
331.82,468,221
332.61,473,222
333.41,475,223
334.20,484,220
335.00,488,215
335.79,509,87
355.46,587,221
356.25,571,225
357.05,571,228
357.84,571,228
358.63,571,227
359.42,556,222
0.22,571,215
1.01,556,210
1.80,310,184
2.59,310,151
3.39,310,164
4.18,303,203
14.46,495,234
15.21,494,233
15.96,493,235
16.71,493,237
17.46,493,234
18.21,493,235
18.97,493,232
19.72,493,234
20.47,485,234
21.22,489,234
21.97,483,236
22.72,488,235
33.02,493,230
33.80,493,232
34.57,493,233
35.35,493,233
36.13,493,231
36.91,493,231
37.68,493,231
38.46,493,234
39.24,493,232
40.02,493,232
40.79,509,233
41.57,509,233
51.88,540,228
52.64,540,225
53.40,571,220
54.16,556,222
54.92,571,219
55.68,587,223
56.45,587,223
57.21,587,223
57.97,587,221
58.73,587,222
59.49,446,217
60.25,439,223
70.67,485,215
71.46,151,218
72.26,151,220
73.05,143,218
73.84,139,217
74.63,137,232
75.43,136,236
76.22,128,235
77.01,132,231
77.80,134,227
78.60,127,227
79.39,131,219
89.42,634,219
90.19,618,219
90.97,618,223
91.74,618,220
92.52,618,215
93.29,243,216
94.07,229,215
94.84,236,216
95.62,226,217
96.39,233,217
97.17,238,216
97.94,242,217
108.24,556,232
109.05,556,232
109.85,525,233
110.66,525,230
111.47,509,229
112.27,509,227
113.08,509,230
113.88,509,231
114.69,525,229
115.50,525,228
116.30,525,233
117.11,540,237
127.65,277,238
128.45,280,239
129.24,281,239
130.04,295,224
130.83,556,228
131.63,556,234
132.42,556,237
133.22,509,224
134.01,388,229
134.81,388,231
135.60,380,230
136.40,384,232
146.97,482,222
147.76,480,225
148.56,479,224
149.35,478,225
150.14,478,225
150.93,478,228
151.73,478,229
152.52,469,230
153.31,473,233
154.10,475,228
154.90,373,222
155.69,362,229
165.97,525,161
166.79,461,213
167.62,461,217
168.44,469,187
169.26,481,122
170.09,556,206
170.91,556,214
171.74,587,214
172.56,727,213
173.38,556,218
174.21,571,221
175.03,571,214
185.33,509,211
186.12,509,211
186.90,509,212
187.69,509,211
188.48,501,212
189.27,497,214
190.05,495,211
190.84,540,174
191.63,556,212
192.42,571,221
193.20,571,213
193.99,6104,109
204.41,6182,211
205.21,6120,215
206.00,6042,216
206.80,5980,214
207.60,5434,187
208.39,5434,211
209.19,5060,211
209.98,5372,214
210.78,5232,197
211.58,5419,212
212.37,5434,212
213.17,5138,217
223.27,6229,180
224.11,6198,187
224.94,6182,109
225.78,6868,142
226.62,6837,193
227.45,6790,174
228.29,4780,217
229.12,4748,220
229.96,4717,219
230.80,4686,218
231.63,4655,219
232.47,4639,219
242.77,2753,106
243.54,2520,210
244.32,2411,190
245.09,2379,214
245.87,2395,211
246.64,2379,193
247.42,2224,220
248.19,2598,223
248.97,2520,225
249.74,2457,226
250.52,2395,224
251.29,2333,227
261.59,790,221
262.40,1772,223
263.20,1740,224
264.01,1709,224
264.82,1694,226
265.63,1662,226
266.43,1647,226
267.24,1616,226
268.05,1600,227
268.86,1569,227
269.66,1553,226
270.47,1522,229
280.71,1335,231
281.50,1335,233
282.30,1320,234
283.09,1304,228
283.88,1288,234
284.67,1273,234
285.47,1273,231
286.26,1288,219
287.05,977,218
287.84,1273,222
288.64,1242,226
289.43,1257,223
300.03,374,238
300.86,373,236
301.69,373,237
302.52,373,234
303.35,373,234
304.18,373,235
305.01,373,234
305.84,380,234
306.67,376,233
307.50,382,231
308.33,385,227
309.16,386,216
319.47,413,225
320.27,415,227
321.06,416,227
321.86,416,228
322.65,416,226
323.45,416,227
324.24,424,224
325.04,428,226
325.83,430,225
326.63,431,223
327.42,438,223
328.22,442,225
338.29,525,212
339.08,373,193
339.87,373,210
340.67,373,210
341.46,373,197
342.25,348,138
343.04,360,187
343.83,355,126
344.62,556,210
345.42,603,219
346.21,571,227
347.00,571,233
357.15,571,226
357.94,556,227
358.74,556,228
359.53,556,226
0.33,556,216
1.12,571,210
1.92,556,180
2.71,310,184
3.51,296,210
4.30,587,148
5.10,540,213
5.89,525,224
15.85,493,233
16.64,493,235
17.43,493,235
18.22,493,235
19.01,493,235
19.80,493,233
20.60,493,235
21.39,485,234
22.18,489,236
22.97,491,236
23.76,492,231
24.55,492,220
34.85,493,234
35.64,493,230
36.43,493,234
37.22,493,231
38.01,493,231
38.80,509,232
39.60,501,234
40.39,497,229
41.18,509,232
41.97,509,233
42.76,509,227
43.55,509,224
53.55,46,221
54.34,572,220
55.14,587,221
55.93,572,220
56.73,572,222
57.52,587,223
58.32,572,224
59.11,587,223
59.91,432,216
60.70,439,223
61.50,435,226
62.29,433,236
72.69,151,222
73.48,143,217
74.27,139,221
75.07,137,231
75.86,136,237
76.65,128,232
77.44,124,228
78.23,122,227
79.02,121,225
79.82,128,219
80.61,132,216
81.40,681,222
91.10,618,221
91.91,618,218
92.72,634,217
93.52,230,216
94.33,236,218
95.14,239,218
95.95,243,220
96.76,243,216
97.57,243,220
98.37,250,216
99.18,230,218
99.99,236,217
110.24,540,232
111.02,525,230
111.80,525,227
112.57,509,229
113.35,509,230
114.13,509,230
114.91,525,229
115.69,525,228
116.47,525,233
117.24,556,238
118.02,556,239
118.80,556,239
129.37,289,238
130.16,299,221
130.95,556,229
131.75,556,238
132.54,556,238
133.33,402,223
134.12,395,229
134.91,391,226
135.70,382,231
136.50,385,230
137.29,401,225
138.08,603,223
148.55,478,223
149.35,478,225
150.16,478,224
150.96,478,224
151.77,478,226
152.57,469,229
153.38,473,228
154.18,467,230
154.99,373,225
155.79,362,228
156.60,375,225
157.40,432,225
167.69,473,216
168.49,467,210
169.30,472,96
170.10,556,211
170.90,556,215
171.71,696,214
172.51,587,214
173.32,540,220
174.12,572,220
174.92,556,215
175.73,556,171
176.53,556,142
186.83,509,210
187.65,501,212
188.47,509,213
189.29,501,214
190.11,497,210
190.93,525,171
191.75,587,211
192.57,572,220
193.39,556,213
194.21,587,129
195.03,6354,214
195.85,1553,219
206.14,6058,216
206.93,5980,214
207.73,5481,197
208.52,5419,210
209.32,5076,197
210.11,5388,212
210.91,5247,210
211.70,5419,213
212.50,5419,210
213.29,5138,219
214.09,5123,217
214.88,4982,214
65.82,7310,28
234.91,4562,219
235.70,4546,211
236.49,31,61
237.29,3580,54
238.08,3502,74
238.87,3470,64
239.66,61,64
240.45,46,61
241.24,3065,126
242.04,2863,84
242.83,2785,119
243.62,2520,193
253.98,727,229
254.75,712,232
255.51,712,233
256.28,712,234
257.04,712,234
257.81,712,231
258.57,727,233
259.34,743,228
260.10,758,225
260.87,758,229
261.63,790,221
262.40,1772,223
272.62,1491,219
273.47,1304,219
274.32,1304,229
275.17,1429,230
276.02,1413,230
276.87,1397,226
277.72,1382,231
278.57,1382,227
279.42,1055,227
280.27,1351,231
281.12,1335,234
281.97,1335,234
292.22,1210,233
293.01,1210,235
293.80,1210,235
294.59,1195,237
295.38,1195,233
296.17,1195,237
296.97,1210,219
297.76,388,219
298.55,380,232
299.34,376,237
300.13,363,236
300.92,368,236
311.53,387,223
312.32,387,227
313.11,387,229
313.91,394,226
314.70,398,226
315.49,400,225
316.28,401,226
317.07,401,226
317.86,401,226
318.66,409,228
319.45,413,226
320.24,415,225
330.50,456,224
331.34,458,224
332.18,468,222
333.02,473,220
333.86,475,222
334.70,484,220
335.54,488,211
336.38,151,87
337.22,509,215
338.06,509,216
338.90,509,200
339.74,373,206
350.07,634,234
350.79,587,227
351.50,587,229
352.22,603,223
352.94,337,210
353.66,330,211
354.37,320,203
355.09,603,217
355.81,587,223
356.53,571,227
357.24,571,229
357.96,556,228
7.90,509,233
8.70,509,235
9.50,509,234
10.29,509,233
11.09,509,231
11.89,509,233
12.69,509,234
13.49,501,232
14.29,497,234
15.08,495,233
15.88,494,235
16.68,493,236
26.62,497,234
27.41,495,231
28.21,494,232
29.00,493,234
29.80,493,231
30.59,493,232
31.39,493,233
32.18,493,232
32.98,485,231
33.77,489,233
34.57,491,233
35.36,492,232
45.77,525,222
46.57,525,221
47.38,540,218
48.18,540,219
48.98,61,214
49.78,83,212
50.59,556,212
51.39,540,225
52.19,556,228
52.99,571,221
53.80,46,220
54.60,53,220
64.96,421,235
65.74,426,235
66.51,429,233
67.29,430,226
68.07,665,230
68.84,681,224
69.62,509,217
70.39,493,219
71.17,477,213
71.95,136,218
72.72,143,220
73.50,147,216
83.62,509,213
84.41,509,206
85.20,136,212
86.00,665,218
86.79,106,216
87.58,106,217
88.37,634,220
89.16,634,221
89.95,634,219
90.75,618,220
91.54,618,222
92.33,634,219
102.31,98,216
103.10,143,217
103.90,179,217
104.69,571,218
105.48,571,225
106.28,556,226
107.07,556,230
107.87,556,233
108.66,556,232
109.45,540,234
110.25,556,231
111.04,525,228
121.31,540,227
122.13,525,220
122.95,297,235
123.77,283,236
124.59,283,239
125.41,276,238
126.22,273,239
127.04,278,237
127.86,280,239
128.68,281,239
129.50,289,237
130.32,525,220
140.65,402,211
141.44,478,211
142.23,485,212
143.02,489,213
143.81,483,217
144.60,480,219
145.38,479,219
146.17,478,218
146.96,478,222
147.75,478,223
148.54,478,224
149.33,478,225
160.03,437,229
160.83,441,227
161.63,451,228
162.43,464,226
163.23,471,216
164.03,474,184
164.84,743,180
165.64,603,211
166.44,478,174
167.24,469,215
168.04,465,214
168.84,479,151
179.26,540,216
180.07,525,211
180.88,525,193
181.70,525,210
182.51,525,210
183.32,525,210
184.13,509,210
184.94,509,211
185.75,509,211
186.57,509,211
187.38,501,211
188.19,509,213
198.52,1553,226
199.31,1569,132
200.10,61,67
200.89,5855,164
201.68,5980,106
202.47,6136,119
203.25,6369,211
204.04,6354,214
204.83,6167,214
205.62,6104,216
206.41,6011,215
207.20,5980,212
113.48,3611,236
10.48,7067,21
181.81,9938,24
226.86,6806,203
227.65,6775,161
228.44,4764,221
229.23,4733,221
230.02,4717,221
230.81,4686,219
231.59,4655,219
232.38,4624,217
233.17,4608,219
233.96,4577,220
234.75,4561,219
235.54,4561,164
162.45,8097,11
25.74,11348,27
255.19,712,234
256.03,712,234
256.86,712,235
257.70,712,232
258.53,727,232
259.37,743,230
260.20,758,222
261.04,758,226
261.87,805,220
262.71,1756,225
263.54,1740,226
264.38,1709,227
274.67,1304,229
275.46,1429,231
276.25,1413,232
277.04,1382,227
277.83,1382,231
278.62,1382,227
279.40,1039,225
280.19,1351,231
280.98,1335,233
281.77,1335,233
282.56,1320,234
283.35,1304,227
294.13,1210,235
294.92,1195,235
295.70,1195,236
296.49,1195,238
297.28,1226,218
298.07,388,221
298.85,380,233
299.64,376,235
300.43,374,236
301.22,373,238
302.00,373,234
302.79,373,233
312.96,394,228
313.75,398,228
314.55,400,228
315.34,401,229
316.13,409,226
316.93,413,225
317.72,407,225
318.52,412,228
319.31,414,227
320.10,415,226
320.90,416,226
321.69,416,226
332.06,467,222
332.91,472,221
333.76,482,223
334.61,487,218
335.46,490,212
336.31,283,71
337.15,509,215
338.00,509,215
338.85,373,203
339.70,373,148
340.55,380,187
341.40,365,177
351.71,587,228
352.40,603,218
353.10,634,210
353.79,324,210
354.49,317,211
355.18,587,216
355.88,587,224
356.57,571,229
357.27,571,229
357.96,571,229
358.66,556,229
359.35,556,226
9.74,509,233
10.53,509,232
11.33,509,234
12.12,509,233
12.91,509,236
13.71,501,233
14.50,497,235
15.30,495,235
16.09,494,234
16.88,493,236
17.68,493,236
18.47,493,234
28.81,493,233
29.59,493,234
30.37,493,229
31.15,493,232
31.93,493,233
32.71,493,231
33.50,493,231
34.28,493,233
35.06,493,231
35.84,493,235
36.62,493,233
37.40,493,231
47.49,540,222
48.28,525,217
49.07,540,213
49.86,46,211
50.65,556,212
51.44,540,226
52.23,556,227
53.02,556,221
53.81,571,220
54.60,106,221
55.39,556,221
56.18,571,222
66.46,430,232
67.24,431,218
68.02,665,230
68.80,696,218
69.58,509,220
70.36,493,219
71.14,696,214
71.92,151,220
72.70,151,222
73.48,143,217
74.26,139,224
75.04,137,234
85.46,665,217
86.25,665,215
87.05,121,218
87.84,634,217
88.63,634,221
89.43,634,220
90.22,618,219
91.02,618,221
91.81,618,223
92.60,618,221
93.40,618,220
94.19,618,217
104.61,571,217
105.38,571,222
106.14,556,224
106.91,556,227
107.68,556,227
108.44,556,231
109.21,556,232
109.97,540,231
110.74,540,234
111.51,525,230
112.27,509,229
113.04,509,230
123.36,283,240
124.13,276,237
124.91,279,239
125.68,274,239
126.45,272,238
127.23,277,239
128.00,280,240
128.78,281,239
129.55,289,233
130.32,556,220
131.10,556,232
131.87,556,238
142.61,489,213
143.40,491,215
144.20,492,217
144.99,485,220
145.78,481,218
146.58,479,221
147.37,478,222
148.17,478,223
148.96,478,224
149.75,478,227
150.55,469,225
151.34,473,228
161.76,463,228
162.55,470,227
163.35,474,216
164.14,509,210
164.93,758,171
165.72,603,210
166.52,461,193
167.31,461,214
168.10,461,215
168.89,461,155
169.69,571,132
170.48,556,214
180.80,525,203
181.63,525,212
182.46,525,213
183.29,525,211
184.12,509,211
184.95,509,210
185.77,509,212
186.60,509,212
187.43,501,212
188.26,497,212
189.09,495,212
189.92,494,214
200.23,31,67
200.99,5871,129
201.76,5995,116
202.52,6151,119
203.28,6385,151
204.05,6354,215
204.81,6182,214
205.58,6089,214
206.34,6027,216
207.10,5995,212
207.87,5419,212
208.63,5060,210
218.77,7258,155
219.56,7180,210
220.35,7149,145
221.14,5387,217
221.93,5356,220
222.72,5356,193
223.51,6214,200
224.30,6182,210
225.09,6214,100
225.88,6853,184
226.67,6821,177
227.46,6775,161
237.73,91,35
238.52,3408,64
239.32,61,51
240.11,3112,96
240.90,3050,168
241.70,2831,126
242.49,2707,129
243.29,2504,206
244.08,2411,210
244.87,2395,214
245.67,2379,211
246.46,2208,200
256.88,712,234
257.68,712,232
258.47,727,232
259.27,743,230
260.07,758,222
260.86,758,226
261.66,805,220
262.45,1772,223
263.25,1740,225
264.05,1709,226
264.84,1678,228
265.64,1662,226
275.92,1413,232
276.74,1397,228
277.56,1382,231
278.38,1382,230
279.20,1039,224
280.02,1351,230
280.83,1335,232
281.65,1335,235
282.47,1320,235
283.29,1304,228
284.11,1288,236
284.93,1288,235
295.35,1195,236
296.15,1195,235
296.94,1210,221
297.74,388,221
298.54,380,232
299.33,376,235
300.13,374,237
300.92,373,237
301.72,373,235
302.52,373,235
303.31,373,236
304.11,373,234
314.61,399,227
315.41,400,225
316.20,401,227
317.00,401,227
317.80,409,225
318.59,413,226
319.39,415,226
320.18,416,226
320.98,416,226
321.78,416,227
322.57,416,229
323.37,424,223
333.68,483,218
334.52,488,216
335.36,509,187
336.20,509,145
337.04,509,216
337.88,509,217
338.71,373,200
339.55,373,180
340.39,373,197
341.23,380,177
342.07,365,187
342.91,358,168
352.94,310,206
353.74,317,210
354.53,313,210
355.33,587,215
356.12,587,223
356.92,571,224
357.71,571,228
358.51,556,225
359.30,556,224
0.10,556,221
0.89,556,212
1.69,556,210
11.50,509,233
12.29,509,233
13.08,501,232
13.87,497,233
14.66,495,234
15.45,494,236
16.24,493,234
17.03,493,234
17.82,493,234
18.61,493,235
19.40,493,237
20.19,493,234
30.18,493,233
30.95,493,232
31.71,493,235
32.48,493,232
33.25,493,232
34.02,493,231
34.78,493,231
35.55,493,230
36.32,493,233
37.09,493,234
37.85,493,233
38.62,493,233
48.89,91,212
49.69,76,210
50.50,556,218
51.30,540,226
52.10,556,226
52.91,556,220
53.71,46,220
54.52,571,221
55.32,571,222
56.12,587,223
56.93,587,222
57.73,587,222
68.37,681,232
69.16,696,217
69.94,509,219
70.73,493,217
71.52,189,216
72.30,162,221
73.09,156,219
73.87,146,217
74.66,148,225
75.45,142,236
76.23,139,235
77.02,122,232
87.19,91,217
87.98,634,216
88.78,634,221
89.57,634,220
90.36,634,219
91.15,618,222
91.95,618,221
92.74,618,216
93.53,634,217
94.32,618,216
95.12,618,215
95.91,243,217
105.72,556,225
106.54,556,228
107.35,556,230
108.17,556,231
108.99,556,231
109.80,525,234
110.62,571,233
111.43,525,229
112.25,509,226
113.07,509,232
113.88,509,230
114.70,525,229
125.01,279,237
125.81,274,239
126.62,272,238
127.42,271,239
128.22,277,242
129.03,280,239
129.83,288,232
130.64,556,224
131.44,556,234
132.24,556,236
133.05,556,230
133.85,402,229
144.16,493,217
144.95,485,217
145.75,481,219
146.54,479,220
147.33,478,223
148.12,478,225
148.92,478,224
149.71,478,225
150.50,478,226
151.29,478,228
152.09,478,229
152.88,478,229
163.16,472,215
163.95,482,145
164.75,790,210
165.54,618,200
166.33,478,200
167.12,462,215
167.92,461,214
168.71,469,200
169.50,473,113
170.29,556,214
171.09,571,213
171.88,571,213
182.45,525,211
183.24,509,210
184.04,509,190
184.83,509,211
185.62,509,211
186.42,509,211
187.21,501,211
188.01,497,211
188.80,495,213
189.59,494,215
190.39,525,200
191.18,525,168
201.45,76,109
202.25,6182,96
203.06,6385,211
203.86,6338,214
204.66,6151,215
205.47,6089,216
206.27,6011,216
207.08,5964,211
207.88,5419,213
208.68,5076,211
209.49,5403,210
210.29,5356,210
220.75,7149,122
221.54,5387,221
222.34,5341,220
223.13,6260,145
223.92,6214,206
224.71,6167,210
225.51,6884,84
226.30,6853,168
227.09,6806,200
227.88,4780,142
228.68,4764,220
229.47,4733,221
239.75,46,58
240.55,3081,96
241.34,3018,145
242.14,2785,100
242.94,2753,96
243.73,2504,210
244.53,2395,211
245.32,2395,212
246.12,2395,211
246.92,2224,217
247.71,2644,214
248.51,2582,225
258.82,727,232
259.61,743,224
260.39,758,224
261.18,774,224
261.97,821,216
262.76,1756,225
263.54,1725,226
264.33,1694,225
265.12,1678,228
265.91,1662,228
266.69,1631,227
267.48,1600,226
277.76,1382,231
278.55,1382,219
279.35,1055,219
280.14,1351,232
280.93,1335,235
281.72,1320,234
282.52,1304,234
283.31,1273,226
284.10,1288,234
284.89,1273,233
285.69,1288,226
286.48,977,222
297.19,1226,216
297.98,373,227
298.78,373,233
299.57,373,235
300.36,373,237
301.15,373,235
301.95,373,238
302.74,373,234
303.53,373,234
304.32,373,235
305.12,373,230
305.91,373,232
316.69,401,226
317.48,409,226
318.27,405,225
319.06,411,228
319.85,414,225
320.64,415,226
321.43,416,228
322.22,416,227
323.01,416,224
323.80,424,226
324.59,428,226
325.38,430,226
335.69,525,113
336.50,509,210
337.30,509,217
338.11,509,215
338.92,373,211
339.73,373,193
340.53,373,184
341.34,373,210
342.15,362,187
342.96,356,151
343.76,353,145
344.57,571,155
354.23,317,212
355.02,587,217
355.81,571,223
356.60,571,227
357.39,571,226
358.18,556,229
358.97,556,225
359.76,556,216
0.55,310,211
1.34,571,210
2.13,571,151
2.92,310,174
13.20,497,233
13.99,495,233
14.79,494,234
15.58,493,233
16.37,493,234
17.16,493,235
17.96,493,236
18.75,493,236
19.54,493,236
20.33,493,235
21.13,493,233
21.92,493,233
32.34,493,233
33.11,493,232
33.87,493,233
34.64,493,232
35.41,493,231
36.18,493,231
36.94,493,234
37.71,493,231
38.48,493,229
39.25,493,233
40.01,493,231
40.78,509,233
51.09,540,220
51.85,540,228
52.61,556,224
53.37,556,220
54.13,76,220
54.89,556,219
55.66,572,220
56.42,572,220
57.18,587,221
57.94,587,222
58.70,587,223
59.46,432,215
69.88,494,221
70.67,486,217
71.46,176,217
72.25,163,221
73.04,149,219
73.83,142,219
74.62,139,227
75.41,137,235
76.20,136,234
76.99,128,232
77.78,132,226
78.57,126,224
88.70,650,222
89.51,634,219
90.31,618,220
91.12,618,218
91.93,634,220
92.74,618,217
93.54,603,216
94.35,257,216
95.16,243,215
95.97,256,216
96.77,256,217
97.58,243,217
107.88,556,231
108.66,556,233
109.43,556,233
110.21,525,232
110.99,556,232
111.77,509,228
112.54,509,228
113.32,509,232
114.10,509,231
114.88,525,228
115.65,525,227
116.43,525,230
126.74,270,238
127.53,277,238
128.32,280,238
129.11,282,240
129.90,289,229
130.69,556,226
131.48,556,235
132.27,556,237
133.06,556,227
133.85,402,229
134.64,402,229
135.43,387,229
145.89,483,221
146.68,480,222
147.46,479,222
148.25,478,222
149.04,478,225
149.82,478,223
150.61,478,228
151.39,478,229
152.18,478,229
152.97,469,231
153.75,465,230
154.54,463,225
165.04,774,210
165.84,603,171
166.65,461,210
167.45,461,215
168.25,454,213
169.05,31,116
169.86,494,122
170.66,556,216
171.46,587,214
172.26,587,214
173.07,587,215
173.87,556,223
184.18,509,210
184.97,525,203
185.77,509,212
186.56,509,211
187.35,501,211
188.15,497,212
188.94,495,212
189.74,494,213
190.53,540,180
191.32,572,206
192.12,572,220
192.91,572,215
203.37,6385,211
204.16,6370,214
204.95,6151,215
205.74,6073,216
206.53,6011,217
207.32,5980,210
208.10,5403,213
208.89,5076,212
209.68,5403,212
210.47,5356,211
211.26,5403,203
212.05,5419,217
222.33,5341,222
223.13,6245,174
223.92,6198,187
224.72,6167,197
225.52,6884,106
226.31,6837,168
227.11,6806,193
227.90,4780,210
228.70,4749,220
229.50,4718,221
230.29,4702,219
231.09,4671,219
241.77,3019,116
242.53,2832,96
243.30,2551,158
244.06,2504,171
244.82,2395,212
245.59,2395,214
246.35,2395,211
247.12,2224,219
247.88,2629,220
248.64,2551,225
249.41,2489,224
250.17,2411,225
260.48,759,225
261.28,774,226
262.09,1772,218
262.89,1741,224
263.69,1725,226
264.49,1694,226
265.30,1663,225
266.10,1647,225
266.90,1632,227
267.70,1600,227
268.51,1585,227
269.31,1554,227
279.77,1351,226
280.57,1351,235
281.36,1335,234
282.16,1320,234
282.96,1304,233
283.75,1304,230
284.55,1289,235
285.34,1289,231
286.14,1289,222
286.94,977,221
287.73,977,218
288.53,1242,226
