Angle_deg,Distance_mm,Intensity
251.22,309,236
252.01,309,238
252.80,309,237
253.59,309,237
254.38,309,237
255.17,309,236
255.96,309,236
256.75,302,236
257.54,299,236
258.33,304,240
259.12,307,238
259.91,308,239
260.67,309,241
261.44,309,238
262.21,309,237
262.98,309,236
263.75,309,238
264.52,309,239
265.29,309,237
266.06,309,238
266.83,309,238
267.60,309,237
268.37,302,238
269.14,306,237
269.90,308,237
270.72,309,238
271.53,309,234
272.35,309,236
273.16,309,237
273.98,309,236
274.79,309,239
275.61,309,239
276.42,316,237
277.24,319,236
278.05,321,236
278.87,322,237
279.67,322,237
280.46,322,236
281.26,322,236
282.05,329,237
282.84,333,234
283.63,335,228
284.43,351,222
285.22,359,218
286.01,354,218
286.80,345,221
287.60,341,224
288.39,339,228
289.19,338,229
289.99,330,229
290.80,320,230
291.60,321,232
292.40,315,231
293.20,319,231
294.01,314,235
294.81,305,231
295.61,300,233
296.41,298,231
297.22,297,228
298.02,290,225
298.81,189,227
299.62,189,230
300.43,189,224
301.24,283,226
302.05,276,234
302.86,279,234
303.67,281,235
304.48,202,234
305.29,202,239
306.10,195,231
306.91,192,231
307.72,203,229
308.51,222,230
309.30,296,235
310.09,296,235
310.88,303,234
311.67,306,234
312.46,314,233
313.25,318,226
314.04,327,216
314.83,416,212
315.62,5995,180
316.41,6010,213
317.20,6197,220
318.00,6119,220
318.79,6072,218
319.59,5948,221
320.38,5995,214
321.17,539,222
321.96,555,221
322.76,5808,221
323.55,5776,222
324.34,5730,219
325.13,571,227
325.93,555,230
326.72,555,218
327.52,539,215
328.32,539,217
329.11,283,211
329.91,283,215
330.71,276,217
331.50,279,219
332.30,281,223
333.09,282,224
333.89,282,230
334.69,282,220
335.48,296,168
336.28,5246,214
337.47,5231,222
338.26,5215,223
339.05,5200,222
339.84,5200,222
340.63,5215,220
341.42,5246,219
342.20,5278,219
342.99,5340,218
343.78,5387,218
344.57,5044,138
345.36,4997,214
346.15,4966,214
346.98,4904,211
347.70,4888,210
348.42,4857,217
349.13,4826,64
349.85,4857,206
350.57,4935,211
351.29,5106,213
352.01,5215,218
352.73,5418,223
353.44,5356,222
354.16,5293,221
354.88,5246,222
355.67,5184,222
356.47,5137,223
357.26,5091,222
358.06,5044,222
358.86,4997,223
359.65,4997,221
0.45,5091,218
1.24,5184,227
2.04,5153,217
2.84,5122,211
3.63,5044,106
4.43,5013,168
5.18,4981,168
6.00,4888,212
6.81,4826,219
7.63,4857,222
8.45,75,87
9.27,60,84
10.08,6556,129
10.90,6524,206
11.72,90,93
12.54,67,80
13.35,48,51
14.17,4592,212
15.00,4545,223
15.76,4529,224
16.52,4529,187
17.28,6228,212
18.80,150,48
19.57,142,54
20.33,116,51
21.09,125,38
21.85,115,48
22.61,4358,135
23.37,4046,215
24.16,4015,223
24.96,4000,224
25.75,4000,223
26.55,3984,224
27.34,3968,223
28.14,3953,225
28.93,3937,224
29.73,3937,224
30.52,3922,224
31.32,3906,224
32.11,3906,225
32.91,3890,225
33.67,3890,226
34.47,3844,224
35.28,3750,220
36.08,3641,219
36.88,3548,220
37.69,3454,220
38.49,3376,223
39.30,3298,221
40.10,3220,222
40.90,3158,222
41.71,3080,222
42.51,3018,222
43.34,2955,224
44.13,2909,222
44.92,2846,223
45.71,2799,224
46.50,2753,224
47.29,2706,224
48.07,2659,224
48.86,2612,227
49.65,2566,226
50.44,2519,227
51.23,2488,225
52.02,2457,227
52.79,2410,226
53.58,2379,226
54.38,2347,228
55.17,2316,229
55.96,2285,229
56.75,2270,227
57.55,2223,228
58.34,2207,229
59.13,2176,228
59.92,2160,228
60.72,2129,229
61.51,2114,230
62.30,2082,230
63.07,2067,231
63.83,2051,230
64.60,2020,230
65.37,2020,230
66.14,1989,231
66.90,1973,232
67.67,1958,230
68.44,1942,231
69.21,1927,231
69.97,1911,231
70.74,1895,229
71.54,1880,230
72.33,1864,229
73.12,1849,229
73.91,1849,231
74.70,1818,224
75.49,1818,229
76.27,1818,230
77.06,1802,231
77.85,1786,229
78.64,1786,229
79.43,1771,231
80.22,1771,228
81.01,1755,229
81.80,1755,232
82.59,898,226
83.38,882,230
84.17,882,234
84.96,898,233
85.76,914,230
86.55,1007,237
87.34,1023,233
88.13,914,216
88.92,898,233
89.71,898,236
90.50,898,240
91.27,898,237
92.03,898,239
92.80,898,238
93.57,898,232
94.34,945,236
95.10,945,241
95.87,945,240
96.64,945,241
97.41,976,239
98.17,1007,231
98.94,1054,232
99.74,1069,235
100.53,1069,242
101.32,1069,237
102.11,1069,235
102.90,1132,239
103.69,1132,234
104.47,1194,216
105.26,1693,234
106.05,1693,236
106.84,1693,234
107.63,1693,235
108.42,1708,234
109.25,1708,230
110.04,1708,232
110.82,1724,232
111.61,1412,222
112.40,1724,229
113.19,1740,230
113.97,1755,227
114.76,1755,232
115.55,1755,231
116.34,1771,230
117.12,1771,229
117.91,1786,230
118.70,1802,230
119.52,1802,231
120.34,1818,227
121.16,1818,229
121.98,1833,230
122.80,1849,231
123.62,1849,232
124.44,1864,230
125.26,1880,230
126.08,1443,221
126.90,1412,221
127.72,1397,220
128.48,1381,221
129.27,1350,221
130.06,1334,219
130.86,1319,221
131.65,1303,221
132.44,1288,223
133.23,1288,221
134.02,1272,221
134.81,1256,224
135.61,1241,221
136.40,1225,222
137.19,1210,223
137.98,1210,224
138.75,1194,223
139.53,1210,222
140.30,1225,220
141.08,1272,220
141.85,1288,218
142.63,1194,218
143.40,1366,214
144.18,90,213
144.95,90,219
145.73,105,220
146.50,97,223
147.29,93,226
148.09,91,226
148.89,90,230
149.69,90,229
150.49,90,229
151.29,82,228
152.08,78,228
152.88,84,223
153.68,94,221
154.48,92,223
155.28,91,225
156.08,83,228
156.84,79,229
157.65,77,233
158.45,83,234
159.26,79,232
160.07,77,230
160.88,76,227
161.68,75,223
162.49,75,228
163.30,75,229
164.11,75,237
164.91,75,239
165.72,75,245
166.54,67,243
167.33,63,245
168.11,61,246
168.90,60,244
169.69,60,243
170.48,67,244
171.26,63,242
172.05,61,243
172.84,60,245
173.63,60,245
174.41,67,239
175.20,71,241
175.96,73,243
176.76,66,245
177.55,70,241
178.35,72,243
179.14,73,241
179.94,81,239
180.73,78,243
181.53,76,244
182.32,75,240
183.12,75,235
183.91,82,232
184.71,86,231
185.51,88,227
186.36,89,228
187.21,82,229
188.06,86,233
188.91,88,233
189.76,81,219
190.60,85,213
191.45,80,211
192.30,100,206
193.15,117,210
194.00,118,174
194.85,820,211
195.64,773,214
196.40,773,220
197.16,758,234
197.91,727,227
198.67,695,229
199.43,695,227
200.19,664,225
200.95,649,223
201.71,617,223
202.46,571,219
203.22,586,213
203.98,539,221
204.77,539,227
205.56,508,228
206.36,508,228
207.15,500,229
207.94,488,230
208.73,474,232
209.53,467,232
210.32,456,227
211.11,451,233
211.90,310,223
212.70,310,229
213.49,310,222
214.25,330,219
215.07,460,193
215.90,438,212
216.72,427,216
217.54,421,213
218.36,296,221
219.19,296,221
220.01,289,237
220.83,279,228
221.65,337,225
222.48,387,231
223.30,387,233
224.09,394,232
224.91,398,232
225.72,392,235
226.54,371,235
227.36,379,235
228.18,383,237
228.99,385,238
229.81,376,233
230.63,372,233
231.45,370,234
232.26,369,234
233.08,368,232
233.91,359,235
234.70,354,234
235.49,352,235
236.28,351,235
237.07,344,234
237.86,340,233
238.64,338,235
239.43,337,237
240.22,337,238
241.01,337,235
241.80,330,237
242.59,326,237
243.35,324,234
244.12,323,234
244.89,323,238
245.66,323,235
246.43,323,235
247.20,323,235
247.98,316,238
248.75,319,235
249.52,314,238
250.29,312,236
251.06,311,237
251.83,310,239
252.58,310,237
253.37,310,235
254.16,310,236
254.95,310,237
255.74,310,236
256.53,310,239
257.31,310,237
258.10,310,237
258.89,310,238
259.68,310,238
260.47,310,237
261.26,310,239
262.13,310,238
262.90,310,239
263.68,310,238
264.45,310,241
265.22,310,237
266.00,310,239
266.77,310,238
267.55,310,237
268.32,310,239
269.09,310,237
269.87,310,236
270.64,310,238
271.40,310,237
272.24,310,240
273.08,310,238
273.92,316,237
274.76,319,237
275.60,314,237
276.44,318,236
277.28,320,236
278.12,321,236
278.96,322,237
279.80,322,235
280.64,322,236
281.39,322,234
282.18,322,237
282.98,329,236
283.77,339,225
284.56,363,222
285.35,375,217
286.15,323,221
286.94,330,221
287.73,333,223
288.52,328,228
289.32,332,228
290.11,334,229
290.94,335,231
291.77,329,231
292.59,326,230
293.42,324,231
294.25,317,234
295.07,306,234
295.90,287,232
296.72,298,230
297.55,290,226
298.38,189,222
299.20,189,225
300.03,189,229
300.79,189,222
301.60,256,228
302.41,262,233
303.22,272,234
304.03,242,231
304.84,222,235
305.65,212,237
306.46,200,229
307.27,201,233
308.08,208,230
308.89,283,231
309.70,289,234
310.49,299,234
311.28,304,231
312.08,313,231
312.87,318,229
313.66,327,226
314.45,347,217
315.25,446,197
316.04,5979,214
316.83,6228,216
317.62,6166,219
318.42,6104,219
319.21,5995,218
320.00,5948,219
320.79,555,216
321.59,555,227
322.38,5839,213
323.17,5792,222
323.96,5745,221
324.76,586,220
325.55,571,228
326.34,555,227
327.13,539,213
327.93,539,217
328.72,539,214
329.51,283,214
330.37,283,215
331.23,276,217
332.08,279,222
332.94,274,225
333.80,278,230
334.66,280,227
335.52,281,214
336.38,5246,116
337.23,5231,220
338.09,5215,222
338.95,5215,223
339.74,5200,222
340.53,5215,221
341.33,5246,221
342.12,5262,220
342.92,5309,220
343.71,5371,220
344.51,5418,197
345.30,5013,214
346.10,4981,214
346.89,4950,129
347.69,4904,215
348.48,4841,215
349.28,4841,210
350.01,60,106
350.75,4904,214
351.48,5106,129
352.21,5122,218
352.94,5262,214
353.68,5387,223
354.41,5324,222
355.14,5262,223
355.87,5215,221
356.61,5153,221
357.34,5106,221
358.14,5059,221
358.93,5013,222
359.73,4981,224
0.52,5044,219
1.32,5184,222
2.11,5153,222
2.91,5122,211
3.70,5106,100
4.50,5028,103
5.29,5013,168
6.09,4935,193
6.88,4872,217
7.61,4857,223
8.40,4872,210
9.20,75,67
9.99,52,80
10.79,6540,211
11.58,60,74
12.38,52,54
13.17,41,87
13.97,4592,151
14.76,4561,225
15.56,4545,224
16.35,4529,217
17.14,6260,213
17.93,6228,145
18.73,30,54
19.52,37,58
20.31,33,54
21.10,39,45
21.90,34,48
22.69,84,51
23.48,4358,216
24.27,4031,225
25.07,4015,224
25.86,4000,225
26.66,3984,223
27.45,3968,223
28.25,3953,225
29.04,3953,223
29.83,3937,226
30.63,3922,223
31.42,3922,223
32.22,3906,224
33.01,3906,226
33.80,3890,225
34.60,3875,227
35.39,3781,218
36.19,3688,221
36.95,3594,221
37.72,3501,221
38.48,3407,221
39.24,3329,221
40.00,3251,222
40.77,3174,221
41.53,3111,221
42.29,3033,224
43.05,2986,223
43.82,2924,224
44.58,2862,224
45.34,2815,225
46.13,2768,224
46.92,2722,224
47.71,2659,225
48.50,2628,225
49.29,2581,226
50.07,2550,228
50.86,2503,226
51.65,2472,226
52.44,2441,226
53.23,2394,226
54.02,2363,227
54.81,2332,227
55.60,2301,228
56.40,2270,227
57.19,2238,228
57.99,2223,228
58.78,2192,229
59.58,2160,228
60.37,2145,230
61.17,2114,230
61.96,2098,230
62.76,2082,230
63.55,2051,231
64.35,2036,231
65.10,2020,230
65.85,2005,231
66.60,1989,230
67.35,1973,231
68.10,1942,230
68.84,1927,230
69.59,1911,228
70.34,1895,229
71.09,1895,231
71.84,1880,230
72.59,1864,229
73.35,1849,229
74.14,1833,224
74.94,1818,229
75.73,1818,230
76.53,1802,229
77.32,1786,231
78.12,1786,230
78.91,1771,229
79.71,1771,231
80.50,1755,229
81.30,1755,230
82.09,1755,222
82.58,898,230
83.37,882,233
84.16,882,233
84.95,898,231
85.74,960,230
86.53,1007,240
87.33,1038,219
88.12,914,228
88.91,898,233
89.70,898,239
90.49,898,240
91.28,882,243
92.07,898,238
92.89,898,237
93.71,929,235
94.53,945,240
95.35,945,241
96.17,945,241
96.98,960,241
97.80,976,236
98.62,1038,234
99.44,1069,231
100.26,1085,237
101.08,1069,243
101.87,1069,237
102.67,1116,234
103.47,1132,241
104.26,1147,223
105.06,1693,230
105.86,1693,233
106.66,1693,232
107.46,1693,237
108.26,1693,232
109.05,1708,232
109.85,1708,231
110.65,1724,233
111.44,1724,223
112.23,1724,221
113.01,1740,232
113.80,1740,224
114.59,1755,230
115.37,1755,233
116.16,1771,232
116.94,1771,232
117.73,1786,232
118.52,1786,231
119.30,1802,232
120.09,1802,231
120.88,1818,225
121.71,1833,230
122.54,1849,231
123.38,1849,231
124.21,1864,232
125.04,1880,233
125.87,1895,218
126.70,1412,221
127.53,1397,222
128.37,1381,222
129.20,1366,221
130.03,1350,221
130.83,1334,222
131.63,1303,220
132.42,1303,221
133.22,1288,222
134.02,1272,222
134.82,1256,222
135.61,1241,221
136.41,1225,222
137.21,1225,221
138.01,1210,223
138.80,1194,221
139.60,1194,223
140.36,1225,219
141.12,1256,221
141.87,1288,218
142.63,1225,213
143.39,1303,214
144.14,1381,214
144.90,105,217
145.65,105,220
146.41,97,223
147.17,93,224
147.92,91,227
148.68,90,227
149.54,90,226
150.34,90,230
151.15,90,228
151.95,90,227
152.75,97,226
153.55,86,222
154.36,1537,222
155.16,90,223
155.96,82,226
156.76,86,232
157.57,80,231
158.37,77,234
159.13,83,231
159.93,79,231
160.72,84,225
161.52,72,224
162.32,73,224
163.12,74,227
163.91,74,236
164.71,74,240
165.51,67,242
166.31,71,244
167.10,65,246
167.90,62,246
168.70,61,244
169.50,60,244
170.30,60,247
171.11,60,241
171.91,60,242
172.71,60,243
173.51,60,246
174.31,67,242
175.11,71,240
175.92,73,241
176.72,74,244
177.52,74,244
178.32,74,242
179.11,74,241
179.91,74,240
180.70,74,242
181.50,74,242
182.29,74,240
183.09,74,237
183.88,82,232
184.68,78,232
185.47,84,227
186.27,87,226
187.06,88,225
187.90,89,231
188.70,82,233
189.50,86,227
190.30,88,220
191.10,81,213
191.90,70,210
192.71,72,211
193.51,73,151
194.31,758,197
195.11,820,217
195.91,758,214
196.71,758,226
197.47,742,231
198.26,711,228
199.06,695,228
199.85,664,225
200.64,649,222
201.43,633,225
202.23,586,222
203.02,571,217
203.81,539,218
204.60,524,225
205.40,524,229
206.19,508,227
206.98,500,229
207.77,496,229
208.56,486,232
209.35,481,232
210.14,470,229
210.93,465,234
211.73,455,227
212.52,310,229
213.31,310,227
214.10,368,225
214.89,377,211
215.68,389,211
216.48,402,216
217.27,409,215
218.06,310,217
218.85,296,221
219.64,296,228
220.43,289,236
221.21,368,221
222.00,368,227
222.79,377,231
223.58,382,230
224.37,392,232
225.16,397,232
225.95,392,232
226.75,389,233
227.56,388,233
228.36,387,235
229.16,387,232
229.96,377,234
230.77,372,234
231.57,370,233
232.37,360,234
233.17,364,233
233.98,357,234
234.78,353,234
235.64,351,237
236.43,350,237
237.22,343,237
238.02,340,236
238.81,338,235
239.60,337,236
240.39,337,235
241.18,337,237
241.97,330,237
242.77,326,235
243.56,324,235
244.35,323,237
245.11,323,235
245.90,323,237
246.69,323,238
247.49,323,236
248.28,316,238
249.07,313,236
249.86,311,236
250.65,310,238
251.44,310,237
252.24,310,239
253.03,310,238
253.82,310,237
254.62,310,237
255.42,310,239
256.22,310,240
257.03,310,238
257.83,310,238
258.63,310,239
259.43,310,238
260.23,310,240
261.03,310,237
261.84,310,240
262.64,310,238
263.44,310,238
264.24,310,239
265.03,310,237
265.83,310,237
266.62,310,237
267.42,303,238
268.21,306,237
269.01,308,237
269.80,309,236
270.60,309,236
271.39,309,237
272.19,309,234
272.98,309,237
273.73,316,238
274.54,319,237
275.34,314,237
276.15,318,236
276.95,314,237
277.76,318,237
278.56,320,236
279.37,321,237
280.17,322,237
280.98,322,239
281.78,329,235
282.59,333,234
283.35,335,234
284.18,342,223
285.00,357,219
285.83,353,218
286.65,345,221
287.48,341,222
288.30,325,223
289.13,331,226
289.95,320,228
290.78,328,229
291.60,325,231
292.43,324,234
293.19,323,233
293.98,309,231
294.78,309,235
295.57,316,231
296.37,306,233
297.16,308,229
297.96,309,230
298.75,189,224
299.55,189,227
300.34,182,227
301.14,205,221
301.93,283,230
302.72,283,236
303.51,283,236
304.30,243,229
305.09,222,236
305.88,212,239
306.67,207,228
307.45,211,236
308.24,220,228
309.03,296,232
309.82,296,236
310.61,303,234
311.40,306,235
312.16,314,231
312.96,318,230
313.76,320,223
314.56,372,214
315.36,460,148
316.16,5995,217
316.97,6213,220
317.77,6151,221
318.57,6104,220
319.37,5964,218
320.17,5979,218
320.97,540,218
321.73,555,228
322.52,5854,216
323.31,5792,223
324.10,5745,222
324.89,571,222
325.68,571,229
326.48,555,225
327.27,540,215
328.06,540,217
328.85,540,213
329.64,283,214
330.43,283,216
331.30,283,220
332.14,283,225
332.97,283,225
333.81,283,231
334.64,283,227
335.48,289,213
336.31,5247,168
337.15,5231,221
337.98,5216,222
338.82,5216,225
339.65,5200,222
340.49,5216,221
341.29,5231,221
342.08,5262,221
342.88,5309,220
343.67,5356,219
344.46,5434,148
345.25,5013,215
346.05,4982,215
346.84,4951,142
347.63,4888,214
348.42,4842,217
349.22,4826,206
350.01,4826,100
350.80,4888,213
351.55,60,103
352.31,5138,220
353.06,5418,215
353.82,5371,222
354.57,5325,222
355.33,5262,221
356.08,5216,221
356.84,5169,224
357.59,5106,221
358.35,5044,223
359.10,5013,221
359.89,4982,221
0.65,5044,219
1.40,5153,221
2.16,5153,222
2.92,5138,211
3.68,5060,106
4.43,5044,116
5.19,4997,161
5.95,4919,177
6.71,4857,218
7.46,4857,220
8.22,4857,210
9.02,121,67
9.81,75,71
10.61,6525,211
11.40,75,84
12.19,75,67
12.98,52,64
13.78,4592,135
14.57,4545,222
15.36,4545,223
16.15,4530,216
16.95,6244,214
17.74,6197,93
18.50,45,51
19.31,75,71
20.13,75,87
20.94,90,71
21.75,82,58
22.56,78,58
23.38,4343,216
24.19,4031,225
25.00,4015,226
25.81,4000,224
26.63,3984,225
27.44,3969,225
28.20,3953,227
28.99,3953,223
29.79,3938,225
30.58,3922,223
31.37,3922,224
32.16,3906,224
32.96,3891,226
33.75,3891,224
34.54,3875,226
35.33,3766,217
36.13,3688,218
36.92,3579,221
37.40,3501,221
38.19,3408,221
38.98,3314,222
39.77,3252,221
40.56,3189,220
41.35,3111,222
42.13,3049,222
42.92,2987,224
43.71,2924,224
44.50,2878,223
45.29,2815,224
46.08,2769,225
46.87,2722,226
47.66,2659,225
48.46,2613,226
49.25,2582,225
50.04,2535,226
50.84,2504,226
51.63,2472,226
52.43,2426,227
53.22,2395,226
54.01,2363,228
54.81,2332,227
55.60,2301,228
56.36,2270,229
57.15,2254,227
57.95,2207,230
58.74,2192,228
59.53,2161,229
60.32,2145,230
61.12,2114,232
61.91,2083,231
62.70,2067,228
63.49,2052,230
64.29,2036,230
65.08,2020,230
65.91,1989,230
66.68,1974,231
67.46,1958,232
68.23,1943,231
69.00,1927,231
69.78,1911,231
70.55,1896,230
71.33,1896,230
72.10,1880,231
72.87,1865,229
73.65,1849,232
74.42,1833,225
75.22,1818,228
75.97,1818,228
76.73,1802,232
77.48,1787,230
78.23,1787,231
78.99,1771,229
79.74,1771,229
80.50,1755,231
81.25,1755,231
82.00,898,222
82.76,883,229
83.51,883,232
84.27,898,232
85.06,898,231
85.86,1007,230
86.65,1023,241
87.44,1039,217
88.23,898,234
89.03,898,234
89.82,883,238
90.61,898,239
91.40,898,240
92.20,883,238
92.99,898,233
93.82,945,234
94.62,945,242
95.42,945,241
96.22,945,242
97.02,961,240
97.82,976,234
98.62,1039,232
99.42,1070,232
100.22,1085,240
101.02,1070,240
101.82,1070,237
102.62,1132,235
103.41,1132,238
104.20,1163,221
105.00,1693,233
105.79,1693,233
106.58,1693,232
107.38,1693,237
108.17,1693,233
108.97,1709,231
109.76,1709,232
110.55,1724,231
111.35,1709,217
112.14,1724,226
112.97,1740,233
113.76,1755,223
114.56,1755,232
115.35,1755,232
116.14,1771,232
116.93,1771,229
117.73,1787,230
118.52,1787,230
119.31,1802,230
120.10,1818,229
120.90,1818,226
121.69,1833,230
122.49,1833,229
123.30,1865,231
124.12,1865,232
124.93,1880,232
125.74,1444,219
126.55,1413,223
127.37,1397,221
128.18,1381,221
128.99,1366,221
129.80,1350,222
130.62,1319,220
131.43,1303,222
132.22,1288,223
133.01,1272,220
133.81,1272,221
134.60,1257,220
135.39,1241,223
136.19,1226,222
136.98,1226,223
137.78,1210,223
138.57,1194,221
139.36,1210,223
140.16,1226,219
140.95,1272,219
141.74,1288,218
142.55,1210,217
143.35,1366,216
144.16,1397,213
144.97,105,217
145.77,105,218
146.58,105,223
147.38,97,222
148.19,86,228
149.00,88,230
149.80,89,229
150.61,89,229
151.41,89,228
152.21,89,224
153.01,89,225
153.81,89,220
154.61,89,222
155.41,89,225
156.21,89,229
157.01,89,231
157.81,89,235
158.61,82,232
159.41,78,231
160.21,69,228
160.96,72,225
161.76,73,226
162.55,74,222
163.35,74,230
164.15,74,236
164.94,67,240
165.74,71,245
166.53,73,246
167.33,66,246
168.13,70,243
168.92,65,243
169.72,62,246
170.51,61,245
171.32,60,244
172.12,60,244
172.93,60,241
173.74,60,244
174.55,67,239
175.35,71,241
176.16,73,240
176.97,74,243
177.78,74,246
178.58,74,245
179.39,74,239
180.18,74,241
180.97,74,242
181.75,74,243
182.54,74,240
183.33,74,235
184.12,82,229
184.90,86,232
185.69,80,227
186.48,77,226
187.27,83,229
188.05,86,236
188.84,80,235
189.67,77,223
190.46,83,215
191.26,86,212
192.05,95,211
192.84,77,210
193.63,758,184
194.43,852,210
195.22,774,216
196.01,774,222
196.80,758,230
197.60,727,230
198.39,696,226
199.18,680,228
200.00,664,226
200.82,664,220
201.64,633,226
202.46,571,224
203.28,571,214
204.10,540,219
204.92,509,225
205.74,509,226
206.56,508,224
207.38,500,226
208.20,496,229
208.95,486,232
209.73,473,233
210.50,459,232
211.28,452,232
212.06,387,221
212.84,310,235
213.61,310,225
214.39,372,221
215.17,379,211
215.95,397,211
216.72,399,217
217.50,407,213
218.30,296,220
219.09,289,223
219.89,286,234
220.68,277,232
221.47,337,227
222.26,354,225
223.06,370,229
223.85,378,231
224.64,390,231
225.43,388,231
226.23,387,232
227.02,387,234
227.81,387,237
228.62,379,234
229.42,375,232
230.23,373,234
231.04,372,235
231.84,372,234
232.65,372,232
233.45,361,235
234.26,355,235
235.07,352,237
235.87,351,236
236.68,344,236
237.44,340,234
238.24,338,234
239.03,337,233
239.83,337,235
240.63,337,234
241.42,330,237
242.22,326,237
243.01,324,236
243.81,323,234
244.61,323,237
245.40,323,235
246.20,323,237
246.99,323,238
247.76,323,236
248.54,323,237
249.31,316,235
250.08,313,237
250.86,311,236
251.63,310,237
252.41,310,236
253.18,310,238
253.95,310,237
254.73,310,238
255.50,310,236
256.26,310,237
257.07,310,236
257.88,310,239
258.69,310,238
259.50,310,240
260.31,310,237
261.12,310,239
261.93,310,238
262.74,310,239
263.55,310,242
264.36,310,237
265.17,310,239
265.93,310,238
266.72,310,239
267.52,310,236
268.31,310,237
269.10,310,238
269.89,310,236
270.69,316,238
271.48,313,236
272.27,311,237
273.06,310,238
273.86,316,236
274.65,313,237
275.48,318,235
276.28,320,236
277.09,321,237
277.89,322,237
278.69,322,240
279.49,322,238
280.30,322,235
281.10,322,236
281.90,329,237
282.70,333,236
283.51,335,228
284.31,402,221
285.07,387,218
285.88,337,219
286.68,337,221
287.49,337,224
288.30,330,226
289.10,333,227
289.91,328,225
290.71,325,229
291.52,324,231
292.33,323,230
293.13,309,230
293.94,316,234
294.74,306,234
295.54,294,232
296.33,295,232
297.13,302,231
297.93,292,227
298.72,189,225
299.52,189,228
300.31,189,226
301.11,269,223
301.91,262,232
302.70,265,234
303.50,274,236
304.25,215,231
305.08,202,238
305.92,195,240
306.75,198,231
307.58,206,234
308.41,256,230
309.25,269,233
310.08,289,236
310.91,299,236
311.74,304,233
312.58,307,233
313.41,315,228
314.21,326,222
315.00,431,215
315.80,438,103
316.59,5995,216
317.38,6213,220
318.17,6150,220
318.97,6088,219
319.76,5963,219
320.55,5963,218
321.34,555,219
322.14,555,229
322.93,5839,217
323.72,5792,221
324.51,5745,222
325.31,571,223
326.10,571,229
326.89,555,228
327.68,539,213
328.48,539,217
329.27,539,212
330.06,283,214
330.85,283,218
331.65,276,219
332.44,279,221
333.24,281,225
334.07,275,228
334.90,279,224
335.73,281,212
336.56,5246,145
337.39,5246,221
338.22,5215,224
339.05,5215,222
339.88,5215,223
340.71,5215,221
341.54,5231,220
342.37,5262,220
343.17,5309,220
343.96,5371,218
344.76,5418,174
345.55,5028,217
346.34,4981,217
347.14,4935,151
347.93,4888,214
348.73,4857,217
349.52,4841,210
350.31,4841,126
351.11,4888,214
351.90,5153,113
352.40,5137,219
353.12,5262,214
353.85,5387,224
354.57,5324,222
355.30,5262,221
356.02,5200,222
356.75,5153,221
357.47,5106,221
358.20,5059,220
358.92,5013,222
359.65,4981,221
0.37,5044,218
1.12,5184,223
1.90,5153,222
2.69,5106,211
3.47,105,80
4.25,5091,113
5.04,4997,148
5.82,4935,197
6.61,4826,216
7.39,4857,221
8.17,4857,193
8.96,45,84
9.74,97,51
10.61,6524,212
11.40,30,58
12.19,52,71
12.98,56,51
13.77,4607,171
14.56,4561,222
15.35,4529,224
16.14,4529,215
16.93,6244,212
17.72,6228,116
18.51,75,45
19.30,67,48
20.09,101,38
20.91,95,64
21.73,62,67
22.55,46,54
23.37,4342,215
24.19,4015,223
25.00,4015,224
25.82,4000,222
26.64,3984,223
27.46,3968,224
28.28,3953,224
29.10,3937,226
29.90,3937,224
30.71,3922,225
31.51,3906,226
32.32,3906,225
33.13,3890,225
33.93,3890,226
34.74,3859,224
35.54,3766,219
36.35,3672,220
37.16,3579,220
37.96,3485,222
38.77,3392,221
39.56,3329,221
40.35,3236,222
41.14,3158,221
41.93,3096,221
42.72,3033,222
43.51,2971,224
44.30,2909,223
45.09,2862,222
45.88,2799,224
46.67,2753,225
47.46,2706,222
48.25,2659,226
49.05,2612,225
49.78,2566,226
50.52,2534,226
51.25,2503,225
51.98,2457,226
52.72,2425,227
53.45,2394,226
54.19,2363,227
54.92,2316,228
55.65,2301,228
56.39,2270,229
57.12,2238,230
57.91,2207,231
58.71,2176,229
59.50,2160,228
60.30,2129,230
61.10,2114,230
61.90,2082,231
62.69,2067,230
63.49,2036,230
64.29,2020,231
65.09,2020,229
65.88,2005,233
66.68,1973,230
67.47,1958,232
68.26,1942,231
69.05,1927,230
69.84,1911,231
70.63,1895,230
71.42,1880,230
72.21,1864,229
73.00,1864,229
73.79,1849,231
74.58,1833,224
75.37,1818,230
76.16,1802,230
76.99,1802,229
77.80,1786,229
78.62,1786,228
79.43,1771,230
80.24,1771,230
81.05,1755,229
81.87,1755,230
82.68,898,227
83.49,882,230
84.30,882,233
85.12,898,232
85.93,914,230
86.72,1007,235
87.52,1023,235
88.31,914,216
89.11,898,234
89.91,898,234
90.71,898,238
91.50,898,237
92.30,898,241
93.10,882,237
93.90,898,231
94.69,945,236
95.49,945,241
96.25,945,241
97.01,945,240
97.78,960,242
98.54,1007,231
99.30,1054,234
100.07,1069,235
100.83,1085,242
101.60,1069,241
102.36,1069,234
103.12,1132,239
103.89,1132,234
104.65,1178,217
105.44,1693,233
106.23,1693,235
107.02,1693,231
107.81,1708,234
108.60,1708,234
109.39,1708,232
110.18,1708,232
110.97,1724,229
111.76,1412,221
112.55,1740,231
113.34,1740,232
114.13,1755,225
114.92,1755,232
115.71,1755,232
116.51,1771,231
117.30,1771,230
118.09,1786,230
118.89,1786,229
119.68,1802,231
120.48,1818,227
121.27,1818,229
122.06,1833,230
122.86,1849,231
123.65,1864,231
124.44,1864,232
125.22,1880,230
125.99,1428,223
126.77,1412,221
127.55,1397,219
128.33,1366,221
129.10,1350,220
129.88,1334,222
130.66,1319,221
131.44,1303,223
132.21,1288,224
132.99,1288,222
133.82,1272,223
134.63,1256,224
135.45,1241,222
136.26,1225,221
137.07,1210,222
137.88,1194,223
138.70,1194,221
139.51,1210,220
140.32,1241,221
141.13,1272,220
141.95,1288,218
142.76,1194,218
143.55,1381,214
144.34,105,215
145.14,97,216
145.93,93,219
146.72,91,222
147.52,90,228
148.31,90,228
149.11,90,229
149.90,90,228
150.69,90,230
151.49,90,229
152.28,90,228
153.07,97,223
153.89,101,221
154.72,88,222
155.54,81,225
156.36,85,230
157.18,80,229
158.01,85,235
158.83,80,234
159.65,77,230
160.47,76,229
161.30,75,227
162.12,75,223
162.88,75,225
163.67,67,231
164.46,63,238
165.25,61,241
166.04,68,243
166.83,64,245
167.62,62,247
168.41,61,245
169.20,60,247
169.99,60,247
170.78,60,245
171.57,60,244
172.40,67,244
173.19,63,246
173.98,61,246
174.77,68,240
175.56,71,241
176.35,73,244
177.14,74,244
177.93,74,243
178.72,74,241
179.51,74,240
180.30,74,242
181.09,74,243
181.88,74,241
182.70,74,242
183.53,82,236
184.35,78,234
185.17,76,228
185.99,83,227
186.82,79,227
187.64,77,228
188.46,83,234
189.28,79,230
190.11,84,218
190.93,94,213
191.69,99,211
192.48,117,212
193.28,96,210
194.07,758,168
194.86,820,212
195.66,773,212
196.45,773,223
197.25,758,229
198.04,727,228
198.83,695,228
199.63,680,227
200.42,664,224
201.25,664,220
202.04,633,225
202.82,571,221
203.61,555,213
204.40,524,221
205.18,524,227
205.97,508,225
206.75,508,226
207.54,500,229
208.33,496,231
209.11,486,234
209.90,473,233
210.69,459,232
211.47,452,231
212.24,323,222
213.02,316,232
213.80,313,225
214.57,387,220
215.35,401,197
216.12,408,212
216.90,412,215
217.68,390,212
218.45,283,220
219.23,283,222
219.99,283,236
220.78,276,226
221.58,350,227
222.37,350,228
223.16,368,231
223.96,377,231
224.75,389,233
225.55,388,233
226.34,378,236
227.13,373,234
227.93,380,235
228.72,374,232
229.55,380,232
230.35,374,233
231.16,371,235
231.96,369,233
232.76,359,233
233.56,354,234
234.37,352,233
235.17,351,235
235.97,344,233
236.77,340,235
237.58,338,231
238.38,337,235
239.14,337,236
239.92,337,234
240.71,337,234
241.49,330,234
242.27,326,235
243.06,318,235
243.84,320,236
244.63,321,234
245.41,322,236
246.19,309,237
246.98,316,236
247.76,313,236
248.48,318,238
249.28,314,236
250.07,312,236
250.87,311,238
251.67,310,239
252.46,310,237
253.26,310,238
254.05,310,236
254.85,310,238
255.65,310,238
256.44,310,238
257.24,310,239
258.04,310,237
258.87,310,237
259.70,310,237
260.53,310,238
261.36,310,238
262.19,310,236
263.01,310,237
263.84,310,237
264.67,310,238
265.50,310,236
266.33,310,238
267.16,310,236
267.91,310,238
268.71,310,236
269.50,310,238
270.30,310,235
271.10,310,240
271.90,310,237
272.69,310,239
273.49,310,235
274.29,310,236
275.09,316,236
275.88,319,237
276.68,321,239
277.61,322,237
278.40,322,238
279.20,322,239
279.99,322,236
280.78,322,235
281.58,329,237
282.37,333,236
283.17,335,234
283.96,342,227
284.75,355,222
285.55,361,218
286.34,349,221
287.13,336,224
287.95,336,226
288.76,336,226
289.58,329,228
290.40,319,229
291.21,321,229
292.03,315,231
292.84,319,233
293.66,307,232
294.48,308,231
295.29,302,233
296.11,306,232
296.90,308,232
297.70,302,230
298.49,189,223
299.29,189,225
300.09,189,229
300.89,189,223
301.68,283,230
302.48,283,235
303.28,283,236
304.08,276,231
304.87,202,234
305.67,202,236
306.46,195,231
307.25,205,235
308.03,210,231
308.82,221,230
309.61,296,234
310.39,296,237
311.18,303,235
311.96,313,233
312.75,318,230
313.54,327,226
314.32,332,218
315.11,446,210
315.91,5995,212
316.70,6228,214
317.50,6182,219
318.29,6119,220
319.08,6041,217
319.88,5948,221
320.67,555,212
321.47,555,225
322.26,586,215
323.05,5823,221
323.85,5761,221
324.64,5730,218
325.47,571,227
326.26,571,231
327.04,539,217
327.83,539,215
328.62,539,218
329.40,283,211
330.19,283,214
330.97,283,216
331.76,283,221
332.55,283,224
333.33,276,224
334.12,279,229
334.95,281,216
335.79,288,180
336.62,5246,215
337.46,5215,220
338.29,5200,221
339.13,5215,223
339.96,5215,222
340.80,5231,221
341.63,5262,220
342.47,5293,220
343.30,5340,218
344.14,5402,216
344.90,5044,190
345.65,4997,215
346.39,4981,212
347.14,4888,212
347.89,4872,210
348.64,4826,215
349.38,90,71
350.13,4872,212
350.88,4935,161
351.63,5137,217
352.37,5215,220
353.12,5402,223
353.95,5356,222
354.74,5293,224
355.53,5231,220
356.32,5184,221
357.11,5137,222
357.90,5091,222
358.69,5028,221
359.48,4981,221
0.27,4997,219
1.06,5122,219
1.85,5184,225
2.64,5153,215
3.43,5106,210
4.18,5075,135
4.93,4997,158
5.68,4981,187
6.43,4888,214
7.18,4826,218
7.94,4857,222
8.69,120,71
9.44,120,77
10.19,6556,164
10.94,6524,174
11.69,30,64
12.44,52,71
13.23,41,84
14.03,4592,216
14.82,4561,226
15.61,4529,223
16.41,6244,190
17.20,6228,213
18.00,90,61
18.79,90,54
19.58,60,54
20.38,60,87
21.17,90,51
21.96,90,58
22.76,4358,200
23.57,4031,220
24.37,4015,222
25.17,4015,225
25.98,3984,223
26.78,3984,223
27.59,3968,226
28.39,3953,222
29.19,3937,222
30.00,3937,225
30.80,3922,224
31.59,3906,224
32.38,3906,225
33.18,3890,225
33.97,3890,224
34.76,3828,223
35.56,3735,218
36.35,3641,220
37.15,3548,219
37.94,3454,222
38.73,3361,221
39.53,3298,222
40.32,3220,222
41.11,3142,221
41.90,3080,222
42.70,3018,223
43.49,2955,223
44.28,2893,221
45.08,2831,223
45.87,2784,225
46.67,2737,225
47.46,2690,225
48.25,2644,225
49.05,2612,225
49.84,2566,224
50.67,2519,225
51.44,2488,228
52.22,2441,225
52.99,2410,227
53.76,2379,229
54.53,2347,227
55.31,2316,229
56.08,2285,227
56.85,2254,229
57.62,2223,228
58.40,2207,228
59.17,2176,229
59.97,2145,229
60.72,2129,230
61.46,2098,230
62.21,2082,229
62.96,2051,230
63.71,2036,232
64.45,2020,232
65.20,2005,232
65.95,1989,230
66.70,1973,229
67.44,1942,229
68.19,1942,231
68.98,1927,230
69.78,1911,231
70.57,1895,232
71.37,1880,228
72.17,1864,229
72.96,1849,228
73.76,1849,230
74.55,1833,229
75.35,1818,230
76.15,1818,230
76.94,1802,229
77.74,1786,231
78.54,1786,230
79.31,1771,230
80.09,1771,231
80.86,1755,230
81.63,1755,227
82.41,898,227
83.18,882,232
83.96,882,233
84.73,898,234
85.50,929,227
86.28,1007,238
87.05,1023,225
87.88,914,225
88.67,898,233
89.46,898,238
90.25,898,238
91.04,898,240
91.83,898,238
92.62,898,237
93.41,914,230
94.20,945,239
94.99,945,241
95.78,945,241
96.57,960,241
97.54,976,239
98.33,1023,232
99.12,1054,232
99.91,1085,238
100.70,1069,241
101.49,1069,237
102.28,1085,232
103.07,1132,242
103.86,1147,229
104.65,1693,220
105.44,1693,234
106.23,1677,233
106.99,1693,237
107.80,1708,235
108.60,1708,234
109.41,1708,233
110.22,1724,232
111.02,1724,230
111.83,1412,221
112.63,1740,230
113.44,1740,229
114.25,1755,232
115.05,1755,231
115.86,1755,231
116.65,1771,232
117.44,1786,231
118.24,1786,230
119.03,1786,231
119.82,1802,229
120.62,1818,225
121.41,1833,231
122.21,1833,231
123.00,1849,231
123.79,1864,233
124.59,1880,230
125.38,1895,226
126.17,1428,223
126.96,1397,220
127.76,1397,222
128.55,1366,220
129.34,1350,221
130.14,1334,221
130.93,1319,221
131.73,1303,222
132.52,1288,222
133.31,1272,224
134.11,1256,222
134.90,1256,222
135.65,1241,222
136.47,1225,222
137.28,1210,222
138.10,1210,220
138.92,1194,222
139.73,1225,221
140.55,1241,219
141.36,1272,217
142.18,1303,215
143.00,1210,217
143.81,1381,214
144.63,90,214
145.42,90,217
146.21,97,221
147.00,93,225
147.79,91,227
148.58,90,230
149.37,90,228
150.16,90,230
150.95,97,229
151.74,93,226
152.53,91,226
153.32,98,223
154.11,94,222
154.94,99,222
155.73,87,228
156.52,81,233
157.31,78,232
158.10,76,236
158.89,75,232
159.68,75,229
160.47,75,229
161.26,75,227
162.05,75,224
162.84,75,225
163.63,67,234
164.39,71,240
165.18,65,243
165.97,62,244
166.76,61,245
167.55,60,245
168.34,60,246
169.13,60,244
169.92,67,245
170.71,63,243
171.50,61,243
172.29,60,245
173.08,60,245
173.91,67,243
174.70,71,241
175.49,73,240
176.28,74,242
177.07,74,243
177.86,74,245
178.65,74,241
179.44,74,240
180.23,74,243
181.02,74,243
181.81,74,240
182.60,74,238
183.43,74,235
184.26,82,233
185.10,86,229
185.93,88,227
186.76,89,226
187.59,89,230
188.43,82,236
189.26,86,228
190.09,95,219
190.92,92,213
191.76,106,211
192.59,113,210
193.38,109,210
194.18,92,171
194.97,820,215
195.77,773,214
196.57,758,225
197.36,742,230
198.16,711,228
198.95,695,227
199.75,680,226
200.55,664,222
201.34,633,223
202.14,586,222
202.97,586,221
203.76,555,214
204.54,539,225
205.33,524,227
206.12,508,230
206.91,500,226
207.69,496,230
208.48,486,230
209.27,481,232
210.06,470,230
210.84,465,232
211.63,455,228
212.42,310,228
213.19,310,227
213.97,323,221
214.74,402,214
215.51,416,177
216.29,409,215
217.06,412,214
217.84,296,213
218.61,289,222
219.38,286,227
220.16,284,237
220.93,276,221
221.72,368,228
222.51,377,228
223.31,382,232
224.10,392,232
224.89,397,234
225.69,392,234
226.48,389,233
227.28,388,234
228.07,387,236
228.86,387,236
229.66,377,231
230.45,372,237
231.24,370,234
232.04,369,233
232.85,359,234
233.65,354,235
234.45,352,232
235.26,351,233
236.06,350,234
236.87,343,233
237.67,340,233
238.47,338,235
239.28,337,234
240.08,337,236
240.87,337,236
241.65,330,234
242.42,326,237
243.20,318,234
243.98,320,235
244.75,321,235
245.53,322,235
246.30,322,236
247.08,316,237
247.86,319,237
248.63,314,235
249.41,312,236
250.17,311,237
250.97,310,236
251.76,310,235
252.56,310,237
253.36,310,237
254.15,310,237
254.95,310,239
255.74,310,238
256.54,310,238
257.34,303,237
258.13,299,236
258.93,304,239
259.73,307,239
260.54,308,240
261.34,309,240
262.15,309,237
262.96,309,240
263.76,309,237
264.57,309,237
265.37,309,238
266.18,309,238
266.99,309,235
267.79,309,236
268.60,309,236
269.39,309,238
270.20,309,236
271.02,316,237
271.83,319,236
272.64,314,236
273.45,312,237
274.27,311,238
275.08,317,238
275.89,320,235
276.70,321,236
277.52,315,236
278.33,319,236
279.16,314,236
279.95,318,237
280.75,320,234
281.54,321,236
282.33,329,235
283.13,333,234
283.92,341,225
284.72,354,222
285.51,370,217
286.30,369,219
287.10,353,222
287.89,345,225
288.68,341,226
289.49,332,228
290.29,321,230
291.10,315,230
291.91,312,230
292.71,311,234
293.52,317,233
294.32,320,232
295.13,308,232
295.94,302,231
296.74,299,231
297.55,297,229
298.34,189,220
299.13,189,227
299.92,189,226
300.71,189,225
301.50,283,229
302.29,283,233
303.09,283,235
303.88,269,232
304.67,202,235
305.46,202,242
306.25,195,229
307.04,198,232
307.94,206,231
308.73,269,231
309.53,282,233
310.32,289,235
311.11,299,233
311.90,304,233
312.70,307,231
313.49,315,225
314.28,368,217
315.07,392,211
315.87,5995,213
316.66,6228,216
317.46,6182,220
318.25,6104,220
319.05,6026,217
319.84,5948,222
320.63,555,214
321.42,555,224
322.22,571,217
323.01,5808,220
323.80,5761,222
324.59,5745,217
325.39,571,228
326.18,586,231
327.01,539,216
327.80,539,216
328.59,539,217
329.38,269,211
330.17,276,215
330.96,279,217
331.75,281,221
332.54,282,226
333.33,282,226
334.12,282,228
334.91,289,218
335.70,292,145
336.53,5246,217
337.36,5231,223
338.19,5215,223
339.02,5215,221
339.85,5215,220
340.68,5231,220
341.50,5262,219
342.33,5293,220
343.16,5356,220
343.99,5402,215
344.82,5044,197
345.65,4997,215
346.44,4966,211
347.16,4888,214
347.89,4872,210
348.61,4841,217
349.34,60,90
350.06,4857,212
350.79,4935,171
351.51,5122,216
352.24,5215,217
352.96,5418,224
353.69,5371,221
354.41,5278,222
355.17,5231,220
355.96,5184,222
356.76,5122,222
357.55,5075,221
358.34,5028,221
359.13,4981,221
359.93,4997,218
0.72,5106,219
1.51,5184,226
2.30,5137,214
3.10,5122,211
3.89,5091,100
4.72,5044,135
5.51,4997,145
6.29,4872,215
7.08,4826,220
7.87,4857,221
8.66,75,67
9.44,60,87
10.23,6556,151
11.02,6509,177
11.81,45,71
12.59,75,71
13.38,75,80
14.17,4592,216
14.95,4561,224
15.73,4529,224
16.51,6275,193
17.29,6228,213
18.07,60,54
18.86,82,71
19.64,116,48
20.42,133,48
21.20,81,71
21.98,93,51
22.76,4358,155
23.51,4031,218
24.30,4015,224
25.10,4000,223
25.89,4000,224
26.68,3984,226
27.47,3968,223
28.27,3953,223
29.06,3937,224
29.85,3937,225
30.64,3922,225
31.44,3906,225
32.23,3906,226
33.03,3906,226
33.82,3890,226
34.61,3859,223
35.40,3735,220
36.19,3641,219
36.98,3532,221
37.77,3454,220
38.56,3376,222
39.35,3298,223
40.14,3220,223
40.93,3142,222
41.72,3080,222
42.51,3018,223
43.31,2955,223
44.10,2893,224
44.90,2846,224
45.70,2784,223
46.49,2753,223
47.29,2690,225
48.08,2644,225
48.88,2612,225
49.68,2566,226
50.47,2519,226
51.27,2488,225
52.03,2441,226
52.83,2410,228
53.64,2379,227
54.44,2347,227
55.24,2316,226
56.04,2285,228
56.85,2254,229
57.65,2223,228
58.45,2192,229
59.25,2176,229
60.06,2145,229
60.86,2129,229
61.66,2098,231
62.44,2082,230
63.21,2067,229
63.99,2051,230
64.77,2020,229
65.55,2005,232
66.32,1989,231
67.10,1973,230
67.88,1958,229
68.66,1942,232
69.43,1927,229
70.21,1911,231
71.00,1895,231
71.79,1880,231
72.59,1864,230
73.38,1849,229
74.17,1849,226
74.96,1818,226
75.76,1818,230
76.55,1802,231
77.34,1802,229
78.13,1786,232
78.93,1786,230
79.72,1771,229
80.51,1771,231
81.29,1755,232
82.07,1755,228
82.85,898,227
83.63,882,232
84.41,882,233
85.20,898,231
85.98,945,228
86.76,1007,237
87.54,1038,225
88.32,914,225
89.10,898,235
89.89,898,238
90.66,898,239
91.44,898,238
92.21,898,238
92.98,882,237
93.76,914,232
94.53,945,241
95.31,945,243
96.08,945,241
96.85,945,244
97.63,976,236
98.40,1038,232
99.20,1069,231
99.99,1085,239
100.79,1069,242
101.58,1069,241
102.37,1101,234
103.16,1132,241
103.96,1147,225
104.75,1693,227
105.54,1693,233
106.33,1677,231
107.13,1693,238
107.92,1708,233
108.71,1708,234
109.52,1708,233
110.32,1724,229
111.13,1724,225
111.94,1412,218
112.74,1740,232
113.55,1740,226
114.35,1740,231
115.16,1755,230
115.97,1771,231
116.77,1771,230
117.58,1771,230
118.34,1786,232
119.13,1802,231
119.93,1802,230
120.72,1833,225
121.51,1833,231
122.30,1849,233
123.10,1849,233
123.89,1864,231
124.68,1880,232
125.47,1895,219
126.27,1412,223
127.06,1397,221
127.94,1381,220
128.73,1366,222
129.53,1350,222
130.32,1319,222
131.11,1319,221
131.90,1303,223
132.70,1288,222
133.49,1272,222
134.28,1256,222
135.07,1241,221
135.87,1241,222
136.66,1225,222
137.45,1210,224
138.26,1194,222
139.08,1178,221
139.89,1225,219
140.70,1256,219
141.52,1288,220
142.33,1210,214
143.15,1225,211
143.96,1397,214
144.77,90,216
145.59,97,221
146.40,101,220
147.15,95,220
147.94,92,225
148.74,91,230
149.53,90,229
150.32,90,231
151.11,90,228
151.91,90,226
152.70,90,226
153.49,97,220
154.28,1537,222
155.08,90,223
155.87,90,228
156.67,82,232
157.47,78,235
158.28,76,233
159.08,83,233
159.88,79,228
160.68,77,226
161.49,76,225
162.29,75,223
163.09,75,227
163.89,75,236
164.70,75,242
165.50,75,245
166.30,67,244
167.09,63,247
167.89,61,244
168.68,68,244
169.47,64,246
170.27,62,245
171.06,68,241
171.86,64,243
172.65,62,244
173.44,61,247
174.24,68,242
175.03,71,244
175.75,73,243
176.55,74,243
177.34,74,247
178.14,74,244
178.93,74,238
179.73,74,242
180.52,74,244
181.32,74,241
182.11,74,242
182.91,74,235
183.70,82,233
184.50,86,232
185.33,80,229
186.16,85,225
186.99,80,226
187.82,77,233
188.65,76,234
189.48,75,224
190.31,75,216
191.14,75,211
191.97,82,211
192.80,71,210
193.63,73,174
194.46,789,197
195.25,804,219
196.06,758,217
196.86,758,230
197.67,727,230
198.48,727,227
199.28,680,227
200.09,664,227
200.89,649,220
201.70,633,227
202.51,586,221
203.31,555,216
204.12,539,220
204.88,524,224
205.67,524,227
206.47,508,224
207.26,500,228
208.05,488,230
208.84,482,234
209.64,471,234
210.43,465,233
211.22,455,232
212.01,450,223
212.81,310,231
213.60,310,228
214.43,368,224
215.20,385,211
215.97,400,212
216.74,408,216
217.51,419,214
218.28,296,217
219.06,296,222
219.83,289,232
220.60,286,233
221.37,350,222
222.14,359,228
222.91,373,232
223.70,387,232
224.49,394,230
225.28,398,236
226.07,392,232
226.86,389,234
227.65,388,235
228.45,369,235
229.24,368,232
230.03,368,233
230.82,368,232
231.61,368,234
232.40,368,231
232.94,368,233
233.73,359,232
234.53,354,232
235.32,352,232
236.11,344,234
236.90,340,234
237.70,345,235
238.49,341,233
239.28,339,234
240.07,331,233
240.87,327,238
241.66,325,236
242.45,331,236
243.24,327,236
244.02,325,239
244.81,324,235
245.60,323,235
246.39,323,235
247.17,316,236
247.96,313,237
248.75,311,237
249.54,317,238
250.32,313,236
251.11,311,238
251.90,310,236
252.69,303,239
253.49,306,238
254.28,308,238
255.07,309,237
255.86,309,237
256.66,309,238
257.45,309,238
258.24,309,239
259.03,309,237
259.83,302,241
260.62,306,240
261.45,308,238
262.27,309,237
263.08,309,239
263.90,309,241
264.72,309,237
265.53,309,238
266.35,309,238
267.16,309,238
267.98,309,239
268.80,309,236
269.61,309,238
270.43,309,236
271.22,316,236
272.01,313,237
272.79,318,236
273.58,314,239
274.37,312,237
275.16,317,238
275.94,320,236
276.73,321,239
277.52,322,236
278.31,322,238
279.09,322,239
279.88,322,237
280.75,329,236
281.54,333,238
282.33,328,236
283.12,332,232
283.91,341,224
284.70,354,220
285.48,352,217
286.27,344,220
287.06,340,222
287.85,331,225
288.64,334,223
289.43,335,227
290.19,329,228
291.01,333,230
291.84,321,233
292.66,315,232
293.48,319,230
294.30,314,233
295.13,318,231
295.95,314,233
296.77,298,231
297.59,290,229
298.42,189,226
299.24,189,226
300.00,189,228
300.80,195,222
301.61,296,229
302.41,289,236
303.21,286,236
304.02,271,230
304.82,202,237
305.63,202,237
306.43,195,229
307.23,198,236
308.04,206,232
308.84,283,231
309.70,289,234
310.49,292,236
311.28,301,235
312.07,305,234
312.86,307,229
313.65,308,225
314.44,322,215
315.23,416,200
316.02,5979,212
316.81,6244,215
317.60,6182,220
318.39,6119,220
319.18,5995,217
319.97,5963,219
320.77,555,215
321.56,555,227
322.35,571,214
323.14,5808,222
323.94,5761,221
324.73,586,217
325.52,571,228
326.31,571,230
327.11,539,217
327.90,539,217
328.69,539,216
329.52,296,211
330.36,282,215
331.19,282,218
332.02,275,221
332.86,279,223
333.69,281,227
334.53,282,228
335.36,282,216
336.19,289,129
337.03,5231,218
337.86,5215,225
338.66,5200,222
339.45,5200,222
340.24,5215,221
341.03,5231,220
341.82,5262,221
342.61,5293,219
343.39,5356,218
344.18,5402,214
344.97,5028,211
345.76,4981,216
346.55,4966,210
347.34,4904,215
348.14,4857,213
348.90,4841,213
349.67,60,87
350.43,4888,212
351.19,4966,116
351.96,5122,217
352.72,5231,218
353.49,5402,226
354.25,5340,221
355.01,5293,222
355.78,5231,222
356.54,5184,221
357.33,5122,223
358.13,5060,221
358.92,5028,221
359.72,4982,221
0.52,5013,220
1.31,5137,219
2.11,5184,225
2.90,5153,212
3.70,5091,210
4.50,30,100
5.29,5013,184
6.09,4982,145
6.85,4873,216
7.61,4857,220
8.38,4857,217
9.14,90,93
9.90,67,67
10.67,6556,210
11.43,6509,116
12.20,105,71
12.96,60,74
13.72,97,61
14.49,4592,218
15.25,4545,224
16.05,4530,222
16.81,6244,211
17.57,6229,211
18.33,135,67
19.09,97,61
19.85,78,64
20.61,54,48
21.37,79,48
22.13,69,64
22.89,4358,214
23.65,4031,224
24.41,4015,223
25.21,4000,222
26.01,3984,223
26.80,3969,222
27.60,3969,223
28.40,3953,225
29.19,3937,226
29.99,3937,224
30.78,3922,225
31.58,3906,224
32.38,3906,225
33.17,3891,227
33.97,3891,228
34.72,3828,220
35.50,3704,218
36.27,3610,220
37.05,3517,219
37.83,3439,220
38.61,3345,222
39.38,3267,221
40.16,3189,221
40.94,3111,222
41.72,3049,222
42.49,3002,222
43.27,2940,223
44.10,2878,223
44.92,2815,226
45.73,2768,223
46.55,2722,224
47.37,2675,226
48.18,2628,225
49.00,2581,225
49.81,2550,226
50.63,2503,226
51.45,2472,227
52.26,2441,225
53.08,2394,227
53.87,2363,227
54.67,2332,227
55.46,2301,228
56.26,2270,228
57.06,2238,228
57.85,2223,229
58.65,2192,229
59.44,2161,230
60.24,2145,230
61.04,2114,231
61.83,2098,231
62.63,2067,230
63.39,2051,230
64.18,2036,230
64.97,2020,231
65.76,1989,230
66.55,1989,230
67.34,1974,231
68.13,1942,232
68.92,1927,228
69.71,1911,229
70.50,1896,230
71.29,1880,231
72.08,1880,230
72.91,1864,231
73.70,1849,230
74.49,1833,225
75.28,1833,229
76.07,1818,230
76.86,1802,230
77.65,1802,229
78.44,1787,232
79.23,1771,230
80.02,1771,229
80.81,1755,229
81.60,1755,230
82.39,898,220
83.14,883,233
83.88,883,233
84.63,883,235
85.38,898,233
86.13,960,230
86.87,1023,240
87.62,1038,217
88.37,914,232
89.12,898,235
89.86,898,242
90.61,898,238
91.41,898,239
92.23,898,237
93.05,898,233
93.87,945,235
94.69,945,244
95.51,945,242
96.32,945,243
97.14,976,242
97.96,992,235
98.78,1054,235
99.60,1085,234
100.42,1085,239
101.25,1070,240
102.04,1085,235
102.83,1132,240
103.62,1132,234
104.41,1194,218
105.20,1693,231
105.99,1693,234
106.78,1693,233
107.57,1693,237
108.36,1709,234
109.15,1709,233
109.94,1709,232
110.73,1724,233
111.52,1397,218
112.31,1740,228
113.10,1740,232
113.89,1740,223
114.68,1755,232
115.47,1755,231
116.26,1771,232
117.05,1771,230
117.84,1787,231
118.63,1787,230
119.42,1802,231
120.22,1802,230
121.01,1818,228
121.81,1833,232
122.60,1849,231
123.39,1865,230
124.19,1865,230
124.98,1880,231
125.78,1428,218
126.57,1413,223
127.36,1397,222
128.16,1381,219
128.95,1366,221
129.74,1335,220
130.53,1335,220
131.32,1303,223
132.11,1303,224
132.90,1272,221
133.69,1272,222
134.48,1257,223
135.27,1241,221
136.06,1226,223
136.85,1226,223
137.64,1210,223
138.43,1194,221
139.26,1194,221
140.07,1226,220
140.89,1257,219
141.70,1288,218
142.51,1210,215
143.32,1366,213
144.14,90,212
144.95,90,216
145.76,82,217
146.57,86,222
147.39,88,223
148.20,96,227
148.99,93,230
149.78,91,230
150.58,90,229
151.37,90,228
152.16,90,228
152.96,90,224
153.75,90,223
154.55,1537,220
155.34,75,221
156.13,75,229
156.93,75,231
157.72,75,234
158.51,75,234
159.30,75,230
160.09,75,230
160.88,82,224
161.67,78,224
162.46,76,225
163.25,75,228
164.04,75,236
164.83,75,241
165.62,75,245
166.41,75,244
167.20,75,246
168.03,67,245
168.82,71,243
169.60,65,246
170.39,62,245
171.18,61,243
171.96,68,242
172.75,64,244
173.53,62,245
174.32,61,243
175.11,68,242
175.89,71,243
176.68,73,246
177.44,74,243
178.24,67,242
179.04,71,239
179.84,73,240
180.64,74,243
181.44,74,242
182.24,74,241
183.04,74,238
183.84,82,236
184.64,86,231
185.44,80,227
186.24,92,223
187.00,98,227
187.81,86,233
188.61,80,237
189.42,85,227
190.23,87,216
191.03,81,212
191.84,93,211
192.64,76,210
193.45,75,145
194.26,774,184
195.06,789,219
195.87,774,214
196.70,758,228
197.49,742,227
198.27,711,228
199.06,696,226
199.85,664,225
200.63,664,220
201.42,633,225
202.20,571,222
202.99,571,218
203.78,540,219
204.56,524,224
205.35,524,228
206.14,509,224
206.93,501,226
207.73,497,228
208.52,487,234
209.31,474,233
210.11,467,230
210.90,456,232
211.70,436,226
212.49,310,230
213.28,310,226
214.08,372,225
214.87,372,212
215.66,431,211
216.48,424,216
217.31,420,215
218.13,296,216
218.95,289,221
219.77,286,231
220.60,278,232
221.42,372,221
222.24,372,229
223.06,379,230
223.89,383,231
224.71,392,233
225.47,397,233
226.26,392,235
227.05,389,235
227.84,388,234
228.63,387,233
229.42,387,235
230.21,379,234
231.00,375,235
231.79,373,233
232.58,372,234
233.37,372,231
234.16,361,234
234.92,355,235
235.72,352,237
236.51,351,233
237.31,344,234
238.11,340,236
238.90,338,235
239.70,337,235
240.49,330,233
241.29,333,235
242.09,328,235
242.88,325,235
243.68,324,237
244.47,323,237
245.26,323,239
246.05,323,237
246.84,323,234
247.63,323,234
248.42,323,239
249.21,316,236
250.00,313,236
250.79,311,236
251.58,310,237
252.37,310,236
253.16,310,237
253.96,303,234
254.73,306,239
255.51,308,236
256.28,309,238
257.05,309,240
257.83,302,236
258.60,306,239
259.38,308,241
260.15,309,237
260.92,302,238
261.70,306,237
262.47,308,240
263.33,309,239
264.12,309,238
264.91,309,239
265.70,309,239
266.49,309,238
267.28,309,236
268.07,309,238
268.86,309,239
269.65,309,239
270.44,309,238
271.23,309,240
272.02,309,237
272.81,309,237
273.64,309,236
274.48,309,236
275.31,316,238
276.14,319,239
276.97,321,237
277.81,322,235
278.64,322,238
279.47,322,238
280.30,316,238
281.14,319,238
281.97,321,237
282.73,322,235
283.52,329,233
284.31,350,222
285.10,361,219
285.89,349,219
286.68,343,223
287.47,326,223
288.26,331,225
289.05,334,225
289.84,328,230
290.63,325,231
291.42,324,231
292.43,323,232
293.22,309,234
294.01,309,234
294.80,302,233
295.59,299,231
296.38,304,232
297.17,300,230
297.96,284,226
298.75,189,223
299.54,189,227
300.33,189,226
301.12,216,224
301.88,283,230
302.70,276,233
303.53,272,237
304.35,216,229
305.17,209,238
305.99,199,238
306.82,194,229
307.64,205,233
308.46,210,230
309.28,296,233
310.11,296,237
310.93,296,234
311.68,303,233
312.47,306,232
313.27,314,229
314.06,325,220
314.85,416,215
315.65,416,113
316.44,5995,218
317.24,6213,220
318.03,6151,220
318.82,6088,220
319.62,5979,218
320.41,5964,218
321.24,555,220
322.03,555,228
322.81,5839,217
323.60,5792,222
324.39,5745,223
325.17,571,223
325.96,571,228
326.74,555,225
327.53,540,216
328.32,540,217
329.10,540,211
329.89,283,213
330.72,283,216
331.54,283,220
332.36,283,226
333.18,283,225
334.00,276,230
334.82,279,224
335.64,281,212
336.46,5231,161
337.28,5231,221
338.10,5215,222
338.92,5200,222
339.74,5200,221
340.50,5215,220
341.30,5247,220
342.09,5278,221
342.89,5309,218
343.69,5371,219
344.48,5434,113
345.28,5028,216
346.07,4966,215
346.87,4966,132
347.67,4888,214
348.46,4841,216
349.26,4857,193
350.06,4873,109
350.79,4888,214
351.52,5091,142
352.25,5153,218
352.98,5371,216
353.71,5371,223
354.44,5325,222
355.17,5262,221
355.90,5200,221
356.63,5153,222
357.36,5106,221
358.09,5044,222
358.89,4997,221
359.71,4982,220
0.53,5060,219
1.35,5184,223
2.17,5153,221
2.99,5106,211
3.80,5060,106
4.62,5028,142
5.44,4997,164
6.26,4935,210
7.08,4857,218
7.90,4857,223
8.69,4857,158
9.49,45,87
10.28,60,93
11.08,6509,212
11.88,60,64
12.68,75,80
13.47,75,64
14.27,4608,193
15.07,4545,223
15.87,4545,224
16.66,4514,213
17.46,6244,213
18.25,6213,148
18.99,60,51
19.74,82,61
20.48,78,48
21.22,61,51
21.97,53,74
22.71,49,71
23.46,4343,215
24.20,4031,224
24.94,4015,224
25.69,4000,224
26.43,3984,225
27.23,3969,224
28.02,3953,224
28.82,3937,223
29.61,3937,224
30.40,3937,225
31.20,3906,225
31.99,3906,224
32.79,3891,226
33.58,3891,225
34.37,3875,224
35.17,3782,219
35.96,3657,220
36.75,3563,220
37.53,3485,222
38.31,3407,222
39.09,3330,221
39.87,3236,221
40.65,3174,223
41.43,3111,222
42.21,3049,223
42.99,2971,223
43.77,2924,221
44.55,2862,225
45.33,2800,225
46.09,2753,225
46.89,2706,227
47.70,2659,225
48.50,2628,226
49.30,2566,226
50.10,2535,226
50.91,2503,224
51.71,2457,226
52.51,2426,228
53.31,2394,228
54.12,2363,227
54.92,2332,229
55.75,2301,229
56.54,2270,229
57.33,2238,227
58.12,2207,229
58.91,2192,229
59.70,2161,230
60.49,2145,230
61.28,2114,230
62.07,2098,229
62.86,2067,232
63.65,2051,230
64.44,2036,230
65.24,2020,231
66.00,1989,231
66.77,1974,232
67.53,1958,229
68.29,1942,231
69.06,1927,229
69.82,1911,231
70.59,1896,230
71.35,1880,232
72.11,1880,230
72.88,1864,229
73.64,1849,230
74.43,1849,224
75.18,1818,230
75.92,1818,230
76.67,1802,229
77.42,1802,229
78.17,1787,228
78.91,1771,230
79.66,1771,231
80.41,1755,231
81.16,1755,230
81.90,1755,219
82.65,898,230
83.48,883,234
84.27,883,235
85.06,898,231
85.85,1007,231
86.64,1023,239
87.43,1038,218
88.22,898,230
89.01,898,235
89.80,898,238
90.59,898,239
91.38,898,241
92.17,883,239
92.96,898,235
93.75,945,236
94.55,945,243
95.34,945,241
96.13,945,241
96.93,960,240
97.72,992,233
98.52,1054,233
99.31,1070,233
100.10,1085,241
100.90,1070,241
101.69,1070,235
102.44,1132,235
103.24,1132,238
104.03,1194,218
104.83,1693,231
105.63,1693,235
106.43,1662,233
107.22,1693,238
108.02,1693,233
108.82,1709,234
109.62,1709,232
110.41,1724,233
111.21,1724,218
112.43,1724,226
113.22,1740,231
114.01,1755,226
114.80,1755,230
115.59,1755,232
116.38,1771,231
117.17,1771,229
117.96,1787,231
118.75,1787,230
119.54,1802,230
120.33,1802,229
121.12,1818,226
121.92,1833,231
122.74,1849,230
123.56,1864,230
124.38,1864,232
125.20,1880,232
126.02,1428,218
126.83,1412,223
127.65,1397,221
128.47,1381,221
129.29,1366,220
130.11,1350,221
130.93,1319,222
131.72,1303,221
132.52,1288,222
133.31,1288,222
134.11,1272,222
134.91,1257,224
135.71,1241,221
136.50,1225,221
137.30,1225,222
138.10,1194,222
138.90,1194,221
139.69,1194,220
140.49,1225,218
141.28,1257,219
142.03,1288,220
142.79,1210,217
143.54,1335,214
144.29,105,212
145.05,105,218
145.80,97,220
146.56,93,222
147.31,91,226
148.06,83,227
148.82,94,224
149.57,92,229
150.40,91,230
151.22,90,227
152.04,90,227
152.86,90,225
153.68,97,222
154.50,1537,221
155.31,105,225
156.13,90,228
156.95,90,231
157.77,82,234
158.59,78,232
159.41,84,232
160.21,79,230
161.00,77,226
161.80,68,224
162.59,71,222
163.38,73,229
164.18,74,238
164.97,74,237
165.77,74,243
166.56,67,245
167.35,63,246
168.15,61,245
168.94,60,246
169.73,60,243
170.52,67,246
171.31,71,244
172.10,73,241
172.89,74,246
173.68,67,246
174.47,71,243
175.26,65,238
176.05,70,242
176.84,65,242
177.63,62,243
178.42,68,243
179.18,71,241
179.99,73,239
180.79,74,242
181.60,82,244
182.40,78,242
183.21,76,236
184.01,83,234
184.82,79,231
185.62,84,229
186.43,87,226
187.23,81,227
188.04,78,231
188.80,84,233
189.60,87,225
190.39,96,216
191.19,85,211
191.99,118,211
192.79,104,210
193.58,104,174
194.38,773,168
195.18,805,219
195.98,773,217
196.77,758,228
197.57,742,230
198.36,711,227
199.16,695,227
199.97,664,227
200.77,664,220
201.57,633,226
202.37,571,222
203.18,571,217
203.98,540,220
204.78,540,223
205.58,524,227
206.39,508,226
207.19,500,225
207.99,496,233
208.78,486,232
209.58,473,233
210.37,466,229
211.16,456,234
211.95,451,225
212.75,310,232
213.54,310,228
214.33,372,222
215.12,372,206
215.92,394,211
216.71,405,216
217.40,410,216
218.19,296,218
218.99,289,223
219.78,286,230
220.57,284,237
221.36,350,223
222.16,361,226
222.95,381,229
223.74,384,229
224.53,393,234
225.33,397,232
226.12,399,234
226.85,393,233
227.66,390,233
228.46,388,235
229.27,387,230
230.07,379,234
230.88,375,233
231.68,373,231
232.49,372,232
233.29,361,233
234.10,355,237
234.90,352,234
235.71,351,232
236.51,350,234
237.30,350,234
238.09,343,236
238.88,340,235
239.67,338,233
240.46,337,235
241.25,337,235
242.04,330,235
242.83,326,237
243.62,324,234
244.41,317,236
245.20,320,236
246.03,321,235
246.83,315,237
247.64,319,234
248.44,314,236
249.24,318,236
250.04,314,235
250.85,312,240
251.65,311,237
252.45,310,239
253.25,310,238
254.06,310,237
254.86,310,236
255.62,303,237
256.41,306,238
257.20,308,240
257.99,309,238
258.78,309,239
259.57,309,238
260.36,309,238
261.15,309,238
261.94,309,238
262.73,309,237
263.52,309,238
264.31,302,238
265.17,306,239
265.96,308,238
266.74,309,237
267.53,309,239
268.32,309,236
269.11,309,238
269.89,309,236
270.68,316,239
271.47,313,239
272.26,311,235
273.04,317,239
273.83,320,238
274.62,321,238
275.43,322,236
276.23,322,236
277.04,316,237
277.85,319,238
278.65,321,238
279.46,322,241
280.26,322,235
281.07,322,236
281.88,329,237
282.68,333,236
283.49,341,229
284.25,364,222
285.06,375,218
285.87,356,219
286.68,346,222
287.49,334,221
288.30,322,226
289.10,322,228
289.91,329,228
290.72,333,231
291.53,314,231
292.34,305,231
293.15,307,231
293.95,308,231
294.74,315,234
295.53,312,234
296.32,311,232
297.11,297,229
297.90,290,225
298.69,189,226
299.48,189,227
300.27,189,227
301.06,269,224
301.85,262,231
302.64,272,235
303.50,277,238
304.30,216,231
305.10,209,237
305.90,199,235
306.70,200,230
307.50,208,234
308.30,225,229
309.10,296,234
309.90,303,236
310.70,306,233
311.50,308,233
312.30,309,231
313.06,316,228
313.86,326,221
314.66,431,216
315.46,60,148
316.26,6010,216
317.06,6213,220
317.86,6151,219
318.66,6073,220
319.46,5964,220
320.26,5979,218
321.06,555,220
321.86,555,225
322.62,5823,219
323.41,5777,223
324.20,5745,221
324.99,571,224
325.78,571,231
326.57,555,224
327.36,540,214
328.15,540,218
328.94,540,211
329.73,283,215
330.52,276,216
331.31,279,220
332.14,281,224
332.96,282,223
333.77,282,230
334.59,282,223
335.40,289,212
336.22,5247,211
337.03,5231,222
337.85,5215,223
338.66,5200,224
339.48,5200,220
340.29,5215,221
341.11,5247,221
341.90,5278,220
342.70,5325,219
343.49,5371,218
344.29,105,67
345.08,5028,215
345.88,4966,217
346.67,4904,180
347.47,4904,212
348.26,4841,217
349.06,4826,145
349.85,4857,148
350.65,4904,212
351.41,5122,171
352.19,5184,218
352.96,5371,219
353.74,5356,222
354.52,5309,221
355.30,5262,225
356.07,5200,222
356.85,5137,220
357.63,5091,221
358.41,5044,221
359.18,5013,223
359.96,4982,221
0.79,5075,219
1.58,5184,226
2.36,5153,221
3.15,5137,212
3.94,5153,80
4.73,5044,122
5.51,5013,180
6.30,4935,210
7.09,4826,217
7.88,4873,222
8.66,45,90
9.45,60,71
10.20,52,109
11.00,6525,213
11.79,120,80
12.59,82,67
13.39,78,90
14.18,4608,212
14.98,4561,224
15.77,4530,223
16.57,4530,211
17.37,6244,213
18.16,135,71
18.96,90,71
19.75,97,61
20.53,71,74
21.30,43,35
22.08,44,77
22.86,4358,87
23.64,4046,215
24.41,4031,225
25.19,4015,225
25.97,4000,223
26.75,3984,227
27.52,3969,224
28.30,3953,223
29.13,3937,225
29.89,3937,223
30.65,3922,223
31.40,3906,224
32.16,3906,226
32.92,3906,224
33.68,3891,224
34.44,3859,223
35.20,3750,219
35.95,3641,220
36.71,3548,220
37.47,3454,220
38.26,3376,221
39.05,3298,222
39.85,3236,222
40.64,3158,222
41.43,3096,221
42.22,3018,222
43.02,2955,222
43.81,2909,225
44.60,2846,223
45.39,2800,225
46.19,2753,225
46.98,2690,226
47.77,2659,224
48.55,2613,226
49.33,2566,226
50.11,2535,223
50.89,2488,226
51.67,2441,226
52.46,2410,227
53.24,2379,228
54.02,2348,227
54.80,2316,228
55.58,2285,228
56.36,2254,229
57.11,2238,228
57.90,2207,230
58.70,2176,229
59.49,2161,231
60.28,2129,230
61.07,2114,231
61.87,2083,230
62.66,2067,229
63.45,2051,231
64.24,2020,231
65.04,2020,229
65.83,1989,230
66.66,1974,231
67.45,1958,230
68.23,1942,229
69.02,1927,231
69.81,1911,230
70.60,1896,230
71.38,1880,229
72.17,1864,228
72.96,1864,230
73.75,1833,229
74.53,1833,224
75.32,1818,229
76.11,1818,227
76.89,1802,229
77.66,1787,230
78.44,1787,232
79.22,1771,229
80.00,1771,230
80.77,1755,230
81.55,1755,231
82.33,898,223
83.11,883,233
83.88,883,232
84.66,883,232
85.46,914,230
86.25,1007,235
87.04,1023,238
87.84,1038,216
88.63,898,232
89.42,898,236
90.21,898,238
91.00,898,237
91.79,898,239
92.59,883,238
93.38,898,234
94.17,929,236
94.97,945,241
95.72,945,243
96.46,945,240
97.21,960,242
97.96,992,234
98.71,1054,234
99.45,1070,232
100.20,1085,241
100.95,1070,241
101.70,1070,237
102.44,1116,236
103.19,1132,237
103.99,1194,222
104.83,1693,230
105.67,1693,234
106.51,1662,232
107.35,1693,237
108.19,1709,233
109.02,1709,234
109.86,1709,232
110.70,1724,232
111.54,1724,222
112.38,1740,222
113.22,1740,232
113.98,1755,223
114.77,1755,233
115.57,1755,232
116.36,1771,231
117.15,1771,230
117.94,1787,230
118.74,1787,231
119.53,1802,230
120.32,1802,229
121.11,1818,225
121.91,1833,230
122.70,1833,230
123.53,1849,232
124.30,1864,230
125.07,1880,230
125.84,1896,218
126.61,1412,222
127.38,1397,220
128.16,1381,220
128.93,1366,220
129.70,1350,222
130.47,1335,221
131.24,1319,222
132.01,1288,222
132.80,1288,221
133.60,1272,222
134.39,1257,223
135.19,1241,222
135.98,1225,223
136.78,1225,221
137.57,1210,222
138.37,1194,220
139.16,1194,222
139.96,1225,221
140.75,1257,219
141.55,1288,220
142.43,1210,214
143.22,1303,212
144.01,1397,213
144.80,75,217
145.59,82,219
146.38,93,223
147.16,84,226
147.95,87,226
148.74,88,228
149.53,89,231
150.32,89,231
151.11,89,227
151.94,89,228
152.72,89,226
153.49,89,221
154.27,1537,221
155.05,90,223
155.83,90,229
156.60,90,232
157.38,90,232
158.16,82,233
158.94,78,234
159.71,84,228
160.49,79,228
161.25,77,223
162.05,76,224
162.84,75,228
163.64,75,235
164.43,75,238
165.23,67,245
166.02,63,244
166.82,61,246
167.61,60,245
168.41,60,246
169.20,60,243
170.00,60,244
170.76,67,243
171.58,63,243
172.41,61,245
173.23,68,243
174.05,71,243
174.88,73,241
175.70,74,243
176.53,74,245
177.35,74,244
178.17,74,244
179.00,74,239
179.82,74,242
180.61,74,242
181.41,74,243
182.22,74,242
183.02,82,238
183.82,78,232
184.63,84,231
185.43,87,229
186.24,88,226
187.04,81,227
187.84,85,231
188.65,80,232
189.45,85,227
190.20,87,215
191.00,88,214
191.79,89,211
192.59,112,211
193.39,93,161
194.18,106,155
194.98,805,219
195.77,773,214
196.57,758,228
197.37,742,228
198.16,711,227
198.96,695,227
199.75,664,226
200.57,664,222
201.39,633,224
202.21,586,224
203.03,571,218
203.85,540,216
204.67,524,221
205.49,524,228
206.31,508,227
207.13,500,226
207.95,496,229
208.77,486,235
209.56,473,234
210.35,466,230
211.14,456,230
211.93,443,224
212.72,310,230
213.51,310,226
214.31,387,221
215.10,394,213
215.89,446,174
216.68,424,213
217.47,420,214
218.26,296,217
219.05,289,225
219.84,286,229
220.64,277,235
221.43,280,222
222.22,337,229
223.01,387,233
223.81,387,231
224.60,394,234
225.39,390,232
226.18,396,234
226.98,391,235
227.77,389,232
228.53,388,233
229.33,380,235
230.12,376,234
230.92,374,234
231.72,373,236
232.51,372,234
233.31,361,234
234.10,355,235
234.90,346,236
235.70,348,236
236.49,349,235
237.29,343,235
238.05,340,237
238.84,338,236
239.64,337,237
240.43,330,235
241.22,333,234
242.01,328,234
242.81,325,233
243.60,324,235
244.39,323,235
245.18,323,235
245.98,323,236
246.77,323,238
247.43,323,236
248.22,323,238
249.01,316,237
249.80,319,237
250.59,314,237
251.38,312,236
252.16,311,237
252.95,310,238
253.74,310,236
254.53,310,236
255.32,303,237
256.11,306,237
256.87,308,238
257.68,309,237
258.48,309,240
259.29,309,238
260.10,309,238
260.90,309,239
261.71,309,238
262.51,309,239
263.32,309,236
264.13,309,238
264.93,309,236
265.74,309,236
266.54,309,238
267.33,309,241
268.12,309,240
268.91,309,238
269.70,309,236
270.49,316,236
271.27,313,238
272.06,311,236
272.85,310,234
273.64,310,234
274.43,316,237
275.22,313,237
276.05,311,238
276.86,317,236
277.66,313,237
278.47,318,237
279.28,320,237
280.08,321,237
280.89,322,237
281.69,329,236
282.50,333,232
283.31,335,232
284.11,353,225
284.92,362,219
285.72,349,221
286.55,343,222
287.38,340,226
288.21,338,223
289.04,324,228
289.87,323,229
290.69,323,232
291.52,316,233
292.35,313,232
293.18,318,232
294.01,314,231
294.84,312,233
295.60,311,234
296.40,297,229
297.19,283,230
297.99,283,224
298.78,189,223
299.58,189,231
300.37,189,226
301.17,283,224
301.96,283,233
302.76,276,235
303.55,279,236
304.35,216,233
305.15,209,235
305.96,199,234
306.76,194,232
307.57,205,232
308.38,224,229
309.18,296,234
309.99,296,236
310.79,303,235
311.60,306,235
312.41,314,231
313.21,318,226
314.02,327,222
314.82,402,213
315.61,477,100
316.40,6010,216
317.20,6197,221
317.99,6135,219
318.78,6088,220
319.57,5964,219
320.36,5995,218
321.15,555,221
321.95,555,226
322.74,5823,217
323.53,5777,221
324.32,5745,222
325.12,571,226
325.91,571,229
326.71,555,225
327.51,540,216
328.30,540,216
329.10,540,215
329.89,283,214
330.69,276,216
331.49,279,219
332.28,274,225
333.08,271,226
333.83,277,229
334.65,280,224
335.46,288,210
336.28,5247,206
337.09,5247,221
337.91,5215,222
338.72,5200,223
339.54,5200,221
340.35,5215,223
341.17,5247,220
341.98,5278,220
342.80,5325,217
343.60,5371,219
344.39,5387,145
345.19,5013,216
345.98,4982,214
346.77,4919,132
347.56,4904,214
348.36,4857,216
349.15,4841,197
349.94,4857,84
350.73,4904,214
351.53,5137,116
352.32,5137,218
352.65,5402,214
353.45,5387,224
354.24,5325,222
355.04,5262,221
355.84,5200,223
356.63,5153,223
357.43,5106,223
358.22,5060,220
359.02,5013,222
359.82,4982,221
0.61,5044,218
1.41,5184,223
2.16,5153,222
2.94,5122,212
3.71,5137,135
4.49,75,100
5.27,5013,151
6.05,4950,161
6.82,4857,219
7.60,4826,219
8.38,4873,211
9.16,30,64
9.93,45,71
10.71,6540,211
11.50,6525,61
12.29,135,58
13.08,112,67
13.87,4608,74
14.66,4561,222
15.45,4545,225
16.24,4530,218
17.03,6260,213
17.82,6229,168
18.61,60,71
19.40,82,58
20.19,63,48
21.02,76,64
21.80,98,38
22.57,71,64
23.35,4358,215
24.13,4031,225
24.91,4015,224
25.68,4000,222
26.46,3984,224
27.24,3968,225
28.02,3953,223
28.79,3953,224
29.57,3937,225
30.36,3922,225
31.15,3922,225
31.94,3906,225
32.73,3906,224
33.52,3890,226
34.31,3890,229
35.10,3797,219
35.89,3688,219
36.68,3594,220
37.47,3501,222
38.26,3423,222
39.05,3329,223
39.88,3251,221
40.67,3174,221
41.46,3127,222
42.25,3049,222
43.04,2986,222
43.83,2924,225
44.62,2877,223
45.41,2815,225
46.20,2768,225
46.99,2722,226
47.78,2675,226
48.57,2628,225
49.36,2581,226
50.12,2550,225
50.88,2503,226
51.64,2457,227
52.40,2441,228
53.16,2394,227
53.93,2363,226
54.69,2332,228
55.45,2301,228
56.21,2270,227
56.97,2238,228
57.73,2223,228
58.52,2192,229
59.32,2160,230
60.11,2145,232
60.91,2114,229
61.71,2098,230
62.50,2067,229
63.30,2051,230
64.09,2036,230
64.89,2020,230
65.69,2005,232
66.48,1989,231
67.28,1958,231
67.97,1942,230
68.76,1927,230
69.55,1911,232
70.34,1911,229
71.13,1895,232
71.92,1880,230
72.71,1864,231
73.50,1849,231
74.29,1849,223
75.08,1833,230
75.87,1818,230
76.66,1802,229
77.49,1802,229
78.24,1786,229
79.00,1771,230
79.75,1771,230
80.50,1755,231
81.26,1755,232
82.01,1755,221
82.77,898,229
83.52,898,233
84.27,882,234
85.03,898,231
85.78,945,228
86.58,1023,241
87.38,1038,218
88.17,914,231
88.97,898,233
89.77,898,238
90.56,898,238
91.36,898,240
92.15,898,236
92.95,898,235
93.75,945,231
94.54,945,242
95.34,945,243
96.09,945,241
96.89,960,240
97.70,991,234
98.50,1054,233
99.30,1069,233
100.11,1085,240
100.91,1069,241
101.72,1069,236
102.52,1116,235
103.32,1132,238
104.13,1163,221
104.93,1677,230
105.76,1693,235
106.55,1677,230
107.33,1693,237
108.12,1708,232
108.91,1708,232
109.69,1708,233
110.48,1708,232
111.26,1724,223
112.05,1724,221
112.84,1740,231
113.62,1755,223
114.41,1755,231
115.21,1755,232
116.01,1771,231
116.80,1771,229
117.60,1786,232
118.40,1786,231
119.19,1802,230
119.99,1818,229
120.78,1818,223
121.58,1833,232
122.38,1849,231
123.17,1864,231
123.97,1864,231
124.72,1880,232
125.52,1895,216
126.33,1412,222
127.13,1397,223
127.93,1381,220
128.74,1366,220
129.54,1350,222
130.35,1319,220
131.15,1319,220
131.95,1303,223
132.76,1288,223
133.56,1272,223
134.39,1256,222
135.21,1241,222
136.02,1241,221
136.84,1210,223
137.66,1210,222
138.47,1194,221
139.29,1194,222
140.10,1225,220
140.92,1256,218
141.74,1288,218
142.55,1178,213
143.37,1334,212
144.16,1397,214
144.95,105,214
145.75,105,220
146.54,97,223
147.33,93,224
148.13,91,228
148.92,90,227
149.72,90,230
150.51,90,230
151.30,90,229
152.10,90,226
152.89,90,223
153.68,105,222
154.49,105,221
155.29,97,224
156.10,93,229
156.91,84,232
157.71,79,233
158.52,77,235
159.32,76,233
160.13,75,229
160.94,75,227
161.74,75,223
162.55,75,225
163.34,75,228
164.13,75,236
164.93,67,241
165.72,71,245
166.51,65,246
167.31,70,245
168.10,65,245
168.90,62,246
169.69,61,244
170.48,60,243
171.28,67,245
172.07,63,245
172.94,69,244
173.74,72,246
174.53,73,241
175.33,74,243
176.13,74,245
176.92,74,244
177.72,74,243
178.51,74,241
179.31,74,239
180.11,74,242
180.90,74,243
181.70,74,241
182.45,74,240
183.27,74,234
184.10,74,233
184.92,74,231
185.74,74,226
186.56,82,226
187.39,86,230
188.21,80,233
189.03,77,230
189.85,83,222
190.68,86,213
191.50,110,210
192.30,92,211
193.09,98,210
193.88,758,177
194.67,804,213
195.46,820,213
196.25,773,223
197.04,758,230
197.83,711,227
198.62,695,225
199.41,695,226
200.20,680,223
200.99,633,222
201.78,633,222
202.57,571,222
203.36,555,212
204.15,539,222
204.94,524,228
205.73,508,228
206.52,508,228
207.31,500,227
208.10,488,230
208.89,482,232
209.68,471,232
210.47,458,232
211.23,452,231
212.04,323,225
212.85,316,229
213.66,319,221
214.47,343,218
215.28,431,210
216.08,423,214
216.89,419,216
217.70,410,213
218.51,283,222
219.32,269,221
220.13,276,238
220.93,272,226
221.72,337,223
222.52,387,229
223.31,387,233
224.10,394,229
224.89,398,232
225.69,400,233
226.48,393,233
227.27,390,234
228.06,388,234
228.86,387,233
229.65,377,233
230.48,372,233
231.29,370,232
232.11,369,231
232.92,368,232
233.73,359,236
234.54,354,234
235.36,352,235
236.17,351,232
236.98,344,234
237.79,340,238
238.61,338,236
239.42,337,235
240.22,330,234
240.97,333,234
241.72,328,237
242.47,325,237
243.22,324,236
243.97,323,236
244.73,323,237
245.48,323,236
246.23,323,236
246.98,323,236
247.73,323,238
248.48,323,236
249.27,309,236
250.06,309,236
250.85,309,237
251.64,309,239
252.43,309,239
253.22,309,237
254.01,309,236
254.80,309,239
255.59,309,238
256.38,309,238
257.17,309,238
257.96,309,240
258.82,309,238
259.63,309,237
260.45,309,237
261.26,309,237
262.07,302,238
262.89,306,238
263.70,308,238
264.52,309,237
265.33,309,240
266.14,309,237
266.96,309,238
267.77,309,237
268.52,302,235
269.32,306,238
270.11,301,237
270.91,305,237
271.71,307,236
272.50,315,238
273.30,312,236
274.09,311,237
274.89,317,237
275.69,320,239
276.48,321,239
277.28,322,235
277.94,322,236
278.73,322,237
279.53,322,237
280.32,322,236
281.11,322,237
281.90,316,233
282.70,326,234
283.49,331,227
284.28,351,220
285.07,361,219
285.87,349,220
286.66,343,221
287.45,333,222
288.27,335,226
289.10,336,227
289.92,336,229
290.74,329,233
291.56,319,234
292.39,321,232
293.21,322,233
294.03,309,230
294.85,302,236
295.68,299,231
296.50,297,232
297.30,290,229
298.10,286,223
298.89,189,225
299.69,189,228
300.49,189,225
301.28,269,229
302.08,276,233
302.87,279,236
303.67,281,236
304.47,202,235
305.26,202,236
306.06,195,232
306.85,198,234
307.66,207,233
308.47,225,230
309.28,296,234
310.09,296,235
310.90,303,233
311.71,306,234
312.52,308,231
313.33,315,227
314.14,332,219
314.95,402,212
315.76,5964,171
316.52,6010,214
317.31,6182,221
318.11,6119,220
318.90,6073,218
319.69,5948,221
320.48,5964,216
321.28,555,221
322.07,571,220
322.86,5808,221
323.65,5777,222
324.45,5730,220
325.24,571,227
326.03,571,233
326.82,555,220
327.62,540,214
328.41,540,217
329.20,540,212
330.00,269,215
330.79,269,216
331.59,276,220
332.38,272,223
333.17,270,227
333.97,276,228
334.76,279,220
335.51,294,197
336.32,5231,211
337.12,5231,222
337.93,5215,222
338.74,5200,223
339.55,5215,223
340.35,5231,221
341.16,5247,222
341.97,5278,221
342.78,5325,220
343.58,5387,217
344.39,5059,116
345.14,5013,215
345.89,4981,215
346.64,4919,184
347.39,4904,210
348.14,4841,217
348.89,4841,122
349.65,4841,174
350.40,4904,212
351.15,5137,211
351.90,5200,217
352.65,5418,218
353.40,5371,223
354.23,5324,222
355.02,5262,221
355.81,5200,222
356.60,5137,220
357.39,5091,221
358.18,5044,220
358.97,4997,221
359.76,4981,221
0.55,5075,218
1.34,5184,226
2.13,5153,220
2.92,5106,212
3.71,5091,132
4.53,5013,116
5.35,5044,148
6.17,4935,211
6.99,4841,218
7.81,4857,223
8.63,4981,90
9.45,45,77
10.27,6556,80
11.09,6540,212
11.91,75,74
12.73,52,67
13.49,48,54
14.28,4576,211
15.08,4561,222
15.87,4529,225
16.66,4529,212
17.45,6228,212
18.25,6213,90
19.04,45,80
19.83,37,48
20.62,71,58
21.42,88,58
22.21,89,48
22.58,4405,74
23.37,4342,214
24.16,4031,225
24.95,4015,225
25.74,4000,224
26.53,3984,222
27.31,3968,224
28.10,3953,223
28.89,3937,223
29.68,3937,226
30.47,3922,225
31.26,3906,223
32.05,3906,224
32.84,3906,225
33.64,3890,226
34.43,3859,225
35.22,3766,220
36.02,3657,220
36.81,3563,221
37.61,3470,220
38.40,3392,221
39.19,3314,221
39.99,3236,221
40.78,3158,222
41.54,3096,222
42.33,3018,222
43.13,2971,222
43.92,2909,225
44.71,2862,224
45.50,2799,225
46.30,2753,226
47.09,2706,225
47.88,2659,222
48.67,2612,225
49.47,2581,226
50.26,2534,224
51.09,2488,226
51.88,2457,226
52.66,2425,228
53.45,2394,226
54.24,2363,227
55.03,2316,228
55.81,2285,228
56.60,2254,227
57.39,2238,229
58.18,2207,228
58.96,2176,230
59.75,2160,230
60.54,2129,230
61.34,2114,232
62.15,2082,230
62.95,2067,230
63.75,2051,229
64.56,2020,230
65.36,2005,231
66.17,1989,231
66.97,1973,232
67.77,1958,230
68.58,1942,232
69.38,1927,229
70.17,1911,228
70.96,1895,229
71.76,1880,229
72.55,1880,229
73.34,1864,230
74.13,1849,231
74.93,1833,224
75.72,1818,232
76.51,1802,229
77.30,1802,229
78.10,1786,229
78.89,1786,229
79.68,1771,232
80.42,1771,230
81.16,1755,231
81.89,1755,231
82.63,898,226
83.37,882,230
84.11,882,233
84.85,898,235
85.59,914,227
86.32,1007,238
87.06,1023,231
87.80,914,217
88.59,898,235
89.41,898,235
90.22,882,240
91.04,898,237
91.86,898,239
92.68,898,236
93.49,898,231
94.31,929,235
95.13,945,241
95.95,945,241
96.76,945,243
97.58,976,240
98.22,1038,233
99.02,1069,233
99.81,1085,238
100.61,1069,240
101.41,1069,239
102.20,1085,233
103.00,1132,240
103.79,1147,228
104.59,1662,219
105.39,1693,233
106.18,1662,232
106.98,1693,236
107.77,1708,235
108.57,1708,234
109.37,1708,234
110.17,1708,233
110.97,1724,233
111.77,1397,224
112.58,1740,230
113.38,1740,231
114.18,1755,227
114.98,1755,232
115.78,1755,230
116.58,1771,231
117.37,1771,231
118.16,1786,230
118.96,1786,230
119.75,1802,230
120.54,1818,224
121.33,1818,229
122.13,1833,229
122.92,1849,231
123.71,1864,233
124.50,1864,230
125.30,1880,231
126.09,1428,223
126.88,1412,223
127.69,1381,221
128.49,1366,219
129.30,1350,221
130.11,1334,222
130.92,1319,221
131.72,1303,223
132.53,1288,224
133.34,1272,222
134.15,1272,222
134.95,1256,221
135.76,1241,223
136.51,1225,220
137.29,1210,221
138.07,1210,222
138.85,1194,222
139.63,1210,222
140.41,1241,220
141.20,1272,218
141.98,1303,218
142.76,1210,218
143.54,1381,216
144.32,90,214
145.10,90,217
145.89,90,220
146.68,97,224
147.47,93,226
148.26,91,228
149.05,98,229
149.84,94,229
150.63,92,229
151.42,83,227
152.21,86,226
153.00,88,223
153.79,89,223
154.58,97,223
155.37,93,229
156.19,91,233
157.02,90,231
157.84,82,234
158.66,78,230
159.48,76,232
160.31,75,229
161.13,75,225
161.95,75,225
162.77,75,224
163.60,67,231
164.42,71,237
165.18,73,243
166.00,74,244
166.82,67,248
167.64,63,247
168.46,61,246
169.28,60,244
170.10,60,246
170.92,60,242
171.74,67,243
172.56,63,246
173.38,61,244
174.20,60,243
174.99,60,239
175.78,67,243
176.57,71,243
177.36,73,243
178.15,74,244
178.94,74,241
179.73,74,236
180.52,74,241
181.31,74,242
182.10,74,245
182.89,74,239
183.68,74,236
184.50,82,235
185.32,78,229
186.13,76,228
186.95,75,226
187.77,75,229
188.59,75,236
189.40,82,230
190.22,78,220
191.04,91,213
191.86,75,212
192.67,97,211
193.49,86,184
194.28,727,187
195.06,820,214
195.84,773,215
196.62,758,225
197.40,742,229
198.18,727,226
198.96,695,227
199.74,680,227
200.52,664,221
201.30,633,221
202.08,618,221
202.86,571,220
203.66,555,215
204.45,540,221
205.23,524,228
206.02,524,226
206.81,508,228
207.59,500,227
208.38,488,229
209.16,482,230
209.95,471,230
210.74,458,228
211.52,452,231
212.31,323,225
213.10,316,227
213.88,319,222
214.66,402,217
215.44,409,190
216.22,412,214
217.00,414,218
217.78,408,211
218.56,283,220
219.34,283,224
220.12,283,235
220.90,283,226
221.68,350,225
222.48,368,230
223.27,377,230
224.07,382,230
224.86,392,232
225.65,397,235
226.44,392,233
227.24,389,234
228.03,388,234
228.82,380,234
229.61,376,234
230.41,374,234
231.20,373,234
231.99,361,233
232.78,366,235
233.57,369,234
234.36,359,232
235.15,354,234
235.94,352,231
236.73,344,235
237.52,340,233
238.31,338,234
239.10,337,235
239.89,337,236
240.68,330,236
241.44,326,235
242.25,324,235
243.05,323,234
243.86,323,236
244.67,323,236
245.47,323,237
246.28,316,235
247.08,319,233
247.89,321,236
248.70,322,237
249.50,316,236
250.31,313,234
251.07,311,236
251.87,310,235
252.66,310,239
253.46,310,238
254.26,310,239
255.05,303,238
255.85,299,240
256.64,304,238
257.44,307,234
258.24,308,238
259.03,309,237
259.83,309,238
260.62,309,238
261.38,309,240
262.14,309,236
262.90,309,237
263.66,309,237
264.42,309,237
265.19,309,237
265.95,309,237
266.71,309,238
267.47,309,240
268.23,309,238
268.99,309,240
269.86,309,237
270.67,309,236
271.49,309,238
272.30,309,236
273.11,316,237
273.92,313,236
274.74,318,236
275.55,320,237
276.36,321,240
277.17,322,237
277.99,322,238
278.80,322,238
279.59,322,235
280.39,322,237
281.18,322,239
281.98,329,238
282.78,333,235
283.57,335,229
284.37,353,221
285.16,362,221
285.96,367,220
286.76,352,224
287.55,337,223
288.35,337,226
289.07,330,224
289.91,326,229
290.74,318,230
291.58,320,232
292.42,301,230
293.25,298,233
294.09,297,232
294.92,296,234
295.76,289,232
296.60,299,233
297.43,284,230
298.27,276,223
299.10,189,226
299.89,189,227
300.67,189,226
301.46,283,228
302.25,283,233
303.04,283,236
303.82,276,233
304.61,202,235
305.40,202,237
306.19,195,232
306.97,198,233
307.76,207,231
308.51,225,230
309.31,296,234
310.11,296,237
310.91,303,234
311.71,306,235
312.51,308,231
313.31,315,225
314.11,326,219
314.91,431,213
315.71,5964,155
316.51,6010,214
317.31,6213,220
318.06,6135,220
318.85,6073,219
319.65,5964,221
320.44,5995,216
321.23,555,223
322.02,555,222
322.82,5823,220
323.61,5761,222
324.40,5730,221
325.19,571,226
325.99,571,231
326.78,555,219
327.61,540,216
328.40,540,219
329.19,283,211
329.98,283,215
330.77,283,216
331.56,283,220
332.35,283,224
333.14,283,223
333.93,283,229
334.72,283,221
335.51,289,177
336.30,5231,212
337.09,5231,223
337.89,5215,222
338.70,5200,224
339.50,5215,221
340.31,5231,221
341.11,5247,220
341.92,5278,219
342.72,5325,219
343.53,5387,218
344.33,5044,148
345.14,4997,216
345.94,4966,214
346.73,4888,210
347.52,4888,210
348.32,4842,218
349.11,4904,71
349.90,4857,210
350.70,4919,211
351.49,5122,213
352.29,5200,218
353.08,5418,222
353.87,5356,222
354.67,5294,221
355.46,5247,222
356.25,5184,219
357.04,5138,221
357.83,5091,223
358.62,5044,222
359.41,4997,222
0.20,4997,220
0.99,5091,218
1.78,5184,225
2.57,5153,216
3.36,5122,211
4.15,5122,116
4.94,5013,158
5.77,4966,142
6.51,4888,212
7.26,4826,219
8.00,4857,221
8.74,75,90
9.49,67,90
10.23,6556,119
10.98,6509,210
11.72,45,96
12.46,60,74
13.21,45,77
13.95,4592,214
14.75,4561,225
15.56,4530,223
16.37,4530,164
17.18,6229,213
17.99,60,64
18.80,90,58
19.61,97,58
20.42,86,61
21.23,118,48
22.04,74,61
22.85,4374,116
23.66,4031,217
24.41,4015,224
25.20,4000,222
26.00,4000,223
26.79,3984,224
27.58,3969,224
28.37,3953,224
29.17,3938,224
29.96,3938,225
30.75,3922,223
31.54,3906,225
32.34,3906,224
33.13,3891,224
33.93,3891,225
34.69,3860,224
35.45,3735,219
36.21,3641,221
36.97,3532,220
37.73,3454,222
38.50,3376,222
39.26,3299,220
40.02,3221,222
40.78,3143,222
41.54,3080,222
42.30,3018,222
43.09,2956,224
43.89,2893,224
44.68,2831,224
45.48,2800,224
46.28,2753,224
47.07,2706,223
47.87,2644,225
48.66,2613,227
49.46,2566,225
50.26,2535,226
51.05,2488,227
51.85,2457,226
52.43,2410,226
53.22,2379,227
54.02,2348,226
54.81,2317,229
55.60,2285,229
56.39,2254,228
57.19,2223,230
57.98,2192,231
58.77,2176,229
59.56,2145,231
60.36,2130,230
61.15,2098,231
61.98,2083,231
62.78,2067,230
63.58,2036,230
64.38,2020,229
65.18,2005,231
65.98,1989,230
66.78,1974,231
67.58,1958,229
68.38,1943,231
69.18,1927,229
69.98,1911,232
70.78,1896,230
71.58,1880,230
72.37,1865,228
73.17,1849,230
73.96,1849,229
74.75,1833,225
75.54,1818,229
76.34,1802,230
77.13,1802,229
77.92,1787,229
78.71,1771,229
79.51,1771,230
80.30,1755,228
81.09,1755,229
81.86,1755,229
82.62,898,228
83.39,883,231
84.16,883,235
84.93,898,233
85.69,945,228
86.46,1007,238
87.23,1023,229
88.00,914,223
88.76,898,235
89.53,898,237
90.32,898,238
91.11,898,240
91.89,898,240
92.68,898,237
93.47,914,230
94.26,929,238
95.04,945,239
95.83,945,240
96.62,961,240
97.41,976,238
98.19,1054,234
98.98,1070,233
99.77,1085,240
100.57,1070,239
101.36,1070,240
102.16,1101,231
102.96,1132,240
103.75,1148,225
104.55,1662,225
105.34,1693,233
106.14,1693,233
106.94,1693,237
107.73,1693,234
108.53,1709,234
109.29,1709,232
110.11,1709,232
110.93,1724,229
111.75,1413,220
112.57,1740,230
113.39,1740,225
114.21,1755,229
115.03,1755,232
115.85,1771,232
116.67,1771,232
117.49,1771,230
118.31,1787,230
119.13,1802,229
119.92,1802,232
120.70,1818,225
121.49,1833,230
122.28,1833,231
123.07,1849,231
123.85,1865,232
124.64,1880,232
125.43,1896,221
126.22,1413,223
127.00,1397,222
127.79,1381,220
128.58,1366,222
129.37,1350,220
130.17,1335,221
130.96,1319,221
131.75,1303,222
132.55,1288,223
133.34,1272,221
134.14,1257,222
134.93,1241,222
135.72,1241,222
136.52,1226,224
137.31,1210,221
138.10,1194,220
138.90,1194,220
139.71,1226,220
140.51,1257,219
141.31,1272,218
142.12,1288,214
142.92,1210,214
143.73,1381,215
144.53,105,216
145.33,97,217
146.14,101,220
146.94,103,225
147.73,104,226
148.52,97,228
149.32,93,230
150.11,91,231
150.90,98,225
151.69,94,229
152.49,92,223
153.28,91,223
154.07,90,223
154.86,97,224
155.66,101,227
156.45,88,230
157.54,81,233
158.33,85,234
159.13,80,233
159.92,77,229
160.71,76,228
161.50,83,224
162.30,79,225
163.09,77,226
163.88,68,235
164.67,71,241
165.47,73,243
166.26,66,245
167.05,63,246
167.86,61,247
168.66,60,245
169.47,60,246
170.28,60,244
171.09,60,243
171.89,60,242
172.70,60,243
173.51,60,246
174.32,60,244
175.12,67,240
175.93,71,243
176.68,73,244
177.47,74,244
178.27,74,241
179.06,74,238
179.85,74,242
180.65,74,244
181.44,74,241
182.24,74,241
183.03,74,237
183.82,74,233
184.62,82,229
185.41,78,229
186.23,84,225
187.03,79,223
187.83,84,230
188.63,87,236
189.43,88,228
190.23,81,216
191.04,78,211
191.84,76,210
192.64,90,210
193.44,90,142
194.24,773,148
195.04,805,215
195.83,773,215
196.61,758,229
197.39,742,230
198.17,711,228
198.95,695,229
199.73,664,227
200.51,664,222
201.29,633,224
202.07,586,224
202.85,586,217
203.63,540,216
204.41,524,224
205.17,524,226
205.96,508,226
206.75,508,229
207.54,500,230
208.33,488,232
209.12,474,234
209.91,467,231
210.70,456,232
211.49,451,228
212.28,310,231
213.07,310,227
213.86,330,222
214.68,416,211
215.49,431,210
216.29,423,216
217.10,419,215
217.91,296,214
218.72,289,222
219.52,292,229
220.33,280,237
221.14,350,222
221.95,361,230
222.75,374,229
223.56,388,232
224.35,387,233
225.14,394,234
225.93,390,233
226.72,381,230
227.51,384,235
228.30,385,235
229.09,378,233
229.88,375,233
230.67,373,232
231.46,372,233
232.25,372,229
233.04,361,234
233.84,355,234
234.64,352,235
235.43,351,235
236.23,350,235
237.02,343,233
237.82,340,234
238.61,338,236
239.41,337,235
240.20,337,234
241.00,330,232
241.79,326,235
242.59,324,234
243.35,323,236
244.15,323,235
244.96,323,235
245.76,323,236
246.56,323,237
247.37,323,238
248.17,316,236
248.98,313,237
249.78,311,237
250.58,310,237
251.39,310,234
252.19,310,237
252.98,310,237
253.77,310,237
254.57,310,240
255.36,310,236
256.15,303,235
256.94,306,238
257.74,308,238
258.53,309,240
259.32,309,240
260.11,309,240
260.91,309,238
261.70,309,237
262.40,309,238
263.19,309,238
263.98,309,237
264.77,309,238
265.56,309,239
266.35,309,241
267.13,309,237
267.92,309,237
268.71,309,237
269.50,316,238
270.29,313,237
271.08,311,235
271.84,310,238
272.64,310,239
273.45,310,236
274.25,316,235
275.05,319,236
275.85,321,236
276.66,315,237
277.46,319,237
278.26,321,236
279.06,322,237
279.87,322,237
280.67,322,238
281.47,322,239
282.26,329,238
283.05,333,235
283.84,352,223
284.63,351,220
285.42,344,217
286.20,340,221
286.99,338,222
287.78,330,226
288.57,326,226
289.36,324,226
290.15,323,232
290.95,323,230
291.79,316,232
292.62,319,234
293.46,314,232
294.29,305,230
295.13,294,230
295.96,302,235
296.80,306,231
297.63,287,228
298.47,189,221
299.30,189,226
300.14,189,226
300.94,202,223
301.74,283,231
302.55,283,236
303.35,283,236
304.15,243,232
304.95,222,237
305.76,205,239
306.56,197,228
307.36,199,235
308.16,207,229
308.97,283,233
309.77,289,236
310.57,299,236
311.36,304,233
312.16,307,233
312.95,315,231
313.74,326,224
314.53,416,215
315.33,431,187
316.12,5979,213
316.91,6213,217
317.70,6166,220
318.50,6104,223
319.29,5995,218
320.08,5964,220
320.88,555,215
321.67,555,229
322.47,5839,214
323.27,5808,223
324.06,5745,223
324.86,571,218
325.65,571,227
326.45,555,229
327.25,540,217
328.04,540,218
328.84,524,214
329.60,283,213
330.42,276,215
331.23,279,216
332.05,281,222
332.87,282,224
333.69,282,230
334.50,282,225
335.32,282,214
336.14,350,100
336.96,5231,218
337.77,5215,222
338.59,5215,223
339.42,5200,223
340.21,5215,221
341.00,5231,221
341.79,5262,218
342.58,5309,219
343.37,5356,219
344.17,5418,212
344.96,5044,212
345.75,4982,215
346.54,4950,129
347.33,4904,215
348.12,4857,213
348.91,4826,211
349.65,120,71
350.38,4873,214
351.12,4982,87
351.86,5137,218
352.60,5231,217
353.33,5402,225
354.07,5340,223
354.81,5278,220
355.55,5215,222
356.28,5153,221
357.02,5122,222
357.77,5060,222
358.57,5013,223
359.37,4982,222
0.16,5028,219
0.96,5153,222
1.76,5169,222
2.56,5137,213
3.36,5106,155
4.16,5028,122
4.95,4997,145
5.75,4997,106
6.55,4873,217
7.34,4857,221
8.13,4857,214
8.91,45,58
9.70,37,58
10.49,6525,212
11.27,6525,84
12.06,30,58
12.84,90,71
13.63,75,71
14.42,4561,221
15.20,4545,226
15.99,4514,221
16.78,6244,211
17.60,6229,211
18.42,105,48
19.24,97,61
20.06,71,80
20.88,88,45
21.69,89,71
22.51,89,74
23.33,4343,215
24.15,4031,225
24.97,4015,223
25.79,4000,225
26.58,3984,225
27.37,3969,222
28.17,3969,224
28.96,3953,225
29.76,3937,224
30.55,3937,225
31.35,3922,224
32.14,3906,225
32.94,3891,225
33.73,3891,226
34.53,3891,227
35.32,3813,218
36.15,3688,219
36.88,3594,221
37.61,3501,223
38.34,3423,221
39.07,3345,222
39.80,3252,221
40.53,3189,221
41.26,3111,222
41.99,3049,223
42.72,3002,223
43.45,2924,223
44.18,2878,223
44.98,2831,224
45.77,2768,225
46.56,2722,224
47.35,2675,225
48.14,2628,225
48.93,2581,225
49.71,2550,224
50.50,2503,226
51.29,2472,225
52.08,2441,226
52.87,2394,228
53.66,2363,228
54.45,2332,228
55.25,2301,227
56.05,2285,229
56.84,2254,227
57.64,2223,228
58.44,2192,228
59.24,2161,229
60.04,2145,229
60.84,2114,229
61.63,2098,230
62.43,2083,230
63.23,2051,229
63.98,2036,230
64.78,2020,230
65.59,2005,232
66.39,1989,232
67.19,1958,231
67.99,1942,231
68.80,1927,231
69.60,1911,230
70.40,1911,231
71.20,1896,232
72.01,1880,230
72.81,1864,231
73.64,1849,229
74.43,1849,225
75.22,1833,229
76.01,1818,230
76.80,1802,230
77.59,1802,231
78.39,1787,230
79.18,1771,231
79.97,1771,231
80.76,1755,231
81.55,1755,231
82.34,1755,225
82.94,898,230
83.74,883,231
84.53,883,233
85.33,898,232
86.13,976,228
86.93,1023,240
87.72,1038,219
88.52,914,227
89.32,898,236
90.12,898,238
90.91,898,240
91.71,898,240
92.47,883,238
93.25,898,236
94.02,945,234
94.80,945,241
95.58,945,241
96.35,945,242
97.13,960,239
97.90,991,234
98.68,1054,232
99.46,1085,235
100.23,1085,240
101.01,1069,241
101.84,1069,235
102.63,1132,236
103.42,1132,237
104.21,1194,221
105.00,1693,231
105.79,1693,234
106.59,1693,235
107.38,1693,237
108.17,1708,235
108.96,1708,234
109.75,1708,233
110.54,1724,234
111.33,1724,219
112.14,1724,224
112.94,1740,231
113.75,1755,225
114.55,1755,231
115.36,1755,230
116.16,1755,231
116.97,1771,229
117.77,1786,231
118.58,1786,230
119.38,1802,231
120.19,1818,231
120.95,1818,225
121.74,1833,231
122.54,1833,230
123.33,1849,231
124.12,1864,229
124.91,1880,232
125.71,1428,218
126.50,1412,222
127.29,1397,220
128.08,1381,221
128.88,1366,220
129.67,1350,222
130.46,1319,221
131.25,1303,221
132.04,1288,222
132.83,1272,222
133.62,1256,221
134.41,1256,222
135.21,1225,221
136.00,1225,222
136.79,1225,223
137.58,1210,221
138.37,1194,221
139.16,1210,223
139.96,1225,222
140.78,1272,218
141.60,1288,219
142.42,1210,218
143.24,1366,214
144.06,1397,213
144.87,90,217
145.69,90,218
146.51,97,223
147.33,93,225
148.15,91,228
148.97,90,229
149.76,90,230
150.55,90,227
151.34,90,231
152.13,90,227
152.92,90,222
153.71,97,221
154.49,1537,221
155.28,90,225
156.07,90,230
156.86,90,232
157.65,90,233
158.44,82,234
159.24,78,232
160.03,76,229
160.82,75,227
161.61,75,226
162.40,75,225
163.19,67,231
163.99,71,237
164.78,65,242
165.57,62,242
166.36,61,246
167.15,60,246
167.94,60,247
168.77,60,245
169.57,60,244
170.37,60,245
171.18,67,244
171.98,63,242
172.78,61,244
173.58,60,247
174.38,67,240
175.18,71,241
175.99,65,243
176.79,70,244
177.59,72,244
178.39,73,240
179.23,74,242
180.06,74,241
180.90,74,244
181.73,74,241
182.57,74,237
183.40,82,235
184.24,78,230
185.07,84,232
185.91,87,228
186.74,88,227
187.58,81,230
188.33,85,235
189.12,87,231
189.92,81,219
190.71,85,214
191.51,87,211
192.30,88,212
193.10,81,171
193.89,758,200
194.69,789,212
195.48,773,213
196.28,773,221
197.07,758,233
197.90,727,228
198.69,695,227
199.47,680,226
200.26,664,225
201.05,664,221
201.83,617,223
202.62,571,221
203.40,555,212
204.19,539,223
204.98,524,224
205.76,524,226
206.55,508,225
207.34,500,228
208.13,496,230
208.93,486,234
209.72,473,231
210.52,459,231
211.31,452,234
212.11,402,220
212.90,310,230
213.70,310,225
214.49,368,219
215.29,392,193
216.08,404,212
216.87,410,217
217.66,420,212
218.44,296,221
219.23,289,223
220.02,286,233
220.80,284,230
221.59,337,227
222.37,352,229
223.16,369,231
223.95,385,231
224.73,393,233
225.52,390,233
226.38,388,232
227.16,387,235
227.95,387,234
228.73,377,233
229.51,372,232
230.29,370,235
231.08,369,234
231.86,368,235
232.64,359,235
233.42,354,232
234.21,352,232
234.99,351,231
235.82,350,232
236.61,343,233
237.41,340,236
238.20,338,235
239.00,337,236
239.79,337,233
240.59,330,236
241.38,333,234
242.18,328,234
242.97,325,236
243.77,324,237
244.56,323,235
245.35,323,238
246.13,323,237
246.90,323,238
247.68,316,235
248.46,313,236
249.23,318,236
250.01,314,238
250.78,312,238
251.56,311,238
252.34,310,238
253.11,310,238
253.89,303,236
254.69,306,238
255.49,308,237
256.29,309,238
257.10,309,238
257.90,309,237
258.70,309,238
259.50,302,237
260.30,306,237
261.10,308,239
261.91,309,238
262.71,309,240
263.51,309,236
264.34,309,235
265.13,309,239
265.93,309,238
266.72,309,238
267.52,309,238
268.31,309,237
269.11,309,236
269.90,309,238
270.70,309,237
271.49,309,238
272.29,316,236
273.08,313,235
273.87,311,239
274.67,317,236
275.48,320,237
276.28,315,235
277.08,319,237
277.88,321,238
278.69,315,235
279.49,319,239
280.29,321,235
281.09,322,239
281.90,316,236
282.70,326,235
283.50,331,233
284.29,349,224
285.09,368,220
285.88,359,218
286.67,348,219
287.47,342,224
288.26,339,225
289.06,338,229
289.85,330,231
290.64,333,231
291.44,328,231
292.23,312,231
292.94,317,232
293.74,320,232
294.53,315,233
295.33,305,235
296.13,294,233
296.93,288,229
297.72,278,228
298.52,202,225
299.32,195,228
300.12,192,228
300.91,217,223
301.71,269,230
302.50,276,236
303.29,279,237
304.08,274,230
304.87,202,238
305.66,202,239
306.45,195,228
307.24,198,235
308.03,206,232
308.82,269,230
309.61,289,235
310.40,299,236
311.19,304,235
311.98,307,234
312.77,315,229
313.57,326,225
314.36,347,217
315.16,431,203
315.95,5995,213
316.75,6228,216
317.54,6166,219
318.34,6119,220
319.13,6010,218
319.93,5963,220
320.72,555,212
321.55,555,223
322.34,571,216
323.13,5808,221
323.92,5761,224
324.71,5730,218
325.50,571,227
326.30,571,231
327.09,539,216
327.88,539,216
328.67,539,217
329.46,283,210
330.25,283,215
331.04,283,218
331.87,283,222
332.70,283,221
333.53,283,225
334.36,283,227
335.19,283,217
336.02,289,210
336.85,5246,215
337.68,5231,222
338.51,5215,222
339.34,5215,222
340.17,5215,223
340.93,5231,221
341.72,5246,219
342.51,5278,220
343.30,5340,219
344.09,5402,217
344.88,5044,177
345.66,4997,215
346.45,4966,211
347.24,4904,213
348.03,4872,210
348.82,4857,215
349.61,45,74
350.44,4857,211
351.19,4935,187
351.94,5122,216
352.68,5215,220
353.43,5402,224
354.18,5356,223
354.93,5293,221
355.68,5246,220
356.43,5184,221
357.17,5122,222
357.92,5091,222
358.67,5028,223
359.46,4997,222
0.23,4997,219
0.99,5106,219
1.76,5184,226
2.53,5137,215
3.30,5106,211
4.06,5044,87
4.83,5013,180
5.60,4981,155
6.37,4872,216
7.13,4826,219
7.90,4857,220
8.66,45,90
9.45,45,77
10.25,6540,164
11.04,6509,164
11.83,60,84
12.62,45,80
13.42,37,64
14.21,4576,219
15.00,4545,225
15.79,4529,223
16.59,6244,206
17.38,6228,213
18.21,45,64
19.00,45,80
19.78,123,48
20.57,162,58
21.36,202,48
22.14,131,48
22.93,4358,211
23.71,4031,221
24.50,4015,223
25.29,4000,223
26.07,3984,223
26.86,3984,224
27.66,3968,225
28.45,3953,225
29.25,3937,223
30.04,3922,223
30.83,3922,225
31.62,3906,225
32.42,3906,225
33.21,3890,225
34.00,3890,227
34.79,3828,221
35.59,3703,220
36.38,3610,221
37.17,3516,221
37.95,3438,221
38.73,3345,220
39.51,3283,221
40.29,3189,222
41.07,3127,220
41.86,3049,222
42.64,3002,223
43.42,2940,224
44.20,2877,225
44.98,2831,226
45.76,2784,223
46.55,2722,224
47.34,2690,225
48.12,2628,226
48.91,2597,227
49.70,2550,226
50.49,2519,225
51.27,2472,227
52.06,2441,227
52.85,2410,226
53.64,2363,227
54.42,2347,226
55.21,2300,227
56.04,2269,228
56.83,2254,227
57.62,2222,229
58.41,2191,228
59.20,2160,229
59.99,2145,230
60.77,2129,230
61.56,2098,231
62.35,2082,229
63.14,2051,231
63.93,2035,232
64.72,2020,231
65.51,2004,231
66.30,1989,232
67.10,1973,231
67.89,1942,231
68.68,1942,229
69.48,1911,231
70.27,1895,232
71.07,1895,230
71.86,1880,230
72.65,1864,230
73.45,1848,228
74.24,1848,225
75.00,1833,228
75.76,1817,230
76.53,1802,230
77.29,1802,231
78.05,1786,230
78.82,1770,228
79.58,1770,231
80.35,1755,229
81.11,1755,230
81.87,1755,222
82.64,898,231
83.40,882,233
84.23,898,234
85.02,898,232
85.81,991,230
86.60,1022,239
87.39,1038,218
88.18,913,229
88.97,898,234
89.76,882,238
90.55,898,238
91.34,898,240
92.13,898,237
92.92,898,235
93.71,929,234
94.51,944,241
95.32,944,241
96.12,944,240
96.92,960,240
97.73,991,232
98.53,1053,233
99.34,1085,233
100.14,1085,240
100.94,1069,239
101.75,1069,236
102.55,1131,235
103.34,1131,234
104.13,1194,220
104.93,1693,231
105.72,1693,234
106.51,1693,233
107.30,1708,236
108.10,1708,230
108.89,1708,231
109.68,1708,232
110.47,1724,231
111.27,1724,216
112.06,1739,229
113.19,1739,231
113.98,1755,224
114.77,1755,232
115.56,1755,230
116.35,1770,231
117.14,1770,229
117.92,1786,229
118.71,1786,230
119.50,1802,230
120.29,1817,230
121.08,1817,226
121.87,1833,230
122.67,1848,231
123.47,1864,230
124.28,1864,231
125.08,1880,232
125.88,1443,219
126.68,1412,221
127.49,1396,222
128.29,1381,219
129.09,1365,220
129.89,1350,221
130.70,1318,221
131.50,1303,221
132.30,1287,222
133.09,1272,221
133.89,1272,220
134.68,1256,221
135.47,1241,222
136.26,1225,223
137.06,1210,221
137.85,1210,222
138.64,1194,222
139.43,1210,221
140.23,1225,219
141.02,1272,220
141.85,1288,218
142.65,1210,217
143.44,1366,215
144.24,90,213
145.04,82,218
145.83,93,221
146.63,91,222
147.42,98,224
148.22,94,226
149.02,92,231
149.81,91,230
150.61,90,230
151.44,90,227
152.26,97,226
153.08,93,221
153.90,91,223
154.72,98,221
155.54,94,226
156.36,92,229
157.18,83,230
158.00,79,233
158.82,77,236
159.64,83,229
160.46,71,231
161.25,73,225
162.04,81,225
162.84,78,223
163.63,76,229
164.42,75,237
165.21,67,242
166.01,71,243
166.80,65,247
167.59,62,245
168.38,61,244
169.18,60,244
169.97,60,244
170.77,60,245
171.56,60,241
172.35,60,244
173.14,60,245
173.93,60,246
174.72,67,241
175.51,71,242
176.30,73,243
177.09,74,243
177.88,74,243
178.67,74,239
179.46,74,240
180.25,74,243
181.06,74,242
181.86,74,242
182.67,74,243
183.48,74,234
184.28,82,233
185.09,86,229
185.89,88,225
186.70,89,225
187.51,89,229
188.31,82,231
189.12,86,233
189.92,88,223
190.72,96,214
191.51,115,211
192.31,102,211
193.11,103,200
193.90,89,168
194.70,773,212
195.49,804,215
196.29,773,222
197.09,758,229
197.88,742,228
198.68,695,226
199.43,680,228
200.22,680,226
201.00,649,222
201.79,617,224
202.58,586,223
203.37,571,214
204.15,539,219
204.94,524,225
205.73,524,227
206.52,508,225
207.30,500,229
208.09,488,232
208.92,482,232
209.71,471,232
210.50,465,231
211.29,455,230
212.08,402,222
212.87,310,233
213.66,310,225
214.45,402,219
215.24,402,210
216.03,402,212
216.82,409,215
217.61,420,213
218.40,296,220
219.20,289,222
219.99,286,237
220.79,277,233
221.59,350,225
222.38,368,227
223.18,377,231
223.97,382,231
224.77,392,232
225.57,397,231
226.36,392,232
227.16,389,236
227.92,388,235
228.71,378,232
229.50,382,235
230.29,375,236
231.08,371,233
231.87,369,234
232.66,368,233
233.45,368,234
234.24,359,231
235.03,354,236
235.82,352,236
236.61,344,232
237.40,347,234
238.19,342,233
238.99,339,235
239.78,338,235
240.57,337,235
241.37,330,236
242.16,333,237
242.96,328,234
243.75,325,236
244.54,324,237
245.34,323,237
246.13,323,236
246.88,323,237
247.66,316,238
248.45,313,238
249.23,311,236
250.01,317,238
250.80,320,237
251.58,315,237
252.37,312,240
253.15,311,237
253.93,310,238
254.72,310,237
255.50,310,239
256.26,310,240
257.06,310,235
257.87,310,237
258.67,310,239
259.47,310,237
260.28,310,238
261.08,303,235
261.89,299,239
262.69,304,237
263.49,307,240
264.30,308,238
265.10,309,239
265.89,309,237
266.68,302,235
267.48,306,239
268.27,308,240
269.06,309,236
269.85,309,238
270.65,309,239
271.44,309,237
272.23,302,235
273.02,306,237
273.82,314,237
274.61,318,236
275.37,314,237
276.18,318,237
276.98,314,236
277.79,318,237
278.60,320,237
279.40,315,237
280.21,319,239
281.01,321,234
281.82,322,235
282.63,322,235
283.43,329,232
284.24,348,222
285.04,402,217
285.86,385,217
286.68,361,221
287.50,349,224
288.32,336,225
289.14,329,225
289.95,319,229
290.77,321,232
291.59,315,230
292.41,319,235
293.23,307,235
294.05,301,232
294.81,305,233
295.60,294,231
296.40,302,233
297.19,292,232
297.98,280,225
298.77,189,227
299.57,189,228
300.36,189,228
301.15,269,224
301.94,276,231
302.74,279,236
303.53,281,235
304.32,215,230
305.15,208,237
305.99,205,235
306.82,203,230
307.65,209,237
308.49,225,228
309.32,283,233
310.16,289,235
310.99,299,236
311.82,304,235
312.66,307,234
313.49,315,229
314.24,326,225
315.04,431,215
315.84,438,129
316.64,5995,217
317.44,6197,219
318.24,6150,221
319.04,6088,220
319.84,5979,219
320.64,5979,219
321.44,555,220
322.24,555,225
323.04,5839,218
323.79,5776,223
324.58,5761,220
325.37,571,224
326.16,571,230
326.95,555,227
327.74,539,213
328.53,539,217
329.32,539,213
330.11,283,215
330.90,276,216
331.69,279,221
332.48,281,225
333.27,275,227
334.03,279,228
334.80,281,225
335.56,268,211
336.33,5262,129
337.09,5231,219
337.86,5215,222
338.62,5200,223
339.39,5200,222
340.15,5215,221
340.92,5246,222
341.68,5262,220
342.48,5309,219
343.28,5371,218
344.07,5433,145
344.87,5028,215
345.66,4981,215
346.46,4935,158
347.25,4888,214
348.05,4857,216
348.84,4857,193
349.64,350,84
350.43,4904,213
351.23,5106,96
351.99,5137,220
352.77,5262,215
353.54,5387,224
354.32,5324,223
355.10,5262,221
355.88,5215,221
356.65,5153,221
357.43,5106,221
358.21,5044,220
358.99,5013,222
359.76,4981,221
0.54,5044,216
1.37,5169,222
2.13,5153,222
2.89,5153,211
3.65,5091,113
4.41,5106,96
5.17,4997,145
5.94,4935,210
6.70,4841,219
7.46,4857,221
8.22,4841,180
8.98,150,77
9.74,105,77
10.53,6540,211
11.33,30,58
12.12,37,67
12.92,41,58
13.71,4607,145
14.51,4561,224
15.30,4529,225
16.10,4529,216
16.89,6228,214
17.69,6213,116
18.48,90,67
19.28,60,51
20.04,52,32
20.84,78,54
21.65,69,61
22.45,4374,51
23.25,4342,217
24.06,4031,226
24.86,4015,224
25.67,4000,223
26.47,3984,223
27.27,3968,225
28.08,3953,222
28.88,3937,225
29.67,3937,226
30.43,3922,224
31.20,3922,225
31.96,3906,224
32.73,3906,225
33.49,3890,226
34.26,3875,225
35.02,3766,218
35.79,3657,220
36.55,3579,220
37.32,3470,222
38.08,3392,220
38.87,3298,220
39.67,3236,224
40.46,3158,222
41.26,3096,222
42.06,3033,222
42.85,2971,222
43.65,2909,223
44.44,2862,225
45.24,2799,224
46.04,2753,222
46.83,2706,226
47.63,2659,225
48.38,2612,226
49.20,2566,223
50.02,2534,225
50.84,2488,225
51.66,2457,228
52.48,2410,224
53.30,2379,228
54.12,2363,227
54.94,2316,227
55.76,2285,228
56.58,2254,228
57.40,2238,229
58.20,2207,228
58.99,2176,229
59.78,2145,230
60.57,2129,231
61.36,2114,231
62.15,2082,230
62.93,2067,232
63.72,2036,229
64.51,2020,230
65.30,2005,228
66.09,1989,232
66.88,1973,230
67.40,1958,229
68.19,1942,232
68.98,1927,231
69.77,1911,230
70.56,1895,230
71.35,1880,230
72.13,1864,229
72.92,1864,229
73.71,1849,229
74.50,1833,226
75.29,1818,230
76.08,1802,228
76.87,1802,230
77.65,1786,228
78.42,1786,230
79.20,1771,230
79.98,1771,229
80.76,1755,230
81.53,1755,231
82.31,898,228
83.09,882,233
83.87,882,232
84.64,898,234
85.42,914,228
86.25,1007,237
87.04,1023,235
87.83,914,216
88.62,898,232
89.41,898,236
90.20,898,238
90.98,898,238
91.77,898,240
92.56,882,235
93.35,898,231
94.14,945,236
94.93,945,242
95.76,945,241
96.57,960,241
97.39,976,239
98.20,1023,230
99.01,1069,234
99.83,1101,238
100.64,1069,240
101.46,1069,238
102.27,1085,234
103.08,1132,241
103.90,1147,230
104.71,1662,216
105.50,1693,235
106.28,1693,234
107.06,1693,235
107.84,1693,233
108.62,1708,234
109.40,1708,232
110.19,1724,234
110.97,1724,231
111.75,1412,221
112.53,1724,231
113.31,1740,231
114.09,1755,226
114.85,1755,232
115.64,1771,231
116.43,1771,231
117.23,1771,230
118.02,1786,230
118.81,1786,231
119.60,1802,230
120.39,1818,227
121.18,1818,231
121.98,1833,232
122.77,1849,228
123.56,1864,232
124.39,1880,232
125.18,1880,232
125.96,1428,223
126.75,1397,222
127.54,1397,220
128.33,1366,221
129.11,1350,221
129.90,1335,222
130.69,1319,223
131.48,1303,222
132.26,1288,223
133.05,1272,220
133.84,1272,222
134.65,1257,220
135.46,1241,222
136.27,1225,222
137.08,1210,223
137.89,1210,222
138.71,1194,221
139.52,1210,222
140.33,1225,219
141.14,1272,220
141.95,1303,217
142.76,1194,219
143.51,1366,214
144.30,105,213
145.10,97,219
145.89,101,222
146.68,103,226
147.47,96,226
148.27,93,227
149.06,91,228
149.85,90,229
150.64,90,231
151.44,90,228
152.23,90,228
153.06,90,226
153.84,90,220
154.63,1522,221
155.41,90,226
156.19,90,229
156.98,82,231
157.76,78,236
158.55,76,233
159.33,75,228
160.11,75,229
160.90,75,225
161.68,75,224
162.51,75,223
163.30,75,232
164.10,75,236
164.89,75,241
165.68,67,244
166.47,63,244
167.27,61,245
168.06,60,245
168.85,67,244
169.64,63,244
170.44,69,244
171.23,64,242
172.02,62,242
172.82,61,245
173.62,60,245
174.42,67,238
175.22,71,242
176.02,73,242
176.83,74,244
177.63,74,242
178.43,74,244
179.23,74,242
180.03,74,243
180.83,82,244
181.65,78,242
182.48,76,241
183.31,75,236
184.14,75,231
184.97,75,229
185.80,82,226
186.63,86,225
187.46,80,225
188.29,77,234
189.12,76,232
189.95,83,220
190.78,86,214
191.57,80,211
192.37,85,212
193.16,87,197
193.96,119,177
194.76,789,211
195.55,820,216
196.35,758,224
197.14,758,229
197.94,727,228
198.74,695,228
199.53,680,226
200.33,664,225
201.12,649,220
201.91,633,226
202.70,571,224
203.49,555,214
204.28,540,221
205.07,524,226
205.87,508,228
206.66,508,228
207.45,500,226
208.24,496,230
209.03,478,235
209.82,477,235
210.61,468,228
211.40,457,230
212.19,323,221
212.98,316,231
213.77,313,225
214.56,372,221
215.35,446,197
216.14,431,211
216.93,423,218
217.72,372,212
218.51,296,220
219.30,289,221
220.10,286,235
220.89,277,230
221.69,372,223
222.48,379,228
223.27,390,233
224.06,388,234
224.86,395,233
225.65,391,232
226.44,389,233
227.23,388,233
228.03,387,233
228.82,379,237
229.61,383,232
230.38,377,232
231.14,374,232
231.91,373,234
232.68,372,231
233.45,361,233
234.21,355,238
234.98,346,229
235.75,348,235
236.52,349,234
237.28,343,236
238.05,340,235
238.81,338,234
239.61,337,236
240.42,337,235
241.22,330,235
242.02,326,237
242.83,324,236
243.63,323,235
244.44,323,236
245.24,323,236
246.04,323,236
246.85,323,234
247.65,323,235
248.44,316,238
249.23,313,236
250.02,311,236
250.81,310,235
251.60,310,236
252.39,310,236
253.17,310,236
253.96,310,238
254.75,310,238
255.54,310,238
256.33,310,239
257.12,310,240
257.95,310,238
258.74,310,239
259.54,310,238
260.33,310,240
261.12,310,238
261.92,310,239
262.71,310,236
263.51,310,237
264.30,303,237
265.09,306,236
265.89,308,235
266.68,309,239
267.44,309,238
268.23,309,236
269.03,309,236
269.82,309,234
270.61,309,238
271.40,309,236
272.20,309,236
272.99,309,238
273.78,309,238
274.57,316,237
275.37,319,240
276.16,314,239
276.99,318,237
277.80,320,239
278.62,321,237
279.43,322,238
280.24,322,237
281.05,322,237
281.87,322,236
282.68,322,234
283.49,329,229
284.30,387,223
285.12,387,219
285.93,337,219
286.76,337,221
287.58,337,224
288.39,337,223
289.21,330,230
290.03,326,228
290.85,324,229
291.66,317,231
292.48,313,233
293.30,311,234
294.12,317,231
294.93,320,231
295.75,308,231
296.50,302,232
297.30,292,229
298.09,294,223
298.89,202,224
299.69,195,229
300.48,185,226
301.28,283,224
302.07,283,234
302.87,283,238
303.67,283,238
304.46,202,232
305.26,202,236
306.09,195,233
306.89,198,232
307.69,207,230
308.49,225,231
309.29,296,234
310.09,303,237
310.89,306,235
311.69,308,234
312.49,315,231
313.29,326,229
314.09,338,221
314.89,402,214
315.68,5979,168
316.47,6010,215
317.27,6197,220
318.06,6135,218
318.85,6057,220
319.64,5948,221
320.44,5995,216
321.23,555,220
322.02,555,222
322.81,5823,222
323.61,5777,222
324.40,5730,220
325.19,555,227
325.98,571,229
326.78,555,224
327.57,540,214
328.36,540,216
329.15,555,212
329.95,283,215
330.74,283,217
331.53,283,223
332.32,283,224
333.12,283,224
333.91,283,227
334.74,283,220
335.57,296,164
336.40,5247,213
337.23,5231,222
338.06,5215,222
338.89,5200,223
339.71,5200,221
340.54,5215,219
341.37,5247,220
342.20,5278,219
343.03,5325,218
343.86,5387,217
344.65,5060,138
345.38,5013,215
346.12,4982,215
346.85,4919,212
347.58,4888,210
348.32,4841,217
349.05,4857,93
349.79,4857,210
350.52,4904,210
351.25,5122,212
351.99,5184,218
352.72,5418,223
353.51,5356,224
354.31,5293,221
355.11,5247,222
355.90,5200,222
356.70,5137,220
357.50,5091,222
358.30,5028,221
359.10,4997,221
359.90,4997,219
0.69,5091,219
1.49,5184,226
2.29,5153,218
3.04,5106,210
3.85,5091,100
4.65,5028,145
5.46,4997,161
6.27,4873,214
7.07,4841,218
7.88,4857,222
8.68,30,64
9.49,60,61
10.30,6540,138
11.10,6525,184
11.91,75,71
12.70,97,90
13.49,78,77
14.29,4592,215
15.08,4545,225
15.88,4530,223
16.67,6244,158
17.47,6229,212
18.26,30,67
19.06,45,67
19.85,60,51
20.65,67,71
21.44,63,71
22.20,61,71
22.97,4358,161
23.73,4046,218
24.50,4015,223
25.27,4015,223
26.03,4000,226
26.80,3984,224
27.56,3969,225
28.33,3953,224
29.10,3937,224
29.86,3937,224
30.63,3922,225
31.38,3906,225
32.16,3906,224
32.94,3891,225
33.72,3891,225
34.50,3859,222
35.28,3735,217
36.06,3641,220
36.84,3548,219
37.62,3454,221
38.40,3376,221
39.18,3298,222
39.96,3220,222
40.75,3158,221
41.54,3080,222
42.34,3033,222
43.13,2955,221
43.93,2893,223
44.72,2846,224
45.52,2784,224
46.31,2753,225
47.11,2690,224
47.90,2659,225
48.70,2613,226
49.49,2566,225
50.28,2519,224
51.07,2488,228
51.86,2441,225
52.65,2410,228
53.44,2379,228
54.23,2348,227
55.02,2316,228
55.81,2285,227
56.60,2254,227
57.39,2238,229
58.18,2192,228
58.97,2176,228
59.72,2161,229
60.51,2129,231
61.31,2114,231
62.10,2083,230
62.89,2067,229
63.68,2036,230
64.48,2020,231
65.27,2005,231
66.06,1989,231
66.85,1974,231
67.65,1958,230
68.44,1942,232
69.27,1927,230
70.06,1911,230
70.85,1896,229
71.64,1880,230
72.43,1864,230
73.22,1864,230
74.02,1849,230
74.81,1833,226
75.60,1818,230
76.39,1802,229
77.18,1802,230
77.97,1787,228
78.77,1787,229
79.55,1771,230
80.32,1771,231
81.10,1755,231
81.87,1755,232
82.65,898,225
83.42,883,233
84.20,883,233
84.97,898,233
85.75,914,229
86.52,1007,235
87.30,1023,234
88.10,914,214
88.90,898,230
89.69,898,236
90.49,898,239
91.29,898,238
92.09,898,239
92.88,883,235
93.68,898,230
94.48,945,236
95.28,945,240
96.07,945,241
96.87,960,242
97.40,976,240
98.17,1007,233
98.93,1070,233
99.70,1085,236
100.47,1085,242
101.24,1070,238
102.00,1085,235
102.77,1132,239
103.54,1147,232
104.31,1662,218
105.07,1693,234
105.84,1677,235
106.67,1693,235
107.48,1693,233
108.30,1709,234
109.11,1709,234
109.92,1709,231
110.73,1724,234
111.55,1397,221
112.36,1740,229
113.17,1740,231
113.98,1755,225
114.80,1755,232
115.61,1755,231
116.40,1771,231
117.20,1771,231
117.99,1787,228
118.79,1787,230
119.59,1802,231
120.39,1818,229
121.18,1818,228
121.98,1833,231
122.78,1849,229
123.58,1864,231
124.37,1864,230
125.17,1880,230
125.93,1428,220
126.72,1412,222
127.52,1397,222
128.31,1381,221
129.10,1366,222
129.89,1335,223
130.69,1319,222
131.48,1303,222
132.27,1288,223
133.06,1272,221
133.86,1272,223
134.65,1257,223
135.48,1241,222
136.29,1225,221
137.11,1210,221
137.92,1210,221
138.73,1194,222
139.54,1210,222
140.36,1241,219
141.17,1272,221
141.98,1288,219
142.79,1210,218
143.61,1366,216
144.42,1412,212
145.21,105,218
146.00,97,220
146.80,101,223
147.59,95,224
148.39,92,228
149.18,91,230
149.98,90,231
150.77,82,230
151.57,86,228
152.36,80,225
153.16,92,223
153.95,98,221
154.74,94,223
155.56,84,224
156.38,79,230
157.20,77,234
158.02,76,234
158.84,75,233
159.65,75,232
160.47,75,230
161.29,75,225
162.11,75,223
162.93,75,223
163.75,75,231
164.54,75,237
165.30,67,242
166.06,63,243
166.82,61,244
167.58,60,246
168.34,60,244
169.10,60,246
169.86,60,246
170.62,67,243
171.38,63,241
172.14,61,243
172.90,60,243
173.73,67,244
174.53,71,241
175.32,73,241
176.12,74,243
176.92,74,244
177.72,74,245
178.51,74,241
179.31,74,240
180.11,74,241
180.91,74,243
181.70,74,244
182.50,82,240
183.26,78,235
184.08,84,231
184.89,87,230
185.71,88,225
186.52,81,223
187.34,85,228
188.15,80,233
188.97,77,230
189.78,91,220
190.60,98,214
191.41,109,212
192.23,107,210
193.03,618,206
193.82,773,180
194.62,805,212
195.41,805,215
196.20,773,221
197.00,758,233
197.79,727,226
198.59,695,227
199.38,680,227
200.17,664,223
200.97,649,221
201.76,618,224
202.65,571,221
203.44,555,212
204.24,540,221
205.03,524,225
205.82,524,227
206.62,508,226
207.41,492,226
208.21,484,229
209.00,480,233
209.79,470,234
210.59,458,229
211.38,452,230
212.14,323,222
212.91,316,230
213.67,319,222
214.44,387,218
215.21,401,203
215.97,401,213
216.74,401,216
217.50,386,214
218.27,296,219
219.04,296,223
219.80,289,235
220.57,279,230
221.37,372,226
222.16,372,229
222.96,379,230
223.75,383,230
224.54,392,233
225.34,397,233
226.13,392,233
226.93,389,235
227.72,388,235
228.51,387,231
229.31,379,232
230.10,375,231
230.90,373,234
231.72,372,234
232.53,372,235
233.35,361,234
234.16,355,235
234.98,352,235
235.79,344,236
236.61,340,234
237.42,338,231
238.24,337,236
239.05,337,235
239.87,337,236
240.66,330,234
241.42,333,234
242.19,321,236
242.95,322,236
243.71,322,237
244.48,322,236
245.24,322,236
246.01,322,234
246.77,322,238
247.53,322,234
248.30,316,235
249.06,313,237
249.85,311,237
250.64,310,239
251.44,310,237
252.23,310,236
253.03,303,238
253.82,306,239
254.62,308,236
255.41,309,237
256.21,309,239
257.00,302,238
257.80,306,238
258.59,301,240
259.38,298,237
260.19,304,238
261.01,307,238
261.82,308,236
262.63,309,238
263.44,309,239
264.26,309,238
265.07,302,238
265.88,306,238
266.69,308,235
267.51,309,237
268.32,309,238
269.11,309,237
269.91,309,236
270.70,309,238
271.50,309,236
272.29,309,239
273.09,316,236
273.88,313,237
274.68,318,239
275.47,320,235
276.27,321,239
277.06,322,237
277.86,322,237
278.66,322,235
279.45,322,240
280.25,322,238
281.04,322,239
281.83,322,233
282.63,329,235
283.42,339,229
284.22,355,224
285.01,371,218
285.80,360,220
286.60,348,222
287.39,342,224
288.23,339,227
289.07,338,226
289.91,330,228
290.76,326,231
291.60,324,231
292.44,310,230
293.28,303,233
294.12,306,235
294.96,294,233
295.81,288,235
296.65,285,233
297.49,297,230
298.24,283,223
299.04,189,223
299.84,189,227
300.63,189,227
301.43,269,225
302.23,276,234
303.03,279,235
303.83,281,236
304.63,216,234
305.42,209,237
306.22,199,236
307.02,200,230
307.76,208,233
308.55,218,228
309.35,296,234
310.14,296,236
310.93,303,233
311.73,306,230
312.52,314,231
313.32,318,229
314.11,327,221
314.90,416,214
315.70,5964,119
316.49,5995,217
317.32,6197,220
318.11,6135,219
318.90,6073,220
319.69,5964,220
320.48,5964,216
321.27,555,220
322.07,555,223
322.86,5839,220
323.65,5777,221
324.44,5745,222
325.23,571,225
326.02,571,230
326.82,555,222
327.61,540,214
328.41,540,218
329.20,524,212
329.99,269,213
330.79,276,218
331.58,279,222
332.38,281,221
333.17,282,224
333.96,282,230
334.76,282,223
335.55,296,211
336.35,5247,210
337.16,5231,221
337.98,5215,222
338.79,5200,222
339.60,5200,222
340.41,5215,221
341.23,5247,222
342.04,5278,221
342.85,5309,218
343.66,5371,218
344.48,60,80
345.29,5013,215
346.08,4966,216
346.84,4919,184
347.60,4904,211
348.36,4841,217
349.12,4841,109
349.88,4857,164
350.65,4904,213
351.41,5122,210
352.17,5184,219
352.93,5418,219
353.69,5387,224
354.45,5309,222
355.24,5247,222
356.03,5200,222
356.83,5137,222
357.62,5106,223
358.41,5044,221
359.20,4997,222
360.00,4982,222
0.79,5091,219
1.58,5184,225
2.37,5153,220
3.17,5106,213
3.96,5091,103
4.75,5028,174
5.53,4997,135
6.30,4935,210
7.08,4826,217
7.86,4857,222
8.64,4873,96
9.41,45,74
10.19,6556,84
10.97,6509,211
11.75,75,71
12.52,75,58
13.30,82,96
14.10,4608,211
14.88,4545,222
15.65,4530,223
16.43,4530,212
17.21,6229,213
17.99,105,87
18.76,97,58
19.54,78,48
20.32,84,48
21.10,129,61
21.87,102,54
22.65,111,58
23.48,4031,213
24.27,4031,225
25.06,4000,225
25.85,4000,224
26.64,3984,224
27.43,3969,225
28.21,3953,223
29.00,3937,224
29.79,3937,224
30.58,3922,223
31.37,3906,225
32.16,3906,225
32.95,3891,225
33.72,3891,227
34.48,3859,225
35.25,3735,218
36.02,3657,220
36.79,3548,220
37.55,3470,221
38.32,3376,220
39.09,3298,221
39.86,3236,221
40.62,3158,222
41.39,3096,220
42.15,3033,222
42.94,2971,222
43.74,2909,224
44.53,2846,222
45.32,2800,224
46.11,2753,226
46.91,2706,225
47.70,2659,226
48.49,2613,225
49.28,2566,226
50.08,2519,226
50.87,2488,226
51.70,2457,227
52.50,2410,228
53.30,2379,226
54.10,2348,227
54.90,2316,227
55.70,2285,226
56.50,2270,229
57.30,2238,229
58.10,2207,228
58.90,2176,228
59.70,2145,230
60.50,2129,228
61.29,2114,230
62.06,2083,229
62.83,2067,229
63.59,2051,230
64.36,2020,231
65.13,2005,229
65.90,1989,230
66.67,1958,229
67.44,1942,230
68.20,1942,231
68.97,1927,232
69.74,1911,231
70.49,1896,231
71.28,1880,232
72.08,1864,230
72.87,1849,229
73.66,1849,228
74.45,1833,226
75.25,1818,231
76.04,1818,228
76.83,1802,229
77.62,1787,231
78.42,1787,232
79.21,1771,229
80.01,1755,229
80.81,1755,231
81.62,1755,229
82.42,898,227
83.22,883,235
84.02,883,234
84.83,898,235
85.63,929,226
86.43,1007,236
87.23,1023,230
88.04,914,219
88.84,898,232
89.64,898,235
90.43,898,240
91.22,898,240
92.01,898,239
92.80,898,236
93.59,945,230
94.38,945,238
95.17,945,242
95.96,945,241
96.75,960,242
97.54,976,237
98.33,1038,235
99.12,1070,236
99.92,1101,238
100.71,1070,243
101.51,1070,238
102.31,1101,235
103.10,1132,241
103.90,1147,227
104.69,1662,223
105.49,1693,231
106.29,1677,233
107.08,1693,236
107.88,1693,233
108.67,1709,233
109.47,1709,232
110.27,1709,231
111.07,1724,231
111.87,1412,222
112.67,1740,230
113.48,1740,229
114.28,1740,229
115.08,1755,231
115.88,1755,232
116.68,1771,231
117.48,1771,228
118.27,1787,232
119.06,1802,231
119.86,1802,229
120.65,1818,226
121.44,1833,230
122.23,1833,229
123.03,1849,230
123.82,1864,230
124.61,1880,231
125.40,1896,228
126.20,1428,222
126.99,1397,222
127.76,1397,221
128.56,1381,219
129.35,1350,221
130.15,1335,223
130.94,1319,222
131.74,1303,221
132.53,1288,222
133.33,1272,221
134.12,1272,221
134.92,1257,222
135.71,1241,222
136.51,1225,222
137.30,1210,223
138.09,1194,222
138.88,1194,223
139.67,1210,221
140.46,1241,218
141.25,1272,219
142.05,1288,216
142.84,1194,216
143.63,1381,215
144.42,90,215
145.21,97,218
146.00,93,220
146.79,91,221
147.58,90,228
148.38,90,227
149.17,90,231
149.96,90,231
150.75,90,229
151.55,90,229
152.34,97,227
153.13,93,221
153.92,91,223
154.72,1537,221
155.51,75,224
156.27,82,230
157.08,86,231
157.89,88,233
158.70,81,232
159.51,78,231
160.32,76,231
161.13,75,226
161.94,82,226
162.75,78,227
163.56,76,230
164.37,75,236
165.18,75,243
165.93,75,244
166.74,75,248
167.56,67,246
168.37,63,245
169.18,61,243
170.00,60,245
170.81,67,242
171.63,71,244
172.44,65,245
173.25,62,244
174.07,68,245
174.88,71,241
175.71,73,241
176.50,74,244
177.30,74,245
178.09,74,246
178.88,74,242
179.67,74,239
180.47,74,242
181.26,74,244
182.05,74,240
182.84,74,238
183.64,74,237
184.43,82,232
185.19,86,230
185.99,88,230
186.78,89,226
187.58,89,229
188.38,82,233
189.17,86,231
189.97,88,221
190.76,96,215
191.56,85,211
192.36,102,210
193.15,103,210
193.95,758,210
194.71,789,211
195.50,773,214
196.29,773,222
197.08,742,232
197.87,727,230
198.66,695,227
199.45,680,226
200.24,664,227
201.03,633,222
201.82,633,223
202.61,571,222
203.40,555,212
204.23,540,222
205.02,524,227
205.80,508,226
206.59,508,230
207.38,500,227
208.16,488,229
208.95,482,230
209.73,471,232
210.52,458,231
211.31,452,232
212.09,323,225
212.88,316,230
213.71,319,221
214.50,372,220
215.30,379,210
216.09,397,213
216.88,406,216
217.68,389,213
218.47,283,220
219.27,289,222
220.06,286,235
220.85,277,230
221.65,337,226
222.44,387,229
223.16,387,231
223.95,387,231
224.75,394,232
225.54,390,232
226.33,388,232
227.12,387,235
227.92,387,234
228.71,387,234
229.50,387,232
230.29,379,231
231.09,375,233
231.88,373,233
232.90,372,234
233.69,361,233
234.47,355,234
235.26,352,234
236.05,351,232
236.83,344,234
237.62,340,234
238.40,338,233
239.19,337,236
239.98,337,236
240.76,330,234
241.55,326,236
242.38,324,233
243.16,323,235
243.93,323,236
244.71,323,238
245.49,323,236
246.27,323,235
247.04,316,238
247.82,319,236
248.60,314,239
249.38,312,234
250.15,311,237
250.93,317,236
251.72,313,235
252.52,311,236
253.31,310,236
254.11,310,238
254.90,310,237
255.70,310,238
256.49,310,238
257.29,310,239
258.08,310,239
258.88,310,239
259.67,310,240
260.47,310,238
261.27,310,239
262.06,310,238
262.84,310,238
263.63,310,235
264.42,310,239
265.21,303,236
265.99,306,239
266.78,308,235
267.57,309,238
268.36,309,239
269.14,309,238
269.93,309,239
270.75,309,238
271.56,316,238
272.38,313,237
273.19,311,238
274.00,317,236
274.82,320,236
275.63,321,237
276.45,322,236
277.26,322,236
278.07,322,236
278.89,322,237
279.70,316,237
280.49,319,237
281.28,321,236
282.08,322,236
282.87,329,238
283.66,339,230
284.45,363,221
285.25,356,218
286.04,346,219
286.83,341,223
287.62,339,223
288.42,338,227
289.21,337,229
290.01,337,229
290.82,330,229
291.62,320,232
292.43,315,232
293.24,312,233
294.04,311,235
294.85,303,233
295.65,299,230
296.46,304,234
297.27,300,230
298.07,284,225
298.88,189,225
299.64,189,227
300.46,189,225
301.27,269,227
302.09,276,235
302.91,279,233
303.72,281,236
304.54,216,234
305.35,209,241
306.17,199,235
306.99,200,232
307.80,208,233
308.62,269,228
309.45,282,235
310.24,289,237
311.04,299,234
311.83,304,235
312.62,307,231
313.41,315,228
314.21,326,219
315.00,387,212
315.79,5995,158
316.58,6010,214
317.38,6182,220
318.17,6135,220
318.96,6073,220
319.75,5948,222
320.55,5995,217
321.34,555,220
322.13,555,223
322.92,5823,222
323.72,5777,222
324.51,5730,220
325.30,571,225
326.09,571,233
326.89,555,220
327.68,540,216
328.51,540,217
329.34,296,211
330.16,289,214
330.99,279,216
331.82,274,220
332.65,271,223
333.47,277,227
334.30,280,230
335.13,281,219
335.96,295,151
336.78,5247,212
337.61,5231,222
338.40,5215,221
339.20,5200,224
339.99,5215,222
340.79,5231,222
341.59,5262,221
342.39,5278,220
343.18,5340,220
343.98,5402,217
344.78,5044,151
345.58,4997,216
346.37,4966,214
347.17,4904,212
347.93,4888,210
348.65,4841,217
349.37,75,74
350.09,4873,210
350.81,4919,210
351.53,5137,215
352.26,5215,220
352.98,5402,223
353.70,5356,223
354.42,5293,222
355.14,5247,223
355.86,5184,222
356.69,5137,223
357.48,5075,220
358.27,5044,222
359.06,4997,221
359.85,4997,222
0.64,5122,218
1.43,5184,224
2.22,5153,215
3.01,5106,211
3.80,5106,132
4.59,4997,142
5.38,5013,126
6.17,4888,215
6.99,4826,220
7.81,4857,220
8.63,60,90
9.45,97,77
10.27,6540,203
11.09,6509,168
11.91,60,80
12.73,131,58
13.55,103,61
14.37,4608,217
15.19,4561,224
15.98,4530,223
16.76,6275,200
17.54,6229,213
18.32,90,51
19.10,75,71
19.88,105,54
20.66,60,45
21.44,67,38
22.22,48,48
23.00,4343,210
23.78,4031,220
24.56,4015,224
25.32,4015,224
26.11,3984,223
26.91,3984,224
27.70,3969,225
28.49,3953,225
29.29,3937,223
30.08,3937,224
30.88,3922,223
31.67,3906,225
32.46,3906,225
33.26,3891,224
34.05,3891,225
34.84,3828,222
35.63,3735,220
36.42,3626,219
37.21,3532,221
38.00,3439,223
38.79,3361,222
39.58,3283,220
40.37,3205,221
41.16,3127,222
41.95,3064,223
42.74,3002,224
43.53,2940,224
44.32,2893,224
45.07,2831,224
45.82,2784,224
46.57,2737,225
47.32,2690,226
48.07,2644,224
48.83,2612,227
49.58,2550,225
50.33,2519,224
51.08,2488,227
51.83,2441,228
52.58,2410,226
53.33,2379,226
54.12,2332,225
54.92,2316,230
55.71,2285,227
56.50,2254,227
57.30,2223,227
58.09,2192,229
58.89,2176,229
59.68,2145,229
60.47,2129,231
61.27,2114,229
62.06,2082,230
62.89,2051,230
63.69,2036,229
64.50,2020,232
65.30,2005,231
66.10,1989,231
66.90,1973,230
67.71,1942,231
68.51,1927,230
69.31,1927,233
70.11,1911,231
70.92,1895,230
71.72,1880,229
72.52,1864,229
73.32,1864,230
74.11,1849,228
74.91,1833,226
75.71,1818,228
76.50,1818,230
77.30,1802,230
78.09,1786,230
78.89,1786,230
79.69,1771,229
80.48,1755,231
81.28,1755,229
82.04,1755,228
82.79,898,229
83.53,898,233
84.28,882,235
85.03,898,233
85.78,914,225
86.52,1007,237
87.27,1023,226
88.02,914,222
88.77,898,235
89.51,898,240
90.26,898,239
91.09,898,239
91.89,882,237
92.69,898,237
93.49,914,231
94.29,945,239
95.09,945,244
95.88,945,242
96.68,960,242
97.48,976,237
98.28,1054,236
99.08,1069,234
99.88,1085,238
100.68,1069,241
101.48,1069,238
102.27,1101,232
103.07,1132,239
103.87,1163,226
104.66,1662,224
105.46,1693,232
106.25,1662,232
107.05,1693,237
107.85,1708,235
108.64,1708,234
109.44,1708,233
110.20,1724,231
110.99,1724,231
111.78,1397,221
112.57,1740,231
113.36,1740,226
114.15,1755,229
114.94,1755,232
115.73,1755,232
116.52,1771,231
117.31,1771,231
118.10,1786,230
118.89,1802,229
119.72,1802,230
120.52,1818,223
121.33,1833,230
122.13,1833,230
122.93,1849,232
123.73,1864,232
124.54,1880,231
125.34,1880,225
126.14,1428,222
126.94,1412,220
127.75,1381,222
128.55,1366,220
129.34,1350,221
130.13,1334,222
130.93,1319,220
131.72,1303,222
132.51,1288,221
133.31,1272,221
134.10,1256,222
134.90,1241,222
135.69,1225,222
136.48,1225,223
137.28,1210,223
138.07,1194,221
138.87,1194,220
139.67,1210,220
140.47,1256,219
141.27,1272,221
142.07,1303,216
142.87,1210,213
143.66,1381,215
144.46,105,213
145.26,112,218
146.06,101,221
146.86,95,224
147.66,92,227
148.53,91,229
149.32,90,229
150.11,90,229
150.90,90,230
151.69,90,227
152.48,90,226
153.27,90,224
154.06,1537,221
154.85,90,224
155.64,90,227
156.43,82,232
157.22,78,232
157.97,76,233
158.76,75,233
159.56,75,230
160.35,67,226
161.14,71,227
161.94,73,224
162.73,74,222
163.53,67,233
164.32,71,236
165.11,65,241
165.91,62,244
166.70,61,243
167.49,60,245
168.28,60,245
169.07,60,245
169.86,67,243
170.65,71,243
171.44,65,241
172.23,62,242
173.02,61,245
173.81,60,243
174.60,67,241
175.39,71,242
176.18,73,244
176.98,74,244
177.77,74,246
178.57,74,243
179.36,74,240
180.15,74,245
180.94,74,242
181.74,74,242
182.53,74,239
183.32,74,235
184.11,82,234
184.91,78,228
185.70,84,228
186.53,94,225
187.35,92,228
188.16,83,235
188.98,79,230
189.80,77,221
190.61,83,212
191.43,109,211
192.24,114,210
193.06,109,211
193.88,758,161
194.69,820,213
195.51,804,213
196.30,773,226
197.10,758,230
197.91,727,230
198.71,711,227
199.51,680,227
200.32,664,225
201.12,633,223
201.93,617,222
202.73,571,222
203.53,555,214
204.34,539,221
205.14,524,226
205.93,508,225
206.72,508,224
207.52,500,228
208.31,488,230
209.10,482,232
209.90,471,230
210.69,465,229
211.49,455,232
212.28,310,225
213.07,310,229
213.87,316,223
214.66,402,217
215.45,402,164
216.25,402,212
217.06,409,219
217.86,337,212
218.66,283,221
219.46,283,223
220.27,283,236
221.07,276,226
221.87,350,226
222.67,368,229
223.48,377,231
224.28,382,231
225.08,392,232
225.86,389,231
226.63,388,232
227.41,387,234
228.19,387,234
228.96,387,234
229.74,377,233
230.51,372,230
231.29,370,233
232.07,369,236
232.84,368,231
233.62,359,232
234.41,354,234
235.20,352,234
236.00,351,235
236.79,344,236
237.58,340,233
238.38,338,234
239.17,337,234
239.97,337,233
240.76,337,236
241.55,330,235
242.35,326,236
243.14,318,235
243.94,320,235
244.76,321,235
245.57,322,238
246.39,322,236
247.20,322,235
248.02,316,238
248.83,313,236
249.65,311,236
250.46,317,236
251.28,313,239
252.09,311,236
252.91,310,237
253.67,310,237
254.46,310,236
255.26,310,236
256.05,310,235
256.84,310,241
257.64,310,238
258.43,310,239
259.23,310,238
260.02,310,240
260.81,303,240
261.61,306,240
262.40,308,238
262.94,309,239
263.73,309,240
264.52,309,239
265.31,309,238
266.10,309,239
266.89,309,238
267.68,309,237
268.47,309,236
269.26,309,237
270.05,309,237
270.84,309,236
271.63,309,237
272.49,309,237
273.32,316,236
274.14,313,236
274.97,311,235
275.80,317,238
276.62,320,238
277.45,321,236
278.27,322,237
279.10,322,238
279.93,322,238
280.75,322,236
281.58,322,236
282.34,329,236
283.14,333,235
283.93,350,226
284.73,402,220
285.53,385,217
286.32,361,221
287.12,310,221
287.91,323,222
288.71,330,227
289.51,333,227
290.30,328,228
291.10,319,232
291.90,321,234
292.72,322,231
293.53,316,235
294.35,306,235
295.16,301,230
295.98,292,232
296.79,301,231
297.61,298,228
298.42,189,221
299.24,189,227
300.05,189,228
300.87,195,222
301.66,296,229
302.45,289,234
303.23,286,237
304.02,277,229
304.81,202,234
305.60,202,235
306.38,202,229
307.17,202,234
307.96,208,231
308.75,283,231
309.53,283,237
310.32,296,234
311.15,303,235
311.94,306,234
312.74,314,230
313.53,312,225
314.32,324,217
315.12,446,210
315.91,5963,211
316.71,6228,213
317.50,6182,219
318.29,6119,221
319.09,6072,217
319.88,5948,219
320.67,555,214
321.47,555,224
322.26,571,217
323.06,5808,221
323.86,5761,223
324.65,5745,216
325.45,571,226
326.24,571,230
327.04,555,215
327.84,539,216
328.63,539,216
329.43,283,211
330.19,283,215
331.02,283,219
331.85,283,223
332.68,283,227
333.51,283,226
334.34,283,227
335.16,289,218
335.99,299,145
336.82,5246,216
337.65,5231,223
338.48,5215,224
339.31,5200,222
340.14,5200,221
340.93,5231,221
341.72,5246,221
342.51,5293,220
343.30,5340,218
344.09,5402,215
344.88,5044,190
345.67,4997,214
346.46,4966,210
347.25,4919,216
348.04,4857,210
348.83,4826,215
349.62,60,80
350.34,4888,212
351.06,4935,197
351.78,5122,217
352.50,5215,219
353.22,5402,224
353.95,5356,221
354.67,5278,222
355.39,5231,222
356.11,5184,221
356.83,5122,222
357.55,5075,223
358.34,5028,222
359.13,4981,223
359.93,4997,220
0.72,5122,220
1.51,5169,223
2.31,5137,214
3.10,5106,211
3.90,5075,103
4.69,4997,187
5.48,4997,116
6.28,4888,215
7.07,4841,220
7.90,4857,218
8.69,60,58
9.48,67,80
10.27,6556,210
11.06,6524,145
11.85,60,77
12.64,82,54
13.43,108,80
14.22,4592,219
15.01,4561,226
15.80,4529,222
16.59,6244,200
17.38,6213,212
18.20,90,84
19.02,52,48
19.84,56,54
20.66,65,58
21.48,47,45
22.30,53,58
23.12,4342,212
23.94,4031,222
24.76,4015,224
25.58,4000,223
26.40,4000,222
27.15,3968,225
27.95,3968,224
28.74,3953,225
29.54,3937,224
30.34,3922,226
31.14,3922,224
31.93,3906,224
32.73,3906,225
33.53,3890,224
34.33,3890,228
35.12,3844,221
35.92,3719,219
36.71,3625,222
37.46,3516,219
38.20,3438,223
38.95,3361,222
39.70,3283,221
40.45,3205,222
41.19,3127,221
41.94,3064,222
42.69,3002,223
43.44,2940,223
44.18,2893,222
44.93,2831,224
45.72,2784,227
46.48,2737,224
47.24,2690,227
48.00,2644,225
48.76,2597,226
49.52,2550,225
50.29,2519,224
51.05,2488,226
51.81,2441,226
52.57,2410,226
53.33,2379,228
54.09,2347,227
54.88,2316,229
55.68,2285,227
56.47,2254,228
57.27,2223,228
58.07,2192,227
58.87,2176,231
59.66,2145,230
60.46,2114,230
61.26,2098,229
62.06,2082,230
62.85,2067,231
63.65,2036,230
64.44,2020,231
65.24,2005,231
66.05,1989,229
66.85,1973,231
67.65,1958,230
68.45,1942,229
69.26,1911,230
70.06,1911,230
70.86,1895,232
71.66,1880,230
72.47,1864,229
73.27,1849,228
74.07,1849,228
74.85,1833,227
75.62,1818,230
76.40,1802,230
77.18,1802,229
77.95,1786,228
78.73,1786,229
79.50,1771,230
80.28,1771,231
81.06,1755,231
81.83,1755,227
82.61,882,230
83.40,882,234
84.20,882,233
84.99,898,234
85.79,929,226
86.59,1023,239
87.39,1023,227
88.18,914,222
88.98,898,235
89.78,898,237
90.58,898,240
91.37,898,239
92.17,898,238
92.92,898,238
93.71,945,234
94.49,945,237
95.28,945,241
96.07,945,241
96.86,960,242
97.64,976,235
98.43,1054,235
99.22,1069,234
100.01,1101,239
100.79,1069,240
101.58,1069,239
102.41,1116,234
103.20,1132,241
103.99,1163,226
104.78,1677,225
105.57,1693,232
106.36,1662,232
107.15,1693,237
107.94,1708,235
108.73,1708,233
109.52,1708,232
110.31,1724,232
111.10,1724,229
111.89,1412,218
112.68,1740,231
113.48,1740,226
114.27,1755,232
115.06,1755,233
115.86,1771,232
116.65,1771,230
117.45,1771,231
118.24,1786,229
119.03,1802,230
119.83,1818,228
120.62,1818,224
121.37,1833,229
122.18,1833,232
122.98,1849,230
123.79,1864,231
124.60,1880,231
125.40,1895,221
126.21,1428,222
127.01,1397,222
127.82,1381,221
128.63,1366,220
129.43,1350,221
130.24,1334,222
131.07,1319,220
131.86,1303,222
132.65,1288,222
133.44,1272,220
134.23,1256,221
135.02,1241,223
135.81,1241,222
136.60,1225,223
137.39,1210,222
138.18,1194,220
138.97,1194,223
139.76,1225,220
140.56,1256,221
141.36,1272,219
142.17,1319,214
142.97,1303,213
143.77,1397,215
144.57,90,215
145.38,90,220
146.18,97,221
146.98,93,224
147.78,91,225
148.59,90,229
149.39,90,230
150.15,90,231
150.99,90,229
151.82,82,227
152.66,86,228
153.49,95,220
154.33,1537,222
155.16,90,222
156.00,90,227
156.83,82,231
157.67,78,232
158.50,76,232
159.34,75,233
160.17,75,231
160.96,75,228
161.75,67,225
162.54,63,222
163.33,69,229
164.12,72,233
164.91,73,241
165.70,74,243
166.49,74,246
167.28,67,246
168.07,63,243
168.86,69,242
169.66,64,244
170.46,62,245
171.27,68,242
172.07,64,243
172.87,62,243
173.67,61,247
174.48,68,242
175.28,64,241
176.08,69,242
176.88,72,246
177.69,73,246
178.49,74,243
179.25,74,240
180.03,74,241
180.82,74,244
181.60,82,243
182.38,86,237
183.16,80,238
183.95,85,236
184.73,87,234
185.51,88,229
186.29,81,227
187.08,85,226
187.86,80,233
188.62,85,234
189.41,87,225
190.21,81,217
191.00,85,212
191.79,95,212
192.59,100,211
193.38,102,171
194.18,758,174
194.97,820,217
195.76,773,215
196.56,758,228
197.35,742,231
198.18,711,226
198.99,695,227
199.81,664,226
200.62,664,220
201.43,633,227
202.24,586,221
203.06,571,217
203.87,539,217
204.68,524,222
205.49,524,228
206.31,508,225
207.12,500,226
207.91,496,227
208.71,486,232
209.50,473,233
210.30,466,231
211.10,456,231
211.89,443,225
212.69,310,232
213.48,310,229
214.28,323,225
215.08,402,212
215.87,402,203
216.67,409,215
217.40,420,215
218.18,310,216
218.96,296,222
219.74,289,229
220.52,286,238
221.30,337,222
222.08,352,228
222.86,369,231
223.64,378,232
224.42,390,232
225.20,396,233
225.98,391,232
226.77,389,234
227.58,388,235
228.38,387,235
229.19,387,232
230.00,377,234
230.80,372,232
231.61,370,235
232.41,369,232
233.22,359,232
234.03,354,235
234.83,352,233
235.64,351,234
236.40,344,235
237.20,340,235
237.99,338,234
238.79,337,235
239.59,337,234
240.38,337,236
241.18,337,237
241.97,330,237
242.77,326,233
243.57,324,234
244.36,323,237
245.16,323,238
245.95,323,237
246.73,323,237
247.50,323,238
248.28,316,236
249.06,319,237
249.84,314,237
250.61,312,237
251.39,311,234
252.17,310,238
252.95,310,237
253.72,310,238
254.50,310,237
255.29,310,237
256.09,303,240
256.89,306,237
257.69,308,240
258.49,309,238
259.29,309,238
260.09,309,239
260.89,309,238
261.69,309,238
262.49,309,237
263.29,309,236
264.09,309,236
264.92,309,238
265.71,309,239
266.51,309,239
267.30,309,237
268.09,309,241
268.89,309,237
269.68,309,239
270.48,309,238
271.27,309,237
272.06,316,233
272.86,313,238
273.65,311,236
274.44,317,238
275.26,313,238
276.08,318,235
276.90,307,237
277.72,308,236
278.54,315,237
279.35,312,236
280.17,317,236
280.99,320,235
281.81,328,235
282.63,332,235
283.45,334,229
284.28,351,225
285.08,369,218
285.88,353,219
286.68,345,221
287.48,341,222
288.28,332,227
289.08,334,227
289.88,328,230
290.68,319,229
291.48,321,233
292.28,315,231
293.08,305,233
293.87,300,232
294.66,298,233
295.46,304,231
296.25,300,233
297.04,284,229
297.84,297,228
298.63,189,224
299.43,189,229
300.22,189,228
301.01,215,220
301.81,283,232
302.60,276,233
303.39,279,237
304.20,215,232
305.00,208,238
305.81,198,236
306.62,200,227
307.42,207,234
308.23,224,230
309.03,296,232
309.84,296,235
310.65,303,233
311.45,306,235
312.26,308,231
313.02,315,229
313.81,326,224
314.61,416,215
315.40,431,138
316.19,5995,215
316.99,6213,219
317.78,6135,220
318.58,6088,219
319.37,5963,218
320.16,5995,218
320.96,555,217
321.75,555,225
322.54,5823,216
323.33,5792,222
324.13,5761,221
324.92,571,222
325.71,571,229
326.51,555,227
327.30,539,215
328.10,539,217
328.89,539,213
329.68,283,214
330.48,276,215
331.27,279,217
332.06,281,222
332.94,282,225
333.81,282,229
334.69,282,225
335.56,289,213
336.44,5246,168
337.31,5231,221
338.19,5215,222
339.06,5215,221
339.94,5200,221
340.81,5215,222
341.69,5246,219
342.49,5262,219
343.28,5324,218
344.07,5371,218
344.86,5418,177
345.65,5013,215
346.44,4997,215
347.24,4950,151
348.03,4919,213
348.82,4857,215
349.61,4826,200
350.40,30,87
351.19,4888,214
352.02,5122,103
352.71,5137,221
353.39,5246,216
354.08,5387,223
354.77,5340,223
355.46,5262,222
356.14,5215,222
356.83,5169,222
357.52,5106,222
358.21,5059,223
358.89,5013,221
359.58,4981,222
0.38,5044,219
1.17,5153,222
1.96,5153,222
2.76,5137,211
3.55,5106,155
4.34,5059,116
5.13,5028,142
5.92,4966,200
6.71,4857,215
7.51,4857,221
8.30,4857,210
9.09,30,54
9.85,45,84
10.64,6524,212
11.43,75,77
12.23,75,61
13.02,132,64
13.81,88,90
14.60,4561,223
15.39,4545,225
16.18,4529,219
16.98,6244,212
17.77,6213,168
18.56,45,61
19.42,60,61
20.19,67,51
20.97,56,51
21.74,65,54
22.51,47,48
23.28,4342,215
24.06,4031,223
24.83,4015,224
25.60,4000,223
26.37,3984,224
27.15,3968,223
27.92,3953,224
28.72,3953,223
29.51,3937,224
30.30,3922,225
31.09,3922,223
31.88,3906,225
32.67,3890,225
33.45,3890,223
34.24,3875,227
35.03,3797,220
35.82,3688,218
36.61,3579,221
37.40,3501,221
37.90,3407,220
38.69,3329,223
39.49,3251,222
40.28,3189,221
41.08,3111,221
41.87,3033,223
42.67,2986,222
43.46,2924,222
44.26,2877,221
45.05,2815,224
45.85,2768,224
46.64,2722,226
47.44,2675,226
48.22,2628,226
48.99,2581,227
49.77,2550,226
50.54,2503,229
51.32,2472,226
52.09,2441,228
52.87,2394,228
53.64,2363,226
54.42,2332,228
55.19,2301,229
55.97,2270,226
56.77,2238,227
57.56,2223,229
58.36,2192,229
59.15,2160,229
59.95,2145,230
60.74,2114,230
61.54,2098,231
62.33,2082,230
63.13,2051,231
63.92,2036,231
64.72,2005,229
65.51,2005,232
66.30,1989,231
67.07,1958,229
67.83,1942,229
68.60,1927,231
69.37,1911,231
70.13,1895,231
70.90,1880,231
71.66,1864,230
72.43,1864,230
73.20,1849,230
73.96,1833,224
74.73,1818,229
75.52,1818,230
76.35,1802,229
77.17,1802,230
78.00,1786,229
78.82,1771,229
79.65,1771,230
80.47,1771,231
81.30,1755,231
82.12,1755,222
82.95,898,230
83.77,882,234
84.60,882,233
85.39,898,233
86.18,929,228
86.98,1023,241
87.77,1038,220
88.57,914,228
89.36,898,235
90.16,882,238
90.95,898,240
91.75,898,240
92.54,898,238
93.34,898,235
94.13,945,232
94.93,945,242
95.70,945,242
96.46,945,241
97.23,976,241
97.99,991,234
98.76,1054,234
99.52,1085,234
100.29,1085,241
101.05,1069,240
101.82,1069,237
102.58,1116,234
103.35,1132,238
104.15,1194,223
104.94,1693,227
105.72,1693,233
106.51,1662,231
107.29,1693,237
108.08,1708,234
108.86,1708,233
109.65,1708,232
110.43,1724,232
111.22,1724,225
112.00,1724,220
112.79,1740,231
113.62,1755,225
114.41,1755,232
115.20,1755,232
116.00,1771,231
116.79,1771,232
117.58,1786,230
118.37,1786,231
119.16,1802,232
119.95,1802,230
120.75,1833,226
121.54,1833,229
122.33,1833,230
123.12,1849,231
123.91,1864,232
124.71,1880,233
125.50,1895,218
126.29,1412,222
127.08,1397,222
127.88,1381,221
128.67,1366,220
129.46,1350,222
130.25,1334,220
131.05,1303,221
131.84,1303,224
132.60,1288,222
133.39,1272,222
134.19,1256,222
134.98,1241,222
135.78,1225,223
136.57,1225,223
137.37,1210,222
138.16,1194,220
138.96,1194,222
139.75,1225,220
140.55,1256,218
141.34,1288,220
142.58,1210,215
143.37,1350,213
144.16,1397,213
144.95,90,216
145.74,97,219
146.53,101,221
147.33,95,225
148.12,92,226
148.91,98,228
149.70,86,227
150.49,88,229
151.28,81,229
152.08,85,227
152.88,87,223
153.69,96,220
154.49,93,223
155.30,99,224
156.10,87,226
156.91,88,231
157.71,81,234
158.52,85,235
159.32,80,233
160.13,77,229
160.93,76,224
161.66,75,227
162.46,75,226
163.25,75,229
164.05,75,235
164.85,75,240
165.65,67,243
166.44,71,243
167.24,65,246
168.04,62,245
168.84,61,246
169.63,60,245
170.43,60,244
171.23,60,242
172.02,60,244
172.81,60,245
173.61,67,246
174.40,71,243
175.19,73,242
175.98,74,245
176.77,74,243
177.56,74,245
178.36,74,243
179.15,74,240
179.94,82,239
180.74,78,240
181.54,76,244
182.34,75,240
183.14,75,236
183.94,75,235
184.74,75,230
185.53,75,228
186.33,82,226
187.13,78,229
187.93,84,231
188.73,87,235
189.53,88,223
190.32,89,216
191.11,82,211
191.91,86,211
192.70,649,203
193.50,758,177
194.29,789,187
195.09,789,217
195.88,773,219
196.68,758,230
197.47,727,228
198.27,711,227
199.06,695,228
199.86,680,227
200.67,664,221
201.47,633,223
202.28,586,224
203.08,571,215
203.89,539,217
204.69,524,222
205.50,524,230
206.30,508,227
207.11,508,228
207.91,500,228
208.72,488,235
209.47,474,233
210.26,467,231
211.06,456,233
211.85,451,222
212.64,310,230
213.43,310,229
214.23,330,223
215.02,402,210
215.81,402,211
216.60,409,215
217.40,420,215
218.19,296,218
218.95,289,220
219.75,286,229
220.55,277,235
221.34,337,225
222.14,387,228
222.94,387,231
223.74,387,233
224.54,394,231
225.34,398,231
226.13,383,231
226.93,385,235
227.73,386,235
228.52,386,234
229.32,386,231
230.12,386,232
230.93,377,232
231.73,372,233
232.53,370,232
233.33,369,232
234.13,359,235
234.93,354,234
235.74,345,233
236.54,347,235
237.34,342,234
238.14,339,235
238.93,338,232
239.73,337,234
240.52,337,236
241.32,330,235
242.11,326,237
242.91,324,234
243.70,323,235
244.50,323,233
245.29,323,235
246.09,323,235
246.88,323,234
247.47,323,237
248.26,323,236
249.06,316,237
249.85,313,236
250.65,311,236
251.44,310,239
252.24,310,237
253.03,310,235
253.83,303,236
254.62,306,239
255.42,308,238
256.21,309,236
257.00,309,238
257.78,302,239
258.55,306,238
259.33,308,236
260.11,309,241
260.88,309,239
261.66,309,238
262.43,309,238
263.21,309,239
263.99,309,238
264.76,309,238
265.54,309,238
266.33,309,241
267.12,309,235
267.92,309,238
268.71,309,237
269.51,309,239
270.30,309,235
271.10,309,237
271.89,309,238
272.69,309,236
273.48,309,237
274.28,316,238
275.07,313,236
275.87,318,235
276.69,320,237
277.51,315,236
278.34,319,237
279.16,321,236
279.98,322,238
280.80,322,238
281.62,322,235
282.44,322,234
283.27,329,231
284.09,348,224
284.91,358,220
285.67,363,217
286.50,365,218
287.33,351,223
288.17,337,226
289.00,323,228
289.83,323,227
290.66,316,230
291.49,319,232
292.32,321,234
293.16,315,231
293.99,312,231
294.82,297,233
295.61,296,235
296.40,303,235
297.20,299,231
297.99,291,227
298.79,202,223
299.58,195,230
300.38,192,228
301.17,256,223
301.97,269,231
302.76,269,237
303.56,269,237
304.35,229,231
305.11,215,237
305.90,202,237
306.69,202,227
307.48,208,235
308.27,225,229
309.06,296,233
309.84,303,234
310.63,306,234
311.42,308,236
312.21,315,229
313.00,319,230
313.79,321,223
314.58,344,214
315.38,416,109
316.18,5995,217
316.97,6213,219
317.77,6150,221
318.57,6072,218
319.37,5979,220
320.17,5963,220
320.97,555,218
321.76,555,228
322.56,5839,216
323.36,5792,221
324.15,5745,224
324.94,571,221
325.73,571,230
326.51,555,226
327.30,539,216
328.09,539,219
328.88,539,214
329.67,283,213
330.46,283,214
331.24,276,218
332.03,279,222
332.82,281,225
333.62,282,229
334.46,282,225
335.31,282,213
336.15,5246,132
336.99,5231,220
337.84,5231,223
338.68,5215,221
339.53,5215,222
340.37,5215,221
341.21,5231,222
342.06,5262,220
342.90,5293,220
343.70,5371,218
344.49,5418,210
345.28,5028,214
346.07,4981,215
346.86,4966,145
347.65,4904,213
348.45,4857,213
349.24,4857,210
350.03,45,93
350.82,4888,214
351.61,5122,77
352.40,5137,220
352.40,5246,217
353.18,5387,223
353.96,5324,221
354.74,5278,221
355.52,5215,222
356.30,5153,222
357.07,5122,221
357.85,5059,222
358.63,5013,222
359.41,4981,221
0.19,5028,219
0.97,5153,220
1.76,5153,223
2.55,5122,212
3.34,5106,129
4.13,5044,96
4.92,4997,145
5.71,4966,161
6.51,4857,217
7.30,4872,220
8.09,4857,213
8.88,45,84
9.67,30,80
10.46,6524,211
11.25,6524,90
12.05,60,80
12.84,60,67
13.64,52,71
14.43,4561,220
15.23,4545,225
16.02,4514,219
16.82,6244,212
17.61,6228,210
18.41,60,74
19.20,60,42
20.00,90,67
20.75,67,58
21.54,71,48
22.33,95,48
23.12,4358,214
23.91,4031,223
24.70,4015,224
25.50,4000,223
26.29,3984,222
27.08,3968,224
27.87,3968,224
28.66,3953,225
29.45,3937,222
30.25,3922,226
31.01,3922,225
31.78,3906,225
32.54,3906,225
33.31,3890,225
34.07,3890,227
34.84,3781,219
35.60,3688,219
36.37,3594,222
37.13,3516,219
37.90,3423,224
38.66,3329,222
39.45,3251,223
40.25,3189,221
41.04,3111,222
41.84,3049,223
42.63,2986,221
43.43,2924,224
44.22,2877,225
45.02,2815,223
45.81,2768,225
46.61,2722,224
47.40,2675,226
48.20,2628,225
48.95,2581,225
49.76,2550,227
50.56,2503,226
51.37,2457,227
52.18,2425,227
52.99,2394,227
53.79,2363,228
54.60,2332,228
55.41,2301,228
56.22,2270,228
57.02,2238,229
57.83,2207,227
58.66,2192,226
59.45,2160,230
60.24,2145,230
61.03,2114,231
61.82,2098,231
62.61,2067,230
63.39,2051,229
64.18,2036,230
64.97,2005,229
65.76,2005,231
66.55,1973,231
67.34,1958,231
67.94,1942,231
68.73,1927,231
69.52,1911,231
70.32,1895,232
71.11,1880,230
71.90,1880,231
72.69,1864,230
73.48,1849,229
74.27,1833,223
75.07,1818,231
75.86,1818,231
76.65,1802,229
77.44,1786,231
78.22,1786,231
79.00,1771,230
79.77,1771,231
80.55,1755,230
81.33,1755,231
82.11,898,221
82.89,882,229
83.67,882,234
84.44,882,234
85.22,898,232
86.00,1007,231
86.82,1023,237
87.61,1038,214
88.40,898,233
89.19,898,234
89.98,898,238
90.77,898,238
91.55,898,239
92.34,882,239
93.13,898,233
93.92,945,236
94.71,945,240
95.50,945,241
96.29,945,241
97.08,976,241
97.88,991,231
98.67,1069,233
99.47,1085,235
100.26,1085,241
101.06,1069,237
101.85,1085,235
102.65,1132,237
103.44,1147,234
104.24,1194,219
105.03,1693,233
105.82,1693,234
106.61,1693,232
107.40,1693,236
108.19,1708,233
108.98,1708,234
109.77,1724,232
110.57,1724,231
111.36,1724,217
112.15,1740,224
112.94,1724,232
113.73,1755,224
114.52,1755,231
115.35,1755,230
116.14,1771,230
116.93,1771,229
117.72,1786,231
118.51,1786,231
119.30,1802,230
120.08,1802,230
120.87,1818,225
121.66,1833,230
122.45,1833,232
123.24,1864,231
124.03,1864,232
124.85,1880,232
125.65,1428,218
126.45,1412,221
127.25,1397,222
128.05,1381,220
128.85,1366,220
129.66,1334,220
130.46,1334,222
131.26,1303,222
132.06,1303,222
132.86,1272,221
133.66,1272,221
134.45,1256,221
135.29,1241,221
136.12,1225,220
136.96,1225,221
137.80,1210,222
138.64,1194,221
139.47,1194,222
140.31,1225,219
141.15,1256,219
141.99,1288,218
142.82,1210,217
143.66,1366,213
144.41,1412,212
145.20,105,219
146.00,105,220
146.79,97,223
147.58,93,228
148.37,91,228
149.17,98,227
149.96,94,231
150.75,92,231
151.54,91,230
152.34,90,228
153.13,90,227
153.88,90,222
154.65,90,223
155.43,97,223
156.20,93,229
156.98,84,229
157.75,79,234
158.53,77,233
159.30,83,230
160.08,79,230
160.85,77,226
161.63,76,226
162.40,75,225
163.23,75,228
164.02,75,234
164.81,67,242
165.61,63,243
166.40,61,245
167.19,60,244
167.98,60,245
168.77,60,244
169.56,60,245
170.36,60,244
171.15,60,242
171.94,60,244
172.90,60,245
173.70,60,246
174.49,60,242
175.29,60,240
176.08,67,244
176.88,71,245
177.67,73,242
178.47,74,241
179.26,74,237
180.06,74,240
180.85,74,244
181.65,74,242
182.48,74,238
183.29,82,238
184.09,78,234
184.90,84,229
185.71,87,228
186.52,88,225
187.32,89,227
188.13,82,235
188.94,86,234
189.75,88,221
190.55,81,216
191.36,78,210
192.15,76,211
192.95,83,210
193.74,109,155
194.54,789,210
195.33,804,216
196.13,758,221
196.92,758,229
197.72,727,229
198.51,711,229
199.31,680,228
200.10,664,226
200.90,649,222
201.69,633,224
202.48,571,222
203.27,555,213
204.06,539,222
204.85,539,225
205.64,508,226
206.44,508,228
207.23,500,229
208.02,496,230
208.81,486,234
209.60,473,234
210.39,466,230
211.22,456,231
212.02,387,222
212.83,310,233
213.63,310,223
214.43,368,221
215.24,392,193
216.04,397,212
216.85,406,216
217.65,418,213
218.45,310,220
219.26,296,221
220.06,289,237
220.85,279,231
221.64,337,225
222.44,352,231
223.23,369,230
224.02,385,233
224.81,393,233
225.61,390,232
226.40,388,234
227.19,387,235
227.98,387,235
228.78,387,237
229.57,377,236
230.36,372,236
231.15,370,232
231.93,369,232
232.72,359,232
233.51,354,233
234.30,352,234
235.08,351,233
235.87,350,234
236.66,343,235
237.45,340,235
238.23,338,234
239.02,337,234
239.85,337,233
240.64,330,234
241.42,326,235
242.21,324,236
243.00,323,235
243.79,323,237
244.57,323,234
245.36,323,235
246.15,323,236
246.94,323,238
247.72,323,237
248.51,323,237
249.30,316,238
250.09,313,237
250.89,318,237
251.68,314,237
252.47,312,238
253.26,311,238
254.06,310,236
254.85,310,237
255.64,310,238
256.43,310,239
257.23,310,239
258.02,310,236
258.85,310,237
259.64,303,239
260.43,306,238
261.22,301,239
262.01,305,238
262.80,307,238
263.59,308,238
264.38,309,237
265.17,309,236
265.96,309,237
266.75,309,237
267.54,309,237
268.34,309,239
269.13,309,237
269.92,309,236
270.71,309,237
271.50,309,239
272.29,309,237
273.07,309,236
273.86,316,235
274.65,313,236
275.44,311,236
276.23,317,237
277.02,320,236
277.97,321,236
278.76,322,236
279.56,322,237
280.35,322,235
281.14,329,237
281.93,326,235
282.73,331,237
283.52,340,230
284.31,354,224
285.10,370,220
285.90,353,218
286.69,345,222
287.48,341,223
288.29,339,226
289.10,338,225
289.91,324,230
290.72,323,230
291.53,316,230
292.34,319,231
293.15,321,232
293.96,308,231
294.77,309,233
295.58,302,234
296.39,299,230
297.15,284,228
297.94,283,224
298.73,175,223
299.52,182,231
300.31,185,226
301.10,213,223
301.88,283,234
302.67,283,236
303.46,283,236
304.25,215,229
305.04,208,239
305.83,198,234
306.69,200,233
307.49,207,233
308.29,224,229
309.09,283,232
309.89,289,237
310.69,299,234
311.50,304,234
312.30,313,231
313.10,318,228
313.90,327,221
314.70,402,214
315.50,90,109
316.29,6010,216
317.09,6197,219
317.88,6135,220
318.68,6072,221
319.47,5963,220
320.27,5979,218
321.06,555,220
321.86,555,223
322.65,5823,219
323.45,5776,222
324.24,5745,223
325.04,571,225
325.80,571,229
326.59,555,222
327.38,539,215
328.18,539,218
328.97,539,211
329.76,283,216
330.55,283,217
331.34,283,220
332.13,276,222
332.93,279,226
333.72,281,229
334.51,282,224
335.34,289,211
336.17,5231,197
337.00,5231,221
337.83,5215,224
338.66,5200,221
339.49,5200,222
340.31,5215,221
341.14,5246,220
341.97,5278,221
342.80,5324,220
343.63,5371,217
344.46,5433,96
345.25,5028,216
346.00,4981,218
346.75,4935,138
347.49,4904,213
348.24,4857,219
348.99,4826,138
349.74,4857,113
350.49,4904,213
351.24,5122,145
351.98,5184,218
352.73,5418,218
353.48,5371,223
354.27,5324,221
355.07,5246,221
355.86,5200,222
356.66,5137,222
357.46,5106,223
358.25,5044,221
359.05,5013,222
359.84,4981,220
0.64,5059,219
1.44,5184,223
2.23,5153,219
3.03,5122,212
3.82,5184,103
4.61,5028,135
5.39,5013,116
6.18,4935,210
6.97,4841,217
7.76,4857,223
8.54,4872,155
9.33,30,80
10.12,45,80
10.91,6540,212
11.69,60,71
12.48,52,67
13.31,56,71
14.10,4592,210
14.90,4561,223
15.69,4529,225
16.48,4514,215
17.27,6228,213
18.07,6213,119
18.86,45,64
19.65,37,54
20.44,48,58
21.24,61,64
22.03,60,48
22.47,4452,45
23.27,4342,214
24.06,4031,225
24.86,4015,225
25.65,4000,224
26.45,3984,221
27.24,3968,223
28.04,3953,223
28.83,3937,223
29.63,3937,224
30.42,3922,225
31.22,3906,224
31.98,3906,225
32.78,3890,225
33.59,3890,224
34.39,3859,225
35.19,3781,219
36.00,3672,219
36.80,3579,220
37.61,3470,220
38.41,3392,223
39.21,3314,222
40.02,3251,221
40.82,3174,223
41.65,3096,222
42.44,3033,221
43.23,2971,223
44.02,2909,224
44.81,2862,223
45.60,2799,224
46.38,2753,223
47.17,2706,226
47.96,2659,225
48.75,2612,225
49.54,2581,226
50.33,2534,226
51.13,2503,227
51.89,2457,227
52.66,2425,227
53.42,2394,226
54.18,2363,227
54.95,2332,228
55.71,2301,230
56.48,2270,227
57.24,2238,229
58.00,2207,228
58.77,2192,229
59.53,2160,229
60.29,2145,230
61.08,2114,230
61.88,2098,228
62.67,2067,232
63.46,2051,230
64.26,2020,231
65.05,2005,232
65.85,1989,233
66.64,1973,231
67.43,1958,230
68.23,1942,230
69.02,1927,229
69.85,1911,231
70.64,1895,232
71.43,1880,230
72.22,1880,229
73.01,1864,229
73.80,1849,231
74.58,1833,224
75.37,1818,229
76.16,1802,232
76.95,1802,227
77.74,1786,231
78.53,1786,230
79.32,1771,229
80.07,1771,230
80.83,1755,229
81.58,1755,232
82.34,898,225
83.09,882,232
83.85,882,232
84.60,882,235
85.36,914,229
86.11,1007,235
86.87,1023,234
87.62,1023,214
88.38,898,233
89.17,898,236
89.97,898,240
90.76,898,240
91.55,898,240
92.34,898,236
93.14,898,229
93.93,945,236
94.72,945,242
95.51,945,240
96.31,945,241
97.10,976,239
98.19,1038,232
98.98,1069,235
99.77,1101,236
100.56,1069,243
101.35,1069,240
102.14,1085,232
102.92,1132,238
103.71,1147,229
104.50,1662,218
105.29,1693,233
106.08,1677,234
106.87,1693,235
107.67,1693,235
108.47,1708,235
109.28,1708,234
110.08,1708,234
110.88,1724,232
111.68,1412,223
112.49,1740,231
113.29,1740,230
114.09,1755,227
114.89,1755,234
115.70,1771,230
116.50,1771,232
117.30,1771,229
118.10,1786,230
118.89,1802,230
119.69,1802,230
120.48,1818,226
121.28,1833,229
122.07,1833,231
122.87,1833,230
123.66,1864,230
124.46,1864,232
125.25,1880,231
126.05,1428,221
126.85,1412,221
127.64,1397,222
128.43,1381,220
129.22,1350,220
130.01,1334,221
130.80,1319,223
131.59,1303,221
132.38,1288,222
133.17,1272,222
133.96,1256,222
134.75,1256,223
135.54,1241,223
136.33,1225,222
137.12,1210,221
137.91,1194,221
138.70,1194,222
139.49,1210,222
140.28,1241,220
141.08,1272,219
141.87,1303,219
142.66,1194,218
143.45,1366,215
144.24,90,213
145.03,97,218
145.82,101,220
146.62,95,222
147.41,100,227
148.21,95,229
149.01,92,230
149.80,91,229
150.60,90,228
151.39,90,228
152.19,90,226
152.99,97,226
153.78,93,220
154.58,84,222
155.33,87,226
156.13,81,227
156.94,78,232
157.74,76,235
158.54,75,234
159.35,75,231
160.15,75,230
160.96,75,226
161.76,75,224
162.56,75,226
163.37,75,229
164.17,67,238
165.00,71,241
165.81,65,243
166.63,62,242
167.44,61,246
168.25,60,245
169.06,60,246
169.88,60,245
170.69,67,243
171.50,63,244
172.31,61,244
173.13,68,245
173.94,64,245
174.70,69,241
175.50,72,243
176.30,66,244
177.10,70,243
177.90,72,244
178.70,66,241
179.50,70,239
180.30,72,243
181.10,73,244
181.90,74,243
182.70,74,240
183.50,74,235
184.25,82,235
185.06,86,231
185.86,80,227
186.67,77,225
187.48,76,229
188.29,75,233
189.09,82,232
189.90,86,219
190.71,80,213
191.52,85,211
192.32,72,210
193.13,73,187
193.95,773,187
194.74,789,212
195.52,820,213
196.31,773,223
197.10,758,230
197.89,727,226
198.67,695,227
199.46,680,226
200.25,664,223
201.04,649,222
201.82,617,222
202.61,571,222
203.40,555,213
204.19,539,220
204.98,524,226
205.77,508,225
206.56,508,228
207.35,500,229
208.14,488,233
208.93,482,231
209.72,471,232
210.51,458,230
211.30,452,229
212.09,310,227
212.88,310,227
213.71,310,221
214.55,368,217
215.38,392,180
216.21,404,212
217.04,417,216
217.88,402,212
218.71,296,222
219.54,296,224
220.37,289,235
221.21,279,226
222.04,337,228
222.91,352,231
223.70,369,233
224.49,385,232
225.28,393,233
226.07,390,232
226.86,388,233
227.64,387,233
228.43,387,235
229.22,387,232
230.01,377,234
230.80,372,233
231.59,370,234
232.39,369,233
233.15,368,232
233.91,368,232
234.67,359,234
235.43,354,232
236.19,345,236
236.96,341,232
237.72,339,233
238.48,338,234
239.24,337,235
240.00,337,237
240.76,337,236
241.51,337,234
242.31,337,239
243.10,330,236
243.90,326,237
244.70,324,236
245.50,323,236
246.29,323,236
247.09,323,234
247.89,323,235
248.69,323,239
249.48,316,236
250.28,313,238
251.04,311,237
251.83,310,238
252.63,310,238
253.42,310,235
254.21,310,239
255.00,310,239
255.80,310,237
256.59,310,238
257.38,310,238
258.17,310,238
258.97,310,240
259.76,310,237
260.51,310,240
261.31,310,241
262.10,310,240
262.90,310,242
263.70,310,237
264.50,310,239
265.29,310,238
266.09,310,237
266.89,310,238
267.69,309,238
268.48,309,237
269.28,309,238
270.07,309,238
270.89,316,240
271.71,312,235
272.53,310,236
273.35,316,238
274.17,319,237
274.99,321,236
275.81,322,237
276.63,322,236
277.45,322,239
278.27,322,239
279.09,322,238
279.85,322,236
280.64,322,236
281.44,322,238
282.23,322,237
283.02,329,234
283.81,339,228
284.61,363,222
285.40,363,217
286.19,349,218
286.98,342,225
287.78,339,223
288.57,331,227
289.32,333,227
290.14,321,228
290.97,328,229
291.79,318,233
292.61,320,232
293.44,314,234
294.26,311,232
295.09,310,234
295.91,309,232
296.73,309,231
297.56,295,229
298.38,282,222
299.17,188,227
299.95,188,227
300.72,188,222
301.50,282,228
302.28,282,232
303.06,282,237
303.83,282,235
304.61,202,235
305.39,195,240
306.17,191,231
306.94,196,233
307.72,205,233
308.51,223,231
309.30,296,232
310.10,302,233
310.89,305,236
311.68,307,232
312.47,315,230
313.27,319,228
314.06,327,219
314.85,416,213
315.64,5963,151
316.44,6010,213
317.23,6181,220
318.06,6135,220
318.85,6072,219
319.64,5948,219
320.43,5979,215
321.22,555,224
322.01,555,220
322.80,5823,221
323.59,5776,222
324.38,5745,221
325.17,570,225
325.96,570,232
326.75,555,221
327.54,539,216
328.34,539,216
329.13,539,210
329.93,282,213
330.73,282,219
331.52,282,220
332.32,282,225
333.11,282,225
333.91,282,229
334.71,282,221
335.50,282,197
336.30,5246,212
337.76,5231,223
338.55,5215,221
339.35,5199,222
340.14,5215,223
340.93,5215,221
341.73,5246,222
342.52,5277,218
343.32,5340,219
344.11,5386,218
344.90,5044,138
345.70,5012,217
346.49,4966,214
347.32,4919,210
348.04,4888,210
348.75,4841,217
349.47,90,77
350.19,4856,210
350.91,4919,211
351.62,5137,213
352.34,5184,219
353.06,5418,220
353.78,5355,222
354.49,5308,222
355.21,5246,221
356.00,5199,222
356.80,5137,222
357.59,5090,222
358.39,5044,222
359.19,4997,223
359.99,4981,221
0.78,5090,218
1.58,5184,224
2.38,5137,217
3.18,5121,210
3.97,5137,100
4.77,5121,138
5.53,4981,132
6.31,4903,212
7.09,4825,219
7.87,4856,223
8.65,60,67
9.43,60,77
10.21,6540,106
10.99,6540,211
11.77,30,74
12.55,52,71
13.33,56,61
14.11,4607,211
14.90,4560,224
15.67,4529,225
16.45,4529,212
17.22,6228,213
17.99,6228,67
18.77,90,67
19.54,82,61
20.32,93,35
21.09,84,64
21.86,109,51
22.64,4389,67
23.41,4030,213
24.20,4015,224
24.99,4015,224
25.79,3999,223
26.58,3984,224
27.37,3968,223
28.17,3952,225
28.96,3937,223
29.76,3937,225
30.55,3921,223
31.34,3906,224
32.14,3906,225
32.93,3890,224
33.73,3890,225
34.49,3859,224
35.26,3765,218
36.02,3656,220
36.78,3563,221
37.54,3469,221
38.31,3391,221
39.07,3313,223
39.83,3236,222
40.59,3173,221
41.36,3095,225
42.12,3033,222
42.92,2971,224
43.71,2908,224
44.50,2861,223
45.29,2799,224
46.08,2752,223
46.87,2706,225
47.66,2659,226
48.45,2612,226
49.24,2565,226
50.03,2534,225
50.82,2503,228
51.61,2456,227
52.40,2409,227
53.19,2394,227
53.98,2363,227
54.77,2332,227
55.56,2285,228
56.35,2269,227
57.14,2238,227
57.93,2207,228
58.72,2176,228
59.51,2160,229
60.30,2129,230
61.09,2113,229
61.89,2082,228
62.67,2067,230
63.45,2051,229
64.23,2035,228
65.01,2004,231
65.79,1989,230
66.56,1973,231
67.34,1957,230
68.12,1942,232
68.90,1926,231
69.68,1911,231
70.46,1895,230
71.22,1880,229
72.01,1864,230
72.81,1864,229
73.60,1848,230
74.39,1833,224
75.19,1817,230
75.98,1817,228
76.78,1802,231
77.57,1786,230
78.36,1786,231
79.16,1770,229
79.95,1770,231
80.78,1755,231
81.55,1755,231
82.33,898,224
83.10,882,232
83.87,898,236
84.65,898,236
85.42,898,230
86.20,1007,238
86.97,1022,233
87.74,1038,215
88.52,898,228
89.29,898,236
90.08,898,239
90.88,898,239
91.69,898,240
92.49,898,235
93.29,913,232
94.09,944,239
94.90,944,243
95.70,944,242
96.50,960,242
97.30,976,238
98.11,1038,233
98.91,1069,233
99.70,1100,238
100.49,1085,241
101.29,1069,235
102.08,1085,235
102.88,1131,239
103.67,1147,230
104.47,1646,220
105.26,1693,233
106.06,1693,234
106.85,1693,236
107.65,1693,235
108.44,1708,233
109.27,1708,234
110.06,1724,234
110.84,1724,233
111.63,1396,223
112.42,1724,231
113.20,1739,231
113.99,1755,225
114.77,1755,232
115.56,1755,231
116.35,1770,232
117.13,1770,231
117.92,1786,230
118.71,1786,229
119.58,1802,231
120.44,1817,227
121.31,1817,230
122.17,1833,231
123.04,1848,231
123.90,1864,232
124.77,1880,232
125.63,1880,230
126.50,1428,220
127.36,1412,221
128.23,1396,221
128.98,1365,221
129.78,1365,220
130.57,1334,222
131.37,1318,221
132.17,1303,222
132.97,1287,223
133.76,1272,223
134.56,1272,222
135.36,1256,221
136.16,1241,222
136.95,1225,222
137.75,1209,222
138.51,1194,221
139.27,1194,221
140.03,1209,222
140.79,1241,221
141.55,1272,218
142.31,1287,217
143.07,1209,215
143.83,1365,213
144.59,1412,212
145.35,90,219
146.11,90,220
146.87,97,222
147.66,93,226
148.46,91,228
149.25,90,229
150.05,97,227
150.85,93,228
151.65,91,228
152.44,90,228
153.24,90,222
154.04,90,220
154.84,90,221
155.63,82,227
156.43,78,228
157.19,76,234
157.98,75,234
158.77,75,233
159.56,75,231
160.35,67,230
161.14,63,227
161.93,69,225
162.72,72,225
163.51,73,231
164.30,74,239
165.09,74,246
165.88,67,246
166.67,71,244
167.46,65,245
168.26,62,244
169.05,61,245
169.84,60,247
170.63,67,242
171.43,63,244
172.22,61,244
173.01,60,244
173.80,60,244
174.60,67,241
175.39,71,241
176.22,73,244
177.01,66,244
177.80,70,244
178.59,72,240
179.38,73,244
180.17,74,241
180.97,67,244
181.76,71,242
182.55,73,242
183.34,74,235
184.13,82,233
184.92,78,231
185.71,84,227
186.54,87,223
187.38,81,227
188.21,78,234
189.04,84,230
189.87,87,221
190.71,73,213
191.54,74,211
192.37,89,210
193.20,97,210
194.04,773,206
194.87,789,212
195.62,757,212
196.42,773,224
197.23,757,230
198.03,726,228
198.83,711,226
199.63,679,225
200.44,664,222
201.24,648,223
202.04,633,223
202.84,570,221
203.65,539,216
204.45,539,220
205.28,524,228
206.07,508,227
206.85,500,225
207.64,496,227
208.43,494,234
209.22,485,234
210.00,472,233
210.79,458,230
211.58,451,231
212.37,323,227
213.15,316,230
213.94,319,224
214.74,401,215
215.55,416,161
216.36,416,213
217.18,416,215
217.99,416,212
218.80,296,220
219.61,296,226
220.42,289,235
221.23,279,225
222.05,363,227
222.86,375,227
223.67,381,234
224.43,391,229
225.20,396,232
225.98,391,234
226.75,389,233
227.52,388,234
228.30,387,236
229.07,375,235
229.85,369,234
230.62,366,233
231.39,364,235
232.17,363,231
232.94,363,232
233.80,356,232
234.59,353,233
235.37,351,233
236.16,350,235
236.95,343,235
237.74,339,234
238.52,337,233
239.31,336,234
240.10,336,235
240.89,336,234
241.67,329,237
242.46,326,236
243.29,324,233
244.09,323,235
244.90,323,235
245.70,323,234
246.50,323,237
247.30,323,238
248.11,323,238
248.91,323,236
249.71,316,236
250.51,312,237
251.32,310,236
252.12,309,236
252.92,309,237
253.71,309,238
254.50,309,236
255.29,309,240
256.08,309,237
256.87,309,237
257.66,309,239
258.45,309,238
259.24,309,237
260.03,309,237
260.82,309,240
261.61,309,239
262.40,309,239
263.16,309,239
263.93,309,238
264.69,309,239
265.45,302,237
266.22,305,238
266.98,307,237
267.75,308,237
268.51,308,237
269.27,308,237
270.04,308,240
270.80,308,236
271.63,308,235
272.46,308,238
273.30,308,236
274.13,308,237
274.96,308,236
275.79,308,236
276.63,315,235
277.46,319,235
278.29,321,236
279.12,315,236
279.96,319,238
280.79,314,237
281.58,318,238
282.37,327,235
283.16,331,232
283.95,333,229
284.74,348,222
285.53,355,218
286.33,345,222
287.12,340,220
287.91,331,223
288.70,320,223
289.49,321,231
290.28,322,229
291.15,322,232
291.95,315,232
292.74,312,231
293.54,310,232
294.33,309,233
295.13,302,229
295.92,299,233
296.72,297,233
297.51,283,227
298.31,276,222
299.10,188,227
299.90,188,227
300.73,188,226
301.53,269,227
302.33,275,235
303.13,278,235
303.93,273,236
304.73,202,236
305.52,202,238
306.32,195,230
307.12,198,234
307.92,206,234
308.72,269,229
309.52,282,234
310.35,289,234
311.15,299,233
311.94,304,231
312.74,306,231
313.54,314,227
314.34,325,217
315.13,445,212
315.93,5979,210
316.73,6010,213
317.53,6181,220
318.32,6135,219
319.12,6072,218
319.88,5963,221
320.67,5994,214
321.47,539,224
322.26,555,218
323.06,5823,222
323.85,5776,222
324.65,5729,220
325.44,570,229
326.24,570,230
327.03,555,218
327.83,539,214
328.62,539,218
329.45,555,211
330.27,256,214
331.10,269,218
331.92,275,221
332.74,278,225
333.57,280,226
334.39,281,230
335.22,281,221
336.04,288,158
336.86,5231,212
337.69,5231,224
338.51,5215,222
339.30,5215,223
340.10,5215,221
340.89,5231,221
341.69,5246,220
342.49,5293,220
343.28,5340,220
344.08,5386,216
344.87,5044,122
345.67,5012,216
346.47,4981,213
347.26,4919,212
348.06,4903,211
348.82,4856,217
349.54,60,87
350.26,4872,210
350.98,4950,210
351.70,5137,214
352.42,5199,218
353.15,5402,222
353.87,5371,223
354.59,5293,221
355.31,5231,220
356.03,5199,221
356.75,5121,223
357.58,5090,220
358.37,5044,221
359.16,4997,222
359.95,4997,219
0.74,5106,220
1.53,5184,226
2.32,5153,216
3.11,5121,212
3.90,90,80
4.69,5012,151
5.48,4966,161
6.27,4888,213
7.06,4841,219
7.87,4856,222
8.67,30,67
9.48,67,96
10.29,6540,122
11.09,6524,210
11.90,14,61
12.70,29,71
13.51,52,71
14.32,4607,214
15.12,4560,225
15.93,4529,224
16.69,4545,184
17.46,6244,212
18.22,75,54
18.99,82,64
19.76,63,54
20.53,84,61
21.29,64,38
22.06,62,38
22.83,4358,145
23.60,4046,219
24.36,4015,224
25.13,4015,224
25.89,3999,224
26.68,3984,223
27.48,3968,223
28.27,3952,225
29.06,3937,223
29.85,3937,224
30.65,3921,225
31.44,3906,224
32.23,3906,226
33.02,3890,224
33.82,3890,226
34.61,3859,224
35.40,3734,220
36.19,3625,220
36.98,3547,220
37.77,3454,221
38.56,3376,220
39.35,3298,222
40.15,3220,222
40.94,3142,221
41.73,3080,221
42.52,3017,222
43.31,2955,222
44.10,2893,224
44.89,2846,224
45.68,2799,225
46.48,2752,225
47.27,2690,225
48.06,2643,226
48.86,2612,226
49.65,2550,225
50.45,2519,226
51.24,2487,226
52.03,2456,226
52.83,2409,228
53.62,2378,227
54.41,2347,227
55.20,2316,228
55.99,2285,228
56.78,2254,228
57.57,2238,228
58.36,2207,228
59.15,2176,229
59.94,2145,229
60.73,2129,231
61.52,2113,232
62.31,2082,230
63.10,2067,231
63.89,2035,230
64.65,2020,230
65.42,2004,231
66.18,1989,231
66.95,1973,230
67.71,1957,231
68.48,1942,232
69.24,1926,229
70.01,1911,230
70.77,1895,231
71.54,1880,231
72.30,1864,231
73.09,1864,229
73.89,1848,230
74.68,1833,226
75.48,1817,229
76.27,1802,230
77.07,1802,229
77.86,1786,231
78.66,1786,230
79.45,1770,230
80.25,1770,229
81.04,1755,229
81.84,1755,231
82.40,898,226
83.18,882,233
83.97,882,234
84.75,898,235
85.53,913,227
86.31,1007,237
87.10,1022,229
87.88,913,217
88.66,898,232
89.44,898,234
90.23,898,239
91.01,898,239
91.83,898,240
92.62,898,236
93.40,913,229
94.19,944,238
94.98,944,242
95.77,944,243
96.55,960,241
97.34,976,239
98.13,1038,235
98.92,1069,234
99.70,1100,238
100.49,1069,242
101.29,1069,240
102.08,1101,232
102.88,1132,238
103.67,1147,228
104.46,1662,222
105.25,1693,235
106.05,1677,231
106.84,1693,238
107.63,1693,232
108.42,1708,234
109.22,1708,233
110.01,1724,233
110.80,1724,232
111.63,1412,221
112.47,1740,231
113.30,1740,228
114.13,1755,230
114.96,1755,232
115.80,1755,230
116.63,1771,230
117.46,1771,229
118.29,1786,230
119.13,1802,230
119.96,1802,230
120.75,1818,225
121.56,1818,230
122.38,1833,229
123.19,1849,232
124.00,1864,231
124.82,1880,233
125.63,1895,224
126.45,1428,221
127.26,1412,221
128.07,1381,223
128.89,1366,221
129.70,1350,220
130.49,1334,222
131.29,1319,221
132.08,1303,223
132.88,1288,223
133.68,1272,222
134.47,1256,220
135.27,1241,223
136.06,1225,223
136.86,1225,223
137.66,1210,222
138.45,1194,220
139.25,1194,221
140.01,1225,220
140.79,1256,219
141.57,1272,219
142.35,1303,214
143.13,1350,213
143.91,1381,215
144.69,120,216
145.47,120,218
146.25,105,221
147.03,105,223
147.81,97,229
148.59,93,231
149.42,91,229
150.23,90,231
151.05,90,231
151.86,90,228
152.67,90,223
153.49,82,222
154.30,86,221
155.12,88,223
155.93,89,227
156.74,82,230
157.56,86,232
158.37,80,233
159.16,77,233
159.95,76,230
160.75,75,226
161.54,82,225
162.33,78,224
163.12,76,229
163.92,75,233
164.71,75,238
165.50,67,244
166.29,63,248
167.09,61,247
167.88,60,243
168.67,60,244
169.47,67,244
170.28,63,243
171.08,69,241
171.88,72,242
172.69,66,242
173.49,63,246
174.30,69,242
175.10,72,241
175.90,66,241
176.71,70,243
177.51,65,242
178.34,70,241
179.13,72,239
179.92,73,240
180.71,66,243
181.50,78,243
182.29,76,241
183.07,75,235
183.86,75,235
184.65,75,232
185.44,82,230
186.23,78,226
187.02,76,227
187.83,75,233
188.62,75,236
189.42,82,226
190.21,93,215
191.00,84,211
191.79,79,210
192.59,92,211
193.38,83,171
194.17,773,206
194.96,804,217
195.76,758,216
196.55,758,227
197.34,727,229
198.13,711,228
198.93,695,226
199.72,664,224
200.51,649,220
201.31,649,226
202.10,571,222
202.90,555,213
203.69,539,219
204.48,524,223
205.28,524,230
206.07,508,225
206.83,500,232
207.62,496,231
208.42,478,232
209.21,477,231
210.00,468,230
210.79,457,232
211.59,444,226
212.38,310,232
213.17,310,228
213.96,323,222
214.76,345,211
215.55,402,200
216.34,409,216
217.17,412,214
218.00,296,216
218.83,289,221
219.66,286,232
220.49,277,235
221.32,350,222
222.15,343,227
222.98,365,232
223.81,376,234
224.64,389,233
225.47,395,233
226.26,391,232
227.05,389,234
227.85,388,235
228.64,378,235
229.43,373,231
230.23,370,235
231.02,369,235
231.82,368,235
232.61,368,236
233.40,359,233
234.20,354,234
234.99,352,233
235.78,344,234
236.57,340,234
237.36,338,234
238.15,337,233
238.94,337,236
239.73,337,236
240.52,337,237
241.31,330,237
242.10,326,236
242.89,324,235
243.68,323,235
244.47,323,235
245.33,323,236
246.09,323,237
246.84,316,238
247.60,313,235
248.36,318,237
249.12,314,238
249.87,312,237
250.63,311,237
251.39,310,236
252.15,310,236
252.90,310,235
253.66,310,237
254.46,310,237
255.27,310,237
256.08,310,236
256.89,303,238
257.70,306,239
258.51,308,236
259.32,309,240
260.13,309,238
260.94,302,239
261.75,306,238
262.56,301,235
263.37,305,239
264.12,307,237
264.91,308,237
265.71,309,236
266.50,309,237
267.29,309,234
268.08,302,237
268.88,306,237
269.67,308,239
270.46,302,236
271.25,306,237
272.05,308,240
272.84,309,236
273.64,309,239
274.44,316,237
275.25,313,239
276.05,318,237
276.85,320,238
277.66,315,236
278.46,319,237
279.27,321,236
280.07,322,237
280.87,322,236
281.68,322,236
282.48,329,235
283.27,333,232
284.06,387,223
284.86,387,220
285.65,337,217
286.44,337,222
287.23,337,224
288.03,337,225
288.82,337,226
289.61,330,229
290.40,320,230
291.20,321,231
291.99,308,231
292.90,315,232
293.69,305,234
294.49,307,232
295.28,301,234
296.07,305,231
296.86,300,229
297.66,284,226
298.45,189,224
299.24,189,228
300.03,182,227
300.83,296,220
301.62,289,231
302.45,286,234
303.28,284,237
304.11,229,232
304.94,215,239
305.77,208,237
306.60,198,228
307.42,200,234
308.25,221,228
309.08,283,233
309.91,289,237
310.74,299,235
311.57,304,235
312.33,307,232
313.13,315,231
313.92,326,223
314.72,402,216
315.52,460,193
316.31,5995,215
317.11,6197,218
317.90,6150,220
318.70,6104,219
319.50,5995,217
320.29,5963,219
321.09,555,216
321.88,555,225
322.67,5854,213
323.47,5792,222
324.26,5761,224
325.05,571,217
325.84,571,227
326.64,571,232
327.43,539,217
328.22,539,217
329.01,539,215
329.81,283,211
330.60,283,215
331.39,276,218
332.21,279,224
333.03,281,226
333.84,282,228
334.66,282,230
335.48,282,215
336.30,289,129
337.12,5231,217
337.94,5215,222
338.75,5215,222
339.57,5200,221
340.39,5215,221
341.22,5231,221
342.01,5246,219
342.79,5293,219
343.58,5356,219
344.37,5402,214
345.16,5028,211
345.94,4981,216
346.73,4966,210
347.52,4904,216
348.31,4857,212
349.09,4841,214
349.88,45,71
350.71,4872,211
351.45,4950,145
352.18,5137,217
352.92,5215,220
353.66,5402,223
354.40,5356,221
355.13,5293,222
355.87,5246,222
356.61,5184,222
357.35,5137,222
358.08,5075,222
358.82,5028,221
359.57,4981,222
0.33,5013,220
1.10,5122,219
1.86,5184,225
2.62,5137,213
3.39,5106,211
4.15,5028,96
4.92,5013,164
5.68,4997,151
6.44,4872,215
7.21,4841,220
7.97,4857,219
8.77,30,54
9.56,30,80
10.36,6540,200
11.15,6509,148
11.94,75,61
12.74,75,71
13.53,60,61
14.33,4592,219
15.12,4545,224
15.91,4529,224
16.71,6260,210
17.50,6244,212
18.26,60,58
19.06,90,45
19.85,90,58
20.65,75,61
21.44,75,54
22.24,90,45
23.03,4342,212
23.83,4031,222
24.62,4015,223
25.42,4000,224
26.21,3984,223
27.01,3968,223
27.77,3953,222
28.56,3953,224
29.36,3937,224
30.15,3922,224
30.94,3922,223
31.74,3906,225
32.53,3906,224
33.33,3890,225
34.12,3890,225
34.91,3828,220
35.71,3719,219
36.50,3610,219
37.33,3516,221
38.10,3438,222
38.88,3361,223
39.65,3267,222
40.42,3205,223
41.20,3127,222
41.97,3064,222
42.75,3002,223
43.52,2940,223
44.29,2893,223
45.07,2831,224
45.84,2784,224
46.63,2737,225
47.41,2675,226
48.19,2644,225
48.97,2597,224
49.75,2550,225
50.53,2519,226
51.31,2472,225
52.09,2441,226
52.87,2410,227
53.65,2379,227
54.43,2347,229
55.21,2301,227
55.97,2285,226
56.77,2254,229
57.56,2223,231
58.36,2192,229
59.16,2160,228
59.95,2145,229
60.75,2114,229
61.54,2098,231
62.34,2082,230
63.14,2051,230
63.93,2036,230
64.73,2020,230
65.53,2005,233
66.32,1989,231
67.10,1973,230
67.89,1942,231
68.68,1927,232
69.46,1911,231
70.25,1895,230
71.03,1895,232
71.82,1864,229
72.61,1864,230
73.39,1849,230
74.18,1833,224
74.97,1818,227
75.76,1818,229
76.55,1802,229
77.34,1802,228
78.13,1786,229
78.92,1771,230
79.71,1771,231
80.50,1755,230
81.29,1755,233
82.08,1755,226
82.87,898,228
83.66,882,233
84.45,882,233
85.24,898,229
86.04,960,228
86.83,1023,238
87.62,1038,220
88.42,914,227
89.21,898,236
90.01,882,239
90.80,898,241
91.59,898,240
92.39,898,237
93.18,898,235
93.98,929,234
94.74,945,241
95.50,945,244
96.26,945,240
97.02,960,243
97.78,991,234
98.54,1054,234
99.30,1069,231
100.06,1085,237
100.82,1069,240
101.58,1069,236
102.34,1116,234
103.17,1132,238
103.96,1194,221
104.75,1693,230
105.54,1693,235
106.33,1662,231
107.12,1693,236
107.91,1693,234
108.70,1708,235
109.49,1708,234
110.28,1724,233
111.07,1724,222
111.86,1740,222
112.94,1740,232
113.74,1755,225
114.53,1755,231
115.33,1755,230
116.13,1771,232
116.92,1771,230
117.72,1771,231
118.51,1786,230
119.31,1802,229
120.11,1802,229
120.90,1818,225
121.70,1833,233
122.46,1833,230
123.28,1864,232
124.10,1864,230
124.92,1880,231
125.74,1428,217
126.56,1412,220
127.37,1397,222
128.19,1381,220
129.01,1366,221
129.83,1334,221
130.65,1334,221
131.47,1319,222
132.27,1303,222
133.06,1288,221
133.86,1272,221
134.65,1256,222
135.44,1241,222
136.24,1225,222
137.03,1225,223
137.83,1194,221
138.62,1194,221
139.41,1210,223
140.21,1241,221
141.00,1256,218
141.79,1288,218
142.59,1194,217
143.40,1366,214
144.20,105,214
145.00,97,216
145.80,93,221
146.61,91,223
147.41,90,226
148.21,90,225
149.01,90,227
149.82,82,228
150.62,86,230
151.42,88,229
152.23,96,227
153.04,100,226
153.86,95,221
154.67,92,220
155.48,83,225
156.29,86,230
157.10,88,232
157.91,81,233
158.73,78,232
159.54,76,232
160.35,75,231
161.18,75,225
161.97,75,225
162.77,75,224
163.56,75,229
164.35,67,241
165.15,71,241
165.94,65,244
166.74,70,246
167.53,65,245
168.32,62,245
169.12,61,244
169.91,60,245
170.71,67,244
171.50,63,242
172.30,61,242
173.09,60,246
173.88,60,244
174.67,67,242
175.47,71,240
176.26,73,241
177.05,74,244
177.84,67,243
178.64,71,241
179.43,73,241
180.22,74,243
181.02,74,246
181.82,74,242
182.62,74,238
183.42,74,236
184.22,74,235
185.02,74,230
185.82,82,226
186.62,78,228
187.42,84,229
188.22,79,234
189.02,77,231
189.85,83,221
190.64,79,213
191.44,84,211
192.23,79,210
193.02,84,193
193.82,117,158
194.61,820,211
195.41,789,216
196.20,758,222
196.99,758,232
197.79,727,231
198.58,695,226
199.37,695,227
200.17,664,226
200.98,649,220
201.78,633,223
202.58,571,223
203.38,555,211
204.19,539,220
204.99,524,228
205.79,508,228
206.59,508,226
207.40,500,224
208.20,488,229
209.00,474,233
209.78,467,233
210.56,463,229
211.34,454,230
212.12,387,221
212.90,310,230
213.68,310,225
214.46,368,219
215.24,385,211
216.02,400,212
216.80,408,217
217.58,397,213
218.33,296,220
219.12,289,221
219.91,286,237
220.70,277,232
221.49,368,227
222.28,377,228
223.08,382,230
223.87,384,229
224.66,393,234
225.45,397,230
226.24,382,232
227.03,384,233
227.89,385,233
228.66,386,236
229.44,377,233
230.21,372,233
230.98,370,232
231.76,369,233
232.53,359,234
233.31,354,233
234.08,352,234
234.85,351,233
235.63,350,236
236.40,343,237
237.19,340,234
237.98,338,235
238.78,337,235
239.57,330,232
240.37,333,235
241.16,328,235
241.96,325,233
242.75,324,233
243.55,323,236
244.34,323,234
245.14,323,234
245.93,323,235
246.72,323,237
247.51,323,234
248.30,316,235
249.09,313,236
249.88,311,235
250.67,310,234
251.45,310,239
252.24,310,237
253.03,310,236
253.82,310,237
254.61,310,237
255.40,310,237
256.16,310,238
256.98,310,238
257.81,303,239
258.63,306,238
259.45,308,236
260.27,309,240
261.10,302,237
261.92,306,239
262.74,308,238
263.56,302,237
264.39,306,236
265.21,308,237
265.97,309,238
266.77,309,237
267.56,309,237
268.36,302,238
269.16,306,238
269.95,308,237
270.75,309,237
271.54,309,238
272.34,316,237
273.14,313,237
273.93,311,235
274.73,317,236
275.53,320,237
276.30,321,236
277.08,315,236
277.85,319,235
278.62,321,237
279.39,322,236
280.17,322,237
280.94,322,236
281.71,322,237
282.48,322,234
283.26,329,231
284.03,348,221
284.86,349,218
285.69,343,217
286.52,340,223
287.35,338,225
288.18,337,227
289.01,337,229
289.83,323,226
290.66,330,228
291.49,326,229
292.32,318,231
293.15,314,234
293.98,305,234
294.74,307,233
295.54,308,236
296.34,302,233
297.14,299,228
297.94,277,226
298.74,189,224
299.54,189,229
300.34,189,227
301.14,209,223
301.94,283,233
302.74,283,237
303.54,283,235
304.27,229,230
305.09,215,235
305.91,202,235
306.73,195,228
307.55,198,230
308.37,213,229
309.18,296,235
310.00,296,237
310.82,303,237
311.64,306,233
312.46,308,232
313.28,315,228
314.07,326,222
314.86,347,216
315.66,446,122
316.45,6010,217
317.24,6213,220
318.04,6150,219
318.83,6088,222
319.63,5963,218
320.42,5963,219
321.21,555,219
322.01,555,228
322.80,5823,217
323.59,5792,223
324.38,5745,222
325.18,571,223
325.97,571,231
326.77,555,226
327.56,539,215
328.36,539,216
329.15,539,214
329.95,283,214
330.74,276,215
331.54,279,219
332.33,281,223
333.12,275,226
333.92,272,229
334.73,277,227
335.53,280,212
336.34,5262,155
337.14,5231,220
337.95,5215,223
338.75,5200,221
339.56,5215,222
340.36,5215,222
341.17,5231,220
341.97,5262,220
342.76,5309,220
343.55,5371,218
344.34,5418,190
345.13,5028,216
345.92,4982,216
346.71,4950,122
347.50,4888,214
348.29,4841,215
349.08,4841,168
349.87,372,80
350.66,4888,213
351.45,75,90
352.28,5137,219
353.00,5247,214
353.72,5387,221
354.43,5325,223
355.15,5262,222
355.87,5215,225
356.59,5169,220
357.31,5122,222
358.03,5060,221
358.74,5013,220
359.46,4982,221
0.18,5044,219
0.97,5153,221
1.76,5153,221
2.56,5106,211
3.35,5122,132
4.14,5028,113
4.94,4997,145
5.73,4966,171
6.53,4857,217
7.32,4857,222
8.11,4857,211
8.91,105,71
9.70,105,74
10.46,6540,213
11.25,45,93
12.04,30,93
12.83,45,80
13.62,60,77
14.41,4561,222
15.19,4545,223
15.98,4530,218
16.77,6244,212
17.56,6229,161
18.35,105,64
19.14,105,71
19.93,75,48
20.74,45,58
21.55,75,48
22.36,125,67
23.17,4358,216
23.98,4031,224
24.79,4015,224
25.60,4000,224
26.41,3984,225
27.22,3969,225
28.03,3953,224
28.84,3937,225
29.64,3937,225
30.39,3922,223
31.14,3906,224
31.89,3906,224
32.64,3891,225
33.39,3891,225
34.15,3875,226
34.90,3782,219
35.65,3672,221
36.40,3579,220
37.15,3485,222
37.90,3407,222
38.66,3330,220
39.45,3252,222
40.25,3174,221
41.04,3111,221
41.83,3049,224
42.62,2971,223
43.42,2909,223
44.21,2862,224
45.00,2800,224
45.79,2768,224
46.59,2722,225
47.38,2659,226
48.20,2628,226
49.03,2581,225
49.85,2535,226
50.68,2503,226
51.51,2457,226
52.34,2426,227
53.16,2394,227
53.99,2363,228
54.82,2332,226
55.65,2301,228
56.47,2270,229
57.30,2238,228
58.09,2207,229
58.89,2192,230
59.68,2161,229
60.48,2129,231
61.27,2114,230
62.07,2098,230
62.86,2067,228
63.66,2051,230
64.45,2020,230
65.25,2020,232
66.04,1989,232
66.84,1974,233
67.40,1958,230
68.19,1942,231
68.97,1927,230
69.76,1911,230
70.54,1896,230
71.33,1880,230
72.11,1880,230
72.90,1864,230
73.68,1849,229
74.47,1833,224
75.25,1818,228
76.04,1818,229
76.83,1802,231
77.62,1787,230
78.40,1787,228
79.19,1771,229
79.98,1771,232
80.77,1755,231
81.55,1755,232
82.34,898,221
83.13,883,230
83.92,883,233
84.70,898,234
85.49,914,230
86.29,1007,233
87.08,1023,237
87.88,1023,215
88.67,898,232
89.46,898,235
90.25,898,241
91.05,898,237
91.84,898,239
92.63,898,237
93.42,898,232
94.22,945,235
95.01,945,242
95.80,945,242
96.58,960,242
97.36,976,241
98.14,1023,233
98.92,1070,234
99.70,1085,236
100.48,1070,243
101.26,1070,241
102.04,1085,235
102.82,1132,238
103.60,1132,232
104.38,1662,216
105.18,1693,231
105.97,1693,235
106.76,1693,233
107.55,1693,235
108.34,1709,234
109.13,1709,234
109.92,1724,234
110.71,1724,233
111.50,1412,219
112.29,1724,228
113.08,1740,233
113.87,1755,226
114.70,1755,231
115.49,1755,230
116.28,1771,230
117.07,1771,229
117.86,1787,229
118.65,1787,230
119.43,1802,230
120.22,1802,229
121.01,1818,229
121.80,1833,232
122.59,1849,230
123.38,1864,231
124.18,1864,231
124.99,1880,232
125.79,1428,220
126.60,1412,222
127.41,1397,223
128.21,1366,220
129.02,1350,221
129.82,1335,221
130.63,1319,222
131.44,1303,222
132.24,1288,222
133.05,1272,220
133.81,1272,222
134.63,1257,222
135.44,1241,221
136.26,1225,221
137.08,1210,222
137.89,1210,221
138.71,1194,222
139.52,1210,221
140.34,1225,219
141.16,1256,219
141.97,1288,217
142.79,1210,217
143.62,1350,214
144.41,120,214
145.19,105,217
145.98,97,220
146.77,93,224
147.55,91,225
148.34,90,228
149.12,90,230
149.91,90,234
150.70,90,231
151.48,90,228
152.27,90,227
153.10,90,224
153.89,97,221
154.68,93,222
155.47,84,224
156.26,87,229
157.05,88,233
157.84,89,234
158.63,82,233
159.42,78,231
160.21,76,229
161.00,68,224
161.79,71,224
162.58,65,224
163.37,62,229
164.17,68,238
164.96,64,243
165.75,62,242
166.54,61,244
167.34,60,246
168.13,60,244
168.92,60,244
169.71,60,245
170.51,67,244
171.30,63,244
172.43,61,242
173.22,68,243
174.01,64,244
174.80,69,241
175.59,72,239
176.38,73,244
177.16,74,244
177.95,74,243
178.74,74,241
179.53,74,239
180.32,74,241
181.11,74,243
181.91,74,241
182.70,74,241
183.50,82,237
184.29,78,234
185.08,76,229
185.88,83,226
186.67,86,225
187.47,88,229
188.26,81,234
189.05,78,231
189.85,84,221
190.64,79,213
191.36,77,211
192.16,76,211
192.95,90,210
193.75,773,174
194.54,820,212
195.34,773,214
196.13,758,222
196.93,742,230
197.72,727,225
198.52,695,228
199.31,680,224
200.11,664,224
200.94,649,222
201.74,633,223
202.54,571,224
203.34,555,213
204.14,539,221
204.94,524,228
205.75,524,229
206.55,508,226
207.35,500,226
208.15,488,233
208.95,482,232
209.75,471,231
210.54,465,231
211.33,455,230
212.12,310,223
212.91,310,231
213.70,316,222
214.49,402,218
215.28,402,203
216.07,409,214
216.86,420,216
217.65,425,211
218.44,296,221
219.23,289,222
220.03,286,235
220.82,277,229
221.61,337,226
222.40,352,230
223.19,369,227
223.98,378,233
224.76,390,231
225.55,388,234
226.34,387,234
227.13,387,235
227.92,387,235
228.71,387,236
229.57,377,233
230.35,372,234
231.14,370,233
231.92,369,234
232.71,368,231
233.49,359,232
234.28,354,236
235.06,352,233
235.85,351,232
236.63,344,236
237.42,340,236
238.20,338,235
238.99,337,233
239.77,337,235
240.55,337,234
241.33,330,235
242.11,326,237
242.89,324,234
243.68,323,237
244.46,323,236
245.24,323,237
246.02,323,235
246.80,323,235
247.58,323,237
248.37,316,236
249.16,313,240
249.96,311,237
250.75,310,237
251.54,310,239
252.33,310,240
253.13,310,237
253.92,310,239
254.71,310,239
255.50,310,237
256.30,310,237
257.09,310,238
257.88,310,238
258.67,310,238
259.46,310,240
260.25,310,239
261.04,310,239
261.83,310,240
262.62,310,239
263.41,310,238
264.20,310,238
264.99,310,235
265.78,303,238
266.57,306,238
267.33,308,239
268.12,309,237
268.92,302,238
269.71,306,238
270.50,308,239
271.29,315,237
272.09,312,237
272.88,311,238
273.67,317,236
274.46,320,235
275.26,315,239
276.05,319,238
276.88,314,235
277.70,318,236
278.53,320,236
279.35,321,237
280.17,322,236
280.99,316,235
281.82,319,234
282.64,328,236
283.46,339,232
284.28,363,223
285.11,365,217
285.93,366,218
286.69,351,221
287.51,344,223
288.32,333,225
289.14,328,228
289.96,332,227
290.77,327,232
291.59,325,231
292.40,317,231
293.22,306,234
294.04,308,235
294.85,315,234
295.67,305,234
296.47,307,231
297.26,294,229
298.05,288,225
298.84,188,227
299.63,188,225
300.42,188,229
301.20,269,227
301.99,275,234
302.78,272,234
303.57,277,238
304.36,215,233
305.15,208,239
305.98,198,235
306.79,200,233
307.59,207,232
308.40,219,228
309.21,296,234
310.01,296,236
310.82,302,235
311.62,305,231
312.43,307,228
313.24,315,229
314.04,325,220
314.85,401,211
315.65,5979,109
316.44,5994,214
317.24,6197,220
318.03,6135,219
318.82,6088,220
319.61,5963,220
320.41,5994,216
321.20,555,221
321.99,555,223
322.78,5823,220
323.58,5792,221
324.37,5729,221
325.19,570,225
325.98,570,233
326.77,539,223
327.56,539,214
328.35,539,218
329.14,555,211
329.93,282,215
330.72,282,218
331.51,275,220
332.30,278,222
333.09,280,225
333.88,281,230
334.67,281,221
335.50,288,210
336.33,5231,211
337.15,5231,222
337.98,5215,222
338.81,5215,222
339.64,5215,221
340.47,5215,223
341.30,5246,223
342.12,5277,220
342.95,5324,219
343.78,5386,217
344.57,5059,87
345.30,5012,215
346.03,4981,216
346.75,4919,171
347.48,4903,212
348.21,4856,218
348.94,4841,122
349.67,4872,168
350.40,4903,212
351.12,5153,210
351.85,5199,218
352.58,5386,218
353.37,5371,223
354.16,5308,222
354.95,5262,222
355.74,5199,224
356.53,5137,221
357.32,5106,221
358.11,5044,222
358.90,4997,222
359.69,4981,220
0.48,5075,220
1.27,5184,225
2.06,5153,219
2.85,5121,211
3.64,5106,100
4.42,5028,138
5.21,4981,145
6.00,4934,210
6.79,4841,219
7.57,4856,223
8.36,4856,106
9.15,30,67
9.94,6540,93
10.72,6524,212
11.51,120,58
12.30,135,80
13.09,97,48
13.89,4607,211
14.68,4560,224
15.47,4529,224
16.27,4529,212
17.06,6228,211
17.86,6212,77
18.65,60,67
19.44,60,71
20.24,97,51
21.03,86,54
21.82,73,58
22.60,59,71
23.38,4342,214
24.16,4030,223
24.94,4015,224
25.72,3999,225
26.50,3984,224
27.28,3968,222
28.06,3952,225
28.84,3937,222
29.62,3937,224
30.40,3921,224
31.23,3921,225
31.97,3906,226
32.72,3906,225
33.46,3890,228
34.20,3875,226
34.95,3765,220
35.69,3656,221
36.44,3547,221
37.18,3469,224
37.92,3391,222
38.67,3313,222
39.41,3236,221
40.21,3158,222
41.00,3095,221
41.80,3033,223
42.59,2971,222
43.38,2908,222
44.17,2861,223
44.97,2799,223
45.76,2752,225
46.55,2706,226
47.34,2659,226
48.14,2612,226
48.93,2565,225
49.73,2534,227
50.58,2487,227
51.42,2456,227
52.27,2409,226
53.11,2394,227
53.96,2347,227
54.80,2316,230
55.65,2285,227
56.49,2269,229
57.34,2222,228
58.18,2207,228
59.03,2176,227
59.86,2145,229
60.63,2129,229
61.41,2113,230
62.18,2098,230
62.95,2067,230
63.73,2035,229
64.50,2020,230
65.28,2004,229
66.05,1989,231
66.82,1973,231
67.60,1957,229
68.37,1942,230
69.16,1926,230
69.96,1911,231
70.75,1895,230
71.55,1880,230
72.35,1864,229
73.14,1864,229
73.94,1848,230
74.73,1833,226
75.53,1817,231
76.33,1817,230
77.12,1802,229
77.92,1786,229
78.68,1786,230
79.46,1770,231
80.24,1770,230
81.02,1755,230
81.80,1755,230
82.58,898,226
83.36,882,232
84.14,882,234
84.92,898,232
85.70,913,227
86.48,1007,236
87.26,1022,232
88.02,960,214
88.81,898,232
89.61,898,236
90.40,898,241
91.19,898,239
91.99,898,238
92.78,882,236
93.58,913,232
94.37,944,236
95.16,944,241
95.96,944,241
96.75,960,242
97.40,976,238
98.17,1038,234
98.95,1069,232
99.72,1100,236
100.49,1069,242
101.27,1069,238
102.04,1085,234
102.82,1131,237
103.59,1147,228
104.36,1661,220
105.14,1693,233
105.91,1677,235
106.70,1677,235
107.52,1693,233
108.35,1708,234
109.17,1708,233
109.99,1708,233
110.81,1724,233
111.64,1396,224
112.46,1739,230
113.28,1739,231
114.10,1755,227
114.93,1755,229
115.75,1755,229
116.54,1770,232
117.33,1770,230
118.12,1786,232
118.91,1802,230
119.70,1802,229
120.49,1817,225
121.28,1817,230
122.07,1833,232
122.86,1848,229
123.65,1864,232
124.44,1880,230
125.23,1880,229
126.03,1428,222
126.82,1412,221
127.61,1396,220
128.40,1365,221
129.19,1350,221
129.98,1334,222
130.77,1318,220
131.56,1303,223
132.35,1287,222
133.14,1272,221
133.93,1256,219
134.72,1241,223
135.51,1241,221
136.33,1225,222
137.16,1209,223
137.98,1209,222
138.80,1194,220
139.62,1209,223
140.45,1241,219
141.27,1272,218
142.09,1303,217
142.91,1209,217
143.74,1381,215
144.56,75,213
145.32,90,217
146.11,97,221
146.91,93,225
147.70,91,225
148.49,98,228
149.28,94,229
150.08,84,231
150.87,87,230
151.66,88,229
152.45,89,226
153.25,89,220
154.04,89,222
154.84,1537,220
155.61,75,225
156.39,75,231
157.16,82,230
157.93,78,235
158.70,76,233
159.48,75,231
160.25,75,228
161.02,75,227
161.79,75,224
162.57,75,225
163.34,75,232
164.10,75,238
164.91,67,241
165.72,71,243
166.53,65,247
167.34,70,245
168.15,72,245
168.96,66,245
169.77,63,245
170.58,61,245
171.39,68,242
172.20,64,242
173.01,62,246
173.80,61,245
174.59,68,240
175.38,64,239
176.17,69,245
176.96,72,243
177.75,73,245
178.54,74,241
179.33,74,242
180.12,74,243
180.91,74,242
181.70,74,244
182.49,74,240
183.32,74,238
184.12,82,237
184.93,78,228
185.73,84,229
186.53,79,227
187.33,84,228
188.14,87,234
188.94,81,231
189.74,93,219
190.54,91,214
191.35,98,213
192.15,86,211
192.91,88,187
193.71,773,180
194.51,804,212
195.31,789,214
196.11,757,225
196.91,757,230
197.71,726,226
198.51,695,228
199.31,695,228
200.11,664,224
200.91,648,220
201.71,648,222
202.58,586,220
203.37,555,214
204.16,539,222
204.95,524,227
205.74,508,226
206.53,508,228
207.32,500,229
208.11,496,230
208.90,486,232
209.69,473,234
210.48,459,230
211.27,452,232
212.10,309,226
212.90,309,231
213.71,309,222
214.51,363,220
215.31,416,171
216.11,416,212
216.92,423,215
217.72,350,213
218.52,296,221
219.32,296,222
220.13,289,233
220.93,279,228
221.76,350,227
222.55,368,230
223.35,384,228
224.14,385,233
224.93,393,231
225.72,397,234
226.52,380,235
227.31,383,235
228.10,385,234
228.89,386,236
229.69,374,232
230.48,368,233
231.28,365,233
232.04,364,233
232.80,363,234
233.56,356,232
234.32,353,235
235.08,351,236
235.84,350,234
236.60,343,233
237.36,346,233
238.12,341,234
238.88,338,236
239.64,337,233
240.44,336,235
241.24,329,235
242.05,326,237
242.85,324,239
243.65,323,237
244.45,323,236
245.26,323,240
246.06,323,238
246.86,323,235
247.66,323,238
248.47,316,238
249.27,312,236
250.10,310,238
250.89,309,236
251.69,309,236
252.48,309,237
253.27,309,237
254.07,309,237
254.86,302,238
255.66,305,238
256.45,307,240
257.24,301,238
258.04,305,241
258.83,307,239
259.62,308,239
260.40,308,235
261.17,302,237
261.95,305,239
262.73,307,241
263.50,308,238
264.28,308,238
265.05,308,239
265.83,308,236
266.61,308,238
267.38,308,238
268.16,308,236
268.96,308,237
269.77,308,236
270.59,308,238
271.40,308,236
272.21,315,238
273.02,312,237
273.84,310,236
274.65,316,237
275.46,319,236
276.27,321,236
277.09,322,237
277.90,322,236
278.73,322,235
279.52,322,236
280.32,322,238
281.11,329,235
281.90,326,237
282.70,331,234
283.49,333,232
284.29,348,224
285.08,367,218
285.87,351,218
286.67,343,221
287.46,333,223
288.25,328,225
289.07,332,228
289.88,334,229
290.70,321,228
291.52,315,232
292.33,319,233
293.15,321,235
293.96,301,232
294.78,305,235
295.60,300,233
296.41,304,233
297.23,300,231
298.02,291,224
298.81,188,226
299.61,188,228
300.40,188,227
301.19,256,225
301.99,269,233
302.78,275,237
303.58,278,238
304.37,202,234
305.16,202,239
305.96,195,231
306.75,198,233
307.83,206,234
308.62,256,229
309.42,276,233
310.21,292,234
311.00,294,236
311.79,301,233
312.59,312,230
313.38,317,226
314.17,326,219
314.96,431,213
315.76,5979,129
316.55,6010,215
317.35,6197,219
318.15,6135,219
318.94,6072,221
319.74,5948,221
320.54,5994,216
321.33,555,223
322.13,555,225
322.92,5823,221
323.72,5776,221
324.52,5745,220
325.31,570,227
326.11,570,231
326.87,555,219
327.66,539,213
328.46,539,217
329.25,555,211
330.04,282,214
330.83,282,219
331.63,282,221
332.42,282,225
333.21,282,226
334.00,282,229
334.80,282,220
335.59,289,180
336.42,5246,212
337.25,5231,224
338.07,5215,223
338.90,5215,221
339.73,5215,222
340.55,5231,220
341.38,5246,221
342.20,5293,221
343.03,5340,219
343.86,5386,217
344.68,5044,138
345.51,4997,216
346.30,4966,215
347.05,4903,211
347.79,4903,210
348.54,4841,216
349.29,75,64
350.04,4872,210
350.78,4919,210
351.53,5121,214
352.28,5199,218
353.03,5402,222
353.77,5355,221
354.52,5293,222
355.32,5246,221
356.11,5199,221
356.91,5137,223
357.70,5090,223
358.49,5044,221
359.28,4997,223
0.08,4997,219
0.87,5106,219
1.66,5184,224
2.45,5153,215
3.25,5106,211
4.04,5090,103
4.84,5028,158
5.63,5012,135
6.41,4888,214
7.20,4825,218
7.99,4856,222
8.77,45,67
9.56,52,80
10.34,6555,142
11.13,6524,210
11.92,105,48
12.70,75,93
13.49,67,77
14.32,4592,217
15.11,4545,226
15.91,4529,224
16.70,6259,206
17.49,6244,213
18.28,45,61
19.08,75,67
19.87,52,71
20.66,78,64
21.45,91,64
22.25,68,71
23.04,4358,180
23.84,4030,218
24.64,4015,224
25.43,4015,224
26.23,3999,224
27.03,3984,224
27.82,3968,223
28.62,3952,225
29.41,3937,225
30.21,3937,225
31.01,3921,225
31.80,3906,225
32.60,3906,226
33.39,3890,224
34.16,3890,225
34.94,3843,222
35.71,3719,219
36.48,3625,220
37.26,3532,221
38.03,3438,222
38.81,3376,222
39.58,3282,222
40.35,3204,222
41.13,3142,222
41.90,3080,222
42.73,3017,222
43.52,2955,224
44.31,2893,224
45.10,2846,225
45.89,2799,224
46.68,2752,225
47.47,2690,227
48.26,2643,226
49.05,2597,224
49.84,2565,226
50.63,2519,228
51.42,2487,228
52.22,2441,229
52.98,2409,226
53.75,2378,226
54.51,2347,228
55.27,2316,229
56.04,2285,229
56.80,2254,228
57.57,2222,228
58.33,2207,228
59.09,2176,229
59.86,2145,230
60.62,2129,230
61.37,2113,230
62.17,2082,231
62.98,2051,229
63.78,2035,231
64.58,2020,230
65.39,2004,231
66.19,1989,232
67.00,1973,232
67.80,1957,232
68.60,1942,229
69.41,1911,229
70.21,1911,231
71.04,1895,230
71.83,1880,230
72.62,1864,230
73.41,1864,230
74.20,1848,228
74.99,1833,225
75.78,1817,231
76.57,1802,230
77.36,1802,229
78.15,1786,230
78.94,1786,230
79.73,1770,229
80.52,1755,230
81.30,1755,232
82.08,1755,228
82.86,898,229
83.64,882,231
84.42,882,234
85.20,898,236
85.98,929,227
86.76,1007,238
87.54,1022,228
88.32,913,222
89.10,898,232
89.86,898,235
90.61,898,239
91.36,898,239
92.11,898,237
92.86,898,236
93.61,945,232
94.37,945,240
95.12,945,244
95.87,945,242
96.62,960,239
97.37,976,236
98.12,1054,235
98.91,1069,236
99.70,1085,241
100.50,1069,239
101.29,1069,240
102.08,1101,232
102.88,1132,238
103.67,1163,226
104.47,1693,225
105.26,1693,235
106.05,1677,234
106.85,1693,238
107.64,1708,233
108.43,1708,234
109.25,1708,233
110.08,1724,233
110.90,1724,229
111.72,1412,220
112.54,1740,229
113.37,1755,226
114.19,1755,230
115.01,1755,231
115.83,1771,232
116.66,1771,230
117.48,1771,230
118.24,1786,229
119.03,1802,230
119.83,1802,230
120.62,1818,222
121.41,1833,231
122.20,1833,231
123.00,1849,233
123.79,1864,230
124.58,1880,232
125.37,1895,225
126.17,1428,221
126.96,1397,221
127.58,1381,219
128.37,1366,220
129.16,1350,219
129.95,1334,222
130.74,1319,222
131.53,1303,222
132.32,1288,221
133.11,1272,221
133.90,1256,222
134.69,1256,222
135.48,1241,223
136.27,1225,221
137.06,1210,223
137.89,1194,221
138.73,1194,221
139.56,1225,220
140.39,1241,220
141.22,1272,219
142.06,1303,216
142.89,1210,215
143.72,1381,216
144.55,105,216
145.39,105,217
146.22,105,220
147.01,97,221
147.81,93,226
148.60,91,227
149.40,90,228
150.20,90,229
150.99,90,231
151.79,90,227
152.58,97,225
153.38,93,222
154.18,91,221
154.97,98,222
155.77,94,226
156.53,92,233
157.30,83,233
158.08,79,233
158.85,77,232
159.62,76,229
160.40,75,227
161.17,82,226
161.95,78,225
162.72,76,225
163.49,75,232
164.27,75,239
165.04,75,242
165.83,67,241
166.64,63,246
167.44,61,246
168.25,60,243
169.06,60,244
169.86,67,245
170.67,63,245
171.47,61,245
172.28,60,244
173.09,60,245
173.89,60,247
174.70,67,240
175.50,71,241
176.29,73,241
177.09,74,243
177.88,74,243
178.67,74,241
179.46,74,240
180.26,74,242
181.05,74,244
181.84,74,244
182.63,74,240
183.43,74,236
184.22,82,232
185.02,78,227
185.85,84,223
186.68,94,225
187.52,92,229
188.35,83,234
189.18,86,230
190.01,80,220
190.84,92,211
191.67,83,210
192.51,94,210
193.34,99,197
194.17,773,171
195.00,804,214
195.77,758,212
196.55,758,224
197.32,742,230
198.09,711,227
198.87,695,225
199.64,680,226
200.42,664,222
201.19,649,223
201.96,586,220
202.74,571,220
203.51,539,214
204.31,539,222
205.11,524,226
205.90,508,227
206.70,500,229
207.50,496,228
208.29,486,232
209.09,481,234
209.88,470,230
210.68,458,229
211.48,452,232
212.27,310,227
213.07,303,229
213.83,320,223
214.63,344,215
215.44,431,210
216.24,423,215
217.04,427,216
217.84,337,213
218.65,283,222
219.45,289,224
220.25,286,236
221.05,277,226
221.86,337,228
222.66,352,229
223.45,369,230
224.24,385,233
225.04,393,233
225.83,390,234
226.62,388,233
227.42,387,232
228.21,387,234
229.01,387,232
229.80,377,233
230.59,363,232
231.39,365,235
232.18,366,233
232.97,358,232
233.76,354,236
234.56,352,233
235.35,351,234
236.14,350,234
236.94,343,235
237.73,340,235
238.53,338,231
239.32,337,236
240.11,337,237
240.91,337,236
241.70,337,234
242.49,330,234
243.29,326,234
244.08,324,236
244.88,323,235
245.68,316,235
246.47,319,235
247.27,321,235
248.06,322,235
248.86,316,236
249.66,313,234
250.45,311,238
251.25,310,236
252.12,310,237
252.91,310,236
253.69,310,237
254.48,310,237
255.27,310,237
256.05,310,238
256.84,310,237
257.62,310,239
258.41,303,238
259.20,306,237
259.98,308,238
260.77,309,238
261.60,309,239
262.39,309,237
263.19,309,237
263.98,309,237
264.77,309,240
265.57,309,236
266.36,309,240
267.16,309,237
267.95,309,235
268.74,302,237
269.54,306,238
270.33,308,237
271.12,309,236
271.93,309,238
272.75,302,238
273.56,306,237
274.37,314,238
275.18,318,239
276.00,320,236
276.81,321,237
277.62,315,237
278.43,319,236
279.25,321,238
280.06,322,238
280.93,316,237
281.72,319,236
282.51,321,234
283.30,329,232
284.09,339,226
284.88,363,220
285.67,365,218
286.46,344,220
287.25,340,223
288.04,325,224
288.83,331,228
289.62,327,232
290.38,332,232
291.17,314,229
291.97,312,232
292.76,317,232
293.55,306,236
294.34,308,233
295.14,309,235
295.93,309,234
296.72,296,229
297.51,282,230
298.31,189,221
299.10,189,225
299.90,189,227
300.71,202,223
301.52,283,228
302.33,283,234
303.14,283,235
303.95,276,232
304.75,202,235
305.56,202,239
306.37,195,230
307.18,198,231
307.99,206,232
308.80,283,228
309.56,289,236
310.35,299,238
311.15,304,234
311.94,307,232
312.73,315,230
313.53,319,225
314.32,334,217
315.12,431,211
315.91,5979,211
316.70,6228,213
317.50,6166,220
318.29,6104,220
319.11,6072,218
319.90,5963,220
320.69,5979,214
321.48,555,224
322.27,571,216
323.06,5808,222
323.85,5761,223
324.64,5730,218
325.43,571,227
326.22,586,229
327.01,539,217
327.80,539,214
328.60,539,216
329.43,296,210
330.27,289,216
331.10,286,219
331.93,284,223
332.76,283,227
333.60,283,226
334.43,283,228
335.26,283,218
336.09,296,155
336.93,5246,215
337.76,5231,223
338.51,5215,222
339.30,5200,224
340.10,5215,222
340.89,5215,219
341.68,5262,221
342.48,5293,220
343.27,5340,220
344.07,5402,215
344.86,5044,210
345.65,4997,215
346.45,4981,211
347.24,4919,212
348.03,4857,210
348.76,4841,215
349.50,45,58
350.23,4857,212
350.97,4935,184
351.70,5122,217
352.44,5215,220
353.17,5418,226
353.91,5356,222
354.64,5293,223
355.38,5231,222
356.11,5184,223
356.90,5137,220
357.69,5075,221
358.49,5028,219
359.28,4981,221
0.07,5013,220
0.87,5106,219
1.66,5169,224
2.46,5153,213
3.25,5106,211
4.04,5075,90
4.84,5028,168
5.63,4981,138
6.42,4888,215
7.21,4826,220
8.00,4857,218
8.79,15,77
9.58,52,71
10.37,6524,193
11.16,6509,135
11.95,105,61
12.74,90,90
13.53,105,58
14.32,4592,218
15.11,4545,226
15.94,4529,223
16.73,6244,210
17.51,6228,212
18.30,30,64
19.09,52,48
19.87,71,74
20.66,58,71
21.44,59,58
22.23,117,48
23.02,4358,212
23.80,4031,222
24.59,4015,224
25.39,4000,223
26.19,3984,223
26.98,3984,224
27.78,3953,222
28.58,3953,222
29.37,3937,224
30.17,3922,223
30.96,3922,225
31.76,3906,225
32.56,3906,225
33.35,3890,226
34.15,3890,225
34.91,3828,221
35.65,3719,220
36.38,3625,220
37.12,3532,222
37.86,3438,221
38.60,3361,222
39.33,3267,221
40.07,3205,221
40.81,3127,222
41.55,3064,223
42.28,3018,223
43.02,2940,225
43.81,2893,224
44.64,2831,223
45.47,2784,225
46.30,2737,225
47.13,2675,225
47.96,2644,226
48.79,2581,225
49.62,2550,226
50.45,2519,225
51.28,2488,226
52.11,2441,227
52.94,2410,227
53.73,2379,226
54.52,2332,228
55.32,2316,229
56.11,2285,226
56.90,2254,228
57.70,2223,228
58.49,2192,229
59.29,2176,231
60.08,2145,230
60.87,2129,229
61.67,2098,230
62.46,2082,232
63.25,2051,230
64.02,2036,229
64.78,2020,230
65.55,2005,230
66.32,1989,230
67.09,1958,230
67.85,1942,231
68.62,1942,232
69.39,1927,228
70.16,1911,229
70.92,1895,232
71.69,1880,229
72.44,1864,230
73.23,1849,229
74.03,1849,226
74.82,1833,229
75.61,1818,230
76.41,1802,231
77.20,1802,228
78.00,1786,230
78.79,1771,229
79.58,1771,230
80.38,1771,231
81.17,1755,229
81.96,1755,230
82.73,898,227
83.51,882,235
84.28,882,234
85.05,898,232
85.83,929,227
86.60,1023,238
87.38,1023,225
88.15,914,225
88.92,898,235
89.70,898,237
90.47,898,240
91.27,898,240
92.04,898,238
92.80,898,238
93.57,914,233
94.34,945,239
95.10,945,241
95.87,945,241
96.63,960,240
97.40,976,235
98.17,1054,234
98.93,1085,232
99.70,1085,239
100.46,1069,239
101.25,1069,238
102.05,1116,234
102.84,1132,238
103.63,1178,225
104.43,1693,229
105.22,1693,233
106.02,1677,231
106.81,1693,238
107.60,1708,234
108.40,1708,234
109.19,1708,232
110.02,1724,232
110.86,1724,226
111.70,1724,218
112.55,1740,232
113.39,1740,226
114.23,1755,232
115.07,1755,231
115.91,1771,232
116.75,1771,229
117.60,1786,230
118.44,1786,230
119.28,1802,229
120.08,1802,230
120.86,1818,226
121.64,1833,230
122.42,1833,231
123.20,1849,230
123.98,1864,231
124.76,1880,231
125.54,1895,217
126.32,1412,221
127.10,1397,220
127.88,1381,221
128.66,1366,220
129.41,1350,221
130.20,1334,222
131.00,1319,222
131.79,1303,223
132.58,1288,222
133.38,1272,222
134.17,1256,220
134.97,1241,221
135.76,1241,221
136.55,1225,222
137.35,1210,224
138.14,1194,222
138.97,1194,220
139.80,1225,220
140.62,1256,220
141.45,1288,218
142.28,1225,214
143.10,1366,211
143.93,1366,214
144.75,105,215
145.58,97,220
146.41,108,220
147.23,99,225
148.06,94,227
148.89,92,228
149.68,91,229
150.47,90,230
151.26,90,228
152.05,97,227
152.84,93,222
153.63,91,222
154.42,83,222
155.21,86,226
156.00,88,228
156.79,81,234
157.58,78,233
158.33,76,235
159.13,75,235
159.92,75,230
160.72,75,226
161.52,75,226
162.32,75,225
163.11,75,226
163.91,75,234
164.71,75,240
165.51,75,242
166.30,67,245
167.10,63,247
167.92,61,244
168.69,60,244
169.46,60,244
170.23,60,245
171.00,60,243
171.77,67,244
172.55,63,244
173.32,61,245
174.09,68,245
174.86,71,241
175.63,73,242
176.40,74,246
177.19,74,245
177.99,74,244
178.78,74,242
179.58,74,242
180.38,74,241
181.17,74,244
181.97,74,243
182.76,74,241
183.56,74,232
184.36,74,231
185.15,82,229
185.95,93,228
186.71,84,226
187.53,87,231
188.36,81,235
189.18,85,229
190.00,87,217
190.82,88,212
191.65,104,211
192.47,89,210
193.29,89,174
194.11,773,190
194.94,820,216
195.76,758,216
196.52,773,227
197.33,758,228
198.13,711,227
198.94,695,227
199.75,664,225
200.55,664,225
201.36,633,225
202.16,586,220
202.97,555,217
203.78,539,218
204.58,539,223
205.39,524,230
206.22,508,223
207.01,500,229
207.80,496,230
208.59,486,233
209.38,473,233
210.17,466,228
210.96,463,231
211.75,454,227
212.54,310,230
213.33,310,227
214.12,372,224
214.91,394,213
215.67,446,193
216.47,424,216
217.28,420,215
218.08,296,216
218.88,289,225
219.68,292,227
220.49,280,234
221.29,281,223
222.09,372,227
222.89,379,229
223.70,383,232
224.50,392,232
225.29,397,233
226.11,392,233
226.92,389,233
227.74,380,233
228.56,383,234
229.37,385,235
230.19,378,232
231.00,375,236
231.82,373,235
232.64,372,233
233.45,361,234
234.27,355,233
235.06,363,232
235.86,356,237
236.65,346,235
237.45,341,237
238.25,339,234
239.05,338,235
239.84,337,237
240.64,337,233
241.44,337,234
242.24,330,236
243.03,326,236
243.83,324,235
244.62,323,234
245.37,323,236
246.13,323,236
246.88,323,236
247.63,323,235
248.39,323,236
249.14,316,236
249.90,313,236
250.65,318,237
251.40,314,238
252.16,312,237
252.91,311,237
253.67,310,236
254.49,310,237
255.30,310,239
256.12,310,239
256.94,310,238
257.75,310,239
258.57,310,238
259.38,310,238
260.20,310,240
261.02,310,239
261.83,310,240
262.65,310,238
263.44,310,239
264.23,310,240
265.03,310,237
265.82,303,235
266.61,299,237
267.41,297,237
268.20,303,239
269.00,306,237
269.79,308,236
270.58,309,237
271.38,309,237
272.17,309,238
272.92,309,238
273.72,309,238
274.52,309,237
275.32,316,235
276.12,319,236
276.92,321,237
277.72,315,237
278.52,319,237
279.32,321,237
280.12,322,237
280.92,322,236
281.72,329,236
282.44,333,237
283.24,335,235
284.03,342,223
284.83,357,218
285.63,347,219
286.43,342,221
287.22,332,224
288.02,327,223
288.82,325,229
289.62,324,225
290.41,323,230
291.21,316,230
292.00,319,230
292.82,314,234
293.63,318,233
294.45,307,232
295.27,308,233
296.08,302,235
296.90,285,229
297.71,290,226
298.53,175,224
299.35,182,226
300.16,185,228
300.98,200,221
301.77,283,229
302.57,283,235
303.38,283,236
304.18,243,229
304.98,222,238
305.78,212,239
306.59,200,229
307.39,201,234
308.19,208,231
308.99,269,232
309.80,282,236
310.60,296,236
311.36,303,233
312.16,306,231
312.95,314,230
313.75,318,223
314.55,387,215
315.34,446,174
316.14,5979,214
316.93,6229,216
317.73,6151,221
318.53,6104,222
319.32,5995,218
320.12,5964,221
320.95,555,214
321.74,555,226
322.53,5839,214
323.32,5792,222
324.11,5761,223
324.90,571,218
325.69,571,229
326.48,555,232
327.27,540,215
328.06,540,217
328.85,540,216
329.64,283,213
330.44,283,216
331.26,276,215
332.07,279,223
332.89,274,225
333.70,278,227
334.52,280,228
335.33,281,216
336.15,295,119
336.96,5247,218
337.78,5231,222
338.59,5215,223
339.41,5215,221
340.21,5215,222
341.01,5231,220
341.80,5247,220
342.60,5309,220
343.40,5356,218
344.19,5418,212
344.99,5044,211
345.78,4982,216
346.58,4982,164
347.38,4919,214
348.17,4841,213
348.97,4857,213
349.73,60,54
350.49,4888,215
351.25,4966,126
352.01,5153,217
352.77,5231,219
353.53,5402,224
354.29,5340,223
355.05,5293,221
355.81,5231,222
356.57,5184,223
357.33,5122,219
358.09,5075,221
358.92,5028,221
359.69,4982,223
0.47,5013,220
1.24,5137,220
2.01,5169,223
2.79,5137,212
3.56,5106,177
4.34,5044,93
5.11,5013,180
5.88,4950,142
6.66,4873,217
7.43,4873,218
8.22,4857,215
9.02,45,77
9.81,52,77
10.61,6525,212
11.41,6509,116
12.21,135,80
13.00,90,80
13.80,90,64
14.60,4561,220
15.40,4545,226
16.19,4530,222
16.99,6244,212
17.74,6213,210
18.50,45,58
19.27,45,54
20.03,75,45
20.80,97,67
21.56,86,71
22.33,80,61
23.09,4358,214
23.86,4031,224
24.62,4015,225
25.39,4015,225
26.15,3984,223
26.94,3969,223
27.73,3969,223
28.53,3953,223
29.32,3937,223
30.11,3937,224
30.91,3922,224
31.70,3906,224
32.50,3906,224
33.29,3891,225
34.08,3891,227
34.88,3797,219
35.67,3688,221
36.46,3610,220
37.24,3517,221
38.02,3439,222
38.80,3345,223
39.58,3267,222
40.36,3189,222
41.14,3127,222
41.92,3049,223
42.70,3002,223
43.48,2940,223
44.26,2878,222
45.04,2831,224
45.80,2784,225
46.59,2722,225
47.38,2675,225
48.17,2628,225
48.96,2597,226
49.75,2550,225
50.54,2503,225
51.33,2472,227
52.12,2441,228
52.91,2394,226
53.70,2379,227
54.49,2332,228
55.28,2301,227
56.07,2270,228
56.87,2254,229
57.66,2223,230
58.45,2192,228
59.25,2161,229
60.04,2145,230
60.84,2129,230
61.63,2098,230
62.42,2083,230
63.22,2051,230
64.01,2036,229
64.80,2020,230
65.59,2005,230
66.38,1989,229
67.17,1958,231
67.96,1942,230
68.75,1927,229
69.54,1911,230
70.33,1896,230
71.12,1896,232
71.91,1880,227
72.70,1864,230
73.49,1849,228
74.28,1849,224
75.03,1833,229
75.79,1818,230
76.54,1802,228
77.30,1802,231
78.05,1787,232
78.81,1771,229
79.56,1771,230
80.32,1755,232
81.07,1755,229
81.83,1755,223
82.58,898,230
83.33,883,235
84.12,883,232
84.92,898,232
85.71,976,228
86.50,1023,238
87.30,1038,222
88.09,914,227
88.89,898,234
89.68,898,239
90.47,898,238
91.27,898,239
92.06,898,239
92.89,898,238
93.66,945,235
94.44,945,242
95.21,945,240
95.98,945,241
96.76,960,242
97.53,976,232
98.31,1054,234
99.08,1085,235
99.85,1085,241
100.63,1070,241
101.40,1085,237
102.19,1116,235
102.99,1132,236
103.78,1194,223
104.58,1693,229
105.38,1693,232
106.17,1662,233
106.97,1693,238
107.76,1709,234
108.56,1709,234
109.36,1709,233
110.15,1724,234
110.95,1724,224
111.75,1724,221
112.59,1740,231
113.43,1755,224
114.27,1740,231
115.11,1755,231
115.95,1771,231
116.78,1771,231
117.62,1787,231
118.46,1787,231
119.30,1802,230
120.14,1802,231
120.98,1818,224
121.81,1833,230
122.60,1849,231
123.39,1849,231
124.18,1864,232
124.97,1880,234
125.76,1428,216
126.55,1412,222
127.34,1397,222
128.13,1381,221
128.92,1366,222
129.71,1350,222
130.50,1319,223
131.29,1319,222
132.09,1303,221
132.88,1288,222
133.68,1272,221
134.48,1257,222
135.27,1241,223
136.07,1225,222
136.86,1225,222
137.66,1210,223
138.46,1194,221
139.25,1194,222
140.05,1225,219
140.81,1257,220
141.61,1288,220
142.41,1210,216
143.21,1319,213
144.01,1412,214
144.81,105,217
145.61,97,220
146.41,108,223
147.21,106,222
148.01,98,227
148.81,94,229
149.61,84,230
150.44,87,229
151.23,81,229
152.01,85,225
152.80,87,224
153.59,88,223
154.37,96,221
155.16,93,226
155.94,84,230
156.73,79,232
157.52,77,235
158.30,76,235
159.09,75,231
159.88,75,228
160.68,75,227
161.48,75,225
162.28,75,224
163.08,75,228
163.88,75,236
164.68,75,240
165.48,67,243
166.28,63,244
167.08,69,247
167.88,64,246
168.68,62,244
169.44,61,246
170.25,60,244
171.05,60,244
171.86,60,244
172.67,60,247
173.47,60,243
174.28,67,241
175.08,71,241
175.89,73,243
176.70,74,245
177.50,67,244
178.31,71,241
179.10,73,241
179.90,74,241
180.70,74,245
181.50,74,243
182.30,74,240
183.10,74,238
183.90,74,233
184.70,82,231
185.50,93,226
186.30,91,228
187.10,90,227
187.90,90,230
188.69,82,235
189.49,86,223
190.29,95,217
191.09,115,211
191.89,118,212
192.69,127,210
193.49,116,203
194.29,742,161
195.09,805,218
195.89,774,217
196.69,758,229
197.49,727,229
198.25,711,229
199.07,696,226
199.89,664,225
200.71,664,219
201.53,633,224
202.35,571,223
203.16,587,215
203.98,540,217
204.80,524,224
205.62,524,227
206.44,509,228
207.26,501,227
208.06,497,231
208.85,487,232
209.64,474,234
210.43,460,231
211.22,453,232
212.01,442,223
212.80,310,232
213.59,310,227
214.38,323,222
215.17,387,210
215.96,402,211
216.75,402,216
217.40,416,215
218.19,296,217
218.98,289,224
219.77,286,233
220.56,284,236
221.35,337,223
222.14,387,228
222.93,387,228
223.72,387,231
224.51,394,233
225.30,398,234
226.09,392,231
226.84,389,233
227.65,388,236
228.46,387,235
229.27,387,233
230.08,379,233
230.89,375,233
231.70,373,231
232.51,372,232
233.32,361,233
234.13,355,233
234.94,352,232
235.75,351,233
236.51,344,233
237.30,340,235
238.09,338,234
238.88,337,237
239.67,337,236
240.46,337,236
241.25,337,235
242.04,330,236
242.83,326,234
243.62,324,236
244.41,323,236
245.20,323,235
246.06,323,236
246.82,316,235
247.58,319,236
248.34,314,238
249.10,312,237
249.86,317,236
250.63,313,236
251.39,311,238
252.15,310,238
252.91,310,238
253.67,310,237
254.43,310,238
255.18,310,238
256.00,310,236
256.83,310,238
257.65,310,238
258.47,310,241
259.29,310,239
260.12,310,239
260.94,310,239
261.76,310,241
262.58,310,238
263.41,310,235
264.23,310,239
265.03,310,237
265.82,310,238
266.62,310,236
267.41,310,237
268.20,303,236
268.99,306,240
269.79,308,236
270.58,309,239
271.37,309,235
272.16,316,238
272.96,313,235
273.75,304,238
274.55,307,236
275.35,308,237
276.15,315,237
276.95,319,238
277.75,321,236
278.55,322,235
279.34,322,236
280.14,316,239
280.94,319,238
281.74,321,238
282.54,329,234
283.34,333,230
284.17,387,222
285.01,379,219
285.84,364,218
286.68,350,223
287.52,343,225
288.35,340,226
289.19,331,227
290.02,320,226
290.86,328,229
291.70,332,231
292.53,321,231
293.37,308,230
294.09,309,235
294.89,309,235
295.68,296,233
296.48,296,232
297.28,283,230
298.07,276,226
298.87,202,225
299.66,195,228
300.46,192,227
301.26,217,222
302.05,283,232
302.85,283,236
303.65,283,235
304.45,216,230
305.25,209,239
306.05,199,238
306.85,194,229
307.65,198,233
308.44,207,229
309.24,296,231
310.04,296,234
310.84,303,235
311.64,306,232
312.44,308,232
313.27,315,230
314.06,326,223
314.86,349,215
315.65,461,126
316.44,5995,216
317.24,6213,220
318.03,6135,219
318.83,6088,220
319.62,5964,219
320.41,5995,217
321.21,555,219
322.00,555,227
322.79,5839,218
323.59,5792,220
324.38,5745,223
325.18,571,223
325.98,571,229
326.78,555,224
327.57,540,215
328.37,540,218
329.17,540,213
329.97,283,214
330.76,283,215
331.56,283,220
332.35,283,224
333.15,283,227
333.94,283,228
334.74,283,226
335.54,283,213
336.33,5247,158
337.13,5231,220
337.92,5215,223
338.72,5200,224
339.52,5200,223
340.31,5215,221
341.11,5231,219
341.90,5262,220
342.69,5325,218
343.49,5371,219
344.28,5434,193
345.07,5028,216
345.87,4997,214
346.66,4966,142
347.46,4904,213
348.25,4841,216
349.04,4826,210
349.84,135,77
350.63,4888,214
351.42,5137,96
352.15,5137,220
352.88,5262,216
353.60,5387,225
354.33,5340,223
355.06,5278,222
355.79,5215,222
356.52,5153,223
357.25,5122,220
357.97,5060,221
358.70,5013,221
359.43,4982,221
0.18,5044,219
1.01,5184,220
1.84,5153,222
2.67,5122,211
3.50,5075,126
4.33,5044,116
5.16,4997,164
5.99,4950,155
6.82,4872,216
7.65,4857,220
8.48,4857,212
9.31,60,74
10.10,75,71
10.89,6524,211
11.68,135,84
12.47,90,67
13.26,75,87
14.05,75,74
14.84,4561,223
15.63,4545,226
16.42,4529,219
17.21,6244,212
18.00,6213,193
18.79,105,54
19.62,75,77
20.37,75,58
21.13,105,45
21.88,82,61
22.63,71,58
23.39,4342,216
24.14,4031,224
24.90,4015,224
25.65,4000,223
26.40,3984,225
27.16,3968,223
27.91,3953,224
28.67,3953,224
29.46,3937,224
30.26,3922,226
31.05,3922,225
31.84,3906,225
32.64,3906,225
33.43,3890,225
34.23,3890,228
35.02,3797,219
35.81,3688,220
36.61,3594,219
37.40,3501,221
37.97,3423,223
38.76,3329,221
39.55,3267,222
40.34,3189,222
41.13,3127,222
41.92,3049,223
42.71,3002,223
43.50,2924,224
44.29,2877,225
45.08,2831,225
45.87,2768,225
46.66,2722,225
47.46,2675,227
48.29,2628,225
49.11,2581,226
49.94,2534,226
50.76,2503,226
51.59,2472,227
52.41,2441,227
53.24,2410,226
54.06,2363,227
54.89,2332,226
55.71,2301,227
56.54,2270,229
57.30,2254,228
58.09,2223,229
58.89,2192,229
59.68,2160,229
60.47,2145,229
61.27,2114,230
62.06,2098,229
62.86,2082,229
63.65,2051,232
64.44,2036,230
65.24,2020,229
66.03,2005,231
66.86,1973,232
67.61,1958,231
68.35,1942,229
69.10,1927,231
69.85,1911,230
70.60,1895,232
71.34,1895,231
72.09,1880,231
72.84,1864,228
73.59,1849,229
74.33,1849,224
75.08,1833,230
75.87,1818,230
76.62,1802,229
77.37,1802,230
78.12,1786,230
78.87,1771,230
79.62,1771,229
80.38,1755,229
81.13,1755,229
81.88,1755,222
82.63,898,230
83.38,882,232
84.13,898,234
84.88,898,233
85.68,976,230
86.47,1023,238
87.27,1038,218
88.07,914,231
88.87,898,236
89.66,882,239
90.46,898,239
91.26,898,240
92.06,898,239
92.85,898,236
93.65,929,234
94.40,945,242
95.20,945,243
96.01,945,241
96.81,976,241
97.61,991,234
98.42,1054,236
99.22,1085,236
100.03,1085,241
100.83,1069,240
101.63,1069,237
102.44,1132,235
103.24,1132,239
104.03,1194,221
104.83,1693,232
105.64,1693,235
106.44,1693,233
107.24,1693,238
108.04,1708,234
108.85,1708,233
109.65,1708,234
110.45,1724,231
111.25,1724,222
112.06,1724,222
112.86,1740,231
113.66,1755,224
114.46,1755,232
115.25,1755,230
116.05,1771,231
116.85,1771,232
117.64,1786,231
118.44,1786,230
119.23,1802,231
120.03,1802,229
120.83,1818,225
121.62,1833,232
122.42,1833,230
123.18,1849,231
123.99,1864,231
124.79,1880,232
125.60,1895,216
126.41,1412,223
127.21,1397,221
128.02,1381,221
128.82,1366,221
129.63,1350,220
130.44,1334,222
131.24,1303,222
132.05,1288,223
132.84,1272,221
133.63,1272,223
134.43,1256,223
135.22,1241,222
136.01,1225,222
136.81,1225,223
137.60,1210,222
138.40,1194,222
139.19,1194,222
139.98,1225,219
140.78,1256,220
141.57,1288,218
142.47,1210,214
143.26,1350,213
144.06,1397,212
144.85,90,216
145.64,90,219
146.43,97,221
147.23,101,224
148.02,95,230
148.81,92,227
149.60,91,229
150.40,90,230
151.19,90,229
151.99,90,230
152.82,97,224
153.66,93,222
154.49,1537,221
155.32,90,223
156.15,90,229
156.99,82,232
157.82,78,235
158.65,76,235
159.48,75,232
160.32,75,230
161.15,75,227
161.97,75,224
162.76,75,225
163.54,75,227
164.33,75,235
165.12,67,241
165.91,71,244
166.69,65,244
167.48,62,247
168.27,68,245
169.06,64,244
169.84,62,246
170.63,61,244
171.46,68,243
172.25,71,243
173.04,65,245
173.83,62,244
174.62,68,240
175.41,71,243
176.20,73,245
176.99,66,245
177.78,70,245
178.57,72,241
179.36,73,239
180.15,74,244
180.94,82,242
181.76,78,241
182.58,76,241
183.40,75,236
184.22,75,232
185.04,75,232
185.86,82,229
186.68,86,227
187.50,80,228
188.32,77,234
189.14,83,232
189.96,86,221
190.75,88,214
191.54,81,212
192.34,85,211
193.13,617,174
193.92,75,206
194.72,773,211
195.51,804,215
196.31,773,223
197.10,742,230
197.89,727,230
198.69,711,227
199.48,680,226
200.27,664,226
201.05,649,220
201.82,633,224
202.60,571,223
203.38,586,212
204.15,539,221
204.93,524,225
205.70,508,225
206.48,508,224
207.26,500,227
208.03,496,231
208.81,486,232
209.57,473,229
210.36,466,231
211.15,456,232
211.94,310,222
212.73,310,229
213.52,310,228
214.31,323,220
215.10,387,184
215.89,394,213
216.68,412,217
217.47,407,212
218.26,296,219
219.09,289,222
219.88,286,236
220.68,277,232
221.47,337,226
222.26,387,229
223.06,387,228
223.85,387,232
224.65,394,232
225.44,398,232
226.23,392,233
227.03,389,233
227.82,388,234
228.61,378,235
229.43,382,234
230.24,375,233
231.06,371,232
231.88,369,230
232.69,368,233
233.51,368,231
234.32,359,234
235.14,354,236
235.96,352,233
236.77,344,233
237.59,340,233
238.34,338,232
239.13,337,236
239.93,337,235
240.72,337,234
241.51,337,234
242.31,330,237
243.10,326,233
243.90,324,234
244.69,323,236
245.48,323,234
246.28,323,235
247.07,323,235
247.76,323,235
248.55,316,235
249.34,313,236
250.13,304,237
250.92,307,237
251.71,308,233
252.50,302,237
253.29,306,239
254.08,308,238
254.87,309,238
255.66,302,236
256.45,299,236
257.20,297,237
257.99,303,237
258.79,306,239
259.58,308,239
260.37,309,239
261.17,309,239
261.96,309,236
262.76,302,237
263.55,306,237
264.34,308,238
265.14,309,238
265.93,309,240
266.69,309,240
267.49,309,234
268.28,302,235
269.08,306,237
269.88,308,238
270.67,309,236
271.47,309,238
272.26,309,238
273.06,309,238
273.86,309,238
274.65,316,238
275.45,319,236
276.24,321,238
277.07,322,237
277.91,322,238
278.74,316,235
279.57,319,236
280.40,314,237
281.24,318,235
282.07,314,235
282.90,325,235
283.73,331,228
284.57,387,219
285.40,377,218
286.23,357,222
287.03,347,220
287.83,328,227
288.63,332,225
289.43,334,228
290.23,335,230
291.03,336,229
291.83,329,232
292.63,326,232
293.43,324,232
294.23,317,235
295.03,313,231
295.82,298,233
296.62,304,232
297.41,286,230
298.21,277,224
299.01,189,223
299.80,189,229
300.60,189,225
301.39,269,224
302.19,269,232
302.99,276,236
303.78,279,236
304.58,215,233
305.34,208,237
306.13,198,235
306.91,200,232
307.70,207,229
308.49,224,228
309.27,296,235
310.06,296,234
310.84,303,234
311.63,306,233
312.42,314,231
313.20,318,228
313.99,327,220
314.82,402,214
315.61,90,87
316.41,6010,214
317.20,6197,220
317.99,6135,221
318.79,6072,221
319.58,5963,219
320.38,5979,217
321.17,555,219
321.96,555,226
322.76,5823,219
323.55,5792,221
324.34,5745,221
325.13,571,228
325.93,571,230
326.72,555,221
327.51,539,214
328.31,539,216
329.10,539,210
329.90,269,214
330.69,276,215
331.48,272,221
332.28,277,224
333.07,280,227
333.86,281,228
334.67,282,224
335.47,282,211
336.28,5246,193
337.09,5231,220
337.89,5215,222
338.70,5215,223
339.50,5215,222
340.31,5215,221
341.12,5246,220
341.92,5262,220
342.73,5309,220
343.52,5387,218
344.31,5418,84
345.10,5013,215
345.89,4981,217
346.68,4935,161
347.47,4904,213
348.26,4841,218
349.05,4841,145
349.84,4841,122
350.63,4888,214
351.42,5137,151
352.21,5137,219
352.50,5402,216
353.29,5387,223
354.09,5324,223
354.88,5262,221
355.67,5215,220
356.47,5137,222
357.26,5106,220
358.06,5059,221
358.85,5013,220
359.64,4981,222
0.44,5044,217
1.23,5184,223
2.02,5153,224
2.81,5121,211
3.61,30,119
4.40,5028,106
5.19,4981,142
5.99,4934,210
6.78,4841,218
7.58,4856,223
8.37,4856,210
9.16,30,77
9.96,37,93
10.75,6524,212
11.50,105,71
12.29,97,71
13.09,78,64
13.88,4607,100
14.67,4560,221
15.47,4545,224
16.26,4529,219
17.06,6244,213
17.85,6228,171
18.64,45,77
19.44,37,71
20.23,56,51
21.02,73,48
21.78,59,67
22.55,74,38
23.31,4342,214
24.07,4030,224
24.84,4015,224
25.60,3999,223
26.37,3984,224
27.13,3968,225
27.89,3968,222
28.66,3952,224
29.42,3937,223
30.22,3921,222
30.97,3906,223
31.72,3906,223
32.47,3906,225
33.22,3890,226
33.97,3890,227
34.73,3797,219
35.48,3688,222
36.23,3594,220
36.98,3500,221
37.73,3423,221
38.48,3329,221
39.23,3251,222
40.02,3189,221
40.82,3111,221
41.61,3049,223
42.40,2986,223
43.20,2924,223
43.99,2877,223
44.79,2815,224
45.58,2768,224
46.37,2721,225
47.17,2674,224
47.96,2628,226
48.79,2581,226
49.58,2550,224
50.36,2503,226
51.15,2472,225
51.94,2441,228
52.72,2394,227
53.51,2363,226
54.29,2332,229
55.08,2300,227
55.87,2269,229
56.65,2254,228
57.44,2207,229
58.24,2191,228
59.08,2160,228
59.91,2145,228
60.75,2113,231
61.58,2082,230
62.42,2067,229
63.25,2051,231
64.09,2035,231
64.92,2020,230
65.76,1989,231
66.59,1989,231
67.43,1957,230
68.19,1942,230
68.98,1926,228
69.78,1911,229
70.57,1895,230
71.36,1880,231
72.15,1864,230
72.95,1864,229
73.74,1848,229
74.53,1833,224
75.32,1833,228
76.12,1817,229
76.91,1802,228
77.71,1802,230
78.44,1786,230
79.18,1770,229
79.91,1770,229
80.64,1755,230
81.38,1755,230
82.11,1755,218
82.85,898,229
83.58,882,233
84.31,882,234
85.05,898,232
85.78,976,230
86.58,1022,236
87.38,1038,217
88.17,898,228
88.97,898,234
89.77,898,241
90.56,898,238
91.36,898,242
92.15,898,237
92.95,898,234
93.75,944,234
94.54,944,240
95.34,944,240
96.09,944,241
96.92,976,242
97.76,1007,232
98.59,1053,233
99.42,1085,235
100.25,1085,242
101.09,1069,238
101.92,1085,236
102.75,1116,237
103.58,1147,234
104.42,1194,218
105.25,1693,232
106.08,1693,232
106.84,1661,232
107.60,1693,236
108.36,1708,236
109.12,1708,234
109.88,1708,232
110.65,1724,232
111.41,1724,218
112.17,1724,222
112.93,1739,231
113.69,1755,224
114.45,1755,233
115.24,1755,232
116.03,1770,231
116.83,1770,230
117.62,1786,230
118.41,1786,230
119.21,1802,231
120.00,1817,230
120.80,1817,225
121.59,1833,232
122.38,1848,232
123.18,1864,232
123.97,1864,229
124.76,1880,231
125.58,1428,217
126.40,1412,221
127.22,1396,221
128.04,1381,220
128.86,1365,221
129.68,1334,222
130.50,1334,221
131.32,1303,222
132.14,1287,223
132.96,1272,222
133.78,1272,222
134.57,1256,220
135.39,1241,222
136.20,1225,221
137.02,1209,221
137.84,1209,223
138.65,1194,223
139.47,1194,220
140.28,1225,220
141.10,1256,218
141.92,1287,218
142.73,1194,218
143.55,1350,214
144.31,90,213
145.11,90,216
145.90,97,221
146.70,93,223
147.50,91,226
148.29,90,228
149.09,90,228
149.88,90,231
150.68,90,229
151.48,90,229
152.27,90,228
153.07,90,224
153.82,90,222
154.60,97,223
155.39,86,225
156.17,95,228
156.95,92,231
157.74,91,233
158.52,83,233
159.31,79,230
160.09,77,232
160.87,76,227
161.66,75,228
162.44,75,223
163.20,75,230
163.99,75,236
164.79,75,243
165.58,75,244
166.37,67,243
167.16,63,246
167.96,61,247
168.75,60,244
169.54,60,244
170.33,60,242
171.13,60,243
171.92,60,243
173.12,60,246
173.91,67,245
174.71,71,240
175.50,65,240
176.29,70,244
177.08,72,243
177.88,73,241
178.67,74,243
179.46,74,240
180.25,74,243
181.05,74,243
181.84,74,243
182.63,74,241
183.48,74,237
184.33,82,231
185.18,78,229
186.03,84,226
186.88,87,225
187.72,81,230
188.57,78,235
189.42,84,231
190.27,79,218
191.12,84,211
191.97,79,210
192.73,84,210
193.52,109,210
194.32,69,177
195.11,835,214
195.90,773,214
196.69,757,225
197.49,757,230
198.28,726,229
199.07,695,226
199.86,679,225
200.66,664,225
201.45,648,221
202.25,602,223
203.03,570,221
203.80,555,214
204.58,539,219
205.36,524,226
206.13,508,226
206.91,508,226
207.68,500,227
208.46,488,231
209.24,482,233
210.01,471,233
210.79,458,228
211.59,451,232
212.37,309,225
213.15,309,227
213.93,316,222
214.71,401,216
215.49,408,177
216.27,412,214
217.05,414,218
217.83,336,212
218.61,282,222
219.39,282,223
220.17,282,234
220.89,282,225
221.69,387,228
222.48,387,228
223.28,394,230
224.08,397,232
224.87,399,232
225.67,381,234
226.46,384,232
227.26,385,236
228.06,374,237
228.85,368,234
229.65,365,232
230.45,364,232
231.24,363,231
232.03,363,234
232.82,356,234
233.61,353,235
234.40,351,234
235.19,350,233
235.98,350,233
236.77,343,236
237.56,346,231
238.35,341,236
239.14,338,235
239.93,337,234
240.71,336,235
241.48,329,237
242.26,326,236
243.04,324,235
243.82,323,235
244.59,323,236
245.37,323,235
246.15,323,237
246.93,323,239
247.70,323,237
248.48,323,237
249.27,316,238
250.06,312,237
250.85,310,238
251.64,309,236
252.43,309,239
253.22,309,240
254.01,309,238
254.80,309,238
255.59,309,237
256.38,309,239
257.17,309,237
257.96,302,241
258.82,305,234
259.61,307,239
260.39,308,239
261.18,302,238
261.97,305,238
262.76,307,238
263.54,308,239
264.33,308,237
265.12,308,237
265.91,308,238
266.69,302,238
267.48,305,237
268.24,307,236
269.08,308,237
269.91,308,236
270.75,308,238
271.58,308,237
272.42,308,237
273.25,315,237
274.09,312,235
274.92,310,238
275.76,316,236
276.59,319,236
277.43,321,234
278.22,322,237
279.02,322,237
279.81,315,234
280.61,319,237
281.41,321,237
282.20,322,238
283.00,322,236
283.79,329,227
284.59,346,221
285.39,354,219
286.18,345,220
286.98,347,221
287.74,341,226
288.55,338,223
289.35,330,226
290.16,326,229
290.97,317,233
291.77,320,233
292.58,321,229
293.38,308,232
294.19,308,236
295.00,302,233
295.80,305,232
296.61,307,231
297.44,294,231
298.23,288,223
299.02,188,225
299.81,188,228
300.60,188,226
301.39,282,226
302.18,282,231
302.97,282,234
303.76,282,238
304.55,215,233
305.34,208,239
306.13,198,234
306.89,193,230
307.68,204,233
308.48,223,229
309.27,296,235
310.06,296,235
310.85,302,235
311.65,305,235
312.44,307,232
313.23,315,228
314.02,332,220
314.82,431,214
315.61,5963,126
316.37,6010,215
317.16,6197,218
317.96,6135,219
318.75,6088,219
319.54,5963,219
320.34,5979,217
321.13,555,219
321.93,555,226
322.72,5823,219
323.51,5776,221
324.31,5745,221
325.10,570,225
325.92,570,231
326.71,555,225
327.49,539,215
328.28,539,220
329.07,539,213
329.86,282,215
330.64,282,215
331.43,282,216
332.22,282,222
333.01,275,226
333.79,278,229
334.58,280,224
335.41,281,213
336.23,5246,210
337.05,5231,220
337.87,5215,223
338.69,5199,223
339.51,5199,221
340.32,5215,223
341.14,5246,220
341.96,5277,220
342.78,5324,219
343.60,5371,219
344.42,5418,109
345.18,5012,215
345.94,4966,217
346.71,4919,168
347.47,4888,213
348.23,4856,216
349.00,4841,155
349.76,4888,100
350.53,4903,213
351.29,5137,138
352.05,5168,219
352.82,5402,216
353.58,5386,223
354.41,5324,220
355.20,5262,221
355.99,5199,221
356.78,5153,221
357.57,5106,221
358.36,5044,220
359.15,5012,222
359.94,4966,220
0.73,5044,219
1.52,5184,222
2.31,5153,222
3.10,5106,211
3.89,5137,96
4.65,5044,142
5.41,5012,158
6.17,4934,190
6.93,4856,218
7.69,4872,222
8.46,4856,197
9.22,75,84
9.98,90,119
10.74,6524,213
11.50,75,74
12.26,90,61
13.05,67,48
13.84,4607,126
14.63,4560,223
15.42,4545,225
16.21,4529,217
17.00,6244,212
17.79,6212,174
18.58,75,77
19.37,105,64
20.16,120,54
20.95,112,71
21.74,93,42
22.47,61,74
23.26,4358,215
24.05,4030,223
24.84,4015,224
25.63,3999,224
26.42,3984,224
27.21,3968,224
28.00,3952,225
28.79,3952,224
29.58,3937,224
30.37,3921,225
31.16,3906,224
31.95,3906,224
32.74,3890,225
33.52,3890,226
34.31,3875,227
35.10,3781,218
35.88,3672,219
36.67,3594,220
37.45,3500,220
38.24,3407,222
39.03,3329,220
39.81,3251,220
40.60,3189,221
41.40,3111,221
42.19,3033,221
42.99,2971,222
43.78,2908,223
44.57,2861,223
45.36,2815,224
46.16,2768,224
46.95,2706,225
47.74,2659,224
48.53,2612,225
49.33,2581,226
50.12,2534,226
50.95,2503,226
51.74,2456,227
52.53,2425,227
53.32,2394,227
54.11,2363,225
54.90,2316,228
55.69,2300,228
56.48,2269,228
57.27,2238,229
58.06,2207,228
58.85,2191,229
59.64,2160,229
60.47,2129,230
61.26,2113,229
62.04,2082,230
62.83,2067,229
63.62,2051,230
64.41,2020,230
65.19,2004,231
65.98,1989,230
66.77,1973,229
67.56,1957,231
68.34,1942,230
69.13,1926,230
69.92,1911,230
70.72,1895,231
71.51,1880,229
72.31,1880,231
73.11,1864,230
73.90,1848,229
74.70,1817,223
75.49,1817,230
76.29,1817,229
77.09,1802,232
77.88,1786,230
78.68,1786,229
79.44,1770,231
80.20,1770,229
80.96,1755,231
81.72,1755,229
82.48,898,225
83.24,882,235
84.00,882,233
84.76,898,232
85.52,913,227
86.28,1007,237
87.04,1022,232
87.80,944,214
88.63,898,233
89.44,898,238
90.26,898,239
91.07,882,238
91.88,882,240
92.70,882,238
93.51,913,230
94.33,944,237
95.14,944,242
95.95,944,243
96.77,960,242
97.58,976,238
98.26,1038,233
99.06,1069,234
99.85,1100,238
100.65,1069,241
101.45,1069,240
102.24,1100,232
103.04,1131,239
103.83,1147,228
104.63,1661,224
105.43,1693,232
106.22,1693,233
107.02,1693,237
107.78,1693,233
108.58,1708,234
109.39,1708,230
110.19,1724,232
110.99,1724,232
111.79,1412,222
112.60,1739,230
113.40,1739,227
114.20,1739,229
115.00,1755,231
115.81,1755,231
116.61,1770,231
117.41,1786,229
118.20,1786,229
119.00,1786,231
119.79,1802,230
120.58,1817,225
121.37,1833,230
122.17,1833,231
122.96,1848,231
123.75,1864,231
124.54,1880,233
125.34,1895,225
126.13,1428,222
126.92,1396,221
127.72,1396,220
128.53,1365,220
129.33,1350,221
130.13,1334,220
130.94,1318,221
131.74,1303,222
132.55,1287,222
133.35,1272,221
134.15,1256,221
134.96,1256,221
135.76,1241,223
136.55,1225,223
137.36,1209,220
138.16,1194,221
138.97,1194,221
139.78,1225,221
140.58,1256,219
141.39,1287,218
142.19,1272,215
143.00,1194,215
143.81,90,213
144.61,97,214
145.42,101,220
146.22,95,222
147.01,92,222
147.80,91,226
148.59,90,227
149.38,90,232
150.17,90,231
150.95,90,232
151.74,90,227
152.53,97,225
153.32,93,222
154.11,1537,220
154.90,90,224
155.70,90,226
156.52,90,232
157.34,82,233
158.16,78,232
158.98,76,233
159.80,75,228
160.61,82,229
161.43,78,223
162.25,76,224
163.07,68,225
163.89,71,233
164.71,73,239
165.47,74,241
166.28,67,245
167.09,63,247
167.90,61,246
168.71,60,246
169.52,67,246
170.33,63,245
171.14,61,243
171.95,60,244
172.76,67,243
173.57,63,246
174.38,69,243
175.17,72,239
175.96,73,241
176.75,74,244
177.54,67,243
178.33,63,241
179.12,69,241
179.91,72,237
180.70,73,240
181.49,74,242
182.28,74,241
183.07,74,238
183.86,82,235
184.69,78,229
185.46,84,230
186.24,87,227
187.01,81,226
187.78,78,231
188.56,76,237
189.33,83,227
190.11,86,219
190.88,88,212
191.65,81,211
192.43,78,211
193.20,69,171
193.99,773,180
194.78,804,216
195.58,773,213
196.37,757,225
197.16,757,229
197.96,711,227
198.75,695,227
199.55,664,227
200.34,664,222
201.13,633,223
201.93,586,223
202.72,570,219
203.48,539,216
204.27,539,220
205.06,524,228
205.85,508,227
206.64,492,226
207.43,492,229
208.21,484,233
209.00,480,230
209.79,470,230
210.58,465,232
211.37,455,230
212.16,309,227
213.03,309,231
213.83,329,224
214.64,401,215
215.44,416,211
216.24,416,214
217.05,423,217
217.85,336,213
218.66,316,224
219.46,299,225
220.26,290,235
221.07,286,224
221.87,363,228
222.62,363,230
223.42,375,232
224.22,388,231
225.02,394,233
225.82,397,233
226.62,392,233
227.42,377,232
228.22,370,234
229.02,378,233
229.82,370,234
230.62,366,236
231.42,364,232
232.18,363,235
232.97,356,233
233.76,353,233
234.55,351,235
235.34,343,233
236.13,339,234
236.92,337,235
237.71,336,237
238.50,336,233
239.29,336,236
240.08,336,236
240.87,336,234
241.70,329,234
242.46,332,234
243.21,327,237
243.97,325,236
244.73,324,236
245.49,323,234
246.24,323,235
247.00,316,236
247.76,312,235
248.52,310,235
249.27,309,238
250.03,309,232
250.78,309,237
251.58,309,238
252.38,309,237
253.18,309,238
253.98,309,238
254.78,309,238
255.58,309,238
256.38,309,238
257.18,309,239
257.98,309,239
258.78,309,240
259.58,309,239
260.30,309,240
261.13,309,240
261.95,309,238
262.78,309,238
263.61,309,237
264.43,309,236
265.26,309,237
266.08,309,235
266.91,302,241
267.74,305,236
268.56,307,239
269.39,308,237
270.15,308,238
270.94,308,238
271.72,308,238
272.51,308,238
273.30,308,237
274.08,308,237
274.87,315,235
275.65,319,237
276.44,321,237
277.23,322,236
278.01,322,237
278.80,322,237
279.63,322,236
280.42,322,237
281.22,322,237
282.01,329,236
282.80,332,237
283.59,341,232
284.39,352,220
285.18,357,219
285.97,346,219
286.76,341,223
287.56,325,224
288.35,330,226
289.15,333,225
289.96,334,231
290.76,328,231
291.57,318,231
292.38,320,228
293.18,321,234
293.99,322,233
294.79,309,234
295.60,309,233
296.41,295,234
297.21,288,231
298.02,285,226
298.81,188,224
299.64,188,229
300.47,188,225
301.30,269,226
302.13,275,232
302.96,278,236
303.79,273,235
304.62,215,232
305.45,208,238
306.28,198,235
307.11,200,233
307.94,207,236
308.76,269,226
309.55,282,234
310.34,295,237
311.13,302,231
311.92,305,232
312.71,314,232
313.50,318,229
314.29,327,221
315.08,431,214
315.87,454,103
316.66,6010,216
317.45,6197,219
318.25,6150,220
319.05,6088,220
319.84,5963,219
320.64,5963,217
321.44,555,220
322.23,555,227
323.03,5823,218
323.82,5776,221
324.62,5745,222
325.42,570,225
326.21,570,229
327.01,555,224
327.76,539,214
328.55,539,218
329.35,539,211
330.14,282,214
330.93,282,217
331.73,282,219
332.52,282,224
333.32,282,222
334.11,282,230
334.90,282,222
335.70,282,210
336.49,5246,210
337.28,5246,221
338.07,5215,223
338.85,5199,222
339.64,5215,221
340.43,5215,221
341.22,5231,221
342.00,5277,219
342.79,5324,219
343.58,5371,219
344.37,5449,96
345.15,5012,216
345.94,4966,217
346.73,4903,135
347.48,4903,213
348.23,4841,218
348.98,4825,119
349.73,4856,119
350.48,4903,213
351.24,5137,155
351.99,5153,220
352.74,5386,216
353.49,5387,224
354.24,5309,221
354.99,5262,223
355.78,5200,222
356.57,5153,221
357.37,5106,222
358.16,5044,221
358.95,5013,220
359.74,4981,221
0.54,5059,219
1.33,5184,224
2.12,5153,221
2.91,5122,211
3.71,5106,103
4.50,5013,135
5.30,4997,168
6.09,4935,211
6.88,4841,217
7.67,4857,221
8.46,4857,122
9.25,45,74
10.04,37,74
10.83,6524,212
11.62,75,71
12.41,60,71
13.20,60,58
13.99,4607,180
14.78,4545,224
15.57,4545,225
16.36,4529,214
17.15,6244,214
17.94,6213,116
18.73,75,54
19.53,90,61
20.32,105,48
21.11,67,67
21.90,71,48
22.69,4389,61
23.48,4342,214
24.27,4031,224
25.07,4015,226
25.86,4000,224
26.66,3984,224
27.46,3968,224
28.25,3953,224
29.05,3937,224
29.84,3937,225
30.64,3922,224
31.44,3922,224
32.23,3906,224
33.03,3890,224
33.82,3890,225
34.55,3859,226
35.28,3766,221
36.01,3657,219
36.74,3563,219
37.47,3454,221
38.21,3376,222
38.94,3298,221
39.67,3236,222
40.40,3158,221
41.13,3111,222
41.86,3033,223
42.66,2971,223
43.45,2909,223
44.25,2862,224
45.04,2799,224
45.83,2753,224
46.62,2706,226
47.42,2659,226
48.21,2612,225
49.00,2566,226
49.79,2534,226
50.59,2488,226
51.38,2457,227
52.61,2425,226
53.40,2379,227
54.20,2347,227
54.99,2316,227
55.78,2285,229
56.57,2270,229
57.37,2238,229
58.16,2207,228
58.95,2176,229
59.74,2160,230
60.54,2129,230
61.33,2114,231
62.16,2082,229
62.93,2067,231
63.71,2051,230
64.48,2020,230
65.25,2005,231
66.03,1989,232
66.80,1973,230
67.58,1958,230
68.35,1942,231
69.12,1927,231
69.90,1911,229
70.67,1895,231
71.47,1880,229
72.26,1864,230
73.06,1864,228
73.85,1849,230
74.64,1833,224
75.43,1818,230
76.23,1818,229
77.02,1802,230
77.81,1786,230
78.60,1786,231
79.40,1771,231
80.19,1771,230
80.98,1755,231
81.76,1755,228
82.53,898,228
83.31,898,229
84.09,882,234
84.87,898,233
85.64,914,227
86.42,1007,238
87.20,1023,231
87.98,914,219
88.75,898,233
89.53,898,235
90.29,898,240
91.11,898,238
91.93,898,240
92.75,898,238
93.57,914,230
94.39,945,238
95.21,945,241
96.03,945,242
96.85,960,241
97.67,976,238
98.49,1054,237
99.31,1069,233
100.13,1085,238
100.92,1069,242
101.71,1069,240
102.50,1101,232
103.29,1132,238
104.08,1163,223
104.87,1662,226
105.66,1693,233
106.45,1677,232
107.24,1693,238
108.03,1708,234
108.82,1708,233
109.61,1708,234
110.42,1724,231
111.22,1724,226
112.03,1740,217
112.84,1740,232
113.65,1740,224
114.45,1755,231
115.26,1755,232
116.07,1771,232
116.88,1771,232
117.68,1786,229
118.49,1786,230
119.24,1802,229
120.05,1818,231
120.85,1818,224
121.66,1833,229
122.47,1833,231
123.28,1849,230
124.08,1864,231
124.89,1880,232
125.70,1895,216
126.51,1428,222
127.31,1397,222
128.12,1381,221
128.94,1366,221
129.73,1334,221
130.52,1334,221
131.31,1319,222
132.10,1303,223
132.89,1272,222
133.68,1272,222
134.47,1256,220
135.26,1241,222
136.05,1225,221
136.84,1225,222
137.63,1210,221
138.42,1194,223
139.24,1194,221
140.06,1225,218
140.88,1256,219
141.70,1288,217
142.52,1210,216
143.34,1334,213
144.16,1397,212
144.98,120,216
145.80,112,222
146.62,101,223
147.44,95,229
148.20,92,227
148.99,91,229
149.79,90,229
150.58,90,227
151.37,90,232
152.16,97,226
152.96,101,226
153.75,110,221
154.54,107,222
155.33,98,224
156.13,94,226
156.92,84,231
157.94,72,233
158.73,73,232
159.52,74,231
160.31,74,231
161.10,74,226
161.89,82,225
162.67,78,224
163.46,76,229
164.25,68,236
165.04,71,242
165.83,73,245
166.62,74,245
167.45,67,244
168.25,63,244
169.04,61,245
169.84,60,244
170.64,60,243
171.44,60,244
172.23,60,241
173.03,60,246
173.83,60,246
174.63,67,240
175.42,71,241
176.22,73,245
177.01,74,243
177.81,74,241
178.60,74,243
179.40,74,240
180.20,74,244
180.99,74,243
181.79,74,241
182.58,74,237
183.38,74,236
184.18,82,232
184.97,86,226
185.77,88,227
186.56,96,226
187.39,85,228
188.22,87,233
189.05,81,231
189.88,85,219
190.71,87,214
191.53,88,211
192.36,111,211
193.19,93,210
194.02,84,155
194.85,805,213
195.68,773,215
196.48,773,224
197.27,742,230
198.06,727,228
198.85,695,226
199.64,680,225
200.43,664,223
201.22,649,220
202.01,633,223
202.80,555,220
203.59,649,212
204.38,540,223
205.17,524,226
205.96,508,226
206.75,508,225
207.55,492,227
208.34,484,229
209.13,480,235
209.92,470,233
210.72,465,229
211.51,455,230
212.30,323,226
213.09,316,231
213.89,319,223
214.68,328,218
215.48,446,200
216.26,431,212
217.03,431,217
217.81,310,212
218.59,296,224
219.37,289,225
220.14,286,236
220.92,284,225
221.70,350,228
222.48,361,228
223.25,374,230
224.03,388,232
224.82,395,232
225.61,391,236
226.39,389,234
227.18,388,238
227.97,387,234
228.76,387,237
229.54,387,234
230.33,379,232
231.12,375,232
231.91,373,231
232.69,361,234
233.48,355,234
234.31,352,233
235.10,351,235
235.90,350,235
236.69,343,232
237.48,340,237
238.27,338,232
239.07,337,237
239.86,337,234
240.65,330,235
241.44,333,234
242.24,328,235
243.03,319,238
243.82,321,237
244.61,322,236
245.40,322,236
246.19,316,237
246.98,313,240
247.77,318,235
248.56,314,236
249.35,312,236
250.14,311,234
250.93,310,236
251.72,310,235
252.51,310,237
253.31,310,237
254.10,310,239
254.90,310,238
255.69,310,238
256.48,310,236
257.27,310,237
258.07,310,236
258.86,310,237
259.65,310,239
260.44,310,238
261.24,310,238
262.03,303,239
262.90,306,237
263.70,308,238
264.49,309,238
265.29,302,238
266.09,306,240
266.88,308,238
267.68,309,237
268.47,309,238
269.27,309,240
270.07,309,237
270.86,309,237
271.66,309,239
272.45,309,239
273.24,309,236
274.03,316,237
274.82,319,236
275.61,314,235
276.40,318,238
277.19,320,237
277.98,321,238
278.77,322,237
279.56,322,237
280.35,322,235
281.14,329,236
281.94,326,237
282.73,331,233
283.53,334,230
284.32,353,222
285.11,377,218
285.90,374,220
286.70,355,222
287.49,346,224
288.28,334,226
289.07,328,226
289.87,325,228
290.66,317,230
291.41,320,230
292.23,315,232
293.06,319,233
293.88,321,235
294.70,308,230
295.53,302,232
296.35,299,232
297.18,304,230
298.00,300,227
298.82,189,223
299.65,189,227
300.47,189,228
301.22,216,222
301.99,283,231
302.76,283,235
303.52,283,236
304.29,243,230
305.06,222,239
305.83,212,238
306.60,207,227
307.37,211,236
308.13,227,230
308.90,296,233
309.67,296,236
310.46,303,235
311.25,306,234
312.04,308,231
312.83,315,230
313.62,326,223
314.41,402,216
315.19,387,171
315.98,5979,214
316.77,6229,217
317.56,6166,219
318.35,6104,220
319.14,6010,217
319.94,5948,219
320.73,555,216
321.53,555,226
322.32,571,214
323.11,5808,223
323.90,5761,222
324.70,5730,217
325.49,571,226
326.28,571,230
327.07,540,215
327.87,540,216
328.66,540,216
329.42,269,213
330.27,276,216
331.13,279,216
331.98,281,224
332.83,282,223
333.68,282,226
334.54,282,228
335.39,282,217
336.24,289,171
337.09,5247,217
337.95,5231,223
338.80,5215,223
339.56,5200,222
340.35,5215,223
341.15,5231,220
341.94,5262,221
342.74,5293,218
343.53,5340,219
344.33,5402,215
345.12,5044,210
345.92,4997,213
346.71,4966,211
347.51,4904,214
348.30,4888,210
349.09,4826,216
349.82,4826,71
350.56,4873,212
351.29,4935,187
352.02,5122,216
352.76,5215,220
353.49,5402,225
354.23,5356,221
354.96,5293,223
355.69,5231,222
356.43,5184,222
357.16,5137,223
357.96,5075,223
358.76,5028,221
359.55,4982,221
0.35,5013,220
1.15,5122,220
1.95,5169,223
2.74,5137,214
3.54,5106,210
4.34,5075,100
5.14,5013,145
5.93,4966,142
6.73,4888,215
7.40,4826,218
8.17,4857,220
8.93,30,58
9.70,52,84
10.47,6540,193
11.24,6525,168
12.00,45,67
12.77,45,74
13.54,45,84
14.31,4592,218
15.07,4561,226
15.84,4530,223
16.68,6275,210
17.46,6229,211
18.23,60,58
19.01,52,54
19.78,41,61
20.56,35,48
21.33,32,71
22.11,61,74
22.88,4358,212
23.66,4031,221
24.43,4015,223
25.21,4000,224
26.01,3984,223
26.81,3969,224
27.60,3969,224
28.40,3937,223
29.20,3937,224
30.00,3938,225
30.79,3922,225
31.59,3906,225
32.39,3906,225
33.19,3891,225
33.98,3891,227
34.78,3828,219
35.54,3719,220
36.34,3610,219
37.14,3517,221
37.95,3439,221
38.75,3361,221
39.55,3267,222
40.35,3189,220
41.15,3127,221
41.95,3065,221
42.76,3002,224
43.56,2940,225
44.36,2878,224
45.19,2831,223
45.93,2784,223
46.68,2737,224
47.42,2675,225
48.16,2628,226
48.91,2597,226
49.65,2550,226
50.40,2519,227
51.14,2472,225
51.88,2441,225
52.63,2410,225
53.37,2363,227
54.16,2348,227
54.95,2301,228
55.75,2270,227
56.54,2254,229
57.34,2223,228
58.13,2192,228
58.93,2161,228
59.72,2145,231
60.52,2130,231
61.31,2098,229
62.11,2067,229
62.90,2052,231
63.70,2036,232
64.52,2020,231
65.34,2005,231
66.17,1974,231
66.99,1974,233
67.81,1943,231
68.63,1927,229
69.45,1911,231
70.27,1896,229
71.10,1880,229
71.92,1880,230
72.74,1865,231
73.53,1849,230
74.32,1849,222
75.11,1833,231
75.91,1818,231
76.70,1802,229
77.49,1802,231
78.28,1787,229
79.07,1771,231
79.86,1771,230
80.66,1755,230
81.45,1755,232
82.24,1755,222
82.94,883,231
83.73,883,234
84.53,898,236
85.32,898,230
86.12,976,232
86.91,1023,238
87.71,1039,218
88.50,898,229
89.30,898,235
90.09,898,239
90.89,898,240
91.68,898,240
92.47,898,236
93.24,898,236
94.01,945,232
94.78,945,241
95.55,945,242
96.32,945,241
97.08,976,242
97.85,1007,235
98.62,1054,234
99.39,1085,236
100.16,1085,242
100.93,1070,238
101.73,1085,237
102.52,1132,236
103.31,1132,234
104.10,1194,218
104.89,1693,232
105.68,1693,233
106.48,1662,233
107.27,1693,236
108.06,1709,233
108.85,1709,233
109.64,1709,232
110.43,1724,234
111.26,1413,219
112.09,1740,228
112.91,1740,232
113.74,1755,225
114.56,1755,233
115.39,1755,230
116.21,1771,231
117.04,1771,231
117.86,1787,231
118.69,1802,229
119.51,1802,230
120.34,1802,229
121.13,1818,229
121.98,1833,232
122.83,1849,232
123.67,1865,231
124.52,1865,229
125.37,1880,233
126.22,1428,221
127.07,1413,222
127.92,1397,222
128.76,1366,220
129.61,1366,223
130.46,1335,221
131.22,1319,222
132.01,1303,222
132.81,1288,221
133.60,1272,223
134.40,1272,222
135.19,1257,223
135.99,1226,222
136.78,1226,221
137.58,1210,222
138.37,1194,221
139.17,1194,222
139.96,1210,220
140.79,1241,220
141.55,1272,220
142.31,1303,217
143.07,1210,216
143.83,1366,216
144.59,105,212
145.35,97,217
146.11,93,223
146.87,91,223
147.63,98,223
148.39,94,227
149.15,92,229
149.94,91,232
150.74,90,229
151.55,90,229
152.35,90,227
153.15,90,223
153.95,90,220
154.76,90,223
155.56,90,223
156.36,82,229
157.16,78,231
157.97,76,234
158.77,75,232
159.56,67,232
160.35,71,228
161.15,73,228
161.94,74,223
162.74,74,225
163.53,74,230
164.33,74,236
165.12,74,241
165.92,67,245
166.71,63,247
167.51,61,245
168.30,60,243
169.13,60,244
169.93,60,246
170.73,60,246
171.53,60,244
172.33,60,243
173.13,60,245
173.92,60,243
174.72,60,238
175.52,67,241
176.32,71,244
177.12,73,242
177.92,74,243
178.71,74,243
179.52,74,238
180.32,74,243
181.13,74,244
181.94,74,242
182.74,74,238
183.55,82,238
184.35,78,232
185.16,84,229
185.97,87,229
186.77,88,226
187.58,89,230
188.37,82,234
189.17,78,231
189.96,84,219
190.76,87,215
191.56,88,211
192.36,89,197
193.15,74,190
193.95,774,210
194.75,805,211
195.55,774,216
196.34,774,221
197.14,742,230
197.94,727,228
198.73,711,229
199.51,696,228
200.30,664,227
201.08,649,221
201.87,633,224
202.65,571,223
203.44,555,212
204.22,540,220
205.01,540,225
205.79,524,228
206.58,509,226
207.38,501,229
208.17,497,229
208.97,487,233
209.76,474,231
210.56,467,228
211.35,456,232
212.15,436,221
212.94,310,231
213.74,310,225
214.53,372,223
215.33,394,210
216.12,398,212
216.88,407,216
217.66,404,213
218.44,296,219
219.22,289,224
220.00,286,235
220.78,278,236
221.55,337,225
222.33,387,228
223.11,387,233
223.89,394,230
224.67,398,232
225.45,400,235
226.24,393,232
227.03,390,232
227.82,388,235
228.61,387,231
229.40,387,235
230.19,379,232
230.97,375,235
231.76,373,233
232.55,372,235
233.34,361,233
234.13,355,235
234.92,352,234
235.72,351,234
236.51,344,234
237.31,340,235
238.10,338,234
238.90,337,234
239.69,337,234
240.49,337,237
241.28,330,234
242.08,326,234
242.87,324,236
243.67,323,235
244.46,316,237
245.21,319,236
245.99,321,238
246.77,315,235
247.55,319,235
248.33,321,236
249.11,322,235
249.89,316,235
250.67,313,236
251.45,311,236
252.23,310,236
253.01,310,239
253.79,310,236
254.58,310,236
255.38,310,237
256.19,310,235
256.99,310,238
257.79,310,239
258.59,310,238
259.40,310,237
260.20,310,239
261.00,310,239
261.80,310,239
262.61,310,236
263.41,310,238
264.16,310,239
264.96,310,238
265.76,310,238
266.55,310,239
267.35,310,237
268.15,303,239
268.95,306,237
269.75,308,236
270.55,309,236
271.34,309,237
272.14,309,237
272.94,309,238
273.70,309,236
274.51,309,238
275.32,316,237
276.12,313,239
276.93,318,235
277.74,314,235
278.55,318,237
279.36,320,239
280.17,321,237
280.97,322,239
281.78,322,234
282.59,329,233
283.35,333,233
284.14,341,225
284.94,402,219
285.73,387,217
286.53,337,223
287.32,337,224
288.12,323,224
288.91,316,226
289.71,326,228
290.50,324,230
291.30,323,230
292.09,316,231
292.83,319,230
293.62,307,231
294.42,308,231
295.21,302,235
296.01,299,235
296.80,304,234
297.60,293,229
298.39,274,220
299.19,189,225
299.98,189,225
300.78,202,222
301.57,283,229
302.33,283,235
303.15,283,238
303.97,276,229
304.80,202,237
305.62,202,236
306.44,195,227
307.26,198,235
308.08,213,230
308.90,283,231
309.73,289,232
310.55,299,234
311.37,304,234
312.13,307,231
312.93,315,230
313.72,326,224
314.52,349,216
315.32,446,155
316.12,5979,213
316.91,6229,217
317.71,6182,222
318.51,6104,221
319.31,6010,217
320.10,5948,220
320.90,555,214
321.73,555,227
322.52,571,214
323.31,5808,222
324.10,5761,223
324.89,5730,217
325.68,571,229
326.48,571,229
327.27,540,215
328.06,540,217
328.85,540,214
329.64,283,211
330.43,283,217
331.19,276,219
332.01,279,219
332.82,281,224
333.64,282,228
334.46,282,230
335.27,282,217
336.09,289,138
336.90,5247,216
337.72,5231,223
338.54,5215,222
339.35,5200,222
340.17,5215,221
340.96,5231,220
341.76,5247,219
342.55,5293,220
343.35,5340,219
344.14,5402,214
344.94,5028,211
345.73,4982,214
346.53,4966,210
347.32,4904,215
348.12,4857,212
348.91,4841,214
349.71,4857,74
350.51,4873,213
351.24,4950,158
351.97,5122,218
352.70,5231,219
353.43,5402,224
354.16,5340,222
354.90,5278,222
355.63,5231,223
356.36,5184,222
357.09,5137,221
357.82,5075,221
358.55,5028,221
359.38,4982,223
0.17,5013,219
0.95,5137,220
1.74,5169,224
2.53,5122,213
3.32,5106,210
4.10,5091,87
4.89,5013,200
5.68,4966,129
6.47,4873,216
7.25,4841,219
8.04,4857,217
8.84,75,90
9.64,90,64
10.43,6540,211
11.23,6540,113
12.02,90,96
12.82,82,54
13.61,71,67
14.41,4576,219
15.20,4545,225
16.00,4530,221
16.79,6244,210
17.59,6229,210
18.35,60,51
19.11,45,64
19.88,90,71
20.64,97,71
21.40,101,64
22.17,88,71
22.93,4358,214
23.70,4031,225
24.46,4015,223
25.22,4000,225
25.99,4000,224
26.75,3984,223
27.58,3969,223
28.37,3953,224
29.16,3937,226
29.95,3922,223
30.74,3922,223
31.53,3906,226
32.31,3906,225
33.10,3891,226
33.89,3891,226
34.68,3813,219
35.47,3688,219
36.26,3594,220
37.06,3517,221
37.88,3423,222
38.70,3330,221
39.52,3267,222
40.34,3189,222
41.16,3127,222
41.98,3049,223
42.80,3002,223
43.62,2940,223
44.44,2878,223
45.26,2815,225
46.08,2768,224
46.83,2722,225
47.62,2675,225
48.42,2628,225
49.21,2581,226
50.00,2550,225
50.80,2503,225
51.59,2472,226
52.39,2441,226
53.18,2394,228
53.97,2363,227
54.77,2332,229
55.56,2301,227
56.39,2270,229
57.18,2238,229
57.97,2223,229
58.76,2192,228
59.55,2161,230
60.34,2145,230
61.12,2114,232
61.91,2098,230
62.70,2083,229
63.49,2051,231
64.28,2036,230
65.07,2020,231
65.87,2005,232
66.65,1989,231
67.42,1958,230
68.20,1942,230
68.98,1927,228
69.76,1911,230
70.53,1896,230
71.31,1880,230
72.09,1880,230
72.87,1864,229
73.64,1849,229
74.42,1833,223
75.18,1833,230
75.94,1818,230
76.71,1802,230
77.47,1787,231
78.23,1787,230
79.00,1771,230
79.76,1771,230
80.53,1755,233
81.29,1755,232
82.05,898,219
82.82,883,231
83.58,883,234
84.41,883,232
85.20,898,232
85.99,1007,233
86.78,1023,238
87.57,1038,218
88.36,914,228
89.14,898,235
89.93,898,240
90.72,898,240
91.51,898,240
92.30,898,238
93.09,898,236
93.89,945,235
94.70,945,241
95.50,945,243
96.31,945,238
97.12,976,241
97.92,1007,232
98.73,1054,234
99.53,1085,234
100.34,1085,241
101.15,1070,241
101.95,1085,234
102.76,1132,234
103.52,1147,235
104.33,1194,218
105.13,1693,233
105.94,1693,235
106.75,1693,233
107.56,1693,234
108.36,1709,234
109.17,1709,234
109.98,1709,233
110.79,1724,232
111.59,1412,219
112.40,1740,229
113.19,1740,233
113.98,1740,225
114.77,1755,231
115.56,1755,229
116.35,1771,230
117.14,1771,231
117.92,1787,231
118.71,1787,231
119.50,1802,230
120.29,1802,230
121.08,1818,227
121.87,1833,232
122.66,1849,231
123.45,1864,231
124.24,1864,232
125.03,1880,232
125.82,1428,219
126.61,1412,222
127.41,1397,222
128.20,1381,219
128.99,1366,223
129.78,1335,221
130.57,1319,222
131.36,1303,222
132.15,1288,223
132.95,1272,223
133.74,1272,222
134.54,1257,221
135.33,1241,221
136.13,1225,221
136.92,1210,220
137.72,1194,221
138.51,1194,221
139.31,1210,222
140.10,1225,219
140.90,1272,219
141.66,1303,218
142.48,1194,218
143.30,1366,214
144.12,120,213
144.94,105,219
145.76,97,219
146.58,93,222
147.40,99,223
148.22,94,227
149.04,92,230
149.86,91,230
150.68,90,229
151.51,90,226
152.33,90,226
153.14,90,224
153.96,97,222
154.78,86,221
155.59,95,227
156.41,92,229
157.22,83,231
158.04,86,234
158.86,88,235
159.67,81,229
160.49,78,227
161.25,76,224
162.05,83,225
162.85,71,224
163.65,73,231
164.45,74,237
165.25,74,241
166.04,67,242
166.84,63,245
167.64,61,245
168.44,60,244
169.24,60,246
170.04,67,245
170.79,63,245
171.58,69,241
172.37,64,241
173.16,62,244
173.95,61,243
174.74,68,241
175.54,71,241
176.33,65,245
177.12,70,244
177.91,72,245
178.70,73,241
179.49,74,241
180.32,74,243
181.12,82,239
181.92,78,244
182.72,84,242
183.52,79,238
184.32,84,232
185.12,94,229
185.92,92,227
186.72,91,226
187.52,90,229
188.32,90,234
189.12,82,228
189.88,78,219
190.68,84,212
191.48,94,210
192.28,84,210
193.08,109,210
193.88,92,148
194.67,804,213
195.47,773,214
196.27,773,225
197.07,742,230
197.87,727,227
198.67,695,224
199.43,680,226
200.25,664,225
201.06,649,224
201.88,617,224
202.70,555,222
203.51,539,213
204.33,539,222
205.14,524,227
205.96,508,229
206.78,508,225
207.59,500,228
208.41,488,233
209.24,482,233
210.01,471,232
210.79,458,231
211.56,452,230
212.34,310,224
213.11,303,229
213.89,306,224
214.66,321,218
215.44,402,210
216.21,402,211
216.99,416,215
217.76,392,214
218.51,296,221
219.31,296,224
220.10,289,236
220.90,286,230
221.69,337,229
222.49,352,227
223.28,369,231
224.08,385,233
224.87,393,233
225.67,397,231
226.46,392,233
227.26,389,235
228.02,388,236
228.79,387,235
229.56,387,233
230.33,377,234
231.10,372,232
231.87,361,234
232.65,355,233
233.42,352,233
234.19,351,235
234.96,350,235
235.73,350,235
236.50,343,235
237.26,340,235
238.05,338,235
238.84,337,234
239.64,337,234
240.43,337,235
241.22,330,237
242.01,326,235
242.80,324,237
243.59,323,237
244.39,323,236
245.18,323,236
245.97,323,236
246.73,323,237
247.54,316,238
248.34,313,236
249.15,311,235
249.96,317,237
250.77,313,237
251.57,311,235
252.38,310,237
253.19,310,239
254.00,310,236
254.80,310,239
255.61,310,236
256.36,310,238
257.17,310,239
257.99,310,237
258.80,310,240
259.61,310,237
260.43,310,236
261.24,310,238
262.06,310,240
262.87,310,237
263.68,310,239
264.50,310,238
265.31,310,240
266.07,310,238
266.86,310,238
267.65,310,237
268.44,303,236
269.23,306,238
270.02,308,236
270.80,309,238
271.59,309,235
272.38,309,238
273.17,309,236
273.96,309,240
274.75,309,238
275.61,316,237
276.41,319,238
277.21,314,236
278.01,318,237
278.81,320,236
279.61,321,237
280.42,322,238
281.22,322,236
282.02,329,238
282.82,333,232
283.62,341,227
284.42,364,221
285.21,366,218
286.00,358,220
286.80,334,220
287.59,335,223
288.38,315,226
289.18,326,226
289.97,324,229
290.77,317,230
291.56,320,232
292.35,315,231
293.15,319,233
293.94,321,234
294.70,308,234
295.49,315,230
296.29,312,234
297.08,304,233
297.87,286,226
298.66,189,224
299.46,189,229
300.25,189,227
301.04,269,223
301.83,276,232
302.63,279,238
303.42,281,236
304.21,215,231
305.03,208,238
305.85,198,236
306.67,193,231
307.49,204,235
308.31,256,228
309.13,276,235
309.95,286,237
310.77,291,234
311.59,300,234
312.41,311,232
313.23,317,228
314.02,327,222
314.82,387,214
315.61,409,103
316.41,5995,218
317.21,6213,219
318.00,6135,220
318.80,6088,221
319.59,5963,220
320.39,5979,218
321.19,555,220
321.98,555,226
322.78,5823,217
323.53,5792,221
324.32,5745,221
325.12,571,224
325.91,571,230
326.70,555,225
327.49,539,214
328.29,539,217
329.08,539,213
329.87,283,215
330.66,283,216
331.46,283,221
332.25,283,222
333.04,276,226
333.84,279,229
334.65,281,226
335.45,288,211
336.25,5246,155
337.05,5231,220
337.86,5215,222
338.66,5200,222
339.46,5200,221
340.26,5215,222
341.07,5246,219
341.87,5262,219
342.66,5309,219
343.45,5371,218
344.25,5433,174
345.04,5028,215
345.83,4981,216
346.62,4950,155
347.42,4904,214
348.21,4857,216
349.00,4841,210
349.79,75,80
350.59,4904,214
351.38,5091,96
352.18,5137,219
352.92,5262,214
353.65,5402,224
354.39,5340,223
355.13,5262,223
355.87,5215,222
356.60,5153,221
357.34,5106,222
358.08,5059,221
358.82,5013,222
359.55,4981,223
0.29,5044,218
1.08,5153,221
1.88,5153,222
2.68,5106,210
3.48,5106,119
4.28,5028,100
5.08,4997,184
5.88,4950,168
6.68,4857,218
7.48,4841,219
8.28,4857,212
9.08,75,54
9.88,60,64
10.71,6524,212
11.50,6509,84
12.30,30,96
13.09,67,74
13.88,71,77
14.68,4561,222
15.47,4545,225
16.27,4514,220
17.06,6244,212
17.85,6228,180
18.65,75,61
19.44,90,54
20.23,67,35
21.01,63,77
21.78,46,45
22.56,75,71
23.34,4342,215
24.12,4031,225
24.89,4015,224
25.67,4000,224
26.45,3984,223
27.23,3968,223
28.00,3953,224
28.78,3937,224
29.53,3937,223
30.32,3937,224
31.12,3906,224
31.91,3906,225
32.70,3906,224
33.50,3890,225
34.29,3890,224
35.09,3781,218
35.88,3688,219
36.67,3610,220
37.47,3501,221
38.26,3407,222
39.05,3329,221
39.84,3251,221
40.64,3189,223
41.43,3111,221
42.22,3049,222
43.02,2986,224
43.81,2924,223
44.61,2877,223
45.40,2815,225
46.19,2768,223
46.99,2722,226
47.78,2675,226
48.57,2628,225
49.35,2581,227
50.12,2534,228
50.90,2503,226
51.68,2472,226
52.46,2441,227
53.23,2394,229
54.01,2363,226
54.79,2332,228
55.57,2301,229
56.34,2270,228
57.12,2238,228
57.87,2207,228
58.66,2192,229
59.46,2160,231
60.25,2129,229
61.04,2114,230
61.84,2082,230
62.63,2067,228
63.43,2051,231
64.22,2035,231
65.01,2020,231
65.81,1989,232
66.60,1973,231
67.40,1957,230
68.16,1942,229
68.93,1926,230
69.69,1911,229
70.45,1895,229
71.21,1895,230
71.98,1880,230
72.74,1864,228
73.50,1848,229
74.26,1833,223
75.03,1833,228
75.79,1817,230
76.59,1802,229
77.37,1786,230
78.15,1786,231
78.93,1770,230
79.71,1770,231
80.49,1770,230
81.27,1755,231
82.05,898,221
82.83,898,231
83.61,882,232
84.39,882,232
85.17,898,232
85.93,991,232
86.72,1022,240
87.52,1038,216
88.31,898,232
89.10,898,234
89.89,898,237
90.69,898,239
91.48,898,242
92.27,882,239
93.06,898,233
93.86,929,236
94.65,944,240
95.48,944,243
96.31,944,240
97.14,976,239
97.97,1007,235
98.80,1069,233
99.63,1085,236
100.46,1085,242
101.29,1069,240
102.12,1085,234
102.95,1131,237
103.78,1131,233
104.61,1661,216
105.40,1693,233
106.18,1693,235
106.95,1693,232
107.73,1693,233
108.51,1708,233
109.29,1708,233
110.06,1708,233
110.84,1724,234
111.62,1396,220
112.40,1724,228
113.17,1739,230
113.95,1755,225
114.70,1755,231
115.50,1755,229
116.29,1770,232
117.09,1770,232
117.89,1786,230
118.68,1786,231
119.48,1802,230
120.27,1817,229
121.07,1817,229
121.87,1833,230
122.66,1848,232
123.46,1864,232
124.26,1864,232
125.08,1880,231
125.89,1428,222
126.71,1412,222
127.53,1396,221
128.34,1381,221
129.16,1350,220
129.97,1334,222
130.79,1318,221
131.61,1303,222
132.42,1287,221
133.24,1287,222
134.03,1272,223
134.85,1256,224
135.67,1241,223
136.49,1225,221
137.31,1209,222
138.13,1209,220
138.94,1194,221
139.76,1209,221
140.58,1241,220
141.40,1272,219
142.22,1303,218
143.04,1209,218
143.84,1365,215
144.63,105,213
145.43,97,217
146.22,101,219
147.01,95,223
147.80,92,225
148.60,91,228
149.39,90,229
150.18,90,229
150.97,90,230
151.77,90,228
152.56,90,224
153.35,97,222
154.14,93,219
154.93,91,221
155.72,90,227
156.51,82,230
157.30,86,232
158.10,80,235
158.89,77,234
159.68,76,231
160.47,75,228
161.26,67,226
162.05,78,224
162.84,76,226
163.63,75,231
164.43,75,237
165.22,67,243
166.01,63,244
166.80,61,244
167.60,60,248
168.39,60,244
169.18,60,246
169.97,60,246
170.77,60,246
171.56,60,243
172.61,60,242
173.40,60,247
174.20,67,242
174.99,71,241
175.78,65,243
176.58,62,244
177.37,68,242
178.17,71,244
178.96,73,239
179.75,74,239
180.55,74,243
181.34,74,241
182.13,74,242
182.94,74,239
183.74,74,238
184.55,82,231
185.36,86,229
186.16,80,228
186.97,77,227
187.77,76,232
188.58,83,237
189.39,79,226
190.19,77,218
191.00,76,212
191.83,105,211
192.62,97,197
193.41,93,206
194.20,773,210
194.99,804,217
195.78,773,214
196.57,757,225
197.36,742,230
198.15,726,230
198.94,695,229
199.73,664,227
200.52,664,223
201.31,633,222
202.11,586,220
202.92,570,220
203.72,539,216
204.52,539,221
205.33,524,231
206.13,508,226
206.94,500,228
207.74,496,227
208.54,486,233
209.35,473,232
210.15,466,231
210.94,463,229
211.70,454,226
212.46,309,228
213.22,309,227
213.98,322,223
214.74,342,214
215.51,416,210
216.27,408,215
217.03,419,217
217.79,336,211
218.55,282,224
219.31,289,227
220.17,285,234
220.96,277,224
221.75,363,227
222.54,375,228
223.33,381,232
224.12,391,233
224.91,396,231
225.70,398,232
226.49,392,233
227.28,389,234
228.07,388,234
228.86,375,234
229.62,369,234
230.43,366,233
231.23,364,233
232.04,357,231
232.85,360,236
233.65,355,232
234.46,352,233
235.26,351,235
236.07,350,237
236.88,343,232
237.68,339,236
238.49,337,233
239.28,336,236
240.04,336,236
240.81,336,237
241.57,336,233
242.33,329,233
243.10,326,235
243.86,324,237
244.63,323,234
245.39,323,237
246.15,323,236
246.92,323,234
247.68,323,238
248.48,316,237
249.27,312,236
250.06,310,234
250.85,309,235
251.64,309,238
252.43,309,238
253.21,309,236
254.00,309,237
254.79,309,238
255.58,309,235
256.37,309,236
257.16,309,238
257.99,309,240
258.79,309,241
259.60,309,239
260.40,309,240
261.20,309,241
262.01,309,237
262.81,309,239
263.62,309,237
264.42,309,238
265.22,309,237
266.03,309,237
266.83,309,239
267.59,309,238
268.38,309,236
269.18,309,236
269.97,309,237
270.76,309,237
271.55,309,237
272.35,309,237
273.14,309,236
273.93,309,236
274.72,316,236
275.52,319,237
276.31,321,237
277.14,322,236
277.93,322,238
278.71,322,236
279.50,322,235
280.29,322,238
281.07,322,235
281.86,322,238
282.64,329,235
283.43,332,231
284.22,347,221
285.00,355,217
285.79,352,221
286.62,337,222
287.42,323,223
288.23,329,226
289.03,332,228
289.83,327,228
290.64,325,231
291.44,324,232
292.25,316,231
293.05,312,233
293.85,310,235
294.66,303,233
295.46,313,233
296.25,304,231
297.05,300,230
297.84,291,225
298.64,202,224
299.44,195,228
300.23,191,228
301.03,269,225
301.82,275,233
302.62,278,235
303.42,280,236
304.21,215,229
305.01,208,238
305.77,205,234
306.59,203,233
307.40,209,234
308.22,220,228
309.04,282,233
309.85,289,233
310.67,299,237
311.48,304,231
312.30,313,231
313.12,318,229
313.93,327,221
314.75,387,215
315.61,460,116
316.40,5994,218
317.19,6212,219
317.98,6150,219
318.77,6072,221
319.56,5963,218
320.35,5963,216
321.14,555,218
321.93,555,228
322.72,5823,216
323.51,5792,221
324.30,5745,221
325.10,570,222
325.89,570,227
326.69,555,225
327.48,539,216
328.27,539,218
329.06,539,213
329.86,282,213
330.65,282,217
331.44,275,218
332.23,278,223
333.03,273,226
333.82,277,229
334.58,279,224
335.41,287,213
336.24,5246,164
337.07,5231,219
337.90,5215,223
338.73,5199,223
339.56,5199,222
340.39,5215,221
341.22,5246,220
342.05,5277,220
342.88,5308,220
343.71,5355,219
344.54,5418,158
345.26,5028,215
345.98,4981,216
346.70,4934,145
347.42,4888,214
348.14,4856,217
348.87,4825,203
349.59,363,80
350.31,4888,215
351.03,5106,96
351.75,5137,219
352.47,5246,214
353.26,5386,224
354.06,5324,223
354.85,5277,221
355.65,5215,221
356.45,5153,223
357.25,5106,221
358.04,5059,221
358.84,5012,221
359.64,4966,223
0.44,5044,220
1.23,5153,221
2.03,5153,222
2.78,5137,212
3.57,5090,109
4.36,5028,106
5.15,4997,161
5.94,4950,155
6.73,4856,218
7.52,4856,220
8.31,4856,212
9.10,120,71
9.89,82,77
10.68,6524,212
11.47,105,58
12.26,82,71
13.05,101,51
13.84,4607,103
14.63,4560,223
15.42,4545,226
16.21,4529,218
17.01,6244,213
17.80,6228,211
18.59,75,51
19.38,52,48
20.17,48,71
20.96,54,32
21.75,102,42
22.52,81,58
23.28,4342,215
24.05,4030,224
24.82,4015,224
25.59,3999,223
26.35,3984,223
27.12,3968,223
27.89,3952,225
28.66,3952,224
29.42,3937,224
30.19,3921,224
30.98,3921,225
31.79,3906,224
32.59,3906,225
33.40,3890,225
34.21,3875,226
35.01,3781,219
35.82,3688,219
36.62,3578,219
37.43,3500,220
38.24,3407,223
39.04,3329,222
39.85,3251,221
40.64,3189,222
41.43,3095,222
42.22,3033,224
43.01,2971,223
43.80,2908,224
44.59,2861,224
45.38,2815,224
46.17,2752,223
46.96,2706,225
47.75,2659,225
48.54,2628,227
49.33,2581,227
50.16,2534,228
50.95,2503,224
51.73,2456,227
52.52,2425,226
53.31,2394,227
54.10,2347,227
54.88,2316,227
55.67,2285,228
56.46,2269,228
57.25,2238,229
58.03,2207,228
58.82,2176,230
59.61,2160,229
60.42,2129,229
61.22,2113,232
62.03,2082,231
62.84,2067,230
63.64,2035,231
64.45,2020,230
65.25,2004,232
66.06,1989,229
66.87,1973,231
67.67,1957,230
68.48,1942,230
69.23,1926,230
70.02,1911,230
70.82,1895,231
71.61,1880,229
72.40,1864,230
73.20,1848,229
73.99,1848,229
74.79,1833,224
75.58,1817,229
76.37,1802,228
77.17,1802,228
77.96,1786,231
78.79,1786,231
79.56,1770,230
80.34,1770,230
81.11,1755,232
81.88,1755,232
82.66,898,228
83.43,898,233
84.21,882,235
84.98,898,232
85.75,913,227
86.53,1007,238
87.30,1022,233
88.09,913,216
88.89,898,234
89.68,898,238
90.48,898,240
91.28,898,240
92.08,898,242
92.87,898,236
93.67,913,231
94.47,929,236
95.27,944,241
96.06,944,241
96.86,960,243
97.54,976,237
98.32,1038,235
99.11,1069,233
99.89,1085,237
100.67,1069,241
101.46,1069,239
102.24,1085,234
103.03,1132,239
103.81,1147,226
104.59,1693,223
105.38,1693,233
106.16,1662,233
106.99,1693,236
107.79,1708,232
108.60,1708,232
109.40,1708,233
110.20,1724,234
111.00,1724,231
111.81,1412,219
112.61,1740,231
113.41,1740,226
114.21,1755,229
115.02,1755,230
115.82,1755,231
116.62,1771,231
117.42,1771,231
118.21,1786,232
119.01,1802,231
119.81,1802,230
120.60,1818,225
121.40,1818,231
122.19,1833,230
122.99,1849,232
123.79,1864,232
124.58,1880,232
125.38,1895,225
126.14,1428,221
126.93,1397,222
127.71,1381,221
128.50,1366,221
129.29,1350,222
130.07,1334,222
130.86,1319,222
131.64,1303,224
132.43,1288,223
133.22,1272,221
134.00,1256,221
134.79,1241,222
135.62,1241,221
136.42,1225,222
137.22,1210,224
138.02,1194,221
138.82,1194,223
139.62,1210,220
140.41,1256,219
141.21,1272,219
142.01,1303,215
142.81,1210,216
143.61,1381,213
144.41,135,215
145.24,112,219
146.03,108,222
146.83,106,224
147.62,98,225
148.41,94,229
149.21,92,231
150.00,91,229
150.80,90,227
151.59,90,228
152.38,90,225
153.18,90,226
153.97,1537,220
154.77,1537,221
155.57,90,227
156.37,90,229
157.17,82,234
157.97,78,234
158.77,76,230
159.56,75,231
160.36,75,226
161.16,75,227
161.96,75,223
162.76,75,228
163.56,75,232
164.39,75,239
165.20,75,241
166.02,75,243
166.83,67,246
167.64,63,244
168.45,61,246
169.27,60,246
170.08,60,246
170.89,67,246
171.70,63,241
172.52,61,243
173.33,60,244
174.13,60,245
174.93,67,242
175.72,71,243
176.52,65,242
177.32,70,243
178.11,72,242
178.91,66,241
179.70,70,242
180.50,72,240
181.30,73,242
182.09,81,243
182.89,78,241
183.65,84,236
184.43,87,233
185.21,81,229
185.99,78,224
186.77,91,224
187.55,83,229
188.33,79,233
189.11,77,231
189.89,76,219
190.67,75,212
191.45,67,213
192.23,78,210
193.02,69,210
193.81,758,203
194.61,804,215
195.40,773,215
196.19,773,226
196.99,742,230
197.78,727,230
198.58,711,228
199.37,695,225
200.16,664,223
200.96,649,223
201.75,586,221
202.72,571,222
203.51,555,213
204.30,539,221
205.09,524,226
205.88,508,226
206.67,508,224
207.46,500,229
208.25,496,231
209.04,486,234
209.83,473,229
210.62,466,230
211.41,456,231
212.17,310,226
212.97,310,230
213.76,316,221
214.56,326,215
215.36,416,210
216.15,416,212
216.95,416,217
217.74,350,212
218.54,296,222
219.34,289,222
220.13,286,234
220.93,277,225
221.69,337,227
222.48,352,229
223.28,369,230
224.07,385,231
224.86,393,231
225.66,397,232
226.45,382,231
227.25,384,233
228.04,385,236
228.83,386,233
229.63,377,234
230.42,372,234
231.25,370,234
232.03,369,233
232.82,368,234
233.60,359,232
234.38,354,233
235.16,352,233
235.95,351,236
236.73,344,235
237.51,340,235
238.29,338,235
239.08,337,234
239.86,337,236
240.69,337,234
241.46,330,231
242.22,333,234
242.99,328,235
243.76,325,233
244.53,324,237
245.29,323,236
246.06,323,235
246.83,323,238
247.60,316,236
248.36,319,237
249.13,314,237
249.88,312,237
250.67,311,236
251.46,310,241
252.25,310,238
253.04,310,237
253.83,310,236
254.63,310,239
255.42,310,236
256.21,310,240
257.00,310,240
257.79,310,238
258.58,310,236
259.44,310,236
260.24,310,237
261.03,310,237
261.83,310,240
262.63,310,237
263.42,310,239
264.22,310,238
265.01,310,237
265.81,310,234
266.61,310,235
267.40,310,237
268.20,303,236
269.03,306,238
269.83,308,238
270.64,309,238
271.44,316,237
272.24,313,239
273.04,318,237
273.85,320,238
274.65,321,235
275.45,315,235
276.25,319,238
277.06,321,237
277.86,322,237
278.66,316,238
279.46,319,239
280.25,321,235
281.05,322,236
281.85,329,237
282.64,319,234
283.44,334,226
284.23,351,220
285.03,359,218
285.83,348,220
286.62,342,223
287.42,332,223
288.18,334,225
289.01,328,230
289.85,332,230
290.68,327,231
291.51,325,230
292.34,324,232
293.18,310,233
294.01,303,232
294.84,306,234
295.67,308,234
296.51,302,232
297.34,299,229
298.13,189,222
298.92,189,221
299.72,189,229
300.51,189,226
301.30,269,227
302.10,269,235
302.89,276,236
303.69,279,235
304.48,215,233
305.27,208,238
306.07,198,233
306.86,200,231
307.58,207,233
308.38,269,229
309.18,282,236
309.98,296,235
310.78,303,236
311.58,306,235
312.38,314,232
313.18,318,229
313.98,327,221
314.78,431,214
315.58,5979,106
316.38,5995,215
317.17,6197,220
317.96,6119,220
318.75,6088,222
319.54,5963,221
320.33,5979,216
321.12,555,222
321.91,555,222
322.70,5823,222
323.49,5776,222
324.28,5745,222
325.07,571,227
325.86,571,230
326.66,555,222
327.45,539,214
328.24,539,215
329.03,539,211
329.82,283,215
330.61,283,215
331.40,283,221
332.19,283,225
332.98,283,225
333.77,283,229
334.56,289,221
335.35,286,210
336.18,5246,212
337.02,5231,222
337.87,5215,222
338.71,5200,223
339.56,5200,223
340.40,5215,221
341.25,5246,220
342.09,5278,219
342.94,5324,218
343.78,5387,218
344.63,5059,132
345.47,5028,214
346.23,4966,215
346.99,4904,210
347.76,4904,203
348.52,4841,218
349.28,4857,84
350.05,4857,164
350.81,4904,211
351.58,5122,211
352.34,5215,217
353.10,5418,223
353.87,5371,223
354.63,5309,223
355.46,5262,221
356.25,5184,223
357.04,5137,221
357.83,5075,221
358.62,5028,221
359.41,4997,223
0.20,4981,219
0.99,5091,218
1.78,5184,224
2.57,5137,217
3.36,5106,210
4.15,5075,74
4.94,4997,135
5.72,5013,138
6.49,4872,213
7.27,4810,219
8.05,4857,222
8.83,135,90
9.60,97,77
10.38,6540,129
11.16,6509,206
11.94,30,71
12.71,60,61
13.49,67,54
14.28,4592,214
15.06,4545,224
15.83,4529,224
16.61,4529,174
17.39,6228,213
18.17,60,71
18.94,90,45
19.72,82,64
20.50,71,67
21.28,50,35
22.05,100,61
22.83,4358,161
23.66,4031,217
24.45,4015,225
25.24,4015,223
26.03,4000,222
26.82,3984,224
27.61,3968,223
28.40,3953,224
29.19,3937,223
29.98,3937,225
30.77,3922,224
31.56,3922,224
32.35,3906,225
33.14,3890,225
33.89,3890,226
34.63,3844,223
35.38,3750,219
36.13,3641,221
36.88,3548,220
37.62,3454,222
38.37,3392,221
39.12,3298,223
39.87,3220,221
40.61,3142,222
41.36,3080,222
42.15,3018,224
42.94,2955,222
43.74,2893,224
44.53,2846,224
45.32,2799,224
46.12,2737,224
46.91,2690,224
47.71,2644,226
48.50,2612,226
49.29,2566,225
50.09,2519,226
50.88,2488,226
51.71,2441,225
52.51,2410,226
53.32,2379,227
54.12,2347,228
54.92,2301,229
55.72,2285,228
56.53,2254,228
57.33,2223,228
58.13,2192,229
58.93,2176,228
59.74,2160,228
60.54,2129,229
61.34,2114,231
62.10,2082,230
62.86,2067,231
63.62,2036,230
64.38,2020,230
65.14,2005,231
65.90,1989,232
66.66,1973,231
67.42,1958,231
68.18,1942,230
68.94,1927,231
69.70,1911,230
70.50,1895,230
71.30,1880,230
72.09,1864,228
72.89,1864,229
73.69,1849,229
74.48,1833,227
75.28,1818,230
76.07,1818,227
76.87,1802,227
77.67,1786,230
78.46,1786,229
79.26,1771,230
80.05,1771,232
80.87,1755,231
81.68,1755,230
82.50,882,226
83.32,882,232
84.13,882,235
84.95,898,235
85.76,914,228
86.58,1007,238
87.40,1023,229
88.21,914,220
89.03,898,234
89.82,898,239
90.60,898,240
91.37,898,237
92.15,898,240
92.93,898,238
93.71,914,231
94.48,945,236
95.26,945,242
96.04,945,242
96.82,960,243
97.59,976,238
98.37,1054,235
99.16,1069,230
99.96,1101,238
100.75,1069,242
101.55,1069,237
102.35,1101,233
103.14,1132,241
103.94,1147,226
104.73,1662,223
105.53,1693,232
106.33,1677,233
107.12,1693,238
107.92,1693,233
108.68,1708,232
109.48,1708,233
110.29,1724,232
111.09,1724,230
111.89,1412,218
112.70,1740,232
113.50,1740,227
114.31,1755,231
115.11,1755,229
115.91,1771,233
116.72,1771,231
117.52,1771,229
118.34,1786,230
119.13,1802,232
119.92,1802,230
120.71,1818,224
121.50,1833,231
122.29,1833,230
123.09,1849,232
123.88,1864,231
124.67,1880,229
125.46,1880,222
126.25,1412,223
127.04,1397,221
127.79,1381,221
128.59,1366,223
129.38,1350,220
130.18,1334,222
130.98,1319,223
131.77,1303,223
132.57,1288,222
133.36,1272,221
134.16,1256,223
134.96,1241,222
135.75,1241,223
136.55,1225,222
137.31,1210,225
138.13,1194,222
138.94,1194,222
139.76,1225,221
140.58,1256,219
141.39,1272,220
142.21,1303,215
143.02,1210,213
143.84,1397,215
144.66,90,214
145.47,90,220
146.29,90,221
147.08,90,226
147.87,97,226
148.67,93,228
149.46,91,228
150.25,98,230
151.05,94,231
151.84,92,227
152.64,91,225
153.43,90,222
154.22,1537,222
155.02,90,225
155.81,90,227
156.60,90,227
157.39,90,232
158.19,82,233
158.98,86,234
159.77,80,232
160.57,77,228
161.36,76,225
162.16,75,225
162.95,75,225
163.74,75,236
164.54,75,239
165.33,75,242
166.09,67,245
166.88,63,245
167.66,61,244
168.45,60,245
169.24,60,245
170.02,60,245
170.81,67,243
171.59,63,243
172.38,61,243
173.17,60,246
173.95,67,245
174.74,71,239
175.57,65,242
176.36,62,241
177.16,68,244
177.95,71,245
178.74,80,239
179.53,85,242
180.33,80,243
181.12,77,240
181.91,76,244
182.70,75,239
183.50,75,233
184.29,75,232
185.09,75,229
185.91,82,228
186.73,78,228
187.55,76,230
188.37,75,235
189.19,75,230
190.00,75,219
190.82,75,213
191.64,75,211
192.46,90,210
193.28,82,206
194.10,773,200
194.90,804,216
195.71,773,214
196.51,758,226
197.32,742,230
198.13,711,230
198.93,695,229
199.74,680,228
200.54,664,222
201.35,649,224
202.16,586,222
202.96,571,220
203.77,539,214
204.52,524,222
205.31,524,229
206.11,508,227
206.90,500,226
207.69,496,229
208.49,486,233
209.28,481,234
210.08,470,231
210.87,465,230
211.66,448,227
212.46,310,228
213.25,310,231
214.08,323,224
214.88,345,214
215.69,416,187
216.49,416,213
217.29,423,215
218.09,296,214
218.90,289,222
219.70,292,227
220.50,280,238
221.30,274,223
222.11,372,227
222.91,379,232
223.71,383,232
224.50,392,231
225.29,397,233
226.08,392,233
226.87,389,235
227.66,388,234
228.45,387,231
229.24,387,235
230.03,379,236
230.82,375,235
231.61,373,235
232.40,372,235
232.94,361,232
233.73,355,234
234.53,352,235
235.32,351,235
236.11,350,233
236.90,343,234
237.70,340,234
238.49,338,234
239.28,337,236
240.07,337,234
240.87,337,232
241.66,330,236
242.42,326,235
243.22,324,237
244.03,323,236
244.83,323,237
245.63,323,233
246.43,323,236
247.24,323,237
248.04,323,235
248.84,316,236
249.64,313,237
250.45,318,238
251.25,320,237
252.01,315,238
252.81,312,237
253.61,311,239
254.41,310,236
255.21,310,236
256.01,310,235
256.81,310,239
257.61,310,236
258.41,310,239
259.21,310,240
260.01,310,238
260.81,310,239
261.57,303,239
262.36,306,237
263.14,308,236
263.93,309,239
264.72,309,236
265.50,309,237
266.29,309,235
267.07,309,235
267.86,309,240
268.65,309,239
269.43,309,238
270.22,309,237
271.09,309,240
271.90,309,239
272.72,316,237
273.53,313,238
274.34,311,239
275.15,310,240
275.97,316,238
276.78,319,238
277.59,321,235
278.40,322,236
279.22,322,236
280.03,322,237
280.82,322,237
281.61,329,236
282.41,333,237
283.20,335,233
283.99,353,222
284.79,362,219
285.58,367,219
286.38,352,221
287.17,344,223
287.96,333,225
288.76,335,226
289.55,329,229
290.30,326,228
291.12,324,230
291.94,323,232
292.76,323,232
293.58,316,231
294.40,306,235
295.22,301,233
296.04,298,234
296.86,297,228
297.68,276,227
298.50,202,222
299.32,195,230
300.15,185,227
300.94,200,220
301.72,283,233
302.51,276,236
303.30,279,237
304.08,229,228
304.87,215,236
305.65,208,239
306.44,205,228
307.23,203,232
308.01,216,232
308.80,270,232
309.63,283,235
310.42,289,234
311.22,299,234
312.01,304,231
312.80,313,229
313.60,325,224
314.39,402,215
315.19,424,200
315.98,5995,216
316.77,6213,217
317.57,6151,220
318.36,6104,222
319.15,5995,217
319.95,5964,219
320.74,555,216
321.54,555,227
322.34,5855,214
323.13,5792,221
323.93,5746,223
324.72,571,219
325.52,571,229
326.32,555,230
327.11,540,214
327.91,540,216
328.71,540,215
329.58,270,213
330.45,276,216
331.31,279,219
332.18,281,224
333.05,275,225
333.92,279,228
334.79,281,226
335.66,282,214
336.52,5247,116
337.39,5231,219
338.26,5216,222
339.06,5200,223
339.85,5200,221
340.65,5216,220
341.44,5231,221
342.24,5262,221
343.03,5294,218
343.83,5356,219
344.62,5418,210
345.42,5029,213
346.21,4982,216
347.01,4982,155
347.80,4904,214
348.59,4842,214
349.31,4826,210
350.03,4857,71
350.75,4873,213
351.47,5200,87
352.19,5122,220
352.91,5247,215
353.63,5387,225
354.35,5340,223
355.07,5278,222
355.79,5216,222
356.51,5169,225
357.27,5122,221
358.06,5060,220
358.86,5013,222
359.65,4982,222
0.45,5044,220
1.24,5169,223
2.04,5169,221
2.83,5122,212
3.63,5091,116
4.42,5044,122
5.22,4997,187
6.01,5013,158
6.84,4857,216
7.61,4873,221
8.39,4857,212
9.16,45,71
9.93,45,61
10.70,6556,212
11.48,60,58
12.25,67,93
13.02,71,61
13.79,103,58
14.57,4561,224
15.34,4545,224
16.14,4514,218
16.95,6244,213
17.76,6229,174
18.56,60,71
19.37,124,48
20.18,107,35
20.99,61,54
21.80,53,48
22.61,102,54
23.41,4343,216
24.22,4031,223
25.03,4015,224
25.79,4000,224
26.58,3984,225
27.38,3969,223
28.17,3969,223
28.97,3953,224
29.76,3938,223
30.56,3922,224
31.35,3922,225
32.15,3906,226
32.94,3906,223
33.74,3891,225
34.53,3891,225
35.36,3797,220
36.09,3704,220
36.82,3595,220
37.55,3517,220
38.28,3423,221
39.01,3345,221
39.74,3267,221
40.47,3189,223
41.20,3111,222
41.93,3049,222
42.66,2987,223
43.39,2940,223
44.19,2878,223
44.98,2831,224
45.77,2769,225
46.57,2722,225
47.36,2675,224
48.15,2628,224
48.94,2597,227
49.73,2550,226
50.52,2519,227
51.32,2472,226
52.11,2426,225
52.90,2395,225
53.66,2363,229
54.45,2332,228
55.25,2301,228
56.04,2270,228
56.84,2255,230
57.63,2223,230
58.43,2192,230
59.22,2161,230
60.02,2145,230
60.81,2114,229
61.61,2099,231
62.40,2083,230
63.19,2052,231
63.97,2036,230
64.74,2021,231
65.52,2005,232
66.30,1974,231
67.07,1958,231
67.85,1943,230
68.62,1927,229
69.40,1912,229
70.18,1896,231
70.95,1896,228
71.73,1880,231
72.52,1865,231
73.32,1849,228
74.11,1849,226
74.91,1834,229
75.70,1818,228
76.50,1803,229
77.29,1803,230
78.09,1787,230
78.88,1771,230
79.68,1771,230
80.47,1756,229
81.27,1756,232
82.06,1756,228
82.84,899,228
83.62,883,234
84.40,883,234
85.18,899,235
85.96,945,227
86.73,1023,239
87.51,1023,224
88.29,914,226
89.07,899,232
89.85,883,236
90.63,899,241
91.39,899,239
92.17,899,239
92.94,899,238
93.72,929,231
94.49,945,239
95.27,945,243
96.04,945,243
96.82,961,242
97.59,992,235
98.37,1039,237
99.14,1070,232
99.92,1085,240
100.72,1070,240
101.51,1070,237
102.31,1101,233
103.10,1132,240
103.90,1163,225
104.69,1662,227
105.49,1693,234
106.28,1678,233
107.08,1693,238
107.87,1709,232
108.67,1709,233
109.46,1709,232
110.25,1724,232
111.07,1709,229
111.89,1413,217
112.71,1740,231
113.53,1755,226
114.35,1755,231
115.16,1755,230
115.98,1755,233
116.80,1771,230
117.62,1787,231
118.44,1787,230
119.26,1802,232
120.05,1802,231
120.82,1818,226
121.60,1833,229
122.37,1833,231
123.14,1849,230
123.91,1865,231
124.69,1880,233
125.46,1896,223
126.23,1413,222
127.00,1397,221
127.78,1381,221
128.55,1366,220
129.38,1350,221
130.17,1335,221
130.96,1319,221
131.76,1303,222
132.55,1288,221
133.34,1272,223
134.13,1257,221
134.92,1257,222
135.71,1241,221
136.51,1226,222
137.30,1210,222
138.09,1194,221
138.88,1194,222
139.70,1226,220
140.52,1257,221
141.34,1288,220
142.16,1303,215
142.98,1350,212
143.79,1381,213
144.61,105,215
145.43,105,218
146.25,97,220
147.07,93,223
147.89,91,226
148.68,90,229
149.47,90,228
150.27,90,230
151.06,90,232
151.85,90,229
152.64,90,228
153.44,97,224
154.23,1537,220
155.02,90,225
155.81,90,227
156.61,90,231
157.40,82,230
158.19,78,233
158.98,76,231
159.77,75,228
160.56,75,231
161.35,75,227
162.14,75,223
162.94,67,228
163.73,63,236
164.52,69,240
165.31,72,243
166.10,66,243
166.89,63,244
167.65,61,247
168.46,60,245
169.26,60,246
170.07,60,246
170.87,60,243
171.68,67,244
172.48,63,243
173.29,61,246
174.09,68,246
174.90,71,241
175.70,73,242
176.51,74,244
177.31,74,245
178.10,74,243
178.89,74,241
179.68,74,238
180.47,74,242
181.26,74,242
182.06,74,239
182.85,74,240
183.64,74,234
184.43,82,231
185.22,78,229
186.01,84,229
186.84,87,229
187.66,81,229
188.48,85,235
189.30,87,229
190.12,96,218
190.94,85,214
191.75,87,211
192.57,96,212
193.39,85,174
194.21,774,210
195.03,805,217
195.85,774,214
196.64,758,227
197.43,742,229
198.23,711,230
199.02,696,227
199.81,680,226
200.60,664,221
201.40,649,226
202.19,571,220
202.98,571,219
203.77,540,215
204.57,524,223
205.36,524,225
206.12,509,226
206.92,509,227
207.71,493,228
208.51,485,233
209.31,473,235
210.11,467,229
210.90,456,230
211.70,443,231
212.50,310,229
213.30,310,232
214.09,323,222
214.89,402,213
215.65,402,210
216.44,402,213
217.22,416,214
218.01,296,215
218.79,289,223
219.58,286,228
220.36,277,235
221.15,280,222
221.93,337,225
222.72,387,230
223.50,387,230
224.29,394,232
225.12,398,232
225.92,392,232
226.73,389,234
227.53,388,234
228.33,387,234
229.13,379,233
229.94,383,232
230.74,377,234
231.54,374,235
232.34,373,231
233.15,361,233
233.95,355,234
234.71,352,234
235.51,344,234
236.30,340,237
237.10,338,235
237.90,337,235
238.70,337,234
239.49,337,234
240.29,330,236
241.09,333,234
241.89,328,236
242.68,325,236
243.48,324,234
244.28,323,235
245.07,323,234
245.86,323,237
246.65,323,237
247.44,323,234
248.23,323,237
249.01,316,238
249.80,313,237
250.59,311,237
251.38,310,238
252.17,310,238
252.96,310,235
253.75,310,238
254.54,310,239
255.33,310,238
256.12,310,238
256.91,310,238
257.70,310,236
258.48,310,239
259.27,310,238
260.06,310,242
260.85,310,238
261.64,310,237
262.43,310,237
263.19,310,240
263.99,310,239
264.79,310,236
265.59,310,238
266.39,310,236
267.19,310,238
268.00,310,237
268.80,310,238
269.60,310,237
270.40,310,236
271.20,310,236
272.00,310,236
272.76,316,237
273.57,319,237
274.37,314,240
275.18,318,236
275.98,320,240
276.79,315,239
277.59,319,236
278.40,321,239
279.20,322,239
280.01,322,238
280.81,322,238
281.62,329,235
282.45,333,235
283.24,335,232
284.03,351,225
284.83,359,219
285.62,363,218
286.41,350,221
287.20,343,223
287.99,340,226
288.78,338,230
289.58,337,229
290.37,330,232
291.16,320,230
291.95,321,229
292.77,315,233
293.58,312,234
294.40,311,233
295.21,303,235
296.03,299,231
296.84,291,230
297.66,293,228
298.47,189,221
299.29,189,227
300.10,189,226
300.92,202,221
301.71,283,231
302.50,283,236
303.29,283,236
304.08,242,230
304.87,215,237
305.66,208,236
306.44,191,228
307.23,196,234
308.02,219,233
308.81,269,231
309.60,282,237
310.39,296,236
311.19,303,234
311.98,306,232
312.78,314,230
313.57,325,222
314.37,346,215
315.16,446,210
315.96,5995,215
316.75,6228,217
317.55,6150,222
318.34,6104,219
319.14,5995,217
319.93,5948,220
320.72,555,216
321.51,555,229
322.31,5854,213
323.10,5808,221
323.90,5761,222
324.69,586,218
325.49,571,227
326.28,571,229
327.08,539,216
327.87,539,218
328.67,539,214
329.46,283,213
330.22,276,215
331.05,279,217
331.88,281,223
332.72,275,225
333.55,279,228
334.38,281,229
335.21,282,217
336.04,296,122
336.87,5231,217
337.71,5215,222
338.54,5215,223
339.37,5215,222
340.17,5215,221
340.96,5231,221
341.75,5262,220
342.53,5293,219
343.32,5356,219
344.11,5402,212
344.90,5028,211
345.69,4981,216
346.48,4966,184
347.26,4904,215
348.05,4857,211
348.84,4841,214
349.60,135,61
350.34,4857,213
351.08,4966,138
351.81,5122,216
352.55,5231,219
353.29,5402,225
354.03,5356,224
354.77,5293,223
355.51,5215,222
356.24,5169,222
356.98,5122,223
357.72,5075,222
358.51,5028,221
359.31,4981,223
0.10,5013,219
0.90,5122,219
1.69,5184,224
2.49,5137,213
3.28,5106,210
4.08,60,113
4.87,4997,142
5.67,4966,122
6.46,4888,215
7.26,4810,219
7.93,4857,218
8.72,120,61
9.51,112,84
10.31,6540,210
11.10,6524,126
11.89,45,71
12.68,67,71
13.47,86,77
14.26,4592,220
15.06,4545,225
15.85,4529,225
16.64,6244,212
17.44,6213,211
18.25,135,58
19.07,97,61
19.88,56,64
20.69,58,61
21.51,51,80
22.32,63,71
23.14,4358,214
23.95,4031,224
24.76,4015,223
25.58,4000,225
26.39,4000,222
27.18,3984,223
27.98,3968,224
28.77,3953,224
29.57,3937,224
30.36,3937,224
31.16,3922,224
31.95,3906,226
32.75,3906,225
33.54,3890,224
34.34,3875,226
35.13,3813,219
35.93,3703,219
36.68,3610,221
37.44,3516,222
38.20,3423,222
38.97,3345,221
39.73,3267,221
40.49,3189,223
41.25,3127,222
42.01,3064,222
42.77,3002,223
43.54,2940,223
44.30,2877,224
45.06,2831,223
45.89,2768,226
46.69,2722,225
47.50,2675,224
48.30,2644,225
49.10,2597,224
49.91,2550,225
50.71,2503,226
51.52,2472,227
52.32,2441,228
53.12,2410,226
53.93,2363,228
54.73,2347,230
55.53,2301,229
56.32,2270,229
57.12,2238,227
57.91,2223,230
58.71,2192,227
59.50,2176,228
60.30,2145,230
61.09,2114,230
61.89,2098,229
62.68,2067,231
63.48,2051,229
64.27,2036,231
65.03,2020,232
65.78,2005,232
66.53,1989,231
67.27,1973,231
68.02,1942,230
68.77,1927,231
69.52,1911,230
70.27,1895,231
71.02,1895,230
71.76,1880,230
72.51,1864,229
73.26,1849,231
74.05,1849,225
74.85,1818,229
75.66,1818,230
76.46,1802,229
77.27,1802,228
78.07,1786,230
78.88,1771,230
79.68,1771,231
80.49,1755,230
81.29,1755,230
82.10,1755,225
82.90,882,230
83.69,882,233
84.49,898,234
85.28,898,232
86.08,945,229
86.87,1023,238
87.67,1038,221
88.46,914,227
89.26,898,235
90.05,898,241
90.85,898,237
91.64,898,240
92.44,898,237
93.19,898,236
93.97,929,232
94.76,945,240
95.54,945,242
96.33,945,241
97.11,976,240
97.90,991,235
98.68,1054,236
99.47,1069,233
100.25,1085,237
101.04,1069,239
101.82,1069,240
102.61,1116,233
103.40,1132,236
104.19,1194,224
104.98,1693,231
105.77,1693,233
106.56,1693,234
107.34,1693,234
108.13,1693,231
108.92,1708,234
109.71,1708,233
110.50,1724,235
111.29,1724,222
112.08,1740,222
112.88,1740,232
113.69,1755,224
114.49,1755,231
115.29,1755,231
116.10,1771,232
116.90,1771,229
117.71,1786,232
118.51,1786,231
119.31,1802,229
120.12,1802,229
120.92,1818,223
121.72,1833,232
122.51,1833,230
123.30,1864,233
124.09,1864,230
124.88,1880,231
125.67,1443,216
126.47,1412,223
127.26,1397,222
128.05,1381,221
128.84,1366,220
129.63,1334,221
130.42,1334,222
131.21,1303,221
132.00,1288,222
132.79,1288,221
133.59,1272,224
134.38,1256,222
135.17,1241,223
135.96,1225,219
136.75,1225,223
137.54,1210,222
138.34,1194,221
139.13,1194,222
139.92,1225,218
140.75,1256,219
141.55,1288,219
142.34,1210,216
143.14,1350,214
143.94,105,212
144.74,112,214
145.53,108,220
146.33,99,223
147.13,94,225
147.93,92,228
148.72,91,229
149.52,90,232
150.31,90,231
151.15,90,229
151.98,90,226
152.82,82,223
153.66,93,224
154.50,91,221
155.33,98,224
156.17,94,229
157.01,84,232
157.85,79,232
158.68,84,235
159.52,79,229
160.31,77,230
161.10,76,226
161.89,75,225
162.67,75,225
163.46,75,230
164.25,67,236
165.04,63,241
165.83,61,243
166.62,68,243
167.40,64,247
168.19,62,245
168.98,61,244
169.81,60,244
170.58,60,245
171.36,60,241
172.13,60,244
172.91,67,247
173.68,63,246
174.46,69,239
175.23,72,241
176.01,73,242
176.78,74,243
177.56,74,242
178.33,74,241
179.13,74,241
179.94,74,241
180.75,74,246
181.56,74,244
182.37,74,241
183.18,74,235
183.99,82,232
184.80,78,231
185.61,76,227
186.42,83,227
187.23,79,228
188.04,77,234
188.80,76,234
189.59,75,220
190.38,82,216
191.18,101,212
191.97,95,212
192.76,92,210
193.55,98,206
194.34,789,210
195.13,789,215
195.93,773,221
196.72,758,229
197.51,742,228
198.34,711,226
199.14,680,226
199.95,664,226
200.75,649,220
201.55,633,224
202.36,571,223
203.16,555,214
203.97,539,219
204.77,524,225
205.57,508,228
206.38,508,227
207.18,500,226
207.97,488,227
208.77,482,231
209.56,471,233
210.36,465,230
211.15,455,230
211.95,402,223
212.74,310,230
213.54,310,226
214.33,323,223
215.13,336,190
215.92,416,212
216.72,416,216
217.43,423,214
218.23,296,218
219.02,289,221
219.82,286,232
220.61,277,235
221.41,337,224
222.20,352,227
223.00,369,230
223.79,378,233
224.59,382,232
225.38,392,233
226.18,380,232
226.93,383,233
227.71,385,238
228.49,386,235
229.26,377,230
230.04,372,234
230.82,370,232
231.60,369,232
232.38,368,235
233.16,359,233
233.93,354,234
234.71,352,234
235.49,344,232
236.25,340,233
237.04,338,235
237.84,337,234
238.63,337,236
239.43,337,234
240.22,330,236
241.02,326,235
241.81,324,237
242.61,323,235
243.40,323,237
244.20,323,236
244.99,323,235
245.78,316,235
246.57,319,237
247.36,321,238
248.16,322,233
248.95,316,235
249.74,313,236
250.53,311,237
251.32,310,237
252.11,310,236
252.91,310,239
253.70,310,238
254.49,310,238
255.35,310,237
256.16,310,237
256.98,310,238
257.79,310,238
258.60,310,238
259.42,296,238
260.23,303,238
261.05,306,239
261.86,308,239
262.67,309,238
263.49,309,238
264.30,309,238
265.09,309,240
265.88,309,237
266.67,309,237
267.47,309,237
268.26,309,238
269.05,309,239
269.84,309,237
270.63,309,237
271.42,309,238
272.22,309,235
273.01,309,237
273.80,309,237
274.60,309,238
275.39,309,236
276.18,309,236
276.97,316,238
277.76,319,235
278.55,321,238
279.35,322,237
280.14,322,235
280.93,322,236
281.72,329,236
282.51,326,233
283.30,331,232
284.09,340,224
284.90,354,220
285.70,361,220
286.51,355,222
287.32,346,223
288.13,334,223
288.93,335,229
289.74,329,227
290.55,326,229
291.36,324,228
292.16,323,231
292.97,323,231
293.80,309,234
294.59,309,231
295.38,309,234
296.16,296,232
296.95,303,232
297.74,293,226
298.53,189,221
299.32,189,229
300.11,189,227
300.89,215,223
301.68,283,231
302.47,283,236
303.23,283,237
304.07,276,231
304.90,202,236
305.74,202,234
306.58,202,229
307.41,202,235
308.25,215,230
309.08,296,231
309.92,303,234
310.76,306,235
311.59,308,233
312.43,309,231
313.19,309,232
313.98,323,223
314.77,387,216
315.57,446,180
316.36,5979,215
317.15,6228,217
317.94,6182,220
318.73,6104,220
319.52,5995,218
320.32,5963,219
321.11,555,215
321.90,555,225
322.73,5839,213
323.51,5792,223
324.30,5761,224
325.08,571,219
325.87,571,228
326.65,571,227
327.44,555,215
328.22,539,216
329.01,539,215
329.79,283,212
330.58,276,216
331.36,272,218
332.19,270,225
333.01,276,225
333.83,279,228
334.65,281,226
335.47,288,214
336.29,105,103
337.12,5231,219
337.94,5215,223
338.76,5215,222
339.58,5200,221
340.40,5215,221
341.22,5231,220
342.01,5262,220
342.81,5293,220
343.60,5371,219
344.40,5402,212
345.20,5044,214
346.00,4997,216
346.79,4981,145
347.59,4904,215
348.39,4857,215
349.19,4857,212
349.98,90,80
350.78,4872,214
351.57,105,90
352.30,5122,218
353.03,5246,219
353.76,5387,224
354.49,5324,224
355.22,5278,221
355.96,5215,223
356.69,5169,223
357.42,5122,222
358.15,5059,221
358.88,5013,223
359.61,4981,223
0.40,5028,221
1.16,5153,220
1.93,5153,225
2.69,5122,211
3.45,5106,109
4.22,5028,96
4.98,4997,168
5.75,4950,168
6.51,4888,218
7.27,4826,220
8.04,4857,214
8.80,105,67
9.60,105,67
10.40,6540,212
11.19,6509,74
11.99,105,77
12.79,90,67
13.58,67,58
14.38,4560,220
15.17,4545,225
15.97,4529,220
16.77,6244,212
17.56,6212,193
18.36,75,74
19.12,97,42
19.94,63,61
20.75,46,48
21.57,45,54
22.38,82,58
23.20,4358,216
24.01,4030,223
24.83,4015,224
25.64,3999,223
26.46,3984,223
27.27,3968,223
28.09,3968,224
28.92,3952,223
29.69,3937,224
30.46,3921,226
31.23,3921,223
32.00,3906,225
32.77,3906,225
33.55,3890,226
34.32,3890,228
35.09,3797,219
35.86,3688,219
36.63,3578,220
37.40,3485,219
37.94,3407,220
38.74,3345,222
39.53,3251,222
40.33,3189,222
41.13,3111,221
41.92,3049,221
42.72,2986,224
43.51,2924,224
44.31,2861,222
45.11,2815,227
45.90,2768,222
46.70,2721,225
47.46,2674,226
48.28,2628,225
49.09,2581,227
49.91,2550,225
50.72,2503,227
51.54,2472,226
52.35,2425,227
53.17,2394,229
53.98,2363,228
54.80,2332,227
55.61,2300,228
56.43,2269,227
57.26,2238,229
58.05,2222,229
58.84,2191,228
59.63,2160,230
60.42,2145,231
61.21,2113,229
62.01,2098,230
62.80,2067,229
63.59,2051,230
64.38,2020,231
65.17,2020,231
65.96,1989,230
66.75,1989,232
67.52,1957,231
68.28,1942,231
69.05,1926,231
69.82,1911,232
70.59,1895,229
71.35,1895,230
72.12,1880,228
72.89,1864,229
73.66,1848,230
74.42,1833,224
75.19,1817,228
75.94,1802,228
76.73,1802,230
77.52,1786,229
78.31,1786,228
79.10,1770,231
79.89,1770,230
80.68,1755,230
81.47,1755,232
82.26,898,222
83.05,898,231
83.84,898,232
84.63,898,233
85.42,913,232
86.21,991,234
87.01,1022,235
87.80,1038,214
88.59,898,231
89.39,898,234
90.18,898,241
90.98,898,240
91.77,882,238
92.56,882,234
93.36,898,232
94.15,944,236
94.95,944,240
95.74,944,240
96.54,944,241
97.33,976,242
98.12,1022,232
98.91,1053,233
99.71,1085,235
100.50,1085,242
101.29,1069,237
102.08,1085,234
102.88,1131,238
103.67,1131,231
104.43,1661,218
105.25,1693,235
106.07,1661,233
106.89,1693,237
107.71,1708,234
108.53,1708,232
109.34,1708,234
110.16,1708,232
110.98,1724,231
111.80,1396,222
112.62,1739,231
113.44,1739,230
114.27,1755,227
115.06,1755,230
115.85,1770,230
116.64,1770,230
117.43,1770,229
118.22,1786,229
119.01,1786,230
119.80,1802,231
120.59,1817,226
121.38,1833,228
122.17,1833,231
122.96,1848,229
123.76,1864,232
124.55,1880,230
125.34,1880,225
126.13,1428,220
126.92,1396,221
127.71,1381,221
128.49,1365,220
129.28,1349,220
130.07,1334,221
130.86,1303,222
131.65,1303,223
132.44,1287,223
133.24,1272,222
134.08,1256,222
134.91,1256,222
135.75,1240,222
136.58,1225,222
137.42,1209,222
138.25,1194,222
139.09,1194,223
139.92,1225,221
140.76,1256,218
141.59,1287,220
142.43,1209,213
143.22,1303,213
144.01,90,212
144.79,97,217
145.58,93,218
146.37,91,222
147.16,83,225
147.94,86,229
148.73,88,230
149.52,96,229
150.31,93,229
151.09,91,228
151.88,90,228
152.67,97,223
153.49,86,221
154.31,88,221
155.13,89,225
155.95,82,230
156.77,78,233
157.59,84,231
158.41,79,232
159.23,77,233
160.05,76,229
160.87,75,226
161.69,67,225
162.48,71,223
163.28,73,228
164.07,74,234
164.87,74,244
165.67,74,244
166.47,67,246
167.26,63,246
168.06,61,244
168.86,60,246
169.66,60,245
170.45,67,244
171.25,63,242
172.58,61,243
173.37,60,244
174.16,60,246
174.95,67,241
175.74,71,240
176.53,73,242
177.32,74,243
178.11,74,245
178.90,74,242
179.69,74,239
180.48,74,244
181.27,74,243
182.06,74,242
182.87,82,239
183.67,78,237
184.48,84,232
185.29,87,227
186.09,88,227
186.90,89,226
187.70,89,231
188.51,82,233
189.32,86,227
190.12,88,216
190.93,89,213
191.72,97,210
192.52,101,212
193.31,103,190
194.11,119,174
194.91,804,214
195.71,773,214
196.50,773,227
197.30,742,230
198.10,726,227
198.90,695,228
199.69,664,224
200.49,664,224
201.25,633,224
202.06,601,220
202.86,570,221
203.67,539,218
204.47,539,223
205.28,523,227
206.08,508,229
206.89,500,227
207.69,496,228
208.50,486,231
209.30,473,232
210.11,466,232
210.91,463,229
211.68,439,227
212.45,309,230
213.22,309,229
213.99,322,222
214.76,386,212
215.53,401,210
216.30,408,215
217.07,419,215
217.84,296,213
218.61,296,223
219.38,289,228
220.21,285,234
221.00,277,225
221.80,350,227
222.59,356,231
223.38,371,229
224.18,386,231
224.97,386,232
225.77,386,233
226.56,386,234
227.35,386,237
228.15,386,233
228.94,386,232
229.69,374,235
230.49,368,234
231.28,365,233
232.08,364,232
232.88,357,232
233.67,346,236
234.47,348,232
235.26,349,236
236.06,349,234
236.86,342,235
237.65,339,234
238.45,337,234
239.25,336,234
240.04,336,235
240.82,329,233
241.61,326,234
242.40,324,236
243.18,323,235
243.97,323,234
244.75,323,235
245.54,323,235
246.33,323,235
247.11,316,236
247.90,312,234
248.69,310,238
249.48,309,237
250.28,309,236
251.07,309,238
251.86,309,236
252.66,309,237
253.45,309,238
254.25,309,238
255.04,309,237
255.83,309,236
256.63,309,237
257.42,309,236
258.18,309,238
258.96,309,238
259.74,309,237
260.52,309,239
261.30,309,239
262.08,309,238
262.86,309,238
263.64,309,236
264.42,302,237
265.20,305,238
265.98,307,235
266.76,308,236
267.63,308,237
268.42,308,236
269.21,308,237
270.00,308,236
270.79,308,236
271.58,308,236
272.37,315,237
273.16,312,238
273.95,310,235
274.74,309,241
275.53,316,237
276.32,312,234
277.11,317,235
277.91,320,235
278.72,321,236
279.52,322,236
280.32,322,236
281.12,322,235
281.93,329,235
282.73,332,235
283.53,341,232
284.33,352,223
285.14,344,219
285.94,347,220
286.70,341,222
287.52,338,225
288.35,337,226
289.17,336,228
289.99,322,227
290.81,329,230
291.64,319,234
292.46,307,233
293.28,308,232
294.10,308,235
294.93,302,233
295.75,299,234
296.51,311,233
297.30,303,229
298.09,286,227
298.88,188,222
299.67,188,226
300.46,181,227
301.25,269,224
302.04,269,234
302.83,275,235
303.62,278,235
304.41,215,233
305.20,208,238
305.99,205,237
306.77,196,229
307.55,199,234
308.33,220,230
309.11,296,234
309.89,296,235
310.67,302,236
311.45,305,233
312.23,314,230
313.01,318,226
313.79,327,221
314.57,416,216
315.37,430,126
316.16,5994,218
316.96,6212,220
317.75,6150,220
318.54,6088,219
319.34,5963,219
320.13,5979,218
320.93,555,219
321.72,555,226
322.51,5838,215
323.31,5792,222
324.10,5760,222
324.89,570,222
325.68,570,230
326.48,555,227
327.27,539,216
328.06,539,218
328.86,539,214
329.65,282,215
330.45,282,216
331.24,282,217
332.03,282,223
332.83,282,223
333.62,282,231
334.45,282,225
335.28,282,213
336.10,5262,155
336.93,5231,218
337.76,5215,222
338.58,5215,222
339.41,5199,221
340.23,5215,221
341.06,5231,220
341.89,5262,220
342.71,5308,220
343.54,5355,219
344.33,5402,212
345.07,5028,212
345.81,4981,215
346.55,4966,171
347.29,4903,216
348.03,4856,213
348.77,4841,212
349.51,135,74
350.25,4872,214
350.99,5028,71
351.73,5121,219
352.47,5246,218
353.23,5386,224
354.02,5324,223
354.82,5277,222
355.61,5231,224
356.41,5168,222
357.20,5121,220
358.00,5075,223
358.79,5028,221
359.59,4981,222
0.38,5012,220
1.18,5137,221
1.97,5168,223
2.80,5153,214
3.59,5106,168
4.37,75,87
5.16,5028,151
5.94,4950,171
6.73,4856,217
7.51,4856,219
8.30,4856,217
9.08,45,67
9.87,52,67
10.65,6540,211
11.44,6509,113
12.24,60,77
13.03,52,93
13.83,86,61
14.62,4560,220
15.42,4545,225
16.21,4529,222
17.01,6244,211
17.80,6212,211
18.60,30,61
19.39,45,71
20.19,75,42
20.98,67,61
21.77,86,67
22.55,73,67
23.32,4342,214
24.10,4030,223
24.88,4015,224
25.65,3999,224
26.43,3999,225
27.20,3968,223
27.98,3968,223
28.76,3952,224
29.53,3937,223
30.31,3921,223
31.10,3921,225
31.87,3906,226
32.65,3906,225
33.42,3890,225
34.19,3890,225
34.96,3828,220
35.74,3688,218
36.51,3610,220
37.28,3532,221
38.05,3423,221
38.83,3345,221
39.60,3267,222
40.39,3189,221
41.18,3126,222
41.98,3049,222
42.77,3002,223
43.57,2939,224
44.36,2877,223
45.16,2815,224
45.95,2768,224
46.75,2721,225
47.54,2674,225
48.34,2628,226
49.13,2581,227
49.93,2550,224
50.71,2519,227
51.49,2472,226
52.27,2441,229
53.05,2394,225
53.83,2363,228
54.60,2332,227
55.38,2300,227
56.16,2269,228
56.94,2238,228
57.72,2222,228
58.50,2191,228
59.26,2160,230
60.09,2145,229
60.92,2113,230
61.76,2098,230
62.59,2067,230
63.42,2051,231
64.25,2035,231
65.08,2020,231
65.91,2004,230
66.75,1973,230
67.58,1957,231
68.41,1942,229
69.24,1926,229
70.03,1911,231
70.82,1895,230
71.61,1880,230
72.40,1880,230
73.19,1864,229
73.99,1848,229
74.78,1833,223
75.57,1833,229
76.36,1817,231
77.15,1802,230
77.94,1786,231
78.74,1786,232
79.51,1770,230
80.27,1770,232
81.04,1755,231
81.80,1755,230
82.57,898,221
83.33,882,231
84.10,882,233
84.86,898,233
85.63,914,230
86.39,991,235
87.16,1023,237
87.92,1038,215
88.71,898,231
89.51,898,236
90.30,898,241
91.10,898,238
91.89,898,239
92.69,898,237
93.48,914,231
94.28,945,236
95.07,945,242
95.87,945,242
96.66,960,241
97.58,976,238
98.37,1007,234
99.16,1054,236
99.95,1085,236
100.74,1069,241
101.53,1069,239
102.33,1085,235
103.12,1132,238
103.91,1147,230
104.70,1677,220
105.49,1693,234
106.28,1693,235
107.08,1677,235
107.86,1693,235
108.64,1708,233
109.42,1708,232
110.20,1724,231
110.98,1724,231
111.75,1412,223
112.53,1724,229
113.31,1740,231
114.09,1755,227
114.87,1755,231
115.65,1755,231
116.40,1771,230
117.20,1771,230
117.99,1786,229
118.79,1786,228
119.58,1802,230
120.38,1818,228
121.17,1818,229
121.97,1833,230
122.76,1849,230
123.56,1864,230
124.35,1864,232
125.15,1880,229
125.98,1428,221
126.77,1412,222
127.55,1397,222
128.34,1381,222
129.12,1366,221
129.91,1334,223
130.69,1319,222
131.48,1303,223
132.26,1288,222
133.05,1272,220
133.83,1256,223
134.62,1256,221
135.41,1241,222
136.21,1225,222
137.02,1210,223
137.82,1210,222
138.62,1194,223
139.42,1210,222
140.23,1241,220
141.03,1272,219
141.83,1303,218
142.63,1210,218
143.44,1381,215
144.24,105,215
145.00,120,217
145.80,105,220
146.60,97,223
147.40,93,225
148.20,91,227
149.00,90,231
149.81,90,232
150.61,90,230
151.41,90,228
152.21,90,228
153.01,90,225
153.81,90,222
154.57,90,221
155.39,90,224
156.20,90,230
157.02,82,230
157.83,78,235
158.65,76,234
159.46,75,230
160.28,82,226
161.09,78,226
161.91,76,227
162.72,75,224
163.54,75,232
164.37,67,237
165.18,63,244
166.00,61,244
166.81,60,245
167.63,67,247
168.44,63,247
169.26,61,245
170.07,60,246
170.89,67,242
171.70,63,243
172.52,61,243
173.33,60,245
174.13,67,246
174.93,71,239
175.73,73,239
176.52,66,245
177.32,70,243
178.12,72,244
178.92,73,241
179.72,74,238
180.52,74,242
181.31,74,243
182.11,74,243
182.91,82,240
183.66,78,235
184.46,76,232
185.27,75,230
186.07,75,227
186.87,82,226
187.67,78,230
188.48,84,234
189.28,79,232
190.08,84,220
190.88,87,214
191.69,81,211
192.49,115,210
193.25,125,210
194.05,758,187
194.84,804,212
195.64,804,214
196.44,773,224
197.24,742,230
198.03,727,227
198.83,695,228
199.63,680,224
200.43,664,225
201.22,649,223
202.02,617,223
202.76,571,222
203.56,539,213
204.35,539,221
205.15,524,228
205.95,508,226
206.75,508,226
207.54,500,229
208.34,488,227
209.14,482,234
209.94,471,231
210.73,458,233
211.53,452,230
212.29,323,222
213.07,316,231
213.85,313,223
214.63,325,218
215.41,416,187
216.19,423,212
216.96,427,218
217.74,414,213
218.52,296,220
219.30,296,221
220.08,289,234
220.86,279,229
221.66,368,226
222.45,377,229
223.25,382,230
224.04,384,232
224.84,393,231
225.63,397,232
226.43,392,231
227.22,389,232
228.02,378,235
228.81,382,236
229.61,375,233
230.40,371,234
231.19,360,233
231.98,364,233
232.78,366,233
233.57,367,232
234.36,358,234
235.15,354,236
235.95,352,235
236.74,351,234
237.53,344,235
238.32,340,235
239.12,338,234
239.91,330,234
240.67,333,235
241.44,328,237
242.21,325,236
242.99,324,234
243.76,323,236
244.53,323,236
245.30,323,236
246.07,323,236
246.84,316,237
247.62,319,235
248.39,314,237
249.16,312,238
249.96,317,235
250.75,313,236
251.54,311,236
252.33,310,235
253.12,310,237
253.91,310,237
254.71,310,237
255.50,310,237
256.29,310,238
257.08,310,237
257.87,310,239
258.66,310,238
259.46,310,239
260.29,310,238
261.11,310,238
261.94,310,237
262.76,310,238
263.59,310,240
264.41,310,237
265.24,310,237
266.06,310,239
266.89,310,240
267.71,310,240
268.54,310,235
269.29,310,236
270.09,310,237
270.90,310,237
271.70,310,236
272.50,310,238
273.30,310,237
274.11,310,239
274.91,316,235
275.71,319,238
276.51,321,238
277.32,322,237
278.12,322,235
278.91,322,234
279.70,322,237
280.50,322,234
281.29,322,237
282.09,322,237
282.88,329,239
283.68,333,229
284.47,350,224
285.27,368,217
286.06,368,219
286.86,352,220
287.65,344,222
288.41,333,225
289.19,335,227
289.97,329,229
290.75,319,230
291.53,321,230
292.31,315,231
293.08,319,234
293.86,314,234
294.64,318,229
295.42,307,232
296.20,295,232
296.98,295,231
297.74,295,226
298.54,189,227
299.34,189,230
300.13,189,227
300.93,283,224
301.73,283,232
302.53,283,237
303.33,283,236
304.13,215,234
304.92,208,237
305.72,198,235
306.52,200,233
307.58,207,235
308.37,224,230
309.17,296,235
309.96,296,235
310.76,303,236
311.55,306,234
312.35,314,232
313.14,318,229
313.94,327,222
314.73,446,214
315.53,75,116
316.32,6010,216
317.11,6213,219
317.90,6150,219
318.70,6072,220
319.49,5963,219
320.29,5979,217
321.08,555,219
321.88,555,226
322.67,5823,218
323.47,5792,222
324.26,5745,221
325.06,571,224
325.85,571,229
326.65,555,223
327.45,539,216
328.24,539,219
329.04,539,212
329.84,283,214
330.64,283,217
331.43,283,220
332.23,283,221
333.03,283,226
333.83,283,230
334.62,283,223
335.42,289,211
336.18,5246,184
337.01,5231,222
337.83,5215,221
338.66,5215,223
339.48,5200,222
340.31,5215,221
341.13,5246,220
341.96,5278,220
342.78,5324,220
343.61,5371,219
344.43,75,74
345.26,5028,216
346.05,4966,216
346.80,4935,187
347.54,4904,211
348.29,4857,217
349.04,4826,109
349.79,4857,155
350.53,4904,214
351.28,5122,171
352.03,5184,220
352.78,5418,218
353.52,5371,224
354.27,5309,223
355.06,5262,220
355.86,5200,220
356.65,5153,222
357.45,5106,219
358.25,5044,221
359.05,5013,222
359.84,4981,223
0.64,5075,219
1.44,5184,225
2.24,5137,220
3.03,5122,210
3.83,5059,100
4.58,5028,155
5.36,4997,151
6.13,4935,210
6.91,4841,216
7.69,4872,221
8.47,4857,148
9.24,105,58
10.02,6540,80
10.80,6524,211
11.58,45,80
12.35,37,64
13.13,48,64
13.96,4607,210
14.73,4561,223
15.49,4545,224
16.26,4529,213
17.03,6244,214
17.80,6213,100
18.56,60,42
19.33,60,54
20.10,60,45
20.87,52,54
21.63,93,74
22.40,84,77
22.97,4358,214
23.76,4031,224
24.56,4015,224
25.35,4000,224
26.14,3984,223
26.94,3968,224
27.73,3953,225
28.53,3953,224
29.32,3937,224
30.11,3922,224
30.91,3922,226
31.70,3906,224
32.49,3906,225
33.28,3890,225
34.07,3875,227
34.86,3750,219
35.65,3657,219
36.44,3579,219
37.23,3485,222
38.02,3392,223
38.81,3314,220
39.60,3251,221
40.39,3174,222
41.18,3111,222
41.97,3033,221
42.76,2971,223
43.55,2909,223
44.34,2862,222
45.13,2799,223
45.92,2753,223
46.72,2706,224
47.51,2659,225
48.30,2628,225
49.09,2581,226
49.88,2534,226
50.67,2503,226
51.46,2457,226
52.26,2410,226
53.07,2394,227
53.87,2363,227
54.67,2332,230
55.47,2301,227
56.28,2270,229
57.08,2238,231
57.88,2207,230
58.68,2192,229
59.49,2160,231
60.29,2129,230
61.09,2114,231
61.89,2082,229
62.68,2067,230
63.48,2051,231
64.28,2036,232
65.07,2020,230
65.87,1989,230
66.66,1973,229
67.46,1958,230
68.26,1942,230
69.05,1927,231
69.85,1911,229
70.60,1895,229
71.39,1880,229
72.19,1880,230
72.98,1864,231
73.77,1849,230
74.57,1833,224
75.36,1818,230
76.16,1818,230
76.95,1802,230
77.74,1786,229
78.54,1786,230
79.33,1771,229
80.12,1771,229
80.87,1755,231
81.62,1755,231
82.37,898,223
83.12,898,229
83.87,882,236
84.63,898,234
85.38,914,231
86.13,1007,234
86.88,1023,237
87.63,1038,215
88.38,898,229
89.17,898,238
89.99,898,241
90.81,898,236
91.63,898,243
92.45,898,235
93.27,898,234
94.09,945,235
94.91,945,242
95.73,945,242
96.55,945,242
97.37,976,239
98.19,1007,231
98.95,1069,234
99.74,1085,237
100.54,1085,240
101.33,1069,238
102.12,1085,235
102.91,1132,236
103.71,1147,233
104.50,1646,215
105.29,1693,234
106.08,1693,235
106.88,1693,234
107.67,1693,235
108.50,1708,231
109.30,1708,234
110.10,1708,233
110.90,1724,231
111.70,1412,219
112.50,1740,229
113.30,1740,231
114.10,1755,225
114.90,1755,232
115.70,1755,230
116.50,1771,230
117.30,1771,230
118.09,1786,230
118.89,1786,232
119.68,1802,229
120.48,1818,229
121.28,1818,227
122.08,1833,231
122.87,1849,230
123.67,1864,232
124.47,1864,231
125.27,1880,231
126.06,1428,220
126.86,1412,222
127.58,1397,222
128.37,1381,221
129.17,1350,221
129.96,1335,221
130.75,1319,222
131.54,1303,222
132.34,1288,222
133.13,1272,223
133.92,1272,222
134.71,1257,222
135.51,1241,224
136.30,1225,222
137.13,1210,222
137.92,1210,223
138.71,1194,222
139.50,1210,222
140.29,1225,220
141.08,1257,219
141.87,1303,220
142.66,1194,217
143.45,1366,214
144.24,120,213
145.03,105,217
145.82,105,221
146.58,97,222
147.38,93,225
148.18,99,227
148.98,94,227
149.78,92,229
150.58,91,229
151.38,90,228
152.18,90,226
152.98,105,225
153.78,1537,220
154.58,90,222
155.38,82,223
156.13,78,229
156.95,76,233
157.76,75,232
158.58,82,232
159.40,78,230
160.21,76,230
161.03,75,225
161.84,82,224
162.66,78,226
163.48,76,228
164.29,75,236
165.11,75,240
165.94,67,246
166.71,71,247
167.49,65,244
168.26,62,243
169.03,61,246
169.81,60,243
170.58,60,244
171.36,67,245
172.13,63,242
172.90,69,244
173.68,64,245
174.45,69,238
175.24,64,242
176.03,69,243
176.83,64,243
177.62,69,245
178.41,72,242
179.21,73,240
180.00,74,243
180.80,74,244
181.59,74,241
182.38,74,240
183.18,82,237
183.97,86,230
184.73,80,232
185.58,85,230
186.43,87,226
187.29,81,227
188.14,78,235
188.99,84,231
189.84,87,222
190.69,88,215
191.54,89,211
192.40,97,210
193.25,618,168
194.10,773,190
194.90,820,210
195.67,789,214
196.45,758,223
197.22,742,231
197.99,727,228
198.76,711,229
199.54,695,228
200.31,680,226
201.08,649,220
201.85,633,222
202.63,555,223
203.40,586,212
204.20,540,218
204.99,524,225
205.79,524,228
206.58,508,224
207.37,500,228
208.16,496,231
208.96,486,232
209.75,473,234
210.54,466,231
211.33,456,233
212.13,323,222
212.92,316,231
213.72,319,223
214.51,402,217
215.30,416,203
216.09,416,212
216.88,416,217
217.67,394,212
218.46,296,220
219.25,296,221
220.04,282,235
220.83,275,227
221.62,337,227
222.41,354,225
223.20,370,233
223.99,386,233
224.78,394,233
225.57,390,231
226.36,388,233
227.15,387,237
227.94,387,236
228.73,379,236
229.52,375,233
230.31,373,235
231.10,372,233
231.89,372,232
232.86,372,232
233.65,361,235
234.44,355,233
235.23,352,232
236.02,344,234
236.81,340,232
237.60,338,234
238.39,337,233
239.18,337,235
239.97,337,236
240.76,330,235
241.55,326,234
242.31,324,237
243.08,323,234
243.85,323,237
244.62,323,235
245.39,316,237
246.16,319,235
246.93,321,238
247.70,322,238
248.47,322,238
249.24,316,239
250.01,306,238
250.78,308,237
251.54,309,235
252.33,309,238
253.12,309,238
253.91,309,238
254.70,309,239
255.49,309,237
256.28,309,239
257.07,309,239
257.86,309,237
258.65,309,238
259.44,309,237
260.23,309,240
261.10,309,238
261.91,309,240
262.73,309,238
263.54,309,235
264.35,309,237
265.16,309,239
265.98,302,236
266.79,306,237
267.60,308,237
268.41,309,241
269.23,309,240
270.04,309,238
270.80,309,236
271.61,309,237
272.41,309,235
273.22,316,236
274.03,313,236
274.83,311,236
275.64,310,237
276.44,316,237
277.25,319,238
278.06,321,238
278.86,322,235
279.67,322,238
280.46,322,237
281.25,322,237
282.05,329,234
282.84,333,234
283.63,341,227
284.43,364,220
285.22,350,218
286.02,343,220
286.81,340,224
287.60,338,223
288.40,337,226
289.19,337,228
289.98,337,229
290.80,330,231
291.62,326,229
292.44,324,233
293.26,317,234
294.08,313,230
294.89,311,232
295.71,310,233
296.53,303,233
297.35,293,226
298.17,216,224
298.99,202,228
299.75,195,227
300.57,205,221
301.40,283,231
302.22,283,234
303.04,283,238
303.86,243,230
304.69,222,238
305.51,212,240
306.33,200,230
307.15,201,233
307.98,208,232
308.80,283,231
309.59,289,232
310.39,299,236
311.18,304,238
311.98,307,234
312.78,308,230
313.58,309,227
314.37,329,217
315.17,402,211
315.97,5979,212
316.77,6213,213
317.56,6182,219
318.36,6119,220
319.15,6073,218
319.94,5964,221
320.73,5964,212
321.52,555,223
322.31,571,218
323.10,5808,223
323.89,5761,221
324.68,5730,218
325.47,571,230
326.26,571,230
327.05,555,215
327.84,540,216
328.67,540,217
329.48,283,213
330.29,276,215
331.10,279,218
331.91,281,221
332.72,282,226
333.53,282,225
334.34,282,228
335.15,282,218
335.96,350,132
336.77,5247,216
337.58,5231,223
338.37,5215,221
339.17,5215,220
339.96,5215,223
340.76,5231,221
341.56,5262,220
342.35,5293,219
343.15,5340,220
343.94,5402,218
344.74,5044,164
345.54,4997,214
346.33,4982,211
347.13,4919,213
347.89,4873,197
348.62,4841,218
349.36,45,64
350.09,4857,212
350.83,4919,190
351.56,5137,215
352.30,5215,219
353.03,5418,225
353.77,5356,222
354.50,5293,223
355.24,5247,222
355.97,5184,222
356.80,5137,222
357.59,5091,222
358.38,5028,222
359.17,4997,223
359.96,5013,220
0.75,5106,218
1.54,5184,225
2.33,5137,214
3.12,5106,211
3.91,45,90
4.70,5013,142
5.49,4982,151
6.28,4888,214
7.08,4841,218
7.87,4857,222
8.67,75,54
9.47,67,74
10.26,6540,161
11.06,6509,184
11.85,90,80
12.65,90,80
13.45,82,61
14.24,4608,216
15.04,4561,225
15.80,4530,223
16.59,6260,168
17.38,6244,213
18.17,60,64
18.96,60,67
19.75,67,51
20.54,63,38
21.33,46,67
22.12,110,48
22.91,4358,158
23.70,4046,218
24.49,4031,224
25.28,4015,224
26.07,4000,224
26.87,3984,223
27.66,3969,223
28.45,3953,224
29.25,3937,224
30.04,3937,225
30.84,3922,224
31.63,3906,224
32.42,3906,226
33.22,3906,223
34.01,3891,226
34.80,3859,223
35.55,3750,220
36.30,3657,219
37.05,3563,220
37.80,3454,221
38.55,3376,220
39.31,3298,221
40.06,3220,221
40.81,3158,223
41.56,3096,221
42.31,3018,222
43.06,2955,221
43.82,2909,223
44.60,2846,223
45.38,2800,223
46.16,2753,226
46.94,2706,224
47.72,2659,225
48.50,2613,226
49.28,2566,226
50.06,2535,224
50.84,2503,227
51.62,2457,226
52.40,2426,226
53.15,2379,226
53.94,2363,228
54.73,2316,227
55.52,2285,227
56.31,2254,229
57.10,2238,229
57.90,2192,229
58.69,2176,227
59.48,2161,230
60.27,2129,229
61.06,2114,232
61.85,2083,230
62.64,2067,230
63.42,2051,231
64.21,2020,231
64.99,2005,230
65.77,1989,230
66.55,1974,231
67.34,1958,230
68.12,1942,231
68.90,1927,231
69.68,1911,229
70.47,1896,230
71.25,1880,230
72.01,1864,231
72.81,1864,229
73.60,1849,230
74.40,1833,224
75.20,1818,231
76.00,1802,229
76.79,1802,232
77.59,1787,229
78.39,1787,231
79.19,1771,230
79.98,1771,232
80.78,1755,230
81.57,1755,231
82.34,898,228
83.12,883,232
83.89,883,236
84.66,898,233
85.44,914,230
86.21,1007,236
86.99,1023,235
87.76,992,215
88.53,914,231
89.31,898,233
90.08,898,242
90.87,898,239
91.67,898,240
92.48,883,236
93.28,898,231
94.08,945,236
94.88,945,242
95.69,945,240
96.49,960,241
97.29,976,237
98.09,1023,235
98.90,1070,234
99.70,1085,238
100.50,1070,242
101.30,1070,241
102.09,1085,233
102.89,1132,239
103.69,1147,233
104.48,1662,215
105.28,1693,234
106.07,1693,234
106.87,1677,233
107.67,1693,234
108.46,1709,232
109.26,1709,232
110.06,1724,233
110.83,1724,233
111.61,1412,221
112.38,1724,229
113.15,1740,229
113.92,1740,225
114.70,1755,230
115.47,1755,232
116.24,1771,230
117.01,1771,230
117.79,1787,230
118.56,1787,229
119.39,1802,229
120.22,1818,228
121.05,1818,229
121.88,1833,232
122.71,1849,230
123.54,1864,232
124.36,1880,232
125.19,1880,231
126.02,1428,221
126.85,1412,221
127.68,1397,222
128.51,1366,221
129.31,1350,221
130.10,1335,221
130.90,1319,221
131.69,1303,222
132.48,1288,224
133.28,1272,222
134.07,1272,223
134.87,1257,222
135.66,1241,221
136.45,1225,223
137.25,1210,222
138.04,1210,222
138.83,1194,223
139.62,1210,222
140.41,1241,219
141.20,1272,220
141.99,1288,217
142.78,1210,215
143.57,1381,215
144.36,105,213
145.15,97,218
145.94,93,221
146.73,91,221
147.52,90,227
148.35,90,226
149.14,90,228
149.92,90,229
150.71,90,229
151.50,90,227
152.28,90,227
153.07,90,224
153.85,97,222
154.64,86,223
155.43,88,225
156.21,89,231
157.00,82,230
157.94,86,235
158.73,80,234
159.53,77,232
160.32,76,227
161.11,75,226
161.90,75,224
162.70,75,226
163.49,75,230
164.28,75,238
165.07,67,241
165.87,63,246
166.66,61,246
167.46,60,246
168.28,60,245
169.09,67,243
169.91,71,244
170.72,73,243
171.54,74,245
172.35,67,244
173.17,63,243
173.98,61,245
174.80,60,239
175.61,67,241
176.43,71,243
177.30,73,244
178.09,74,243
178.87,82,241
179.66,78,237
180.45,76,244
181.24,75,242
182.02,75,245
182.81,75,239
183.60,75,235
184.39,75,231
185.17,75,229
185.96,82,227
186.79,86,226
187.59,80,231
188.40,77,235
189.20,76,233
190.00,83,218
190.80,94,214
191.61,92,212
192.41,113,210
193.21,157,193
194.01,773,180
194.82,805,213
195.62,773,214
196.41,773,224
197.19,742,229
197.97,727,227
198.75,695,225
199.53,680,225
200.31,664,223
201.09,649,225
201.87,633,225
202.65,571,222
203.43,539,213
204.21,539,222
204.99,524,225
205.79,524,228
206.58,508,224
207.37,500,227
208.16,488,232
208.95,482,232
209.74,471,232
210.53,458,230
211.32,452,234
212.11,323,225
212.90,316,231
213.69,313,222
214.48,402,217
215.27,416,210
216.09,416,213
216.91,423,215
217.73,427,212
218.55,296,223
219.37,289,222
220.18,286,238
221.00,277,227
221.82,368,227
222.64,359,230
223.46,373,231
224.28,380,232
225.04,391,235
225.83,396,232
226.63,391,232
227.42,389,237
228.21,378,233
229.01,382,234
229.80,375,231
230.60,371,233
231.39,369,233
232.18,368,233
232.98,368,232
233.77,359,234
234.52,354,235
235.31,352,233
236.10,344,232
236.89,340,234
237.68,338,232
238.47,337,235
239.27,337,234
240.06,337,235
240.85,337,236
241.64,330,235
242.43,320,237
243.22,321,234
244.05,322,236
244.83,322,236
245.61,322,236
246.39,322,236
247.17,322,238
247.95,316,237
248.73,313,237
249.51,311,238
250.29,310,235
251.07,310,237
251.85,310,235
252.63,303,237
253.38,306,235
254.18,308,238
254.97,309,237
255.77,309,237
256.57,309,239
257.37,309,236
258.16,309,239
258.96,309,240
259.76,309,237
260.56,309,237
261.35,309,238
262.15,309,238
262.94,309,239
263.73,309,238
264.52,309,238
265.31,309,236
266.10,309,236
266.89,309,237
267.68,309,238
268.47,309,237
269.26,309,236
270.05,309,239
270.84,309,239
271.63,309,236
272.46,309,239
273.29,309,238
274.11,309,236
274.94,309,238
275.76,316,236
276.59,319,238
277.41,321,238
278.24,322,237
279.06,322,238
279.89,322,237
280.71,322,238
281.54,322,238
282.30,322,239
283.10,322,233
283.89,336,228
284.69,387,219
285.49,368,218
286.29,359,220
287.08,348,222
287.88,335,227
288.68,322,225
289.48,329,230
290.27,333,230
291.07,328,230
291.86,319,230
292.66,314,231
293.47,318,233
294.27,320,231
295.07,308,234
295.87,302,234
296.68,299,230
297.48,291,229
298.28,273,224
299.08,189,227
299.89,189,227
300.69,189,222
301.48,269,226
302.29,276,232
303.09,279,236
303.90,281,234
304.71,202,234
305.51,202,238
306.32,195,232
307.12,198,234
307.93,206,234
308.74,283,229
309.54,289,234
310.35,292,236
311.11,301,235
311.91,305,231
312.71,314,232
313.51,318,226
314.31,327,218
315.11,402,212
315.91,5963,210
316.71,6026,213
317.51,6182,222
318.31,6135,221
319.11,6072,220
319.91,5948,221
320.67,5979,215
321.46,555,223
322.26,571,220
323.05,5808,223
323.84,5761,220
324.64,5745,219
325.43,571,224
326.23,571,232
327.02,539,221
327.81,539,215
328.61,539,217
329.40,555,210
330.19,283,216
331.03,283,216
331.87,283,220
332.72,276,223
333.56,272,226
334.40,277,230
335.24,280,220
336.08,295,197
336.92,5231,214
337.77,5231,222
338.61,5215,223
339.45,5215,223
340.24,5215,223
341.03,5231,221
341.83,5246,220
342.62,5278,220
343.41,5340,219
344.21,5387,217
345.00,5044,164
345.80,4997,216
346.59,4981,212
347.38,4904,213
348.18,4904,210
348.97,4841,215
349.73,60,90
350.44,4857,210
351.16,4935,203
351.87,5122,214
352.59,5200,220
353.30,5402,223
354.02,5356,223
354.73,5293,221
355.45,5231,220
356.16,5184,222
356.88,5122,220
357.59,5091,221
358.38,5028,222
359.17,4997,221
359.96,5013,220
0.75,5106,218
1.54,5184,225
2.33,5137,215
3.13,5106,211
3.92,5028,87
4.71,4997,174
5.50,5028,161
6.29,4888,213
7.08,4826,219
7.97,4857,220
8.76,105,71
9.56,75,103
10.35,6540,200
11.14,6509,171
11.94,75,61
12.73,82,90
13.53,63,71
14.32,4592,219
15.11,4545,224
15.91,4529,224
16.70,6260,210
17.49,6244,212
18.26,175,71
19.02,102,42
19.79,118,32
20.56,81,61
21.33,63,45
22.09,76,67
22.86,4358,212
23.63,4031,221
24.40,4015,222
25.16,4000,224
25.93,3984,222
26.72,3968,224
27.51,3968,225
28.30,3953,225
29.09,3937,224
29.88,3922,223
30.67,3922,224
31.47,3906,225
32.26,3906,225
33.05,3890,223
33.84,3890,227
34.63,3828,220
35.42,3703,219
36.21,3610,222
37.00,3516,222
37.79,3438,221
38.58,3361,223
39.37,3283,221
40.16,3205,222
40.95,3127,222
41.74,3064,222
42.53,3002,223
43.32,2940,223
44.11,2877,223
44.90,2831,226
45.69,2784,226
46.47,2722,226
47.24,2690,224
48.02,2644,226
48.80,2597,224
49.57,2550,226
50.35,2519,226
51.12,2472,225
51.90,2441,227
52.68,2410,226
53.45,2379,226
54.23,2332,227
55.03,2301,227
55.82,2285,227
56.62,2254,227
57.41,2223,229
58.20,2192,231
59.00,2176,228
59.79,2145,229
60.59,2114,229
61.38,2098,229
62.17,2082,231
62.97,2051,232
63.76,2036,231
64.59,2020,231
65.39,2005,231
66.19,1989,232
66.99,1973,231
67.79,1958,230
68.59,1927,230
69.38,1911,231
70.18,1911,229
70.98,1895,230
71.78,1880,231
72.58,1864,231
73.38,1849,228
74.18,1849,227
74.95,1833,228
75.71,1818,229
76.48,1802,229
77.25,1802,230
78.01,1786,229
78.78,1786,231
79.54,1771,230
80.31,1771,230
81.08,1755,230
81.84,1755,227
82.61,898,229
83.37,882,232
84.17,882,232
84.96,898,235
85.76,929,227
86.56,1023,238
87.35,1023,226
88.15,914,223
88.94,898,234
89.74,898,235
90.54,898,239
91.33,898,238
92.13,898,239
92.93,898,237
93.69,945,229
94.44,929,238
95.20,945,244
95.96,945,243
96.71,960,241
97.47,976,237
98.22,1054,234
98.98,1069,232
99.74,1085,237
100.49,1069,242
101.25,1069,238
102.05,1101,232
102.84,1132,241
103.64,1147,227
104.43,1646,222
105.22,1693,232
106.02,1693,233
106.81,1693,235
107.61,1693,232
108.40,1708,235
109.19,1708,234
109.99,1724,233
110.78,1724,231
111.57,1412,222
112.39,1740,232
113.22,1740,226
114.04,1755,228
114.86,1755,232
115.68,1771,232
116.51,1771,231
117.33,1771,229
118.15,1786,229
118.97,1802,230
119.80,1802,229
120.62,1818,226
121.41,1833,231
122.20,1833,231
122.98,1864,231
123.77,1864,232
124.56,1880,232
125.34,1880,225
126.13,1412,220
126.91,1397,221
127.70,1397,221
128.49,1366,221
129.27,1350,220
130.06,1334,222
130.86,1319,221
131.65,1303,220
132.45,1288,223
133.24,1272,223
134.03,1256,221
134.83,1241,223
135.62,1241,223
136.42,1225,222
137.21,1210,222
138.00,1194,222
138.80,1194,221
139.59,1210,220
140.38,1256,218
141.20,1272,218
142.01,1303,216
142.83,1210,216
143.65,1381,214
144.46,105,214
145.28,97,219
146.09,86,221
146.91,88,224
147.73,89,227
148.54,89,230
149.36,89,229
150.15,89,230
150.94,89,229
151.73,89,227
152.52,89,226
153.31,97,223
154.10,93,219
154.89,91,222
155.68,90,225
156.47,90,232
157.26,82,234
158.05,78,236
158.84,76,231
159.70,75,231
160.49,75,227
161.28,82,224
162.07,78,225
162.86,76,227
163.65,75,234
164.45,75,239
165.24,75,245
166.03,67,242
166.82,71,247
167.61,65,246
168.40,70,247
169.19,65,245
170.01,62,243
170.82,61,245
171.64,60,244
172.46,60,244
173.27,60,247
174.09,67,245
174.90,71,238
175.72,73,243
176.54,66,242
177.35,70,242
178.17,72,242
178.96,73,241
179.78,74,239
180.59,74,243
181.41,74,241
182.23,74,241
183.04,82,239
183.86,78,233
184.67,76,231
185.49,75,228
186.31,90,225
187.12,82,225
187.94,78,231
188.80,76,234
189.59,75,228
190.38,82,220
191.17,93,212
191.96,106,211
192.75,105,211
193.54,82,174
194.33,789,184
195.12,804,215
195.91,773,216
196.70,758,226
197.49,742,228
198.29,727,225
199.04,695,228
199.79,680,227
200.54,664,223
201.29,633,223
202.04,617,221
202.79,571,220
203.54,539,213
204.29,524,222
205.04,524,227
205.79,508,226
206.54,500,227
207.30,496,229
208.09,486,232
208.89,473,233
209.68,466,232
210.47,463,229
211.27,447,228
212.06,310,229
212.86,303,231
213.65,313,222
214.44,368,217
215.24,392,193
216.03,404,214
216.82,417,217
217.64,296,213
218.46,296,221
219.28,289,224
220.10,286,236
220.92,277,224
221.74,368,226
222.56,377,229
223.38,389,231
224.20,395,232
225.02,398,231
225.84,400,230
226.63,384,232
227.43,385,235
228.24,386,232
229.04,386,233
229.84,377,234
230.64,372,232
231.45,370,234
232.25,369,233
233.05,368,233
233.85,359,233
234.66,354,234
235.46,352,235
236.25,344,235
237.05,340,234
237.84,338,234
238.64,337,236
239.44,337,232
240.24,337,235
241.03,337,233
241.83,330,235
242.63,326,233
243.43,324,236
244.22,323,236
245.02,323,237
245.78,323,237
246.55,323,238
247.33,323,236
248.10,316,241
248.87,319,237
249.64,314,237
250.42,312,236
251.19,311,238
251.96,310,236
252.73,310,238
253.51,310,237
254.28,310,237
255.11,310,236
255.91,310,237
256.72,310,238
257.52,310,238
258.32,303,238
259.13,306,240
259.93,308,238
260.74,309,238
261.54,309,240
262.34,309,239
263.15,309,237
263.95,309,238
264.74,309,238
265.54,309,237
266.33,309,237
267.13,309,239
267.93,309,237
268.72,309,237
269.52,309,237
270.31,309,238
271.11,309,238
271.91,316,235
272.70,319,237
273.50,314,238
274.26,312,236
275.06,317,235
275.86,320,236
276.66,315,237
277.46,319,236
278.26,321,236
279.06,322,236
279.86,322,237
280.66,322,237
281.46,329,237
282.26,333,238
283.06,328,234
283.85,339,228
284.69,363,218
285.52,375,217
286.36,356,218
287.19,346,222
288.03,341,225
288.86,332,229
289.70,327,230
290.53,325,230
291.37,324,231
292.20,323,234
293.04,309,232
293.84,309,232
294.63,302,231
295.43,306,233
296.22,308,234
297.01,309,229
297.81,302,231
298.60,189,222
299.40,189,227
300.19,189,226
300.98,195,223
301.78,283,229
302.57,283,238
303.36,283,238
304.15,276,233
304.93,202,233
305.72,202,237
306.51,195,230
307.29,198,233
308.08,206,231
308.86,269,231
309.65,282,236
310.44,289,235
311.22,299,234
312.01,304,235
312.88,313,230
313.67,318,226
314.46,334,216
315.25,446,211
316.04,5995,212
316.83,6228,215
317.62,6182,219
318.41,6119,221
319.20,6041,217
319.99,5948,222
320.78,555,212
321.57,555,225
322.36,571,215
323.15,5808,223
323.95,5761,222
324.74,5730,218
325.53,571,228
326.33,571,228
327.12,555,218
327.92,539,217
328.71,539,216
329.50,283,213
330.30,283,215
331.09,276,217
331.85,279,222
332.69,281,225
333.54,282,225
334.38,282,231
335.23,282,219
336.07,296,138
336.92,5246,216
337.76,5231,221
338.61,5200,222
339.45,5200,221
340.30,5215,222
341.14,5231,220
341.97,5262,219
342.76,5293,218
343.55,5340,218
344.34,5402,215
345.13,5028,210
345.92,4997,216
346.71,4981,211
347.50,4904,214
348.29,4888,210
349.08,4857,216
349.87,75,84
350.66,4888,213
351.45,4935,180
352.16,5137,216
352.87,5215,219
353.57,5402,224
354.28,5356,222
354.99,5293,222
355.70,5246,221
356.41,5184,223
357.12,5122,222
357.82,5075,221
358.53,5028,223
359.24,4981,222
0.04,4997,219
0.84,5106,219
1.65,5184,225
2.45,5137,214
3.25,5122,211
4.05,30,106
4.86,5013,129
5.66,4997,155
6.46,4888,214
7.26,4826,219
8.07,4857,219
8.87,75,51
9.74,112,61
10.53,6540,206
11.32,6509,151
12.11,150,77
12.90,142,54
13.69,93,58
14.48,4592,219
15.27,4545,224
16.06,4514,223
16.85,6244,210
17.64,6228,211
18.43,75,67
19.22,67,77
19.99,86,54
20.77,80,64
21.54,55,48
22.31,72,51
23.09,4342,212
23.86,4031,221
24.64,4015,223
25.41,4000,222
26.18,4000,224
26.96,3984,224
27.73,3968,224
28.52,3953,223
29.32,3937,223
30.11,3937,224
30.91,3922,223
31.71,3906,224
32.50,3906,225
33.30,3890,225
34.09,3890,227
34.89,3812,221
35.69,3719,218
36.48,3610,220
37.28,3516,221
37.90,3423,221
38.69,3345,220
39.48,3267,222
40.27,3204,221
41.06,3126,221
41.85,3049,221
42.64,3002,224
43.43,2924,221
44.22,2877,223
45.01,2830,225
45.80,2768,225
46.59,2721,224
47.42,2674,224
48.21,2628,225
48.99,2597,224
49.78,2550,226
50.57,2519,225
51.35,2472,227
52.14,2441,228
52.92,2409,226
53.71,2363,228
54.50,2332,228
55.28,2300,228
56.07,2285,226
56.87,2254,228
57.66,2222,228
58.46,2191,229
59.25,2176,230
60.04,2145,231
60.83,2113,231
61.63,2098,229
62.42,2082,229
63.21,2051,229
64.00,2035,231
64.80,2020,231
65.59,2004,231
66.38,1973,232
67.16,1973,231
67.93,1942,231
68.71,1926,230
69.49,1911,230
70.27,1895,230
71.04,1895,230
71.82,1880,230
72.60,1864,230
73.38,1848,231
74.15,1848,225
74.93,1833,229
75.76,1817,229
76.55,1802,231
77.34,1802,228
78.13,1786,230
78.92,1770,229
79.71,1770,230
80.50,1755,230
81.29,1755,230
82.08,1755,225
82.87,898,229
83.66,882,234
84.45,882,234
85.24,898,232
86.04,976,229
86.83,1022,236
87.63,1038,222
88.43,913,224
89.22,898,235
90.02,882,238
90.81,898,241
91.61,898,238
92.41,898,238
93.20,898,236
94.00,929,233
94.76,944,241
95.52,944,240
96.28,944,241
97.04,976,242
97.80,991,236
98.56,1053,235
99.33,1069,233
100.09,1085,241
100.85,1069,242
101.61,1085,236
102.37,1100,234
103.13,1131,237
103.96,1178,225
104.78,1693,228
105.59,1693,235
106.41,1646,232
107.23,1693,236
108.04,1708,234
108.86,1708,233
109.67,1708,233
110.49,1724,233
111.31,1724,226
112.12,1724,219
112.94,1739,232
113.73,1739,226
114.53,1755,231
115.32,1755,231
116.12,1770,232
116.92,1770,231
117.71,1770,230
118.51,1786,229
119.30,1802,231
120.10,1802,230
120.90,1817,224
121.69,1833,231
122.49,1833,230
123.25,1864,231
124.03,1864,232
124.80,1880,232
125.58,1895,222
126.36,1412,220
127.13,1396,222
127.91,1381,221
128.68,1365,222
129.46,1350,221
130.24,1334,220
131.01,1318,222
131.79,1303,222
132.55,1287,223
133.34,1272,222
134.14,1256,221
134.93,1241,220
135.72,1241,222
136.51,1225,222
137.31,1209,221
138.10,1194,221
138.89,1194,223
139.68,1225,221
140.48,1256,220
141.27,1287,220
142.07,1209,215
142.88,1209,213
143.68,1396,213
144.49,90,216
145.30,97,218
146.10,101,222
146.91,95,226
147.71,92,227
148.52,91,230
149.33,90,232
150.13,90,229
150.94,90,229
151.73,90,228
152.53,97,225
153.34,93,222
154.14,91,222
154.94,90,223
155.75,90,227
156.55,82,232
157.36,78,233
158.16,76,235
158.96,75,231
159.77,75,230
160.57,75,228
161.36,75,224
162.15,67,225
162.95,71,226
163.74,73,234
164.53,66,239
165.32,70,242
166.12,72,245
166.91,66,247
167.70,63,248
168.49,54,243
169.29,57,244
170.08,58,244
170.88,59,242
171.70,59,242
172.51,59,244
173.33,59,246
174.15,59,242
174.96,67,239
175.78,71,243
176.59,73,246
177.41,66,242
178.23,70,244
179.04,72,242
179.86,81,240
180.61,78,242
181.42,76,245
182.23,75,242
183.04,75,238
183.85,75,235
184.66,82,231
185.47,86,229
186.28,80,228
187.09,77,226
187.90,76,231
188.71,83,237
189.52,79,227
190.32,92,218
191.11,91,211
191.91,90,212
192.70,90,211
193.49,97,203
194.28,116,164
195.08,820,217
195.87,773,214
196.66,757,228
197.45,742,233
198.25,711,226
199.04,695,227
199.87,679,225
200.67,664,221
201.47,633,223
202.27,570,220
203.07,570,218
203.87,539,216
204.67,524,224
205.47,524,229
206.27,508,224
207.07,500,228
207.87,496,227
208.67,486,232
209.46,481,231
210.22,470,232
210.99,457,230
211.75,451,230
212.51,309,228
213.28,309,228
214.04,322,223
214.81,401,213
215.57,408,203
216.33,412,214
217.10,421,214
217.86,296,214
218.66,289,222
219.45,292,227
220.25,280,237
221.04,281,222
221.83,363,228
222.62,363,228
223.42,375,230
224.21,381,231
225.00,391,232
225.79,396,233
226.59,379,232
227.38,383,233
228.17,385,234
228.99,386,233
229.81,374,229
230.63,368,234
231.45,365,233
232.27,357,235
233.09,353,232
233.91,351,233
234.73,350,234
235.55,350,235
236.37,350,234
237.19,343,234
237.98,346,234
238.77,341,234
239.57,338,235
240.36,337,233
241.15,336,235
241.95,322,236
242.74,309,234
243.54,316,236
244.33,319,237
245.12,321,236
245.92,322,235
246.71,322,235
247.40,322,237
248.17,315,237
248.94,312,237
249.71,310,237
250.48,309,237
251.25,309,236
252.02,309,237
252.79,309,238
253.56,309,236
254.33,309,238
255.10,302,239
255.87,305,235
256.66,307,237
257.45,308,237
258.24,308,237
259.03,308,239
259.82,302,239
260.61,305,236
261.40,307,240
262.19,308,238
262.98,308,238
263.77,308,238
264.56,308,239
265.35,308,235
266.11,308,239
266.91,308,238
267.70,308,236
268.50,308,236
269.30,308,239
270.09,308,238
270.89,308,238
271.68,315,235
272.48,312,236
273.28,310,239
274.07,309,237
274.87,316,237
275.63,319,236
276.45,321,236
277.28,322,236
278.10,322,236
278.92,322,236
279.74,315,237
280.57,319,237
281.39,321,236
282.21,328,236
283.03,332,233
283.86,341,225
284.68,401,220
285.43,382,218
286.26,359,220
287.10,347,221
287.93,341,226
288.76,338,228
289.59,337,228
290.43,336,230
291.26,329,230
292.09,326,231
292.92,304,234
293.76,306,232
294.59,307,233
295.39,301,234
296.18,298,234
296.98,290,233
297.77,293,225
298.56,188,223
299.35,188,228
300.15,188,226
300.94,201,223
301.73,282,232
302.52,282,234
303.32,282,237
304.11,229,229
304.87,215,238
305.68,201,240
306.49,194,229
307.30,204,234
308.11,216,230
308.92,226,230
309.73,296,235
310.54,296,232
311.35,302,234
312.16,305,233
312.97,314,230
313.78,325,223
314.57,401,215
315.36,423,171
316.16,5994,214
316.95,6228,218
317.74,6166,220
318.53,6103,220
319.33,5994,217
320.12,5963,220
320.91,555,214
321.70,555,226
322.50,570,213
323.29,5792,222
324.09,5760,222
324.88,570,218
325.67,570,229
326.46,555,231
327.25,539,216
328.04,539,219
328.82,539,216
329.61,282,212
330.40,282,216
331.19,282,219
331.98,282,224
332.77,282,224
333.57,282,230
334.39,282,227
335.21,289,216
336.03,285,132
336.85,5246,219
337.67,5231,223
338.48,5215,221
339.30,5199,222
340.12,5215,221
340.94,5231,223
341.76,5262,221
342.58,5308,220
343.34,5340,218
344.13,5418,213
344.93,5028,213
345.72,4997,217
346.51,4981,187
347.30,4888,217
348.10,4856,212
348.89,4841,213
349.68,90,74
350.47,4888,214
351.27,4950,103
352.06,5121,219
352.43,5246,217
353.22,5402,224
354.01,5340,221
354.80,5277,222
355.59,5215,222
356.38,5168,222
357.16,5121,223
357.95,5075,223
358.74,5028,223
359.53,4981,223
0.32,5012,218
1.11,5137,219
1.91,5168,222
2.67,5137,213
3.44,5121,168
4.20,120,84
4.96,4997,151
5.73,4981,113
6.49,4872,216
7.26,4841,218
8.02,4856,216
8.78,30,80
9.55,45,71
10.31,6524,210
11.07,6509,135
11.86,75,74
12.66,90,71
13.45,75,67
14.24,4560,219
15.03,4545,226
15.83,4529,221
16.62,6244,212
17.41,6212,212
18.20,105,54
19.00,127,54
19.79,108,64
20.58,69,51
21.39,64,77
22.19,62,51
23.00,4342,214
23.81,4030,224
24.62,4015,225
25.42,3999,224
26.23,3984,223
27.04,3968,222
27.85,3968,226
28.65,3952,224
29.46,3937,224
30.25,3937,224
31.04,3921,224
31.83,3906,224
32.62,3906,226
33.41,3890,223
34.20,3890,225
34.99,3797,219
35.78,3719,220
36.57,3610,221
37.36,3516,219
38.15,3438,221
38.94,3345,222
39.74,3267,222
40.53,3189,221
41.33,3126,221
42.12,3064,221
42.91,3002,223
43.70,2939,224
44.50,2877,221
45.29,2830,223
46.08,2784,224
46.87,2721,225
47.67,2674,225
48.46,2628,226
49.28,2581,225
50.07,2550,225
50.85,2519,228
51.64,2472,226
52.43,2441,225
53.22,2409,226
54.00,2378,225
54.79,2332,228
55.58,2300,228
56.37,2285,227
57.15,2254,229
57.94,2222,228
58.77,2191,229
59.55,2160,229
60.34,2145,230
61.12,2113,230
61.91,2098,231
62.69,2082,228
63.48,2051,230
64.26,2035,231
65.05,2020,230
65.83,2004,231
66.62,1989,231
67.40,1957,232
67.94,1942,231
68.74,1926,229
69.53,1911,231
70.33,1895,231
71.12,1880,228
71.92,1880,230
72.71,1864,229
73.51,1848,230
74.30,1848,225
75.10,1833,229
75.89,1817,230
76.69,1802,230
77.45,1802,229
78.20,1786,229
78.94,1770,229
79.69,1770,232
80.44,1770,231
81.19,1755,230
81.93,1755,221
82.68,882,228
83.43,882,232
84.18,882,232
84.92,898,232
85.67,976,228
86.50,1022,238
87.29,1038,221
88.08,913,225
88.87,898,236
89.66,898,238
90.45,898,241
91.24,898,241
92.03,898,237
92.82,898,237
93.61,929,233
94.40,944,239
95.19,944,240
95.98,944,241
96.80,976,240
97.63,991,234
98.45,1053,235
99.27,1085,235
100.09,1085,242
100.92,1069,241
101.74,1085,238
102.56,1116,234
103.38,1131,237
104.21,1194,220
105.03,1693,231
105.79,1693,232
106.58,1661,232
107.37,1693,238
108.16,1708,233
108.95,1708,234
109.74,1708,234
110.53,1724,234
111.32,1724,226
112.11,1724,220
112.90,1739,231
113.69,1739,226
114.48,1755,233
115.31,1755,231
116.10,1770,231
116.89,1770,229
117.68,1786,231
118.47,1786,231
119.26,1802,232
120.05,1802,231
120.84,1833,226
121.63,1833,230
122.42,1848,230
123.21,1848,231
124.00,1864,231
124.79,1880,232
125.58,1895,219
126.37,1412,220
127.16,1396,221
127.95,1381,221
128.74,1365,219
129.53,1350,220
130.32,1334,221
131.11,1318,220
131.90,1287,223
132.69,1287,222
133.48,1272,222
134.28,1256,220
135.07,1241,221
135.86,1241,223
136.65,1225,223
137.44,1209,223
138.23,1194,222
139.02,1194,221
139.81,1225,220
140.60,1241,220
141.39,1287,219
142.18,1209,213
142.97,1350,212
143.80,1381,213
144.59,75,214
145.38,82,217
146.17,86,225
146.96,88,226
147.75,89,225
148.53,89,229
149.32,89,229
150.11,89,229
150.90,89,228
151.69,89,228
152.48,89,222
153.24,89,220
154.08,1537,221
154.91,90,227
155.75,90,228
156.59,90,229
157.42,90,232
158.26,82,234
159.09,71,232
159.93,73,228
160.77,74,227
161.60,74,225
162.44,74,224
163.23,74,227
164.03,74,236
164.82,74,239
165.62,74,244
166.42,67,244
167.21,63,245
168.01,61,245
168.80,60,245
169.60,60,246
170.40,60,246
171.19,67,242
171.99,63,244
172.76,61,244
173.55,60,246
174.34,60,243
175.13,60,241
175.92,67,245
176.71,71,242
177.49,73,244
178.28,74,244
179.07,74,238
179.86,82,240
180.65,78,243
181.44,76,244
182.20,75,243
183.04,75,238
183.87,82,233
184.71,78,231
185.54,76,226
186.38,83,226
187.21,79,226
188.05,84,231
188.88,79,234
189.72,77,223
190.55,76,215
191.39,75,210
192.19,82,212
192.99,93,190
193.78,742,164
194.58,757,193
195.37,804,217
196.17,773,219
196.96,757,227
197.76,742,226
198.55,711,227
199.35,695,226
200.14,664,225
200.94,648,222
201.70,633,225
202.50,570,223
203.31,586,214
204.11,539,219
204.91,524,225
205.72,508,227
206.52,508,227
207.33,508,225
208.13,492,230
208.93,476,232
209.74,460,233
210.54,460,233
211.37,452,230
212.17,363,221
212.96,309,233
213.76,309,226
214.56,329,223
215.35,346,203
216.15,416,212
216.94,423,217
217.74,405,214
218.54,296,219
219.33,289,223
220.13,285,232
220.96,283,232
221.76,350,224
222.55,356,226
223.35,371,230
224.15,379,232
224.94,390,233
225.74,388,235
226.53,387,232
227.33,387,234
228.13,387,235
228.92,387,233
229.72,375,234
230.47,369,232
231.26,366,236
232.05,364,232
232.84,363,231
233.63,363,234
234.42,356,232
235.22,353,236
236.01,351,233
236.80,350,235
237.59,343,234
238.38,339,234
239.17,337,235
239.96,336,235
240.72,336,236
241.49,329,234
242.25,326,234
243.02,324,234
243.78,323,236
244.55,323,235
245.31,316,235
246.08,312,234
246.84,317,237
247.61,313,237
248.37,311,237
249.12,317,236
249.91,313,238
250.71,311,237
251.50,310,239
252.29,309,237
253.08,309,236
253.88,309,237
254.67,302,234
255.46,305,238
256.25,307,239
257.05,308,238
257.84,308,239
258.64,308,236
259.45,308,238
260.25,308,235
261.06,308,236
261.87,302,237
262.67,305,237
263.48,307,240
264.28,308,239
265.09,308,240
265.90,308,238
266.70,308,237
267.51,308,235
268.30,308,235
269.09,308,236
269.89,308,239
270.68,308,239
271.47,308,237
272.26,308,235
273.06,315,237
273.85,312,236
274.64,310,237
275.43,316,237
276.23,319,239
277.02,321,238
277.97,322,237
278.76,322,239
279.56,322,236
280.35,322,236
281.14,322,236
281.93,329,238
282.73,332,234
283.52,334,231
284.31,348,222
285.10,367,218
285.90,358,218
286.69,347,223
287.48,341,226
288.32,338,225
289.15,330,228
289.99,333,230
290.83,328,229
291.66,325,235
292.50,324,230
293.33,316,234
294.17,306,233
295.01,314,233
295.84,311,231
296.68,303,233
297.44,299,230
298.23,290,226
299.03,188,225
299.82,188,228
300.61,188,227
301.40,269,223
302.20,269,233
302.99,275,234
303.78,285,236
304.57,215,231
305.37,208,240
306.16,198,236
306.95,200,233
307.74,207,233
308.52,224,230
309.31,296,235
310.10,303,233
310.89,306,233
311.67,308,234
312.46,315,231
313.25,319,227
314.04,328,220
314.82,350,214
315.61,417,109
316.40,6010,217
317.19,6213,220
317.99,6151,221
318.78,6088,221
319.57,5964,218
320.36,5979,218
321.16,555,219
321.95,555,226
322.74,5823,217
323.53,5792,221
324.33,5746,222
325.12,571,222
325.91,571,228
326.70,555,224
327.50,540,216
328.29,540,217
329.08,524,213
329.87,283,213
330.67,276,216
331.46,279,219
332.25,281,223
333.04,282,226
333.84,282,228
334.63,282,224
335.43,289,212
336.26,5247,158
337.09,5231,222
337.93,5216,221
338.76,5216,224
339.59,5200,221
340.42,5216,222
341.25,5231,221
342.08,5278,218
342.92,5309,220
343.75,5356,219
344.58,5418,193
345.37,5013,215
346.07,4982,215
346.76,4982,132
347.46,4919,215
348.16,4857,215
348.86,4826,193
349.55,90,77
350.25,4888,214
350.95,5075,103
351.65,5138,219
352.34,5247,216
353.04,5403,223
353.80,5325,221
354.59,5278,222
355.39,5216,222
356.18,5169,223
356.98,5106,222
357.77,5060,221
358.57,5029,222
359.36,4982,222
0.16,5044,221
0.95,5153,222
1.75,5153,224
2.54,5138,213
3.37,5106,126
4.18,5029,96
4.99,4982,184
5.81,4951,132
6.62,4873,218
7.43,4842,220
8.24,4857,213
9.05,45,74
9.86,60,42
10.68,6540,212
11.49,6509,87
12.30,75,64
13.06,60,84
13.86,45,77
14.65,4561,219
15.45,4545,225
16.25,4530,222
17.05,6244,210
17.84,6213,210
18.64,45,64
19.44,60,61
20.24,45,54
21.03,37,61
21.83,48,67
22.40,39,48
23.18,4343,216
23.97,4031,225
24.75,4015,225
25.53,4000,225
26.32,3984,223
27.10,3969,223
27.89,3969,224
28.67,3953,224
29.45,3938,224
30.24,3922,224
31.02,3922,224
31.85,3906,227
32.65,3906,225
33.45,3891,224
34.25,3891,226
35.05,3828,221
35.85,3719,220
36.64,3610,221
37.44,3517,221
38.24,3439,221
39.04,3345,222
39.84,3267,221
40.64,3189,223
41.44,3127,224
42.24,3065,221
43.03,3002,223
43.83,2940,223
44.63,2878,224
45.43,2831,224
46.22,2784,222
47.02,2737,225
47.82,2675,225
48.62,2628,225
49.41,2597,224
50.21,2550,225
50.96,2504,226
51.74,2472,226
52.52,2441,225
53.30,2410,227
54.08,2379,227
54.86,2332,227
55.64,2301,228
56.42,2270,229
57.20,2254,229
57.98,2223,227
58.76,2192,229
59.54,2161,229
60.30,2145,230
61.05,2114,231
61.80,2098,229
62.55,2083,231
63.30,2052,230
64.05,2036,229
64.80,2020,231
65.55,2005,233
66.30,1974,230
67.05,1958,229
67.80,1943,229
68.55,1927,229
69.34,1911,230
70.13,1896,230
70.93,1896,232
71.72,1880,229
72.52,1865,230
73.31,1849,229
74.11,1849,223
74.90,1833,231
75.70,1818,229
76.49,1802,229
77.29,1787,229
78.08,1787,231
78.87,1771,232
79.70,1771,231
80.54,1771,229
81.37,1755,231
82.20,1755,220
83.03,883,231
83.87,883,232
84.70,883,233
85.53,898,231
86.36,945,230
87.20,1023,239
88.03,1039,218
88.82,898,229
89.60,898,231
90.38,898,240
91.16,898,241
91.94,898,242
92.72,898,237
93.50,898,236
94.28,945,236
95.06,945,239
95.84,945,243
96.62,945,241
97.40,961,242
97.83,992,233
98.62,1054,234
99.42,1085,235
100.21,1085,241
101.00,1070,241
101.80,1085,239
102.59,1132,236
103.39,1148,238
104.18,1194,219
104.97,1693,233
105.77,1693,237
106.56,1693,233
107.36,1693,237
108.17,1709,234
108.97,1709,234
109.78,1709,234
110.58,1724,234
111.39,1413,218
112.19,1740,225
113.00,1740,232
113.80,1755,225
114.61,1755,231
115.41,1755,230
116.22,1771,229
116.98,1771,230
117.77,1787,230
118.57,1787,228
119.36,1802,229
120.15,1818,230
120.95,1818,228
121.74,1833,232
122.54,1849,231
123.33,1849,232
124.12,1865,231
124.92,1880,232
125.71,1428,220
126.54,1413,223
127.34,1397,223
128.15,1381,221
128.95,1366,220
129.75,1335,223
130.55,1319,222
131.36,1303,223
132.16,1288,223
132.96,1288,221
133.76,1272,223
134.57,1257,223
135.37,1241,222
136.16,1226,222
136.96,1226,222
137.77,1210,222
138.57,1194,221
139.37,1210,222
140.17,1226,219
140.98,1272,219
141.78,1288,218
142.58,1194,218
143.38,1366,214
144.19,105,213
144.99,113,215
145.79,101,221
146.58,95,223
147.38,92,225
148.17,98,228
148.96,94,229
149.76,92,229
150.55,91,231
151.35,90,230
152.14,90,228
152.93,97,222
153.73,93,220
154.52,99,220
155.32,94,226
156.12,92,229
156.92,83,235
157.73,86,232
158.53,88,234
159.33,81,231
160.13,78,229
160.93,76,227
161.73,68,223
162.54,64,222
163.34,69,229
164.14,72,237
164.90,66,242
165.72,63,242
166.55,54,244
167.37,57,246
168.19,66,244
169.01,63,244
169.84,61,244
170.66,68,242
171.48,64,243
172.30,62,240
173.13,61,244
173.95,60,245
174.74,67,241
175.53,71,242
176.32,65,243
177.11,70,243
177.90,72,243
178.69,73,240
179.49,81,238
180.28,78,239
181.07,76,242
181.86,75,243
182.65,75,242
183.44,75,236
184.27,75,232
185.06,75,230
185.85,75,223
186.64,75,224
187.43,75,230
188.22,82,233
189.00,86,233
189.79,88,220
190.58,81,214
191.37,85,212
192.16,80,210
192.95,92,210
193.75,83,184
194.55,805,211
195.36,805,216
196.16,774,221
196.96,758,230
197.76,727,227
198.57,696,227
199.37,680,228
200.17,664,226
200.97,649,223
201.78,633,223
202.58,571,224
203.37,618,212
204.17,540,220
204.96,524,227
205.76,524,229
206.56,509,226
207.36,501,227
208.15,489,231
208.95,483,232
209.75,472,235
210.55,466,230
211.34,456,230
212.14,323,223
212.90,316,230
213.69,319,222
214.48,372,219
215.27,394,210
216.06,405,211
216.85,425,217
217.63,421,213
218.42,296,222
219.21,296,220
220.00,289,237
220.79,279,228
221.58,350,225
222.38,361,228
223.17,374,233
223.96,388,230
224.75,395,229
225.54,398,230
226.33,392,232
227.12,389,234
227.91,388,236
228.70,380,232
229.49,383,229
230.28,377,232
231.07,374,233
231.87,373,231
232.69,372,232
233.51,361,234
234.34,355,235
235.16,352,233
235.98,351,232
236.80,350,235
237.62,343,235
238.44,340,235
239.27,338,235
240.09,337,236
240.91,337,234
241.71,337,236
242.49,337,236
243.26,330,237
244.04,326,235
244.82,324,236
245.59,323,236
246.37,323,235
247.14,316,235
247.92,319,237
248.70,314,235
249.47,312,234
250.25,311,239
251.00,310,239
251.79,310,237
252.59,310,238
253.38,310,238
254.18,310,237
254.97,310,240
255.77,310,237
256.56,310,237
257.36,310,238
258.15,310,238
258.95,310,239
259.74,310,238
260.57,310,238
261.36,310,239
262.16,310,237
262.95,303,239
263.74,306,238
264.53,308,237
265.33,309,239
266.12,309,238
266.91,309,235
267.70,309,238
268.50,309,237
269.29,309,239
270.05,309,241
270.84,309,238
271.63,309,236
272.42,302,239
273.21,306,237
274.00,314,237
274.78,318,238
275.57,320,239
276.36,321,238
277.15,322,236
277.94,322,237
278.73,322,236
279.52,322,238
280.31,322,236
281.11,322,236
281.90,329,235
282.70,333,235
283.49,341,228
284.29,356,222
285.08,364,220
285.88,357,220
286.67,347,222
287.47,335,224
288.26,336,225
289.02,329,227
289.84,333,231
290.66,328,231
291.49,319,234
292.31,321,230
293.13,315,231
293.95,319,234
294.77,314,232
295.59,312,233
296.42,311,230
297.24,297,229
298.06,283,223
298.82,189,225
299.64,189,226
300.46,195,227
301.28,269,228
302.10,276,232
302.92,279,238
303.73,281,237
304.55,202,234
305.37,202,238
306.19,195,234
307.01,198,231
307.83,206,232
308.62,224,230
309.41,296,234
310.21,303,236
311.00,306,237
311.80,308,236
312.59,315,232
313.39,319,227
314.18,321,219
314.98,446,213
315.77,5979,129
316.57,5995,214
317.36,6197,222
318.15,6135,220
318.94,6072,220
319.74,5948,220
320.53,5995,218
321.32,555,223
322.12,555,222
322.91,5823,220
323.71,5776,221
324.50,5745,221
325.29,571,224
326.09,571,232
326.88,555,222
327.68,539,213
328.48,539,219
329.27,524,212
330.07,283,214
330.87,283,217
331.67,283,220
332.46,283,227
333.26,283,226
334.06,283,229
334.86,283,222
335.65,289,211
336.45,5246,210
337.21,5231,222
338.01,5215,222
338.80,5200,223
339.60,5200,223
340.40,5215,222
341.19,5246,221
341.99,5278,220
342.78,5324,220
343.58,5387,219
344.38,75,84
345.17,5013,214
345.97,4981,216
346.76,4935,203
347.54,4904,213
348.31,4841,217
349.09,4841,161
349.87,4826,96
350.65,4888,213
351.42,5137,132
352.20,5169,217
352.98,5402,216
353.76,5387,225
354.53,5324,223
355.31,5262,222
356.11,5200,222
356.91,5153,222
357.70,5106,221
358.50,5059,221
359.29,4997,221
0.09,4966,222
0.88,5059,220
1.68,5169,226
2.47,5153,220
3.27,5122,212
4.06,5091,109
4.86,5059,122
5.61,4997,187
6.36,4935,210
7.11,4841,218
7.87,4857,222
8.62,4857,171
9.37,90,80
10.12,67,51
10.87,6524,211
11.62,30,54
12.38,102,51
13.13,73,71
13.88,4607,164
14.71,4561,223
15.51,4529,224
16.31,4529,217
17.11,6244,213
17.91,6197,126
18.71,120,71
19.51,82,45
20.31,101,48
21.11,88,42
21.91,66,58
22.71,70,51
23.51,4342,214
24.30,4031,224
25.10,4015,225
25.89,4000,224
26.69,3984,222
27.49,3968,224
28.28,3953,223
29.08,3937,225
29.87,3937,224
30.67,3922,223
31.47,3922,226
32.26,3906,226
33.06,3890,226
33.81,3890,225
34.57,3890,227
35.34,3766,219
36.10,3688,219
36.87,3579,221
37.63,3485,222
38.40,3407,221
39.16,3329,222
39.93,3251,220
40.69,3174,222
41.46,3111,221
42.22,3049,223
43.05,2971,224
43.84,2924,223
44.63,2877,224
45.42,2799,225
46.21,2753,226
47.00,2706,225
47.78,2659,226
48.57,2628,227
49.36,2581,226
50.15,2534,225
50.94,2503,226
51.73,2472,226
52.40,2425,228
53.17,2394,225
53.95,2363,228
54.72,2332,227
55.49,2301,227
56.26,2270,229
57.04,2238,228
57.81,2207,228
58.58,2192,229
59.35,2160,229
60.13,2145,229
60.90,2114,230
61.69,2098,230
62.51,2067,229
63.33,2051,231
64.15,2036,230
64.97,2020,231
65.79,1989,231
66.61,1973,233
67.43,1958,231
68.25,1942,231
69.07,1927,230
69.89,1911,231
70.71,1895,228
71.54,1880,230
72.33,1864,231
73.12,1864,230
73.91,1849,229
74.70,1833,225
75.49,1818,228
76.27,1802,229
77.06,1802,230
77.85,1786,231
78.64,1786,231
79.43,1771,229
80.22,1771,231
81.01,1755,231
81.77,1755,230
82.53,898,222
83.29,882,230
84.05,882,235
84.81,882,234
85.58,898,229
86.34,1007,235
87.10,1023,237
87.86,945,214
88.62,898,231
89.38,898,235
90.18,898,240
90.96,898,239
91.74,898,240
92.52,882,237
93.30,898,232
94.08,945,236
94.86,945,241
95.64,945,242
96.42,960,242
97.20,976,240
97.98,1007,233
98.76,1054,235
99.56,1101,238
100.35,1085,242
101.14,1069,241
101.93,1085,232
102.72,1132,239
103.51,1147,232
104.29,1693,218
105.08,1693,233
105.87,1693,234
106.66,1693,235
107.45,1693,235
108.24,1708,233
109.07,1708,232
109.91,1708,232
110.76,1724,232
111.60,1397,222
112.44,1740,229
113.28,1740,229
114.13,1755,226
114.97,1755,231
115.81,1755,229
116.65,1771,231
117.50,1771,231
118.34,1786,231
119.13,1786,230
119.91,1802,231
120.69,1818,225
121.47,1818,229
122.25,1833,230
123.03,1849,229
123.82,1864,231
124.60,1880,233
125.38,1880,227
126.16,1428,222
126.94,1412,222
127.72,1397,221
128.48,1366,223
129.27,1350,222
130.06,1334,223
130.86,1319,220
131.65,1303,222
132.44,1288,222
133.23,1272,220
134.02,1256,223
134.81,1241,222
135.61,1241,222
136.40,1225,221
137.19,1210,223
138.02,1194,221
138.81,1194,221
139.59,1210,221
140.38,1241,220
141.17,1272,219
141.96,1288,217
142.74,1210,215
143.53,1381,215
144.32,90,215
145.11,90,219
145.89,97,220
146.68,93,222
147.47,91,225
148.26,98,226
149.06,94,228
149.85,92,229
150.64,91,229
151.43,83,227
152.23,79,226
153.02,84,224
153.81,1553,220
154.60,90,224
155.40,82,227
156.19,86,229
156.98,88,233
157.80,81,234
158.62,78,231
159.44,76,229
160.26,75,228
161.08,75,224
161.90,75,225
162.72,75,225
163.54,67,231
164.36,71,238
165.18,65,243
166.00,70,242
166.83,65,244
167.66,62,246
168.49,68,244
169.32,64,245
170.15,69,248
170.98,64,243
171.81,69,243
172.64,64,246
173.47,69,245
174.30,64,245
175.13,69,242
175.96,64,243
176.72,69,242
177.52,72,241
178.31,73,245
179.11,74,242
179.90,74,236
180.70,74,243
181.49,74,242
182.29,74,242
183.08,74,240
183.88,82,234
184.67,78,232
185.47,76,230
186.23,90,226
187.02,90,226
187.82,82,232
188.61,78,235
189.40,76,230
190.20,90,218
190.99,90,212
191.79,97,210
192.58,116,210
193.37,103,211
194.17,758,161
194.96,820,215
195.79,773,213
196.58,758,222
197.36,742,230
198.15,727,226
198.94,695,228
199.73,664,227
200.51,664,223
201.30,649,225
202.09,617,221
202.88,571,221
203.66,539,215
204.45,539,222
205.24,524,227
206.03,508,226
206.82,508,227
207.61,500,230
208.40,488,232
209.19,482,233
209.97,471,233
210.76,458,231
211.55,452,231
212.34,310,225
213.13,310,230
213.92,323,224
214.75,345,215
215.53,431,210
216.31,416,212
217.09,431,215
217.87,296,212
218.65,296,221
219.44,296,224
220.22,289,236
221.00,286,226
221.78,350,224
222.56,368,229
223.34,377,229
224.13,389,232
224.93,395,232
225.73,398,231
226.53,383,233
227.33,385,234
228.13,386,234
228.94,386,232
229.74,377,233
230.54,372,234
231.34,370,234
232.14,369,232
232.94,368,235
233.69,359,233
234.49,354,234
235.28,352,235
236.08,351,231
236.87,350,236
237.67,343,236
238.46,340,234
239.26,338,237
240.05,337,235
240.85,337,236
241.64,330,235
242.44,326,238
243.20,318,235
243.98,320,236
244.76,321,236
245.54,322,236
246.32,322,236
247.10,322,235
247.89,322,237
248.67,316,237
249.45,319,237
250.23,314,238
251.01,312,237
251.79,311,239
252.58,310,238
253.37,310,237
254.16,310,238
254.95,310,238
255.74,310,238
256.53,310,237
257.31,310,240
258.10,303,238
258.89,306,238
259.68,308,238
260.47,309,235
261.26,309,238
262.13,309,238
262.92,309,240
263.70,309,240
264.49,309,237
265.28,309,237
266.07,309,236
266.85,309,238
267.64,309,237
268.43,309,238
269.22,302,239
270.00,306,238
270.79,308,239
271.54,309,237
272.36,309,236
273.19,309,239
274.01,302,238
274.83,312,238
275.66,317,237
276.48,320,237
277.31,321,238
278.13,322,236
278.95,322,237
279.78,322,238
280.60,322,238
281.36,329,238
282.15,333,234
282.94,335,233
283.74,342,227
284.53,364,221
285.32,366,218
286.11,351,220
286.90,344,223
287.69,340,226
288.49,331,226
289.28,334,229
290.07,335,229
290.87,322,226
291.69,322,232
292.50,322,233
293.32,316,235
294.14,319,231
294.95,321,234
295.77,308,234
296.58,295,232
297.40,289,229
298.22,242,222
299.03,215,224
299.85,202,228
300.68,195,222
301.53,283,229
302.37,283,232
303.22,283,236
304.07,276,234
304.91,215,236
305.76,208,237
306.60,198,232
307.45,200,234
308.30,207,233
309.14,269,230
309.99,282,236
310.78,296,235
311.58,303,235
312.37,306,232
313.17,308,232
313.96,315,227
314.76,368,218
315.55,446,211
316.35,5995,211
317.14,6244,213
317.94,6182,220
318.73,6135,221
319.53,6026,218
320.33,5963,221
321.12,5995,213
321.91,555,224
322.70,571,219
323.49,5823,222
324.28,5761,222
325.06,5745,219
325.85,571,228
326.64,571,231
327.43,539,216
328.22,539,216
329.01,539,215
329.80,296,210
330.58,289,216
331.35,286,216
332.13,284,222
332.90,283,224
333.68,283,226
334.45,283,229
335.23,289,219
336.00,286,180
336.78,5246,215
337.55,5231,221
338.33,5215,223
339.13,5200,222
339.92,5215,220
340.72,5231,221
341.51,5246,221
342.30,5293,220
343.10,5340,217
343.89,5402,217
344.69,5044,138
345.48,4997,215
346.27,4981,213
347.07,4904,213
347.86,4888,193
348.68,4841,218
349.41,60,87
350.14,4857,210
350.87,4935,210
351.60,5122,215
352.33,5215,219
353.07,5402,223
353.80,5356,223
354.53,5293,221
355.26,5246,223
355.99,5184,222
356.72,5137,221
357.52,5091,221
358.31,5044,222
359.11,4997,223
359.90,4997,219
0.69,5091,218
1.49,5184,225
2.28,5137,215
3.08,5106,211
3.87,5075,109
4.66,5013,168
5.46,4966,161
6.25,4888,213
7.04,4826,220
7.83,4857,222
8.62,135,80
9.41,105,67
10.20,6524,174
10.99,6509,158
11.78,60,84
12.57,117,48
13.36,88,61
14.15,4592,216
14.94,4561,224
15.73,4529,221
16.56,6260,158
17.38,6228,211
18.19,75,58
19.01,67,67
19.82,63,74
20.64,91,48
21.45,68,58
22.27,64,61
23.08,4358,190
23.90,4046,218
24.71,4015,224
25.53,4000,224
26.36,4000,223
27.15,3984,224
27.94,3968,225
28.73,3953,225
29.52,3937,223
30.31,3937,224
31.11,3922,223
31.90,3906,223
32.69,3906,224
33.48,3890,224
34.27,3890,226
35.06,3859,222
35.85,3750,218
36.60,3641,220
37.35,3548,220
38.10,3454,219
38.85,3376,220
39.60,3283,222
40.35,3220,222
41.10,3158,221
41.85,3096,221
42.60,3018,221
43.35,2971,222
44.10,2909,223
44.86,2846,224
45.64,2799,224
46.41,2737,224
47.19,2690,225
47.97,2644,224
48.74,2612,227
49.52,2566,225
50.29,2519,225
51.07,2488,228
51.85,2441,228
52.62,2410,228
53.40,2379,227
54.23,2347,227
55.02,2316,227
55.81,2285,228
56.60,2254,226
57.39,2238,229
58.18,2207,229
58.98,2176,230
59.77,2145,230
60.56,2129,231
61.35,2098,231
62.14,2082,231
62.93,2067,231
63.72,2036,232
64.50,2020,231
65.28,2005,232
66.06,1989,231
66.84,1973,232
67.62,1958,233
68.40,1942,230
69.18,1911,233
69.96,1911,230
70.74,1895,231
71.52,1880,230
72.30,1864,230
73.06,1864,230
73.85,1849,229
74.65,1833,226
75.44,1818,229
76.23,1818,230
77.03,1802,231
77.82,1786,229
78.62,1786,231
79.41,1771,231
80.20,1771,230
81.00,1755,230
81.79,1755,231
82.40,898,227
83.18,882,231
83.96,882,233
84.74,898,234
85.52,914,228
86.30,1007,237
87.08,1023,229
87.86,914,215
88.64,898,233
89.42,898,235
90.20,898,241
90.98,898,238
91.77,882,239
92.57,898,238
93.38,914,230
94.18,945,236
94.98,945,243
95.79,945,240
96.59,960,242
97.40,976,238
98.20,1023,235
99.00,1069,233
99.81,1085,237
100.61,1069,241
101.40,1069,240
102.20,1085,234
102.99,1132,241
103.79,1147,228
104.59,1693,220
105.38,1693,233
106.18,1662,233
106.97,1693,235
107.77,1693,234
108.57,1708,234
109.36,1708,232
110.16,1724,234
110.96,1724,230
111.76,1412,223
112.57,1740,233
113.37,1740,228
114.17,1755,228
114.97,1755,231
115.78,1755,230
116.58,1771,230
117.38,1786,230
118.18,1786,229
118.99,1786,231
119.79,1802,230
120.58,1818,225
121.38,1833,230
122.19,1849,230
122.99,1849,230
123.79,1864,231
124.59,1880,231
125.40,1895,225
126.20,1412,221
127.00,1397,223
127.80,1381,222
128.61,1366,221
129.41,1350,221
130.21,1334,222
131.01,1319,220
131.80,1303,223
132.60,1288,223
133.40,1272,221
134.19,1272,222
134.99,1241,221
135.78,1241,221
136.58,1225,222
137.38,1210,221
138.17,1194,222
138.97,1194,221
139.73,1225,221
140.54,1256,219
141.36,1288,220
142.17,1303,212
142.98,1225,214
143.79,1397,213
144.61,105,215
145.42,97,218
146.23,93,220
147.04,91,224
147.86,90,226
148.67,97,228
149.46,93,228
150.28,91,231
151.10,90,230
151.92,90,228
152.74,90,225
153.56,97,222
154.38,1537,221
155.20,90,225
156.02,82,227
156.84,78,231
157.66,84,230
158.48,79,235
159.31,77,234
160.10,76,232
160.90,75,226
161.69,75,224
162.48,75,224
163.28,75,226
164.07,75,236
164.87,67,238
165.66,71,246
166.45,73,243
167.25,66,246
168.04,63,243
168.83,61,246
169.66,68,244
170.49,64,243
171.32,62,243
172.15,68,245
172.98,64,244
173.80,62,246
174.63,68,244
175.46,71,241
176.29,73,242
177.12,66,244
177.95,70,246
178.78,72,242
179.56,73,238
180.35,74,242
181.13,74,244
181.91,74,242
182.70,74,241
183.48,82,236
184.27,78,235
185.05,84,233
185.83,87,228
186.62,81,227
187.40,85,228
187.94,80,232
188.74,77,236
189.54,83,224
190.34,79,215
191.14,92,210
191.94,113,211
192.74,633,200
193.54,758,148
194.34,758,145
195.14,804,217
195.94,773,217
196.74,758,230
197.49,727,230
198.29,711,227
199.09,695,227
199.89,680,225
200.69,664,219
201.49,633,226
202.29,571,222
203.09,586,214
203.89,539,217
204.69,524,225
205.49,524,228
206.29,508,227
207.12,508,228
207.91,500,228
208.70,488,231
209.49,474,233
210.28,467,231
211.07,456,231
211.86,402,223
212.65,310,232
213.44,310,226
214.23,330,223
215.02,402,210
215.81,416,210
216.57,416,215
217.36,416,214
218.16,283,219
218.95,283,219
219.74,283,231
220.53,276,234
221.33,368,223
222.12,359,227
222.91,373,232
223.70,380,233
224.50,391,234
225.29,396,233
226.09,391,232
226.90,389,233
227.71,388,232
228.52,378,232
229.33,382,234
230.14,375,232
230.94,371,234
231.75,369,233
232.56,368,233
233.37,359,233
234.18,354,233
234.99,352,233
235.79,351,233
236.58,350,236
237.37,343,233
238.16,340,233
238.95,338,231
239.74,337,236
240.53,337,235
241.32,337,235
242.11,323,235
242.90,323,235
243.69,316,234
244.48,319,237
245.24,314,236
246.01,318,237
246.77,320,235
247.54,321,236
248.31,322,239
249.07,316,236
249.84,313,239
250.60,311,237
251.37,310,238
252.14,316,239
252.90,313,237
253.67,304,237
254.46,307,239
255.25,308,239
256.05,309,237
256.84,309,239
257.63,309,237
258.43,309,237
259.22,309,238
260.02,309,238
260.81,309,238
261.60,309,238
262.40,309,239
263.19,309,237
263.95,309,238
264.74,309,237
265.54,309,239
266.33,309,238
267.12,309,236
267.91,309,236
268.71,309,236
269.50,309,238
270.29,309,237
271.08,309,236
271.88,309,237
272.67,309,239
273.47,309,235
274.27,316,236
275.08,319,237
275.88,321,238
276.68,322,236
277.48,322,237
278.29,322,236
279.09,322,239
279.89,316,236
280.69,313,236
281.50,318,237
282.30,327,236
283.09,332,235
283.88,350,225
284.68,368,220
285.47,368,220
286.26,352,219
287.06,337,223
287.85,330,226
288.65,333,228
289.44,328,228
290.23,332,229
291.03,327,234
291.82,325,233
292.90,324,231
293.69,323,234
294.49,316,234
295.28,313,233
296.07,311,231
296.87,297,232
297.66,290,226
298.46,189,223
299.25,189,229
300.04,189,226
300.84,189,224
301.63,269,229
302.39,276,233
303.18,279,235
303.97,267,231
304.76,202,236
305.55,202,236
306.34,195,229
307.12,198,233
307.91,206,230
308.70,269,233
309.49,282,235
310.28,289,237
311.07,299,236
311.83,304,230
312.63,313,233
313.43,318,228
314.23,368,218
315.03,446,211
315.83,5963,210
316.63,6244,215
317.43,6166,221
318.23,6119,221
319.03,6041,217
319.83,5948,221
320.63,5979,214
321.39,555,223
322.18,555,219
322.97,5808,221
323.76,5761,221
324.55,5730,217
325.34,571,227
326.13,571,232
326.92,555,218
327.71,539,217
328.50,539,217
329.29,283,211
330.08,283,213
330.95,283,217
331.78,283,222
332.61,283,225
333.43,283,227
334.26,283,231
335.09,283,219
335.92,296,155
336.75,5246,212
337.58,5231,224
338.40,5215,222
339.23,5200,222
340.06,5215,221
340.86,5231,219
341.66,5262,220
342.45,5278,220
343.25,5340,218
344.05,5402,220
344.84,5059,135
345.64,5013,215
346.43,4966,214
347.23,4919,211
348.03,4888,210
348.82,4841,217
349.62,4872,87
350.38,4857,211
351.10,4919,210
351.81,5122,213
352.53,5215,220
353.25,5418,222
353.97,5356,222
354.68,5309,222
355.40,5246,223
356.12,5200,223
356.84,5137,221
357.55,5091,222
358.27,5044,223
359.10,4997,220
359.89,4981,220
0.68,5106,218
1.47,5184,227
2.26,5137,216
3.05,5122,211
3.84,5044,93
4.63,5122,96
5.42,4997,145
6.21,4904,213
7.00,4826,218
7.79,4857,221
8.58,45,74
9.37,52,74
10.17,6524,126
10.96,6524,211
11.75,75,54
12.55,52,96
13.34,63,54
14.14,4592,214
14.93,4561,224
15.72,4529,223
16.52,4529,168
17.31,6228,213
18.10,105,51
18.88,160,45
19.65,140,48
20.43,85,48
21.21,143,42
21.99,172,45
22.76,4358,151
23.54,4046,217
24.32,4031,224
25.10,4015,223
25.87,3984,223
26.65,3984,223
27.44,3968,223
28.23,3953,224
29.02,3937,224
29.81,3937,225
30.60,3922,223
31.39,3906,224
32.18,3906,223
32.97,3906,224
33.76,3890,227
34.55,3859,222
35.34,3719,219
36.13,3625,220
36.96,3548,220
37.75,3438,221
38.53,3361,221
39.32,3283,223
40.11,3220,221
40.90,3142,220
41.68,3080,222
42.47,3018,222
43.26,2955,224
44.05,2893,224
44.83,2831,222
45.62,2784,225
46.41,2737,225
47.23,2690,226
48.06,2644,225
48.88,2597,224
49.70,2566,226
50.52,2519,227
51.35,2488,226
52.17,2441,227
52.99,2410,225
53.81,2379,227
54.64,2347,226
55.46,2301,227
56.22,2285,229
57.01,2254,228
57.81,2223,229
58.60,2192,229
59.39,2176,227
60.18,2145,229
60.98,2114,230
61.77,2098,229
62.56,2082,229
63.35,2067,229
64.15,2036,230
64.94,2020,231
65.77,2005,231
66.53,1989,231
67.29,1973,231
68.05,1958,230
68.81,1942,232
69.57,1927,230
70.34,1911,230
71.10,1895,232
71.86,1880,230
72.62,1864,228
73.38,1864,230
74.14,1849,227
74.93,1833,228
75.68,1818,230
76.43,1802,229
77.18,1802,229
77.93,1786,229
78.68,1786,228
79.44,1771,231
80.19,1771,230
80.94,1755,231
81.69,1755,226
82.44,898,229
83.19,882,233
83.95,898,232
84.74,898,234
85.54,929,228
86.33,1023,238
87.12,1023,222
87.91,898,225
88.71,898,233
89.50,882,238
90.29,898,239
91.08,898,240
91.88,898,238
92.67,898,235
93.50,945,233
94.29,945,240
95.07,945,240
95.86,945,243
96.65,960,241
97.43,991,236
98.22,1054,234
99.00,1069,233
99.79,1085,240
100.58,1069,241
101.36,1069,239
102.15,1116,233
102.95,1132,239
103.75,1194,224
104.54,1662,227
105.34,1693,234
106.14,1662,233
106.93,1693,237
107.73,1693,234
108.52,1708,233
109.32,1708,234
110.12,1724,234
110.91,1724,226
111.71,1740,219
112.76,1740,231
113.55,1755,224
114.35,1755,231
115.14,1755,233
115.93,1771,230
116.72,1771,230
117.52,1786,230
118.31,1786,231
119.10,1802,230
119.89,1802,231
120.69,1818,225
121.48,1833,231
122.31,1849,231
123.11,1849,231
123.91,1864,230
124.71,1880,232
125.51,1895,216
126.31,1412,221
127.11,1397,222
127.91,1381,220
128.71,1366,223
129.51,1350,222
130.31,1334,222
131.11,1319,222
131.90,1303,223
132.69,1288,221
133.49,1272,221
134.28,1256,222
135.07,1241,222
135.87,1225,221
136.66,1225,222
137.46,1210,222
138.25,1194,221
139.04,1194,221
139.84,1225,220
140.63,1256,218
141.42,1288,220
142.24,1210,215
143.05,1334,213
143.87,1397,212
144.69,105,216
145.50,105,220
146.32,97,224
147.13,93,225
147.95,84,226
148.77,94,228
149.58,92,230
150.40,91,229
151.23,90,228
152.05,90,227
152.86,97,223
153.68,93,222
154.50,91,221
155.31,90,224
156.13,90,229
156.94,90,232
157.76,82,233
158.58,78,236
159.39,84,230
160.21,79,229
161.00,77,226
161.79,76,222
162.59,75,225
163.38,75,229
164.17,75,237
164.97,75,241
165.76,75,245
166.56,67,247
167.35,63,247
168.14,61,245
168.94,60,243
169.73,60,244
170.52,60,246
171.33,60,243
172.13,60,242
172.94,60,245
173.75,67,246
174.55,71,239
175.36,73,239
176.16,74,243
176.97,74,243
177.78,74,241
178.58,74,242
179.39,74,238
180.18,74,244
181.00,74,242
181.81,74,242
182.63,82,242
183.45,86,236
184.26,80,232
185.08,85,232
185.89,87,227
186.71,81,226
187.53,85,230
188.34,87,233
189.16,81,233
189.99,78,220
190.78,76,214
191.57,75,210
192.36,90,210
193.15,90,200
193.94,152,145
194.73,789,210
195.52,773,215
196.31,773,221
197.10,742,230
197.89,727,228
198.68,695,225
199.48,695,225
200.26,664,224
201.04,649,218
201.82,633,225
202.60,571,220
203.38,571,212
204.16,539,219
204.94,524,226
205.72,508,227
206.50,508,227
207.28,500,229
208.06,496,231
208.81,486,235
209.60,473,234
210.39,466,231
211.18,456,231
211.97,310,221
212.76,310,230
213.55,310,227
214.34,330,221
215.13,387,184
215.92,401,213
216.71,408,217
217.50,412,212
218.30,296,220
219.09,296,222
219.88,289,234
220.67,279,234
221.46,337,227
222.25,352,228
223.04,369,232
223.83,385,230
224.62,393,232
225.41,397,231
226.20,392,232
226.99,389,234
227.82,388,235
228.62,387,233
229.43,377,233
230.23,372,234
231.03,370,234
231.83,369,233
232.64,368,233
233.44,368,232
234.24,359,233
235.04,354,235
235.85,352,235
236.65,351,235
237.44,344,233
238.23,340,233
239.03,338,236
239.82,337,235
240.61,330,235
241.41,333,236
242.20,328,234
243.00,325,237
243.79,324,236
244.58,323,236
245.38,323,235
246.17,323,237
246.96,316,235
247.72,319,236
248.49,321,235
249.25,322,237
250.01,316,238
250.78,313,239
251.54,311,239
252.31,310,237
253.07,310,238
253.83,310,235
254.60,310,237
255.36,310,237
256.12,310,238
256.91,310,235
257.71,310,239
258.50,303,238
259.29,306,238
260.09,308,237
260.88,309,239
261.68,309,239
262.47,309,235
263.26,309,239
264.06,309,241
264.85,309,238
265.64,309,237
266.43,309,239
267.23,309,235
268.02,309,237
268.81,309,236
269.61,309,237
270.40,309,236
271.20,316,240
271.99,313,237
272.78,318,237
273.58,320,236
274.37,321,236
275.16,315,238
275.97,319,236
276.77,321,238
277.58,322,237
278.39,322,236
279.19,322,236
280.00,322,235
280.80,322,237
281.61,322,238
282.42,329,236
283.22,333,236
284.03,350,222
284.79,368,219
285.62,368,217
286.46,352,220
287.29,344,223
288.12,340,225
288.95,331,225
289.79,334,229
290.62,335,228
291.45,336,232
292.28,329,232
293.12,319,232
293.95,307,234
294.70,301,233
295.50,292,234
296.30,294,231
297.10,281,229
297.90,282,230
298.70,202,224
299.50,195,227
300.30,192,229
301.10,197,221
301.90,269,230
302.70,269,235
303.50,269,235
304.26,242,231
305.04,222,237
305.81,212,236
306.59,207,227
307.37,204,235
308.14,216,226
308.92,269,230
309.69,282,233
310.47,296,236
311.25,303,233
312.02,306,234
312.80,314,230
313.56,325,225
314.36,346,217
315.15,366,210
315.95,5995,215
316.75,6244,217
317.54,6166,221
318.34,6104,220
319.13,6010,217
319.93,5948,219
320.73,555,215
321.52,555,226
322.32,571,213
323.12,5792,221
323.91,5761,222
324.71,571,216
325.50,571,228
326.29,555,230
327.08,539,215
327.88,539,217
328.67,539,216
329.46,283,212
330.25,283,216
331.05,283,219
331.84,276,222
332.64,279,224
333.48,281,229
334.32,282,227
335.17,282,216
336.01,302,126
336.85,5231,217
337.69,5215,223
338.53,5215,223
339.37,5200,221
340.22,5215,222
341.06,5231,220
341.90,5262,220
342.70,5293,220
343.49,5356,219
344.29,5402,213
345.08,5028,212
345.87,4997,215
346.66,4966,200
347.46,4904,214
348.25,4857,211
349.04,4841,213
349.83,60,71
350.63,4904,213
351.42,4966,100
352.22,5122,218
352.93,5246,219
353.64,5402,224
354.35,5340,222
355.06,5278,222
355.77,5231,222
356.49,5184,222
357.20,5122,222
357.91,5059,222
358.62,5028,221
359.33,4981,221
0.04,5013,219
0.80,5137,220
1.60,5169,223
2.40,5153,212
3.20,5106,193
4.00,5059,100
4.80,5013,168
5.59,4966,148
6.39,4872,216
7.19,4857,221
7.99,4857,216
8.79,45,90
9.59,60,77
10.46,6540,210
11.25,6509,93
12.03,60,77
12.82,90,54
13.61,105,64
14.39,4561,221
15.18,4545,225
15.96,4529,223
16.75,6260,212
17.54,6213,210
18.32,175,48
19.11,117,67
19.94,73,45
20.73,74,51
21.52,82,61
22.31,4436,58
23.10,4342,215
23.89,4031,224
24.68,4015,223
25.47,4000,225
26.26,3984,224
27.05,3968,225
27.84,3953,224
28.63,3953,225
29.43,3937,225
30.20,3922,224
30.96,3922,224
31.73,3906,224
32.50,3906,224
33.26,3890,225
34.03,3890,226
34.79,3797,219
35.56,3703,219
36.33,3594,219
37.09,3516,222
37.86,3423,222
38.66,3329,220
39.45,3251,223
40.24,3189,222
41.03,3127,223
41.82,3049,223
42.61,3002,222
43.40,2924,223
44.19,2877,225
44.98,2815,223
45.77,2768,224
46.56,2722,226
47.35,2675,226
48.14,2628,224
48.94,2581,225
49.75,2550,226
50.55,2519,225
51.35,2472,227
52.15,2441,226
52.96,2394,226
53.76,2363,227
54.56,2332,226
55.36,2301,227
56.17,2270,228
56.97,2238,229
57.77,2207,230
58.57,2192,228
59.36,2160,229
60.16,2145,228
60.96,2114,230
61.75,2098,231
62.55,2082,230
63.34,2051,232
64.14,2036,230
64.94,2020,231
65.73,2005,231
66.53,1973,230
67.32,1958,231
68.09,1942,230
68.87,1927,229
69.64,1911,230
70.41,1895,230
71.19,1895,233
71.96,1880,229
72.74,1864,230
73.51,1849,229
74.28,1849,224
75.06,1818,229
75.83,1818,232
76.66,1802,229
77.43,1802,229
78.21,1786,230
78.98,1771,229
79.75,1771,233
80.53,1755,231
81.30,1755,232
82.08,898,221
82.85,882,230
83.62,898,235
84.40,898,233
85.17,898,229
85.96,991,231
86.76,1023,241
87.55,1038,217
88.35,898,230
89.15,898,238
89.95,898,241
90.74,898,238
91.54,898,240
92.34,882,237
93.14,898,231
93.93,929,235
94.73,945,241
95.48,945,243
96.29,960,241
97.09,976,239
97.90,1007,232
98.71,1069,235
99.51,1085,237
100.32,1069,240
101.12,1069,241
101.93,1085,237
102.74,1132,236
103.54,1147,234
104.35,1662,215
105.15,1693,233
105.95,1693,235
106.75,1693,232
107.55,1693,236
108.35,1708,233
109.15,1708,233
109.95,1708,232
110.75,1724,233
111.55,1397,218
112.35,1740,227
113.15,1740,232
113.95,1755,224
114.74,1755,232
115.54,1755,230
116.33,1771,230
117.13,1771,231
117.93,1786,231
118.72,1786,231
119.52,1802,232
120.31,1818,229
121.11,1818,227
121.91,1833,229
122.70,1849,230
123.50,1864,230
124.26,1864,230
125.04,1880,230
125.82,1428,219
126.60,1412,223
127.38,1397,221
128.16,1381,220
128.94,1366,222
129.72,1350,222
130.50,1319,221
131.28,1303,220
132.06,1303,223
132.84,1272,222
133.67,1272,223
134.46,1256,222
135.25,1241,223
136.04,1225,222
136.83,1225,223
137.62,1210,221
138.41,1194,221
139.20,1210,222
139.99,1225,220
140.78,1256,219
141.57,1288,218
142.36,1210,217
142.97,1334,214
143.76,90,215
144.55,90,217
145.34,90,218
146.13,97,223
146.92,93,224
147.71,91,228
148.50,90,228
149.29,90,229
150.08,90,230
150.87,90,228
151.66,90,227
152.49,97,223
153.30,101,223
154.12,1537,223
154.93,90,225
155.74,82,229
156.55,86,234
157.37,80,233
158.18,77,232
158.99,76,232
159.80,68,230
160.62,71,225
161.43,65,226
162.26,77,224
163.05,76,228
163.84,75,235
164.63,75,240
165.42,75,243
166.21,67,245
167.00,63,246
167.79,61,244
168.58,60,246
169.37,60,244
170.16,60,243
170.95,60,242
171.78,60,242
172.60,67,244
173.41,63,248
174.23,69,243
175.05,72,241
175.86,73,245
176.68,74,244
177.49,74,243
178.31,74,242
179.13,74,239
179.94,74,242
180.76,74,243
181.55,82,240
182.37,78,238
183.19,76,238
184.01,75,233
184.83,82,234
185.65,86,229
186.47,80,226
187.29,85,229
188.11,80,230
188.93,77,233
189.75,76,226
190.57,83,217
191.36,94,211
192.15,84,210
192.95,87,211
193.74,96,145
194.53,805,168
195.33,805,216
196.12,773,218
196.92,758,230
197.71,727,230
198.50,711,226
199.30,695,228
200.09,664,225
200.92,649,219
201.69,633,226
202.47,586,222
203.24,586,215
204.01,540,219
204.79,524,225
205.56,524,227
206.34,508,226
207.11,492,227
207.88,492,231
208.66,484,231
209.43,472,230
210.18,466,229
210.97,456,231
211.77,443,223
212.56,310,232
213.35,303,227
214.15,372,222
214.94,379,210
215.74,397,211
216.53,414,216
217.32,415,214
218.12,283,216
218.91,283,221
219.70,283,230
220.49,276,235
221.29,279,223
222.08,387,226
222.87,387,232
223.67,394,233
224.46,398,233
225.26,392,232
226.05,389,232
226.84,388,233
227.64,387,234
228.43,387,239
229.22,387,233
230.04,379,234
230.85,375,232
231.67,373,234
232.49,372,233
233.30,361,234
234.12,355,231
234.93,352,234
235.75,344,236
236.57,347,233
237.38,348,234
238.20,342,235
238.99,339,232
239.75,338,231
240.52,337,234
241.28,337,237
242.05,337,233
242.81,330,235
243.58,326,235
244.34,324,234
245.11,323,234
245.87,323,237
246.64,323,236
247.40,323,238
247.94,323,238
248.73,316,234
249.53,319,235
250.32,314,236
251.11,312,238
251.90,311,238
252.70,310,235
253.49,310,240
254.28,310,239
255.07,310,237
255.87,310,237
256.66,310,237
257.46,310,237
258.30,310,237
259.14,310,236
259.99,310,239
260.83,310,239
261.67,310,236
262.51,310,239
263.35,310,237
264.19,310,239
265.04,310,238
265.88,310,236
266.72,310,237
267.48,303,238
268.28,299,237
269.08,304,237
269.88,307,236
270.68,308,239
271.48,309,237
272.28,309,237
273.08,309,236
273.88,309,239
274.68,302,237
275.48,306,238
276.28,308,237
277.00,309,237
277.79,316,238
278.59,319,237
279.38,321,237
280.17,322,237
280.96,322,238
281.76,322,236
282.55,329,235
283.34,333,234
284.13,352,227
284.93,362,219
285.72,349,219
286.52,343,221
287.34,340,222
288.15,331,225
288.97,327,226
289.79,325,229
290.60,331,229
291.42,327,230
292.23,318,231
293.05,320,230
293.87,315,236
294.68,305,230
295.50,307,232
296.29,308,232
297.08,302,231
297.88,286,228
298.67,189,225
299.46,189,227
300.26,189,225
301.05,195,222
301.85,270,231
302.64,270,233
303.43,276,235
304.23,243,231
305.02,222,239
305.77,205,237
306.56,197,229
307.35,199,233
308.14,214,228
308.93,283,232
309.72,289,234
310.51,299,235
311.30,304,232
312.09,307,235
312.88,315,229
313.67,319,222
314.46,402,216
315.33,461,168
316.12,5995,216
316.91,6213,218
317.70,6166,220
318.49,6104,221
319.28,5995,218
320.07,5948,220
320.86,555,216
321.65,555,226
322.44,5839,214
323.23,5792,221
324.02,5761,222
324.85,571,220
325.64,571,229
326.43,587,228
327.22,555,214
328.01,540,216
328.80,540,214
329.59,283,214
330.38,283,217
331.17,283,219
331.96,283,223
332.75,283,223
333.54,283,228
334.30,283,226
335.12,283,214
335.94,283,116
336.77,5247,218
337.59,5216,223
338.41,5216,222
339.23,5216,223
340.05,5216,221
340.87,5231,222
341.70,5262,220
342.52,5309,220
343.34,5356,219
344.10,5418,212
344.85,5029,214
345.61,4997,215
346.36,4966,148
347.12,4904,213
347.87,4857,214
348.63,4857,210
349.38,151,67
350.14,4873,214
350.89,4966,96
351.65,5138,219
352.40,5247,216
353.19,5387,223
353.98,5340,222
354.77,5278,222
355.56,5231,221
356.35,5169,221
357.14,5122,222
357.92,5075,223
358.71,5029,223
359.50,4982,221
0.29,5029,220
1.08,5153,221
1.87,5169,223
2.66,5153,212
3.45,5106,164
4.25,5060,96
5.04,4997,168
5.83,4966,161
6.63,4873,217
7.42,4842,220
8.22,4857,215
9.01,136,80
9.80,98,80
10.60,6540,211
11.39,6509,96
12.15,45,80
12.94,52,61
13.73,101,58
14.52,4576,221
15.31,4545,225
16.10,4530,221
16.88,6260,211
17.67,6244,210
18.46,105,58
19.25,67,71
20.04,48,45
20.83,84,64
21.70,87,58
22.47,66,61
23.25,4358,216
24.02,4031,222
24.79,4015,225
25.57,4000,224
26.34,3984,223
27.12,3969,223
27.89,3953,223
28.66,3953,224
29.44,3937,222
30.21,3937,225
31.01,3922,224
31.81,3906,224
32.62,3906,225
33.42,3891,225
34.22,3891,226
35.03,3813,219
35.83,3704,222
36.64,3594,220
37.44,3517,220
38.24,3423,223
39.05,3330,221
39.85,3267,222
40.64,3174,222
41.43,3127,221
42.23,3049,222
43.02,3002,223
43.81,2940,223
44.60,2862,223
45.40,2831,223
46.19,2768,223
46.98,2722,224
47.77,2675,225
48.57,2628,224
49.36,2581,224
50.15,2550,225
50.93,2503,226
51.70,2472,226
52.48,2441,226
53.26,2410,226
54.04,2363,227
54.81,2332,228
55.59,2301,228
56.37,2270,228
57.15,2254,228
57.92,2223,230
58.70,2192,228
59.49,2160,229
60.28,2145,231
61.07,2129,229
61.86,2098,230
62.65,2082,231
63.44,2051,231
64.24,2036,232
65.03,2020,231
65.82,2005,232
66.61,1989,231
67.40,1958,230
68.19,1942,231
68.98,1927,230
69.78,1911,232
70.57,1895,232
71.37,1895,230
72.17,1880,230
72.96,1864,230
73.76,1849,231
74.55,1833,223
75.35,1833,229
76.15,1818,231
76.94,1802,229
77.74,1802,229
78.49,1786,230
79.22,1771,230
79.96,1771,230
80.69,1755,231
81.43,1755,230
82.16,898,220
82.90,882,230
83.63,882,231
84.37,898,234
85.10,898,232
85.84,1007,231
86.57,1023,237
87.37,1038,218
88.16,914,228
88.96,898,235
89.75,882,238
90.54,898,240
91.33,898,242
92.13,882,238
92.92,898,234
93.71,945,236
94.50,945,242
95.30,945,242
96.09,945,241
96.88,976,240
97.70,1007,234
98.52,1069,233
99.34,1085,234
100.16,1085,242
100.98,1069,239
101.80,1085,238
102.62,1132,237
103.44,1132,237
104.26,1210,215
105.08,1693,232
105.90,1693,234
106.65,1677,234
107.45,1693,237
108.26,1708,233
109.06,1708,234
109.86,1708,233
110.67,1724,231
111.47,1708,217
112.28,1740,225
113.08,1740,231
113.88,1755,226
114.69,1755,231
115.49,1755,230
116.29,1771,230
117.08,1771,230
117.88,1786,230
118.67,1786,229
119.46,1802,232
120.25,1818,230
121.05,1818,227
121.84,1833,231
122.63,1849,231
123.42,1864,232
124.22,1864,230
125.01,1880,232
125.80,1428,218
126.58,1412,221
127.37,1397,221
128.15,1381,220
128.93,1350,218
129.72,1350,221
130.50,1334,222
131.29,1303,222
132.07,1288,223
132.85,1288,222
133.64,1272,221
134.42,1256,223
135.18,1241,223
135.98,1225,223
136.79,1210,221
137.59,1210,222
138.39,1194,222
139.20,1194,220
140.00,1225,221
140.81,1272,218
141.61,1288,220
142.41,1194,215
143.22,1366,214
144.02,1412,213
144.81,105,216
145.60,105,221
146.40,105,223
147.19,97,226
147.98,93,229
148.77,91,231
149.57,90,231
150.36,90,231
151.15,82,227
151.94,86,227
152.74,88,224
153.53,96,221
154.32,93,220
155.13,99,223
155.93,94,229
156.74,92,229
157.55,83,232
158.36,79,233
159.16,77,230
159.97,76,230
160.78,75,229
161.59,75,227
162.39,75,223
163.20,75,229
163.99,75,236
164.81,75,243
165.62,67,243
166.44,71,245
167.26,65,246
168.07,62,246
168.89,61,246
169.70,60,246
170.52,60,246
171.34,67,242
172.15,71,242
172.97,65,246
173.80,62,244
174.59,68,242
175.38,71,240
176.17,73,241
176.96,66,244
177.75,70,244
178.53,72,242
179.32,73,243
180.11,74,242
180.90,74,246
181.69,74,244
182.48,74,243
183.24,82,239
184.06,86,235
184.88,88,232
185.70,89,228
186.52,89,226
187.34,89,226
188.16,82,231
188.98,78,235
189.80,84,224
190.62,87,215
191.44,96,212
192.26,100,211
193.02,95,210
193.82,100,158
194.61,773,210
195.41,804,219
196.20,773,218
197.00,758,228
197.79,727,227
198.59,711,226
199.38,695,225
200.18,664,230
200.97,649,219
201.77,633,225
202.47,571,221
203.26,555,213
204.05,539,220
204.84,524,224
205.63,524,229
206.42,508,227
207.20,500,228
207.99,496,230
208.78,486,231
209.57,481,232
210.36,463,229
211.15,454,230
211.94,402,223
212.74,310,231
213.55,310,226
214.35,330,223
215.15,416,187
215.96,416,211
216.76,416,215
217.57,423,214
218.37,296,218
219.17,289,223
219.98,286,231
220.78,277,232
221.57,350,225
222.36,359,227
223.16,373,231
223.95,387,231
224.74,394,234
225.53,398,234
226.33,392,232
227.12,389,233
227.91,388,235
228.70,387,234
229.50,387,234
230.29,377,233
231.12,372,234
231.89,370,232
232.67,369,234
233.44,368,234
234.22,359,234
234.99,354,236
235.77,352,234
236.54,344,233
237.32,340,235
238.09,338,235
238.87,337,235
239.64,337,235
240.43,330,233
241.23,326,235
242.03,324,236
242.83,323,235
243.63,316,232
244.43,319,239
245.23,314,237
246.03,318,234
246.83,320,235
247.63,315,236
248.43,319,235
249.23,314,237
250.06,312,239
250.85,311,237
251.65,310,236
252.44,310,237
253.23,310,236
254.02,310,237
254.82,310,240
255.61,310,238
256.40,310,239
257.19,310,237
257.99,310,240
258.78,310,240
259.57,310,236
260.36,310,239
261.15,303,237
261.94,306,241
262.73,308,238
263.52,309,242
264.32,309,241
265.11,302,236
265.90,306,237
266.69,308,238
267.48,309,239
268.27,302,236
269.06,306,237
269.85,308,238
270.64,315,237
271.43,312,237
272.22,311,239
273.01,310,234
273.81,310,237
274.60,316,237
275.39,319,235
276.18,321,240
276.97,315,236
277.76,319,237
278.51,321,238
279.31,322,237
280.10,322,237
280.90,322,237
281.70,322,236
282.49,322,237
283.29,329,233
284.08,387,225
284.88,387,221
285.68,377,221
286.47,310,223
287.27,323,223
288.06,330,224
288.92,333,229
289.78,328,229
290.64,325,231
291.50,324,231
292.36,323,231
293.21,323,230
294.07,323,233
294.93,309,236
295.79,309,232
296.65,302,235
297.51,285,231
298.34,290,228
299.13,189,225
299.92,189,229
300.71,189,227
301.50,215,223
302.29,283,235
303.07,283,233
303.86,283,235
304.65,215,230
305.44,208,240
306.23,198,237
307.02,200,228
307.61,207,234
308.41,218,228
309.20,296,233
310.00,296,235
310.80,303,237
311.59,306,236
312.39,314,232
313.18,318,230
313.98,327,221
314.78,416,214
315.57,431,126
316.37,5995,215
317.16,6213,220
317.96,6135,220
318.75,6088,220
319.55,5963,218
320.34,5995,218
321.14,555,219
321.93,555,223
322.73,5823,219
323.52,5792,222
324.32,5745,222
325.11,571,223
325.91,571,229
326.71,555,224
327.50,539,214
328.29,539,218
329.08,539,212
329.87,283,213
330.66,283,217
331.44,283,219
332.23,283,223
333.02,283,223
333.81,283,230
334.60,283,223
335.39,283,211
336.18,5246,180
337.03,5231,222
337.87,5215,224
338.72,5200,220
339.56,5200,220
340.41,5215,220
341.25,5246,221
342.10,5278,221
342.94,5324,220
343.79,5387,218
344.63,5059,80
345.48,5028,215
346.28,4981,215
346.99,4919,171
347.70,4904,211
348.41,4841,218
349.12,4857,126
349.83,4872,138
350.54,4919,213
351.25,5153,200
351.96,5169,219
352.67,5402,217
353.38,5371,222
354.09,5324,221
354.85,5246,221
355.64,5200,221
356.43,5153,223
357.22,5091,223
358.01,5044,222
358.80,4997,221
359.60,4981,222
0.39,5075,218
1.18,5184,225
1.97,5153,218
2.76,5106,211
3.55,75,106
4.42,5013,116
5.23,4981,171
6.04,4935,210
6.86,4826,218
7.67,4857,223
8.48,4872,109
9.29,45,71
10.10,6540,71
10.91,6524,211
11.73,75,64
12.54,60,51
13.35,82,48
14.18,4607,211
14.94,4561,226
15.71,4529,223
16.47,4529,212
17.23,6228,213
18.00,6213,64
18.76,75,58
19.53,75,58
20.29,60,67
21.05,67,74
21.82,108,45
22.58,4389,64
23.33,4342,214
24.12,4031,224
24.92,4015,222
25.71,3984,224
26.51,3984,224
27.30,3968,224
28.10,3953,224
28.89,3937,222
29.69,3937,224
30.48,3922,225
31.28,3906,227
32.07,3906,223
32.90,3906,225
33.67,3890,224
34.45,3890,223
35.22,3766,219
35.99,3657,220
36.76,3548,220
37.54,3470,221
38.31,3392,222
39.08,3298,220
39.85,3236,221
40.63,3158,221
41.40,3096,222
42.20,3018,222
43.00,2971,223
43.79,2909,225
44.59,2862,223
45.39,2799,224
46.19,2753,224
46.98,2706,225
47.78,2659,225
48.58,2612,224
49.38,2581,226
50.17,2534,226
50.97,2488,227
51.73,2457,226
52.53,2410,227
53.33,2379,226
54.14,2363,227
54.94,2316,228
55.74,2285,229
56.54,2270,227
57.34,2238,229
58.14,2207,229
58.95,2192,229
59.75,2145,230
60.55,2129,228
61.38,2114,230
62.16,2082,230
62.93,2067,229
63.71,2051,231
64.49,2020,229
65.26,2005,231
66.04,1989,230
66.81,1973,229
67.59,1958,231
68.37,1942,230
69.14,1927,231
69.92,1911,229
70.72,1895,231
71.52,1880,230
72.31,1880,230
73.11,1864,229
73.91,1849,230
74.71,1833,222
75.50,1818,230
76.30,1818,230
77.10,1802,228
77.90,1802,230
78.69,1786,230
79.49,1771,230
80.25,1771,230
81.00,1755,231
81.75,1755,230
82.50,898,224
83.25,882,232
84.00,882,232
84.75,898,234
85.50,898,228
86.25,1007,235
87.00,1023,237
87.75,1038,215
88.50,898,231
89.29,898,235
90.06,898,240
90.84,898,239
91.61,898,240
92.38,882,237
93.15,898,233
93.93,944,235
94.70,944,242
95.47,944,240
96.24,960,241
97.02,976,240
97.79,1007,232
98.59,1053,234
99.38,1085,236
100.18,1085,239
100.97,1069,239
101.76,1085,235
102.56,1131,238
103.35,1147,235
104.15,1209,215
104.94,1693,234
105.73,1693,234
106.53,1677,233
107.32,1693,233
108.12,1708,235
108.95,1708,232
109.78,1708,233
110.62,1724,232
111.45,1412,219
112.28,1724,226
113.11,1739,231
113.94,1755,225
114.77,1755,232
115.61,1755,232
116.44,1770,233
117.27,1770,230
118.06,1786,231
118.85,1786,229
119.64,1802,230
120.43,1817,231
121.22,1817,226
122.01,1833,231
122.81,1848,230
123.60,1864,231
124.39,1864,229
125.18,1880,232
125.97,1428,220
126.76,1412,219
127.58,1396,222
128.37,1381,220
129.16,1365,223
129.95,1334,220
130.74,1334,221
131.53,1303,222
132.33,1303,223
133.12,1287,223
133.91,1272,222
134.70,1256,222
135.49,1241,224
136.28,1225,221
137.07,1209,222
137.86,1194,222
138.66,1194,222
139.45,1194,221
140.24,1225,219
141.03,1256,219
141.83,1287,220
142.62,1209,215
143.41,1365,215
144.20,105,215
145.00,105,215
145.79,90,218
146.55,97,223
147.34,93,226
148.14,91,228
148.93,90,229
149.72,90,232
150.52,90,229
151.31,90,229
152.11,90,228
152.90,90,223
153.69,90,223
154.49,1521,220
155.28,90,225
156.04,82,229
156.86,78,230
157.68,84,234
158.50,79,232
159.32,77,230
160.14,76,227
160.95,75,228
161.77,75,227
162.59,75,223
163.41,75,230
164.23,75,235
165.05,67,240
165.84,71,243
166.62,65,244
167.40,62,246
168.18,68,244
168.96,64,246
169.74,69,245
170.52,64,246
171.30,69,244
172.08,64,243
172.86,69,245
173.64,64,246
174.42,69,244
175.17,72,240
175.96,73,244
176.75,74,246
177.54,74,244
178.33,74,241
179.12,74,237
179.92,74,242
180.71,74,242
181.50,74,244
182.29,74,243
183.08,74,239
183.87,82,234
184.67,86,232
185.49,80,227
186.31,85,228
187.14,80,228
187.96,77,233
188.78,83,233
189.60,79,223
190.42,84,215
191.24,79,212
192.07,84,211
192.89,79,210
193.71,92,203
194.51,788,193
195.31,804,218
196.11,773,217
196.92,742,230
197.72,726,229
198.52,710,228
199.32,679,226
200.12,664,226
200.92,648,221
201.73,633,228
202.53,586,224
203.33,555,212
204.13,539,220
204.92,539,224
205.72,523,229
206.51,508,226
207.30,500,229
208.10,496,229
208.89,486,233
209.69,481,233
210.48,463,229
211.27,454,231
212.07,386,220
212.86,309,229
213.66,309,226
214.45,363,220
215.24,382,168
216.03,399,210
216.82,407,217
217.61,411,213
218.39,296,219
219.18,289,222
219.97,285,229
220.76,277,232
221.55,336,226
222.34,343,227
223.10,364,230
223.90,375,233
224.69,388,233
225.49,387,232
226.29,386,231
227.09,386,235
227.88,386,234
228.68,374,234
229.48,368,235
230.28,365,235
231.07,364,234
231.87,363,232
232.72,356,232
233.52,353,233
234.32,351,237
235.12,350,233
235.92,350,235
236.72,343,234
237.53,339,234
238.33,337,235
239.13,336,234
239.93,336,236
240.73,336,234
241.53,336,233
242.29,329,235
243.09,326,233
243.89,324,233
244.70,323,236
245.50,323,236
246.30,316,236
247.10,319,237
247.90,314,235
248.70,318,235
249.51,320,234
250.31,321,238
251.11,308,238
251.91,308,236
252.70,308,236
253.50,308,238
254.29,308,238
255.08,308,239
255.88,308,237
256.67,308,239
257.47,308,237
258.26,308,237
259.05,308,241
259.85,308,238
260.64,308,238
261.40,308,238
262.18,308,237
262.96,308,239
263.74,308,239
264.52,308,239
265.30,308,237
266.08,308,237
266.86,308,236
267.64,308,238
268.42,308,237
269.20,308,236
269.98,308,238
270.77,315,239
271.59,312,235
272.41,317,235
273.23,313,239
274.05,311,237
274.87,317,236
275.68,313,237
276.50,318,238
277.32,320,238
278.14,321,237
278.96,322,239
279.78,322,237
280.61,322,236
281.40,322,239
282.19,329,236
282.98,332,235
283.77,341,227
284.56,363,220
285.36,363,220
286.15,356,220
286.94,353,223
287.73,331,225
288.52,333,226
289.31,328,229
290.10,325,229
290.92,324,231
291.74,323,232
292.56,323,233
293.38,309,235
294.20,316,231
295.01,312,233
295.83,304,233
296.65,300,230
297.47,284,226
298.29,276,225
299.11,188,228
299.90,188,228
300.69,188,225
301.47,269,228
302.26,275,235
303.05,278,235
303.83,280,235
304.62,202,235
305.40,202,240
306.19,195,234
306.98,198,233
307.76,200,233
308.55,269,229
309.38,282,233
310.17,295,236
310.97,302,234
311.76,305,233
312.56,314,231
313.35,318,228
314.15,327,219
314.94,445,212
315.74,5979,138
316.53,6010,213
317.33,6181,219
318.12,6135,218
318.91,6072,218
319.70,5963,219
320.50,5979,216
321.29,555,222
322.09,570,220
322.88,5823,222
323.68,5776,223
324.47,5745,220
325.27,570,228
326.06,570,231
326.86,555,220
327.65,539,214
328.44,539,216
329.28,555,211
330.13,282,214
330.97,282,216
331.81,282,221
332.66,282,226
333.50,282,226
334.35,282,230
335.19,282,222
336.03,282,210
336.88,5246,212
337.72,5231,222
338.51,5215,222
339.30,5215,221
340.09,5215,223
340.88,5231,221
341.67,5246,220
342.46,5293,221
343.25,5324,218
344.04,5386,219
344.83,75,87
345.62,5012,214
346.41,4966,214
347.20,4919,203
347.99,4903,211
348.70,4856,219
349.41,4810,96
350.11,4856,187
350.82,4903,213
351.53,5137,211
352.24,5184,218
352.95,5402,221
353.66,5371,222
354.36,5308,223
355.07,5246,223
355.78,5184,220
356.58,5153,222
357.38,5090,223
358.17,5044,221
358.97,5012,223
359.77,4981,223
0.56,5075,219
1.36,5184,225
2.15,5153,220
2.95,5121,211
3.75,5121,87
4.54,5044,129
5.34,4981,151
6.13,4919,211
6.93,4825,219
7.73,4856,222
8.53,4872,80
9.33,60,71
10.13,6571,87
10.93,6540,211
11.73,60,74
12.53,67,74
13.33,63,67
14.13,4592,211
14.93,4560,222
15.76,4529,223
16.52,4529,213
17.27,6228,212
18.03,75,87
18.79,158,48
19.55,116,58
20.30,110,61
21.06,77,71
21.82,113,51
22.58,4420,64
23.33,4358,214
24.09,4030,224
24.88,4015,224
25.68,3999,224
26.47,3984,224
27.27,3968,223
28.07,3952,223
28.86,3937,225
29.66,3937,224
30.45,3921,224
31.25,3921,225
32.05,3906,225
32.84,3890,224
33.64,3890,223
34.40,3859,224
35.16,3765,219
35.93,3656,218
36.69,3563,220
37.45,3469,221
38.22,3391,220
38.98,3313,222
39.75,3236,221
40.51,3158,221
41.27,3095,222
42.04,3033,222
42.80,2971,224
43.63,2908,223
44.42,2861,222
45.21,2815,225
46.00,2768,225
46.79,2706,225
47.58,2659,225
48.37,2612,227
49.16,2581,227
49.95,2534,226
50.74,2503,226
51.53,2456,226
52.32,2425,227
52.94,2394,227
53.74,2363,227
54.53,2332,229
55.33,2285,228
56.13,2269,229
56.92,2238,228
57.72,2207,227
58.51,2191,229
59.31,2160,230
60.11,2145,229
60.90,2113,230
61.70,2082,229
62.45,2067,230
63.24,2051,229
64.03,2035,230
64.82,2020,231
65.61,1989,229
66.40,1973,231
67.19,1957,231
67.98,1942,230
68.77,1926,231
69.56,1911,231
70.35,1895,230
71.14,1880,229
71.97,1880,229
72.76,1864,229
73.55,1848,230
74.34,1833,225
75.13,1817,229
75.92,1817,230
76.71,1802,231
77.50,1786,231
78.29,1786,229
79.08,1770,232
79.87,1770,231
80.66,1755,230
81.45,1755,231
82.23,898,220
83.01,898,230
83.79,882,233
84.57,898,235
85.35,898,231
86.14,1007,233
86.92,1022,238
87.70,1038,216
88.48,913,231
89.26,898,236
90.04,898,239
90.79,898,237
91.60,898,239
92.40,882,236
93.21,898,231
94.02,944,234
94.83,944,241
95.63,944,239
96.44,960,242
97.25,976,242
98.06,1007,233
98.86,1053,234
99.67,1085,234
100.42,1069,240
101.21,1069,238
102.01,1085,235
102.80,1131,238
103.59,1147,236
104.39,1194,218
105.18,1693,233
105.98,1693,234
106.77,1677,233
107.56,1693,235
108.36,1708,234
109.15,1708,234
109.94,1708,233
110.73,1724,233
111.53,1396,219
112.32,1739,230
113.11,1739,232
113.91,1755,227
114.70,1755,233
115.50,1755,231
116.29,1770,230
117.08,1770,231
117.88,1786,230
118.67,1786,230
119.46,1802,231
120.28,1817,229
121.10,1817,228
121.92,1833,232
122.74,1848,231
123.56,1864,228
124.38,1864,231
125.20,1880,232
126.02,1428,220
126.84,1412,222
127.66,1396,222
128.48,1381,220
129.27,1365,222
130.06,1334,221
130.85,1334,221
131.64,1303,222
132.43,1303,223
133.22,1287,221
134.01,1256,221
134.80,1256,222
135.59,1241,221
136.38,1225,222
137.17,1209,220
137.96,1194,223
138.75,1194,221
139.54,1209,221
140.33,1225,217
141.12,1272,219
141.91,1287,219
142.70,1209,217
143.49,1365,215
144.28,90,212
145.07,97,217
145.86,93,219
146.65,99,222
147.44,94,224
148.24,92,228
149.03,98,228
149.83,86,229
150.62,80,232
151.41,85,228
152.20,87,225
153.00,96,223
153.79,93,223
154.58,91,224
155.37,90,226
156.17,82,230
156.96,78,233
157.94,84,233
158.73,79,234
159.52,77,232
160.31,76,229
161.10,75,227
161.89,75,223
162.67,75,224
163.46,75,231
164.25,67,234
165.04,71,243
165.83,73,244
166.62,74,245
167.45,67,244
168.25,63,246
169.04,69,246
169.84,64,246
170.64,62,244
171.44,68,245
172.23,64,244
173.03,62,244
173.83,68,244
174.63,71,241
175.42,73,241
176.22,74,243
177.05,74,243
177.84,74,244
178.64,74,242
179.43,74,239
180.22,82,241
181.01,78,241
181.81,76,240
182.60,75,240
183.39,82,235
184.18,86,233
184.98,80,230
185.77,92,227
186.56,91,225
187.39,83,229
188.23,79,234
189.06,77,230
189.89,76,218
190.72,75,213
191.56,105,210
192.39,105,193
193.22,112,193
194.05,757,177
194.89,820,213
195.72,773,213
196.55,773,223
197.38,757,231
198.20,726,229
199.03,695,229
199.86,679,224
200.68,664,223
201.51,648,222
202.33,633,223
203.16,570,221
203.99,555,214
204.81,539,222
205.64,524,229
206.43,524,225
207.22,508,225
208.02,500,230
208.81,496,231
209.60,486,232
210.40,473,232
211.19,459,230
211.99,452,231
212.78,309,229
213.57,302,230
214.37,387,222
215.16,336,216
215.95,416,184
216.70,416,213
217.45,416,216
218.20,309,212
218.95,295,222
219.70,288,223
220.46,285,236
221.21,277,224
221.96,350,227
222.71,356,229
223.46,378,231
224.21,382,229
225.04,391,233
225.85,389,233
226.66,376,233
227.47,381,233
228.28,384,235
229.09,385,235
229.90,386,235
230.71,374,232
231.52,368,234
232.33,365,233
233.14,364,234
233.95,357,232
234.77,353,236
235.56,351,235
236.36,350,234
237.15,343,233
237.94,339,232
238.74,337,234
239.53,336,234
240.33,336,237
241.12,336,235
241.91,336,232
242.71,329,234
243.50,326,233
244.29,324,235
245.05,323,237
245.82,323,234
246.58,316,233
247.34,319,235
248.11,321,235
248.87,322,233
249.64,322,237
250.40,316,236
251.16,319,238
251.93,314,237
252.69,312,236
253.49,311,236
254.28,310,237
255.07,310,238
255.86,310,236
256.65,310,239
257.44,310,239
258.23,310,239
259.02,310,238
259.81,310,237
260.60,310,240
261.39,310,239
262.18,310,236
262.79,310,239
263.59,310,238
264.38,310,239
265.18,310,238
265.98,310,238
266.77,310,236
267.57,310,235
268.36,310,236
269.16,310,238
269.96,310,237
270.75,310,237
271.55,310,237
272.34,310,238
273.16,310,236
273.97,316,238
274.79,319,237
275.61,314,237
276.42,318,237
277.24,320,236
278.05,315,237
278.87,319,235
279.69,321,237
280.50,322,236
281.32,329,235
282.12,333,237
282.91,335,234
283.70,342,226
284.49,364,220
285.28,375,217
286.07,356,222
286.86,346,223
287.65,341,225
288.44,339,227
289.23,338,227
290.02,324,233
290.81,323,234
291.60,323,231
292.44,316,233
293.27,319,230
294.11,314,234
294.94,305,235
295.78,307,233
296.61,295,231
297.45,282,229
298.28,275,224
299.12,189,229
299.95,189,229
300.79,182,223
301.55,269,227
302.36,276,234
303.16,279,233
303.97,281,234
304.78,216,233
305.58,209,240
306.39,199,231
307.19,200,234
308.00,208,234
308.81,220,230
309.61,296,236
310.42,296,236
311.22,303,234
312.01,306,232
312.81,314,231
313.60,318,226
314.39,334,217
315.18,402,213
315.98,5979,180
316.77,6010,212
317.56,6182,219
318.35,6119,220
319.15,6073,217
319.94,5964,221
320.77,5979,216
321.56,555,223
322.35,555,220
323.14,5823,221
323.93,5777,222
324.72,5730,221
325.51,571,226
326.30,555,230
327.09,555,222
327.88,540,216
328.67,540,217
329.46,555,211
330.25,283,215
331.04,283,216
331.84,283,220
332.63,276,225
333.42,279,226
334.22,281,229
335.01,282,221
335.81,289,210
336.60,5247,211
337.39,5231,222
338.19,5215,223
338.98,5200,224
339.74,5215,221
340.54,5215,221
341.33,5247,220
342.13,5278,219
342.92,5325,219
343.72,5387,219
344.51,5044,106
345.31,5013,213
346.10,4982,215
346.90,4919,210
347.69,4904,210
348.49,4857,218
349.24,4841,135
349.98,4857,171
350.71,4904,213
351.45,5137,210
352.18,5184,219
352.92,5418,218
353.65,5371,223
354.39,5309,222
355.12,5262,221
355.86,5200,222
356.59,5153,221
357.33,5091,221
358.12,5044,222
358.92,4997,223
359.71,4982,220
0.51,5075,217
1.30,5184,225
2.10,5137,219
2.89,5122,213
3.69,45,103
4.48,5013,109
5.28,4982,145
6.07,4888,211
6.87,4826,217
7.76,4857,222
8.55,4857,77
9.34,105,87
10.14,112,77
10.93,6525,212
11.72,45,54
12.51,60,54
13.30,90,77
14.09,4592,212
14.89,4545,224
15.68,4530,224
16.47,4530,212
17.30,6244,213
18.07,60,58
18.85,52,48
19.62,120,42
20.40,82,77
21.17,78,51
21.95,69,64
22.72,4452,61
23.50,4031,216
24.27,4031,223
25.05,4015,224
25.82,4000,223
26.61,3984,224
27.40,3969,223
28.19,3953,224
28.99,3953,223
29.78,3937,225
30.57,3922,223
31.36,3906,224
32.15,3906,226
32.94,3891,224
33.74,3891,226
34.53,3859,225
35.32,3735,219
36.11,3641,219
36.93,3548,220
37.76,3470,221
38.58,3376,222
39.40,3298,221
40.23,3220,222
41.05,3158,222
41.88,3080,221
42.70,3018,222
43.52,2955,223
44.35,2909,223
45.17,2846,222
45.97,2784,223
46.70,2737,224
47.43,2690,223
48.17,2644,225
48.90,2613,227
49.63,2566,228
50.36,2519,225
51.09,2488,226
51.82,2457,225
52.56,2410,227
53.29,2379,225
54.02,2348,227
54.84,2316,228
55.63,2285,228
56.42,2254,227
57.21,2223,230
58.00,2207,227
58.79,2176,228
59.57,2145,229
60.36,2129,229
61.15,2114,229
61.94,2083,230
62.73,2067,230
63.52,2051,231
64.31,2020,232
65.12,2005,229
65.92,1989,231
66.73,1974,230
67.54,1958,230
68.35,1942,230
69.15,1927,231
69.96,1911,230
70.77,1896,231
71.58,1880,229
72.38,1864,230
73.19,1864,229
73.95,1849,227
74.73,1833,226
75.50,1818,230
76.28,1802,229
77.06,1802,229
77.84,1787,230
78.61,1787,230
79.39,1771,228
80.17,1771,230
80.95,1755,230
81.72,1755,232
82.50,898,228
83.33,883,231
84.12,883,235
84.91,898,232
85.70,914,227
86.49,1007,235
87.28,1023,229
88.06,914,214
88.85,898,234
89.64,898,237
90.43,898,239
91.22,898,238
92.01,898,241
92.80,898,237
93.58,914,230
94.36,945,236
95.13,945,241
95.91,945,242
96.69,960,242
97.47,976,236
98.25,1054,234
99.03,1070,234
99.80,1085,238
100.58,1070,240
101.36,1070,238
102.11,1101,231
102.90,1132,240
103.70,1147,229
104.49,1677,222
105.28,1693,234
106.07,1662,231
106.87,1693,238
107.66,1709,233
108.45,1709,235
109.24,1709,233
110.04,1724,233
110.83,1724,229
111.65,1412,221
112.45,1740,231
113.26,1740,227
114.06,1740,228
114.87,1755,229
115.67,1771,232
116.48,1771,231
117.28,1771,230
118.09,1787,229
118.89,1802,230
119.70,1802,231
120.50,1818,225
121.29,1833,230
122.09,1849,228
122.90,1849,231
123.70,1864,233
124.50,1880,231
125.31,1896,225
126.11,1428,221
126.92,1412,222
127.72,1381,220
128.52,1366,220
129.33,1350,220
130.13,1335,222
130.92,1319,222
131.72,1303,223
132.51,1288,223
133.31,1272,221
134.10,1257,221
134.90,1257,222
135.69,1241,222
136.49,1225,222
137.28,1210,221
138.08,1194,220
138.87,1194,221
139.67,1225,221
140.43,1257,219
141.25,1272,218
142.07,1303,215
142.89,1210,214
143.71,1397,217
144.53,90,214
145.35,90,219
146.17,97,221
146.99,93,223
147.81,91,228
148.63,90,229
149.45,90,229
150.25,90,231
151.05,90,229
151.86,90,229
152.66,97,226
153.46,93,224
154.27,91,222
155.07,98,222
155.88,86,227
156.68,80,229
157.48,77,233
158.29,76,233
159.09,75,233
159.88,75,230
160.67,75,227
161.46,75,225
162.25,75,223
163.04,75,229
163.83,75,232
164.61,75,237
165.40,67,242
166.19,71,245
166.98,65,246
167.77,62,245
168.56,61,244
169.39,60,246
170.21,67,245
171.03,63,245
171.85,69,242
172.67,72,246
173.49,66,245
174.31,63,244
175.13,69,241
175.95,72,242
176.77,73,246
177.59,74,243
178.41,74,244
179.16,74,241
179.97,74,239
180.77,74,242
181.58,74,244
182.39,74,242
183.20,74,240
184.00,82,236
184.81,86,233
185.62,80,230
186.43,85,226
187.23,80,227
188.04,77,232
188.80,83,235
189.60,86,226
190.39,88,217
191.19,89,211
191.98,97,211
192.78,93,193
193.57,106,168
194.37,758,168
195.16,805,218
195.96,773,213
196.75,758,227
197.55,742,231
198.34,711,226
199.13,695,229
199.92,664,227
200.71,664,223
201.50,633,226
202.29,586,222
203.09,571,216
203.88,555,217
204.67,540,223
205.46,524,227
206.25,508,228
207.04,500,227
207.87,496,228
208.66,486,230
209.45,473,234
210.24,466,228
211.03,463,231
211.82,454,227
212.60,310,229
213.39,310,230
214.18,372,221
214.97,387,213
215.76,401,200
216.55,408,215
217.47,412,216
218.26,296,213
219.05,296,221
219.85,289,228
220.64,286,236
221.43,284,223
222.22,372,230
223.01,379,230
223.80,383,233
224.60,392,232
225.39,389,231
226.18,388,233
226.97,387,233
227.76,387,235
228.56,387,235
229.35,387,234
230.15,379,234
230.94,375,234
231.74,373,235
232.53,372,236
233.33,372,232
234.12,361,234
234.92,355,234
235.71,352,236
236.50,351,236
237.29,350,235
238.08,343,235
238.88,340,233
239.67,338,235
240.46,337,236
241.25,337,237
242.04,337,237
242.83,330,237
243.63,326,235
244.42,324,234
245.21,323,235
246.01,323,235
246.77,323,235
247.53,323,235
248.29,323,236
249.05,323,237
249.81,316,236
250.58,313,237
251.34,311,236
252.10,317,233
252.86,313,238
253.62,311,240
254.38,303,238
255.17,306,239
255.94,308,238
256.72,309,237
257.49,309,239
258.27,309,238
259.04,309,239
259.82,309,237
260.59,309,237
261.37,309,239
262.14,309,238
262.92,302,236
263.69,306,240
264.56,308,237
265.35,309,238
266.14,309,237
266.92,309,237
267.71,309,236
268.50,309,236
269.29,316,238
270.08,313,237
270.87,311,238
271.65,310,238
272.44,310,239
273.23,310,240
274.03,316,236
274.85,319,239
275.67,321,235
276.49,322,238
277.31,322,237
278.13,322,236
278.95,316,238
279.77,313,238
280.59,318,236
281.41,327,237
282.23,332,237
283.05,334,234
283.84,342,225
284.64,357,220
285.44,364,220
286.24,357,219
287.04,347,223
287.84,342,224
288.65,332,227
289.45,334,229
290.25,335,229
291.05,329,232
291.85,319,231
292.65,321,233
293.51,315,232
294.30,312,233
295.09,317,231
295.88,306,233
296.67,301,230
297.46,285,228
298.24,189,223
299.03,189,228
299.82,189,231
300.61,189,223
301.40,216,224
302.19,296,233
302.95,289,237
303.79,272,234
304.62,202,235
305.46,202,236
306.30,195,232
307.13,198,234
307.97,207,230
308.80,225,228
309.64,296,235
310.48,296,234
311.31,303,234
312.15,306,233
312.90,308,230
313.70,315,227
314.50,326,218
315.30,446,211
316.10,5979,210
316.90,6244,214
317.69,6182,219
318.49,6119,221
319.29,6057,220
320.09,5964,221
320.89,5979,214
321.69,555,222
322.45,555,220
323.24,5808,222
324.03,5777,222
324.82,5745,220
325.61,571,229
326.40,571,231
327.18,555,217
327.97,540,215
328.76,540,217
329.55,283,210
330.34,283,217
331.13,283,216
331.92,283,222
332.70,283,225
333.48,283,227
334.26,283,229
335.04,283,218
335.82,289,145
336.59,5247,214
337.37,5231,222
338.15,5215,223
338.93,5200,222
339.71,5215,222
340.49,5231,220
341.29,5247,220
342.08,5278,220
342.88,5340,219
343.67,5402,217
344.46,5044,158
345.25,5013,216
346.05,4966,213
346.84,4904,211
347.63,4888,210
348.42,4841,218
349.22,4857,71
350.01,4873,210
350.80,4919,210
351.56,5122,215
352.32,5215,220
353.08,5418,224
353.84,5356,222
354.60,5293,221
355.37,5247,222
356.13,5184,222
356.89,5137,222
357.65,5091,222
358.41,5044,222
359.17,4997,223
0.00,4997,219
0.80,5106,220
1.61,5184,225
2.41,5153,215
3.21,5106,212
4.02,5169,93
4.82,5013,129
5.63,4982,168
6.43,4888,213
7.23,4826,218
8.04,4857,222
8.84,45,90
9.63,45,84
10.42,6540,155
11.22,6525,203
12.01,75,74
12.80,67,64
13.59,56,67
14.39,4592,216
15.18,4561,223
15.97,4530,223
16.76,6244,171
17.56,6229,213
18.35,135,71
19.10,127,48
19.88,123,54
20.66,76,54
21.44,90,54
22.22,90,48
23.00,4358,210
23.79,4031,218
24.57,4015,223
25.35,4015,226
26.13,4000,222
26.91,3969,223
27.69,3969,226
28.52,3953,225
29.31,3937,223
30.10,3937,224
30.89,3922,224
31.68,3906,225
32.47,3906,225
33.25,3891,225
34.04,3891,226
34.83,3844,222
35.62,3735,220
36.41,3626,220
37.20,3548,220
37.65,3454,222
38.44,3361,221
39.24,3283,223
40.03,3205,223
40.82,3142,224
41.61,3065,221
42.41,3018,221
43.20,2955,224
43.99,2893,223
44.78,2831,225
45.58,2784,224
46.37,2737,224
47.16,2690,225
47.95,2644,225
48.75,2613,226
49.54,2566,227
50.33,2519,226
51.13,2488,226
51.92,2441,227
52.72,2410,227
53.51,2379,227
54.30,2348,227
55.10,2316,230
55.89,2285,227
56.68,2254,229
57.47,2223,227
58.26,2192,227
59.05,2176,227
59.84,2145,229
60.63,2129,228
61.42,2098,231
62.21,2083,232
63.00,2051,230
63.79,2036,230
64.58,2020,229
65.37,2005,232
66.19,1989,232
66.96,1958,230
67.74,1942,230
68.51,1942,231
69.29,1927,232
70.06,1911,231
70.84,1896,232
71.61,1880,229
72.39,1864,229
73.16,1849,228
73.94,1849,226
74.71,1833,229
75.50,1818,231
76.29,1802,229
77.09,1802,230
77.88,1787,228
78.67,1787,229
79.47,1771,230
80.26,1771,232
81.06,1755,232
81.85,1755,228
82.64,898,230
83.44,883,234
84.23,883,234
84.99,898,233
85.78,929,229
86.58,1023,238
87.37,1038,225
88.16,914,220
88.95,898,233
89.75,898,238
90.54,898,240
91.33,898,239
92.12,883,237
92.92,898,237
93.71,929,231
94.50,945,238
95.29,945,245
96.09,945,239
96.88,960,240
97.67,976,236
98.47,1038,236
99.26,1070,235
100.06,1085,239
100.85,1070,242
101.64,1070,240
102.44,1116,234
103.23,1132,238
104.02,1179,226
104.80,1662,226
105.58,1693,233
106.35,1677,233
107.13,1693,238
107.91,1709,233
108.69,1709,233
109.47,1709,233
110.25,1709,233
111.02,1724,229
111.80,1412,219
112.58,1740,232
113.33,1740,226
114.12,1755,230
114.92,1755,232
115.71,1771,233
116.50,1771,231
117.29,1771,230
118.09,1787,230
118.88,1802,230
119.67,1818,228
120.46,1818,224
121.26,1833,230
122.05,1833,232
122.88,1849,230
123.71,1864,232
124.54,1880,231
125.37,1896,222
126.20,1428,222
127.03,1397,221
127.86,1381,220
128.69,1366,220
129.52,1350,222
130.35,1335,221
131.18,1319,221
132.01,1288,222
132.80,1288,221
133.60,1272,220
134.39,1257,221
135.19,1257,222
135.98,1241,221
136.78,1225,223
137.57,1210,223
138.37,1194,222
139.16,1194,223
139.96,1210,221
140.75,1257,220
141.55,1272,219
142.47,1288,215
143.26,1210,214
144.06,1381,214
144.85,135,215
145.64,112,218
146.43,108,220
147.23,99,224
148.02,94,227
148.81,92,230
149.60,91,231
150.40,90,230
151.19,90,228
152.02,90,227
152.82,112,221
153.62,101,224
154.42,95,221
155.22,92,222
156.02,83,225
156.82,86,230
157.62,80,231
158.42,77,233
159.22,76,233
160.02,75,231
160.82,67,229
161.57,71,223
162.37,73,226
163.16,74,226
163.96,67,232
164.76,71,238
165.55,73,242
166.35,66,245
167.14,70,242
167.94,65,245
168.74,62,246
169.53,61,242
170.33,60,244
171.09,60,243
171.88,67,242
172.67,71,245
173.46,65,248
174.25,70,242
175.04,72,239
175.83,73,241
176.62,74,244
177.41,74,245
178.20,74,242
178.99,74,239
179.78,74,237
180.61,74,244
181.40,74,242
182.18,74,240
182.97,74,239
183.76,74,231
184.55,74,233
185.33,74,229
186.12,82,225
186.91,78,226
187.70,76,233
188.48,75,236
189.27,75,227
190.10,82,218
190.89,101,211
191.69,111,210
192.48,93,210
193.27,84,180
194.06,774,168
194.86,789,217
195.65,774,215
196.44,774,228
197.23,742,229
198.03,711,228
198.82,696,227
199.61,664,227
200.43,664,224
201.25,649,224
202.07,587,221
202.89,587,216
203.71,540,218
204.53,540,224
205.35,524,227
206.17,509,227
206.99,509,230
207.81,501,228
208.63,489,232
209.38,475,233
210.17,468,230
210.96,457,231
211.75,437,225
212.54,310,230
213.33,310,227
214.13,323,223
214.92,431,212
215.71,431,210
216.50,424,216
217.29,420,216
218.08,296,216
218.94,289,222
219.73,292,227
220.52,287,238
221.31,372,223
222.10,354,226
222.89,370,229
223.68,386,231
224.47,394,232
225.26,398,231
226.05,392,232
226.84,389,232
227.63,388,236
228.42,387,233
229.21,387,234
230.00,379,234
230.79,375,232
231.58,373,232
232.37,372,230
233.16,361,234
233.95,355,234
234.74,352,232
235.53,351,234
236.32,350,236
237.11,343,236
237.91,340,233
238.70,338,233
239.49,337,235
240.28,337,234
241.07,330,236
241.86,326,236
242.64,324,236
243.43,323,236
244.22,323,234
245.01,323,235
245.80,323,235
246.59,323,235
247.43,323,237
248.22,323,236
249.00,323,238
249.79,316,237
250.58,313,236
251.36,311,237
252.15,310,235
252.93,310,237
253.72,310,238
254.51,310,238
255.29,310,237
256.08,310,237
256.91,310,238
257.73,310,238
258.55,310,238
259.37,303,238
260.19,306,237
261.01,308,240
261.83,309,238
262.65,309,240
263.47,302,239
264.29,306,240
265.11,308,238
265.93,309,233
266.68,309,236
267.47,309,238
268.26,309,237
269.05,309,238
269.84,309,237
270.63,309,239
271.42,309,236
272.21,309,237
273.00,309,237
273.79,316,235
274.58,313,237
275.37,311,238
276.19,317,234
276.97,320,239
277.75,321,236
278.52,322,239
279.30,322,237
280.08,322,235
280.86,322,237
281.64,329,237
282.42,333,235
283.19,335,233
283.97,353,225
284.75,370,220
285.50,360,219
286.32,348,219
287.15,342,225
287.97,339,224
288.79,331,228
289.62,327,229
290.44,325,231
291.27,317,233
292.09,320,233
292.91,315,232
293.74,312,234
294.56,304,234
295.31,300,233
296.11,305,232
296.90,300,230
297.70,298,227
298.50,216,222
299.29,202,225
300.09,195,229
300.88,205,224
301.68,283,231
302.48,283,235
303.27,283,236
304.07,276,228
304.86,202,237
305.65,202,237
306.44,195,229
307.23,198,234
308.02,207,229
308.81,269,230
309.61,282,234
310.40,296,233
311.19,303,236
311.98,306,232
312.77,314,227
313.56,325,224
314.31,337,216
315.11,431,210
315.90,5995,213
316.70,6244,216
317.50,6182,219
318.29,6104,220
319.09,6026,216
319.88,5948,221
320.68,555,215
321.48,555,226
322.27,555,215
323.07,5808,222
323.86,5761,223
324.65,571,218
325.45,571,227
326.24,555,230
327.03,540,214
327.82,540,216
328.62,540,215
329.41,296,212
330.20,289,215
330.99,286,217
331.79,284,220
332.58,283,221
333.37,283,227
334.20,283,228
335.03,283,219
335.87,337,109
336.70,5247,217
337.53,5215,222
338.36,5200,223
339.19,5200,222
340.02,5215,222
340.86,5231,222
341.69,5262,220
342.52,5293,218
343.35,5356,220
344.14,5402,214
344.93,5028,210
345.72,4997,216
346.51,4966,210
347.30,4904,215
348.10,4857,211
348.89,4841,213
349.68,4841,58
350.47,4857,214
351.26,4935,129
352.05,5137,216
352.40,5215,219
353.19,5402,225
353.98,5356,221
354.77,5278,222
355.56,5231,222
356.35,5200,221
357.14,5122,223
357.93,5075,222
358.72,5028,222
359.51,4982,221
0.30,5013,219
1.09,5122,219
1.85,5169,225
2.61,5137,214
3.38,5106,211
4.14,5075,100
4.90,4997,171
5.67,4982,151
6.43,4888,217
7.20,4841,219
7.96,4857,219
8.72,75,71
9.49,113,77
10.25,6540,211
11.08,6509,184
11.87,60,80
12.66,60,74
13.45,52,71
14.24,4592,219
15.03,4561,225
15.82,4530,223
16.61,6260,200
17.40,6213,213
18.19,45,45
18.98,52,51
19.77,86,51
20.53,65,64
21.34,77,61
22.15,68,64
22.96,4358,213
23.77,4031,222
24.58,4015,223
25.38,4000,224
26.19,3984,225
27.00,3969,223
27.81,3969,225
28.62,3953,224
29.43,3937,224
30.19,3937,224
30.93,3922,224
31.66,3906,225
32.40,3906,225
33.14,3891,225
33.88,3891,226
34.61,3813,221
35.35,3719,219
36.09,3626,220
36.83,3532,220
37.56,3439,221
38.30,3361,223
39.06,3283,222
39.85,3205,223
40.65,3142,223
41.44,3080,222
42.23,3018,223
43.03,2940,224
43.82,2893,224
44.62,2831,224
45.41,2784,223
46.20,2737,226
47.00,2690,225
47.79,2644,225
48.58,2597,225
49.40,2550,225
50.22,2519,227
51.04,2488,226
51.86,2441,227
52.68,2410,227
53.49,2379,227
54.31,2332,227
55.13,2301,227
55.95,2285,227
56.77,2254,228
57.59,2223,229
58.39,2192,228
59.19,2176,229
59.98,2145,230
60.78,2129,230
61.58,2098,230
62.38,2083,230
63.17,2067,231
63.97,2036,231
64.77,2020,231
65.57,2005,231
66.36,1989,232
67.16,1974,232
67.76,1958,231
68.55,1942,233
69.34,1927,230
70.13,1896,229
70.92,1896,230
71.71,1880,229
72.50,1864,229
73.29,1849,229
74.08,1833,225
74.87,1833,228
75.66,1818,230
76.45,1802,230
77.25,1802,229
78.03,1786,231
78.80,1786,229
79.58,1771,230
80.36,1771,231
81.13,1755,231
81.91,1755,226
82.68,898,229
83.46,882,233
84.24,882,235
85.01,898,232
85.79,945,228
86.58,1023,239
87.38,1038,222
88.17,914,223
88.97,898,233
89.77,898,238
90.57,898,239
91.36,898,240
92.16,898,239
92.96,898,236
93.76,945,234
94.55,945,241
95.35,945,241
96.11,945,242
96.91,960,241
97.72,991,236
98.52,1054,233
99.32,1085,236
100.12,1085,240
100.93,1069,242
101.73,1069,237
102.53,1101,233
103.33,1132,238
104.14,1178,225
104.94,1662,229
105.73,1693,235
106.52,1662,234
107.31,1693,239
108.10,1693,232
108.89,1708,233
109.68,1708,233
110.47,1708,231
111.26,1724,225
112.05,1740,218
112.84,1740,231
113.63,1740,224
114.42,1740,230
115.21,1755,231
116.01,1771,232
116.80,1771,230
117.60,1786,230
118.40,1786,230
119.20,1802,230
119.99,1802,228
120.79,1818,224
121.59,1833,229
122.39,1849,230
123.18,1849,230
123.98,1864,231
124.74,1880,232
125.54,1895,218
126.35,1412,222
127.15,1397,221
127.95,1381,221
128.75,1366,220
129.56,1350,220
130.36,1334,222
131.16,1319,221
131.96,1303,223
132.77,1288,221
133.57,1272,221
134.40,1256,222
135.22,1241,221
136.03,1241,222
136.85,1225,224
137.66,1210,222
138.48,1194,222
139.29,1194,223
140.11,1225,221
140.92,1256,218
141.74,1288,218
142.55,1210,213
143.37,1272,212
144.16,1397,213
144.95,105,215
145.75,97,219
146.54,101,224
147.34,95,224
148.13,100,227
148.93,95,227
149.72,92,230
150.52,91,230
151.31,90,229
152.11,90,227
152.90,90,224
153.69,97,223
154.49,93,220
155.29,91,225
156.09,90,227
156.89,90,233
157.69,90,231
158.48,90,232
159.28,82,232
160.08,78,229
160.88,76,226
161.68,75,224
162.48,67,224
163.35,71,229
164.14,73,237
164.93,66,240
165.72,63,242
166.51,61,243
167.30,60,245
168.10,60,246
168.89,60,244
169.68,60,244
170.47,60,246
171.26,60,243
172.05,60,241
172.76,60,245
173.56,60,246
174.35,67,241
175.15,63,241
175.95,69,242
176.75,64,242
177.54,69,243
178.34,72,241
179.14,73,242
179.94,74,240
180.73,74,243
181.53,74,242
182.28,74,242
183.10,82,239
183.92,78,234
184.74,84,231
185.56,87,229
186.38,88,226
187.19,81,227
188.01,78,232
188.83,76,234
189.65,75,223
190.47,90,214
191.29,105,211
192.12,105,211
192.91,90,211
193.71,105,145
194.50,105,210
195.30,804,217
196.09,773,216
196.89,758,231
197.68,742,228
198.48,695,226
199.27,695,226
200.07,664,226
200.86,649,221
201.65,633,228
202.45,571,222
203.26,555,213
204.06,539,217
204.86,539,224
205.66,524,228
206.47,508,224
207.27,508,225
208.07,492,228
208.87,484,232
209.68,472,234
210.48,466,228
211.27,456,229
212.06,443,222
212.85,310,232
213.64,310,223
214.43,323,220
215.22,345,203
216.01,431,210
216.80,423,217
217.59,419,214
218.38,296,218
219.17,296,222
219.96,289,231
220.75,279,232
221.54,350,228
222.34,359,227
223.13,373,233
223.93,380,228
224.72,391,232
225.52,396,231
226.31,391,233
227.11,389,233
227.90,388,232
228.70,387,237
229.49,377,232
230.28,372,234
231.07,370,235
231.86,369,231
232.65,368,234
233.44,359,233
234.23,354,232
235.01,352,235
235.80,351,235
236.59,337,235
237.38,337,235
238.17,337,233
238.96,337,235
239.72,337,237
240.47,337,236
241.23,330,235
241.98,326,235
242.73,324,234
243.49,323,235
244.24,323,236
245.00,323,234
245.75,323,236
246.50,323,235
247.26,323,236
248.01,323,236
248.80,316,237
249.59,313,237
250.38,311,238
251.17,310,236
251.96,310,237
252.75,310,238
253.55,310,238
254.34,310,236
255.13,310,238
255.92,310,238
256.71,310,238
257.50,310,239
258.37,310,237
259.21,310,237
260.05,303,239
260.88,306,236
261.72,308,237
262.56,309,236
263.40,309,237
264.24,302,241
265.08,306,238
265.91,308,236
266.75,309,236
267.59,309,236
268.39,309,237
269.19,309,237
269.98,309,237
270.78,309,238
271.58,309,236
272.38,309,239
273.17,309,238
273.97,309,236
274.77,316,237
275.57,319,238
276.36,321,238
277.16,322,235
277.94,322,235
278.73,322,237
279.53,322,236
280.32,316,239
281.11,319,238
281.91,328,237
282.70,332,237
283.50,334,230
284.29,351,222
285.08,369,222
285.88,368,219
286.67,352,222
287.46,344,224
288.24,340,224
289.03,331,225
289.81,327,229
290.59,325,233
291.38,324,231
292.16,310,229
292.95,316,236
293.73,313,233
294.51,311,233
295.30,303,235
296.08,299,233
296.91,297,232
297.70,290,226
298.50,189,225
299.29,189,228
300.08,189,227
300.88,269,223
301.67,276,232
302.47,279,233
303.26,281,237
304.05,268,229
304.85,202,239
305.64,195,238
306.40,192,228
307.21,197,235
308.02,219,227
308.83,296,232
309.64,296,234
310.45,303,235
311.25,306,234
312.06,314,232
312.87,318,229
313.68,327,222
314.49,347,216
315.30,446,129
316.09,5995,215
316.88,6213,218
317.67,6182,220
318.46,6104,219
319.25,5979,219
320.04,5979,219
320.84,555,217
321.63,555,228
322.42,5839,215
323.21,5792,222
324.00,5761,224
324.79,571,221
325.58,571,230
326.37,555,229
327.17,539,216
327.96,539,217
328.76,539,215
329.55,283,214
330.35,283,216
331.14,283,218
331.94,283,224
332.73,276,224
333.53,279,228
334.32,281,225
335.11,282,214
335.95,289,129
336.80,5246,220
337.64,5215,222
338.48,5215,222
339.33,5200,221
340.17,5215,222
341.02,5231,221
341.86,5262,218
342.70,5309,220
343.55,5371,219
344.39,5418,210
345.15,5028,214
345.88,4981,215
346.62,4997,155
347.35,4904,214
348.08,4857,214
348.82,4826,210
349.55,45,61
350.29,4888,214
351.02,5137,77
351.75,5137,219
352.49,5246,216
353.22,5387,223
354.02,5340,222
354.81,5278,223
355.61,5215,223
356.40,5153,222
357.19,5122,223
357.99,5059,221
358.78,5013,222
359.58,4981,222
0.37,5044,218
1.16,5169,220
1.96,5169,223
2.75,5122,212
3.54,5091,119
4.33,5059,129
5.13,4981,151
5.92,4981,168
6.71,4872,218
7.50,4857,222
8.30,4857,213
9.09,75,77
9.88,75,67
10.67,6524,212
11.47,6524,61
12.26,60,64
13.06,60,54
13.85,52,61
14.65,4561,222
15.44,4545,224
16.23,4529,221
17.03,6244,211
17.82,6228,190
18.62,60,58
19.41,90,45
20.20,67,58
21.00,63,51
21.79,54,67
22.40,49,61
23.18,4342,215
23.95,4031,224
24.73,4015,225
25.51,4000,224
26.28,3984,224
27.06,3984,224
27.83,3953,222
28.61,3953,223
29.39,3937,224
30.16,3937,225
30.94,3922,224
31.74,3906,225
32.51,3906,225
33.27,3890,224
34.04,3890,225
34.81,3812,220
35.57,3703,221
36.34,3594,220
37.10,3516,220
37.87,3438,223
38.64,3329,220
39.40,3267,223
40.17,3189,222
40.93,3126,221
41.72,3049,222
42.52,3002,222
43.31,2939,224
44.10,2877,223
44.90,2815,225
45.69,2768,224
46.49,2721,224
47.28,2674,224
48.07,2643,226
48.87,2581,224
49.66,2550,228
50.49,2519,227
51.28,2472,226
52.06,2425,227
52.85,2394,227
53.64,2363,226
54.42,2332,226
55.21,2300,228
55.99,2269,227
56.78,2254,229
57.57,2222,227
58.35,2191,227
59.14,2160,229
59.93,2145,230
60.75,2129,230
61.58,2098,229
62.40,2082,229
63.22,2051,231
64.04,2035,232
64.87,2020,230
65.69,2004,231
66.51,1973,232
67.33,1957,232
68.16,1942,231
68.98,1942,230
69.74,1911,231
70.53,1895,228
71.33,1895,230
72.12,1880,230
72.91,1864,231
73.71,1848,230
74.50,1848,224
75.30,1833,230
76.09,1817,231
76.88,1802,232
77.68,1802,230
78.47,1786,228
79.30,1786,228
80.07,1770,230
80.85,1770,230
81.62,1755,231
82.39,1755,223
83.17,882,229
83.94,882,233
84.72,898,234
85.49,898,233
86.26,1007,227
87.04,1022,238
87.81,1038,219
88.60,913,228
89.39,898,234
90.19,898,239
90.98,898,240
91.77,882,239
92.57,898,236
93.36,898,235
94.16,944,234
94.95,944,238
95.74,944,242
96.54,944,241
97.33,960,240
97.76,991,232
98.56,1053,234
99.35,1085,234
100.15,1085,239
100.95,1069,241
101.74,1085,238
102.54,1116,235
103.33,1131,236
104.13,1194,218
104.93,1693,233
105.72,1693,233
106.52,1661,233
107.28,1693,238
108.07,1693,233
108.86,1708,232
109.65,1724,233
110.44,1724,232
111.23,1724,220
112.02,1724,222
112.81,1739,234
113.60,1755,225
114.39,1755,232
115.18,1755,232
115.97,1770,232
116.80,1770,230
117.59,1786,230
118.38,1786,231
119.17,1802,230
119.96,1817,229
120.75,1833,224
121.54,1833,232
122.33,1848,233
123.12,1848,231
123.91,1864,230
124.70,1880,231
125.49,1412,216
126.28,1412,222
127.10,1396,222
127.93,1381,220
128.75,1365,221
129.57,1350,220
130.39,1334,222
131.22,1318,221
132.04,1303,223
132.86,1287,221
133.68,1272,221
134.51,1256,222
135.33,1241,223
136.09,1225,222
136.88,1225,223
137.66,1209,222
138.45,1194,220
139.24,1194,223
140.02,1225,219
140.81,1256,218
141.59,1287,218
142.38,1209,214
143.17,1365,214
143.95,1396,215
144.74,90,217
145.53,90,221
146.32,97,223
147.12,93,226
147.91,91,225
148.70,90,229
149.50,90,227
150.29,90,231
151.09,90,230
151.88,90,228
152.67,90,225
153.47,97,222
154.26,93,221
155.06,91,223
155.87,90,230
156.67,82,232
157.48,86,233
158.28,88,233
159.09,81,231
159.89,78,231
160.70,76,227
161.50,75,223
162.31,75,224
163.11,75,228
163.92,75,234
164.72,75,242
165.51,75,242
166.30,67,244
167.09,63,247
167.88,69,246
168.67,72,244
169.45,66,243
170.24,63,244
171.03,61,239
171.82,60,241
172.61,60,244
173.40,60,244
174.20,67,241
174.99,71,240
175.78,73,241
176.57,74,240
177.36,67,243
178.15,71,241
178.94,73,241
179.73,74,241
180.52,74,243
181.31,74,242
182.10,82,241
182.89,86,237
183.68,88,237
184.52,89,233
185.36,82,226
186.20,86,226
187.04,88,227
187.88,81,232
188.71,85,235
189.55,80,226
190.39,85,217
191.23,65,210
192.07,70,210
192.91,87,210
193.64,88,171
194.44,726,193
195.23,804,217
196.03,773,215
196.83,773,228
197.62,726,230
198.42,726,227
199.21,695,225
200.01,664,227
200.81,664,220
201.60,633,225
202.40,570,223
203.19,555,215
203.98,539,219
204.77,539,224
205.56,524,229
206.35,508,222
207.14,500,228
207.93,496,229
208.72,478,230
209.51,469,235
210.30,464,231
211.09,454,229
211.88,401,225
212.67,309,232
213.45,309,226
214.22,329,227
215.00,332,210
215.78,401,211
216.56,408,215
217.33,419,216
218.11,296,218
218.89,289,219
219.67,285,228
220.44,283,235
221.22,350,222
222.01,356,228
222.80,371,226
223.60,379,233
224.39,390,233
225.18,395,232
225.98,391,232
226.77,389,235
227.57,388,234
228.36,387,232
229.15,387,234
229.95,375,236
230.74,369,235
231.53,366,234
232.33,358,235
233.14,360,233
233.94,355,236
234.74,352,235
235.55,351,235
236.35,350,235
237.16,343,233
237.96,339,232
238.76,337,235
239.57,336,235
240.37,336,234
241.16,336,235
241.95,329,236
242.74,326,233
243.53,317,233
244.32,320,236
245.11,321,233
245.90,322,237
246.69,315,237
247.48,319,236
248.27,314,236
249.06,318,237
249.85,320,237
250.64,314,239
251.44,311,236
252.23,303,235
253.03,306,236
253.83,307,239
254.63,308,237
255.42,308,240
256.22,308,239
257.02,308,238
257.82,308,238
258.61,308,239
259.41,308,238
260.16,308,239
260.95,308,238
261.74,308,238
262.53,308,238
263.32,308,238
264.11,308,237
264.90,308,239
265.69,308,238
266.48,308,238
267.27,308,237
268.06,308,237
268.85,308,237
269.65,302,236
270.48,312,238
271.31,310,236
272.15,309,237
272.98,316,235
273.81,312,237
274.64,317,236
275.47,320,240
276.30,321,236
277.14,322,236
277.97,322,236
278.80,315,236
279.56,319,234
280.36,321,238
281.16,322,237
281.96,322,238
282.76,322,235
283.56,329,232
284.36,387,227
285.16,375,219
285.96,355,219
286.76,345,223
287.56,340,223
288.36,338,225
289.12,330,228
289.93,333,232
290.73,328,231
291.54,318,233
292.35,313,232
293.15,311,233
293.96,310,234
294.76,303,234
295.57,306,231
296.38,301,235
297.18,291,231
297.99,280,226
298.78,202,225
299.59,195,228
300.41,191,227
301.22,210,222
302.03,282,231
302.84,282,235
303.66,282,237
304.47,215,229
305.28,201,238
306.09,194,237
306.91,198,230
307.72,200,234
308.55,221,229
309.35,296,233
310.14,296,235
310.94,302,237
311.74,305,232
312.53,307,233
313.33,315,227
314.12,326,222
314.92,387,215
315.72,401,122
316.51,5995,216
317.31,6213,220
318.07,6150,220
318.86,6088,221
319.66,5963,219
320.45,5995,218
321.24,555,219
322.04,555,226
322.83,5839,218
323.63,5792,221
324.42,5745,222
325.21,571,224
326.01,571,230
326.80,555,226
327.63,539,213
328.42,539,215
329.21,524,212
330.00,283,211
330.79,283,217
331.58,283,217
332.37,283,223
333.16,283,225
333.95,283,231
334.74,283,225
335.53,289,212
336.32,5246,190
337.12,5231,221
337.92,5215,224
338.72,5215,224
339.53,5200,223
340.33,5215,222
341.13,5246,222
341.93,5278,220
342.73,5324,218
343.53,5371,219
344.34,5418,135
345.14,5028,215
345.94,4981,216
346.69,4919,148
347.44,4904,214
348.20,4857,218
348.95,4857,200
349.71,4826,84
350.46,4888,213
351.22,5137,132
351.97,5153,219
352.73,5402,215
353.48,5387,222
354.24,5324,221
354.99,5262,221
355.78,5215,222
356.57,5153,221
357.36,5106,221
358.15,5059,222
358.94,5013,223
359.73,4981,222
0.52,5059,219
1.31,5184,223
2.10,5153,220
2.89,5122,212
3.68,5106,116
4.47,5044,119
5.26,4997,177
6.05,4966,210
6.84,4826,218
7.63,4872,223
8.42,4857,158
9.21,105,80
10.00,140,64
10.79,6524,212
11.58,75,67
12.37,52,61
13.16,48,71
13.95,4607,206
14.75,4561,222
15.53,4545,224
16.30,4529,214
17.08,6228,212
17.86,6213,145
18.64,30,51
19.41,30,54
20.19,45,35
20.97,90,48
21.75,60,58
22.52,45,61
23.30,4342,214
24.09,4031,224
24.88,4015,224
25.68,4000,225
26.47,3984,223
27.26,3968,222
28.05,3953,225
28.85,3953,224
29.64,3937,222
30.43,3922,224
31.22,3906,223
32.02,3906,223
32.81,3906,223
33.64,3890,225
34.40,3875,227
35.16,3766,219
35.92,3688,220
36.68,3579,221
37.44,3485,220
38.21,3407,222
38.97,3314,220
39.73,3251,223
40.49,3174,223
41.25,3111,221
42.01,3049,222
42.80,2986,223
43.60,2924,222
44.39,2877,223
45.19,2815,226
45.99,2768,224
46.78,2722,227
47.58,2675,225
48.37,2628,223
49.17,2581,226
49.97,2534,225
50.76,2503,227
51.56,2472,227
52.47,2425,225
53.26,2394,225
54.05,2363,227
54.84,2332,229
55.63,2301,229
56.42,2270,227
57.20,2238,229
57.99,2207,228
58.78,2192,229
59.57,2160,228
60.36,2145,230
61.15,2114,230
61.95,2098,230
62.71,2067,230
63.48,2051,230
64.24,2036,229
65.00,2020,231
65.77,2005,232
66.53,1973,231
67.30,1958,230
68.06,1942,230
68.82,1927,231
69.59,1911,233
70.35,1895,231
71.14,1895,228
71.94,1880,230
72.73,1864,230
73.53,1849,231
74.33,1833,222
75.12,1833,230
75.92,1818,231
76.71,1802,230
77.51,1786,230
78.31,1786,229
79.10,1771,230
79.90,1771,230
80.66,1755,231
81.45,1755,230
82.24,1771,220
83.03,882,232
83.82,882,233
84.61,898,235
85.40,898,232
86.19,991,231
86.98,1023,241
87.77,1038,218
88.56,914,229
89.35,898,234
90.18,898,237
90.95,898,236
91.73,898,241
92.50,898,238
93.27,898,235
94.05,929,235
94.82,945,240
95.60,945,239
96.37,945,240
97.14,976,240
97.92,1007,232
98.69,1054,234
99.49,1085,236
100.29,1085,240
101.08,1069,239
101.88,1085,239
102.67,1132,237
103.47,1132,234
104.26,1194,218
105.06,1693,233
105.85,1693,235
106.65,1693,233
107.44,1708,237
108.24,1708,232
109.00,1693,233
109.80,1708,233
110.61,1724,232
111.41,1724,218
112.21,1740,225
113.02,1740,232
113.82,1755,223
114.63,1755,232
115.43,1755,232
116.23,1771,232
117.04,1771,232
117.84,1786,230
118.67,1786,231
119.49,1802,230
120.30,1802,230
121.12,1818,226
121.94,1833,231
122.75,1849,232
123.57,1864,232
124.38,1864,231
125.20,1880,231
126.02,1428,217
126.83,1412,221
127.65,1397,221
128.44,1381,221
129.23,1366,220
130.03,1350,221
130.82,1334,221
131.61,1319,222
132.40,1288,223
133.20,1272,220
133.99,1272,223
134.78,1256,223
135.57,1241,221
136.37,1225,221
137.16,1225,223
137.95,1210,221
138.71,1194,221
139.48,1194,221
140.24,1225,219
141.01,1256,218
141.77,1288,219
142.54,1210,215
143.30,1366,214
144.07,105,213
144.83,97,216
145.60,93,220
146.36,91,221
147.12,90,224
147.91,90,230
148.70,90,228
149.49,90,229
150.28,90,231
151.07,90,228
151.85,90,226
152.64,97,224
153.43,93,222
154.22,106,223
155.01,90,225
155.80,82,228
156.63,78,232
157.48,84,231
158.32,79,231
159.17,77,232
160.02,68,228
160.86,71,226
161.71,65,225
162.55,70,222
163.40,65,229
164.25,62,238
165.09,61,242
165.94,60,244
166.69,60,246
167.48,60,247
168.28,60,246
169.07,60,243
169.86,60,245
170.66,60,244
171.45,60,242
172.25,60,242
173.04,60,245
173.83,60,248
174.63,60,241
175.42,67,243
176.22,71,246
177.01,73,242
177.81,66,247
178.60,70,243
179.39,72,241
180.18,73,239
180.98,74,243
181.77,74,240
182.56,74,240
183.35,74,235
184.15,74,230
184.94,82,229
185.69,86,229
186.50,95,227
187.31,77,226
188.12,83,231
188.93,79,235
189.74,77,222
190.55,91,213
191.36,98,212
192.17,79,211
192.98,114,193
193.79,117,151
194.60,789,211
195.40,804,218
196.22,773,220
197.04,758,229
197.86,727,227
198.68,711,227
199.50,680,224
200.31,664,225
201.13,649,221
201.95,633,223
202.77,586,222
203.59,586,213
204.41,539,220
205.17,524,226
205.96,508,228
206.76,508,227
207.55,500,228
208.34,488,230
209.13,482,234
209.93,471,231
210.72,458,230
211.51,452,232
212.30,434,221
213.10,310,232
213.89,310,224
214.72,387,222
215.49,401,184
216.27,401,212
217.04,408,216
217.81,397,213
218.59,296,219
219.36,296,221
220.14,289,235
220.91,279,232
221.68,337,226
222.46,387,228
223.23,394,227
224.03,390,231
224.82,396,233
225.61,391,234
226.40,379,233
227.19,383,234
227.98,385,234
228.77,386,234
229.56,386,232
230.35,377,232
231.14,372,233
231.93,370,233
232.72,369,232
233.48,359,234
234.27,354,234
235.07,352,237
235.86,351,231
236.65,350,235
237.44,343,235
238.24,340,234
239.03,338,233
239.82,337,232
240.61,337,232
241.41,337,234
242.20,330,234
243.06,326,235
243.86,324,235
244.66,323,235
245.46,323,238
246.26,323,237
247.06,323,235
247.86,323,236
248.66,323,237
249.46,316,237
250.26,313,235
251.06,311,235
251.86,310,236
252.62,303,238
253.42,306,236
254.21,308,236
255.01,309,240
255.81,309,237
256.60,302,237
257.40,306,241
258.19,308,237
258.99,309,240
259.79,309,237
260.58,309,239
261.38,309,241
262.17,309,240
262.94,309,235
263.70,309,238
264.47,309,239
265.24,302,236
266.01,306,238
266.77,308,237
267.54,309,239
268.31,309,237
269.08,309,239
269.84,309,237
270.61,316,238
271.37,319,236
272.19,314,236
273.00,312,239
273.82,311,236
274.64,310,236
275.45,316,237
276.27,319,237
277.08,321,238
277.90,315,237
278.72,319,237
279.53,321,236
280.35,329,239
281.11,333,239
281.91,335,235
282.70,329,237
283.50,339,228
284.29,353,223
285.09,370,218
285.88,346,220
286.68,341,223
287.47,339,224
288.27,338,224
289.06,337,226
289.86,330,230
290.62,326,230
291.43,324,231
292.24,323,232
293.05,323,231
293.86,309,234
294.67,309,232
295.48,302,232
296.29,306,231
297.10,294,231
297.91,288,224
298.72,189,227
299.53,189,229
300.29,189,228
301.11,283,226
301.94,283,233
302.76,283,236
303.58,283,233
304.40,215,231
305.23,208,241
306.05,198,234
306.87,200,231
307.69,201,230
308.52,221,229
309.34,296,236
310.13,296,233
310.92,303,235
311.72,306,234
312.51,314,231
313.30,318,228
314.10,327,221
314.89,416,213
315.69,438,119
316.48,5995,215
317.27,6213,220
318.07,6135,219
318.86,6088,222
319.65,5963,219
320.45,5995,218
321.24,555,222
322.04,555,225
322.84,5823,220
323.63,5776,222
324.43,5745,222
325.22,571,223
326.02,571,228
326.82,555,222
327.61,539,216
328.41,539,217
329.16,539,213
329.96,283,215
330.76,283,215
331.56,283,220
332.36,283,224
333.16,276,227
333.97,279,227
334.77,281,223
335.57,282,212
336.37,5231,206
337.17,5246,220
337.97,5215,222
338.80,5200,221
339.59,5215,221
340.38,5215,221
341.17,5246,220
341.96,5278,218
342.75,5309,219
343.54,5371,218
344.33,5433,106
345.12,5013,215
345.91,4966,217
346.70,4950,190
347.49,4904,214
348.28,4841,217
349.01,4857,158
349.75,4841,113
350.48,4904,215
351.22,5137,135
351.95,5137,219
352.69,5433,215
353.42,5371,222
354.16,5324,223
354.89,5262,223
355.63,5200,221
356.36,5169,222
357.12,5106,221
357.91,5044,220
358.71,5013,222
359.50,4981,220
0.29,5044,219
1.08,5184,223
1.88,5153,222
2.67,5137,212
3.46,5091,87
4.25,5044,129
5.05,5013,155
5.84,4950,190
6.63,4857,218
7.45,4841,222
8.27,4857,210
9.09,45,74
9.91,110,54
10.73,6524,211
11.55,75,61
12.37,112,77
13.19,86,71
14.01,4607,148
14.83,4561,223
15.65,4545,223
16.44,4529,216
17.18,6260,212
17.92,6228,119
18.65,60,71
19.39,60,61
20.13,52,54
20.87,48,48
21.61,111,71
22.35,93,71
23.08,4342,216
23.82,4031,225
24.56,4015,224
25.35,4000,224
26.15,3984,223
26.94,3968,223
27.74,3968,224
28.54,3937,223
29.33,3937,225
30.13,3937,224
30.92,3922,225
31.72,3906,224
32.52,3906,225
33.31,3890,226
34.11,3890,225
34.90,3781,221
35.70,3688,219
36.50,3579,220
37.30,3485,221
38.10,3407,222
38.90,3314,222
39.70,3236,222
40.50,3174,221
41.30,3111,221
42.10,3033,223
42.90,2971,222
43.70,2924,224
44.49,2862,224
45.28,2799,224
46.07,2768,226
46.86,2706,225
47.65,2659,225
48.44,2628,224
49.24,2566,225
50.03,2534,226
50.82,2503,225
51.61,2457,226
52.40,2425,226
53.19,2394,225
53.98,2363,228
54.78,2332,228
55.57,2301,228
56.37,2270,228
57.17,2238,229
57.96,2207,229
58.76,2192,230
59.55,2160,228
60.35,2145,230
61.15,2114,230
61.94,2082,229
62.74,2067,230
63.50,2051,231
64.28,2020,231
65.05,2020,229
65.83,1989,229
66.61,1973,229
67.38,1958,231
68.16,1942,230
68.93,1927,231
69.71,1911,229
70.49,1895,230
71.26,1895,229
72.04,1880,230
72.87,1864,230
73.66,1849,231
74.45,1833,224
75.24,1833,231
76.03,1818,230
76.82,1802,231
77.61,1802,230
78.40,1786,230
79.19,1771,230
79.98,1771,229
80.77,1755,230
81.56,1755,230
82.35,898,223
83.14,882,230
83.94,882,233
84.73,898,232
85.52,914,233
86.32,991,231
87.11,1023,237
87.91,1038,215
88.70,914,231
89.49,898,235
90.29,882,240
91.08,898,240
91.84,898,239
92.62,898,237
93.39,898,233
94.17,945,234
94.95,945,242
95.73,945,242
96.50,945,241
97.28,976,240
98.06,1007,232
98.84,1054,233
99.61,1085,235
100.39,1085,241
101.22,1069,238
102.01,1085,237
102.80,1132,237
103.59,1147,237
104.38,1194,217
105.17,1693,232
105.95,1693,232
106.74,1662,232
107.53,1693,235
108.32,1708,234
109.11,1708,233
109.90,1724,235
110.69,1708,232
111.49,1412,219
112.30,1740,227
113.10,1740,232
113.90,1755,224
114.71,1755,232
115.51,1755,231
116.32,1771,230
117.12,1771,231
117.92,1786,230
118.73,1786,230
119.53,1802,231
120.32,1802,229
121.10,1818,228
121.87,1833,230
122.65,1849,231
123.43,1864,232
124.21,1864,232
124.98,1880,230
125.76,1428,219
126.54,1412,222
127.32,1397,221
128.09,1381,223
128.87,1366,221
129.70,1334,222
130.49,1319,221
131.28,1303,222
132.07,1288,223
132.86,1272,221
133.65,1272,222
134.44,1256,221
135.23,1241,224
136.02,1225,222
136.81,1225,223
137.60,1194,222
138.39,1194,221
139.18,1210,223
140.00,1241,219
140.82,1272,219
141.64,1288,217
142.46,1194,219
143.28,1366,214
144.10,105,213
144.92,97,218
145.74,101,220
146.56,95,222
147.38,92,225
148.20,91,228
148.99,90,230
149.80,90,232
150.60,90,231
151.41,90,227
152.22,97,227
153.02,93,224
153.83,91,220
154.63,90,222
155.44,90,226
156.25,82,230
157.05,86,232
157.86,80,234
158.66,85,232
159.45,80,228
160.24,77,227
161.03,76,227
161.82,75,225
162.61,75,225
163.39,75,230
164.18,75,238
164.97,75,241
165.76,67,244
166.55,63,244
167.34,69,247
168.13,64,243
168.96,69,245
169.80,64,245
170.63,69,244
171.46,72,242
172.30,66,243
173.13,63,244
173.97,61,243
174.80,68,241
175.63,71,242
176.47,73,243
177.30,74,244
178.09,74,247
178.89,74,240
179.68,74,240
180.48,74,244
181.28,74,243
182.07,74,243
182.87,74,239
183.66,74,236
184.46,74,234
185.26,82,229
186.05,86,228
186.85,88,226
187.58,81,228
188.37,78,233
189.17,84,231
189.96,87,219
190.75,88,212
191.54,96,211
192.34,78,210
193.13,91,210
193.92,773,206
194.71,836,211
195.51,773,215
196.30,773,225
197.13,758,232
197.95,727,230
198.76,695,228
199.58,680,226
200.40,664,225
201.21,649,223
202.03,617,224
202.84,571,224
203.66,586,214
204.48,524,220
205.29,524,225
206.11,524,229
206.90,508,226
207.70,500,227
208.49,488,230
209.29,482,234
210.09,471,233
210.88,465,230
211.68,455,230
212.47,310,223
213.27,303,231
214.07,306,225
214.86,387,216
215.66,446,168
216.41,431,213
217.18,423,215
217.96,350,213
218.73,296,222
219.51,289,223
220.28,279,235
221.06,281,230
221.83,368,229
222.61,377,227
223.38,382,233
224.16,392,230
224.93,397,231
225.72,392,232
226.50,380,231
227.27,374,234
228.05,380,234
228.83,383,234
229.61,385,234
230.38,376,233
231.16,372,232
231.94,370,234
232.72,369,233
233.49,359,235
234.27,354,235
235.06,352,233
235.85,351,232
236.65,344,234
237.44,340,231
238.23,338,235
239.02,337,231
239.82,337,233
240.61,337,236
241.40,337,233
242.19,330,235
242.99,326,237
243.78,324,236
244.58,323,235
245.35,323,236
246.13,323,235
246.90,316,233
247.67,319,238
248.45,314,237
249.22,312,236
250.00,317,237
250.77,313,236
251.54,311,238
252.32,310,234
253.09,310,238
253.92,310,238
254.72,310,238
255.52,310,236
256.32,310,237
257.12,310,236
257.92,310,237
258.72,310,241
259.52,310,240
260.32,310,239
261.12,310,237
261.92,310,238
262.72,310,239
263.55,310,239
264.34,310,236
265.14,310,240
265.93,310,236
266.72,310,236
267.51,310,241
268.31,310,241
269.10,310,237
269.89,310,238
270.68,316,237
271.48,319,237
272.27,321,237
273.06,322,238
273.86,316,239
274.67,313,239
275.47,318,237
276.27,320,237
277.08,321,237
277.88,322,237
278.69,322,236
279.49,322,238
280.29,322,237
281.10,316,237
281.90,319,237
282.76,328,234
283.55,339,228
284.34,353,220
285.13,360,218
285.92,355,218
286.71,346,220
287.50,341,224
288.29,339,226
289.08,338,226
289.87,337,226
290.66,330,233
291.45,320,230
292.50,321,233
293.29,322,232
294.09,316,234
294.88,313,233
295.67,304,231
296.46,307,234
297.26,301,229
298.05,292,225
298.84,189,226
299.63,189,229
300.43,189,226
301.22,283,225
301.98,276,233
302.81,279,235
303.63,281,236
304.46,215,233
305.29,208,236
306.11,198,232
306.94,200,232
307.76,207,230
308.59,219,226
309.42,283,234
310.24,296,233
311.07,303,233
311.83,306,233
312.62,314,231
313.42,318,227
314.21,334,220
315.00,446,215
315.79,5979,113
316.59,5995,215
317.38,6197,220
318.17,6135,220
318.96,6072,220
319.76,5948,220
320.55,5979,217
321.38,555,221
322.17,571,225
322.96,5823,220
323.75,5776,222
324.54,5745,221
325.33,571,227
326.11,571,231
326.90,555,221
327.69,539,215
328.48,539,217
329.27,539,211
330.06,283,213
330.82,283,216
331.65,283,220
332.49,276,222
333.32,279,224
334.15,281,230
334.99,282,224
335.82,282,211
336.66,5246,211
337.49,5246,222
338.32,5215,225
339.16,5200,223
339.99,5215,222
340.79,5215,221
341.58,5246,220
342.38,5278,218
343.17,5324,219
343.96,5387,221
344.76,5059,100
345.55,5013,215
346.35,4966,216
347.14,4935,148
347.93,4904,211
348.73,4857,218
349.52,4841,145
350.35,4873,119
351.08,4888,213
351.81,5137,171
352.54,5153,216
353.27,5418,218
354.00,5371,223
354.74,5309,221
355.47,5262,223
356.20,5200,221
356.93,5153,220
357.66,5106,221
358.39,5060,222
359.18,4997,221
359.96,4982,221
0.74,5091,220
1.52,5200,226
2.30,5153,221
3.08,5122,211
3.86,5122,96
4.64,5028,135
5.42,4982,171
6.20,4935,212
6.98,4826,217
7.76,4857,224
8.51,4873,138
9.30,105,51
10.10,90,80
10.89,6525,211
11.69,60,48
12.48,82,54
13.28,101,71
14.07,4608,210
14.87,4561,224
15.66,4530,225
16.46,4530,211
17.25,6229,212
18.08,6213,80
18.87,60,54
19.65,52,54
20.44,63,64
21.23,76,48
22.01,90,54
22.80,4436,54
23.58,4358,213
24.37,4015,223
25.16,4015,224
25.94,4000,223
26.73,3984,224
27.52,3969,224
28.31,3953,223
29.11,3953,222
29.90,3937,224
30.69,3937,224
31.49,3906,224
32.28,3906,223
33.08,3891,224
33.87,3891,225
34.66,3875,224
35.46,3750,219
36.25,3672,219
37.05,3563,222
37.82,3470,222
38.58,3392,222
39.35,3298,221
40.12,3220,222
40.88,3158,220
41.65,3080,221
42.41,3018,223
43.18,2971,224
43.95,2909,223
44.71,2846,223
45.48,2800,225
46.27,2753,225
47.07,2690,225
47.87,2659,226
48.67,2613,226
49.47,2566,226
50.27,2519,226
51.07,2488,226
51.87,2457,226
52.67,2410,228
53.47,2379,226
54.27,2348,226
55.07,2316,227
55.86,2285,229
56.65,2254,227
57.45,2223,229
58.24,2207,228
59.03,2176,229
59.83,2161,230
60.62,2129,228
61.42,2114,229
62.21,2083,230
63.00,2067,230
63.80,2051,232
64.59,2020,231
65.39,2005,230
66.18,1989,229
66.98,1974,229
67.77,1958,232
68.56,1942,230
69.35,1927,229
70.15,1911,230
70.94,1896,230
71.73,1880,229
72.52,1864,230
73.32,1864,230
74.11,1849,229
74.87,1833,226
75.63,1818,229
76.39,1818,228
77.15,1802,229
77.91,1787,229
78.67,1787,230
79.43,1771,230
80.19,1771,230
80.95,1755,231
81.71,1755,230
82.47,898,230
83.23,883,232
84.02,883,233
84.81,898,234
85.61,914,229
86.40,1007,236
87.19,1038,228
87.99,914,214
88.78,898,232
89.58,898,237
90.37,898,242
91.16,898,239
91.96,898,239
92.75,898,238
93.55,914,231
94.35,945,240
95.14,945,242
95.94,945,241
96.73,960,241
97.53,976,236
98.32,1054,235
99.12,1070,233
99.91,1101,237
100.71,1070,240
101.50,1070,240
102.30,1085,232
103.06,1132,239
103.85,1147,229
104.65,1662,222
105.44,1693,233
106.23,1693,233
107.03,1693,237
107.82,1708,233
108.62,1708,235
109.41,1708,233
110.20,1708,232
111.00,1724,231
111.79,1412,223
112.58,1740,230
113.37,1740,228
114.16,1755,229
114.95,1755,233
115.74,1771,231
116.53,1771,231
117.32,1786,229
118.11,1786,230
118.90,1802,230
119.69,1802,230
120.48,1818,225
121.27,1818,232
122.07,1833,232
122.87,1849,232
123.68,1864,232
124.48,1880,230
125.28,1895,227
126.08,1428,222
126.89,1397,221
127.69,1397,221
128.49,1366,220
129.29,1350,221
130.10,1334,223
130.90,1319,222
131.69,1303,222
132.48,1288,224
133.28,1272,220
134.07,1256,222
134.86,1256,223
135.66,1241,223
136.45,1225,221
137.25,1210,222
138.04,1194,221
138.83,1194,222
139.63,1210,220
140.42,1241,219
141.25,1272,220
142.05,1303,216
142.86,1210,219
143.66,1381,215
144.46,105,214
145.26,97,218
146.07,101,221
146.87,95,224
147.67,92,228
148.47,91,229
149.28,90,229
150.08,97,230
150.88,93,229
151.67,84,228
152.46,94,225
153.25,92,221
154.04,98,222
154.83,86,221
155.61,95,225
156.40,92,232
157.19,83,230
157.98,86,234
158.77,80,233
159.56,77,232
160.35,76,228
161.15,83,225
161.94,79,224
162.74,77,223
163.54,76,231
164.34,75,238
165.13,67,241
165.93,63,244
166.73,61,246
167.53,60,247
168.32,67,245
169.12,63,246
169.88,61,244
170.69,60,243
171.51,67,243
172.32,71,242
173.13,65,244
173.94,62,245
174.76,68,242
175.57,71,241
176.38,73,244
177.19,74,245
178.01,74,244
178.82,74,242
179.61,74,241
180.42,82,242
181.22,78,245
182.03,76,243
182.84,75,238
183.64,75,235
184.45,75,231
185.25,82,232
186.06,86,229
186.87,95,226
187.67,85,230
188.48,80,233
189.27,85,231
190.07,87,220
190.86,88,215
191.66,96,210
192.46,108,210
193.26,99,210
194.05,789,171
194.85,804,214
195.65,773,213
196.45,758,224
197.24,742,230
198.04,727,229
198.84,695,226
199.63,680,227
200.41,664,224
201.20,649,223
201.98,602,222
202.77,571,221
203.55,539,212
204.34,539,220
205.12,524,227
205.91,524,227
206.69,508,226
207.48,500,229
208.31,496,232
209.10,486,232
209.89,473,228
210.68,459,231
211.47,452,228
212.26,310,226
213.06,310,229
213.85,368,221
214.64,385,216
215.43,400,200
216.22,408,215
217.01,419,216
217.79,417,213
218.59,296,221
219.38,289,224
220.18,286,234
220.98,277,227
221.78,368,228
222.57,377,230
223.37,382,230
224.17,384,231
224.97,393,233
225.76,397,233
226.56,382,235
227.32,384,234
228.09,385,237
228.87,386,235
229.64,386,235
230.41,377,231
231.18,372,233
231.96,370,236
232.73,360,232
233.50,355,233
234.27,352,231
235.05,351,234
235.82,350,234
236.62,350,233
237.41,343,233
238.21,340,233
239.00,338,234
239.79,337,235
240.59,323,234
241.38,330,235
242.18,326,237
242.97,324,235
243.76,323,237
244.56,323,238
245.35,323,238
246.15,323,235
246.96,323,236
247.77,323,235
248.58,316,236
249.39,313,235
250.20,311,238
251.00,310,239
251.81,310,237
252.62,310,236
253.43,310,239
254.24,310,237
255.05,310,236
255.80,310,236
256.60,310,238
257.41,310,238
258.21,310,239
259.01,310,236
259.81,310,237
260.62,310,240
261.42,310,236
262.22,310,239
263.02,310,238
263.83,310,241
264.63,310,238
265.43,310,238
266.22,310,235
267.02,310,236
267.81,310,237
268.60,310,235
269.40,310,237
270.19,310,235
270.99,310,239
271.78,310,239
272.57,316,237
273.37,313,238
274.16,318,238
274.92,314,236
275.71,312,239
276.51,317,236
277.30,320,237
278.09,321,237
278.88,322,236
279.68,322,237
280.47,322,237
281.26,322,235
282.05,329,236
282.85,333,235
283.64,341,226
284.43,354,219
285.27,352,217
286.10,344,221
286.94,340,220
287.77,331,224
288.61,327,227
289.44,332,231
290.28,327,230
291.11,332,232
291.95,334,231
292.78,328,236
293.62,325,232
294.38,324,234
295.17,303,233
295.96,313,233
296.75,304,232
297.54,293,226
298.33,281,222
299.13,189,227
299.92,189,228
300.71,189,226
301.50,296,228
302.29,289,234
303.08,286,235
303.91,284,234
304.73,215,231
305.55,208,238
306.37,198,230
307.19,200,235
308.01,207,231
308.82,269,231
309.64,282,233
310.46,289,236
311.28,299,232
312.10,304,234
312.92,313,232
313.67,318,226
314.47,327,218
315.27,446,212
316.07,5979,164
316.87,6010,212
317.67,6182,220
318.48,6119,220
319.28,6072,218
320.08,5948,221
320.88,5995,215
321.68,555,223
322.48,555,220
323.27,5823,221
324.06,5761,222
324.85,5730,219
325.64,571,227
326.43,571,230
327.22,539,219
328.02,539,216
328.81,524,216
329.60,283,211
330.39,276,215
331.18,279,217
331.97,274,220
332.73,278,226
333.54,280,226
334.36,281,230
335.17,282,221
335.99,289,210
336.80,5231,212
337.62,5231,222
338.43,5215,223
339.25,5215,221
340.06,5200,222
340.88,5215,221
341.69,5246,221
342.48,5278,220
343.28,5340,220
344.07,5387,220
344.87,5059,116
345.67,5013,214
346.46,4966,214
347.26,4904,210
348.05,4888,210
348.85,4841,218
349.65,4857,87
350.44,4857,200
351.24,4904,212
352.00,5122,212
352.71,5184,218
353.42,5402,220
354.12,5371,223
354.83,5309,221
355.54,5262,223
356.25,5184,224
356.96,5137,221
357.67,5091,222
358.37,5044,222
359.08,4997,221
359.79,4981,221
0.62,5075,219
1.40,5184,224
2.19,5153,218
2.97,5106,211
3.75,5091,113
4.53,5028,145
5.32,4981,132
6.10,4935,211
6.88,4826,220
7.66,4872,223
8.45,4872,77
9.23,150,61
10.06,6571,90
10.85,6509,210
11.65,30,51
12.44,45,54
13.23,37,58
14.03,4607,211
14.82,4561,223
15.62,4529,224
16.41,4529,212
17.20,6228,212
18.00,6260,58
18.79,135,64
19.58,90,48
20.34,112,64
21.11,116,64
21.87,88,48
22.63,74,54
23.40,4342,214
24.16,4015,223
24.93,4015,224
25.69,3999,225
26.45,3984,224
27.22,3968,227
27.98,3952,223
28.81,3937,224
29.61,3937,224
30.41,3921,224
31.21,3921,225
32.01,3906,224
32.81,3890,225
33.61,3890,226
34.41,3890,225
35.21,3750,220
36.01,3656,219
36.81,3563,220
37.61,3469,221
38.40,3391,221
39.20,3298,221
39.99,3236,221
40.79,3158,222
41.59,3095,222
42.39,3033,223
43.18,2971,222
43.98,2908,225
44.78,2861,223
45.58,2799,226
46.37,2752,224
47.17,2706,226
47.92,2659,226
48.68,2612,225
49.45,2565,225
50.21,2534,225
50.98,2487,225
51.74,2456,227
52.51,2409,227
53.27,2394,226
54.04,2347,227
54.80,2316,227
55.57,2285,227
56.33,2269,228
57.12,2222,230
57.91,2207,229
58.70,2191,229
59.49,2160,229
60.28,2129,228
61.07,2113,230
61.86,2082,229
62.65,2067,230
63.44,2051,232
64.23,2020,230
65.02,2020,232
65.81,1989,230
66.60,1973,232
67.38,1957,230
68.15,1942,229
68.93,1926,228
69.71,1911,231
70.49,1895,231
71.26,1880,232
72.04,1880,229
72.82,1864,230
73.60,1848,229
74.37,1833,224
75.15,1817,231
75.94,1817,229
76.79,1802,229
77.64,1786,227
78.49,1786,230
79.34,1770,229
80.19,1770,230
81.03,1755,232
81.88,1755,231
82.73,898,227
83.58,882,232
84.43,882,233
85.28,898,234
86.07,913,226
86.86,1007,237
87.65,1022,232
88.44,1007,213
89.23,913,232
90.02,898,237
90.81,898,241
91.60,898,240
92.39,898,239
93.18,898,236
93.97,913,229
94.76,944,237
95.59,944,244
96.34,944,241
97.08,960,241
97.83,976,239
98.58,1053,234
99.33,1069,234
100.07,1100,239
100.82,1069,240
101.57,1069,239
102.32,1085,233
103.06,1131,238
103.81,1147,229
104.61,1661,220
105.40,1693,232
106.20,1677,233
106.99,1693,236
107.78,1693,234
108.57,1708,232
109.37,1708,232
110.16,1724,233
110.95,1724,232
111.74,1412,222
112.54,1739,231
113.33,1739,230
114.09,1755,228
114.88,1755,232
115.68,1755,230
116.47,1770,231
117.26,1786,229
118.06,1786,230
118.85,1786,229
119.65,1802,230
120.44,1817,225
121.23,1833,231
122.03,1833,231
122.82,1848,230
123.65,1864,231
124.44,1880,231
125.22,1895,230
126.01,1412,222
126.80,1396,220
127.58,1396,221
128.37,1365,221
129.15,1350,220
129.94,1334,223
130.73,1318,222
131.51,1303,223
132.30,1287,222
133.09,1272,221
133.89,1272,222
134.68,1256,223
135.48,1241,220
136.28,1225,222
137.08,1209,222
137.87,1194,222
138.67,1194,221
139.47,1209,219
140.27,1241,218
141.06,1272,218
141.86,1303,217
142.90,1209,217
143.69,1381,213
144.48,105,215
145.27,97,220
146.06,93,223
146.85,91,224
147.64,90,226
148.43,90,228
149.22,90,230
150.01,90,229
150.80,90,229
151.59,90,228
152.42,90,226
153.25,90,223
154.07,1537,221
154.90,90,223
155.73,90,226
156.55,90,229
157.38,82,233
158.20,78,234
159.03,76,231
159.86,75,232
160.68,75,227
161.51,75,225
162.34,75,225
163.13,75,225
163.93,75,232
164.72,75,237
165.51,75,242
166.30,67,243
167.10,71,245
167.89,65,246
168.68,62,244
169.47,61,245
170.27,60,245
171.06,52,245
171.86,56,243
172.65,58,244
173.43,59,244
174.22,59,246
175.01,67,243
175.79,71,242
176.58,73,244
177.36,74,244
178.15,74,243
178.94,74,239
179.72,74,240
180.51,74,241
181.34,82,243
182.16,78,242
182.98,76,238
183.80,75,234
184.62,82,231
185.44,86,231
186.25,88,227
187.07,81,226
187.89,85,231
188.71,87,234
189.53,81,228
190.35,85,217
191.11,80,212
191.91,100,210
192.70,110,211
193.50,92,197
194.30,757,210
195.09,804,217
195.89,773,216
196.68,773,224
197.48,742,231
198.28,711,228
199.07,695,227
199.87,679,228
200.67,664,221
201.44,633,223
202.22,586,222
202.99,570,217
203.76,539,217
204.53,539,224
205.31,524,231
206.08,508,225
206.85,508,227
207.62,500,229
208.40,488,230
209.17,474,235
210.00,467,230
210.83,456,228
211.67,450,228
212.50,309,230
213.33,309,229
214.16,363,223
215.00,363,213
215.83,445,206
216.66,430,215
217.49,423,215
218.33,296,216
219.16,289,220
219.92,292,225
220.72,287,237
221.51,284,224
222.31,336,228
223.11,387,231
223.90,394,232
224.70,397,229
225.49,399,234
226.29,400,230
227.09,393,233
227.88,390,233
228.68,388,234
229.48,375,236
230.24,369,235
231.00,366,233
231.76,364,235
232.52,357,234
233.28,360,232
234.04,355,231
234.80,352,234
235.56,351,233
236.32,343,235
237.08,339,236
237.84,337,235
238.63,336,237
239.42,336,234
240.22,336,235
241.01,336,234
241.80,336,237
242.60,329,236
243.39,326,234
244.19,324,237
244.98,323,234
245.77,323,235
246.57,323,235
247.36,323,236
247.94,323,239
248.73,323,235
249.52,316,240
250.31,312,236
251.10,310,237
251.89,309,237
252.68,309,236
253.47,309,235
254.26,309,238
255.05,309,239
255.84,302,238
256.63,305,237
257.46,307,240
258.26,308,238
259.05,308,237
259.85,308,238
260.65,308,236
261.44,308,237
262.24,308,238
263.03,308,238
263.83,308,241
264.63,308,238
265.42,308,238
266.22,308,238
267.01,308,236
267.80,308,236
268.59,308,238
269.38,308,238
270.17,308,238
270.96,308,236
271.75,308,236
272.54,308,238
273.33,315,236
274.12,319,238
274.91,321,236
275.70,322,238
276.57,322,237
277.37,315,238
278.17,319,235
278.97,321,236
279.77,322,237
280.57,322,236
281.36,329,235
282.16,326,235
282.96,331,234
283.76,340,223
284.56,351,220
285.36,357,218
286.12,340,218
286.95,338,220
287.79,337,225
288.62,336,226
289.45,336,230
290.28,329,230
291.12,319,232
291.95,321,231
292.78,315,232
293.61,319,234
294.45,314,235
295.28,305,232
296.07,307,232
296.86,315,230
297.65,298,230
298.44,188,221
299.23,188,228
300.02,188,228
300.81,188,224
301.60,282,227
302.39,282,235
303.18,282,237
303.97,275,236
304.76,202,236
305.59,202,238
306.38,195,235
307.16,198,235
307.95,206,232
308.74,256,229
309.53,276,235
310.31,286,234
311.10,297,234
311.89,303,231
312.68,313,231
313.46,318,226
314.25,327,218
315.08,445,212
315.88,5979,210
316.67,6228,213
317.47,6181,220
318.27,6119,220
319.06,6072,217
319.86,5948,220
320.65,5994,214
321.45,555,223
322.25,570,219
323.04,5823,221
323.84,5776,224
324.60,5729,219
325.40,570,225
326.19,555,231
326.99,539,220
327.79,539,215
328.58,539,218
329.38,282,211
330.17,282,216
330.97,282,217
331.77,282,220
332.56,282,223
333.36,282,225
334.15,282,231
334.98,282,222
335.80,289,210
336.63,5246,213
337.45,5231,225
338.28,5215,224
339.10,5215,222
339.93,5215,222
340.75,5231,220
341.58,5246,221
342.40,5277,219
343.23,5340,218
344.02,5386,219
344.78,5044,119
345.54,5012,217
346.31,4966,213
347.07,4919,210
347.83,4888,210
348.59,4856,218
349.35,4825,87
350.11,4856,161
350.88,4903,212
351.64,5121,211
352.40,5184,219
352.94,5402,218
353.74,5371,222
354.53,5308,221
355.33,5262,220
356.12,5199,221
356.92,5137,222
357.71,5106,223
358.51,5044,221
359.30,4997,222
0.10,4981,222
0.89,5075,219
1.69,5184,224
2.48,5153,220
3.24,5121,212
4.00,5137,90
4.75,5028,132
5.51,4981,155
6.27,4934,210
7.03,4841,216
7.79,4856,221
8.55,4856,109
9.30,75,64
10.06,6555,77
10.82,6524,212
11.65,30,90
12.44,45,71
13.22,82,80
14.01,4607,210
14.79,4560,223
15.58,4529,222
16.36,4529,213
17.15,6244,214
17.93,6228,80
18.72,150,54
19.50,97,61
20.29,86,61
21.09,65,71
21.87,55,54
22.66,4420,67
23.44,4342,215
24.22,4030,224
25.01,4015,225
25.79,3999,224
26.58,3984,225
27.36,3968,225
28.14,3952,225
28.93,3937,223
29.71,3937,224
30.47,3921,225
31.23,3921,224
32.00,3906,224
32.76,3906,224
33.52,3890,225
34.29,3875,226
35.05,3765,220
35.82,3672,220
36.58,3563,220
37.34,3485,220
38.11,3391,221
38.87,3329,220
39.66,3251,222
40.45,3173,222
41.25,3095,221
42.04,3033,222
42.83,2971,223
43.62,2908,224
44.42,2861,224
45.21,2799,224
46.00,2752,224
46.79,2706,225
47.59,2659,225
48.38,2612,226
49.18,2581,226
49.99,2534,226
50.79,2503,225
51.60,2456,227
52.41,2425,227
53.21,2394,227
54.02,2363,227
54.82,2332,228
55.63,2285,228
56.44,2269,227
57.24,2238,227
58.05,2207,228
58.81,2176,230
59.59,2160,230
60.37,2129,229
61.15,2113,230
61.93,2082,231
62.71,2067,230
63.50,2051,229
64.28,2020,229
65.06,2020,230
65.84,1989,230
66.62,1973,232
67.40,1957,230
68.19,1942,230
68.98,1926,228
69.77,1911,231
70.56,1895,231
71.35,1880,231
72.14,1864,230
72.92,1864,230
73.71,1848,229
74.50,1833,225
75.29,1817,229
76.08,1802,229
76.87,1802,228
77.66,1786,230
78.44,1786,231
79.21,1770,230
79.99,1770,229
80.77,1755,231
81.55,1755,230
82.32,898,228
83.10,898,231
83.88,898,233
84.66,898,233
85.43,913,229
86.21,1007,238
87.01,1022,232
87.80,913,217
88.60,898,233
89.39,898,236
90.18,898,239
90.97,898,238
91.77,898,238
92.56,882,235
93.35,913,231
94.14,944,239
94.94,944,241
95.73,944,243
96.55,960,242
97.35,976,239
98.15,1053,234
98.95,1069,234
99.75,1100,239
100.55,1069,238
101.36,1069,237
102.16,1085,234
102.96,1131,239
103.76,1178,227
104.56,1661,226
105.36,1693,236
106.15,1677,232
106.97,1693,238
107.79,1693,233
108.61,1708,233
109.43,1708,235
110.25,1724,235
111.07,1724,231
111.89,1412,220
112.71,1739,231
113.53,1739,226
114.35,1755,231
115.17,1755,231
115.96,1770,231
116.76,1770,231
117.55,1770,231
118.35,1786,232
119.15,1802,230
119.94,1802,230
120.74,1817,225
121.53,1833,231
122.33,1833,231
123.13,1848,233
123.92,1864,230
124.72,1880,231
125.51,1895,222
126.31,1412,222
127.11,1396,221
127.91,1381,220
128.71,1365,220
129.51,1350,221
130.31,1334,221
131.11,1318,221
131.91,1303,221
132.71,1287,221
133.51,1272,222
134.31,1256,222
135.11,1256,221
135.91,1225,222
136.72,1225,222
137.52,1209,223
138.32,1194,221
139.12,1194,223
139.93,1225,220
140.73,1256,220
141.53,1287,220
142.33,1303,215
143.14,1365,214
143.94,1396,215
144.74,90,215
145.53,105,218
146.33,97,222
147.12,93,226
147.91,91,228
148.70,90,228
149.50,90,228
150.29,90,229
151.08,90,228
151.87,90,230
152.67,90,225
153.46,90,223
154.25,1537,222
155.06,90,226
155.86,90,226
156.67,82,232
157.48,78,233
158.28,76,233
159.09,83,231
159.89,79,229
160.70,77,226
161.51,76,226
162.31,75,223
163.12,75,228
163.95,75,234
164.75,75,240
165.55,75,243
166.35,67,244
167.15,63,246
167.95,61,245
168.76,60,244
169.56,60,245
170.36,60,242
171.16,60,245
171.96,60,240
172.76,60,243
173.55,60,246
174.34,60,241
175.14,67,238
175.93,71,242
176.72,73,246
177.51,74,242
178.31,74,242
179.10,74,240
179.89,74,240
180.68,67,241
181.48,71,244
182.27,80,242
183.06,77,238
183.90,76,232
184.75,75,232
185.59,75,228
186.43,82,225
187.27,78,228
188.12,76,232
188.96,75,235
189.80,82,225
190.64,86,216
191.49,103,211
192.33,104,210
193.16,97,193
193.95,101,200
194.75,742,168
195.54,820,217
196.33,757,216
197.12,757,228
197.92,726,229
198.71,710,224
199.50,695,227
200.29,664,225
201.09,664,222
201.88,633,225
202.50,586,223
203.29,555,215
204.09,539,218
204.88,523,226
205.67,508,228
206.46,500,225
207.26,496,228
208.05,494,228
208.84,485,233
209.63,481,234
210.43,470,231
211.22,457,232
212.02,436,224
212.80,309,231
213.57,309,226
214.35,322,223
215.13,416,210
215.91,408,211
216.68,412,216
217.46,414,215
218.24,296,218
219.02,289,224
219.79,285,230
220.57,277,235
221.36,336,223
222.15,343,228
222.95,364,230
223.74,382,232
224.53,391,235
225.32,396,235
226.12,398,235
226.91,392,234
227.70,389,234
228.49,387,233
229.29,375,231
230.08,369,231
230.87,366,235
231.66,364,234
232.45,363,234
233.24,356,232
234.03,353,234
234.82,351,233
235.61,350,233
236.40,343,233
237.19,346,233
237.98,341,234
238.77,338,239
239.56,337,237
240.36,336,235
241.14,329,234
241.92,332,235
242.70,327,235
243.48,325,235
244.26,324,235
245.04,323,235
245.82,323,236
246.60,323,235
247.38,323,238
248.16,316,236
248.94,319,235
249.70,314,237
250.49,318,233
251.28,313,241
252.07,311,238
252.86,310,239
253.65,309,238
254.43,309,238
255.22,309,237
256.01,309,236
256.80,309,239
257.59,309,240
258.38,309,236
259.21,309,238
260.00,309,238
260.79,309,236
261.58,309,238
262.37,309,239
263.16,309,241
263.96,309,237
264.75,309,239
265.54,309,237
266.33,302,239
267.12,305,239
267.91,307,238
268.70,301,237
269.50,305,236
270.31,307,237
271.11,308,238
271.91,308,237
272.72,315,238
273.52,312,236
274.33,317,238
275.13,320,237
275.93,321,237
276.74,322,236
277.54,322,236
278.33,322,235
279.12,322,238
279.92,322,236
280.71,322,236
281.50,322,235
282.29,315,236
283.09,325,234
283.88,344,224
284.67,401,218
285.46,393,218
286.26,336,219
287.05,336,221
287.81,336,226
288.65,336,228
289.48,336,227
290.32,329,230
291.16,326,233
291.99,324,231
292.83,316,233
293.66,326,231
294.50,317,233
295.34,320,232
296.17,308,231
297.01,295,229
297.76,288,227
298.56,188,223
299.35,188,228
300.15,188,227
300.95,201,220
301.74,282,229
302.54,282,235
303.33,282,236
304.13,282,231
304.93,202,236
305.72,202,240
306.52,195,230
307.31,198,237
308.10,213,231
308.89,269,230
309.68,282,234
310.47,295,234
311.26,302,235
312.06,312,235
312.85,317,232
313.64,320,224
314.43,335,220
315.22,445,212
316.01,5979,213
316.83,6243,213
317.62,6181,220
318.41,6103,220
319.20,6025,217
319.99,5979,220
320.78,555,212
321.57,555,226
322.36,570,218
323.15,5807,221
323.94,5760,222
324.73,5729,219
325.52,570,226
326.31,570,229
327.10,555,218
327.90,539,217
328.69,539,217
329.48,269,203
330.27,269,215
331.07,269,216
331.86,275,221
332.65,278,224
333.44,280,229
334.24,281,228
335.03,281,219
335.79,295,138
336.62,5246,215
337.46,5230,223
338.29,5215,224
339.13,5215,222
339.96,5215,220
340.80,5215,220
341.63,5262,221
342.47,5293,219
343.30,5339,219
344.14,5402,216
344.97,5043,155
345.76,5012,216
346.51,4981,212
347.25,4903,213
348.00,4887,211
348.75,4841,218
349.50,4872,74
350.24,4841,211
350.99,4934,210
351.74,5121,215
352.49,5230,218
353.23,5417,222
353.98,5355,222
354.77,5308,222
355.56,5246,222
356.36,5184,221
357.15,5137,221
357.94,5090,221
358.74,5043,222
359.53,4997,223
0.33,4997,221
1.12,5137,220
1.91,5184,225
2.71,5152,215
3.50,5106,212
4.29,5059,96
5.07,5028,171
5.85,4965,145
6.63,4872,214
7.41,4810,218
8.19,4856,222
8.97,75,87
9.75,59,84
10.53,6540,138
11.31,6524,197
12.09,60,71
12.87,75,80
13.67,97,67
14.46,4591,215
15.25,4560,224
16.04,4529,222
16.83,6275,187
17.62,6228,212
18.41,44,61
19.20,89,51
19.99,82,48
20.78,101,64
21.57,103,61
22.36,139,51
22.86,4358,210
23.65,4030,218
24.44,4015,224
25.23,3999,224
26.02,3984,223
26.81,3984,222
27.60,3968,223
28.39,3952,223
29.18,3937,223
29.97,3937,226
30.76,3921,225
31.55,3906,226
32.34,3906,225
33.10,3890,224
33.87,3890,224
34.63,3843,221
35.40,3734,219
36.16,3641,220
36.93,3532,220
37.69,3454,221
38.46,3360,223
39.22,3298,222
39.99,3220,222
40.75,3142,224
41.50,3080,222
42.29,3017,222
43.09,2955,224
43.88,2892,222
44.67,2846,224
45.47,2783,225
46.26,2737,223
47.06,2690,226
47.85,2643,225
48.64,2612,226
49.44,2565,228
50.23,2518,226
51.06,2487,227
51.85,2440,226
52.63,2409,226
53.42,2378,226
54.21,2347,228
54.99,2316,227
55.78,2285,227
56.56,2254,228
57.35,2222,228
58.14,2207,229
58.92,2176,228
59.71,2145,229
60.51,2129,230
61.33,2098,229
62.16,2082,230
62.98,2067,229
63.80,2035,231
64.62,2020,231
65.45,2004,231
66.27,1989,231
67.09,1973,231
67.91,1957,230
68.74,1942,230
69.56,1926,229
70.32,1911,230
71.11,1895,232
71.91,1880,232
72.70,1864,230
73.49,1848,231
74.28,1848,227
75.08,1833,227
75.87,1817,228
76.66,1802,230
77.45,1802,231
78.25,1786,229
79.04,1786,230
79.87,1770,231
80.64,1770,229
81.42,1755,230
82.19,1755,228
82.96,898,228
83.74,882,230
84.51,898,234
85.29,898,234
86.06,929,226
86.83,1007,239
87.61,1022,224
88.38,913,222
89.17,898,233
89.95,898,239
90.73,898,238
91.51,898,241
92.29,898,236
93.07,898,238
93.86,913,232
94.64,944,239
95.42,944,240
96.20,944,240
96.98,960,242
97.76,991,235
98.51,1069,234
99.30,1069,232
100.10,1085,240
100.89,1069,242
101.68,1069,238
102.48,1100,233
103.27,1131,238
104.07,1178,222
104.86,1677,229
105.65,1693,234
106.45,1661,234
107.24,1693,238
108.07,1708,234
108.87,1708,233
109.67,1708,234
110.47,1724,233
111.27,1724,226
112.07,1724,218
112.87,1739,231
113.67,1755,226
