Distance_mm,Intensity
556,226
571,229
634,230
634,233
618,233
587,230
587,228
618,218
337,197
330,211
618,211
587,218
556,221
525,228
525,232
509,233
509,235
509,231
509,235
509,231
509,234
501,234
497,234
495,232
490,221
509,215
501,224
497,232
495,235
494,234
493,231
493,233
493,235
493,231
493,233
493,234
509,225
525,224
525,222
525,223
525,221
540,222
540,219
540,216
61,211
76,212
540,223
540,226
447,232
439,233
435,235
433,233
432,237
432,232
432,231
634,226
681,228
681,214
494,220
486,214
681,225
712,216
509,220
509,214
61,211
76,210
650,218
106,215
121,216
665,219
634,222
634,218
587,216
76,216
572,217
121,215
603,216
91,214
572,216
572,224
556,228
556,229
556,231
556,231
556,236
556,235
556,235
556,231
461,225
297,229
290,240
287,239
278,239
274,237
279,237
274,237
572,223
402,225
395,227
398,215
478,211
486,213
490,214
492,215
485,217
489,219
483,223
480,220
417,226
439,230
458,226
445,225
438,227
449,225
463,226
470,222
482,212
509,126
727,210
603,210
556,210
556,210
540,214
540,216
540,214
525,197
525,211
525,211
525,210
509,211
509,211
509,213
1569,212
1553,222
1522,222
1522,227
1553,226
91,100
83,77
5855,145
5996,106
6183,93
6385,212
6354,212
5185,216
5060,210
4780,212
5216,216
5263,200
7336,155
7274,168
7180,210
5434,174
5388,221
5341,220
6245,151
4593,220
4577,220
4562,218
106,64
3611,87
76,64
68,51
3361,58
76,58
3081,90
3019,155
2832,93
2255,225
2239,218
712,230
712,232
712,234
712,233
712,234
727,233
727,234
743,227
759,223
774,224
1507,229
1491,229
1429,216
1304,227
1304,221
1429,232
1413,229
1398,230
1382,231
1382,218
1366,218
1351,233
1226,224
1226,235
1211,234
1211,233
1211,235
1195,234
1195,235
1195,231
1226,219
373,229
373,233
373,236
388,217
388,226
388,227
395,229
399,230
401,226
402,227
402,225
402,224
402,225
402,227
402,226
453,222
457,225
459,223
468,221
473,222
475,222
484,221
489,216
509,96
509,211
509,217
525,214
650,232
634,235
603,230
587,229
603,227
618,214
324,197
324,197
587,211
587,221
587,226
572,226
525,232
509,230
509,232
509,231
509,233
509,234
509,231
501,234
497,233
495,234
494,234
494,236
501,225
497,232
495,233
494,232
494,232
494,232
494,233
494,231
494,231
494,233
486,232
490,230
525,222
525,221
525,223
525,222
525,223
541,218
46,211
61,212
541,222
541,226
556,224
572,221
433,235
432,234
432,234
432,233
432,233
650,226
681,231
712,215
478,220
478,215
151,216
151,220
525,220
509,216
91,211
83,210
650,219
106,216
98,217
634,217
634,221
650,220
634,220
618,222
106,215
106,216
174,216
257,216
587,217
572,220
556,226
556,232
556,230
556,234
556,233
556,230
556,235
556,232
447,224
297,224
290,241
287,239
278,239
274,237
272,239
278,239
281,240
282,241
388,231
395,216
494,213
494,213
494,213
486,215
490,218
484,218
481,219
479,221
478,223
478,223
446,228
439,227
435,227
456,225
467,228
472,222
475,212
484,135
618,210
603,148
447,213
454,215
556,214
541,215
556,214
525,210
525,210
525,211
525,211
509,210
509,210
509,212
509,211
501,210
1522,222
1522,226
1554,221
31,71
5777,87
5871,161
6011,129
6152,126
6385,215
6339,211
6120,214
6074,216
3607,135
44116,18
28885,20
36826,20
39038,28
23175,28
15297,28
11176,21
64724,20
56799,20
26072,24
18091,24
6884,145
6822,158
6775,177
4780,213
4749,220
4718,220
4702,218
4671,218
4640,218
4609,218
4593,219
4577,219
2395,213
2395,213
2380,211
2208,220
2613,222
2551,224
2489,224
2411,226
2333,224
2286,225
2255,224
728,227
1725,225
1694,226
1663,228
1647,225
1616,227
1600,228
1569,226
1554,228
1538,228
1522,228
1491,229
1491,220
1304,229
1289,234
1289,236
1273,229
977,220
977,222
1273,220
1242,230
1258,224
977,218
1226,232
1211,235
373,233
373,234
373,233
373,232
373,233
380,233
384,233
386,227
387,214
387,210
387,223
387,228
416,226
416,225
424,225
428,225
430,227
431,228
439,226
443,223
445,223
446,224
453,222
457,221
362,200
367,174
370,164
379,158
556,106
587,214
572,223
572,226
587,229
650,231
634,233
618,232
572,216
572,211
311,211
311,155
304,177
307,187
556,211
541,223
525,227
509,232
509,235
509,233
486,235
490,234
492,235
493,234
493,235
485,234
481,231
487,226
509,216
501,220
497,232
495,234
493,231
493,233
493,232
493,232
509,233
509,235
509,231
509,226
509,224
525,226
525,224
525,221
572,225
587,223
587,226
603,224
587,216
447,219
447,222
447,230
439,234
435,232
426,238
429,236
35101,0
35048,0
35052,0
33004,0
34020,0
34527,0
34781,0
47323,2
47324,2
64988,1
3546,2
64987,1
61,211
76,213
665,217
106,217
106,215
634,221
634,218
634,218
618,220
618,221
634,219
634,217
257,216
189,216
572,221
572,225
556,227
556,231
556,230
556,232
556,232
525,232
525,229
509,230
509,224
297,234
290,239
280,239
275,240
272,238
271,239
277,238
287,238
285,237
297,218
556,232
462,214
478,213
486,213
482,216
488,217
483,220
480,219
479,220
478,225
478,224
478,224
478,227
445,227
461,230
469,228
481,220
487,211
759,119
618,200
572,135
461,214
461,217
461,211
477,113
556,210
509,210
525,206
525,211
509,211
525,210
509,210
509,212
509,213
501,211
509,212
501,212
1553,214
46,74
5808,164
5964,103
76,87
6245,109
6370,217
6183,214
6120,214
6042,215
5980,214
5434,193
3609,34
43093,28
31111,28
15284,28
7089,28
7070,21
60633,20
56797,20
21973,24
9925,24
18130,24
58471,26
6806,210
4764,219
4733,219
4717,221
4686,221
4655,220
4639,217
4608,218
4593,219
4561,219
4546,210
91,58
2224,197
2224,217
2598,224
2520,224
2457,225
2395,226
2333,225
2270,226
2239,223
727,229
712,231
712,233
1662,227
1631,225
1616,227
1600,227
1569,228
1553,227
1522,228
1507,228
1491,228
1335,218
1304,224
1304,225
1288,235
1288,228
977,221
961,222
1257,221
1242,231
1257,222
1226,224
1226,232
1210,234
1210,235
1195,234
373,234
373,235
380,232
384,232
386,232
387,227
402,212
402,213
395,226
391,227
389,228
395,228
424,226
428,225
430,227
431,226
438,224
442,224
444,226
452,222
456,222
458,221
459,221
468,221
353,148
363,177
540,126
587,215
587,223
571,227
587,230
649,233
649,233
618,232
587,229
587,227
310,210
296,161
289,210
293,206
556,211
540,220
525,230
525,232
525,232
509,234
509,232
509,233
493,237
493,236
493,236
493,234
493,235
493,224
509,216
501,223
497,230
495,233
486,234
489,230
497,234
495,231
509,232
509,234
509,230
525,224
509,225
525,224
525,226
525,223
525,223
540,221
587,224
587,226
603,218
446,220
439,224
442,229
437,234
434,234
433,234
432,233
432,234
432,231
132,231
134,225
127,226
124,223
122,219
696,219
696,220
509,221
525,220
509,211
106,211
649,215
257,218
243,219
250,219
253,216
243,217
250,217
243,217
159,216
187,216
146,214
111,218
177,217
509,228
525,227
525,230
540,235
556,238
556,239
556,238
556,237
556,236
493,224
525,217
283,235
402,228
395,232
391,227
389,232
403,230
417,219
409,220
398,227
400,224
423,211
493,213
493,214
5420,14
15267,211
58881,208
59393,199
57857,95
58369,106
57857,126
58113,190
57857,197
58369,186
58113,173
58625,181
467,225
472,216
475,180
790,203
618,210
461,158
461,215
461,214
469,168
540,100
556,214
571,214
509,210
525,211
525,210
509,210
509,211
509,211
509,211
509,211
501,211
497,211
495,215
509,197
5839,132
6027,96
6104,126
6385,210
6369,212
6151,214
6089,215
6011,216
5980,212
5434,213
5060,211
5403,210
7164,171
7164,184
5387,220
5356,221
5356,142
6229,193
6182,180
6214,64
6837,161
6821,210
6775,168
4764,220
106,54
128,61
3065,87
3050,164
2847,100
2738,103
2504,210
2395,210
2395,214
2379,212
2224,212
2644,214
712,233
727,232
743,227
758,223
774,225
805,216
1756,225
1725,225
1709,226
1678,227
1647,226
1631,228
1397,230
1382,232
1382,220
1366,217
1351,233
1335,234
1320,235
1320,235
1304,228
1288,236
1288,235
1273,226
1195,233
1242,216
373,229
373,233
373,236
373,236
373,238
373,235
373,235
373,233
373,231
373,235
401,227
401,226
401,224
409,226
413,227
415,225
416,227
416,225
416,227
424,224
428,227
430,226
488,215
509,126
509,206
509,218
509,214
373,168
373,174
373,210
362,206
367,206
370,158
360,161
317,210
603,213
587,219
571,227
571,228
571,231
556,230
556,227
556,221
556,212
556,210
297,177
497,233
495,231
494,234
494,235
494,234
494,235
494,233
494,233
486,237
490,235
492,237
485,234
492,230
493,231
493,233
493,233
493,234
493,232
493,230
493,234
509,233
501,235
497,234
495,233
76,210
540,224
525,227
556,226
572,220
46,221
556,220
572,224
587,223
587,222
587,225
587,224
696,213
509,223
493,215
136,218
136,220
143,217
139,219
145,229
140,236
130,234
125,230
123,227
650,219
634,221
634,218
634,219
618,223
618,219
618,220
618,219
618,219
603,216
603,216
618,217
556,230
556,232
556,231
556,234
540,233
556,231
525,229
509,228
509,231
509,233
525,228
556,227
273,241
271,237
270,240
276,238
279,240
288,230
540,223
540,234
556,238
556,231
388,230
388,230
4652,14
14502,236
55553,229
56065,225
56321,223
56577,222
57601,222
57089,222
57345,222
57345,222
58625,222
58369,222
457,224
351,229
362,227
417,226
439,229
458,228
445,226
438,228
458,226
468,228
473,223
475,212
556,222
556,219
556,211
556,145
540,203
556,215
540,216
540,214
525,211
525,210
525,212
509,193
571,215
556,211
6089,177
1553,211
1553,222
1522,222
1522,226
1553,227
106,77
98,103
5824,161
6011,113
5419,219
5169,214
5107,218
5185,217
4998,210
4780,213
5216,215
5263,210
7320,145
7305,155
7164,197
7195,116
4671,220
4655,218
4624,218
4608,219
4577,219
4561,218
31,74
31,77
76,58
76,80
83,64
64,54
2442,225
2380,227
2317,225
2270,227
2239,219
712,229
712,232
712,233
712,230
712,232
712,234
727,232
1569,228
1538,227
1522,229
1507,231
1491,229
1444,218
1304,228
1304,219
1429,232
1413,229
1398,229
1382,231
1242,228
1242,229
1257,220
1226,227
1226,233
1211,234
1211,236
1195,236
1195,236
1195,236
1195,232
1242,218
384,229
386,223
401,151
394,217
391,225
389,228
395,229
398,228
400,227
401,227
401,227
401,226
46975,1
48096,1
48610,1
50654,1
51680,1
52190,1
54494,1
55774,1
56284,1
58589,1
59869,1
7385,1
509,212
509,218
525,212
373,164
373,187
373,193
362,197
367,193
370,148
371,148
556,174
603,218
587,223
587,227
572,229
572,229
556,228
556,225
556,218
572,212
337,190
324,161
317,161
307,168
501,233
497,234
495,231
494,236
494,234
494,234
494,236
494,234
494,233
494,235
494,236
486,233
489,232
491,232
492,234
493,230
493,230
493,232
493,232
493,232
493,233
509,232
509,233
509,233
556,226
556,221
572,218
587,221
572,221
572,220
587,223
587,223
587,223
572,221
447,221
447,223
176,213
163,219
157,220
146,216
148,223
142,231
139,237
137,233
129,226
125,225
130,223
133,220
634,219
618,222
618,223
618,219
603,218
603,217
618,216
618,216
603,218
603,216
603,216
618,215
541,232
556,232
556,232
541,231
525,226
509,229
509,228
509,228
556,229
541,227
541,234
541,237
277,240
280,239
288,237
509,219
556,228
556,238
541,238
403,221
395,233
384,229
386,231
387,233
478,221
478,221
478,223
478,224
478,224
478,226
478,227
478,229
469,230
473,228
373,224
362,230
478,180
469,212
465,217
463,200
121,109
556,213
556,212
743,214
759,212
556,222
572,220
556,214
509,210
509,210
509,211
501,210
509,212
501,213
509,210
541,193
556,214
572,222
572,210
6105,96
6183,214
6105,216
6042,216
5980,214
5450,211
5435,148
5076,200
5372,211
5201,180
5403,214
5185,200
5154,218
6229,197
6183,210
6167,119
6868,168
6853,180
6791,151
4780,217
4749,220
4718,219
4686,219
4655,218
4624,218
2738,161
2504,197
2411,210
2395,215
2395,213
2380,210
2224,217
2613,224
2535,225
2473,224
2395,224
2348,225
790,221
1772,222
1741,225
1725,225
1694,227
1663,226
1647,226
1616,226
1600,227
1569,225
1553,226
1538,230
1351,234
1335,234
1320,233
1304,228
1304,234
1289,236
1289,229
977,222
961,222
1273,220
1242,234
1242,228
374,236
373,236
373,237
373,236
373,235
373,234
373,233
373,234
380,233
376,232
382,226
385,218
411,227
414,227
415,225
416,228
416,227
424,225
428,225
430,226
431,227
439,227
443,224
445,224
493,210
373,200
373,187
373,200
373,190
362,177
367,158
370,148
587,211
603,218
572,226
572,232
572,227
572,228
556,226
556,223
556,214
310,211
556,193
297,171
297,180
556,190
556,215
525,225
489,231
483,237
488,234
483,233
488,235
491,236
492,233
493,236
493,233
493,234
493,231
493,219
493,231
493,232
493,233
493,229
509,232
501,232
497,234
495,233
509,233
509,232
509,227
509,223
572,219
587,221
572,222
572,222
587,222
572,222
587,222
603,219
432,220
439,223
443,229
445,232
151,222
143,218
139,222
137,230
136,237
128,235
124,229
130,226
125,226
130,218
125,216
696,223
618,222
618,222
603,216
618,215
243,217
618,215
243,217
618,215
189,215
216,218
226,216
233,217
556,231
525,234
525,227
509,229
509,229
509,230
525,228
525,228
525,233
556,238
556,237
556,235
289,240
299,221
556,229
556,236
556,238
556,222
388,229
388,229
380,232
384,233
400,226
540,224
480,223
479,225
478,225
478,227
478,229
478,228
469,228
465,229
441,223
351,228
362,223
432,228
461,215
461,210
469,119
525,206
556,213
696,214
587,214
556,220
556,219
572,215
572,129
556,151
501,211
497,213
509,213
501,214
497,210
525,190
572,214
572,221
572,211
587,90
6354,215
1553,219
6042,216
5980,214
5465,210
5060,177
5434,168
5372,211
5403,174
5419,216
5169,212
5123,218
5169,217
4967,212
32725,20
43221,28
27018,28
64680,27
60865,27
2964,21
56796,20
56797,20
18094,24
9866,24
51410,87
17739,26
4546,218
31,48
3595,90
46,58
3470,67
3377,80
3252,42
3050,113
3018,119
2878,77
2504,109
2488,210
2488,226
2426,226
2379,224
2317,226
2255,225
727,218
25320,83
23621,84
6188,14
25396,200
58882,200
59650,200
1725,224
1694,226
1678,226
1647,226
1631,226
1616,226
1585,228
1553,229
1538,228
1522,227
1507,229
1491,231
1304,235
1304,228
1288,235
1288,234
1273,219
961,222
977,219
1242,228
1242,228
961,220
1226,227
1226,235
371,236
372,235
372,235
372,234
380,234
384,233
386,233
387,229
387,223
409,148
398,216
393,223
416,227
416,226
416,226
423,227
427,225
429,225
430,224
438,224
442,225
444,224
445,223
453,224
361,200
367,210
370,210
353,158
363,158
540,171
602,216
587,222
571,227
587,228
665,230
633,234
556,223
556,218
587,210
556,177
310,190
303,161
306,206
540,213
524,222
524,231
524,230
509,235
493,236
493,234
493,236
493,234
493,236
485,234
489,235
491,235
492,226
509,215
509,222
501,233
492,234
509,232
501,235
497,234
495,233
509,234
509,232
509,229
524,225
509,226
509,223
509,223
587,219
587,222
587,221
587,223
587,223
446,216
438,221
434,225
432,231
431,233
431,233
431,234
142,225
139,233
137,236
136,231
128,226
124,224
130,221
133,218
711,220
696,223
524,218
509,219
633,218
618,215
633,215
243,215
243,216
246,216
244,217
243,218
243,216
216,218
226,216
166,215
509,230
509,228
509,229
524,229
524,227
524,231
540,236
556,239
556,238
556,235
556,236
556,233
556,236
556,238
556,226
387,231
387,228
380,232
383,230
400,229
556,222
387,224
387,229
394,216
478,226
478,229
478,229
478,230
469,230
450,224
350,230
361,227
431,229
446,229
453,228
442,228
540,145
556,214
587,213
587,212
556,216
556,223
556,218
556,174
571,168
556,211
540,214
556,215
497,213
495,214
540,193
571,210
571,221
571,213
571,135
6354,211
1553,214
1537,221
1522,222
1522,226
5403,212
5075,212
5372,213
5216,203
5434,212
5418,215
5153,216
5107,218
5200,214
5107,187
4779,213
5216,216
6774,168
4779,213
4748,220
4717,219
4686,220
4670,218
4639,219
4608,217
4592,219
4577,219
4546,217
106,71
2379,212
2208,218
2628,221
2551,225
2488,227
2426,226
2363,226
2301,226
2239,226
727,222
711,230
711,233
1662,226
1647,227
1615,227
1600,227
1584,229
1553,227
1537,227
1522,230
1506,229
1491,228
1444,217
1304,229
1288,235
1288,234
1288,221
976,221
976,219
1241,225
1241,229
1257,220
1226,230
1226,234
1210,235
1210,236
373,234
373,233
373,230
380,234
376,234
381,233
384,226
393,210
390,214
388,226
387,228
387,228
416,227
423,226
427,225
429,225
437,225
441,225
443,226
444,223
445,223
453,223
457,222
467,222
365,168
369,164
371,126
540,126
602,215
571,222
556,229
587,228
649,232
633,235
618,229
587,229
571,212
587,206
337,203
283,210
337,168
556,184
524,220
524,228
524,232
509,231
509,232
509,233
493,237
493,233
493,235
485,234
481,235
479,233
486,226
509,215
501,221
497,228
495,234
494,231
492,231
492,234
492,234
509,232
501,234
509,228
509,226
509,225
509,222
524,222
524,222
524,222
587,223
587,225
587,223
587,220
446,218
446,223
446,228
446,231
438,233
434,234
432,234
431,236
135,235
128,231
124,227
122,226
129,219
132,220
696,221
680,222
509,219
524,219
60,211
75,212
229,216
222,217
230,217
236,217
241,215
242,219
245,218
217,216
161,217
126,216
108,219
175,217
509,231
525,230
525,228
525,229
540,237
556,236
556,237
556,236
556,233
556,234
446,224
297,222
556,231
402,232
395,230
384,229
386,232
394,230
587,224
388,225
388,229
402,214
478,212
485,213
478,230
478,231
478,233
373,221
362,227
367,226
432,226
446,230
462,227
447,229
439,228
458,228
571,212
587,212
556,217
556,219
571,216
556,177
556,145
556,210
556,214
571,214
540,213
525,211
525,168
556,211
571,222
571,213
571,155
6354,211
1553,217
1553,222
1522,223
1538,225
1569,221
61,71
5372,213
5232,210
5419,212
5419,213
5154,217
5123,218
4982,212
5138,161
4764,212
5216,216
7351,119
7289,171
4748,219
4733,221
4686,220
4671,220
4639,219
4608,218
4593,219
4577,218
4546,215
76,77
3626,74
106,64
2629,221
2551,224
2488,226
2426,225
2364,225
2301,225
2255,227
727,221
727,229
712,232
712,232
712,234
1631,227
1616,227
1585,227
1569,226
1538,226
1522,228
1507,231
1491,229
1460,217
1304,228
1413,220
1429,233
1273,225
977,221
977,220
1257,224
1242,231
961,219
1226,228
1226,234
1210,234
1210,236
1210,235
1195,235
373,234
380,234
376,233
382,232
385,226
401,212
394,213
391,223
389,226
388,226
395,228
391,226
423,226
427,227
429,225
437,224
441,226
443,224
444,223
445,223
445,222
453,222
465,220
471,220
371,161
540,109
587,215
587,219
571,227
587,228
649,233
634,232
618,232
587,228
587,229
603,217
310,190
296,174
303,187
293,210
540,218
525,227
509,229
509,233
509,234
509,235
509,232
509,234
493,233
493,234
485,232
489,234
491,224
509,219
509,223
501,228
489,233
483,235
488,231
490,233
497,231
509,233
501,233
509,228
525,228
525,223
525,225
525,223
525,223
525,219
525,223
540,217
587,224
446,216
446,220
446,225
439,231
435,233
433,233
432,236
432,235
432,236
432,231
634,225
123,225
122,226
129,219
132,219
696,226
696,217
509,218
525,216
106,210
113,212
649,218
106,217
250,215
253,216
255,216
256,215
203,217
139,217
257,215
106,215
283,214
270,216
571,216
556,222
525,230
540,231
556,239
556,238
556,235
556,237
556,236
525,229
509,221
283,233
283,239
283,237
395,229
391,232
396,232
406,224
556,222
388,226
388,229
402,212
493,213
493,211
493,214
493,216
463,229
373,225
362,227
375,223
446,228
453,226
449,228
433,230
439,229
450,228
464,224
471,218
556,220
571,222
571,213
556,180
556,187
571,212
556,215
540,214
525,212
540,187
525,210
525,211
571,221
556,213
556,90
6354,212
1553,219
1553,224
1522,224
1538,228
1553,213
46,67
5839,148
5933,126
5419,214
5434,212
5138,216
5154,218
4982,212
5107,180
4780,211
5216,216
7336,126
7273,145
7242,164
7164,177
4686,220
4671,218
4655,220
4608,219
4593,217
4577,218
4546,217
61,51
3580,87
46,61
3439,51
3361,80
2488,226
2426,225
2364,227
2301,226
2255,226
727,219
712,230
712,232
712,234
712,234
712,233
727,235
1585,227
1569,227
1538,226
1522,228
1507,229
1491,228
1335,218
1304,227
1413,219
1429,231
1413,230
1398,229
961,220
1257,226
1242,231
1257,220
1226,227
1226,235
1211,233
1211,234
1211,235
1195,234
1195,236
1195,231
373,234
380,232
384,224
400,211
394,215
391,227
389,227
388,227
395,226
399,228
401,226
402,227
439,223
443,225
445,224
446,224
453,224
457,222
459,221
460,222
469,223
473,221
483,221
509,216
587,215
572,223
572,230
587,228
650,233
634,233
603,230
587,228
603,227
618,212
324,197
330,210
290,180
541,210
525,221
525,228
525,232
509,231
509,233
509,235
509,235
501,235
509,234
501,233
486,234
490,230
509,219
501,218
497,225
487,231
490,236
492,233
485,230
489,232
491,232
492,233
509,233
509,230
509,227
525,225
525,225
525,222
525,220
525,222
556,219
541,214
106,211
76,211
439,224
443,227
445,237
438,232
435,234
433,233
432,233
432,235
432,230
665,229
681,227
525,215
137,220
712,214
696,226
525,218
525,220
509,212
76,211
76,212
650,220
121,217
121,216
634,219
603,214
603,214
587,217
587,216
603,218
76,214
133,215
270,215
572,219
572,221
556,229
572,228
541,238
556,237
556,238
556,238
556,234
525,228
509,222
297,234
290,239
280,238
275,241
272,240
394,232
405,225
572,222
388,226
388,227
447,210
462,213
478,213
486,215
490,215
492,217
485,218
362,227
382,224
399,226
423,229
442,225
437,228
442,228
460,228
469,227
473,219
475,210
728,142
556,216
556,161
556,184
556,211
556,215
541,215
541,210
541,184
525,210
525,210
509,210
509,203
572,87
6354,212
1569,220
1538,222
1522,223
1538,227
1554,219
31,64
5809,158
5902,116
6089,96
6245,103
5154,217
5123,217
4983,213
5123,203
4780,211
5232,217
7352,129
7320,177
7243,158
7165,197
5435,212
5372,222
4640,219
4624,219
4593,219
4577,220
4562,218
106,58
3595,74
3533,64
61,54
3377,64
46,61
3097,106
2380,225
2302,225
2255,227
728,218
728,231
712,233
712,232
712,232
712,234
712,231
728,230
743,226
1538,228
1522,228
1507,229
1491,230
1335,220
1304,226
1304,219
1429,231
1413,231
1398,229
1382,234
1039,218
1242,232
1242,220
1226,223
1226,233
1211,235
1211,235
1195,233
1195,236
1195,235
1195,231
1242,216
373,226
387,221
402,206
402,216
395,226
391,227
389,227
396,226
399,228
401,227
402,226
402,227
409,225
443,223
445,225
446,223
453,223
457,224
467,223
472,222
475,223
484,219
489,214
509,109
509,211
572,232
618,226
650,234
634,235
603,229
587,229
603,222
634,213
324,210
324,210
317,213
587,225
525,225
525,231
525,233
509,233
509,232
509,232
509,233
509,232
509,233
501,233
509,233
501,233
509,217
501,216
497,230
495,232
494,232
494,232
494,234
494,232
494,233
494,234
494,233
494,230
509,226
525,223
525,223
525,223
541,222
525,221
525,218
46,213
76,212
556,217
556,226
556,226
439,235
435,233
433,234
432,233
432,234
432,233
665,220
665,232
712,215
494,221
486,216
151,214
696,221
525,220
525,220
91,211
83,210
109,214
665,217
121,216
665,217
634,221
634,219
634,217
106,214
587,216
76,214
146,215
111,215
150,214
556,221
572,227
556,228
556,230
556,232
556,233
556,235
556,234
556,235
447,223
509,221
284,236
284,239
277,239
273,241
271,238
277,237
280,239
556,221
388,229
388,229
447,211
470,213
482,213
488,217
491,214
484,218
481,221
479,221
478,221
431,227
446,229
446,228
439,226
435,225
456,226
467,228
472,220
482,210
743,119
618,206
478,168
556,184
556,211
540,214
540,215
540,213
540,210
525,210
525,211
525,210
509,210
509,210
509,210
1553,218
1538,222
1522,223
1538,226
1553,218
91,87
5824,132
5949,113
6073,109
31,109
6385,215
6198,211
4982,212
5123,190
4780,211
5216,217
7351,119
7320,132
7180,200
7180,132
5434,213
5372,222
5341,216
6245,200
4593,219
4577,219
4561,213
189,58
3611,87
3486,51
31,74
3346,58
121,71
3065,122
3003,100
2753,106
2239,227
727,224
712,231
712,235
712,234
712,232
712,233
727,233
727,230
758,221
758,227
790,223
1491,228
1491,223
1304,218
1304,229
1429,229
1413,229
1413,228
1397,230
1382,233
1039,230
1351,228
1335,234
1226,229
1226,233
1210,236
1210,235
1195,234
1195,236
1195,237
1210,223
388,218
380,231
376,232
374,236
387,225
394,226
391,226
396,228
399,227
408,225
405,227
403,225
402,226
409,226
413,226
415,223
445,221
453,221
465,221
471,221
474,220
483,221
488,217
483,180
525,100
509,215
509,214
509,184
634,235
618,231
587,228
587,228
618,219
665,210
337,211
323,211
603,215
587,223
587,227
571,225
509,233
509,235
509,233
509,234
509,235
509,234
509,233
501,233
497,234
495,234
494,236
493,231
497,228
495,232
486,233
489,231
491,234
492,231
492,233
492,233
492,231
492,235
492,232
492,231
525,221
525,222
525,220
525,218
540,218
556,213
46,212
556,215
540,229
556,225
556,221
76,219
434,236
433,234
432,234
432,234
439,225
665,231
696,219
540,218
478,219
189,213
170,221
160,221
525,223
91,212
98,211
72,213
649,218
91,217
91,217
634,222
618,220
618,221
634,220
618,221
200,215
137,215
256,216
216,216
571,220
571,223
556,229
556,229
556,232
556,232
556,234
540,233
556,235
524,222
508,222
283,235
283,240
283,237
276,239
273,239
278,239
280,238
281,240
289,239
387,232
446,212
462,212
477,214
485,214
489,216
491,218
484,219
481,220
479,221
478,221
478,223
442,226
436,228
433,228
447,228
462,225
470,220
481,210
774,135
633,210
461,132
461,212
461,214
540,214
540,216
556,213
540,210
524,211
524,210
524,211
524,210
509,211
509,211
509,211
501,211
1506,224
1537,227
1553,219
75,90
5777,103
5886,106
6073,100
60,80
6385,215
6182,211
6135,214
6057,216
3611,158
43860,18
28628,20
59096,28
31118,28
7102,28
64680,27
15032,21
64726,20
56541,20
21976,24
17857,24
6883,161
6837,145
6790,193
4779,215
4748,220
4717,221
4686,220
4670,219
4639,218
4608,220
4592,219
4577,219
39342,9
25032,95
18344,9
11348,27
45070,95
2395,213
2395,213
2379,210
2223,220
2613,224
2551,223
2473,225
711,233
711,233
711,236
711,233
711,233
727,232
727,230
758,221
758,226
789,223
1771,220
1740,226
1413,217
1304,229
1428,230
1413,230
1397,227
1382,232
1382,232
1054,229
1350,231
1335,234
1335,232
1319,235
1210,234
1210,233
1195,235
1195,237
1195,239
1210,221
387,219
380,233
376,235
374,238
373,236
373,236
387,229
394,226
398,227
400,226
401,229
401,225
401,229
409,226
413,227
415,225
416,226
416,229
459,222
468,221
473,220
483,220
488,218
490,210
270,77
509,216
509,217
540,190
373,197
373,164
587,226
587,226
602,219
618,211
323,184
316,212
587,216
587,224
587,226
556,228
556,231
556,229
501,230
509,237
509,234
509,234
509,234
501,232
497,235
495,234
494,234
493,236
493,233
493,235
495,233
494,232
493,232
493,234
493,234
493,232
493,234
493,233
493,234
493,231
493,232
493,233
524,221
540,222
524,219
75,213
83,211
540,215
540,227
556,225
556,221
91,220
83,219
587,223
431,235
431,233
431,226
665,230
696,222
524,216
501,220
711,214
176,220
163,222
149,217
142,221
45,211
60,212
665,220
136,216
121,217
649,219
633,223
633,220
618,222
633,221
618,215
633,216
157,216
193,215
571,219
556,225
556,230
556,229
571,231
556,231
524,234
571,231
524,231
509,227
509,224
297,236
290,238
286,239
278,239
274,240
272,238
277,239
280,236
288,241
540,220
556,234
493,214
493,214
493,214
493,216
493,219
485,219
481,221
479,222
478,224
478,222
478,224
478,223
442,226
460,229
469,228
473,217
467,190
696,151
618,210
478,197
469,214
465,217
471,180
482,126
524,211
524,197
524,206
524,210
524,210
509,211
509,211
509,211
509,212
501,211
509,212
501,212
1584,148
106,80
5824,135
5948,109
60,119
6431,184
6354,214
6166,215
6089,215
6011,215
5964,213
5418,212
3605,37
42837,28
23204,28
3217,28
64722,27
2971,21
60636,20
25820,24
17806,24
5832,24
15563,0
62279,26
6790,168
4764,220
4733,218
4701,219
4670,219
4655,217
4623,218
4592,219
4577,219
4546,219
4561,96
3579,61
2223,213
2644,216
2582,224
2504,225
2441,225
2379,225
2317,226
2270,226
2239,220
727,231
711,233
711,233
1662,225
1631,227
1600,228
1585,228
1569,229
1538,227
1522,229
1507,228
1491,227
1320,218
1304,228
1304,221
1288,235
1288,225
977,220
961,219
1257,223
1242,230
961,220
1226,228
1226,235
1210,231
1210,235
1210,237
373,234
373,230
373,233
380,231
384,232
386,225
394,212
391,214
389,224
388,228
388,227
395,228
428,226
430,225
431,225
431,224
438,225
442,226
444,224
452,220
456,223
458,222
468,223
473,222
368,158
378,168
540,122
587,215
587,224
571,228
587,230
665,232
634,235
618,232
587,228
587,227
571,210
283,177
290,193
293,193
540,210
540,219
525,228
509,230
509,232
509,231
509,234
509,234
485,236
489,236
483,235
480,233
479,231
486,223
509,216
501,221
497,230
495,236
494,233
493,233
501,232
497,235
509,232
509,232
509,231
509,226
509,225
509,222
509,225
525,225
525,221
540,220
6444,14
5792,75
57602,75
57602,91
56066,176
56321,176
57345,183
58625,186
59649,173
59137,174
59905,175
59393,175
634,222
665,233
712,216
493,222
485,218
712,218
136,221
136,220
136,216
136,228
136,236
136,234
6444,14
8608,122
55554,106
55296,137
55810,122
56834,122
55554,122
56834,106
56578,106
56322,122
56322,106
55042,106
257,216
263,216
603,215
243,214
243,216
243,216
243,217
174,216
208,214
142,215
179,216
197,214
509,229
540,228
525,230
540,237
556,238
556,236
556,234
556,235
556,234
446,225
297,220
290,240
388,230
395,228
391,228
389,234
395,232
571,222
402,221
395,228
398,216
493,211
493,212
493,212
468,229
464,231
440,222
351,230
362,225
417,225
424,229
442,225
437,229
434,228
447,229
462,228
571,213
556,217
556,220
556,219
587,168
556,193
540,211
556,215
540,214
540,212
525,210
525,210
556,210
572,222
572,215
572,210
6354,211
1553,215
1553,222
1522,224
1522,227
1553,223
31,96
5808,113
5216,211
5419,211
5403,213
5169,217
5123,218
5185,214
5123,210
4780,213
5216,216
5279,135
7305,132
7211,161
4717,220
4702,219
4671,219
4640,218
4624,218
4593,218
4577,218
4562,216
31,51
3580,64
3564,71
3517,61
2551,225
2473,226
2426,225
2364,225
2302,225
2255,226
727,220
727,232
712,233
712,233
712,234
712,233
1600,228
1585,228
1554,226
1538,229
1522,228
1507,229
1491,227
1304,218
1304,226
1445,222
1429,231
1413,228
961,221
977,220
1242,225
1242,230
1258,219
1226,227
1226,232
1195,233
1211,234
1195,236
1195,237
1195,236
380,233
384,233
386,231
387,224
402,210
395,216
391,225
389,227
388,229
395,228
399,229
401,228
430,226
431,226
439,227
443,224
445,224
446,222
453,223
457,222
467,221
472,219
475,222
476,219
380,109
587,213
587,222
572,227
587,230
650,232
650,232
603,232
587,228
587,229
618,217
311,197
290,171
293,210
556,211
556,216
525,228
525,233
509,233
509,235
509,233
509,234
509,232
509,235
494,235
486,232
482,232
488,224
509,216
501,221
497,231
495,234
494,233
494,231
494,235
494,234
509,231
509,231
509,230
509,226
509,223
525,224
525,225
525,222
525,222
525,219
541,219
556,211
603,217
447,221
447,224
439,230
435,235
433,235
432,233
432,234
432,235
432,235
650,220
665,234
130,226
133,221
134,219
696,221
681,223
509,218
509,219
106,210
91,213
665,215
665,217
106,218
603,216
603,217
603,214
216,214
587,216
603,216
91,215
83,216
87,215
587,215
556,222
556,224
525,231
541,239
556,238
556,237
556,235
556,237
541,234
447,223
297,222
290,238
287,236
278,240
391,229
389,232
403,232
603,225
403,223
395,229
406,215
494,212
494,212
494,213
494,215
486,217
403,222
351,230
362,227
432,227
446,229
446,229
431,229
431,227
446,226
462,226
470,220
482,203
556,221
572,215
556,190
541,190
541,212
541,215
541,215
541,212
525,197
525,213
525,212
509,210
556,213
6105,113
6354,212
1554,220
1554,220
1522,226
1538,228
1585,177
31,54
5824,145
5964,103
6120,100
5154,213
5107,218
5185,219
4982,211
4780,212
5216,213
5247,211
7351,113
7258,151
7180,211
7196,122
5403,221
4655,218
4624,219
4593,219
4577,219
4562,219
4530,77
3580,61
76,54
76,64
3439,71
106,54
3081,90
2380,225
2333,225
2270,227
2239,221
727,229
712,231
712,234
712,233
712,235
712,234
727,232
743,228
1553,228
1522,227
1507,228
1491,230
1335,218
1304,223
1304,228
1413,231
1413,231
1398,229
1382,231
1366,228
1242,232
1257,224
961,220
1226,230
1211,234
1211,234
1211,235
1195,235
1195,234
1195,237
1211,222
373,216
378,229
383,218
447,161
388,221
388,227
388,229
388,226
395,230
398,224
400,227
401,227
401,226
442,225
444,223
452,222
449,224
455,223
458,223
468,222
473,221
475,221
476,221
477,216
509,126
587,222
572,225
587,231
650,231
634,232
634,233
587,228
587,228
618,216
324,210
324,184
317,211
572,184
540,218
525,226
525,231
509,231
509,230
509,233
509,232
509,233
509,233
509,233
501,231
492,234
492,229
509,218
509,217
501,228
497,233
495,232
494,232
493,233
493,234
493,233
493,235
509,231
509,227
509,227
525,223
525,223
525,222
525,221
525,221
540,219
46,214
38,211
556,212
439,223
442,227
437,234
434,233
433,235
432,238
432,234
432,233
432,221
665,230
696,219
525,219
122,218
696,219
681,221
509,217
525,220
509,211
61,212
649,214
618,217
106,216
665,216
634,221
257,216
106,216
587,216
587,215
106,215
91,216
106,214
587,216
556,221
571,224
556,229
556,231
59650,28
59650,13
59138,13
58626,253
58625,253
58113,253
58369,13
58114,44
58114,13
59394,28
60930,203
5165,73
277,241
280,239
281,237
289,228
556,227
556,236
556,237
556,225
388,231
388,230
388,231
388,233
479,220
478,222
478,224
478,225
478,224
478,225
469,229
473,229
475,231
468,229
373,222
362,229
587,171
461,212
461,217
461,206
477,109
571,211
587,213
743,212
743,213
556,221
571,222
571,214
509,211
501,211
509,211
509,211
501,213
497,214
495,184
525,210
571,219
571,218
571,211
6323,126
6151,216
6104,215
6011,215
5964,213
5419,212
5076,211
5403,210
5325,210
5419,158
5403,215
5169,215
5107,220
6214,180
6182,187
61,71
6868,158
6806,168
6790,148
4764,220
4733,219
4702,219
4671,219
4655,221
4624,218
2753,96
2488,200
2411,211
2395,214
2395,213
2224,214
2644,214
2582,225
2520,225
2442,225
2379,225
2317,226
805,219
1756,225
1740,226
1709,227
1678,224
1662,228
1631,226
1616,226
1585,227
1569,228
1538,227
1522,228
1335,232
1335,234
1320,234
1304,228
1288,233
1288,234
1288,224
977,222
977,221
1257,224
1242,232
1242,225
374,236
373,236
373,236
373,235
373,235
373,236
373,235
373,235
380,233
384,231
386,226
387,218
413,227
407,227
412,225
414,226
415,227
416,227
424,226
428,226
430,225
438,225
442,226
444,223
525,212
388,187
380,177
376,203
363,184
368,148
359,135
373,171
571,164
603,218
587,226
571,233
571,226
571,228
556,227
556,225
556,217
571,212
310,210
296,161
296,210
296,203
540,211
540,219
493,235
493,234
493,235
493,234
493,234
493,234
493,236
493,234
493,234
485,236
489,233
491,226
492,232
492,234
492,231
492,232
492,234
492,231
509,236
501,233
509,232
509,234
509,232
509,225
571,221
76,221
571,222
571,219
587,221
571,222
571,224
587,223
603,217
446,220
446,224
446,232
170,222
160,220
148,218
142,225
139,233
137,236
129,233
132,224
134,224
127,221
124,222
696,221
618,220
618,219
603,216
618,217
257,216
243,216
243,219
250,218
230,215
250,217
253,218
255,216
540,229
525,234
525,228
509,229
509,231
509,231
525,230
556,227
525,232
540,237
556,238
556,234
285,239
297,221
556,230
556,237
556,237
417,224
409,232
398,231
385,232
386,230
401,223
571,221
478,224
478,224
478,226
478,229
478,230
478,231
478,231
478,228
373,227
373,229
380,224
446,226
465,213
471,168
525,96
556,213
571,212
587,213
571,213
556,219
556,220
571,210
556,180
540,206
501,212
497,213
495,213
494,214
525,174
556,211
571,221
571,215
571,210
6354,200
1553,213
1553,222
5995,216
5964,200
5419,212
5076,213
5387,212
5232,211
5419,211
5419,215
5154,216
5107,220
5200,213
5091,210
40665,20
27025,28
7083,28
64657,27
11182,21
64723,20
56797,20
29915,24
14021,24
6098,24
56718,87
18837,56
4561,217
91,64
3564,80
46,64
3502,48
3392,54
91,48
3034,100
2987,119
2816,96
2551,168
2504,200
727,229
712,231
712,234
712,234
712,232
712,231
727,229
743,227
758,225
774,223
821,215
1756,224
1320,218
1288,226
1304,221
1429,231
1413,229
1397,229
1382,233
1366,219
1055,220
1351,232
1335,234
1320,234
1210,232
1210,235
1210,233
1195,235
1195,235
1195,238
1226,219
388,224
380,235
376,236
374,238
373,236
389,228
388,226
395,228
398,228
400,226
401,226
401,226
401,226
401,225
409,226
413,225
415,230
457,223
459,221
468,221
473,223
475,223
484,220
489,212
284,103
509,212
509,215
509,212
373,190
618,234
603,232
587,229
587,225
634,214
324,210
324,200
603,213
587,219
572,225
572,227
572,229
509,234
509,231
509,235
509,232
509,233
501,233
509,235
501,233
509,233
501,233
497,233
495,234
501,231
489,235
491,233
492,234
493,234
493,230
493,232
493,233
493,232
493,233
493,234
493,232
525,221
525,222
540,221
540,220
540,217
76,212
98,210
540,219
540,230
556,219
91,219
76,220
432,233
432,234
432,234
432,235
650,226
681,227
696,213
494,219
486,213
151,216
151,221
151,220
509,214
189,210
147,211
650,219
106,217
106,218
665,219
634,222
634,220
618,220
634,223
634,218
243,216
243,217
229,218
587,218
556,223
556,227
556,231
556,230
556,233
540,232
556,233
525,229
478,224
509,221
284,232
284,239
277,236
273,242
278,237
281,240
282,238
289,238
293,235
525,219
416,211
494,212
494,214
494,215
494,216
486,218
482,220
480,219
479,223
478,222
478,223
478,223
441,228
444,226
461,231
469,224
481,213
479,158
727,164
618,211
461,190
461,215
461,214
469,161
19411,2
15572,2
11477,2
15581,2
15581,2
11474,2
7332,2
15553,2
7381,2
48344,69
18925,104
11348,18
501,212
497,214
495,145
525,197
572,220
572,217
572,211
6089,148
6354,213
1553,223
1538,223
1522,226
5434,212
5060,211
5403,197
5372,210
5403,174
5403,218
5185,214
5107,219
5185,218
4982,211
4780,211
5216,212
27291,28
64686,27
3283,28
7060,21
60635,20
29916,24
21892,24
18088,24
21931,24
50509,26
24244,88
18938,7
3595,106
76,48
3502,74
3361,90
106,71
3050,74
3034,145
2878,74
2785,106
2504,211
2395,210
2395,216
712,234
712,233
712,234
712,233
727,233
743,230
759,223
759,224
790,219
1756,225
1741,226
1709,227
1304,226
1429,230
1413,230
1398,227
1382,233
1382,227
1055,226
1351,230
1335,234
1320,234
1320,231
1304,228
1211,235
1195,235
1195,235
1195,237
1226,221
388,219
380,233
376,232
374,237
373,236
373,236
373,234
394,227
398,228
400,226
401,226
401,228
401,227
401,226
409,226
413,227
415,227
416,225
416,224
468,224
473,223
483,219
488,220
491,211
603,93
509,213
509,217
509,211
373,177
362,210
356,210
587,226
603,220
618,203
324,210
324,210
587,215
572,221
572,229
572,227
556,231
556,226
556,223
509,234
509,233
509,235
509,235
509,234
501,233
497,236
495,233
494,234
494,234
494,232
494,237
494,233
494,233
494,231
494,232
494,231
494,234
494,232
494,232
494,233
494,233
494,231
494,231
540,219
540,218
106,211
91,213
540,219
540,230
556,223
556,220
61,219
572,220
572,223
572,222
432,235
432,220
681,232
696,217
509,222
493,216
203,215
196,220
173,221
154,217
145,227
140,236
650,215
665,217
106,216
113,216
634,223
634,219
650,218
618,222
603,222
634,218
618,219
618,216
257,216
556,222
556,223
556,229
556,230
556,232
556,233
556,232
525,231
509,229
509,229
509,230
290,239
287,237
278,240
274,241
279,239
274,238
279,241
281,239
289,229
556,221
556,234
556,235
490,214
492,215
493,215
485,218
481,219
479,220
478,223
478,225
478,225
478,224
478,227
478,227
460,228
469,222
481,214
479,129
759,206
603,180
461,210
454,215
457,214
475,161
509,142
556,214
525,206
525,211
525,210
509,210
509,210
509,211
509,211
509,211
501,211
497,211
495,212
494,216
46,71
5824,135
5980,109
6167,116
6401,211
6354,214
6152,216
6089,214
6011,216
5949,212
5403,214
5076,212
7258,168
7180,197
7165,164
5388,219
5357,220
6261,135
6229,197
6167,184
6245,96
6868,168
6822,210
6791,200
106,64
3377,96
31,45
3065,71
3034,184
2863,64
2754,96
2504,210
2426,184
2395,214
2395,212
2224,212
712,232
712,234
728,232
743,227
759,221
759,225
806,218
1756,225
1741,226
1710,226
1678,229
1663,227
1413,232
1398,227
1382,233
1367,222
1055,221
1351,231
1335,234
1320,234
1320,235
1304,228
1289,233
1289,234
1195,234
1195,233
1226,218
373,224
373,234
373,237
373,235
373,237
373,236
373,234
373,233
373,236
399,229
401,227
402,226
402,228
409,224
413,227
415,226
416,224
416,227
416,226
424,225
428,226
476,220
485,218
473,210
525,142
509,217
509,216
373,193
373,210
373,184
387,200
380,190
365,168
324,210
324,193
317,211
587,218
587,225
572,230
572,228
556,229
556,229
556,223
556,214
572,211
509,238
501,235
497,235
495,234
494,232
494,234
494,234
494,234
494,235
494,233
494,236
494,235
494,233
494,232
494,232
494,233
494,235
494,232
494,233
494,231
494,233
494,231
494,231
494,233
46,211
53,213
540,218
540,229
556,223
556,220
587,220
76,219
572,220
587,223
572,225
587,223
5420,14
6797,153
59650,184
54786,13
56834,205
55553,200
55042,151
56320,151
56064,151
55808,151
58112,143
60160,139
125,225
123,226
122,220
121,218
681,222
650,220
509,220
525,217
91,211
76,212
665,218
121,217
243,216
603,217
603,215
257,214
176,213
587,217
587,218
76,217
83,215
87,215
572,215
572,220
556,229
525,231
540,236
556,239
556,238
556,235
556,233
556,237
461,223
297,219
290,240
280,241
402,228
387,229
394,233
398,232
572,223
402,221
395,230
398,215
494,211
494,212
494,212
486,215
478,231
462,225
351,228
362,226
432,227
446,228
462,227
447,229
439,229
450,226
464,228
471,222
572,217
556,219
572,220
556,193
540,168
556,197
556,215
540,215
572,214
525,210
525,210
525,211
572,223
572,213
572,161
6338,211
1569,215
1538,221
1522,223
1522,226
1553,221
91,74
5793,106
5933,103
5419,212
5419,213
5169,217
5123,217
4982,212
5123,164
4780,213
5232,216
7351,116
7274,138
7196,164
7180,197
4702,219
4671,220
4640,219
4608,219
4593,219
4577,220
4562,216
91,74
3595,74
76,61
76,48
53,71
2489,224
2411,226
2364,225
2302,225
2255,225
727,222
727,229
712,234
712,233
712,232
712,236
727,234
1585,227
1553,227
1538,228
1522,229
1491,228
1491,225
1460,218
1304,229
1444,221
1429,231
1413,228
1398,230
977,219
1242,229
1242,231
1257,221
1226,225
1226,236
1211,236
1211,234
1195,234
1195,234
1195,236
1195,231
373,232
380,230
384,224
447,197
388,215
388,225
388,227
388,226
395,227
398,226
400,228
401,226
431,226
438,224
442,224
444,223
452,223
456,222
458,222
468,223
473,221
483,219
480,219
486,216
587,215
587,222
571,230
571,231
649,231
634,235
618,232
587,227
587,228
618,218
310,210
317,210
303,187
587,190
540,218
525,228
509,230
509,232
509,232
509,233
509,234
509,235
509,235
509,233
493,233
485,234
489,224
509,215
501,222
497,232
487,233
482,235
487,234
490,236
491,233
484,232
509,232
509,229
509,226
509,225
525,223
525,223
525,222
525,221
525,222
540,216
556,211
46,210
446,221
446,226
446,229
439,234
435,234
433,234
432,235
432,235
432,233
634,221
681,230
696,215
129,219
125,220
696,225
712,221
525,219
525,219
509,210
91,212
665,216
649,215
76,216
649,219
618,215
603,216
243,217
174,215
132,216
119,215
587,214
230,215
571,216
556,221
556,225
571,231
540,239
540,239
556,238
556,234
556,235
556,233
461,226
297,223
290,239
286,239
284,238
277,239
386,233
401,232
587,222
402,221
395,231
398,218
493,211
485,212
489,212
491,214
484,218
481,221
351,229
362,224
432,225
446,229
453,227
442,230
437,227
449,225
463,227
470,224
481,212
509,135
571,219
556,193
556,155
556,211
556,216
540,215
540,213
540,210
540,210
525,213
525,210
509,210
556,116
6354,212
1569,217
1553,222
1522,224
1522,227
1553,218
76,64
5777,168
5902,116
46,90
6276,100
5154,218
5123,216
4982,213
5169,138
4780,200
5247,216
7336,126
7320,171
7164,210
7164,171
5403,216
5356,221
4624,219
4608,218
4593,220
4561,219
4561,206
3580,61
31,48
31,64
3361,61
76,54
3065,84
3018,148
27602,9
23506,9
23511,9
45268,8
45270,8
5847,10
55521,9
35551,9
19426,9
59618,97
19244,150
11348,20
774,225
805,218
1756,224
1725,225
1709,227
1678,226
1647,228
1631,226
1616,226
1585,226
1569,227
1553,229
1351,232
1335,234
1320,234
1320,233
1304,227
1288,235
1288,233
1288,221
977,221
1273,221
1257,229
1242,231
373,238
373,239
373,238
373,234
373,233
373,232
373,233
373,234
380,232
376,233
382,231
385,221
413,227
415,224
416,228
416,228
416,226
416,225
424,225
428,225
430,226
438,227
442,225
444,226
525,211
373,210
373,190
355,193
353,164
363,171
357,155
365,155
556,155
603,218
571,224
571,230
571,228
571,227
556,228
556,223
556,215
297,211
571,200
297,177
290,193
556,148
571,211
540,221
494,235
493,234
493,235
493,236
493,234
493,235
493,234
493,232
493,233
493,233
493,232
493,226
36110,13
492,232
492,232
485,235
489,231
491,231
509,233
501,236
497,232
509,233
509,236
509,232
509,226
509,225
525,223
525,220
525,222
540,221
525,219
556,212
76,212
540,214
540,228
556,226
439,235
435,235
433,234
432,233
432,235
432,233
432,227
665,230
681,220
509,218
493,217
712,214
696,222
525,216
509,223
509,212
106,211
106,211
665,218
136,215
121,216
649,217
634,220
634,218
241,216
242,216
159,217
110,217
170,216
200,217
556,215
556,222
571,227
556,230
556,232
556,234
556,235
556,237
556,238
509,228
446,222
283,234
283,239
276,238
273,238
271,238
270,238
276,241
603,223
388,228
388,231
402,214
478,214
485,212
489,215
491,215
484,216
481,219
479,221
478,222
446,227
453,231
449,229
440,229
436,226
457,227
467,229
472,218
482,200
774,132
618,210
478,171
51414,2
11478,2
11477,2
15327,2
11484,2
11475,2
46737,68
19323,59
11348,32
526,69
556,187
556,213
509,212
509,211
509,211
501,212
497,213
509,200
525,210
571,217
571,217
571,211
6120,180
6354,214
6089,216
6011,216
5980,211
5419,213
5060,211
5387,211
5356,210
5559,158
5419,217
5169,215
5107,219
5185,216
24787,20
36823,20
43219,28
19076,28
7076,28
15035,21
2954,21
56799,20
34011,24
18117,24
32466,87
19336,94
4577,220
4546,219
91,64
3580,93
46,58
68,64
3392,67
46,67
3096,116
3018,145
2831,96
2520,145
2488,225
2411,223
2364,225
2301,225
2255,227
25231,144
9035,84
8236,14
25311,215
56322,200
58370,200
60162,200
1740,225
1725,226
1694,226
1678,227
1647,227
1616,225
1600,228
1585,227
1553,228
1538,229
1522,228
1507,228
1320,233
1304,234
1304,230
1288,234
1273,232
1288,222
977,222
977,220
1242,228
1242,230
961,221
1226,227
373,235
373,235
373,232
373,234
373,233
373,232
373,233
380,235
384,229
386,224
401,184
394,217
416,223
416,225
416,226
424,225
420,224
426,227
429,228
430,225
438,224
442,223
444,224
452,223
380,148
376,184
374,210
362,161
367,148
370,161
540,135
587,215
587,223
571,227
587,228
634,234
556,228
556,223
556,217
571,212
571,210
297,180
303,158
300,174
540,213
540,223
525,229
525,231
493,235
493,235
493,233
493,237
485,235
481,236
487,233
482,234
487,233
490,228
509,217
509,218
492,231
492,231
492,234
492,231
492,233
492,232
509,231
509,235
509,230
509,226
509,225
509,225
571,220
556,220
571,222
587,222
587,221
587,226
618,216
446,219
446,223
439,230
435,232
433,233
143,216
139,225
137,231
136,233
136,231
136,228
128,223
124,222
130,218
696,219
681,223
525,219
634,217
634,215
216,216
226,218
234,217
239,218
243,219
250,217
253,218
255,218
256,216
91,216
525,230
509,225
509,230
509,230
509,226
540,229
525,232
540,236
556,238
556,237
556,238
556,235
540,224
556,234
556,237
556,234
402,230
395,229
391,228
389,235
403,230
587,220
417,219
402,229
478,226
478,227
478,227
478,229
478,230
478,231
462,223
351,227
362,226
417,227
432,227
455,228
474,148
587,142
556,214
587,214
587,212
572,217
556,222
556,222
556,190
556,129
556,210
556,214
497,212
495,214
494,213
540,161
556,210
572,221
572,213
556,184
6338,200
1553,213
1553,223
1522,223
5964,193
5403,212
5076,211
5388,213
5216,211
5419,210
5419,215
5154,217
5138,218
5201,216
5107,180
4780,212
35236,28
15246,28
3207,28
11214,21
64722,20
56796,20
26074,24
18120,24
10194,24
58523,26
5761,88
19437,71
189,54
3611,87
121,71
3455,48
76,64
3268,35
3050,161
3034,126
2832,93
2520,145
2473,206
2395,213
712,232
712,234
712,233
712,232
727,232
727,230
743,222
759,226
774,224
1772,215
1756,226
1725,226
1304,229
1429,220
1413,231
1413,228
1398,230
1382,233
1039,220
1351,220
1351,232
1335,234
1320,235
1304,235
1211,235
1195,236
1195,235
1195,235
1195,233
1242,216
373,228
373,233
373,236
362,238
367,236
370,235
388,228
395,225
391,227
396,225
399,228
400,225
401,226
409,226
413,227
415,227
416,226
416,227
460,221
469,222
473,223
475,220
484,219
525,148
525,138
509,217
509,216
388,193
369,155
360,174
49409,104
37121,110
33793,113
24577,75
55298,75
56834,60
58882,75
58626,138
59394,122
60162,122
59138,188
3976,76
556,221
556,212
310,210
303,180
306,200
301,164
556,200
525,219
525,227
525,231
509,233
509,231
494,234
494,232
494,235
486,236
490,234
484,235
489,235
491,224
492,215
493,221
493,230
493,235
493,232
493,233
493,234
493,230
509,231
509,234
509,231
525,226
509,226
509,223
525,224
525,222
587,223
572,225
587,222
587,225
603,220
447,219
447,228
439,230
443,236
437,234
434,233
433,234
137,236
136,236
128,232
124,225
130,225
125,221
130,220
712,222
681,222
509,219
525,218
509,210
236,215
233,216
238,218
242,217
242,219
222,216
226,217
234,218
162,216
134,216
175,216
257,217
509,232
509,230
525,229
525,226
525,231
541,238
556,238
556,235
556,235
556,236
541,232
447,224
556,239
525,230
403,231
395,231
391,229
389,234
403,229
556,223
388,223
388,227
402,216
494,212
478,231
478,229
469,230
473,232
417,222
351,229
362,225
417,226
439,227
450,226
441,227
429,226
556,216
587,214
774,213
556,217
556,219
572,217
556,145
556,174
556,211
540,215
556,216
525,213
494,211
540,197
556,211
572,225
572,213
556,161
6354,212
1553,219
1553,222
1522,225
1522,226
1553,221
5076,213
5403,214
5216,210
5419,212
5403,212
5138,216
5123,217
4982,212
5123,187
4780,211
5216,218
7383,132
4780,214
4749,220
4717,220
4702,219
4671,219
4640,218
4608,219
4593,219
4577,218
4546,215
91,58
3595,77
35486,9
23493,9
23508,9
19671,9
20435,96
19542,21
11348,18
40462,96
2224,219
2629,223
2551,225
2473,225
712,235
712,232
727,231
727,229
759,221
759,226
790,222
1772,219
1741,224
1725,226
1694,225
1663,227
1413,230
1413,229
1382,231
1382,232
1039,228
1351,227
1335,232
1335,233
1320,234
1320,232
1304,230
1289,233
1195,235
1195,236
1195,224
1273,215
373,232
373,234
373,238
373,237
373,235
373,235
373,237
373,235
396,226
399,227
400,225
401,224
401,225
401,228
409,229
413,226
415,226
416,227
416,224
416,223
475,220
484,221
488,216
509,126
509,210
509,217
525,214
373,210
373,155
373,174
373,197
373,193
618,214
324,211
317,200
603,212
587,221
571,228
571,226
571,228
556,229
556,224
556,219
571,212
509,234
509,234
501,233
497,234
495,231
494,234
493,235
493,233
493,235
493,234
493,237
485,234
493,231
485,231
489,235
491,230
492,234
492,233
492,232
492,230
492,233
492,231
492,231
492,233
46,215
68,214
72,212
540,220
556,227
556,223
556,218
46,220
571,222
571,219
571,223
587,223
665,225
681,232
696,214
493,220
485,214
203,218
169,221
152,218
151,219
143,227
139,236
137,235
106,216
113,217
665,219
634,223
618,218
634,219
618,223
618,221
618,219
618,218
618,216
618,217
571,223
556,225
556,227
556,232
556,232
556,236
556,233
525,232
525,227
509,227
509,231
509,231
286,239
278,237
274,240
272,240
277,239
280,239
288,238
292,222
509,228
556,236
556,239
525,224
493,215
493,217
485,217
489,219
483,220
480,222
479,222
478,224
478,226
478,227
478,228
478,230
5676,14
16291,214
56577,225
53761,231
34562,91
53762,44
39682,205
54529,197
55297,201
54017,211
28929,44
54018,59
571,212
540,219
556,220
556,215
571,171
540,193
556,212
540,213
540,215
540,212
525,197
509,210
556,214
571,225
571,212
571,122
6354,214
1553,220
1538,220
1522,223
1538,226
1553,216
106,74
5808,138
5232,210
5419,213
5434,210
5138,218
5123,217
4982,214
5091,155
4780,206
5232,215
7429,100
7273,148
7180,122
4717,218
4686,221
4655,219
4639,220
4608,217
4593,218
4561,219
4546,212
31,51
3548,77
76,67
3439,58
2535,224
2473,225
2411,227
2348,225
2286,227
2239,226
727,227
712,232
712,232
712,236
712,234
712,235
1600,227
1569,226
1553,227
1538,229
1522,229
1491,229
1475,222
1304,218
1304,229
1429,229
1413,231
1382,227
977,223
1273,221
1242,232
1257,227
961,221
1226,232
1226,235
1210,236
1210,236
1195,235
1195,234
1179,236
380,232
384,233
386,229
387,220
394,193
391,220
389,225
388,224
395,228
398,229
400,228
401,228
428,226
430,225
438,224
442,224
444,226
452,224
456,222
458,222
468,220
473,221
475,221
484,220
556,135
603,216
587,223
571,229
587,228
649,233
634,234
603,229
587,229
587,229
618,213
324,210
296,184
296,174
556,210
525,219
525,228
525,231
509,233
509,232
509,233
509,233
509,233
509,233
493,234
493,234
493,233
493,220
509,214
501,223
497,235
495,235
494,235
493,234
493,232
493,234
509,232
501,235
509,227
509,225
509,226
509,226
525,222
525,222
525,220
525,220
540,216
91,211
446,219
446,222
439,225
435,232
433,233
432,235
432,236
432,235
432,234
439,231
665,228
681,229
122,225
114,220
125,217
681,223
696,217
525,220
525,214
136,212
121,212
665,217
76,216
91,218
603,215
203,214
603,216
587,215
587,217
603,215
91,215
113,214
132,215
571,217
556,224
556,229
525,234
556,239
556,238
556,237
556,234
556,238
525,229
509,222
297,231
290,237
280,239
275,238
385,234
393,230
405,224
556,221
388,224
388,228
402,210
493,212
493,214
485,213
489,215
491,216
373,224
362,226
375,225
446,227
453,230
449,227
433,226
439,230
450,229
464,226
471,218
525,193
571,222
587,214
556,180
556,135
556,212
540,215
556,215
540,211
525,210
525,212
525,212
509,203
571,212
6120,135
6354,215
1553,221
1538,222
1507,225
1538,225
1569,211
76,64
5824,142
5964,119
6136,116
5169,212
5123,219
5154,217
4982,212
4780,211
5216,212
5247,214
7320,106
7305,142
7164,206
7149,151
5403,218
4655,221
4624,219
4608,218
4577,218
4561,220
4546,168
31,80
91,58
76,71
61,61
91,77
3096,100
2395,226
2333,226
2286,225
2239,225
727,229
712,232
712,233
712,234
712,234
712,234
727,233
743,229
1553,229
1538,228
1507,227
1491,230
1491,222
1304,218
1304,230
1429,229
1413,230
1397,228
1397,233
1382,233
1242,233
1242,229
961,220
1226,231
1226,234
1210,234
1210,235
1195,235
1195,234
1195,237
1210,223
388,215
376,229
389,219
446,129
388,222
388,223
388,227
388,226
395,226
398,227
400,227
408,228
405,225
442,223
444,226
445,223
453,223
457,221
459,221
468,223
473,223
475,220
484,221
488,215
324,96
571,223
571,231
587,226
649,236
634,234
587,229
587,228
603,226
618,213
337,210
330,210
587,211
556,215
525,225
525,232
509,232
509,234
509,233
509,235
509,232
509,232
509,233
501,234
497,236
493,231
509,220
501,217
497,226
495,235
494,233
493,234
493,232
493,232
493,232
493,232
493,231
509,228
509,224
525,223
525,222
525,225
525,221
525,221
540,219
540,214
106,211
76,212
540,227
446,228
439,235
435,235
433,234
432,234
432,234
432,236
432,226
665,232
696,223
525,216
501,217
30478,31
141,217
681,224
509,217
525,220
91,211
98,211
665,213
649,218
121,216
665,216
649,219
634,219
618,222
618,221
634,219
618,219
618,216
618,217
257,216
230,214
216,218
618,216
216,216
556,233
540,235
556,233
525,231
509,227
509,230
509,230
525,230
525,228
525,229
540,237
540,239
273,239
278,241
287,237
540,221
556,231
556,237
556,233
402,229
395,231
384,230
386,233
387,231
478,221
478,222
478,224
478,224
478,225
478,227
478,230
478,228
478,230
469,228
373,226
362,227
461,203
461,215
461,213
469,200
473,113
556,214
571,214
571,214
571,211
556,222
571,221
556,212
509,212
509,211
509,211
501,211
497,213
495,214
509,174
540,206
572,216
572,217
572,211
6089,164
6167,216
6089,215
6027,216
5980,213
5419,213
5076,211
5403,210
5372,210
5419,190
5419,216
5169,213
5123,219
6229,193
6183,210
76,90
6868,187
6822,158
6790,174
4764,221
4733,221
4717,219
4686,220
4655,219
4624,219
26976,94
19841,52
11348,20
47374,94
2769,119
2504,210
2411,210
2395,215
2395,212
2208,214
2224,216
2582,223
2270,226
2239,223
727,230
712,231
712,234
712,235
712,233
712,233
727,232
727,228
759,225
759,227
1507,229
1491,230
1491,218
1304,218
1304,229
1429,230
1413,231
1398,226
1382,232
1382,230
1039,227
1351,230
961,219
1226,232
1226,235
1211,235
1211,235
1195,236
1195,236
1195,237
1211,223
388,219
380,232
376,235
394,190
391,223
389,225
395,227
398,228
400,230
401,229
401,227
401,226
401,227
401,225
401,227
446,224
453,222
457,223
459,223
468,222
473,221
475,222
484,219
489,211
31,100
509,213
509,215
634,228
650,233
618,232
587,229
587,228
603,223
618,212
337,193
323,210
603,213
587,223
572,226
525,231
525,231
509,233
509,235
509,233
509,234
509,233
509,232
509,232
493,233
493,234
493,236
509,215
501,228
497,230
495,232
494,234
486,233
490,230
492,232
493,232
485,232
489,233
491,232
525,221
525,221
525,221
525,222
525,222
525,219
46,213
76,210
556,214
540,229
556,227
76,219
434,234
433,234
432,234
432,236
432,232
432,226
665,227
696,219
509,217
493,216
189,213
170,219
509,220
509,222
76,211
98,210
696,213
634,216
91,218
650,216
634,221
634,219
634,220
618,222
284,216
106,216
257,216
257,219
257,215
572,219
556,225
556,228
556,231
556,234
556,233
556,231
556,238
556,233
447,222
297,217
290,242
287,239
278,240
274,240
272,239
278,240
281,239
289,240
395,227
398,220
461,214
477,213
485,215
489,215
491,217
492,220
485,221
481,221
479,221
478,223
462,229
447,227
439,230
450,228
464,226
471,223
474,214
509,116
727,210
618,206
461,210
461,214
556,214
541,216
541,213
541,211
525,210
525,211
525,210
509,206
509,211
509,211
509,206
509,211
1538,222
1507,226
1554,224
76,87
91,71
5824,119
6027,100
6152,119
6370,211
6354,213
6136,215
6089,215
3607,81
44116,18
24788,20
36822,20
39122,28
23198,28
64923,27
64948,27
3188,21
56796,20
30174,24
21902,24
6884,80
6837,197
6806,184
4780,138
4764,221
4733,221
4702,220
4671,220
4655,220
4624,219
4609,219
4577,219
2395,211
2395,213
2395,212
2224,215
2629,216
2582,223
2504,225
2442,226
2380,223
2333,226
2271,227
2239,220
1725,226
1710,226
1678,226
1663,227
1632,226
1616,227
1585,228
1569,227
1554,227
1522,227
1507,230
1491,229
1304,234
1304,228
1289,233
1289,235
1273,228
977,220
977,221
1273,221
1242,231
1258,221
1242,221
1226,232
373,237
373,236
373,237
373,233
373,234
373,233
380,232
384,232
386,227
394,214
391,197
389,223
416,225
416,226
424,226
428,226
430,227
431,227
431,226
439,224
443,223
445,224
453,225
457,224
362,177
356,210
353,171
363,180
368,122
370,109
572,211
587,221
572,226
587,230
634,228
650,231
556,225
556,222
556,214
572,211
311,168
311,193
304,184
541,193
541,217
525,229
525,232
525,233
486,234
490,236
492,233
493,234
493,234
493,232
485,234
481,233
487,228
509,219
509,218
485,229
493,231
493,232
493,232
493,235
493,234
509,235
509,232
509,232
509,226
509,226
525,225
525,224
587,222
572,223
572,223
587,224
587,224
603,220
432,220
439,225
435,231
433,236
432,232
432,234
147,226
141,235
138,238
137,234
121,225
128,223
132,221
134,221
696,223
681,221
525,221
525,218
618,215
257,216
243,217
229,217
236,217
239,218
234,218
239,218
221,218
218,217
224,216
157,217
509,227
509,229
509,230
509,230
540,228
525,229
540,236
556,238
556,237
556,235
556,237
540,237
556,235
556,237
540,230
402,231
402,230
387,229
387,232
402,231
572,224
402,222
395,228
398,217
478,227
478,229
478,230
478,231
478,232
455,224
351,229
362,227
417,227
432,228
439,227
435,231
556,158
556,216
587,214
712,212
587,215
556,222
572,221
572,206
556,145
556,210
540,214
556,213
495,214
494,213
556,210
540,200
556,220
572,216
556,211
6089,203
1585,211
1553,223
1522,223
1522,226
5419,213
5060,214
5403,211
5388,190
5403,200
5419,215
5154,215
5123,217
5185,216
5092,206
4795,213
5216,214
6806,168
4780,184
4764,220
4733,221
4702,220
4686,219
4655,218
4624,218
4608,219
4577,218
4562,218
76,58
2380,211
2224,218
2645,218
2582,224
2504,224
2426,223
2364,224
2302,225
2255,226
727,217
727,230
712,232
1678,226
1647,227
1631,226
1600,228
1585,228
1569,226
1538,228
1522,229
1507,229
1491,229
1335,218
1304,228
5646,111
1289,233
1289,234
1289,224
977,220
961,219
1257,225
1242,229
1257,221
1226,226
1226,233
1211,233
1195,234
1195,234
1195,236
1195,233
1226,215
373,227
373,233
373,234
373,238
373,236
373,235
373,236
395,228
398,227
400,228
401,228
401,227
401,225
409,226
413,225
415,228
416,227
416,227
416,225
473,225
475,222
484,219
489,217
509,138
525,122
509,217
525,216
373,193
373,180
355,161
353,206
587,228
618,216
337,210
330,210
603,211
587,217
587,227
556,230
556,230
572,227
556,226
556,220
509,235
509,235
509,233
509,233
501,235
497,234
495,233
494,233
493,232
493,232
485,232
489,233
493,229
493,231
493,232
493,232
493,233
493,232
493,232
493,233
493,232
493,233
493,231
509,232
540,222
525,215
76,210
61,211
540,222
540,229
556,227
556,221
571,222
587,219
571,221
571,222
431,235
665,224
681,233
696,215
509,221
493,217
151,218
163,220
157,219
146,218
141,227
138,237
649,216
106,217
113,218
649,219
634,222
649,218
618,221
634,221
603,220
618,219
618,218
618,219
214,214
571,222
571,225
556,227
556,230
556,232
556,234
540,232
525,232
525,228
509,227
509,233
290,239
286,239
278,239
274,238
272,240
277,239
280,238
281,240
289,228
524,224
556,235
556,239
493,214
485,214
481,217
487,218
482,221
480,221
479,222
478,224
478,223
478,224
478,227
478,228
463,229
470,222
474,211
524,135
618,211
571,171
461,210
461,215
461,213
477,138
509,168
556,215
524,211
524,211
524,210
509,210
509,184
509,211
509,212
501,211
497,212
495,212
494,215
493,212
5824,96
5855,145
6026,106
6276,100
6385,214
6338,211
6135,215
6073,215
5995,216
5465,200
5419,213
5060,212
7258,151
7164,168
5434,211
5372,220
5341,217
6245,210
6214,200
6167,119
6868,113
6853,138
6790,168
4780,212
91,61
3377,71
31,71
3034,135
3034,96
2785,126
2520,145
2504,203
2395,214
2395,212
2395,211
2224,220
712,235
727,232
727,231
743,223
758,226
774,223
1772,216
1740,224
1725,227
1694,226
1662,226
1647,226
1413,229
1397,230
1382,232
1039,223
1366,224
1351,233
1335,234
1320,235
1304,233
1304,228
1288,234
1288,234
1195,235
1195,229
1226,217
373,231
373,232
373,237
373,236
373,236
373,236
373,235
373,235
373,235
400,227
401,227
401,225
409,226
405,225
411,223
414,224
415,227
416,227
416,225
424,225
428,225
484,218
488,216
490,122
509,197
509,218
509,213
373,180
373,200
373,161
362,210
367,210
370,142
324,210
317,210
618,213
587,220
571,225
571,226
571,228
556,229
556,227
556,221
571,212
297,210
509,234
509,234
501,233
509,233
501,235
497,236
495,236
494,231
493,234
493,234
493,234
485,234
489,233
491,232
492,233
492,231
492,231
485,233
481,232
487,233
490,232
491,233
509,235
493,234
76,213
53,212
556,225
525,228
556,220
46,219
587,220
571,223
587,221
571,223
587,223
587,226
681,226
696,214
493,218
469,212
151,218
143,220
139,218
145,218
140,230
138,236
129,235
125,230
106,218
649,221
634,223
634,219
634,220
618,223
618,222
618,218
603,215
618,217
603,217
603,215
556,226
571,230
556,230
556,231
556,232
571,231
540,231
509,228
509,228
509,229
509,231
525,230
275,240
272,240
271,239
270,238
276,240
286,236
298,220
556,229
556,234
556,235
540,222
388,230
493,217
485,219
481,219
479,220
478,221
478,226
478,225
478,226
478,228
469,230
473,232
467,230
482,211
509,119
634,210
618,132
461,213
453,216
465,211
471,126
556,211
556,213
571,213
587,212
64839,1
64978,1
64979,1
64978,1
64979,1
62930,1
61907,1
61396,1
61140,1
60886,1
7379,2
11470,2
571,224
556,213
571,109
6354,213
1569,217
1553,222
1522,222
1538,228
1553,216
136,80
5808,135
5886,109
5434,213
5419,212
5138,218
5123,218
4982,214
5107,174
4780,212
5232,215
7351,119
7289,151
7180,155
7164,200
4702,218
4671,220
4639,218
4624,217
4593,219
4577,220
4546,215
136,64
3595,84
176,58
3424,61
46,64
2488,224
2411,224
2364,226
2301,226
2255,226
727,221
712,231
712,231
712,233
712,233
712,233
727,232
1585,228
1553,227
1538,228
1522,230
1507,229
1491,227
1320,219
1304,227
1397,221
1413,232
1413,227
1397,232
1273,220
1242,228
1242,230
1257,220
1226,227
1226,235
1210,233
1210,235
1195,235
1195,234
1195,235
1210,230
386,232
387,230
387,221
402,200
395,220
391,226
389,227
395,227
398,227
400,228
401,225
401,226
438,226
442,225
444,223
445,225
453,223
457,222
459,223
468,222
473,222
475,222
484,221
488,215
587,218
587,222
571,229
603,228
649,233
618,234
587,231
587,229
587,227
618,213
337,203
323,190
298,197
540,214
525,223
525,233
509,230
509,232
509,233
509,233
509,231
509,231
509,234
501,235
485,233
489,231
491,221
525,215
509,225
501,232
497,236
495,233
494,232
493,231
493,232
493,232
509,233
509,228
509,227
525,222
525,221
525,220
525,222
525,220
540,219
540,214
136,210
556,213
439,224
442,230
437,233
434,235
433,234
432,235
432,232
432,234
432,228
665,230
696,221
525,221
127,220
696,219
681,224
509,218
525,223
509,211
91,211
665,212
665,220
121,216
121,216
649,220
257,215
257,217
603,215
587,216
121,214
113,214
270,214
243,214
556,221
556,226
556,228
556,227
556,239
556,237
556,237
556,235
556,235
556,225
509,222
284,237
277,238
280,239
275,239
272,238
383,230
400,223
587,221
388,225
388,229
402,211
478,212
486,213
490,214
484,216
489,216
483,220
362,230
417,226
432,227
446,230
453,227
442,227
444,226
461,226
469,228
473,218
475,210
556,145
572,214
572,180
556,210
556,213
556,215
556,215
540,212
525,210
525,210
509,211
525,210
525,187
572,100
6354,212
1553,219
1538,222
1522,226
1538,229
1569,217
31,74
5808,138
5980,116
6105,90
6416,148
5138,217
5138,217
4982,213
5123,171
5216,200
5232,215
7367,138
7289,180
7164,145
7164,190
5388,218
5356,221
4624,218
4608,218
4593,219
4562,220
4562,184
3595,80
16,64
23,64
3377,74
61,48
3065,84
3034,158
2333,224
2270,226
2239,223
727,230
712,229
712,232
712,234
712,236
727,234
727,232
743,228
759,219
1522,227
1507,229
1491,228
1476,218
1304,222
1304,226
1429,232
1413,230
1398,228
1382,232
1382,227
1055,224
1242,223
1242,221
1226,233
1210,235
1210,234
1210,234
1195,234
1195,235
1195,235
1226,218
388,222
380,234
393,213
390,213
389,223
388,225
388,227
395,227
398,229
400,230
401,225
409,225
405,225
411,224
443,222
452,222
456,225
458,223
459,224
468,221
473,220
475,221
484,218
509,193
509,116
509,217
571,231
649,232
649,232
618,231
587,229
587,230
618,218
649,212
324,197
317,210
618,214
587,225
525,226
509,232
509,234
509,231
509,234
509,234
509,234
509,234
501,234
509,234
501,233
497,233
493,218
509,219
501,227
497,235
495,233
494,231
493,232
493,233
485,233
489,232
491,232
492,231
509,225
525,225
525,223
525,222
525,222
525,220
540,219
46,212
46,211
540,214
540,227
556,225
439,232
435,236
433,234
432,234
432,233
432,236
432,224
665,233
696,217
509,222
493,219
176,214
681,221
525,221
509,221
509,211
76,212
665,215
665,216
61,214
76,216
634,222
634,221
618,220
255,216
61,216
83,217
143,217
270,217
263,216
572,219
556,225
556,228
556,232
556,232
556,236
556,236
556,235
556,234
525,225
525,219
284,241
277,239
273,240
271,237
270,239
277,238
280,239
388,223
388,230
395,221
478,210
486,213
490,213
492,214
493,216
485,217
481,220
479,222
478,222
439,227
450,227
448,228
440,228
443,228
460,228
469,225
481,215
487,148
727,210
587,210
461,210
540,184
556,213
556,215
540,215
525,200
525,210
525,210
509,210
525,211
509,212
509,212
509,211
6188,14
19623,17
57350,242
56837,242
57861,17
58118,49
25606,61
21504,208
44566,108
28951,232
27927,1
54297,210
6073,214
6027,216
5964,211
5419,213
5060,212
5403,211
5310,203
5419,197
5419,216
5185,215
5123,219
5201,217
24789,20
36823,20
35284,28
23162,28
7361,28
60883,27
3198,21
56797,20
26076,24
18071,24
35787,87
20435,30
4577,219
4562,219
31,67
53,87
49,61
3471,61
3393,71
121,48
3050,106
3050,132
2847,103
2535,100
2239,218
727,229
712,234
712,232
712,235
712,234
712,231
727,234
743,224
759,225
774,225
805,215
1491,230
1335,218
1304,226
1351,220
1429,231
1413,230
1398,231
1382,232
1382,218
1366,219
1351,233
1335,233
1226,233
1211,234
1211,235
1211,236
1195,235
1195,235
1195,233
1226,217
373,228
373,233
373,236
373,239
394,227
391,229
389,228
388,227
395,227
398,227
400,229
401,223
401,226
409,226
413,227
415,227
457,222
459,222
460,223
460,220
469,221
481,221
487,218
509,129
509,177
509,218
525,214
351,203
634,235
634,229
587,230
587,226
618,217
324,210
317,210
320,212
587,220
587,226
572,228
571,230
509,231
509,234
509,235
509,235
509,234
509,232
509,232
501,233
497,237
495,235
494,233
493,235
497,231
495,234
494,231
493,232
493,233
493,233
493,233
493,233
493,231
493,231
493,232
493,231
525,221
525,221
540,221
540,220
556,217
46,213
68,212
540,220
525,227
556,222
46,219
53,219
429,233
430,234
431,234
431,232
634,220
665,230
712,216
525,222
501,216
189,216
155,219
153,220
525,218
509,210
136,211
665,214
665,215
136,217
121,217
634,221
634,220
618,219
618,222
634,218
209,217
226,217
233,217
224,214
556,221
556,226
556,228
556,229
556,230
556,232
540,232
525,232
556,235
478,225
297,220
290,237
286,241
278,241
274,239
272,239
271,237
277,240
287,241
292,227
402,216
493,211
493,214
493,214
493,214
485,216
481,219
487,220
482,222
480,222
479,224
478,223
435,228
433,230
439,227
458,226
468,223
480,212
486,113
634,210
603,190
461,212
453,216
457,212
540,215
556,213
525,211
525,210
525,212
509,211
525,193
509,193
509,210
509,211
509,212
501,210
1538,226
1569,219
46,77
5808,87
5933,109
6042,106
6182,132
6385,214
6291,211
6136,214
6073,216
5995,216
3607,204
28756,20
43226,28
35207,28
64654,27
64663,27
15032,21
64725,20
56797,20
21976,24
18130,24
6098,24
6853,171
6806,197
4780,215
4748,220
4717,220
4686,218
4655,219
4639,219
4624,219
4593,218
4561,219
4546,214
2395,213
2379,210
2224,220
2613,224
2535,225
2473,223
2411,226
2348,226
2301,226
2239,226
727,226
712,231
1694,227
1662,227
1647,227
1616,227
1600,226
1569,227
1553,230
1538,229
1522,228
1507,230
1491,223
1304,219
1304,233
1288,233
1288,233
1273,220
977,220
977,220
1242,230
1242,223
1257,219
1226,234
1210,234
1210,235
372,235
372,234
372,233
372,232
372,233
372,233
380,229
384,223
393,174
390,220
389,227
388,227
416,226
416,225
424,227
428,224
430,225
438,226
442,225
444,224
445,225
445,225
453,223
465,221
367,164
370,171
371,126
379,161
525,135
587,217
571,223
571,231
587,229
649,230
634,234
618,228
556,221
571,212
540,211
602,177
297,197
310,161
571,200
524,218
524,228
524,231
509,234
509,231
493,234
493,234
493,235
493,235
493,236
485,235
481,231
509,225
509,216
501,221
497,232
487,234
492,230
509,233
501,233
497,230
509,233
509,232
509,230
509,227
509,224
524,224
524,223
524,222
587,222
571,224
587,223
587,222
602,217
446,221
446,225
438,232
434,235
432,235
431,233
431,233
141,235
131,235
126,232
123,225
122,222
121,221
121,217
696,223
665,218
524,219
524,220
91,210
243,215
159,214
256,215
216,217
209,215
602,217
270,217
263,218
75,216
152,216
144,217
109,216
509,228
509,232
524,230
524,228
524,231
540,238
556,241
556,238
556,236
556,235
524,234
461,224
556,237
524,223
387,232
387,231
380,231
391,234
404,228
556,224
387,225
387,232
402,211
478,212
478,228
478,229
478,231
469,229
373,223
361,227
374,227
431,227
446,230
453,226
442,232
436,226
571,213
587,213
571,213
556,218
571,221
556,212
571,168
556,174
540,210
540,215
556,217
524,212
509,171
524,210
571,216
571,222
571,213
6089,106
6354,212
1553,220
1553,220
1522,223
1537,225
1584,212
5075,190
5387,211
5216,203
5403,215
5185,211
5122,220
5169,217
4982,213
4779,119
5200,187
5247,216
7335,145
4764,219
4733,221
4717,221
4686,218
4655,220
4623,219
4608,218
4592,220
4561,219
4546,210
45,71
52,64
2223,216
2597,226
2519,225
2457,225
2395,225
2332,224
2270,226
2239,222
727,230
711,230
711,234
711,235
1631,226
1615,227
1600,227
1569,228
1553,228
1522,228
1506,229
1491,228
1335,218
1304,222
1304,228
1428,232
1288,229
976,221
976,220
1257,220
1241,233
1226,223
1226,219
1226,233
1226,234
1210,235
1210,235
1195,235
373,234
373,235
380,230
383,232
385,228
393,216
405,148
396,223
391,225
396,229
391,227
396,228
427,226
429,225
430,224
438,226
434,225
440,224
435,224
448,219
454,223
457,222
467,223
472,220
350,155
361,145
571,211
587,218
571,226
571,232
618,226
665,233
633,235
587,230
587,230
587,224
556,206
297,174
297,190
297,142
540,211
524,222
524,232
509,233
509,233
509,235
509,232
509,235
493,237
493,235
485,232
489,237
491,231
509,219
509,217
501,228
497,234
495,232
494,235
493,232
493,232
493,232
509,234
509,231
524,226
524,224
509,225
524,223
509,223
524,221
540,222
540,220
587,224
587,221
446,219
446,223
438,227
434,231
425,231
428,233
429,233
430,232
430,233
430,230
132,228
134,226
127,223
124,219
696,216
696,224
509,216
524,224
509,213
91,210
75,212
649,218
602,216
602,216
602,217
618,215
602,216
587,216
587,217
587,218
106,215
147,214
141,215
571,219
525,228
525,229
525,235
540,236
556,237
556,236
556,236
556,236
525,228
501,224
283,234
283,237
402,230
395,227
391,231
396,231
406,224
556,221
388,226
395,228
493,211
485,212
489,213
491,214
465,229
471,228
373,225
362,229
382,225
446,229
453,227
442,224
429,227
437,227
449,226
463,226
587,212
556,220
571,219
571,212
571,148
540,184
556,213
540,214
540,215
540,210
525,210
525,211
571,219
587,218
556,212
6104,119
6354,213
1553,223
1538,223
1507,225
1553,227
1585,180
31,64
5824,148
5356,174
5419,216
5185,212
5123,219
5169,216
4982,212
4780,211
5216,212
5247,211
7336,135
7289,174
7164,184
4702,220
4686,219
4655,219
4624,219
4608,219
4577,218
4561,220
4546,119
3580,67
46,45
46,48
3377,71
2520,225
2442,226
2379,225
2333,225
2270,226
2239,221
727,228
712,230
712,233
712,232
712,232
712,233
1585,227
1569,228
1538,228
1522,228
1507,227
1491,231
1335,217
1304,226
1304,225
1429,231
1413,232
1397,229
977,220
1257,223
1242,232
1257,224
1242,219
1226,233
1210,235
1210,233
1210,236
1195,233
1195,235
1195,235
384,235
386,231
387,226
394,215
391,211
389,224
388,227
388,227
388,228
395,227
398,226
400,229
431,228
438,225
442,222
444,224
445,223
453,223
457,223
459,223
468,223
473,220
483,221
488,219
587,212
603,218
571,225
571,232
634,229
649,233
618,233
587,228
587,228
603,221
618,211
324,210
301,210
299,174
540,214
525,226
525,230
509,232
509,233
509,233
509,233
509,233
509,233
509,232
5932,14
2215,237
60417,229
60417,225
58881,231
56065,253
56321,245
58369,233
59393,235
59393,236
59137,236
59905,236
492,231
485,233
489,233
491,231
492,233
492,234
492,230
492,233
492,234
492,234
492,236
509,234
540,213
540,226
556,227
556,221
587,221
61,220
571,220
587,221
587,224
587,221
587,223
587,220
525,218
501,220
151,216
143,220
147,219
141,217
146,223
141,233
138,236
137,233
136,225
128,223
634,223
634,220
618,220
618,221
618,220
618,221
618,218
603,217
603,216
618,216
603,215
257,215
556,228
556,230
556,233
540,233
556,233
525,231
525,227
525,228
509,229
525,230
525,229
525,229
271,237
270,237
276,240
279,237
288,233
540,222
556,232
556,236
556,234
402,228
395,233
384,228
479,220
478,221
478,223
478,223
478,222
478,226
478,226
478,231
478,230
478,231
469,231
458,229
774,200
618,210
478,168
469,218
458,214
468,145
473,126
556,214
587,214
587,213
587,214
556,221
509,193
501,210
509,212
509,211
501,212
497,211
495,213
494,214
525,161
540,203
572,219
572,216
6385,211
6354,214
6167,214
6089,216
6027,216
5964,212
5434,213
5076,212
5403,210
5356,210
5419,197
5419,216
5356,219
6276,145
6229,190
6167,161
6260,77
6868,171
6837,155
6775,155
4764,220
4733,219
4717,219
4686,218
19514,0
17453,0
12611,0
10278,12
58717,93
20839,162
11348,23
14350,94
3019,174
2832,113
2738,109
2504,174
2380,226
2317,226
2270,226
2239,220
727,230
712,234
712,233
712,231
712,235
727,233
727,230
743,228
1554,228
1522,228
1507,227
1491,228
1335,219
1304,224
1304,227
1429,232
1413,231
1398,229
1382,232
1382,226
1242,233
1258,223
1242,219
1226,233
1211,233
1211,234
1211,235
1195,234
1195,236
1195,238
1226,221
388,222
384,230
393,213
390,211
389,223
388,227
388,228
395,226
399,230
401,227
409,228
406,227
404,227
442,224
444,225
445,220
453,222
457,221
459,221
468,222
473,221
483,219
488,217
491,210
525,103
572,227
587,231
650,229
634,235
618,233
587,228
587,229
603,218
634,211
311,210
317,210
603,216
541,219
525,227
525,231
509,232
509,232
509,233
509,231
509,232
509,234
509,232
501,235
509,231
494,231
509,218
509,217
501,229
497,233
495,231
494,234
494,234
494,233
494,234
494,235
494,233
509,225
509,225
525,222
525,224
541,221
525,221
541,222
541,219
556,212
91,212
541,214
541,229
439,230
435,234
433,235
432,234
432,235
432,234
432,231
432,224
665,231
696,217
525,221
501,217
696,220
681,218
509,221
509,221
509,211
76,211
665,217
650,217
121,216
665,217
650,222
618,219
76,215
257,216
76,216
270,214
270,216
263,217
121,214
556,220
556,224
556,230
556,232
556,232
11310,2
11503,2
11497,2
11500,2
49129,1
10721,1
8925,1
6383,1
5103,1
4334,1
4079,1
5614,1
280,238
288,237
299,225
556,225
556,235
556,237
556,226
388,230
388,229
380,230
384,233
400,232
480,223
479,223
478,224
478,227
478,226
478,229
478,229
469,231
473,232
452,225
351,229
362,226
461,210
461,215
454,214
457,126
46,129
556,215
572,213
743,215
556,217
556,223
572,220
572,200
509,211
509,212
501,212
497,212
495,212
494,213
587,206
572,211
572,222
572,215
572,206
6339,210
6152,215
6058,216
5996,216
5949,210
5435,214
5061,213
5403,214
5248,211
5419,210
5419,215
5154,217
5107,218
6229,200
6167,135
6884,119
6853,210
6806,168
4796,210
4749,221
4733,219
4702,220
4671,220
4640,219
4624,219
2520,161
2473,138
2395,212
2395,213
2395,211
2224,219
2645,220
2567,223
2504,225
2411,225
2364,224
2317,228
837,213
1756,226
1725,227
1694,225
1678,227
1647,226
1632,226
1600,227
1585,227
1569,229
1538,226
1522,228
1335,234
1320,236
1304,236
1304,227
1289,236
1273,233
1289,225
961,220
1289,219
1242,223
1242,227
961,221
373,236
373,238
373,237
373,236
373,236
373,236
373,231
373,234
380,232
384,229
386,224
401,210
413,225
415,225
416,228
416,224
416,224
416,226
424,228
428,227
437,225
442,226
444,225
445,224
373,203
373,171
380,210
365,161
369,210
371,168
372,155
541,138
587,214
587,223
572,227
587,230
572,227
556,229
556,227
556,219
556,212
297,206
297,174
297,210
304,184
556,211
541,219
525,228
494,231
494,234
494,235
494,235
494,235
494,233
494,235
477,232
485,235
481,233
487,225
490,217
493,233
493,231
493,231
493,233
493,233
493,232
493,232
509,232
509,233
509,228
509,222
525,224
76,220
572,220
572,222
587,222
587,224
587,221
587,224
447,217
447,221
439,226
443,233
445,232
136,219
136,219
136,230
136,234
136,236
128,230
124,226
130,224
133,219
142,218
681,223
681,216
650,218
603,215
603,215
230,215
236,217
239,217
243,217
243,218
250,217
243,217
250,217
253,215
525,232
525,228
509,228
509,229
509,231
525,226
525,227
525,232
556,238
556,241
556,238
556,234
296,223
540,229
556,236
556,237
402,222
395,231
391,229
382,230
392,233
404,226
572,221
388,223
478,224
478,224
478,227
478,228
478,230
478,230
469,229
373,221
362,229
375,225
396,228
461,230
450,210
472,119
509,155
556,215
587,214
774,213
556,219
556,222
572,216
572,193
556,158
556,210
501,211
497,213
495,212
494,211
540,151
572,211
572,221
572,213
572,168
6338,213
1553,214
1553,221
6011,216
5466,203
5403,212
5060,213
5388,213
5232,212
5419,211
5419,213
5169,217
5123,218
5216,213
5123,200
40921,20
39057,28
23204,28
3240,28
11188,21
64723,20
60638,20
29913,24
14030,24
1985,24
56714,87
21034,194
4546,216
61,51
3595,80
61,77
98,64
3408,71
91,54
3065,113
3003,96
2800,119
2535,174
2442,200
712,231
712,235
712,232
712,235
712,234
727,233
727,230
743,224
759,225
774,224
1772,215
1756,225
1304,217
1304,228
1429,226
1413,231
1413,229
1398,231
1382,231
1039,223
1351,225
1351,232
1335,234
1320,233
1211,233
1211,234
1211,234
1195,234
1195,235
1195,230
1242,216
373,228
373,234
373,236
373,237
373,236
387,226
387,226
387,229
394,228
398,227
400,227
401,228
401,226
409,225
413,229
415,225
416,225
468,223
464,222
471,223
474,219
484,219
489,216
509,96
509,210
509,217
525,214
373,145
380,168
603,231
587,227
603,223
603,214
324,190
324,171
603,213
587,218
572,226
572,228
572,227
556,229
509,233
509,233
509,231
509,233
509,233
501,234
497,234
495,234
494,236
494,235
494,232
494,236
495,233
494,231
494,235
494,233
486,232
490,233
492,235
493,236
493,234
493,233
493,231
493,231
540,223
525,219
540,217
556,216
106,211
540,212
540,226
556,229
572,223
572,220
61,221
572,221
432,234
432,235
432,231
634,226
681,228
712,213
494,222
486,214
151,218
151,220
143,219
139,221
76,211
76,213
665,218
176,215
156,217
634,218
634,222
618,217
634,219
634,220
634,218
618,217
223,216
226,219
233,215
556,221
556,226
556,230
556,231
556,231
556,233
540,230
525,232
509,229
447,226
297,228
290,240
280,237
275,241
272,239
278,237
281,238
282,240
289,238
306,222
556,227
494,213
494,214
494,214
486,217
490,218
484,220
489,220
483,221
480,221
479,224
478,226
478,226
435,228
456,227
467,226
472,220
483,211
525,119
634,203
525,164
461,212
454,215
457,211
475,116
556,211
525,210
525,211
525,210
525,210
525,200
509,210
509,212
509,211
509,212
501,211
497,211
1553,217
76,74
5793,158
5902,106
6042,93
6214,113
6385,215
6183,212
6120,215
6042,215
5996,214
5434,210
3605,19
51029,28
31121,28
19112,28
60846,27
15003,21
64726,20
60638,20
26070,24
14024,24
6098,24
54398,26
6790,190
4764,215
4749,219
4717,220
4686,219
4655,219
4640,219
4608,219
4593,220
4562,218
4546,213
46,74
2395,210
2224,217
2613,223
2535,225
2457,226
2411,226
2333,225
2286,226
2239,226
727,226
712,233
712,232
1663,225
1631,227
1616,227
1600,228
1569,226
1553,229
1522,228
1507,228
1491,229
1476,219
1304,219
1304,231
1289,236
1273,230
977,221
977,220
1273,220
1242,232
1257,225
1242,219
1226,231
1211,234
1211,234
1211,234
373,235
373,233
373,234
380,235
384,231
386,227
387,218
387,142
387,223
394,225
391,227
396,229
416,226
424,226
428,224
430,228
438,226
442,226
444,224
445,224
453,225
457,222
459,222
460,221
363,168
368,148
370,174
572,206
587,218
572,226
572,232
587,229
650,233
634,233
587,227
587,232
556,212
587,210
310,210
310,177
310,193
540,211
525,223
525,231
525,233
509,232
509,233
509,233
494,236
494,234
494,233
494,233
494,235
494,230
486,219
509,215
501,227
497,233
495,234
494,231
501,232
497,233
495,232
509,235
509,231
525,227
509,225
525,224
525,224
525,222
525,221
525,219
587,224
587,224
587,222
447,220
447,223
439,225
435,233
433,234
432,233
432,233
432,235
432,235
136,233
128,228
132,226
126,225
123,219
129,217
696,223
525,215
525,220
525,216
76,210
91,212
618,217
618,217
618,215
603,215
230,217
603,216
257,215
91,216
587,214
91,214
140,215
185,214
5932,14
11423,253
59393,13
57858,13
58370,13
59906,28
61186,44
60930,28
60162,44
60674,44
60674,13
58882,253
290,238
280,239
275,238
272,238
271,237
277,241
280,239
288,240
299,221
556,229
556,237
556,238
490,215
492,215
485,218
481,221
479,220
478,222
478,225
478,223
478,225
478,223
478,227
478,227
467,226
472,218
483,210
650,142
618,211
461,184
461,213
454,215
457,180
46,90
556,212
572,212
525,210
525,211
525,210
525,210
509,210
509,211
509,212
509,212
501,211
497,212
495,215
509,210
5824,129
5980,90
6120,116
6385,206
6354,215
6183,215
6105,215
6027,216
5980,213
5419,211
5060,200
5419,161
7180,210
7149,210
5388,219
5356,220
5356,193
6229,203
6183,171
91,80
6853,148
6822,174
6790,210
4764,220
3439,61
46,48
3097,71
3003,142
2847,90
2754,135
2489,210
2411,210
2395,214
2380,211
2208,211
2224,214
712,233
727,232
743,230
759,221
759,226
805,219
1756,223
1741,227
1709,227
1678,226
1663,226
1631,227
1398,228
1382,233
1366,225
1039,226
1351,234
1335,235
1335,235
1320,236
1304,229
1289,235
1289,234
1289,225
1195,235
1226,219
388,222
380,233
376,236
374,240
373,236
373,235
373,235
373,233
373,235
373,235
399,228
400,224
401,226
401,222
409,225
413,226
415,227
416,226
416,225
416,227
424,223
428,225
484,219
489,211
525,103
509,216
509,217
373,177
380,155
376,197
363,210
368,197
370,164
371,174
324,193
317,210
587,215
587,223
572,226
572,228
556,231
556,225
556,225
556,214
587,211
310,180
509,234
509,233
501,235
497,233
495,234
494,235
494,234
494,237
494,234
494,235
494,234
494,234
493,232
493,230
493,234
493,234
493,233
493,233
493,232
493,232
493,232
493,232
493,233
493,234
83,212
556,215
540,228
556,228
556,221
46,220
572,221
572,219
587,221
572,223
587,223
587,225
696,219
525,220
461,219
727,216
136,219
143,222
139,217
145,222
140,233
138,235
137,232
129,227
665,216
634,221
634,219
634,220
618,223
618,223
634,220
618,219
618,219
618,217
618,215
618,216
572,229
556,229
556,232
556,232
556,233
540,230
525,232
509,227
509,229
509,229
509,230
540,228
278,241
274,240
272,239
278,240
281,237
289,236
556,219
556,233
556,236
556,237
403,230
395,232
492,219
485,221
481,222
479,221
478,225
478,226
478,225
478,223
478,227
478,231
478,230
478,230
487,177
759,164
603,210
478,193
462,215
461,214
469,148
603,100
556,215
572,213
728,213
587,214
525,210
509,210
509,210
509,211
509,211
509,212
501,212
497,212
495,214
541,161
525,168
572,219
6183,103
6385,212
6354,214
6167,215
6089,215
6011,216
5964,212
5435,213
5061,212
5403,206
5232,210
5403,200
30734,86
5372,220
5341,221
6245,190
6214,187
6183,187
106,90
6853,142
6822,190
6837,155
4764,219
4733,220
4671,219
4655,219
4624,218
4609,219
4577,220
4562,219
4546,87
3580,77
76,71
61,64
3393,71
106,51
2442,225
2380,226
2317,225
2271,225
2239,220
728,229
712,234
712,234
712,234
712,233
728,232
728,232
57346,247
57346,38
56323,220
57350,205
57862,174
58118,142
58118,127
58374,96
57862,80
58118,49
57862,228
24936,83
1382,226
1055,222
1351,234
1335,233
1335,233
1320,235
1304,226
1289,234
1289,234
1289,224
961,221
977,220
373,223
373,232
373,234
373,237
373,237
373,234
373,234
373,237
373,235
373,236
373,234
380,231
402,224
409,226
406,228
411,226
414,227
415,228
416,224
416,226
424,226
428,224
430,225
431,226
540,122
509,215
509,217
525,210
388,193
380,168
384,200
378,193
364,145
368,142
556,138
587,214
587,214
587,223
572,226
572,229
572,230
556,226
556,218
556,213
310,210
310,203
303,177
300,210
494,232
494,234
494,235
494,233
494,233
494,233
494,233
494,236
494,234
494,236
494,234
494,235
494,233
494,231
494,234
494,233
494,233
494,232
494,234
494,232
494,236
494,232
509,232
509,234
540,224
540,226
572,221
587,219
587,221
76,219
587,222
587,223
587,223
587,228
587,218
432,220
501,217
696,214
151,219
143,220
139,217
137,224
136,235
136,236
128,232
124,226
115,221
118,222
634,220
634,218
618,223
618,221
634,219
634,216
634,214
618,216
257,216
243,220
236,217
239,217
556,229
556,234
540,235
525,231
525,230
509,229
509,229
509,229
525,228
556,229
525,228
540,237
277,239
280,239
282,238
289,235
556,222
556,234
556,237
556,232
402,231
395,233
384,229
386,232
481,221
479,222
478,222
478,225
478,223
478,227
478,228
478,229
478,230
478,231
469,226
373,226
618,211
461,200
461,216
461,215
461,164
477,116
556,215
587,214
727,214
587,215
556,222
556,221
509,211
509,211
509,212
509,211
501,211
497,211
495,214
525,190
540,190
572,218
572,217
572,211
6354,216
6136,216
6089,216
6011,216
5964,212
5419,212
5076,211
5403,210
5356,210
5419,190
5419,217
5154,214
6260,145
6214,190
6167,184
6899,87
6868,151
6790,116
4795,119
4764,221
4733,219
4702,220
4686,220
4655,218
2878,93
2769,113
2504,190
2411,211
2395,215
2411,212
2224,216
2645,216
2567,223
2504,226
2442,223
2380,225
774,224
805,217
1756,225
1725,224
1709,226
1678,226
1647,227
1631,226
1600,225
1585,226
1553,228
1538,229
1351,230
1335,234
1335,234
1320,233
1273,227
1289,236
1289,233
1289,225
977,221
1289,220
1257,222
1242,229
373,235
373,238
373,236
373,237
373,234
373,235
373,234
373,235
380,232
384,233
386,230
387,223
409,227
413,228
415,228
416,225
416,226
416,228
424,227
428,227
430,224
438,223
442,226
444,222
509,215
373,210
373,164
373,174
362,211
356,200
364,184
368,180
556,142
603,215
587,223
572,227
572,227
572,225
556,230
556,226
556,219
297,212
297,203
303,210
306,168
308,180
556,211
540,221
495,234
494,236
494,237
494,233
494,234
494,235
494,234
486,236
490,234
492,232
493,233
493,225
493,233
493,235
493,229
493,232
493,230
493,231
493,234
493,234
493,233
509,232
509,229
525,225
556,221
587,219
572,220
572,223
572,222
572,222
572,223
587,221
447,217
447,221
447,226
447,228
151,223
143,220
139,217
137,227
136,236
136,235
136,231
136,227
136,224
128,221
124,219
681,221
618,221
618,218
618,216
618,214
618,218
203,218
223,215
219,217
231,218
237,219
240,217
235,218
540,232
525,231
525,230
509,230
509,230
509,231
525,228
540,226
525,231
540,237
556,237
540,235
12902,24
61953,32
58113,44
57602,44
59906,44
61442,44
59138,146
58881,139
59137,135
58625,133
59393,147
58881,75
402,225
395,229
391,220
478,211
485,212
489,213
491,215
492,217
485,218
481,220
479,220
478,221
15768,190
58625,206
58113,191
58369,176
58369,183
57601,194
58369,208
57089,222
54273,229
43009,246
53762,44
53762,222
469,215
465,214
471,151
482,113
556,214
587,215
743,214
587,214
556,222
571,219
556,210
556,168
18654,253
54273,253
54017,245
54273,241
54273,239
54273,59
43010,59
51202,59
56578,59
55042,59
53762,210
42008,33
1553,222
1522,223
1522,228
1553,224
91,90
83,67
5824,145
5995,122
6151,109
6385,214
6354,213
6151,216
21517,3
49428,172
54290,96
55060,158
43028,168
36380,90
49436,252
50459,58
47893,252
56852,221
56340,101
34584,54
6182,193
6899,96
6837,164
6806,180
4780,197
4764,221
4733,219
4702,219
4671,219
4655,220
4624,219
4593,217
24412,153
45321,75
54281,107
55049,75
54025,160
56328,69
56586,247
57865,184
57609,138
57609,60
57865,253
57352,207
727,221
712,229
696,232
712,232
712,233
712,234
727,233
727,230
743,223
758,226
774,223
1772,213
27232,211
58117,24
55813,24
58373,149
57093,149
58885,133
58629,117
59397,102
59397,15
56580,86
56837,71
59653,55
1320,232
1304,233
1304,227
1288,232
1288,234
1288,225
977,222
977,221
1257,225
1257,226
961,220
1226,230
30138,117
60161,117
60417,117
59393,117
60161,117
60161,117
59905,117
59137,124
59137,128
59137,130
57089,145
53761,145
394,225
391,229
396,227
399,227
400,229
401,227
401,227
409,223
413,225
407,225
412,223
414,228
33005,202
57089,212
56577,217
56065,219
57089,220
56577,228
56321,232
55041,13
31234,253
53761,253
55553,253
54785,117
373,203
373,210
373,193
380,161
376,174
374,129
556,135
603,218
571,224
571,229
587,227
649,233
35838,44
58370,59
57602,44
56066,44
54530,41
54017,34
43009,37
41217,32
43009,28
53762,13
56578,13
59138,13
509,233
509,233
509,231
509,232
509,233
509,234
501,236
509,232
501,233
497,234
495,235
494,233
2683,225
58625,231
59393,234
59649,235
59905,236
59905,236
59393,236
58881,236
59649,236
59649,236
59905,236
59649,236
492,232
492,233
492,233
492,233
485,233
481,233
509,234
509,233
509,230
509,225
525,226
525,223
5460,75
56578,75
56578,59
57090,75
57090,75
57602,75
57602,91
55554,190
56321,190
57345,183
58881,179
59905,177
432,234
432,235
432,233
432,233
649,223
665,231
712,215
509,225
493,219
727,216
151,221
143,220
8294,253
56065,76
54016,76
54016,122
55042,153
55554,106
55552,122
55042,122
56322,122
56322,122
56322,106
56834,106
634,220
634,216
618,215
243,217
243,215
236,219
241,219
242,218
245,220
251,218
243,217
229,216
11146,13
58370,253
58881,253
58369,253
59137,13
58370,13
57858,13
58626,28
60930,44
61442,44
60930,44
60418,44
556,234
446,223
324,221
303,239
293,237
281,237
275,242
272,239
277,238
280,241
288,239
292,226
14024,139
55041,237
54273,237
54017,237
54529,237
55297,229
55297,233
56065,227
56577,224
56577,223
56833,222
57857,222
478,223
478,228
478,227
478,230
478,227
478,229
417,225
351,227
362,225
417,226
439,227
450,226
16890,223
35329,28
43010,59
54786,75
54786,59
54274,44
55042,44
56322,59
55810,44
50434,59
43010,44
53762,44
540,217
556,213
525,203
525,210
525,211
525,211
525,210
509,210
525,210
509,210
509,211
501,211
19804,242
58117,17
56838,91
20480,207
26390,239
27158,107
27159,38
27928,241
54552,210
54040,7
54808,185
55063,107
5465,211
5403,212
5060,212
5403,211
5216,210
5434,212
5403,216
5185,217
5107,218
5200,213
5123,180
4764,213
47003,28
19134,28
64667,27
15038,21
64722,20
56797,20
21979,24
14011,24
6075,24
54465,26
18055,88
21633,160
23611,91
17152,58
18190,31
14848,127
13837,64
18189,136
10752,234
37131,187
25611,194
23818,200
49417,153
51977,91
2395,213
2395,210
2224,220
2629,222
2551,225
2473,225
2426,225
2364,226
2302,225
2239,226
727,222
712,232
26445,158
57862,127
57862,111
57606,80
57862,64
58118,49
58118,17
57862,2
58630,242
58629,227
58629,211
57861,24
1304,227
1444,223
1413,229
1413,228
1398,233
1382,230
1039,225
1351,226
1351,233
1335,233
1320,234
1304,234
29359,187
60164,171
59908,171
60164,171
60164,171
58116,202
55044,117
58881,117
59649,117
61185,117
59905,117
60417,117
373,234
373,232
373,234
380,233
384,233
386,233
387,231
387,221
409,193
398,219
393,224
390,226
32244,160
58369,168
57601,164
57601,170
57857,173
58369,182
57601,186
58113,188
57345,189
57601,197
57089,201
57345,203
468,220
473,221
475,221
484,219
489,215
491,116
509,203
509,218
525,212
373,193
373,151
373,184
35123,75
58370,75
57602,106
54530,68
53761,61
54017,75
54274,75
56066,75
57858,60
57858,44
58626,44
58882,44
556,218
587,211
556,203
310,177
303,168
293,145
540,210
540,220
525,227
525,232
525,232
509,232
1896,238
59905,238
60417,238
59905,238
59649,238
59393,230
60417,234
59393,236
56833,253
55553,237
57345,237
59393,237
485,233
489,233
491,235
492,233
493,232
493,231
493,235
493,232
493,233
493,230
493,233
493,231
4716,28
56834,28
56066,44
55554,61
54784,76
53760,28
56578,28
57602,44
57090,60
56322,46
56320,60
56322,75
587,226
587,222
587,224
572,223
618,217
447,218
447,221
439,234
435,233
433,236
432,236
432,234
7529,137
60160,129
59904,125
59904,123
58112,122
57344,121
56320,128
56576,169
56834,153
56066,13
56322,253
56065,106
98,210
665,216
634,217
106,217
650,218
634,222
634,220
618,220
618,221
618,223
618,220
618,219
10334,83
55040,91
54786,60
56834,60
58370,44
58370,44
58370,44
59650,44
60162,13
59906,28
59906,13
58370,253
509,228
509,230
525,230
525,229
525,227
540,238
540,239
556,238
556,235
556,234
556,235
446,224
13230,44
60418,28
59650,132
58881,132
58625,132
58113,132
59649,146
59137,59
56578,146
56577,139
58881,142
56321,237
493,213
493,212
493,214
485,218
481,217
479,218
478,222
478,221
478,225
478,224
478,223
478,226
16093,193
58113,207
57601,214
56577,226
54273,232
39681,247
53762,44
43010,205
54017,205
55041,205
54273,213
43777,13
556,215
556,215
743,213
556,216
556,219
572,220
556,187
556,206
556,210
572,215
572,215
540,212
19003,238
54273,13
47874,60
54018,60
56578,60
54786,60
44546,210
54296,33
55302,2
57094,2
56838,242
58117,17
31,77
5762,87
5902,109
6011,100
6214,119
6385,215
6307,211
6120,214
6058,217
5996,216
5497,203
5403,213
21869,137
34588,12
43036,252
43035,58
54293,252
56852,221
55828,101
51224,70
50456,23
47128,243
25626,181
53786,134
4780,211
4749,220
4733,219
4702,220
4671,219
4640,219
4624,219
4593,219
4577,219
4562,219
31,48
3580,77
24688,176
56072,69
56330,7
57866,185
57353,122
57865,60
57609,254
57608,207
57608,215
56066,215
59394,200
59906,200
712,234
712,233
727,233
727,230
743,225
759,225
774,225
837,213
1756,226
1725,223
1694,227
1663,225
27555,149
58885,133
58629,118
58885,102
59141,15
56068,86
55557,71
59909,55
60421,40
59909,40
59653,24
57861,9
1289,231
1289,222
961,220
977,219
1257,229
1242,231
1257,221
1226,227
1226,233
1211,234
1211,234
1195,235
30479,117
59393,117
59649,124
59393,128
59393,130
59137,131
56833,138
51969,135
55553,133
57345,132
58369,139
58113,142
400,229
401,227
401,226
401,227
401,226
409,226
413,226
415,227
416,229
416,225
416,225
416,226
475,222
484,222
489,217
491,148
525,151
509,215
509,215
373,193
373,190
373,203
373,180
362,161
618,217
634,211
310,203
317,210
587,218
587,226
572,228
572,230
556,230
556,225
556,221
572,212
509,232
509,233
501,233
497,235
495,234
494,234
494,236
494,234
494,235
494,236
494,234
494,236
494,236
494,234
486,232
490,232
492,233
493,234
493,234
493,231
493,232
493,231
493,233
493,233
541,217
106,212
98,210
541,218
556,226
541,227
556,220
46,220
572,221
587,222
587,225
587,224
650,222
681,232
696,214
525,220
501,216
136,216
136,223
128,219
139,217
145,228
140,235
130,235
106,218
121,216
634,217
634,221
634,221
634,219
618,222
618,223
618,218
618,222
618,220
603,217
572,224
572,226
572,230
556,231
556,232
556,232
541,231
525,232
525,229
509,230
509,230
525,228
280,240
275,240
272,238
278,238
281,239
282,238
283,239
297,224
556,226
556,236
556,238
556,225
494,215
494,216
486,218
482,221
480,221
479,223
478,222
478,223
478,225
478,227
478,228
478,229
470,221
482,210
774,106
618,210
556,158
478,213
469,216
458,211
31,119
572,210
556,214
587,214
525,211
525,211
509,211
509,211
525,210
509,211
509,212
501,212
497,211
495,214
509,184
525,210
5933,96
6089,90
6479,106
6370,217
6183,214
6120,216
6042,215
5996,213
5435,206
5435,206
5076,184
5403,212
7165,193
5435,214
5372,221
5341,213
6229,210
6183,203
6198,138
6868,164
6837,193
6791,177
4780,216
4749,221
3362,51
190,45
3034,142
2956,90
2801,109
2536,193
2442,210
2395,213
2395,214
2395,187
2208,221
2629,223
728,234
728,230
743,223
759,226
774,223
1772,218
1756,226
1725,226
1694,226
1663,227
1647,228
1616,226
1382,230
1382,233
1039,224
1351,226
1351,234
1335,234
1320,235
1304,234
1304,229
1289,234
1289,232
977,219
1195,231
1257,217
373,232
373,233
373,237
373,237
373,235
373,237
373,237
373,233
373,234
373,232
401,226
401,227
401,224
409,226
413,226
415,227
416,226
416,225
416,226
424,224
428,223
430,226
484,215
465,74
509,211
509,216
525,212
373,187
362,180
367,211
370,174
371,174
372,161
372,161
317,211
320,211
587,220
587,225
571,228
571,228
556,230
556,223
556,216
571,211
571,210
297,161
497,234
495,232
494,236
493,233
493,233
493,235
485,232
489,232
491,233
492,234
492,232
492,232
493,233
493,231
493,232
493,232
493,233
493,233
493,232
493,233
493,233
509,233
501,235
497,231
83,212
540,222
540,227
571,223
571,222
571,221
587,220
571,222
587,223
587,222
587,226
556,217
509,216
493,217
189,213
170,218
160,222
148,216
149,223
142,231
139,236
130,234
125,231
123,223
634,221
634,221
634,222
618,220
618,220
618,219
634,219
257,214
216,215
226,216
234,215
239,218
556,230
556,229
556,231
540,232
556,234
525,232
509,225
509,229
509,231
525,226
525,229
525,227
271,240
277,238
280,238
281,240
282,237
525,219
556,233
556,238
556,236
402,226
395,232
384,229
483,219
480,220
479,221
478,220
478,225
478,223
478,225
478,228
478,229
478,230
478,231
469,229
727,138
618,210
525,129
461,214
453,216
457,187
31,96
556,211
571,214
712,213
758,213
556,219
509,210
509,193
509,212
501,212
509,210
509,211
501,212
497,214
509,193
525,203
571,215
571,220
6338,106
6385,216
6182,213
6104,214
6058,216
5980,213
5419,211
5419,193
5076,180
5372,213
5216,200
5419,213
5372,221
5356,211
6214,187
6198,187
6182,84
6868,164
6837,168
6775,171
4764,220
4733,220
4717,221
4686,220
3034,164
2863,84
2785,122
2504,184
2442,210
2395,214
2395,213
2208,193
2224,219
2598,224
2520,222
2457,224
758,224
758,226
790,221
1772,221
1740,226
1709,225
1678,226
1662,228
1631,226
1616,228
1600,227
1569,228
1039,229
1351,228
1335,234
1335,233
1320,235
1304,227
1288,233
1288,235
1288,229
977,219
977,221
977,219
380,234
376,234
374,238
373,237
373,237
373,235
373,235
373,233
373,233
380,233
384,234
386,234
401,224
409,226
413,226
415,226
416,228
416,228
416,227
424,226
428,227
430,227
431,224
438,228
509,214
509,218
509,211
373,197
373,168
362,206
367,200
370,151
360,148
374,132
556,206
603,218
587,218
587,224
571,226
571,226
556,229
556,223
571,216
571,212
297,190
297,180
290,171
286,171
494,235
493,234
493,233
493,233
493,235
493,234
493,233
493,234
493,236
493,235
493,234
485,235
493,234
493,230
493,233
493,232
493,232
493,232
493,234
509,230
501,234
497,231
509,234
509,234
556,231
556,222
76,220
76,218
587,219
587,221
571,222
587,224
587,223
571,221
446,216
446,221
478,214
727,217
136,223
136,220
143,219
147,230
141,237
138,232
129,232
132,225
126,225
131,219
649,222
618,219
618,221
618,218
618,216
618,215
257,216
243,217
243,216
229,216
236,218
241,218
556,234
556,232
556,232
525,232
525,229
509,228
509,230
509,230
525,229
525,228
525,232
540,237
273,239
278,238
287,240
298,219
556,229
556,236
556,237
417,224
402,231
395,229
384,233
393,232
478,223
478,224
478,222
478,227
478,226
478,227
478,230
469,233
473,230
475,231
373,224
362,229
461,168
461,214
461,216
469,187
481,116
556,212
587,213
712,214
587,213
556,222
571,220
556,213
509,211
509,211
501,211
509,211
501,211
497,214
495,210
525,210
556,216
571,218
571,211
6120,119
41943,79
22027,30
11348,18
62990,79
6167,215
6089,215
6027,217
5995,212
5434,212
5060,210
5403,193
5341,193
5169,215
4982,211
4780,213
5216,212
5247,213
7320,126
7273,138
7164,211
7164,155
5387,222
5356,221
6260,187
4593,220
4577,218
4546,220
4577,71
46,90
31,38
38,87
3377,96
136,58
3065,106
3034,113
2816,116
2504,226
2426,225
2379,225
2317,227
25150,24
58454,84
4652,14
25229,207
58120,191
55816,215
58882,200
59650,200
836,216
1756,225
1725,225
1709,226
1678,226
1662,226
1631,228
1600,226
1585,227
1553,227
1538,228
1522,228
1335,233
1335,235
1304,236
1304,228
1288,235
1288,234
1288,225
977,220
977,220
1257,224
1242,232
961,220
373,237
373,236
373,236
373,236
373,233
373,234
373,232
373,232
380,235
376,231
382,227
392,212
415,226
416,226
416,228
416,227
416,227
424,226
428,226
430,223
431,226
438,223
442,225
444,221
373,206
380,145
376,151
374,210
373,200
373,155
373,132
509,113
587,214
587,222
571,228
571,231
571,227
556,229
556,226
556,222
525,213
297,210
556,171
297,200
297,155
540,211
540,217
525,228
494,234
493,233
493,234
493,235
493,235
493,234
493,235
493,233
493,234
485,233
489,230
491,217
492,233
492,232
492,230
492,233
492,235
492,234
492,234
509,234
509,233
509,231
525,226
509,225
106,220
571,220
571,221
571,222
587,223
587,223
587,226
603,224
417,215
431,225
438,228
442,233
143,222
147,218
141,224
138,233
137,239
129,234
132,229
126,223
123,225
122,219
136,217
696,226
618,220
634,217
618,214
243,215
250,216
253,218
243,219
250,215
243,217
243,219
243,219
229,217
2830,43
525,231
525,230
509,230
509,232
509,230
509,230
525,228
525,226
540,235
556,240
556,238
556,236
556,233
525,228
509,220
297,236
290,240
286,239
278,239
274,239
272,238
277,240
280,238
388,226
395,227
446,212
469,214
481,214
487,214
490,216
484,218
481,218
479,221
478,222
478,224
462,229
461,225
446,227
453,228
465,228
471,227
474,220
483,210
743,164
556,211
478,174
469,212
540,212
556,214
540,216
556,211
525,197
525,211
525,212
525,210
509,210
509,210
509,211
509,210
1553,223
1522,223
1538,227
1569,213
106,71
5824,164
5917,100
6104,113
6385,100
6369,217
6182,212
6120,215
5123,171
4780,142
5247,216
7351,148
7289,203
7180,190
7180,184
5387,218
5356,221
5341,212
6229,203
6198,197
5164,14
23456,209
55825,194
54033,106
12288,106
12288,113
13824,80
17165,76
14848,53
21504,234
45323,93
27915,193
2457,187
2395,214
2395,213
2239,168
2224,217
2598,225
2520,223
2457,226
2395,225
2333,225
2286,225
2239,223
1740,225
1709,226
1694,227
1662,227
1647,226
1616,225
1585,227
1569,227
1553,226
1522,226
1507,227
1491,229
1320,235
1304,228
1288,235
1288,236
1273,230
961,219
977,221
1273,219
1242,230
1257,224
1242,222
1226,234
373,236
373,235
373,233
373,233
373,235
373,232
373,235
380,231
384,226
393,216
397,145
392,221
415,225
416,227
416,224
416,223
424,227
428,227
430,225
431,225
438,227
442,224
451,222
456,222
362,210
367,197
370,184
371,168
372,180
372,132
587,200
603,219
571,227
571,231
649,229
649,234
556,227
556,224
571,215
556,211
571,168
283,168
296,158
571,184
556,212
525,226
525,232
509,234
493,233
493,234
493,233
493,235
493,234
493,234
485,235
481,234
487,226
490,217
491,219
492,230
492,232
492,234
492,232
492,234
492,234
509,230
509,231
509,230
509,229
525,226
509,224
525,224
587,221
587,221
587,223
587,224
587,222
587,220
446,218
439,222
435,230
433,235
432,233
432,234
137,225
136,233
136,237
128,234
124,227
130,225
125,223
130,216
712,219
696,221
525,219
525,220
618,217
649,216
618,218
618,217
270,216
263,215
260,215
258,218
243,215
587,216
257,216
230,217
509,228
509,230
509,232
525,229
525,229
525,229
540,236
540,239
556,237
556,236
556,237
540,235
556,237
556,236
556,229
402,233
395,228
391,229
389,233
395,232
587,223
402,223
395,228
406,214
478,228
478,227
478,229
469,230
473,229
417,222
351,230
369,226
385,228
478,225
462,227
447,230
571,193
556,215
571,214
571,213
556,218
556,222
571,218
556,171
556,197
540,210
556,215
540,217
497,214
495,213
525,206
572,210
572,226
572,215
587,171
6338,210
1569,215
1553,224
1522,223
1538,227
49878,24
63700,23
43735,23
27863,23
27096,21
2258,81
22227,249
11348,20
22286,81
5419,213
5076,213
5403,211
3604,12
40789,20
35259,28
23240,28
64676,27
15058,21
64692,20
60636,20
26075,24
18088,24
6099,24
965,27
6806,171
4780,177
4764,221
4733,219
4702,220
4671,218
4655,220
4624,220
4608,219
4577,219
4562,219
4577,51
2395,212
2224,215
2660,217
2582,224
2504,224
2426,225
2380,226
2317,226
2255,226
2239,221
727,232
712,233
1678,227
1663,227
1632,228
1616,228
1585,226
1569,228
1538,228
1522,228
1507,229
1491,230
1335,217
1304,226
1289,235
1289,235
1289,225
977,220
977,222
1258,223
1242,232
1258,221
1226,224
1226,234
1211,232
1211,234
373,236
373,232
373,234
373,233
380,233
384,231
386,229
401,212
394,211
391,223
389,224
388,229
416,224
424,225
420,226
426,224
429,227
438,226
442,223
444,224
445,221
453,221
457,221
459,221
367,190
370,155
353,177
447,103
572,214
603,220
572,227
572,232
650,231
634,234
618,231
587,226
556,213
572,200
311,164
311,200
311,155
556,190
541,218
525,228
525,232
509,232
509,233
509,234
494,237
494,235
494,233
486,235
482,234
488,231
491,226
484,217
489,218
491,231
492,234
493,234
491,233
492,232
493,233
509,234
509,231
509,226
525,224
525,226
525,226
525,226
525,220
525,220
587,220
587,224
587,222
447,217
447,222
439,226
435,234
433,233
432,235
432,236
432,238
432,237
136,233
136,231
128,229
124,224
130,216
140,217
681,222
665,215
525,222
509,215
76,211
68,211
603,215
587,216
587,217
603,215
618,216
603,214
587,215
603,216
603,216
603,214
106,214
106,215
525,229
525,230
525,228
556,232
541,240
556,239
556,235
556,237
556,237
525,230
461,219
297,234
417,224
410,231
399,229
393,232
398,233
407,224
572,222
388,228
388,227
410,211
478,212
486,213
469,229
465,229
463,227
373,225
362,228
375,226
432,228
446,227
439,224
435,229
441,226
459,226
587,213
556,212
541,218
572,219
556,214
572,164
556,168
556,212
541,216
556,216
541,212
525,180
587,187
572,213
572,220
556,210
6136,113
6354,213
1554,219
1554,223
1522,223
1538,229
1569,213
31,67
5388,211
5201,211
5419,213
5435,211
5138,217
5138,218
4983,214
5123,164
4780,210
5232,215
7367,155
7274,151
4749,222
4718,220
4686,218
4671,218
4640,219
4609,218
4593,219
4577,217
4546,215
46,58
3611,116
31,58
40058,11
49760,10
55412,9
43448,9
19640,9
23509,9
19669,9
41163,8
32221,96
22338,190
11348,25
51214,96
712,236
728,233
728,232
743,223
759,225
774,223
1772,214
1741,224
1725,227
1694,227
1663,225
1647,226
1398,228
1398,232
1382,232
1039,224
1367,223
1335,232
1335,233
1320,235
1320,233
1304,229
1289,234
1289,232
1195,235
1195,229
1242,215
373,231
373,235
373,235
373,238
373,238
373,236
373,234
373,233
373,234
393,227
405,227
403,228
402,226
409,227
413,224
415,226
416,225
416,224
416,226
424,225
428,226
476,220
485,215
489,116
509,211
509,217
509,214
373,210
362,164
356,190
364,203
368,180
370,145
324,203
317,210
603,212
587,218
572,223
572,226
572,227
556,228
556,225
556,217
587,212
556,211
501,233
509,235
501,236
497,232
495,234
494,235
494,235
486,235
490,234
492,235
493,234
493,234
493,232
493,234
493,234
493,232
493,233
493,232
493,234
493,233
493,231
493,231
493,233
493,235
61,212
76,212
540,221
540,229
556,221
572,220
91,220
572,220
556,222
587,224
587,225
587,221
681,231
712,214
493,220
485,214
151,220
143,223
139,219
145,219
140,229
138,236
137,233
129,231
106,218
649,218
634,221
649,218
618,222
618,223
618,219
603,217
603,217
618,216
106,215
634,215
556,229
556,229
556,231
556,230
556,234
556,233
525,231
525,228
509,230
509,233
509,228
540,231
275,240
272,240
277,239
273,238
278,241
280,237
540,221
556,232
556,239
556,238
402,226
402,231
480,218
479,220
478,220
478,220
478,224
478,224
478,225
478,228
478,227
478,229
478,229
478,229
481,210
743,164
603,211
461,193
461,215
453,215
465,193
509,122
556,213
571,212
727,214
587,212
509,211
509,210
509,210
509,212
509,211
509,211
501,212
497,212
495,214
494,168
524,171
571,215
11348,24
9486,79
6120,96
6385,148
6369,216
6182,214
6104,216
6026,215
5979,213
5403,210
5434,155
5075,168
5418,214
5418,193
5138,217
5169,217
4982,214
5091,151
5216,200
5231,217
7351,145
7289,171
7164,151
7148,168
4686,219
4655,218
4639,218
4608,218
4592,219
4577,219
4546,213
30,48
3564,80
3501,61
60,64
3361,54
2473,224
2410,225
2348,225
2286,226
2239,225
727,227
711,232
711,234
711,233
711,233
711,232
727,235
1584,226
1553,227
1537,229
1522,229
1506,229
1491,226
1304,217
1304,230
1428,226
1413,230
1413,227
1397,230
1241,218
1241,231
1241,229
961,220
1226,231
1226,233
1210,235
1210,237
1195,234
1195,238
1195,234
1195,225
383,233
385,226
386,218
401,129
394,221
390,224
388,226
387,227
394,227
398,227
400,229
401,227
430,227
438,224
442,221
444,224
452,224
456,223
458,222
468,223
473,221
483,218
488,219
490,213
587,220
571,226
571,233
665,228
649,233
633,235
587,226
587,229
602,223
323,211
323,210
316,211
524,193
556,217
524,227
524,232
509,231
509,233
509,234
509,235
509,234
509,234
509,234
501,235
493,235
493,229
493,220
509,221
501,229
497,232
495,236
494,233
493,230
493,233
493,232
493,234
509,232
509,228
509,224
509,226
525,221
525,222
525,222
91,218
540,217
61,213
53,211
556,212
446,222
446,229
439,234
435,234
433,233
432,235
432,237
432,232
432,229
634,231
681,225
525,216
121,220
121,216
696,222
509,219
509,220
509,213
106,211
106,212
665,218
106,216
106,216
649,221
245,219
224,216
233,216
251,216
230,216
168,216
185,215
194,217
571,218
556,224
556,227
556,229
556,237
556,238
556,236
556,237
556,235
509,226
525,220
297,236
290,238
280,237
275,239
272,238
387,231
402,222
409,222
398,228
393,228
461,213
477,212
485,213
489,214
483,215
488,217
483,219
373,228
380,226
446,226
453,229
449,229
440,229
436,226
441,226
459,226
468,217
525,210
727,161
571,211
556,187
556,168
556,211
556,213
540,215
540,211
540,211
525,210
525,212
525,212
509,211
6089,109
6354,214
1553,222
1553,221
1522,227
1538,230
1553,161
46,77
5808,145
5964,93
6120,87
6369,193
5123,218
5169,217
4982,211
4780,212
5216,211
5247,214
7336,168
7258,184
7180,203
7149,190
5387,220
5356,220
4624,220
4608,219
4577,218
4561,219
4561,142
3580,84
46,64
46,51
68,64
57,54
3096,71
3034,161
23496,9
23507,9
23511,9
41172,8
49108,8
5847,10
51425,9
35554,9
19426,9
57826,97
22539,248
11348,23
758,224
805,218
1756,225
1740,225
1709,226
1694,227
1662,227
1631,227
1616,226
1585,226
1569,226
1553,226
1351,231
1335,234
1335,234
1320,234
1304,227
1288,232
1288,235
1273,228
977,222
961,220
1273,220
1242,231
376,236
374,239
373,238
373,237
373,233
373,233
373,234
373,234
373,233
380,234
384,233
386,229
405,227
411,225
414,225
415,229
416,225
416,227
416,227
424,227
428,225
430,226
438,225
442,223
525,219
509,210
373,193
373,203
373,177
362,187
367,168
370,168
509,119
587,213
587,221
556,225
571,226
571,229
556,228
556,228
556,221
556,214
556,210
310,180
303,200
306,164
556,210
540,218
497,233
495,233
494,235
493,234
493,235
493,234
493,237
493,235
493,234
485,234
481,235
487,226
493,233
493,235
493,229
493,230
509,231
509,231
501,232
497,233
509,232
509,234
509,229
525,226
556,223
106,220
571,223
587,220
587,222
571,223
587,224
587,226
603,220
446,220
439,223
442,230
151,218
143,220
147,215
141,222
138,231
137,236
129,235
125,226
130,222
125,222
138,217
696,217
618,221
618,218
634,218
257,214
634,216
203,216
257,216
257,216
257,216
243,218
243,219
229,217
540,232
556,232
509,228
509,227
509,232
509,233
525,228
525,231
525,229
525,233
540,239
556,236
288,237
292,233
525,221
556,232
556,237
556,233
402,228
395,233
384,226
386,235
394,230
556,220
478,223
478,226
478,225
478,224
478,228
478,230
478,232
469,231
450,226
351,228
362,227
382,228
461,215
461,214
469,161
46,122
556,214
587,216
758,214
571,213
556,223
571,219
571,211
556,155
509,211
501,211
497,212
509,213
501,214
556,177
603,161
571,221
571,214
571,210
6104,210
6354,211
6073,215
6027,217
5980,213
5434,213
5076,212
5403,211
5356,210
5419,193
5419,217
5169,215
5107,220
5185,216
24789,20
36821,20
39123,28
26996,28
3269,28
64705,27
2948,21
56798,20
26076,24
18052,24
24248,87
22631,247
26561,26
40058,18
32219,18
28123,18
16347,18
8155,18
4316,18
219,18
11484,91
22634,31
11348,19
32526,91
2520,193
2395,211
2395,214
2395,212
2208,215
2629,215
2582,223
2504,225
2442,225
2364,226
2317,225
2255,226
1756,226
1725,225
1709,226
1678,227
1647,226
1631,225
1600,226
1585,227
1569,228
1538,227
1522,229
1507,230
56069,24
58117,24
56325,149
59653,133
58373,117
58885,102
59653,102
56581,31
56324,55
59397,55
59909,250
30573,88
1226,234
1210,233
1210,234
1210,233
1195,235
1195,236
1195,235
1242,216
388,224
380,234
376,237
374,237
389,227
388,227
388,228
395,228
398,226
400,228
401,225
409,222
405,226
403,225
410,226
413,225
453,222
457,222
467,222
472,223
475,221
476,219
484,218
509,168
446,135
509,216
509,216
501,200
634,234
618,232
587,227
587,226
618,219
603,177
324,210
317,211
587,217
587,225
571,227
571,228
509,233
509,231
509,234
509,233
509,234
509,233
509,235
501,236
497,234
495,235
494,234
493,233
501,227
489,235
483,235
480,233
486,233
489,233
491,234
492,234
492,234
492,236
492,233
492,231
525,223
525,221
525,221
525,222
540,217
91,212
61,211
540,215
540,228
556,225
556,220
46,221
432,235
432,236
424,234
428,235
430,226
665,234
696,222
525,219
501,218
727,216
151,219
151,222
525,221
509,212
76,211
91,212
649,217
76,217
649,217
634,220
634,222
634,220
634,220
618,223
145,215
118,216
180,217
191,217
572,219
556,223
556,227
556,228
556,229
556,232
540,236
556,229
556,235
447,224
297,217
290,239
287,240
278,238
274,239
272,236
278,237
281,240
289,237
293,228
398,218
494,212
494,212
494,214
494,215
494,216
486,219
482,218
480,223
479,221
478,224
478,225
447,229
439,229
443,227
460,227
469,224
481,213
479,113
618,210
618,197
461,212
461,215
461,212
556,215
556,213
540,197
525,211
525,210
509,211
525,206
525,210
509,210
509,210
509,211
509,210
1522,226
1553,223
61,58
46,71
5855,119
6011,113
6167,100
6385,214
6338,211
6136,214
6073,215
5996,214
3607,193
24660,20
36823,20
39122,28
23195,28
64686,27
15025,21
3220,21
60637,20
26077,24
13995,24
6046,24
6853,184
6822,177
4795,174
4764,220
4733,220
4702,219
4686,220
4655,220
4624,219
4608,219
4577,219
4562,220
2380,214
2395,212
2224,216
2645,217
2567,224
2504,224
2426,225
2364,224
2317,226
2255,225
2239,221
727,229
40551,6
36579,6
28642,6
24546,6
20706,6
12770,6
4581,6
739,6
62180,5
58341,5
54246,5
14309,5
1304,227
1304,220
1429,229
1413,229
1382,230
1382,231
1382,218
1366,218
1351,231
1335,234
1335,235
1304,235
1211,236
1211,235
1195,235
1195,235
1195,233
1242,216
373,229
373,232
373,236
373,237
373,237
373,234
388,230
388,227
395,225
391,229
396,227
399,226
400,225
401,226
409,226
413,229
415,225
416,227
467,223
472,221
475,221
484,221
489,215
509,132
509,148
509,214
509,212
373,210
373,184
362,155
587,227
587,225
618,215
310,200
330,210
603,212
587,220
572,228
572,229
572,230
556,230
556,226
509,236
509,234
509,234
509,234
501,230
497,233
495,232
494,235
493,233
493,234
493,234
493,234
494,232
493,231
493,234
493,232
493,230
493,233
493,234
493,233
493,232
493,232
493,229
493,234
540,221
525,220
540,216
106,211
91,213
540,223
540,230
571,223
571,219
571,222
587,221
571,222
419,234
425,232
665,224
665,230
696,213
493,221
485,216
727,217
151,220
143,217
139,219
137,231
83,212
665,218
76,216
98,219
649,220
649,221
634,219
618,223
618,222
618,220
634,218
618,217
257,215
571,216
571,220
556,226
556,231
556,233
556,230
556,232
556,232
540,232
525,227
509,227
297,222
290,239
286,238
278,238
274,238
278,239
274,239
278,238
287,242
292,224
556,225
556,232
493,213
493,213
485,216
481,217
479,218
478,220
478,221
478,223
478,224
478,225
478,226
478,225
459,226
468,226
473,222
483,212
488,129
618,177
634,187
461,212
461,215
461,212
469,148
556,155
540,210
525,211
525,212
525,211
525,210
525,210
525,210
509,211
509,211
501,212
509,214
501,212
46,61
61,87
5886,119
6042,119
6167,109
6401,212
6354,212
6151,215
6073,216
6011,215
5949,190
5419,213
3603,59
35157,28
23172,28
3194,28
15058,21
64670,20
60637,20
34013,24
18075,24
9912,24
58558,26
50522,26
4780,138
4764,220
4733,220
4702,219
4671,219
4655,219
4624,219
4608,217
4577,220
4561,219
76,58
3580,93
2224,216
2644,216
2582,224
2504,225
2426,225
2364,225
2317,226
2255,225
2239,218
727,231
712,233
712,232
1647,227
1631,226
1600,227
1585,228
1569,228
1538,228
1522,229
1507,230
1491,227
1335,220
1304,227
1304,219
1288,233
977,219
977,221
961,220
1242,230
1242,230
961,222
1226,226
1226,233
1210,234
1210,236
1195,235
373,235
373,233
380,230
384,232
386,227
387,222
394,161
398,218
393,226
390,226
389,227
395,228
416,226
424,228
428,229
437,226
441,224
443,225
444,223
452,221
456,221
458,220
468,221
473,222
364,164
368,145
571,210
603,217
571,226
571,231
618,226
649,233
634,233
587,228
587,231
603,224
571,193
310,174
303,174
556,164
540,213
525,223
525,232
509,234
509,231
509,232
509,232
509,233
493,235
493,235
493,234
485,231
489,229
509,220
509,217
501,228
489,235
491,237
492,234
492,232
492,233
492,231
492,233
509,231
525,225
509,224
509,224
525,226
525,222
525,222
540,222
540,220
587,224
587,220
432,221
432,222
439,231
435,233
433,234
432,237
432,234
432,234
424,234
428,227
124,228
122,224
121,223
136,218
696,218
696,225
525,220
525,223
121,212
113,212
109,212
634,217
603,217
603,215
257,215
243,215
603,215
106,216
556,215
106,215
587,213
91,215
140,216
571,220
7212,2
3558,2
7398,2
11502,2
11502,2
11503,2
11500,2
11501,2
7402,2
57057,1
7134,1
5354,1
273,238
271,239
270,237
270,237
276,239
279,239
281,237
540,218
556,231
556,235
556,237
417,223
481,216
479,217
478,219
478,222
478,221
478,223
478,224
478,224
478,224
478,226
478,226
478,229
5932,14
16288,217
55809,219
53761,215
32258,122
53762,253
43777,229
54785,209
55809,207
53761,214
31233,28
54018,59
587,212
556,218
556,220
571,217
556,164
556,168
556,211
540,215
540,215
540,211
540,210
525,210
571,213
571,223
571,212
571,122
6354,214
1569,218
1553,223
1522,225
1553,227
1553,217
76,87
5824,129
5232,211
5419,212
5419,212
5154,218
5107,218
5200,211
5107,210
4780,212
5232,217
7336,93
7289,177
7242,155
4717,220
4702,219
4655,219
4655,218
4624,219
4593,219
4561,220
4561,215
106,54
106,71
68,45
49,58
2551,225
2473,224
2411,226
2364,226
2301,227
2255,227
727,225
712,231
712,232
712,235
712,233
712,233
1600,228
1585,227
1553,227
1538,228
1522,228
1507,228
1491,227
1320,220
1304,229
1429,222
1429,230
1397,227
977,221
1273,220
1242,231
1242,229
961,221
1226,228
1226,234
1210,235
1210,235
1195,234
1195,236
1195,236
373,234
380,230
384,232
386,222
401,161
394,218
391,227
389,227
388,229
395,230
398,228
393,227
431,228
438,224
442,224
444,221
445,222
453,222
457,224
459,220
468,221
473,222
475,220
476,220
556,174
603,217
587,225
571,229
587,227
649,234
634,234
603,227
587,226
603,223
587,213
324,210
297,193
290,164
540,215
540,224
525,231
509,233
525,233
509,235
509,232
509,234
501,234
509,234
493,234
493,234
493,229
493,221
509,217
501,227
497,233
495,233
494,232
493,232
493,232
493,233
509,231
509,232
509,229
509,227
525,225
525,223
525,222
525,220
540,220
540,221
556,214
76,213
446,220
439,222
442,229
444,236
438,233
435,234
433,234
432,236
432,236
432,226
665,230
696,222
121,225
128,218
696,218
665,222
525,219
509,220
106,212
83,211
102,213
649,218
106,215
121,217
250,219
253,215
216,217
168,216
122,215
162,216
134,216
120,215
181,215
571,220
571,226
556,228
540,236
540,238
556,239
556,237
540,232
556,236
478,222
525,218
283,236
283,238
276,238
273,238
378,234
383,229
400,223
556,221
388,228
388,228
446,212
469,211
481,213
487,214
482,215
480,218
417,222
351,230
369,226
432,226
439,225
442,226
429,226
437,228
457,226
467,226
472,217
475,210
556,222
587,215
556,171
556,197
556,211
556,216
556,215
556,212
525,206
525,211
525,211
509,212
571,212
587,116
6338,213
1553,218
1538,222
1522,223
1538,227
1569,215
46,61
5824,142
5964,113
6058,122
5419,200
5138,220
5107,216
4982,214
5107,161
4780,206
5232,215
7336,103
7305,168
7164,190
7164,210
5403,216
4655,219
4624,220
4608,218
4593,220
4561,220
4546,212
61,61
3626,51
3486,58
3424,74
106,77
68,54
2411,225
2348,226
2286,225
2239,224
727,225
712,231
712,234
712,233
712,234
712,233
727,230
727,231
1553,228
1538,227
1507,228
1491,229
1491,221
1304,218
1304,231
1429,230
1413,230
1398,228
1382,232
1382,233
1242,230
1242,225
961,218
1226,232
1226,234
1211,234
1211,234
1195,236
1195,238
1195,237
1211,221
388,216
383,229
385,217
386,190
387,221
387,227
387,227
394,226
391,230
396,227
399,227
400,226
401,225
444,224
445,223
446,223
453,225
457,222
467,223
472,221
475,220
476,220
485,220
489,213
297,96
572,227
572,235
650,230
650,234
634,232
587,229
587,229
618,222
634,211
324,203
324,197
603,213
540,215
525,229
509,230
509,230
509,233
509,233
509,234
509,232
509,237
501,233
497,232
495,234
493,229
509,219
509,217
501,227
497,233
495,231
486,234
490,234
492,234
493,234
493,232
493,232
509,229
509,226
509,223
525,223
525,222
525,220
525,220
540,219
189,211
132,211
540,218
540,227
447,229
439,233
435,232
433,236
432,234
432,235
432,236
432,221
665,232
681,221
525,218
501,216
696,221
696,222
509,219
509,220
61,212
68,210
72,214
634,215
136,216
121,215
634,220
634,220
235,217
225,218
143,216
109,214
257,217
189,216
257,216
572,222
556,222
556,228
556,231
556,229
556,238
556,233
556,235
556,237
494,223
525,219
284,238
284,238
277,237
273,237
271,238
277,239
403,220
417,220
402,228
395,226
461,212
477,213
485,214
489,214
491,217
484,218
481,221
479,220
417,225
432,227
446,229
439,226
435,229
441,226
451,227
464,225
471,215
482,206
774,126
603,211
540,171
572,193
556,213
556,213
540,216
540,212
525,210
525,210
525,212
509,210
509,211
509,211
6354,215
1553,220
1538,222
1522,222
1538,227
1569,213
46,87
5855,148
5933,106
6089,122
6416,155
6370,216
5185,217
4982,213
4780,151
5216,193
5232,216
7367,132
7274,187
7180,203
7149,132
5388,217
5356,220
5341,212
4608,219
4593,220
4562,218
4546,211
136,74
83,64
3564,58
106,51
3330,48
3081,67
3019,132
2878,103
2286,226
2239,224
727,230
712,232
712,234
712,234
712,235
712,231
727,233
743,229
759,221
759,227
1507,228
1491,231
1335,217
1304,221
1304,228
1429,230
1413,229
1398,229
1382,233
1382,229
1039,224
1351,232
1226,220
1226,231
1211,232
1211,234
1211,235
1195,236
1195,237
1195,237
1226,221
373,222
373,233
373,237
387,212
387,223
387,225
387,226
394,229
391,228
396,225
399,229
400,226
401,225
409,224
405,227
446,223
453,223
457,221
467,221
472,219
475,222
484,219
489,219
491,187
509,103
509,216
525,216
650,230
650,232
618,232
587,227
587,228
618,218
337,210
330,210
603,210
587,218
587,223
572,227
509,232
525,233
509,234
509,237
509,233
509,235
509,234
509,234
501,234
497,233
495,234
494,234
509,224
501,230
497,232
495,233
494,232
494,235
494,233
494,232
494,233
494,234
494,234
494,232
525,224
525,224
525,222
541,221
541,222
541,218
46,213
68,211
556,221
541,228
556,225
556,220
435,234
433,234
432,233
424,233
428,234
634,219
665,233
696,219
509,220
493,217
136,214
136,219
509,217
509,220
76,211
106,211
113,212
665,216
91,218
91,216
650,222
634,218
634,221
618,222
236,216
239,216
241,215
173,215
162,216
572,217
556,224
556,230
556,229
556,232
556,235
556,233
556,236
556,236
478,222
509,221
284,236
284,239
277,240
273,239
271,240
270,239
277,238
287,237
395,227
391,222
404,210
494,213
494,213
486,215
490,216
484,218
481,219
479,221
478,223
478,220
439,228
443,226
437,230
442,228
460,226
469,225
473,214
475,187
727,187
618,203
461,180
461,216
556,212
572,214
540,214
525,210
525,210
525,211
509,211
509,210
509,212
509,210
501,211
509,211
1538,222
1507,226
1553,227
1569,126
31,106
5840,164
5980,106
6105,103
6385,190
6354,214
6151,214
6089,214
4780,211
5216,211
5247,213
7320,174
7274,187
7164,206
7149,168
5388,220
5356,219
5356,155
6214,180
6183,200
4562,218
4546,145
3580,74
3564,58
76,67
3377,77
61,51
3065,80
3050,171
2847,103
2769,106
2504,200
727,229
712,232
712,234
712,234
712,234
712,234
727,233
743,228
759,222
774,225
805,217
1756,225
1335,217
1304,227
1304,223
1429,232
1413,229
1398,227
1382,232
1366,222
1055,220
1351,231
1335,232
1320,233
1211,232
1211,234
1211,233
1195,236
1195,236
1195,234
1226,218
388,225
380,232
376,235
374,238
373,239
389,225
395,226
398,229
400,226
401,230
401,227
401,228
401,225
409,226
413,230
415,226
416,225
458,223
459,221
468,222
473,222
475,220
484,216
509,155
509,155
509,215
509,215
373,210
373,148
603,231
587,230
587,227
634,215
618,193
324,210
603,213
587,218
572,227
572,231
572,230
556,227
509,233
509,234
509,232
509,233
509,234
509,233
501,233
497,234
495,232
494,234
494,232
494,234
495,234
494,232
494,234
494,234
494,232
494,232
494,232
494,234
494,235
494,233
494,233
494,234
525,222
540,221
540,217
540,217
76,211
76,211
540,217
540,226
556,225
76,219
61,220
572,221
432,235
432,234
432,232
665,222
665,232
696,216
525,222
501,217
151,217
151,222
143,219
139,216
61,211
53,210
650,214
665,217
106,216
650,216
634,225
650,221
634,221
618,222
618,221
618,220
106,214
128,214
257,214
556,221
572,224
556,228
556,230
556,230
556,232
556,234
556,233
525,229
509,223
493,221
283,236
283,238
276,238
273,240
271,238
277,239
280,240
281,240
289,235
556,220
461,210
477,215
485,212
489,215
483,216
480,217
479,220
478,221
478,222
478,224
478,222
478,225
435,228
448,227
463,227
470,226
474,215
483,164
727,210
618,210
478,203
469,215
465,214
463,132
556,214
540,210
525,211
525,212
525,211
525,210
509,211
509,210
509,211
509,212
501,211
497,212
1553,226
1585,80
5793,106
5839,138
106,87
6136,113
6401,211
6354,214
6167,216
6073,215
6011,217
5964,211
3612,236
36692,20
39123,28
19092,28
64696,27
15058,21
2948,21
56796,20
26075,24
18088,24
9934,24
952,27
6837,142
4780,155
4764,220
4733,221
4702,220
4686,220
4639,219
4624,219
4593,218
4577,220
4546,218
106,54
2395,212
2224,216
2644,219
2566,225
2504,224
2426,224
2364,228
2301,227
2255,225
727,218
727,230
712,231
1678,227
1647,226
1616,226
1600,227
1585,228
1553,229
1538,229
1522,229
1507,229
1491,230
1429,217
1304,228
1288,235
1288,233
1288,218
977,223
977,222
1242,229
1242,232
961,221
1226,226
1226,234
1210,234
1210,234
372,236
372,233
372,233
372,234
380,232
384,229
386,224
401,190
394,217
391,225
389,227
388,226
424,224
428,224
430,225
431,226
431,226
438,226
435,222
440,222
450,223
455,222
458,223
468,221
366,197
369,148
360,168
509,119
587,216
587,223
571,229
587,231
649,232
634,236
618,234
587,229
525,213
571,211
587,184
310,210
303,138
556,210
525,219
525,230
509,231
509,231
509,233
509,233
493,234
493,234
485,236
481,235
487,234
490,230
491,226
509,216
509,219
501,230
497,232
495,234
501,232
497,231
495,231
509,231
509,233
525,231
509,226
509,224
525,226
525,226
525,219
525,222
587,224
587,223
587,223
618,215
446,221
446,226
446,229
446,236
439,235
435,232
433,234
432,233
136,234
136,232
128,229
124,225
122,224
121,221
681,220
681,222
509,219
525,219
509,211
106,210
23333,2
27352,2
23512,2
19416,2
27351,2
59094,0
23510,2
62423,0
23511,2
48600,0
39893,0
31705,0
587,215
571,219
556,228
556,229
571,229
556,233
556,234
556,234
556,233
525,231
509,227
509,230
296,240
289,240
279,238
274,239
272,240
271,239
277,239
280,239
288,231
525,223
556,235
556,236
493,214
493,215
485,216
481,219
479,221
478,220
478,222
478,224
478,224
478,224
478,227
478,227
466,226
472,224
482,212
487,164
634,158
618,206
461,211
461,215
461,213
469,180
571,129
556,216
525,210
509,212
525,211
509,206
509,211
509,211
509,210
509,212
501,212
497,212
495,212
494,213
5777,103
5871,148
6073,100
6198,109
6369,214
6338,211
6136,214
6058,215
5995,216
5980,210
5419,213
5076,212
7258,113
7180,187
5434,211
5387,220
5341,220
6260,210
6198,206
6167,158
6868,96
6853,203
6806,210
4780,211
46,61
3424,74
31,35
3050,103
3003,116
2800,96
2551,142
2504,200
2395,212
2411,214
2379,210
2224,219
712,235
712,235
727,231
743,225
758,226
774,227
836,216
1756,226
1725,226
1694,227
1678,227
1647,227
1413,231
1397,231
1382,233
1039,219
1366,218
1351,234
1335,234
1320,235
1320,235
1273,226
1288,235
1288,233
1195,235
1195,231
1242,215
388,228
380,234
376,237
374,238
373,238
373,235
373,234
373,235
373,234
401,227
401,226
409,225
405,225
411,226
414,227
415,227
416,226
416,226
416,225
416,225
424,227
476,218
484,215
509,126
509,206
509,217
525,214
373,171
373,193
373,190
373,197
373,158
380,184
324,210
317,206
603,213
587,217
587,225
571,230
571,228
556,226
556,222
556,218
297,211
297,211
509,235
509,233
509,232
509,233
501,235
497,236
495,233
494,235
493,231
493,233
493,234
493,234
493,235
493,233
493,233
493,234
493,234
493,233
493,232
493,234
493,234
493,231
493,231
493,230
76,213
61,210
540,219
540,224
556,221
46,218
46,219
571,219
571,221
587,223
587,223
587,224
681,232
712,216
493,222
485,214
151,218
143,220
147,220
149,218
142,230
131,235
126,233
123,232
98,217
634,217
634,222
634,219
634,221
618,221
618,220
634,216
618,217
257,215
203,215
216,217
571,225
556,230
556,230
556,231
556,234
525,232
540,233
509,227
509,230
509,232
509,228
525,227
275,239
272,239
271,237
277,239
280,240
281,239
295,224
556,227
556,236
556,237
540,221
402,232
492,216
492,220
485,218
481,220
479,222
478,223
478,223
478,228
478,226
478,229
478,228
478,230
473,213
509,96
618,210
618,190
461,210
453,215
457,212
475,145
556,148
540,213
743,213
571,215
525,211
509,197
509,211
509,211
509,211
501,211
509,212
501,210
497,213
495,212
509,193
556,210
6027,113
6214,106
6369,215
6338,211
6120,214
6058,215
5995,217
5481,210
5419,213
5076,212
5403,214
5216,210
5434,212
5372,221
5341,217
6245,210
6214,210
6167,145
6884,129
6822,210
6790,187
4780,213
4764,221
4717,219
76,64
3081,119
3019,109
2800,122
2551,164
2473,177
2395,213
2395,214
2380,210
2224,220
2629,222
2551,224
727,232
743,222
759,227
774,224
1772,215
1756,226
1725,228
1694,227
1663,227
1647,227
1616,225
1600,227
1382,231
1039,225
1366,222
1351,233
1335,233
1320,235
1304,233
1304,229
1289,236
1273,233
1289,219
977,222
1257,216
373,229
373,233
373,237
373,237
373,236
373,234
373,238
373,235
373,237
373,233
373,233
401,228
401,225
401,226
409,226
413,228
415,226
416,223
416,225
416,227
424,224
428,225
430,223
587,106
509,211
509,219
525,214
373,174
373,197
373,211
362,145
356,190
364,126
357,132
556,171
603,212
603,218
587,224
572,229
572,226
556,226
556,223
556,215
297,210
303,168
300,200
305,187
509,233
501,233
497,235
495,234
494,233
494,234
494,235
486,233
490,232
492,234
493,236
485,232
493,233
493,232
493,231
493,234
493,232
493,233
493,231
493,233
493,233
493,233
493,235
509,232
540,223
556,228
556,223
46,221
587,222
572,220
572,221
572,222
587,224
587,222
587,224
447,217
494,221
486,214
727,216
151,220
151,221
151,220
143,231
139,237
137,236
136,231
136,226
128,225
650,220
618,220
618,219
618,222
618,219
618,218
270,215
216,217
226,217
234,219
238,218
242,217
556,233
556,232
540,233
556,234
540,231
509,229
509,228
509,231
509,229
525,228
525,228
525,232
279,238
281,240
282,240
283,237
296,220
556,230
556,238
556,238
417,221
402,233
395,231
384,232
479,221
478,221
478,222
478,224
478,225
478,226
478,228
478,225
478,230
469,231
473,229
417,224
618,211
603,168
461,213
461,215
461,210
469,119
572,174
572,212
572,213
587,213
556,219
556,221
509,210
509,212
509,212
509,211
501,213
497,212
495,214
494,211
540,161
556,211
572,223
572,212
6370,216
6198,213
6120,215
6042,216
5980,215
5466,210
5419,210
5060,210
5372,214
5232,210
5403,213
5403,210
5341,213
6229,177
6214,203
6214,119
6884,138
6822,193
6791,210
4780,217
4749,220
4718,220
4686,219
4671,218
2972,90
2785,119
2520,197
2442,200
2395,215
2395,212
2395,210
2224,222
2613,223
2536,226
2473,225
2411,226
759,224
790,221
1772,220
1741,226
1725,225
1694,227
1663,226
1647,227
1616,226
1600,227
1569,226
1554,227
1351,228
1335,231
1335,235
1320,234
1304,229
1304,231
1289,233
1289,232
1289,219
977,220
977,220
1242,228
373,236
373,237
373,238
373,236
373,238
373,233
373,234
373,232
373,233
380,232
384,231
386,234
39292,1
40419,1
40930,1
41185,1
41186,1
41189,1
41187,1
43234,1
44257,1
44769,1
45026,1
47071,1
443,223
445,225
453,222
457,222
459,221
460,222
469,221
473,220
475,217
484,215
270,109
509,212
556,231
603,227
650,233
634,232
587,229
587,229
603,226
603,212
324,197
324,210
603,212
587,222
525,222
509,229
525,229
509,232
509,233
509,232
509,232
509,235
509,234
509,233
501,236
497,235
490,220
509,214
501,223
497,232
495,231
494,234
494,231
494,233
494,232
494,232
494,235
494,232
525,224
509,224
525,222
525,222
525,220
525,222
541,220
556,214
76,211
61,212
541,225
556,227
435,232
433,236
432,236
432,234
432,236
424,232
428,228
634,228
696,227
525,214
501,221
497,212
681,224
509,216
525,222
61,213
68,211
102,211
650,222
106,216
98,216
634,220
634,219
634,218
242,218
189,218
257,216
61,216
257,217
230,217
572,218
572,224
556,226
556,229
556,233
556,233
556,236
556,238
556,235
525,225
509,223
284,238
284,239
277,238
273,241
271,240
277,237
280,239
572,222
388,226
388,226
494,211
494,212
494,214
494,214
494,216
486,217
482,220
480,220
479,223
432,227
455,227
451,230
441,228
444,229
461,227
469,227
473,216
483,190
681,155
618,210
478,161
556,200
540,212
556,213
540,214
525,211
525,200
525,210
525,210
509,210
509,211
501,211
509,211
1553,222
1538,222
1507,224
1538,228
1553,211
61,90
5793,132
5933,122
6073,96
6401,122
6354,215
6183,215
4967,213
4780,132
5216,210
5247,214
7351,142
7274,168
7196,177
7149,184
5388,217
5356,221
5356,212
6229,206
4593,220
4562,219
4546,197
91,61
98,74
3533,74
46,64
38,48
3097,71
3050,155
2894,74
2816,109
2239,225
727,228
712,230
712,234
696,234
712,234
712,233
727,235
743,232
759,223
759,223
790,221
1491,231
1476,218
1304,220
1304,227
1429,230
1413,230
1398,229
1382,232
1382,228
1055,226
1351,230
1335,233
1226,233
1211,233
1211,233
1211,236
1195,236
1195,233
1195,236
1211,220
388,223
380,232
376,234
374,237
391,225
389,227
388,226
388,228
395,226
398,226
400,224
408,226
405,223
411,228
414,228
415,225
453,223
457,221
459,221
468,221
473,222
475,223
484,218
489,212
509,109
509,216
509,217
501,197
650,233
618,232
587,227
587,230
603,220
634,211
324,211
324,211
603,216
587,223
572,228
572,227
509,231
509,233
509,231
509,231
509,234
509,235
501,233
497,234
495,234
494,236
494,234
494,232
501,230
497,233
495,233
494,232
494,234
494,234
494,233
494,233
494,233
494,232
494,231
494,234
525,222
525,223
525,219
525,221
556,219
76,211
83,212
556,217
540,228
556,223
556,220
572,218
433,235
432,235
432,231
432,234
432,220
681,233
696,219
509,219
493,218
696,215
176,221
156,222
525,220
46,211
68,211
665,213
649,216
121,216
665,220
634,222
634,219
634,219
618,222
618,222
230,216
190,216
133,215
104,214
571,220
571,223
556,229
556,229
556,233
556,231
556,235
525,232
556,236
461,222
509,220
297,235
290,239
280,240
275,240
272,238
277,240
280,240
281,238
289,236
395,221
446,210
469,212
481,212
487,215
482,216
480,216
479,220
478,219
478,221
478,222
478,224
439,228
428,228
437,228
457,230
467,226
480,214
486,155
758,190
618,210
461,211
453,215
457,215
556,215
540,215
525,210
525,200
525,211
525,210
509,210
509,200
509,211
509,211
509,212
501,210
1522,225
1553,225
1585,148
46,96
5824,148
5995,116
6120,96
6385,210
6369,215
6167,215
6089,216
6027,217
3606,171
24660,20
36820,20
43222,28
27025,28
64699,27
60830,27
3006,21
60635,20
56796,20
18091,24
9938,24
6853,135
6821,197
6775,145
4764,220
4733,220
4717,221
4686,220
4655,219
4624,218
4608,217
4577,218
4561,220
2395,214
2379,212
2224,212
2660,212
2582,223
2520,225
2457,224
2379,223
2333,225
2270,227
2239,221
727,230
1709,227
1678,225
1662,228
1631,225
1616,228
1585,227
1569,228
1538,225
1522,227
1507,228
1491,229
1335,217
1304,228
1288,236
1288,234
1288,226
961,221
977,221
1257,225
1242,232
1257,222
1242,221
1226,233
1210,232
373,233
373,236
373,236
380,235
384,234
386,231
387,231
387,227
394,213
391,211
389,226
388,224
416,225
416,228
424,225
428,225
430,225
431,227
431,225
438,225
442,226
444,222
445,223
453,225
361,193
367,151
370,171
371,158
379,122
587,212
603,220
571,229
571,230
634,229
649,235
618,234
556,222
556,215
556,210
525,210
283,177
296,158
289,200
540,216
525,226
525,230
509,235
525,232
492,232
492,236
492,234
485,234
489,237
491,235
484,232
488,230
509,216
509,216
501,230
497,234
493,235
493,232
493,233
493,233
493,233
509,233
509,231
509,226
509,225
525,226
525,222
525,222
587,220
587,221
587,224
587,223
603,219
447,219
439,225
443,229
437,234
434,233
433,236
432,236
140,231
138,235
129,232
125,226
130,225
133,221
134,220
696,220
681,221
509,220
525,221
76,210
618,217
634,216
603,217
618,217
618,216
587,214
603,215
618,215
603,217
587,218
121,215
155,215
509,230
509,231
525,228
540,227
525,231
540,234
540,238
556,239
556,234
556,238
556,237
494,223
556,239
556,233
402,228
402,232
395,228
391,235
396,231
587,220
402,221
395,230
398,220
422,211
478,227
478,227
478,231
469,230
465,227
351,228
362,225
417,227
432,229
455,228
443,228
437,227
556,216
572,214
572,214
572,212
556,221
556,221
572,203
556,145
556,174
556,215
540,216
540,213
494,217
540,164
556,193
572,222
556,214
572,211
6105,203
1553,211
1553,223
1522,222
1522,226
1553,224
5076,212
5403,211
5232,212
5590,206
5419,214
5154,216
5123,219
5185,217
5060,210
4780,213
5216,215
5263,174
4780,174
4764,221
4733,219
4702,221
4671,220
4640,219
4624,219
4593,220
4577,218
4562,219
136,51
3611,71
23480,9
23507,9
27606,9
9685,96
23935,52
11348,21
29710,96
2224,217
2645,218
2567,224
2504,226
2442,226
51300,2
51432,2
55275,2
55273,2
59369,2
63459,2
1762,3
13793,3
56536,6
48611,6
44513,6
36577,6
1647,228
1631,226
1600,227
1585,227
1569,228
1538,228
1522,227
1507,228
1491,229
1335,219
1304,229
1304,224
1289,233
1289,221
977,222
977,219
1257,227
1242,231
1257,222
1242,222
1226,234
1211,235
1211,236
1211,234
373,234
373,235
380,232
384,233
378,230
383,228
392,211
390,216
389,223
388,225
388,226
388,229
424,224
428,226
430,223
431,225
439,227
443,224
445,223
446,224
446,223
453,223
465,223
471,220
363,155
368,142
556,138
587,214
587,221
556,230
587,231
650,232
634,235
618,234
587,228
587,227
297,203
572,174
297,155
297,187
303,187
525,220
525,227
525,231
509,232
509,232
509,233
509,232
494,234
494,233
494,233
494,234
494,234
494,225
509,215
501,220
489,231
491,235
492,233
493,232
497,235
487,233
509,234
509,233
509,226
509,226
509,224
525,225
525,225
525,224
525,221
525,222
587,224
587,222
447,216
447,219
447,225
439,232
435,232
433,234
432,234
432,235
432,237
432,234
58626,200
55298,253
57089,229
54529,151
55552,151
56832,143
55808,139
56320,137
58368,136
60160,128
59648,167
46109,93
6700,14
8608,122
55042,121
55808,153
55810,122
56834,106
55810,106
56578,106
56578,106
56066,106
55554,122
55554,106
257,216
257,216
216,216
223,217
226,215
214,215
160,216
125,215
108,216
122,215
257,214
572,215
525,226
556,229
525,230
540,236
556,237
556,236
556,235
556,234
556,235
494,225
297,220
290,240
402,232
395,232
384,230
386,232
401,230
556,223
388,225
388,231
395,219
494,211
494,212
486,213
478,231
469,230
458,225
351,228
362,226
417,228
432,228
446,229
446,228
439,226
443,229
460,229
743,213
556,213
556,222
572,220
556,210
556,184
572,210
556,215
556,215
556,214
540,211
525,210
556,187
572,220
556,212
572,187
6323,190
1553,213
1553,223
1538,222
1522,225
1553,225
46,77
5793,77
5247,210
5419,211
5419,215
5138,215
5123,220
5201,213
5092,203
4780,213
5216,215
5263,151
7320,171
7258,161
4733,220
4702,219
4671,220
4640,221
4624,218
4593,220
4577,218
4562,217
61,67
3580,87
16,61
46,67
2551,223
2504,223
2426,224
2364,226
2317,227
2239,228
727,220
727,230
712,233
712,233
712,236
712,233
1600,227
1585,226
1553,227
1538,227
1522,228
1507,227
1491,230
1335,219
1304,224
1444,220
1413,231
1413,229
977,220
977,219
1242,227
1242,231
1242,219
1226,226
1226,230
1211,232
1211,235
1195,235
1195,236
1195,237
373,233
380,233
384,231
386,225
401,187
394,218
391,224
389,227
388,229
388,226
395,227
391,227
430,226
431,225
439,225
443,223
445,223
453,224
457,224
459,221
468,219
473,222
475,221
484,222
572,190
603,216
572,226
572,231
587,229
650,233
634,233
603,229
587,232
603,225
618,215
324,203
303,210
306,184
556,214
525,224
509,232
525,231
509,234
509,233
509,233
509,236
509,235
501,233
494,234
494,234
494,233
494,223
509,216
493,222
493,232
493,233
493,232
493,233
493,233
493,234
493,235
509,233
509,230
509,226
525,226
525,224
525,224
525,221
525,221
540,221
540,216
46,213
417,217
432,223
439,226
443,233
437,236
434,234
425,234
421,232
426,233
421,233
650,226
681,228
123,223
129,217
132,219
696,222
509,214
509,221
525,215
76,212
91,213
650,219
121,216
106,217
239,219
243,218
250,216
253,216
243,216
216,215
168,215
179,216
270,215
587,218
556,220
556,226
541,233
541,235
556,237
556,235
556,234
556,236
572,228
461,223
284,227
284,238
277,240
273,239
384,233
386,231
401,226
541,220
388,227
388,231
402,214
494,212
494,213
494,214
486,215
482,217
373,223
362,229
375,225
432,228
446,228
453,226
442,229
437,227
457,228
467,227
472,218
483,210
572,222
572,218
572,148
556,200
556,210
556,214
541,217
556,214
525,197
525,210
525,211
509,210
572,213
572,122
6354,212
1554,216
1538,223
1522,224
1538,226
1554,220
136,71
5793,116
31,93
6058,106
5403,211
5154,217
5123,216
4983,213
5092,148
4780,211
5216,217
7367,109
7320,145
7196,164
7165,187
5435,214
4655,219
4640,219
4624,220
4593,217
4562,218
4546,216
91,48
3595,93
91,64
76,38
3377,71
46,67
2411,226
2348,225
2302,225
2255,226
727,226
712,234
712,234
712,233
712,234
712,232
727,230
743,231
1553,227
1538,228
1522,230
1491,228
1491,226
1444,219
1304,228
1413,225
1413,232
1398,228
1398,233
1382,232
1242,228
1242,229
961,220
1226,230
1226,234
1211,236
1211,233
1195,235
1195,234
1195,235
1211,226
1257,216
384,229
386,221
394,168
391,219
389,224
388,227
395,227
398,228
400,225
401,225
401,229
401,226
443,226
445,223
446,222
446,222
453,220
465,222
471,221
474,222
476,221
485,221
489,214
284,103
572,226
572,232
618,228
650,233
634,236
587,228
587,229
603,226
618,212
324,210
324,211
603,215
525,213
525,226
509,230
525,232
525,233
509,235
509,233
509,235
509,236
509,235
501,232
497,233
493,231
509,219
509,216
501,227
497,231
487,233
490,232
492,231
493,231
493,233
493,230
493,231
509,229
509,224
509,224
509,223
525,223
525,221
540,221
540,220
556,214
121,211
91,212
540,224
439,228
443,231
437,233
434,234
433,234
432,236
432,235
432,230
634,228
681,228
525,215
509,217
125,215
696,224
509,214
525,221
509,215
76,210
83,211
650,218
136,217
113,218
634,220
634,219
189,215
257,217
76,216
159,218
257,217
270,216
243,217
572,216
572,221
556,228
556,230
556,230
556,238
556,235
556,235
556,238
556,231
461,225
284,228
284,241
284,240
277,241
273,241
278,239
403,228
587,224
402,226
395,230
406,213
494,213
494,214
494,214
494,216
486,216
482,219
480,222
362,225
432,228
446,228
453,225
442,227
437,229
442,226
460,226
469,222
481,210
509,135
618,190
556,197
556,190
556,211
556,214
540,215
540,212
525,210
525,206
525,211
509,211
509,211
509,210
6354,212
1553,216
1538,222
1522,222
1522,229
1569,219
46,77
5793,129
5855,113
6027,119
6214,93
6385,215
5107,215
4982,213
5123,210
4780,212
5232,217
7351,119
7320,148
7164,135
7164,193
5419,213
5372,220
5356,216
4608,219
4593,218
4577,220
4546,213
91,61
3580,93
136,64
3455,64
76,67
3190,61
3034,148
2941,87
2286,224
2239,228
727,227
712,230
712,234
712,235
712,232
712,233
727,232
727,232
743,222
759,226
1522,227
1507,229
1491,224
1460,218
1304,229
1429,228
1413,229
1398,227
1382,232
1382,232
1039,230
1351,230
961,218
1226,230
1226,235
1211,235
1211,234
1195,236
1195,237
1195,236
1211,223
1242,215
373,234
373,236
401,168
394,221
391,227
389,228
388,229
388,227
395,227
398,227
407,225
404,226
403,225
410,225
445,224
453,223
457,223
459,222
468,222
473,220
475,222
484,219
488,216
31,87
493,213
509,219
618,227
649,235
634,235
587,225
587,230
618,224
618,213
310,210
603,210
587,215
587,221
587,226
525,231
509,233
509,233
509,235
509,233
509,232
509,234
501,233
497,237
495,234
494,235
493,231
501,218
497,224
495,232
486,234
489,233
491,232
492,233
492,231
492,234
492,232
492,232
492,232
525,223
525,221
525,221
525,223
525,222
540,219
540,213
46,211
46,213
540,226
556,227
556,219
439,233
435,234
426,236
429,235
430,234
431,229
665,228
681,226
509,217
501,218
696,213
151,219
525,217
525,224
509,214
76,210
98,212
665,218
121,216
106,217
649,217
634,219
634,220
618,218
257,216
91,216
83,216
156,217
257,215
571,218
556,221
556,226
556,230
556,232
556,234
540,234
556,236
556,238
525,226
501,221
297,235
290,240
286,239
278,240
274,240
278,240
280,240
281,238
388,226
388,227
478,211
485,213
489,213
491,215
492,217
485,220
481,220
479,220
478,221
478,221
446,227
446,226
439,229
435,228
456,226
467,224
472,217
482,190
743,168
634,211
478,171
469,213
540,213
556,214
540,215
540,212
509,200
525,210
525,211
525,210
509,210
509,210
509,211
509,212
1553,223
1522,223
1538,227
1569,212
46,61
5793,145
5933,122
6073,119
6354,106
6369,217
6182,214
6104,217
5076,148
4780,168
5247,216
7351,155
7320,171
7195,193
7164,168
5434,214
5372,219
5341,214
6214,210
6182,164
5420,14
23459,225
56337,194
54289,61
14848,11
13070,189
16397,46
16384,68
16384,24
15628,218
37131,124
23051,240
2473,203
2395,215
2395,214
2395,210
2224,218
2613,223
2535,224
2473,226
2411,226
2333,224
2286,226
2239,224
1740,226
1725,226
1694,227
1662,227
1647,226
1616,227
1600,226
1569,226
1553,226
1538,229
1507,228
1491,229
1320,233
1288,229
1304,235
1288,234
1273,227
961,221
961,221
1257,222
1242,234
1242,225
1242,217
1226,231
373,236
373,235
373,234
373,236
373,233
373,231
373,232
373,230
380,227
384,214
386,211
387,224
416,228
416,229
416,226
424,226
428,224
430,226
431,226
438,224
442,223
444,224
445,223
453,224
373,203
362,168
367,210
370,177
360,119
366,142
587,211
603,219
571,227
571,231
634,231
665,232
556,229
556,224
556,215
310,211
587,180
297,168
310,151
556,168
525,215
525,227
525,230
525,234
493,234
493,234
493,235
493,234
493,235
493,234
485,235
489,235
491,228
492,220
509,218
501,227
493,232
493,235
493,231
493,234
493,232
509,231
501,234
509,232
525,227
509,224
509,224
525,223
571,221
587,222
587,223
587,221
587,223
603,220
446,222
439,223
442,230
437,234
434,232
433,233
141,222
138,234
137,239
136,235
128,225
132,223
134,222
135,219
696,221
681,226
509,216
509,223
603,219
603,218
603,219
618,217
618,216
603,217
587,217
603,215
603,216
587,216
136,217
136,216
509,228
509,229
509,231
509,228
540,230
525,229
525,235
556,237
540,239
556,234
556,236
556,236
540,231
556,236
556,237
402,229
402,233
395,226
391,232
396,230
406,220
556,221
388,228
388,225
478,227
478,228
478,230
469,229
473,229
459,228
351,227
351,229
417,227
424,229
478,228
455,227
477,90
556,215
572,213
587,212
556,211
556,220
572,221
572,211
572,148
540,177
540,213
540,214
495,213
494,216
494,190
540,211
572,216
572,221
572,212
6105,122
6354,213
1553,221
1553,222
1507,223
5466,210
5434,158
5076,171
5403,211
5232,190
5419,215
5388,210
5123,219
5123,216
4982,214
5076,122
5201,190
31102,28
3240,28
64709,27
7105,21
60632,20
56797,20
21973,24
10194,24
10187,24
54394,26
10683,88
24429,188
121,64
3611,67
46,54
61,71
53,48
57,51
3034,145
2941,87
2754,109
2520,210
2457,190
2411,213
712,233
712,234
712,234
712,236
727,234
743,229
759,223
759,226
790,223
1772,222
1741,226
1725,225
1304,230
1429,232
1413,231
1398,227
1382,233
1382,230
1039,228
1351,234
1335,233
1335,236
1320,235
1304,227
1195,236
1195,235
1195,236
1195,236
1226,218
388,222
380,234
376,235
374,237
373,234
373,238
373,234
388,232
395,227
398,228
400,228
401,224
409,227
405,227
411,226
414,224
415,227
416,228
416,224
468,220
473,221
483,221
488,219
509,193
556,106
509,217
509,216
373,174
373,193
362,184
356,177
587,227
603,218
324,210
324,211
603,206
587,217
587,223
572,226
556,228
556,228
556,225
556,220
509,234
509,235
509,234
509,234
509,234
501,233
497,232
495,234
494,233
494,234
494,234
494,235
494,231
494,235
494,233
494,233
494,232
494,231
494,233
494,234
494,233
494,231
494,231
494,233
540,219
540,218
76,214
61,211
556,214
540,226
556,230
556,222
572,221
76,220
587,221
572,223
432,233
439,228
665,229
696,223
525,216
501,220
712,213
151,222
151,220
151,218
143,221
139,230
83,211
665,219
121,217
128,217
650,220
618,221
634,220
618,219
618,221
618,218
618,220
618,217
166,216
572,218
556,223
572,227
556,229
556,232
556,233
556,232
572,232
525,232
525,228
509,228
297,234
290,238
287,238
278,239
274,240
279,239
281,241
282,239
289,241
299,222
556,229
556,236
494,213
494,214
486,216
482,217
480,220
479,220
478,220
478,224
478,222
478,224
478,226
478,227
458,229
468,229
473,217
483,212
509,122
618,211
478,155
469,212
465,216
471,212
474,132
556,210
525,211
525,210
525,212
509,211
509,210
509,211
509,211
509,212
501,210
497,211
495,212
494,214
91,100
5793,142
5918,145
6105,100
6432,135
6370,215
6183,213
6105,216
6042,217
5996,214
5450,210
5419,168
7289,161
7180,193
7164,174
5388,217
5356,221
5341,212
6214,210
6167,193
6229,84
6868,158
6822,177
6790,168
3502,54
46,77
46,64
3097,77
3034,210
2863,87
2769,106
2520,203
2395,190
2395,215
2395,213
2239,211
712,235
727,233
727,232
743,230
759,221
759,226
805,221
1756,226
1741,226
1709,225
1678,226
1663,229
1413,230
1398,229
1382,233
1382,227
1039,221
1351,231
1335,233
1335,234
1320,234
1304,225
1289,235
1289,234
1195,237
1195,236
1226,218
388,227
380,231
376,236
374,236
373,236
373,236
373,232
373,237
373,235
399,228
401,228
402,225
402,227
402,227
402,225
409,225
413,226
415,226
423,226
420,225
426,226
483,220
488,216
509,177
509,177
509,219
525,214
373,203
380,174
365,206
369,210
371,200
372,151
634,206
337,210
587,210
587,217
587,224
572,227
572,229
556,227
556,226
556,217
572,212
311,200
509,233
509,234
501,235
497,232
495,236
494,234
494,234
494,235
494,234
494,233
494,235
494,237
493,233
493,233
493,233
493,232
493,233
493,233
493,232
493,232
493,231
493,232
493,234
493,235
76,212
68,212
541,218
541,228
556,224
556,219
91,220
572,219
572,224
572,221
556,220
587,223
665,231
696,216
509,220
493,217
190,216
170,219
153,221
152,217
144,225
140,233
138,235
137,233
61,217
76,217
634,221
650,218
618,221
634,220
618,220
634,218
243,214
250,218
243,214
243,216
556,224
556,227
556,234
556,231
541,232
541,232
541,232
525,228
509,229
509,230
509,231
525,229
277,238
267,240
268,239
269,239
276,240
280,241
288,233
541,222
556,232
556,238
556,232
403,230
491,217
484,217
481,219
479,219
478,222
478,223
478,225
478,225
478,225
478,229
478,229
478,231
482,214
509,177
790,210
618,210
461,197
461,214
461,212
461,148
469,96
572,214
587,213
572,213
525,210
525,210
509,212
509,210
509,210
525,210
509,211
501,211
497,213
495,215
556,193
556,210
6058,106
6214,106
6370,190
6354,215
6152,215
6089,215
6027,216
5964,214
5403,213
5061,212
5403,211
5388,210
7165,151
5403,220
5357,220
5372,126
6229,187
6167,171
6323,71
6868,203
6822,158
6791,148
4764,219
4733,221
16,61
3128,71
3034,158
2832,80
2785,116
2489,206
2395,210
2395,214
2395,213
2224,213
2224,214
2598,225
727,231
743,229
759,222
759,226
805,218
1756,226
1741,225
1709,227
1678,226
1663,226
1631,226
1616,227
1382,231
1366,225
1055,225
1351,231
1335,233
1320,234
1320,235
1289,225
1289,233
1289,235
1273,227
977,222
1226,218
388,224
380,233
376,235
374,237
373,238
373,236
373,235
373,234
373,234
373,232
373,233
401,227
401,226
409,227
413,226
415,226
416,222
416,227
416,225
416,225
424,226
428,225
430,226
509,174
525,193
509,218
509,216
373,193
362,164
356,210
353,210
352,161
362,174
367,145
556,138
587,211
587,220
572,225
572,228
556,230
556,228
556,226
556,218
556,211
297,206
572,168
284,168
497,233
495,234
494,234
494,233
494,233
494,232
486,233
490,235
492,235
493,235
493,235
493,233
492,232
492,231
492,230
492,231
492,233
492,231
492,233
492,231
492,232
492,233
492,229
509,232
540,219
556,228
556,224
46,220
53,222
571,218
571,220
571,224
587,223
587,226
587,225
603,218
525,220
501,217
136,216
143,223
139,219
137,218
136,227
136,234
128,234
132,228
126,226
123,225
649,221
634,217
634,221
618,219
634,217
618,217
618,215
618,214
243,216
587,216
257,216
243,217
556,230
556,232
556,235
556,232
556,232
509,229
509,228
509,231
509,229
525,229
525,228
525,232
277,238
280,241
281,239
289,238
299,226
540,227
556,236
556,239
556,227
388,232
395,232
391,228
481,220
479,223
478,221
478,225
478,223
478,225
478,226
478,228
469,230
465,232
471,233
417,224
774,210
603,210
461,211
446,214
453,212
457,164
475,132
540,214
571,212
587,214
556,215
556,222
509,210
509,211
509,210
509,211
501,211
497,212
495,214
494,213
525,197
556,211
571,221
571,215
6385,211
6354,212
6151,213
6089,216
6011,216
5980,211
5419,214
5060,212
5403,213
5356,203
5419,197
5419,217
5341,220
6245,145
6198,177
6182,193
6884,109
6853,193
6821,206
4795,174
4764,221
4733,221
4702,219
4686,219
15670,0
8506,13
19536,0
2365,12
65380,93
24733,43
11348,29
20238,94
3034,145
2831,87
2520,122
2504,210
2504,224
2442,226
24985,159
44896,84
7468,14
25061,60
57609,13
57865,207
57608,191
55816,200
58882,200
59650,200
758,223
774,223
821,215
1756,224
1725,225
1694,226
1678,226
1647,226
1631,228
1600,227
1585,227
1569,228
1366,219
1351,232
1335,233
1320,233
1320,235
1273,227
1288,234
1273,232
1273,226
977,221
977,220
1257,223
373,235
373,236
373,234
373,236
373,231
373,235
373,235
373,235
373,235
380,231
384,233
386,230
408,226
412,228
414,225
415,226
416,225
416,228
416,226
416,228
424,225
428,227
430,225
438,225
509,217
525,214
373,210
373,177
373,180
373,193
373,210
362,190
375,168
556,164
587,216
587,226
587,226
571,229
556,225
556,229
556,227
556,218
571,212
571,211
310,203
303,138
300,203
556,211
495,235
494,235
493,235
493,235
493,233
493,234
493,237
485,236
489,235
491,234
492,234
485,231
492,233
492,232
492,233
492,233
492,231
492,232
492,234
492,234
492,231
509,233
509,234
509,227
571,221
106,221
83,220
571,220
587,224
587,221
587,225
587,225
587,221
432,217
439,220
442,227
136,220
143,222
139,218
137,219
136,231
136,237
136,234
128,229
132,225
126,225
131,219
126,221
634,222
618,223
618,221
618,217
243,216
618,215
243,216
243,215
243,217
256,216
256,216
243,218
556,235
525,235
540,233
525,227
509,227
509,229
509,232
525,229
556,230
525,231
540,237
556,237
280,238
281,241
295,221
556,228
556,236
556,238
556,225
388,232
388,230
388,231
388,232
395,228
478,223
478,224
478,223
478,226
478,227
478,229
469,228
465,230
463,231
440,223
351,228
369,226
461,211
461,216
461,212
477,96
556,193
556,215
571,215
587,213
556,217
556,220
571,218
556,184
509,211
501,210
509,213
501,211
497,214
495,214
540,164
556,210
572,225
572,213
556,197
6354,200
6151,215
6073,215
5996,216
5996,200
5434,212
5060,212
5388,210
5169,211
5419,210
5419,217
5169,216
5107,217
6198,203
6183,210
6899,122
6853,187
6806,180
4795,190
4764,221
4717,222
4702,219
4686,220
4655,219
4624,219
2738,96
2473,168
2411,212
2395,214
2395,210
2224,218
2629,218
2567,224
2504,224
2426,226
2364,225
2317,225
821,215
1756,225
1725,224
1694,227
1678,227
1647,226
1631,226
1600,228
1585,228
1553,228
1538,228
1522,230
1335,234
1320,233
1320,233
1289,227
1289,234
1289,232
1289,220
977,223
977,219
1242,229
1242,229
961,220
373,236
373,235
373,233
373,234
373,234
373,235
373,231
373,234
380,233
384,231
386,222
394,164
414,225
415,228
416,229
416,225
424,225
428,223
430,227
431,225
439,226
443,224
445,224
446,221
373,180
373,171
373,210
373,177
373,206
373,184
373,155
556,168
603,216
572,225
572,231
618,226
556,229
556,229
556,226
556,221
572,213
310,187
317,206
313,197
298,203
572,211
525,222
525,230
494,235
494,231
486,235
490,233
492,232
493,235
485,235
489,233
491,234
492,231
509,219
509,216
493,232
493,233
493,231
493,231
493,233
493,231
493,232
509,232
509,234
509,228
509,224
509,224
91,219
572,222
587,222
587,223
587,224
587,222
587,222
447,217
439,223
435,227
433,233
440,232
136,218
136,221
136,229
136,236
136,236
136,230
136,226
121,226
128,218
132,218
696,223
696,215
618,220
603,218
618,219
618,219
618,214
603,218
618,216
216,215
603,217
216,215
153,217
587,216
556,233
525,229
509,227
509,229
509,230
525,229
556,228
525,234
540,236
556,240
556,235
556,236
299,222
540,226
556,235
556,241
556,223
388,232
388,227
380,229
384,232
400,226
572,223
388,223
478,225
478,225
478,225
478,228
478,230
469,231
465,230
373,222
362,227
375,226
432,226
446,226
469,211
61,119
556,211
572,214
743,213
587,213
556,221
556,220
572,215
572,148
540,138
556,211
501,213
497,213
495,214
509,212
540,211
572,214
572,220
572,211
587,106
6354,214
1553,217
1538,224
5980,215
5419,190
5403,187
5076,197
5388,211
5232,210
5419,213
5403,210
5123,217
5154,215
4982,213
5076,151
43222,28
27262,28
11159,28
64692,27
7122,21
64726,20
56798,20
29910,24
10194,24
1956,24
55914,87
24928,80
4546,214
31,61
3595,61
76,64
98,74
3346,61
91,54
3034,151
2987,100
2754,145
2520,210
2411,193
712,231
712,232
712,232
712,234
712,233
727,230
727,230
743,221
759,224
790,222
1756,220
1741,226
1460,218
1304,230
1429,231
1413,231
1413,227
1382,232
1382,229
1039,227
1351,230
1335,232
1335,233
1320,234
1211,236
1211,236
1195,234
1195,235
1195,238
1211,221
388,218
380,234
376,233
374,239
373,237
373,237
387,228
394,227
398,228
400,228
401,226
401,227
401,226
401,226
409,225
413,226
415,225
416,228
467,223
472,224
475,222
476,221
477,219
477,212
525,90
509,215
525,217
525,210
373,145
373,206
587,228
587,232
603,221
324,210
324,211
317,210
603,215
587,224
572,229
572,227
556,230
556,227
509,236
509,234
509,234
509,234
509,235
509,233
509,231
501,232
497,233
495,235
494,234
494,237
495,233
494,232
494,234
494,233
494,232
494,232
494,231
494,232
494,232
494,233
494,232
494,233
525,222
525,224
525,221
540,213
46,211
556,212
540,228
556,228
556,220
61,220
61,221
587,221
432,234
432,234
432,227
665,232
681,224
525,214
501,220
696,213
151,218
151,220
143,218
139,223
76,212
91,212
665,218
121,216
98,216
650,220
634,221
634,219
618,219
618,225
618,220
634,216
76,215
91,215
572,218
572,224
556,228
572,230
556,231
556,232
525,232
556,233
525,230
525,228
509,221
297,232
290,237
287,236
278,238
274,240
279,239
274,240
279,239
288,239
299,219
541,228
486,212
490,213
484,213
489,215
491,217
484,219
481,220
479,222
478,221
478,224
478,223
478,225
437,227
457,228
467,227
472,219
483,211
743,145
634,211
461,155
461,215
461,216
461,212
477,126
541,212
525,210
525,212
525,210
525,210
509,211
509,212
509,210
509,213
509,211
501,212
497,212
1569,200
31,74
5824,168
5949,113
6120,113
6401,138
6370,215
6167,215
6105,217
6042,216
5980,213
5450,211
3606,34
55125,28
27300,28
64936,27
60843,27
3252,21
60890,20
56796,20
18131,24
10177,24
18123,24
54372,26
6791,145
4780,220
4749,219
4718,220
4686,219
4655,219
4640,219
4609,218
4593,219
4562,219
4546,184
61,58
2224,211
2224,217
2598,224
2520,225
2458,225
2395,225
2333,225
2286,226
2239,224
728,230
712,232
712,235
1663,226
1647,227
1616,228
1600,229
1569,227
1554,227
1538,229
1507,229
1491,229
1491,218
1304,219
1304,227
1289,234
1289,229
961,219
977,222
1273,220
1242,231
1242,225
961,219
1226,231
1226,232
1211,234
1211,235
373,235
373,235
380,232
376,231
382,232
385,230
386,219
394,210
391,222
389,224
396,227
399,227
416,226
424,226
428,226
430,226
438,226
442,227
444,225
445,224
453,223
457,224
459,222
468,222
355,206
371,155
379,155
587,210
587,218
572,227
572,234
650,228
650,233
618,232
587,228
587,228
572,210
311,168
304,193
300,142
305,187
556,215
525,225
525,231
509,230
509,234
509,232
509,232
490,233
492,236
493,233
493,232
485,233
489,233
491,220
509,217
501,224
497,232
495,232
494,233
489,233
491,231
509,233
509,232
509,234
509,226
509,226
525,224
525,220
525,220
541,223
541,221
587,223
587,226
587,218
447,220
447,226
439,229
435,234
433,233
432,233
432,234
432,235
432,235
130,233
125,226
123,222
122,225
121,219
696,218
681,223
509,216
525,219
525,211
61,212
681,213
243,216
256,219
256,217
603,216
257,216
243,216
159,216
174,215
175,216
125,216
115,215
165,216
509,231
541,226
525,227
541,236
541,240
556,238
556,235
556,236
556,236
494,224
525,221
284,236
403,226
395,232
391,228
382,233
385,231
401,220
402,221
395,229
391,228
447,212
470,212
482,213
478,228
469,230
465,228
373,224
362,229
375,225
432,225
455,228
451,226
434,226
433,224
455,228
743,213
587,213
556,220
556,219
572,215
556,193
556,168
572,211
540,214
540,215
540,212
525,206
525,180
572,214
572,222
572,212
572,116
6354,214
1553,220
1538,222
1522,225
1538,226
1553,216
61,71
5372,215
5232,211
5419,213
5419,197
5138,218
5123,217
4982,213
5092,174
4795,193
5232,217
7351,126
7289,138
4749,219
4717,220
4686,219
4655,219
4624,218
4608,218
4577,220
4562,219
4546,212
151,38
128,61
3502,64
2598,223
2535,224
2457,225
2411,225
2333,225
2286,224
2239,224
727,225
712,230
712,232
712,233
712,234
1616,227
1600,228
1569,227
1553,227
1538,227
1507,228
1491,228
1491,218
1304,220
1304,228
1429,230
1413,230
977,220
961,220
1257,221
1242,231
1257,223
1242,220
1226,230
1211,233
1211,236
1211,237
1195,235
1195,236
373,233
373,232
380,232
384,228
393,214
397,211
392,224
390,227
389,226
395,228
398,227
400,228
428,225
430,225
438,226
442,226
444,225
452,223
456,223
458,224
468,222
473,222
475,222
484,220
447,132
587,215
572,223
572,226
587,229
650,232
634,234
618,231
587,229
587,229
618,218
310,210
310,187
310,193
556,210
525,220
525,229
525,233
509,233
509,234
501,231
509,234
509,233
509,235
493,234
493,236
485,235
489,229
509,220
501,219
489,229
491,235
492,233
493,234
493,233
493,231
509,233
509,234
509,231
525,226
525,225
525,224
525,224
525,222
525,223
525,222
540,219
556,211
603,219
432,220
439,222
443,230
437,232
434,233
433,233
432,232
432,234
432,236
432,225
665,232
121,225
128,223
132,219
696,220
696,224
509,219
525,219
76,211
76,211
665,213
650,219
106,217
253,220
255,215
216,216
209,217
226,216
151,217
197,215
220,215
270,217
216,217
556,219
556,222
525,230
540,232
540,238
556,236
556,237
556,237
556,235
525,225
509,220
284,237
284,240
277,239
384,225
378,232
390,231
403,220
540,220
388,227
395,228
413,212
494,213
494,213
494,214
494,215
462,226
373,224
362,228
417,226
432,226
446,228
446,226
439,228
435,227
456,227
467,225
472,217
556,221
572,219
572,213
556,174
540,142
556,214
540,214
556,215
540,211
540,187
525,211
525,211
572,221
572,212
6105,106
6354,213
1553,219
1538,225
1522,223
1538,227
1553,213
76,77
5777,164
5918,96
5419,215
5185,210
5123,218
5169,217
4967,213
4780,177
5216,190
5247,215
7336,161
7289,203
7164,187
7149,158
4686,219
4655,218
4624,219
4608,219
4593,218
4562,219
4546,210
61,71
3580,54
46,64
3393,58
189,42
2457,225
2395,224
2333,225
2270,225
2239,223
727,229
712,233
712,234
712,234
712,233
712,233
727,232
1569,225
1553,228
1538,228
1507,229
1491,228
1444,217
1304,220
1304,227
1429,229
1413,230
1398,226
1382,233
1273,220
1242,231
1257,222
1242,221
1226,232
1211,234
1211,233
1211,235
1195,235
1195,237
1195,237
1226,221
382,232
385,229
386,215
387,211
387,224
387,227
387,226
394,227
398,227
400,228
401,227
401,226
442,225
444,223
445,225
446,223
453,222
457,223
467,221
472,222
475,222
476,219
485,219
509,212
587,222
572,226
572,231
650,230
634,233
618,232
587,229
587,230
618,217
634,197
324,211
317,212
556,210
525,218
525,228
525,232
509,234
509,234
509,231
509,233
509,235
509,232
509,232
501,234
490,233
492,223
509,219
501,220
497,231
495,232
494,234
494,236
494,234
494,233
494,235
494,231
509,227
509,227
509,224
509,223
525,221
540,221
525,221
540,220
540,217
61,212
98,211
540,219
447,226
447,228
439,232
435,233
433,234
432,235
432,236
432,231
634,219
665,231
712,218
525,222
137,218
696,221
681,224
525,220
525,220
91,210
83,210
665,218
650,217
91,217
106,216
634,222
250,218
243,219
167,216
205,217
210,215
226,216
233,218
238,216
572,220
572,226
572,228
556,229
540,238
556,237
556,236
556,234
556,236
525,223
525,221
284,238
277,238
273,239
271,238
270,239
395,233
406,219
587,219
388,228
388,223
447,211
470,213
482,212
488,214
491,216
484,220
489,220
362,228
417,226
432,227
446,229
446,228
439,227
443,228
452,227
465,226
479,215
486,197
759,210
572,212
556,129
540,210
556,212
572,214
540,214
540,210
525,210
525,211
525,212
509,210
509,211
6120,184
6354,212
1569,221
1538,225
1522,225
1553,227
1569,190
121,80
5824,161
5996,113
6136,109
6385,180
5123,218
5185,218
4982,213
4780,210
5201,211
5247,214
7336,119
7289,168
7164,210
7180,145
5388,219
5356,220
4624,220
4608,218
4577,218
4562,220
4546,151
3642,71
3580,64
46,58
3439,54
61,38
3097,77
3034,148
2317,226
2270,226
2239,221
727,227
712,231
712,233
712,233
712,233
727,233
727,232
743,228
759,222
1522,229
1507,229
1491,230
1320,219
1304,228
1304,223
1429,232
1413,230
1398,229
1382,234
1382,222
1055,221
1257,220
1226,226
1226,234
1211,236
1211,235
1211,236
1195,234
1195,237
1195,235
1226,215
388,225
380,233
394,210
383,215
385,224
386,226
387,229
394,229
391,224
396,224
399,226
400,224
401,227
409,225
445,226
446,224
453,222
457,222
459,220
468,220
473,220
483,221
488,218
509,155
509,203
509,217
587,230
650,232
650,232
603,230
587,229
587,227
618,215
324,200
317,211
603,212
587,220
587,228
525,227
525,229
509,233
509,233
509,230
509,233
509,234
509,233
501,234
497,233
495,233
494,233
509,216
501,224
497,232
495,232
494,233
494,231
494,232
494,232
494,233
494,235
494,235
494,233
509,224
525,223
509,224
525,223
525,220
525,223
540,218
46,212
46,212
540,223
540,229
556,224
5676,14
6310,183
59393,179
59649,170
60161,173
60161,174
60161,175
59905,138
57858,153
58370,184
54786,238
57089,230
151,222
143,216
147,218
141,228
138,235
137,235
136,231
128,223
124,224
130,221
125,218
696,223
618,220
618,221
603,222
618,218
618,215
603,215
618,215
270,215
270,214
216,215
587,215
603,216
556,233
540,233
509,228
509,228
509,231
509,229
525,228
540,228
525,231
540,236
556,236
556,237
283,240
290,229
556,225
556,233
556,238
556,230
402,230
395,230
384,229
386,234
401,230
587,222
478,224
478,224
478,224
478,226
478,230
478,229
478,233
469,229
417,226
351,229
362,226
432,226
454,216
457,213
467,129
509,161
556,215
572,213
727,213
556,215
556,219
572,220
556,193
556,158
509,210
509,212
501,213
497,212
495,214
540,161
556,203
572,223
572,214
556,210
6354,164
1553,213
31630,23
18039,24
57965,24
53971,24
2005,24
7895,80
25422,162
11348,22
28942,80
6089,217
6011,216
5964,210
5092,211
4780,213
5216,213
5263,210
7336,145
7274,184
7164,210
5434,135
5388,221
5341,221
6245,168
6214,171
44229,18
40113,18
32220,18
24284,18
20188,18
12250,18
4313,18
219,18
7900,91
25429,5
11348,22
28942,91
2473,168
2380,212
2395,215
2380,212
2224,216
2629,217
2582,224
2504,223
2442,225
2364,224
2317,225
2255,227
1756,225
1725,225
1709,224
1678,226
1647,226
1631,226
1600,227
1585,226
1569,228
1538,227
1522,228
1507,229
1320,236
1304,236
1273,228
1289,235
1289,233
1289,220
961,223
977,221
1242,227
1242,228
961,220
1226,228
373,237
373,235
373,234
373,233
373,236
373,232
380,233
384,231
386,231
387,222
387,151
387,219
416,227
416,227
416,228
416,226
424,228
428,227
430,227
431,224
439,224
443,225
445,223
446,223
362,193
367,197
370,200
371,193
361,132
367,174
556,171
603,217
572,223
572,232
587,228
650,233
556,227
556,225
556,217
556,211
540,210
310,210
303,193
293,174
541,212
541,222
525,229
525,231
494,237
494,233
494,233
486,233
482,235
488,234
491,234
484,232
489,232
491,220
509,217
501,228
493,232
493,229
509,230
501,234
497,232
495,230
509,231
509,235
509,228
525,224
509,224
525,224
587,222
587,222
587,222
587,220
587,222
603,220
447,219
447,221
447,229
439,233
435,233
433,232
145,221
140,230
138,236
137,234
136,228
136,224
128,223
124,219
122,217
696,222
525,215
525,221
603,219
618,218
618,217
603,217
618,216
603,216
603,216
618,214
603,216
257,216
216,215
203,216
525,228
509,227
509,233
509,231
525,230
541,226
525,231
541,239
556,238
556,234
556,235
556,235
556,228
556,238
556,234
525,225
403,232
395,230
384,229
386,234
401,227
556,224
388,226
388,228
473,226
475,228
476,230
468,231
473,230
467,231
373,223
362,230
375,226
432,223
446,229
446,227
467,113
556,211
556,214
712,214
587,213
556,219
556,219
572,217
556,171
525,180
556,213
556,213
501,211
497,213
509,211
541,211
556,211
572,223
572,212
572,138
6354,213
1554,218
1538,221
1522,223
5481,210
5419,210
5061,211
5403,213
5216,210
5419,212
5435,211
5138,216
5154,216
4983,212
5092,155
4780,212
31121,28
15284,28
64958,27
3272,21
64725,20
56797,20
26072,24
14008,24
6098,24
923,27
13428,88
25527,27
106,61
3580,71
91,58
3440,61
3408,64
151,48
3065,119
3019,93
2832,116
2504,168
2458,180
2395,214
712,232
712,236
712,234
712,235
728,232
728,230
743,222
759,226
774,223
1772,218
1741,225
1725,225
1304,230
1429,227
1413,230
1413,228
1382,232
1382,233
1039,227
1351,227
1335,234
1335,236
1320,236
1320,232
1211,235
1195,235
1195,234
1195,237
1211,224
388,216
380,231
376,234
374,236
373,237
373,236
373,235
399,227
393,226
398,228
400,225
401,226
402,226
409,223
406,227
411,227
414,225
415,227
416,227
474,223
476,221
477,222
477,217
485,213
525,87
509,214
509,217
493,206
373,206
373,180
362,184
587,227
618,221
618,211
311,210
317,210
587,213
587,222
572,226
556,230
556,227
556,226
556,221
509,233
509,235
509,232
509,232
501,232
497,232
495,234
494,235
494,233
494,234
494,235
494,235
484,231
489,234
491,231
492,232
493,231
493,233
493,233
493,235
493,231
493,233
493,234
493,232
540,221
540,220
556,215
91,211
556,213
540,226
556,227
572,220
46,219
572,222
572,223
572,222
424,234
428,226
634,230
681,223
525,217
501,219
712,214
151,219
151,220
143,215
139,224
137,231
98,212
649,220
121,214
113,216
634,220
649,219
618,220
618,220
618,222
634,220
618,218
618,216
106,215
571,218
556,224
556,227
556,230
556,229
556,232
556,233
556,233
525,233
525,228
509,230
283,233
283,238
283,239
276,240
273,239
271,235
277,241
280,239
281,238
289,222
556,227
556,238
493,214
493,212
493,215
493,217
485,221
481,221
479,220
478,222
478,226
478,227
478,225
478,228
444,227
461,228
469,220
481,211
525,126
634,206
509,155
485,212
465,217
463,211
470,138
540,210
540,210
525,210
525,211
509,203
525,210
509,210
509,211
509,211
509,211
501,211
509,212
501,214
61,90
5777,100
61,96
6027,96
6198,103
6401,215
6198,212
6120,214
6042,216
5980,215
5465,193
5403,210
7305,148
7227,190
7164,177
5434,215
5372,222
5341,214
6229,187
6182,171
6182,135
6884,132
6837,177
6790,203
76,64
3408,77
3346,51
3159,93
3050,142
2847,80
2769,90
2520,210
2442,210
2395,214
2411,213
2395,177
712,234
712,232
727,233
743,228
758,220
758,226
790,219
1756,223
1740,227
1709,225
1694,225
1662,227
1413,232
1397,228
1382,231
1382,228
1055,225
1351,229
1335,235
1335,235
1320,235
1304,228
1288,233
1288,232
1195,236
1195,237
1226,217
388,224
380,232
376,236
374,237
373,235
373,236
373,235
373,233
373,233
400,226
401,225
401,227
401,224
401,225
409,226
413,226
415,226
416,227
416,221
416,225
424,226
483,221
488,216
509,145
525,210
509,217
509,215
373,168
373,180
362,184
356,168
364,206
368,187
337,200
330,210
320,212
587,220
587,226
587,227
571,228
556,226
571,223
556,218
297,212
571,187
509,234
509,234
501,232
497,234
495,234
494,233
493,233
493,235
493,237
493,236
493,233
493,235
492,234
492,233
492,232
492,232
492,235
492,232
492,234
492,231
492,232
492,233
492,232
492,232
31,211
46,210
540,216
540,229
556,226
571,221
46,221
571,221
571,220
587,222
587,221
587,223
665,232
696,218
540,220
478,218
712,216
136,221
143,221
139,216
137,226
136,232
128,236
132,231
121,217
113,216
634,222
634,222
634,220
618,221
634,220
618,218
634,218
257,216
618,217
216,216
556,224
556,227
556,229
556,230
556,233
556,235
556,231
525,231
525,230
509,227
509,231
509,231
283,238
276,238
273,240
271,238
277,239
280,239
288,238
556,219
556,230
556,237
556,235
402,224
58369,126
59137,136
59137,148
56577,44
57090,132
57601,132
58625,146
54017,237
54273,237
55041,237
54785,232
26679,100
478,230
478,227
373,225
362,228
382,225
446,225
446,229
446,228
439,226
435,225
448,228
463,227
587,211
556,220
571,220
571,213
556,142
556,164
556,213
556,216
540,214
540,211
525,210
556,177
571,213
571,221
571,212
6089,122
6354,214
1553,218
1538,223
1522,223
1538,227
1553,213
76,74
5808,145
5403,177
5419,216
5169,210
5123,219
5185,216
4982,214
4780,158
5200,200
5247,215
7336,168
7289,142
7211,187
4717,219
4686,218
4655,219
4624,218
4608,218
4577,218
4561,218
4561,168
3595,74
91,84
68,74
3361,67
2504,225
2442,225
2379,224
2317,226
2270,226
2239,221
727,228
712,234
712,231
712,236
712,235
712,233
1585,227
1569,226
1553,227
1522,227
1507,228
1491,230
1335,218
1304,229
1304,222
1429,231
1413,229
1397,227
977,219
1257,222
1242,229
961,219
1226,229
1210,234
1210,233
1210,235
1195,235
1195,236
1195,236
1179,230
384,231
386,230
387,224
402,197
395,215
391,224
389,229
395,228
398,227
400,228
401,224
401,227
431,226
438,228
442,223
444,224
452,223
449,224
455,222
466,220
472,222
475,221
484,220
488,216
587,214
571,225
571,230
587,228
649,234
634,233
587,230
587,230
587,224
603,213
324,210
330,210
303,158
556,211
525,222
525,229
525,232
525,231
509,233
509,233
509,233
509,233
509,234
509,234
493,234
493,234
509,222
509,215
501,223
489,233
491,234
492,232
492,232
492,235
492,231
492,231
509,233
509,230
509,226
509,222
525,225
525,225
525,220
525,221
525,218
540,215
106,213
98,212
432,219
432,226
439,231
435,230
433,234
432,232
432,235
432,234
432,232
665,224
665,232
696,216
129,221
140,220
696,223
681,218
509,221
525,218
106,211
113,210
665,217
649,218
76,215
649,218
250,218
76,217
257,216
216,217
226,218
233,217
192,217
257,217
230,215
571,218
556,226
571,228
540,236
540,239
556,236
556,235
556,234
556,234
478,224
509,218
283,238
283,240
276,241
273,241
387,235
394,231
556,219
571,220
388,230
388,225
410,212
493,213
493,214
493,215
493,216
485,219
351,227
362,225
417,228
424,228
478,225
462,226
439,228
458,226
468,228
473,225
475,216
484,171
571,219
571,211
556,177
556,187
556,213
540,214
571,215
540,210
525,206
525,210
525,211
509,206
556,212
6104,168
6354,212
1553,221
1538,222
1522,224
1553,228
1585,126
61,84
5855,106
5980,122
6151,109
5185,213
5123,220
5185,219
4967,210
4780,213
5216,213
5247,212
7305,122
7258,142
7180,187
7180,187
5387,221
4655,219
4624,220
4608,218
4577,218
4561,218
61,93
3611,84
76,61
3517,51
106,84
76,71
3081,103
2364,225
2317,225
2255,225
727,217
727,230
712,235
712,237
712,232
712,235
712,233
727,233
743,224
1538,228
1522,228
1507,230
1491,229
1320,218
1304,229
1413,221
1413,232
1413,227
1397,231
1382,231
1039,222
1242,227
961,218
1226,229
1226,235
1210,234
1210,235
1195,235
1195,234
1195,238
1195,228
1242,215
373,231
387,224
387,145
387,218
387,226
387,229
394,228
398,228
400,226
401,226
401,227
401,226
401,226
444,227
445,223
445,223
453,223
457,222
467,221
472,219
475,221
484,221
488,216
525,129
509,184
571,230
587,231
649,232
634,234
603,229
587,228
587,226
618,214
324,210
324,210
587,212
587,218
525,220
525,228
509,232
509,235
509,233
509,234
509,233
509,234
509,234
509,234
501,234
497,233
489,224
509,214
501,224
497,230
495,233
494,232
493,233
493,234
493,232
493,232
493,232
493,231
509,227
525,225
509,224
525,221
525,222
525,220
525,222
540,217
76,212
83,212
556,222
540,227
439,232
435,233
433,236
432,234
432,235
432,232
432,231
649,223
681,232
712,216
525,219
501,218
696,224
681,219
509,219
525,219
76,211
83,210
665,218
76,216
91,217
665,219
634,220
634,220
76,214
83,216
587,216
230,215
175,215
133,216
587,214
556,220
556,224
556,232
556,232
556,234
556,236
556,236
556,236
556,234
461,224
283,217
290,237
286,240
278,241
274,238
272,239
277,240
556,222
402,220
395,229
398,219
461,211
477,214
485,213
489,214
491,216
484,218
481,222
479,221
41277,1
43235,1
47845,1
46562,1
45798,1
49123,1
50916,1
53985,1
55521,1
58068,1
27274,2
15297,2
461,210
461,216
461,213
469,109
540,135
540,215
571,214
587,215
556,219
556,222
571,218
556,177
509,212
501,211
497,211
495,212
494,213
494,213
525,148
556,211
572,223
572,214
572,180
6354,210
6136,215
6058,215
5996,216
5434,206
5419,212
5060,212
5388,214
5232,212
5419,211
5419,215
5154,216
5138,217
6229,155
6167,193
6884,129
6822,155
6790,197
4780,214
4749,219
4733,221
4702,220
4671,220
4640,218
4608,218
2551,193
2426,200
2395,213
2395,213
2364,211
2224,220
2629,224
2551,226
2473,225
2411,226
2348,226
2302,225
1772,217
1741,226
1725,226
1694,225
1663,225
1647,227
1616,227
1600,225
1585,227
1554,227
1538,229
1522,229
1335,234
1320,235
1304,232
1304,234
1289,236
1273,229
977,220
977,221
1273,221
1242,230
1258,226
961,220
373,236
373,235
373,236
373,236
373,237
373,232
373,231
373,232
373,232
373,231
380,218
447,116
415,227
416,228
416,225
416,224
416,223
416,226
424,227
428,225
437,226
442,225
444,225
445,224
64986,1
26580,132
25957,206
11348,27
45838,132
373,210
373,203
373,184
373,193
373,142
373,184
373,138
650,235
634,232
603,229
587,227
603,224
618,212
311,211
317,200
587,213
587,221
572,227
572,228
525,230
525,230
509,234
509,233
509,235
509,233
509,234
509,236
501,234
497,235
495,236
494,234
501,224
497,233
495,235
494,233
494,233
494,233
494,232
494,232
494,230
494,232
494,232
494,233
525,224
525,221
525,220
525,219
541,218
556,215
76,210
68,214
525,224
541,227
572,221
91,221
432,234
432,235
432,236
432,231
432,232
634,229
681,229
509,214
493,220
728,213
151,219
143,221
525,220
525,214
46,211
83,212
650,221
106,216
106,216
650,221
634,221
618,219
618,221
618,222
121,217
113,216
109,215
107,215
587,217
556,220
556,226
556,232
556,232
556,231
525,232
541,231
556,235
541,233
478,223
297,226
290,240
280,240
275,241
272,240
271,238
270,238
277,236
287,240
395,233
406,214
494,212
494,214
494,215
494,215
494,218
486,219
482,219
480,221
479,222
478,223
461,226
446,228
439,226
450,228
464,227
471,220
482,211
790,122
618,148
587,180
461,212
461,215
556,214
556,216
525,213
541,190
525,210
525,211
509,210
509,211
509,212
509,211
509,211
509,211
1522,224
1538,228
1553,217
189,64
5824,138
5886,135
6058,129
31,96
6370,216
6198,212
6120,215
6042,214
3611,129
44116,18
28882,20
47064,28
27262,28
3227,28
64676,27
15016,21
64726,20
60637,20
26071,24
13995,24
6868,158
6837,164
6821,174
4780,214
4748,220
4717,220
4702,219
4671,219
4639,219
4608,218
4593,219
4577,220
2395,215
2395,214
2411,203
2224,220
2613,222
2551,225
2473,225
2411,226
2348,226
2301,225
2255,225
727,223
1725,228
1694,226
1662,226
1647,227
1616,226
1600,227
1585,227
1553,228
1538,228
1522,227
1507,230
1491,224
1320,231
1304,230
1288,234
1288,230
1288,219
961,221
977,219
1242,229
1242,231
945,219
1226,229
1226,234
373,235
373,235
373,237
373,233
373,234
373,233
380,233
376,229
382,223
392,148
390,220
389,226
416,225
416,227
424,225
428,227
430,224
431,227
431,224
438,225
442,223
444,224
445,224
453,221
373,210
362,203
367,206
370,148
371,184
556,190
603,217
571,226
571,229
587,226
649,233
634,235
556,225
571,217
571,212
324,180
324,200
317,180
307,177
556,213
540,223
525,230
525,230
525,232
493,236
485,234
489,236
491,235
492,233
485,235
489,235
491,232
492,218
525,216
509,225
501,233
501,232
497,233
495,235
494,233
493,233
509,233
509,235
509,228
509,223
525,223
525,228
525,222
571,220
587,221
587,221
587,223
556,221
432,221
432,223
439,227
442,232
429,232
423,231
427,235
138,230
137,235
136,234
136,227
136,224
128,225
132,219
696,216
696,224
525,216
525,219
509,212
603,217
618,216
216,215
226,216
233,217
618,216
189,214
257,217
618,215
91,216
91,216
98,216
509,227
509,229
509,231
540,230
525,227
525,236
556,240
556,236
556,235
556,236
556,238
525,228
556,236
556,236
417,223
402,232
395,231
384,232
386,232
401,223
556,220
388,228
388,231
446,213
478,228
478,229
478,230
469,230
465,227
388,222
369,230
378,225
446,228
462,228
461,225
446,229
556,211
571,213
587,214
587,213
556,219
556,222
556,215
571,187
556,142
540,213
556,216
540,216
501,214
497,190
525,155
556,212
571,220
556,210
6073,103
6354,213
1569,219
1538,222
1522,222
1538,226
14929,21
54459,19
64699,20
7124,21
11198,21
15061,21
4818,20
4826,20
30425,19
982,20
20638,20
32692,20
7351,177
7289,193
7164,190
7180,164
5403,215
5356,220
5356,213
6245,184
6182,190
6182,100
6884,180
6837,206
61,71
68,67
3455,58
3315,45
3159,61
3034,161
2925,87
2738,132
2520,211
2473,193
2395,214
2411,212
712,234
712,234
712,234
727,232
727,232
743,221
758,227
774,222
1772,218
1740,225
1725,227
1694,226
1444,223
1429,230
1413,227
1397,230
1382,232
1039,225
1351,225
1335,233
1335,235
1320,233
1304,233
1304,229
1195,234
1195,236
1195,237
1195,229
1257,214
373,230
373,233
373,236
373,237
373,238
373,234
373,235
388,228
395,227
398,227
400,226
401,226
401,228
401,227
409,227
413,225
415,226
416,225
416,226
473,222
475,221
484,222
488,214
324,96
509,212
509,217
509,212
388,200
380,197
365,210
369,203
603,225
618,213
310,210
310,210
603,212
587,221
571,224
571,228
571,229
556,228
571,221
556,215
509,234
501,232
497,233
495,232
494,235
493,233
493,233
493,234
493,235
493,233
485,233
489,236
493,233
493,231
493,236
493,233
493,232
493,235
493,232
493,229
493,230
493,232
509,234
501,232
540,220
556,213
46,211
76,213
540,226
556,226
571,222
106,219
571,220
587,220
587,222
587,223
432,227
649,230
696,222
525,218
501,219
727,213
136,220
136,222
136,217
136,224
136,233
136,237
649,217
106,215
106,216
634,220
634,220
634,218
618,220
634,222
634,218
634,217
618,216
257,217
571,218
556,223
556,226
556,230
556,233
556,231
556,235
556,234
525,229
509,227
509,229
509,232
283,237
276,240
273,238
271,237
277,241
280,238
281,239
289,238
525,220
556,231
556,236
556,235
493,215
493,216
493,217
485,219
481,222
479,221
478,226
478,223
478,226
469,225
473,229
475,229
468,225
480,218
486,210
743,145
618,206
478,161
469,213
457,214
467,203
480,90
556,212
587,213
525,211
525,212
525,211
509,210
509,211
509,210
509,212
501,212
497,211
495,211
494,214
509,206
5793,129
5933,109
6120,109
6385,138
6369,216
6182,215
6104,215
6042,217
5980,213
5434,210
5419,174
5450,142
7180,193
7149,168
5387,217
5356,220
5341,212
6229,200
6167,193
6182,77
6868,177
6837,177
6790,171
4764,218
3377,67
76,48
46,61
3050,138
2909,96
2753,122
2520,210
2411,210
2395,214
2395,212
2395,210
2224,218
712,234
727,234
743,230
758,222
758,227
790,221
1772,220
1740,226
1725,226
1694,226
1662,227
1647,227
1397,225
1382,230
1382,231
1039,230
1351,227
1335,233
1335,234
1320,234
1304,232
1288,233
1288,234
1273,231
1195,238
1210,223
388,216
380,229
376,233
374,240
373,238
373,236
373,233
373,234
373,235
373,236
401,228
401,225
409,228
413,226
415,227
416,225
416,226
416,228
416,227
416,226
424,226
428,226
483,219
488,211
76,87
509,215
509,215
525,211
373,174
373,200
362,210
367,203
370,177
371,142
317,193
327,210
587,217
587,223
572,226
572,229
572,227
556,228
556,221
556,214
297,211
297,190
509,233
501,233
497,235
495,232
494,234
494,234
494,234
494,235
494,232
486,234
490,234
484,234
493,233
493,234
493,233
493,233
493,232
493,235
493,233
493,233
493,235
509,232
501,232
497,234
76,213
540,217
540,227
556,226
556,220
61,220
572,220
572,222
587,221
587,223
587,225
587,223
696,219
525,219
461,217
727,215
136,220
136,219
136,216
143,226
139,233
137,236
129,232
125,229
83,216
634,221
618,221
634,221
618,221
618,218
634,218
634,217
230,217
223,215
234,216
239,217
556,230
572,229
556,235
556,232
525,232
540,233
525,230
525,226
509,230
509,231
525,230
525,229
273,240
271,240
277,238
280,238
282,241
289,228
556,223
556,233
556,237
572,233
402,229
402,232
486,217
482,220
480,221
479,223
478,224
478,225
478,225
478,226
478,228
478,230
478,230
469,231
509,148
774,193
587,193
478,210
469,214
465,213
76,119
525,93
556,215
587,213
587,214
587,215
525,211
509,203
509,210
525,210
509,210
509,211
509,212
493,212
493,214
525,168
540,187
572,219
49501,78
26319,128
11348,23
4878,79
6120,100
6385,200
6354,215
6151,217
6089,215
6011,215
5980,212
5419,212
5403,217
5169,213
5123,219
5185,217
4982,213
4780,211
5216,212
5247,214
7320,155
7274,164
7164,210
7196,174
4686,219
4655,220
4624,217
4608,220
4577,219
4562,220
4562,109
3611,96
61,80
91,64
121,61
148,48
41572,10
51329,9
27582,9
23493,9
19671,9
45268,8
45267,8
9942,10
51425,9
19938,97
26332,234
11348,23
743,229
759,223
759,227
805,220
1772,223
1741,227
1709,225
1678,227
1663,226
1631,225
1616,226
1585,225
1382,227
1055,225
1351,232
1335,233
1335,234
1320,234
1304,228
1304,234
1289,234
1273,228
977,220
961,219
388,220
380,233
376,235
374,239
373,236
373,234
373,234
373,233
373,236
373,234
373,233
380,233
401,224
401,229
401,227
409,226
413,226
415,227
416,225
416,227
416,227
424,226
428,225
430,227
525,96
509,216
525,217
509,210
373,210
373,210
373,210
373,210
373,158
362,161
367,122
587,213
587,217
587,223
572,228
572,228
572,228
556,226
556,223
556,214
297,211
297,168
297,180
303,164
501,235
497,233
495,232
494,233
494,235
494,234
494,236
494,235
494,234
486,235
490,234
492,235
493,231
493,235
493,233
493,233
493,229
493,230
493,232
493,235
493,233
493,234
493,231
509,233
540,228
556,224
572,219
46,223
587,222
572,222
572,222
572,223
587,226
587,225
587,218
447,218
501,219
712,214
151,220
143,222
139,216
145,224
140,231
130,236
125,233
123,226
129,223
132,221
650,220
634,221
618,219
618,222
603,220
634,218
618,217
603,215
603,216
230,215
250,217
603,215
556,230
556,232
556,235
556,233
525,228
509,226
509,231
509,230
509,228
540,231
525,229
540,235
277,239
280,238
288,238
292,234
556,223
556,233
556,239
556,234
402,227
395,232
391,228
389,230
480,221
479,222
478,224
478,224
478,223
478,226
478,228
478,231
478,231
478,231
462,227
373,228
618,210
478,210
462,214
461,213
469,177
61,113
556,215
587,214
587,214
572,211
556,222
572,222
501,211
509,211
493,206
493,211
509,212
501,212
497,214
525,193
540,206
556,219
572,216
572,212
6354,215
6167,214
6089,215
6027,214
5980,211
5434,211
5076,212
5403,210
5185,174
5544,151
5419,217
5169,214
5357,148
6214,180
6183,193
46,74
6853,180
6837,210
6775,142
4764,219
4733,220
4718,221
4686,218
4655,219
5420,14
24231,31
26379,163
24586,185
53769,107
53769,91
55049,107
54281,176
54280,191
54792,22
57610,216
57353,138
2333,226
2271,225
2239,224
728,229
712,232
712,231
712,235
712,234
712,234
728,231
728,228
759,220
1538,228
1507,228
1491,229
1335,218
1304,221
1304,226
1413,230
1413,229
1398,228
1382,232
1367,227
1039,225
1258,224
1242,221
1226,230
1226,232
1211,234
1211,235
1195,234
1195,237
1195,238
1226,221
388,221
380,233
394,214
383,211
385,224
386,224
387,229
387,228
395,229
399,229
401,227
402,228
402,226
409,224
445,226
446,223
446,223
453,222
465,222
471,222
474,223
476,221
485,221
489,211
556,96
509,215
572,231
650,229
650,234
618,233
587,229
587,228
603,220
634,210
324,210
324,211
587,218
587,221
525,226
525,232
509,231
525,233
509,234
509,237
509,234
509,234
509,232
501,233
497,233
495,231
509,219
509,220
501,229
497,232
495,234
494,235
494,231
494,233
494,232
494,234
494,232
494,232
509,225
525,223
509,223
525,222
525,223
541,220
541,219
46,213
38,210
541,213
541,228
556,225
447,234
439,235
435,236
433,234
432,234
432,234
432,224
665,231
696,219
525,218
501,217
151,214
696,223
509,219
525,220
525,212
76,212
91,212
650,217
91,217
98,216
634,222
634,222
618,220
587,214
106,217
128,215
587,214
216,216
270,215
572,221
572,224
556,228
556,231
556,230
556,235
556,233
556,238
556,235
509,223
509,218
284,237
284,239
284,238
277,238
273,239
278,238
281,241
417,221
402,226
402,221
461,212
477,213
485,214
489,214
483,216
480,218
479,221
486,221
482,222
431,227
454,229
443,228
437,227
457,228
459,229
468,223
473,213
483,145
587,161
618,168
478,210
556,210
556,215
556,214
540,213
525,210
525,211
525,211
525,210
509,206
509,184
509,212
509,211
5676,14
19619,17
57094,242
57349,242
57605,17
57094,121
21504,76
21504,207
27158,170
26391,38
30488,241
55064,194
6073,215
5995,217
5949,203
5403,212
5060,213
5403,212
5232,211
5434,211
5403,214
5169,217
5123,219
5200,212
24788,20
40664,20
31114,28
19076,28
64667,27
15051,21
64722,20
56798,20
26076,24
14027,24
29112,87
26525,243
4577,219
4546,216
46,48
3611,77
3533,64
76,51
91,58
61,48
3096,113
3050,129
2785,100
2520,161
2488,226
2426,225
2364,227
2301,225
2255,225
25237,165
50279,84
5676,14
25320,215
56066,200
58882,200
59650,200
1756,226
1725,224
1694,228
1678,227
1647,227
1631,226
1600,227
1585,228
1553,228
1538,228
1522,228
1507,230
1320,233
1320,234
1304,228
1288,234
1288,234
1288,220
961,221
977,221
1257,229
1242,232
1257,220
1226,225
373,237
373,236
373,232
373,235
373,232
373,233
373,232
380,232
384,229
386,224
409,193
398,215
416,226
416,226
416,226
416,223
424,226
428,224
430,224
438,225
442,226
444,226
445,223
453,224
388,206
380,210
376,184
374,193
362,151
356,161
556,129
587,215
587,223
571,227
571,229
649,235
556,229
556,226
556,221
556,214
556,193
283,174
290,210
300,148
305,193
540,217
525,228
525,230
493,234
493,232
493,235
485,234
489,236
491,234
492,234
485,237
481,234
487,228
509,216
509,219
493,232
493,231
493,234
493,234
509,231
501,233
497,232
495,232
509,229
509,226
509,227
525,226
587,220
571,222
587,222
587,223
587,223
603,224
603,216
417,221
431,223
431,230
431,236
431,237
139,217
137,230
136,236
128,238
124,233
122,225
121,224
128,219
132,219
696,221
681,219
509,220
618,216
618,216
618,216
618,217
106,215
257,216
263,216
203,214
257,216
257,214
203,216
154,215
525,229
525,226
509,228
509,228
525,229
540,229
540,232
540,238
556,237
556,233
556,233
556,234
540,229
556,236
556,239
556,224
388,228
388,231
380,231
384,231
400,229
540,221
388,225
388,231
478,225
478,227
478,230
478,228
478,231
469,233
417,222
351,227
369,224
393,228
461,227
461,228
57857,202
58625,203
57089,212
55809,217
54273,253
27137,6
48643,75
48642,205
54017,205
54785,213
54017,187
62017,103
540,214
540,213
509,210
525,210
525,213
525,210
509,210
509,211
509,211
509,212
509,211
501,212
1522,227
1553,220
76,93
5793,119
5917,96
6104,90
6479,96
6369,214
6198,210
6136,217
6073,215
5995,215
3602,212
24660,20
47063,28
35175,28
7060,28
64680,27
15058,21
64723,20
56798,20
26074,24
18117,24
6056,24
6853,180
6790,197
4780,212
4764,220
4717,220
4702,221
4671,219
4655,218
4624,220
4593,219
4577,218
4561,219
2395,214
2395,210
2192,218
2629,220
2566,225
2488,223
2426,224
2364,226
2301,226
2255,225
727,221
727,231
1709,226
1678,226
1647,227
1631,227
1600,227
1585,227
1569,228
1538,228
1522,228
1507,228
1491,229
1320,219
1304,227
1288,233
1288,233
1288,222
961,222
977,220
1257,229
1242,231
1257,221
1226,225
1226,234
1210,237
373,234
373,233
373,235
373,232
380,233
384,229
386,233
387,222
402,200
395,218
398,226
393,228
416,226
424,225
428,224
430,225
431,227
438,226
442,227
444,225
445,224
453,223
457,222
459,220
364,210
357,200
354,138
363,161
556,151
603,217
571,223
571,230
587,227
649,234
634,236
603,231
556,216
297,211
297,210
556,164
310,187
303,168
556,213
525,224
525,232
525,231
525,233
509,233
493,236
493,235
493,233
493,235
485,235
489,235
483,233
488,222
509,215
509,223
493,231
493,235
493,233
493,235
493,230
493,233
509,231
509,233
509,230
509,226
509,224
509,226
540,219
525,221
587,222
587,223
587,222
587,222
446,218
446,221
446,224
446,234
439,234
435,232
433,234
432,235
142,235
139,234
137,231
136,223
128,225
132,219
119,218
681,222
696,217
509,219
509,216
501,210
257,216
257,217
257,216
243,218
243,217
229,217
236,218
233,216
238,217
172,217
270,215
189,215
509,230
509,231
525,230
556,227
525,232
540,238
540,237
556,237
556,236
556,234
556,232
446,226
556,237
540,227
388,231
388,228
388,230
388,234
402,230
571,223
388,223
388,232
395,217
493,213
478,227
478,229
478,231
478,230
462,225
351,227
362,229
417,228
431,229
446,229
439,226
435,227
556,215
587,214
587,213
571,216
556,223
571,219
556,210
571,155
540,193
540,213
540,215
540,215
493,214
587,164
540,210
571,221
571,214
571,174
6338,171
1569,213
1553,223
1538,222
1522,227
1553,223
53973,24
63701,23
47575,23
31703,23
23000,21
7118,21
24533,81
26720,235
11348,25
44814,81
5060,212
5387,212
7320,145
7258,164
7164,210
5434,193
5387,220
5341,218
6260,193
6214,148
6198,145
6884,113
6821,184
6806,203
3580,51
76,67
3377,71
31,48
3050,103
3018,109
2769,106
2566,145
2520,187
2395,213
2395,213
2395,210
712,231
712,232
727,234
727,233
743,226
758,227
774,224
1772,212
1756,226
1725,225
1694,226
1678,226
1429,232
1413,227
1397,230
1382,233
1039,218
1366,221
1351,233
1335,234
1320,235
1320,235
1304,227
1288,236
1195,238
1195,236
1195,233
1226,218
373,228
373,232
373,235
373,235
373,237
373,236
373,234
373,235
397,228
399,229
400,227
401,226
401,225
401,226
409,227
413,227
415,225
416,226
416,226
416,226
473,221
483,221
488,214
525,132
509,211
509,217
525,214
373,206
362,206
356,206
364,174
368,180
618,213
337,174
323,203
323,212
587,221
571,224
587,229
556,230
556,228
556,228
556,216
297,212
509,233
509,233
501,235
497,234
509,233
501,234
497,234
495,234
494,234
493,233
485,235
489,234
492,233
492,234
492,232
492,233
492,232
492,232
492,231
492,232
492,230
492,231
509,232
509,233
540,218
61,211
571,210
540,221
556,227
556,223
587,219
46,222
571,221
587,222
587,225
571,223
634,222
665,232
712,214
525,220
501,216
727,218
136,220
143,220
139,219
145,230
140,232
138,232
665,217
76,216
634,217
634,220
649,218
634,221
618,224
618,219
634,216
618,215
243,215
229,217
571,222
556,228
556,229
556,230
556,231
556,232
525,233
525,234
525,228
509,230
509,231
509,231
280,238
275,238
272,238
271,237
277,239
280,239
288,240
299,226
556,226
556,236
556,238
525,223
493,216
493,218
485,217
481,219
479,223
478,224
478,224
478,225
478,225
478,228
478,230
478,231
468,221
480,211
540,106
603,200
556,187
461,212
461,216
461,212
477,129
556,168
556,215
587,213
525,211
509,203
509,211
509,210
509,211
509,214
509,211
509,211
509,213
501,212
497,211
509,206
5902,116
6011,90
6198,113
6369,216
6182,212
6120,213
6042,215
5995,215
5481,193
5403,211
5076,211
5372,214
7149,161
5434,215
5372,220
5341,216
6229,193
6198,184
6182,122
6868,184
6837,168
6790,210
4780,215
4748,220
106,51
83,64
3050,126
2987,71
2800,135
2520,177
2442,177
2395,214
2395,213
2379,210
2208,219
2613,224
727,232
743,230
743,222
758,224
790,223
1772,218
1740,226
1725,227
1694,226
1662,227
1647,228
1616,227
1397,232
1382,231
1039,225
1351,228
1335,232
1335,233
1320,234
1304,233
1304,230
1289,236
1289,232
1273,221
1195,227
1226,216
373,230
373,234
373,236
373,239
373,238
373,234
373,234
373,235
373,234
373,233
401,224
401,224
401,225
409,226
413,228
415,226
416,226
416,227
416,226
416,225
424,226
428,227
489,215
310,113
509,211
509,217
525,213
373,190
373,197
373,180
373,200
373,193
387,148
380,155
330,210
587,213
587,222
572,227
572,229
572,229
556,229
556,226
556,218
310,211
310,197
303,168
501,233
497,233
495,233
494,234
494,235
494,235
494,237
494,233
486,233
490,235
492,235
493,235
493,230
493,231
493,232
493,233
493,235
493,230
493,230
493,231
493,233
509,232
501,235
497,233
46,213
541,221
541,229
556,223
572,220
46,220
572,221
572,221
587,223
587,223
587,224
587,223
712,215
494,220
486,216
151,216
151,221
143,217
139,216
137,229
136,236
136,233
136,233
128,224
650,218
634,222
634,217
634,220
618,222
618,219
618,218
603,217
618,215
270,214
243,216
250,217
556,229
556,231
556,234
556,231
525,235
525,230
525,229
509,228
509,231
509,230
525,230
556,231
274,238
279,237
281,240
275,239
279,239
288,226
556,227
556,235
556,237
556,227
388,230
388,227
480,219
479,219
478,221
478,221
478,223
478,226
478,225
478,226
478,226
478,230
469,229
473,228
712,142
618,210
461,174
461,213
461,216
469,211
481,93
556,211
556,214
587,214
587,213
556,220
509,206
509,210
509,211
509,211
509,210
501,211
497,211
495,214
494,210
541,190
572,214
556,222
55655,23
57210,78
26918,170
11348,18
15886,79
6198,90
6370,216
6183,213
6120,216
6042,216
5996,216
5450,211
5419,200
5123,218
5138,216
4983,213
5123,171
4796,180
5232,216
7352,142
7305,193
7180,168
7165,174
5403,215
4655,219
4640,218
4609,218
4593,219
4577,218
4546,213
76,58
3564,58
121,48
91,64
68,61
3081,61
2395,225
2349,225
2286,224
2239,223
728,228
712,230
712,233
712,232
712,234
712,231
728,231
743,230
1554,226
1538,228
1522,228
1491,229
1491,218
1304,220
1304,228
1429,233
1413,228
1398,229
1382,231
1382,233
1242,232
1242,225
1242,220
1226,232
1211,234
1211,234
1211,236
1195,235
1195,236
1195,238
1211,221
388,219
384,227
393,217
405,148
396,223
392,227
390,227
396,227
399,227
401,226
402,228
402,224
402,225
442,226
444,225
445,224
453,225
457,223
459,222
468,221
473,222
475,220
484,217
489,213
509,90
572,225
572,230
634,228
650,234
618,234
587,230
572,229
603,224
603,212
311,210
311,210
587,215
541,215
525,225
525,231
525,232
509,234
509,233
509,233
509,235
509,232
509,233
501,232
509,232
493,229
493,220
509,216
501,230
497,234
495,234
494,234
494,233
486,235
482,233
488,233
491,234
509,226
509,225
509,225
525,223
525,222
525,221
525,219
541,219
106,214
83,211
94,211
541,224
56578,75
56578,60
56066,60
56834,60
56578,75
57090,75
57090,75
58114,75
56834,191
56321,191
56833,149
25367,105
493,213
176,217
156,219
153,218
152,224
144,230
140,236
138,234
129,229
125,226
123,226
129,220
634,218
634,223
618,223
618,220
634,218
618,219
603,218
618,217
618,216
243,215
603,215
603,214
556,230
556,234
525,233
525,234
525,230
509,229
509,229
509,231
525,230
525,227
525,233
540,240
281,239
282,237
283,239
303,221
556,231
556,238
556,239
417,222
402,232
395,229
391,233
389,232
478,221
478,222
478,226
478,224
478,225
478,227
478,228
478,230
478,229
469,230
351,223
351,230
478,155
469,214
465,215
463,210
470,122
572,212
556,213
712,214
587,213
556,222
572,221
556,211
509,211
509,210
509,211
509,212
501,212
497,214
509,210
525,210
572,216
572,219
572,213
6105,155
6167,216
6089,215
6027,216
5980,213
5434,212
5076,193
5403,164
5372,210
5388,203
5419,218
5185,211
5123,219
6214,197
6183,190
6183,80
6868,145
6822,177
6790,193
4780,218
4749,220
4717,219
4686,219
4655,219
4624,218
11348,23
57614,94
2754,122
2504,190
2426,210
2395,214
2395,213
2208,190
2224,216
2598,224
2520,225
2457,224
2286,224
2239,223
727,229
712,231
712,233
712,234
712,234
727,232
727,233
727,230
759,224
774,224
1507,229
1491,228
1491,220
1304,220
1304,230
1429,231
1413,231
1397,229
1382,232
1382,231
1055,226
1351,231
1242,219
1226,230
1226,233
1210,234
1210,238
1195,236
1195,237
1195,235
1226,220
388,220
380,232
376,234
394,206
391,223
389,226
388,226
395,227
398,226
400,225
401,226
401,226
401,226
401,224
401,224
452,222
456,222
458,221
459,223
468,221
473,220
475,223
484,220
488,210
525,109
509,215
525,215
649,229
649,236
618,233
587,232
587,232
603,219
618,211
310,210
310,210
587,216
587,222
571,227
525,231
525,232
509,231
509,234
509,233
509,233
509,234
509,235
509,235
501,232
497,234
495,235
509,217
501,230
497,234
495,234
494,233
493,233
493,234
493,231
493,232
493,230
493,233
493,232
525,222
525,224
525,223
525,222
525,221
540,219
556,215
91,210
556,213
556,225
556,228
556,223
435,236
433,234
432,237
432,234
432,234
432,226
665,231
681,219
540,220
478,219
189,215
170,222
509,218
524,222
508,210
91,211
665,213
649,220
136,216
121,216
633,220
633,219
633,220
618,221
602,216
121,215
113,215
117,214
104,215
571,218
556,224
556,230
556,232
556,233
556,233
540,233
556,237
556,237
509,226
501,223
283,236
283,238
276,239
273,237
271,241
277,237
280,236
281,239
398,229
392,228
478,212
485,212
489,214
491,214
484,216
481,217
479,221
478,222
478,221
478,223
454,228
450,226
433,230
439,227
458,227
468,227
473,216
483,210
727,177
618,210
461,210
461,214
540,213
540,215
556,214
540,210
524,210
524,211
524,210
509,210
509,210
509,210
509,211
501,211
1553,223
1522,227
1553,226
1569,132
45,67
5824,155
5995,119
6120,119
6400,210
6354,213
6166,215
6089,214
4779,211
5200,211
5262,213
7320,155
7258,174
7180,190
7180,168
5387,219
5356,220
5356,138
6213,210
6166,210
4561,219
4546,151
3595,61
91,61
98,32
79,71
47,51
3127,87
3034,151
2878,93
2753,109
2488,200
727,231
711,231
711,232
711,234
711,235
711,234
727,231
743,231
758,221
758,224
805,220
1756,223
1335,217
1304,219
1304,228
1428,229
1413,232
1397,229
1382,232
1382,231
1039,226
1350,230
1335,234
1335,235
1210,236
1210,235
1210,236
1195,234
1195,235
1195,235
1226,220
387,221
380,232
376,236
374,239
373,234
386,225
386,227
394,228
398,225
400,226
401,229
401,228
401,224
401,226
409,228
413,226
415,227
457,220
467,222
472,223
475,220
476,221
484,220
488,210
490,119
509,215
509,216
524,180
373,138
618,232
587,226
587,230
618,218
323,210
323,184
323,212
602,217
587,223
571,228
571,229
571,226
509,233
509,233
509,234
509,232
509,235
509,234
501,232
497,235
495,234
494,233
493,236
493,235
497,233
495,233
494,232
493,232
493,233
493,233
493,232
493,231
493,232
493,235
493,232
493,231
524,222
524,220
524,220
540,218
75,213
75,211
540,217
540,227
556,223
556,220
91,220
83,223
431,233
431,235
424,234
427,220
665,230
696,217
509,223
493,216
727,215
151,223
143,222
139,217
75,210
98,212
649,215
633,216
106,216
649,218
633,222
633,222
633,223
618,220
618,220
618,217
256,215
121,215
182,216
556,220
571,225
556,230
556,228
556,232
556,234
540,234
525,235
525,231
446,225
297,219
290,237
286,238
278,238
274,239
272,239
277,239
280,241
281,240
289,231
540,222
422,212
478,213
485,213
489,216
483,217
488,220
490,220
484,221
481,222
479,223
478,224
478,225
431,230
446,227
462,227
470,224
474,213
476,151
743,193
618,211
478,206
469,215
457,214
467,151
540,215
540,211
525,211
525,211
525,210
525,210
509,193
509,210
509,211
509,212
509,212
509,213
1553,226
31,71
76,64
5839,148
6027,90
6182,122
6401,213
6354,214
6151,214
6089,214
6011,217
5980,210
3606,16
36693,20
39123,28
23195,28
64689,27
15035,21
2945,21
60636,20
29916,24
18104,24
9921,24
62408,26
6790,177
4795,190
4764,219
4733,221
4702,219
4671,220
4655,219
4608,219
4608,219
4577,219
4561,218
46,54
23350,0
29005,0
59978,11
55888,11
61559,10
59252,9
51338,9
27592,9
23507,9
54998,95
27230,232
11348,22
712,234
712,237
712,235
727,234
727,232
743,226
758,222
774,226
821,216
1756,224
1725,225
1694,225
1304,221
1429,231
1413,231
1397,229
1382,233
1382,219
1055,217
1351,234
1335,234
1320,237
1320,233
1257,226
1210,235
1195,235
1195,234
1195,235
1242,218
388,228
380,233
376,237
374,239
373,235
373,234
373,234
395,227
398,228
400,227
401,228
401,225
401,225
409,226
413,225
415,228
416,224
416,226
416,226
472,223
475,219
476,220
484,216
488,129
525,145
509,217
525,216
417,200
395,177
384,184
367,211
587,228
634,215
310,200
303,210
320,211
587,218
587,225
571,226
571,227
556,229
556,225
556,219
509,235
509,234
509,235
501,233
497,233
495,232
494,235
493,234
493,234
493,233
493,235
485,234
493,230
493,235
493,234
493,234
493,233
493,233
493,234
493,233
493,235
509,230
501,232
497,231
540,221
540,218
106,212
106,212
540,221
540,227
556,225
76,219
61,221
53,219
572,224
572,223
432,230
618,220
665,234
696,216
525,221
501,216
727,216
151,222
151,220
151,216
143,226
139,236
681,217
650,216
61,214
634,217
650,221
650,218
634,222
618,219
634,217
634,218
618,217
270,214
203,214
572,222
556,226
556,230
556,228
556,232
556,234
525,231
556,233
525,229
509,229
509,231
290,239
280,239
275,240
272,240
278,238
281,238
282,241
289,239
293,228
540,223
556,234
556,239
485,213
489,214
491,217
492,219
485,219
481,221
479,224
478,223
478,223
478,224
478,228
469,228
458,226
468,225
481,212
479,138
743,197
587,211
461,212
461,215
461,214
31,126
509,103
556,214
525,210
525,211
525,210
509,210
509,211
509,210
509,211
510,212
502,212
498,211
496,212
495,214
46,61
5856,126
5980,96
6167,106
6401,211
6370,214
6152,215
6089,216
5996,216
5965,212
5419,212
5061,214
7258,210
7181,210
7149,171
5404,222
5357,220
6245,138
6214,187
6183,206
6900,87
6853,168
6822,206
6791,119
68,84
3393,74
91,61
3081,77
3035,158
2863,96
2536,96
2505,210
2396,210
2396,214
2380,211
2224,215
712,232
728,232
728,233
743,226
759,224
775,227
806,217
1757,225
1725,224
1710,224
1679,226
1663,228
1414,229
1398,229
1383,232
1383,221
1055,220
1351,231
1336,234
1336,233
1320,235
1305,229
1289,233
1289,235
1195,236
1180,235
1227,217
373,225
373,234
373,236
373,237
373,236
373,237
373,236
373,235
373,234
398,225
400,227
401,225
402,225
402,224
410,226
414,225
416,228
417,226
417,227
424,225
428,226
484,221
489,216
510,193
510,119
510,218
525,215
373,187
373,193
373,174
348,168
360,168
366,126
311,190
311,210
603,211
588,217
588,223
572,226
572,230
556,228
556,225
556,221
556,212
556,210
502,233
510,234
502,234
498,234
496,234
495,233
494,235
494,233
494,234
494,235
494,237
494,234
486,231
490,232
492,233
493,231
493,233
493,233
493,234
493,231
493,231
493,232
510,232
502,232
76,214
99,212
541,222
556,230
556,224
91,221
572,220
572,221
572,225
588,222
588,221
588,224
681,233
697,215
494,221
494,216
176,216
156,223
146,218
141,218
139,227
138,235
137,236
137,231
122,216
650,218
634,221
634,218
634,220
619,222
619,220
619,215
619,217
619,217
619,216
230,216
572,226
556,229
556,228
556,230
556,232
525,233
525,231
525,228
510,229
510,230
525,231
525,229
278,239
274,241
279,238
281,239
282,238
289,240
293,226
556,226
556,233
556,240
556,227
388,230
482,218
480,218
479,222
479,221
479,222
479,224
479,223
479,225
479,227
479,230
479,227
470,229
481,210
603,103
619,211
572,164
462,212
462,216
462,212
470,135
541,174
572,215
588,213
588,213
525,211
525,210
510,211
510,212
510,213
502,211
498,211
496,213
495,213
494,214
525,210
556,211
6027,113
6183,113
6401,214
6339,211
6136,214
6074,216
6012,215
5466,193
5419,213
5076,212
5388,212
5232,210
5435,211
5388,222
5357,218
6245,203
6214,200
6183,180
6916,126
6838,158
6822,210
4780,211
4765,220
4734,219
46,48
3050,113
3035,135
2832,96
2551,129
2489,210
2380,212
2396,214
2380,212
2209,218
2645,220
2567,225
728,230
743,225
759,226
775,223
821,214
1756,227
1725,226
1694,225
1663,225
1647,227
1632,226
1600,226
1382,231
1039,222
1351,222
1351,234
1335,235
1320,233
1304,234
1304,228
1289,235
1289,234
1289,221
977,221
1242,214
388,227
380,233
376,236
374,236
373,237
373,236
373,234
373,235
373,233
373,231
380,232
402,227
402,225
409,227
413,225
415,227
416,226
416,224
416,225
424,224
428,226
430,223
431,225
509,126
509,193
509,220
509,214
388,174
380,184
365,210
358,197
347,168
349,164
361,158
572,148
603,212
603,219
587,225
572,231
572,231
556,229
556,226
556,220
556,212
572,210
311,180
297,203
501,234
497,236
495,231
494,235
494,235
494,235
494,231
494,235
494,235
494,234
494,234
494,231
494,232
494,231
494,232
494,230
494,233
494,233
494,230
494,233
494,230
494,232
494,235
509,234
556,223
556,226
556,222
572,219
76,221
587,222
587,223
572,223
587,221
587,226
587,225
603,216
494,223
486,216
136,217
143,221
139,218
137,219
136,231
136,236
128,234
124,233
122,225
129,224
634,221
634,220
618,220
618,222
618,221
618,218
618,219
634,216
257,215
618,214
603,215
603,216
556,230
556,231
556,231
541,232
525,234
525,227
509,228
509,229
509,229
541,229
541,228
525,231
271,239
277,240
280,240
282,238
296,224
541,229
556,235
556,238
541,223
403,231
395,228
391,229
480,221
479,223
478,224
478,224
478,223
478,226
478,227
478,230
478,231
469,229
465,231
403,222
618,210
461,184
461,213
461,216
469,210
106,109
556,213
556,215
587,215
587,214
556,217
556,220
509,212
509,211
509,210
509,211
501,212
497,213
495,212
494,210
540,210
556,215
572,222
572,214
6370,216
6167,212
6120,214
6042,215
5980,213
5450,210
5466,190
5060,174
5403,212
5232,211
5419,213
5403,210
5356,214
6245,210
6198,168
6167,158
6899,148
6822,203
6790,180
4780,217
4749,220
4717,220
4686,219
4671,220
2987,90
2785,103
2535,184
2442,171
2395,213
2411,214
2380,211
2224,219
2629,223
2551,226
2473,223
2426,225
759,225
774,225
1772,216
1741,226
1725,226
1694,226
1678,227
1647,226
1616,226
1600,226
1585,228
1553,226
1351,225
1351,234
1335,234
1320,233
1320,234
1304,231
1289,234
1289,233
977,219
977,221
1273,220
1242,229
373,234
373,236
373,235
373,235
373,234
373,233
373,237
373,233
373,233
373,234
380,234
384,230
411,226
414,227
415,227
416,225
416,226
416,226
424,226
428,226
430,226
431,226
431,227
439,226
509,217
509,214
373,193
362,174
356,197
353,206
352,158
362,161
349,148
525,126
603,217
587,224
587,227
571,229
571,229
556,227
556,229
556,220
556,212
310,210
323,180
310,155
296,180
556,210
495,234
494,235
493,235
493,235
493,234
493,236
493,235
493,233
493,235
493,236
493,235
493,233
492,232
492,232
492,230
492,232
492,233
492,232
492,233
492,231
492,231
509,231
509,235
509,228
556,220
571,219
571,221
571,221
571,224
587,220
587,222
587,225
603,221
446,220
446,221
446,229
151,218
143,222
139,218
145,222
140,232
138,233
129,233
125,231
130,226
125,223
123,217
122,217
618,221
618,223
634,220
618,219
618,217
603,216
603,217
603,215
603,216
603,214
121,214
587,215
540,235
540,231
525,234
509,230
509,227
509,231
525,230
525,231
525,227
540,233
556,240
556,237
276,239
279,239
294,220
525,228
556,238
556,237
556,221
388,232
380,225
384,232
386,232
401,225
478,222
478,224
478,225
478,224
478,228
478,227
478,230
478,231
469,228
417,222
351,227
369,226
461,213
461,215
469,184
46,100
556,212
571,214
727,213
587,214
556,221
556,221
587,213
571,158
509,211
509,211
501,211
497,212
495,214
494,203
540,203
572,215
572,219
572,211
6105,148
6354,212
6105,215
6042,216
5996,213
5419,210
5403,142
5544,142
5356,211
5232,190
5419,215
5169,210
5123,218
5138,215
6183,203
6183,116
6899,190
6822,155
6790,184
4780,219
4749,219
4717,220
4686,219
4655,218
4640,220
4608,218
2535,206
2426,190
2395,214
2395,212
2395,210
2224,219
2613,224
2535,223
2457,225
2395,226
2333,225
2270,226
1772,222
1741,225
1725,227
1694,226
1663,227
1647,226
1616,226
1600,228
1585,227
1553,228
1538,225
1522,228
1335,233
1320,234
1304,230
1304,232
1289,235
1273,228
977,221
977,222
1273,220
1242,232
1242,226
961,220
367,236
370,237
371,236
372,233
372,233
380,233
376,236
382,231
385,232
386,227
387,217
394,155
416,227
416,228
416,228
416,226
424,225
428,225
430,226
431,227
431,223
439,226
443,224
445,223
7386,2
16339,132
27655,186
11348,23
35598,132
373,200
362,177
356,210
364,206
376,210
374,161
373,155
650,231
634,230
587,229
587,226
603,223
618,214
324,210
324,210
603,212
587,225
587,227
572,226
509,231
509,235
509,234
509,233
509,233
509,232
501,233
509,232
501,233
497,234
495,234
494,234
501,225
497,230
495,233
494,234
494,233
494,233
494,233
494,232
494,233
494,232
494,234
494,232
509,224
525,221
525,221
525,220
540,222
540,215
91,211
83,211
540,223
540,227
556,222
46,221
432,234
432,236
432,232
432,234
432,233
665,225
681,226
712,215
478,222
478,212
151,220
143,219
525,220
525,214
76,210
83,212
634,221
106,214
113,216
634,220
634,220
634,219
618,220
618,221
603,215
121,215
182,216
257,217
572,220
572,224
556,227
556,231
556,232
556,232
556,233
540,233
556,235
509,227
493,222
284,233
284,238
277,237
273,241
271,239
277,238
280,240
275,239
286,238
388,230
461,212
477,211
485,214
489,214
483,216
480,217
479,220
478,221
478,221
478,223
478,221
439,228
428,230
437,228
457,228
467,226
472,218
483,171
650,155
618,190
478,187
469,213
458,215
540,217
540,214
540,210
525,200
525,211
525,211
509,206
509,210
509,206
509,211
509,212
509,211
1522,224
1538,226
1569,164
1,71
5824,122
6027,126
6120,103
6385,206
6354,213
6167,215
6089,215
6027,216
3607,153
24660,20
32725,20
39124,28
23201,28
3275,28
64722,27
3246,21
60637,20
29917,24
21895,24
10194,24
6853,190
6822,184
6790,168
4764,219
4733,219
4702,221
4686,221
4655,222
4624,219
4608,219
4577,220
4562,218
2411,214
2380,212
2224,214
2224,213
2582,224
2504,224
2442,224
2380,225
2317,225
2270,225
2239,222
712,231
1709,224
1678,227
1663,226
1631,228
1616,226
1585,227
1569,229
1553,229
1522,227
1507,230
1491,228
1335,218
1304,227
1289,233
1289,234
1289,227
977,220
961,222
1273,220
1242,233
1257,221
1242,220
1226,232
1226,233
373,234
373,238
373,236
373,235
373,234
380,232
384,230
386,226
387,215
394,210
391,221
389,228
416,226
416,228
424,225
428,225
430,227
431,228
439,224
443,224
445,224
446,223
446,222
453,221
356,180
364,171
357,142
365,145
556,126
587,211
587,220
572,227
572,231
634,230
634,234
618,235
556,220
572,212
556,210
572,177
337,190
317,193
556,190
540,217
525,225
525,231
509,233
509,232
494,234
494,233
494,236
494,236
494,235
494,235
494,233
494,231
509,219
509,218
501,228
497,229
5932,14
3740,238
59137,238
59393,238
59905,238
59905,253
59393,253
60161,253
59137,253
58113,13
57858,13
57090,13
525,222
540,220
540,222
76,212
61,211
540,214
556,226
556,228
556,219
91,220
587,221
572,222
432,236
424,233
428,227
665,231
696,223
509,218
493,218
727,214
136,220
143,224
139,215
137,223
76,211
696,212
650,217
106,217
91,215
650,219
634,218
634,219
618,220
618,216
634,217
618,215
257,216
216,216
572,219
556,225
556,230
556,231
556,231
556,232
556,235
572,233
525,229
509,225
509,221
284,239
284,237
277,240
273,239
271,241
270,239
277,240
280,238
288,236
525,223
556,233
470,213
482,214
488,214
491,217
484,218
481,220
479,222
478,223
478,223
478,223
478,223
478,225
442,227
460,227
469,224
473,214
483,138
774,197
634,197
478,210
469,214
465,214
471,164
482,100
525,210
525,211
525,212
525,211
509,190
509,211
509,210
509,213
509,211
509,211
501,211
497,210
1585,74
46,64
5824,155
16,93
6152,96
6385,212
6354,212
6152,215
6089,216
6011,215
5980,211
5419,213
7352,151
7274,190
7196,145
5435,122
5388,220
5341,220
6245,126
6229,200
6183,145
6915,90
6868,184
6822,180
136,67
106,58
3346,64
46,45
3065,96
3034,187
61,90
2754,103
2520,210
2395,212
2395,215
2395,211
712,233
712,236
712,233
728,231
743,229
759,224
774,225
821,216
1756,226
1725,226
1710,226
1678,226
1429,231
1413,229
1382,229
1382,232
1382,224
1055,223
1351,233
1335,234
1320,233
1320,234
1289,227
1289,232
1195,235
1195,237
1195,234
1226,218
388,223
380,233
376,236
374,235
373,238
373,236
373,237
373,234
400,227
401,227
402,227
409,226
406,223
411,226
414,226
415,228
416,226
416,228
416,226
416,225
475,221
476,222
485,219
509,206
509,132
509,217
509,216
509,187
351,206
362,187
367,184
370,177
618,217
337,190
323,210
603,210
587,219
572,223
572,226
572,228
556,229
556,228
556,220
572,213
509,235
509,235
509,233
501,235
497,235
495,234
494,236
494,231
494,232
494,235
494,235
494,235
494,232
494,231
494,232
494,233
494,232
494,235
494,232
494,229
494,233
494,232
494,233
509,232
540,218
46,211
68,213
556,216
540,225
556,225
572,221
61,221
587,220
572,223
587,221
587,222
431,219
665,231
696,218
509,221
493,217
189,216
170,220
153,221
144,219
140,227
138,235
137,235
665,216
106,217
106,216
634,223
634,219
634,221
618,221
634,219
650,216
618,217
603,215
634,214
572,220
572,227
556,229
556,230
556,229
556,235
525,232
572,231
525,227
509,228
509,229
509,231
280,239
282,241
276,240
273,239
278,239
281,238
282,240
296,228
556,226
556,238
556,238
556,229
494,215
486,216
482,219
480,220
479,220
478,223
478,221
478,224
478,226
478,226
469,227
473,229
470,223
474,213
476,145
618,193
634,190
461,211
454,215
457,212
475,122
509,148
556,215
603,215
525,210
525,210
509,210
509,210
509,210
509,212
509,212
501,212
497,213
495,213
494,213
540,177
5871,151
61,109
6120,87
6385,215
6338,212
6151,215
6058,214
5996,215
5466,200
5434,213
5076,214
5403,211
7149,206
5434,161
5372,221
5341,219
6245,161
6214,190
6183,200
6899,113
6868,168
6806,197
4795,184
4764,220
3361,100
76,67
3081,119
3019,145
2832,126
2520,126
2473,193
2395,212
2411,214
2395,212
2208,217
2645,217
712,233
728,233
743,226
759,222
774,224
806,216
1756,225
1725,225
1694,225
1678,227
1663,227
1632,227
1398,231
1382,233
1039,217
1335,218
1351,235
1335,233
1320,232
1320,235
1273,226
1289,234
1289,232
1289,224
1195,234
1258,217
373,228
373,234
373,235
373,237
373,233
373,237
373,235
373,236
373,234
380,233
400,226
401,227
409,224
413,226
415,226
416,226
416,226
416,228
416,227
424,226
428,227
430,228
484,217
509,177
509,180
509,217
509,214
373,161
373,193
362,180
367,180
370,174
371,164
372,155
324,210
603,212
587,218
587,226
572,231
572,231
556,230
556,226
556,219
556,212
556,210
311,180
497,233
495,232
509,234
501,232
497,234
495,234
494,232
494,234
494,234
494,234
494,238
494,235
494,232
494,233
494,232
494,231
494,231
494,232
494,232
494,232
494,231
509,232
501,232
497,234
76,211
541,223
541,230
556,222
587,218
61,221
572,221
572,221
587,223
587,222
587,225
587,224
712,214
494,219
151,212
143,217
139,223
137,217
144,219
140,231
138,236
137,233
129,228
125,223
665,220
634,221
618,221
634,222
618,222
634,218
634,219
603,217
618,216
243,215
159,215
587,216
556,229
556,231
556,230
556,234
556,234
525,232
525,227
509,229
509,231
509,231
525,228
556,229
274,239
272,238
278,241
281,241
282,239
289,227
556,227
556,233
556,240
541,224
403,231
395,229
485,221
489,220
483,221
480,223
479,222
478,224
478,226
478,226
478,230
478,229
478,232
469,228
790,119
634,210
603,168
461,213
461,216
461,210
469,126
541,210
556,213
587,214
587,213
556,218
509,210
509,210
509,212
509,211
509,211
501,210
497,211
495,213
494,212
525,174
572,211
572,224
6214,100
6370,217
6183,211
6136,216
6058,215
5996,216
5466,211
5419,212
5061,212
5403,212
5216,211
5419,212
5372,222
5341,218
6245,184
6183,210
6167,132
6884,116
6837,210
6806,210
4780,212
4764,220
4733,219
4686,219
3050,113
3003,116
2785,119
2504,145
2473,190
2395,212
2395,213
2395,211
2224,220
2629,221
2551,225
2489,225
743,223
759,225
774,224
1772,214
1756,224
1725,226
1694,226
1663,225
1647,227
1616,226
1600,229
1585,229
1039,224
1351,225
1335,234
1335,235
1320,233
1320,234
1304,228
1289,234
1289,232
1289,219
977,221
1273,220
373,232
373,233
373,235
373,236
373,237
373,235
373,234
380,235
376,230
382,235
385,234
386,233
402,225
409,227
413,224
408,225
412,225
414,224
415,225
416,225
424,225
428,227
430,226
431,226
11348,24
35086,131
509,212
509,217
525,213
373,211
362,190
367,171
359,210
366,171
369,138
371,171
572,225
572,229
587,228
650,233
634,235
603,230
587,230
587,225
618,213
324,210
324,161
587,214
556,211
541,219
525,229
525,232
509,233
509,232
509,234
509,234
509,233
509,233
501,235
509,233
492,233
493,221
509,216
501,223
497,232
495,234
494,232
486,235
490,232
492,232
493,232
493,233
509,226
509,226
509,225
525,225
525,223
525,223
525,220
541,221
556,217
76,212
68,211
541,223
439,224
443,234
437,235
434,234
433,235
432,235
432,233
432,234
650,226
681,231
681,214
509,220
151,218
696,223
696,218
525,221
509,218
76,211
91,210
650,217
76,215
98,216
650,220
634,221
270,215
587,217
176,215
587,215
136,216
121,216
106,215
572,216
556,222
556,226
556,229
556,230
556,236
556,238
556,236
556,236
540,230
461,224
297,227
290,240
287,238
278,238
274,239
272,240
402,229
572,224
388,225
388,230
494,213
494,213
494,213
494,216
486,215
482,217
488,219
483,222
375,226
447,226
454,228
457,227
444,229
445,229
453,227
465,229
471,219
482,171
743,148
618,210
556,148
540,193
540,212
556,213
556,215
556,210
525,210
525,212
525,210
509,203
509,174
509,210
6354,213
1553,219
1538,224
1522,224
1553,227
1569,214
106,77
5824,132
5949,122
6089,119
6292,119
6370,215
8787,20
30424,19
58581,19
24744,20
28833,20
43224,28
27300,28
11188,28
7316,28
3265,21
60632,20
56798,20
6214,168
6198,203
6183,135
6853,168
6822,168
6790,177
4764,217
4749,219
4717,219
4686,220
4671,218
4640,219
2754,119
2504,203
2426,184
2395,214
2411,213
2395,210
2224,220
2613,223
2535,222
2473,226
2395,227
2348,225
790,221
1772,220
1741,226
1709,226
1694,228
1663,227
1631,226
1616,226
1600,228
1569,226
1553,225
1538,229
1335,234
1335,234
1320,234
1320,229
1304,234
1289,231
1289,230
977,220
961,220
1257,223
1242,234
1257,226
374,240
373,236
373,236
373,238
373,235
373,233
373,232
380,231
376,233
382,230
385,229
386,218
414,226
415,226
416,225
416,223
416,227
424,226
428,225
430,225
431,224
439,227
443,225
445,226
509,210
373,187
362,203
367,184
370,200
371,193
372,168
372,135
572,211
587,219
572,226
572,231
572,228
572,228
556,227
556,224
540,214
310,210
323,164
316,190
293,151
556,177
556,214
525,226
494,233
494,235
494,235
494,235
494,234
494,234
494,234
494,234
486,235
490,236
484,231
509,221
493,231
493,233
493,232
493,232
493,231
493,231
493,231
493,232
509,234
509,233
509,227
525,223
46,221
587,220
587,220
572,223
587,221
572,220
587,223
587,224
447,220
439,222
443,228
437,234
143,222
147,217
141,221
138,230
137,234
136,234
128,228
117,225
126,223
131,219
141,217
696,223
618,223
618,220
618,217
618,216
618,216
618,215
243,215
250,216
253,216
243,217
229,218
236,215
556,235
525,232
509,228
509,229
509,231
509,230
525,228
525,230
540,233
540,240
556,236
540,237
289,238
306,220
556,229
556,237
556,238
402,224
395,233
391,230
382,233
385,233
401,222
556,222
478,224
478,224
478,227
469,226
473,228
475,230
468,230
464,229
373,225
362,229
432,225
439,227
461,216
469,197
481,113
556,212
572,213
712,214
587,213
556,218
572,220
572,212
540,155
556,168
509,211
501,212
497,212
495,214
509,210
540,168
572,216
572,218
572,212
6151,122
6354,212
1553,219
6042,215
5980,212
5419,211
5403,161
5419,177
5356,213
5419,197
5419,215
5185,210
5123,218
5185,215
4982,213
32722,20
39127,28
27268,28
3243,28
3256,28
3233,21
60634,20
56796,20
21970,24
13985,24
43940,87
28223,51
4562,220
4562,206
46,71
3626,71
46,54
3377,58
3393,51
3081,74
3050,132
2894,93
2800,80
2504,206
727,229
712,233
712,233
712,232
712,237
712,234
727,236
743,230
759,222
759,225
790,221
1756,221
1491,220
1304,220
1304,230
1429,230
1413,231
1413,228
1398,229
1382,233
1039,231
1351,231
1335,234
1335,233
1226,233
1211,234
1211,235
1195,235
1195,235
1195,237
1211,222
388,215
380,231
376,233
374,238
373,236
394,226
391,228
396,226
399,229
393,227
397,226
399,227
400,226
408,229
412,226
414,227
415,226
455,221
458,220
468,222
473,220
475,221
484,219
489,214
297,113
509,214
509,217
525,211
373,200
618,234
587,228
587,228
603,225
634,212
324,190
324,210
587,213
587,220
572,226
572,227
556,230
509,235
509,233
509,234
509,234
509,234
509,237
509,233
501,235
497,233
495,235
494,233
494,235
497,229
495,234
494,234
494,231
494,234
494,231
494,232
494,236
494,230
494,234
494,232
494,232
525,223
525,221
540,222
540,220
556,214
76,211
540,214
540,228
556,227
572,220
587,220
76,221
432,235
432,239
432,234
432,226
665,230
696,221
525,217
501,220
151,214
151,219
143,221
139,216
5164,14
8351,253
54017,253
53761,153
54274,153
55810,91
54784,153
55298,138
56322,122
56322,106
56322,106
57346,106
634,217
176,214
257,217
243,219
250,218
243,219
243,216
250,217
203,215
223,217
233,217
154,216
509,227
509,229
509,231
509,229
525,230
525,229
540,237
540,238
556,235
556,237
556,237
556,238
556,232
556,236
556,235
402,229
395,234
391,230
389,231
388,230
402,220
424,220
406,229
397,226
478,226
478,228
469,229
465,230
471,230
474,228
373,225
373,229
395,226
446,228
462,227
447,228
509,145
571,212
587,214
587,214
587,213
556,220
556,221
587,213
571,164
556,193
556,213
571,214
497,212
495,214
509,211
525,171
571,215
587,218
571,213
6323,122
6354,212
1553,220
1538,223
1522,224
5434,213
5076,210
5403,180
5387,212
5403,164
5419,217
5185,212
5123,219
5185,216
4982,211
4795,211
5216,211
31131,28
3265,28
3282,28
2977,21
56796,20
56796,20
21889,24
9928,24
14017,24
50499,26
21649,88
28323,161
3580,74
3580,51
3548,67
3392,80
31,71
3096,84
3034,148
2863,67
2753,126
2504,210
2379,210
2395,214
712,235
712,234
712,233
712,233
727,232
743,228
758,223
774,225
805,218
1756,225
1740,224
1709,226
1304,224
1429,232
1413,228
1397,229
1382,231
1382,225
1055,221
1351,231
1335,232
1320,232
1320,233
1304,227
1210,236
1195,235
1195,235
1195,237
1226,218
388,223
380,231
376,235
374,238
373,236
373,237
373,235
397,227
399,227
400,229
401,227
401,227
401,225
409,227
413,226
415,229
416,227
416,224
416,227
460,222
469,221
481,222
487,221
490,193
491,113
509,217
509,216
388,203
380,161
376,148
374,206
587,229
618,218
634,211
310,210
317,210
587,217
587,226
571,229
571,230
571,229
556,227
556,224
509,235
509,234
509,234
509,232
501,234
497,235
495,232
494,235
493,237
493,235
493,233
493,233
491,233
492,233
492,233
492,231
492,231
492,235
492,233
492,233
492,232
492,234
492,230
492,229
540,221
540,217
61,212
83,211
556,216
540,229
556,224
571,220
76,219
571,220
571,222
571,223
432,232
432,222
665,232
696,221
509,219
493,218
696,215
151,222
151,222
143,216
139,226
137,231
665,214
649,217
121,215
665,217
634,220
634,220
634,221
634,220
618,223
618,219
618,216
618,216
189,214
571,221
571,225
571,228
556,228
556,231
556,233
525,234
525,233
509,229
509,227
509,228
290,237
286,239
278,240
274,240
272,240
277,238
280,238
281,239
295,229
540,224
556,235
556,238
489,214
491,215
484,217
481,220
479,221
478,223
478,223
478,223
478,224
478,223
478,227
478,230
468,227
473,223
475,215
476,148
805,210
603,210
461,210
461,215
461,215
461,132
477,96
556,215
525,210
525,213
525,211
509,210
525,211
509,210
509,212
493,210
493,212
509,214
501,212
497,215
106,74
5824,132
5980,113
6214,87
6385,211
6354,214
6151,214
6089,216
6011,217
5949,212
5419,213
5076,213
7258,177
7180,200
7149,122
5387,220
5356,219
6245,145
6229,174
6182,203
6899,80
6853,180
6806,180
6790,158
91,51
3408,93
106,54
3081,87
3034,145
2863,116
2520,100
2457,193
2395,210
2395,214
2379,212
2224,217
2488,223
2442,224
2379,225
2301,226
2255,224
2239,218
727,230
712,233
712,233
712,234
25629,15
28527,84
1631,227
1616,226
1585,228
1569,227
1538,227
1522,230
1507,229
1491,229
1335,220
1304,228
1304,222
1429,230
1273,228
977,222
977,219
1257,222
1242,230
1257,221
1242,225
1226,233
1210,233
1210,236
1210,237
1195,235
380,235
376,233
382,233
385,230
386,227
394,215
383,210
385,223
386,226
387,227
394,228
398,227
428,227
430,226
431,226
438,225
442,226
444,225
452,223
456,224
458,223
459,222
468,222
473,221
361,155
381,129
587,214
603,222
571,226
571,231
649,230
634,234
618,232
587,229
587,229
618,217
571,206
283,177
290,180
300,210
525,219
525,226
525,229
525,233
509,232
509,234
509,233
509,232
491,235
492,233
492,234
485,234
489,226
509,216
509,220
501,231
489,233
491,233
492,234
492,232
495,233
509,232
509,233
509,229
509,226
509,225
509,227
525,224
525,223
540,219
540,218
540,215
587,223
446,215
446,220
439,225
442,230
429,232
430,233
423,235
427,235
429,234
430,233
649,223
122,224
121,225
128,221
132,219
696,220
696,219
509,221
525,218
106,212
106,211
665,218
136,216
203,215
223,217
231,214
237,216
156,215
193,216
142,217
124,215
163,216
203,217
587,216
556,220
525,227
525,229
540,240
556,238
556,235
556,235
556,236
556,232
446,223
297,223
290,242
286,240
395,229
391,230
389,233
403,228
556,224
388,224
388,230
402,216
493,212
493,213
493,213
485,215
465,231
441,223
351,230
362,224
417,226
439,229
450,228
441,227
436,229
448,229
463,226
470,221
556,215
556,218
571,219
587,190
556,174
556,210
571,214
540,215
556,214
525,210
540,211
525,212
571,222
571,215
571,200
6338,203
1569,211
1553,222
1522,222
1522,226
1553,224
106,100
91,87
5824,142
5419,187
5419,217
5169,215
5123,220
5169,216
4982,211
4780,211
5216,214
5263,211
7320,161
7273,164
7180,184
4717,220
4686,218
4655,218
4624,218
4608,218
4577,219
4561,218
4561,113
3595,90
3564,58
189,51
3408,71
2520,223
2442,225
2379,226
2317,225
2270,223
2239,223
712,230
712,233
712,233
712,233
712,233
727,233
1585,226
1569,228
1553,227
1538,227
1507,230
1491,231
1444,218
1304,223
1304,224
1429,230
1413,231
1382,229
977,220
1257,222
1242,231
1257,223
1242,221
1226,232
1226,234
1210,235
1195,235
1195,237
1195,235
1195,237
381,232
384,232
386,227
387,214
387,210
387,223
387,226
387,228
394,229
398,227
400,229
401,224
431,226
438,227
442,225
444,222
452,223
456,225
458,222
468,223
473,221
475,221
484,220
488,218
587,214
587,222
571,229
587,227
649,232
634,234
618,231
587,229
587,228
618,216
634,210
310,210
297,177
290,210
525,217
525,230
525,231
525,230
509,232
509,234
509,234
509,234
509,235
509,234
492,234
492,234
492,222
509,217
501,224
497,232
495,230
494,233
493,233
493,233
493,232
493,231
509,232
509,226
525,225
525,224
525,223
525,223
525,220
540,220
540,220
556,215
76,211
68,213
446,221
446,226
439,233
435,231
433,236
432,235
432,231
432,234
432,230
634,229
681,225
525,218
131,221
712,216
681,222
525,219
525,222
509,213
76,210
68,212
665,220
136,215
121,215
634,221
216,214
226,214
228,215
159,217
147,215
270,215
76,214
91,215
571,219
571,222
556,227
556,231
556,239
556,240
556,237
556,236
556,235
525,232
509,223
297,228
290,239
280,239
275,239
272,239
389,232
403,227
587,224
402,225
395,230
406,214
493,214
493,213
493,213
493,216
493,216
493,220
362,228
375,223
396,226
447,227
454,228
443,228
437,228
457,226
467,226
472,220
475,210
509,126
587,216
540,190
540,138
540,212
540,214
556,216
572,210
540,210
525,210
525,212
525,210
509,211
572,135
6354,211
1569,218
1553,223
1522,224
1538,227
1553,220
31,67
5824,126
5918,106
6027,119
6260,103
5138,217
5123,218
4982,212
5123,193
4780,212
5232,218
5279,93
7289,122
7242,135
7164,193
5434,212
5372,221
4640,219
4624,218
4593,218
4577,220
4546,216
31,64
3580,67
3502,58
3455,64
3408,71
106,48
3050,109
2364,225
2302,226
2239,226
727,220
712,230
712,233
712,235
712,234
712,234
727,234
727,231
743,223
1538,228
1522,229
1507,230
1491,224
1476,218
1304,229
1429,223
1413,230
1413,228
1398,231
1382,231
1055,222
1242,230
1257,220
1226,230
1226,234
1211,234
1211,233
1195,234
1195,236
1195,233
1195,226
1226,215
373,228
387,221
402,161
395,219
391,225
389,226
388,228
395,227
398,227
400,228
401,229
401,226
401,227
443,222
445,221
453,223
457,224
459,223
468,222
473,223
475,221
484,221
489,215
46,100
509,211
5164,14
34723,60
58882,106
59394,138
59394,122
59906,75
58114,75
58626,91
57602,122
54530,68
53761,68
53761,75
587,226
572,230
572,227
556,228
556,224
556,217
310,210
556,190
284,168
297,193
310,187
525,214
497,236
495,234
486,233
490,234
492,235
493,235
493,235
493,234
493,236
493,234
493,234
493,233
494,233
494,231
494,233
494,232
494,230
494,231
494,232
494,233
494,233
509,234
509,233
509,228
556,224
572,218
587,220
572,220
572,224
587,222
587,220
572,223
587,222
447,218
447,223
447,227
136,220
136,221
136,218
136,218
136,231
136,235
136,233
136,228
136,224
128,225
132,219
134,216
618,223
618,221
618,219
618,218
618,218
618,215
603,214
618,215
603,216
603,215
257,216
603,215
540,233
540,233
525,233
525,227
509,230
509,231
509,228
525,229
525,228
525,233
556,238
556,238
279,240
274,238
285,222
556,225
556,236
556,236
525,221
388,233
388,229
380,229
384,234
400,228
478,222
478,223
478,225
478,225
478,227
478,229
478,230
469,231
473,231
417,226
351,227
362,226
461,211
461,216
461,211
477,158
509,180
556,214
727,213
587,214
556,220
556,219
572,215
556,161
509,211
509,211
509,211
509,212
501,213
497,213
525,210
556,211
572,220
572,211
587,138
6354,211
47476,23
4189,25
57965,24
14039,24
55763,79
28716,191
11348,20
10510,80
6136,214
6058,215
5980,216
5466,210
4982,212
5123,174
4764,211
5232,215
7336,164
7320,168
7180,210
7211,197
5434,214
5372,221
5356,216
6245,203
4593,220
4577,220
4546,214
91,71
68,71
42,54
74,54
3361,54
61,58
3050,126
2956,84
2785,122
2255,228
727,224
712,230
712,235
712,233
712,234
712,233
712,232
727,234
743,224
759,225
774,224
1507,228
1491,226
1304,217
1304,227
1413,224
1429,231
1413,229
1398,230
1382,234
1039,224
1366,225
1351,233
1226,229
1226,234
1211,233
1211,235
1195,235
1195,236
1195,236
1195,228
1257,216
373,229
373,235
373,237
391,220
389,223
388,228
395,227
398,229
393,226
397,228
399,226
400,225
408,224
412,224
414,228
453,222
457,222
459,223
468,222
473,221
483,220
488,220
491,215
76,87
509,213
509,216
509,211
28430,136
650,236
618,233
587,230
587,230
587,225
618,214
324,184
324,210
603,212
587,220
572,224
556,229
572,229
556,224
556,214
310,211
303,174
306,180
301,210
305,210
540,213
540,225
525,229
494,234
494,234
494,236
494,233
494,236
494,234
486,235
490,234
484,234
489,232
509,221
509,216
494,234
494,232
494,233
494,233
494,234
494,235
494,232
509,232
509,233
509,229
509,226
525,224
587,221
587,224
587,220
587,221
587,221
587,224
603,220
432,217
432,222
439,225
435,232
433,235
139,218
137,218
136,230
128,236
132,236
126,230
123,224
114,225
132,219
160,218
712,225
681,217
618,219
634,218
270,215
243,217
236,217
239,218
243,217
250,216
243,217
250,218
603,216
203,217
540,231
509,226
509,231
509,232
509,230
525,229
525,227
525,233
540,237
556,240
556,235
556,237
296,223
556,230
556,235
556,238
540,222
388,230
388,228
388,230
388,232
402,227
572,225
388,226
478,225
478,225
478,227
478,229
478,230
478,229
478,232
402,222
351,229
362,225
447,226
454,227
461,210
469,109
540,193
556,212
572,214
587,214
556,219
556,222
572,215
556,193
556,171
556,211
509,211
509,212
501,213
497,211
525,161
572,211
572,222
587,211
603,96
6338,215
1553,218
1538,223
5980,216
5466,211
5419,211
5076,212
5388,214
5232,211
5419,212
5419,212
5154,218
5138,218
4982,213
5123,203
51162,28
31085,28
7348,28
60852,27
11182,21
64727,20
60638,20
26071,24
10194,24
14034,24
59524,87
28822,170
4546,214
136,61
3595,64
3517,74
3455,71
3393,54
16,54
3050,122
2863,71
2769,168
2520,190
2442,210
712,231
712,234
712,233
712,233
712,235
727,233
727,230
759,221
759,226
790,222
1772,219
1741,226
1304,219
1304,230
1429,229
1413,230
1398,229
1398,232
1382,232
1039,229
1351,226
1335,233
1320,234
1320,234
1211,234
1211,234
1195,234
1195,237
1195,237
1211,224
388,216
380,234
376,234
374,238
373,235
373,235
387,228
387,228
394,227
398,229
400,227
401,226
401,226
401,223
401,225
409,228
413,226
415,226
467,222
472,222
475,223
476,221
485,218
481,213
525,103
509,215
509,217
373,210
373,210
373,184
587,225
587,229
618,220
310,211
317,210
320,211
587,216
587,222
572,229
572,227
556,227
556,227
509,233
509,235
509,235
509,233
501,233
497,232
495,234
494,235
494,231
494,234
494,236
494,235
495,230
494,232
493,233
493,234
493,231
493,230
493,231
493,230
493,232
493,233
493,233
493,232
525,220
540,221
556,218
76,213
76,212
540,214
540,227
540,226
571,220
587,222
587,220
587,220
432,235
432,234
432,228
649,228
681,227
525,216
501,218
712,214
176,220
163,223
157,216
146,222
91,212
76,212
649,222
91,216
83,216
665,220
634,218
634,220
634,221
618,221
634,221
618,218
175,216
257,218
587,219
556,223
556,228
556,229
556,229
556,229
525,236
540,232
525,231
509,228
461,222
297,233
290,239
280,240
275,239
272,238
271,237
277,239
280,238
288,240
299,219
556,232
469,213
481,215
487,214
490,216
491,217
484,219
481,221
479,221
478,222
478,225
478,224
478,226
443,231
444,226
461,227
469,216
481,210
836,116
587,210
461,145
461,212
453,215
457,211
509,109
525,211
525,171
525,211
525,211
525,200
509,210
509,212
509,211
509,212
509,211
501,212
497,212
1569,213
106,84
5824,148
5964,109
6104,84
6229,122
6369,216
6198,214
6104,215
6042,217
5980,215
5481,210
3603,37
46933,28
27012,28
64676,27
3246,28
7076,21
60635,20
56796,20
21971,24
14011,24
14027,24
54362,26
6790,184
4780,220
4733,219
4717,219
4686,219
4655,219
4639,220
4608,218
4593,220
4561,219
4546,210
3595,45
2395,187
2224,216
2598,223
2520,223
2457,225
2411,225
2333,225
2270,226
2239,225
727,229
712,231
712,234
1662,227
1631,228
1616,226
1600,227
1569,228
1553,229
1522,228
1507,229
1491,228
1491,218
1304,219
1304,229
1288,234
1288,230
977,220
977,222
1273,220
1242,230
1257,224
1242,221
1226,235
1226,234
1210,234
1210,236
373,233
373,234
380,234
376,232
382,232
385,228
386,217
401,203
394,223
391,227
396,226
399,225
424,224
428,225
430,223
438,226
442,226
444,225
445,224
453,224
457,222
459,223
468,222
473,221
370,168
360,190
366,148
587,213
587,221
571,227
571,229
634,231
649,231
618,237
587,228
587,227
556,210
283,171
290,200
293,171
556,180
540,216
525,225
525,230
509,231
509,232
509,233
509,237
491,238
484,235
488,234
483,235
488,234
490,228
491,217
509,219
501,230
497,232
495,231
494,233
509,234
501,231
509,231
509,233
509,232
509,226
509,226
525,226
509,221
525,225
525,222
540,219
587,223
587,226
603,220
432,218
439,223
442,229
437,233
434,231
433,233
432,234
424,234
428,234
132,232
126,228
123,226
122,224
129,218
132,217
696,224
525,219
525,220
509,212
61,211
125,212
243,215
603,216
270,216
618,216
243,216
243,216
236,215
587,216
243,215
243,216
167,215
205,216
509,230
525,226
525,228
525,234
556,238
556,237
556,236
556,235
556,234
525,226
509,222
297,233
417,226
409,231
398,228
393,234
390,232
403,222
571,222
388,227
388,226
446,212
469,214
481,213
473,231
475,231
468,227
351,225
362,227
375,226
446,228
453,226
449,227
433,229
439,227
458,227
587,213
587,212
556,221
571,221
571,213
556,174
540,180
556,212
556,214
540,215
540,211
525,210
41742,74
525,210
571,216
571,221
556,213
6151,116
6354,212
1553,221
1538,222
1522,222
1538,227
1569,211
5824,145
5980,122
91,84
6385,132
6385,215
6182,213
6104,216
6042,215
5980,214
5465,210
5434,177
5543,151
7164,168
7149,168
5387,217
5356,220
5356,210
6229,206
6214,190
6260,109
6853,155
6837,193
6775,180
4764,220
46,64
38,54
3128,77
3034,210
2878,93
2753,168
2504,187
2411,161
2395,214
2411,212
2333,177
2224,217
712,233
727,231
743,229
758,223
758,226
790,220
1756,225
1740,225
1709,225
1694,227
1662,226
1631,225
1397,229
1382,233
1382,227
1039,223
1351,232
1335,234
1320,233
1320,235
1304,229
1288,234
1288,235
1273,226
1179,237
1226,219
388,222
380,233
376,235
374,240
373,236
373,235
373,235
373,235
373,235
373,234
400,227
401,226
401,228
409,224
413,227
415,226
416,227
416,226
416,226
424,226
428,227
430,224
484,219
488,210
490,109
509,217
509,215
388,206
380,210
376,210
363,206
368,193
370,168
371,158
317,211
603,210
587,218
587,224
571,229
571,231
556,231
556,228
556,223
556,215
556,212
310,210
509,233
501,234
497,235
495,231
494,233
493,234
493,234
493,236
493,235
493,237
493,233
493,236
493,233
493,229
493,230
493,234
493,234
493,232
493,234
493,232
493,232
493,233
493,233
493,233
83,211
556,216
540,229
556,225
556,222
556,220
76,221
571,223
571,222
587,222
587,222
587,224
696,218
525,219
501,219
712,216
151,218
151,222
143,217
139,226
145,230
140,234
130,231
125,228
634,217
634,220
634,219
634,221
618,221
634,222
634,216
618,220
618,218
603,217
243,214
603,216
556,227
556,230
556,231
556,232
540,234
540,231
525,232
525,226
509,228
509,230
509,229
525,228
275,238
272,240
277,238
280,239
281,238
289,235
540,221
556,231
556,237
556,238
417,227
402,232
481,217
479,220
478,220
478,224
478,223
478,221
478,224
478,225
478,227
478,228
469,229
473,230
484,187
759,184
634,210
478,211
469,213
465,214
463,158
478,113
556,213
572,213
587,214
556,213
509,210
509,210
509,210
509,212
509,211
501,211
509,210
501,212
497,213
525,193
556,210
572,222
53328,78
29115,66
11348,26
4878,79
6136,116
6401,213
6354,213
6167,215
6073,216
6011,217
5964,211
5419,212
5419,217
5169,216
5107,217
5185,217
5123,210
4780,211
5216,215
5263,171
7289,132
7258,164
7164,210
5450,145
44209,18
36296,18
32218,18
24284,18
2781,90
29123,59
11348,26
22798,90
4671,219
4655,219
4624,219
4593,219
3097,116
3065,145
2800,87
2535,116
2504,184
2395,212
2411,213
2380,210
2224,217
2629,219
2582,223
2489,226
743,225
759,222
774,226
805,215
1756,225
1725,227
1709,224
1678,225
1647,226
1631,228
1616,227
1585,227
1039,218
1351,220
1351,233
1335,233
1335,233
1320,233
1304,228
1289,235
1289,234
1289,220
961,219
977,221
373,229
373,234
373,236
373,236
373,235
373,236
373,236
373,233
380,233
376,232
382,232
385,230
408,224
405,225
411,226
414,226
415,228
416,229
416,226
416,224
424,225
428,224
430,225
438,223
509,187
509,217
509,214
388,197
380,164
376,180
374,193
362,200
356,145
364,142
556,180
587,217
587,219
587,225
572,229
556,229
556,229
556,226
556,220
556,212
310,211
310,174
297,168
297,180
497,233
495,236
494,233
494,233
494,234
494,233
494,234
494,235
494,234
494,234
494,235
494,236
493,233
493,232
493,235
493,231
493,233
493,231
493,231
493,235
485,232
481,232
509,231
509,232
540,229
556,226
572,220
572,222
587,220
572,222
572,223
587,222
587,222
587,225
618,217
447,221
501,217
712,215
151,222
143,220
139,216
137,226
136,230
136,234
128,232
132,226
134,224
135,222
634,220
634,221
618,221
618,220
618,219
634,218
618,216
618,216
618,216
257,215
216,215
223,215
556,230
556,230
541,234
541,233
525,231
509,226
509,229
509,231
525,229
556,229
525,233
541,234
277,237
280,240
282,237
289,236
525,221
556,230
556,237
556,236
403,228
403,232
395,229
391,233
482,221
480,222
479,224
478,223
478,225
478,226
478,229
478,229
469,231
465,230
456,227
351,227
587,206
478,210
462,214
454,215
457,151
452,96
556,216
572,213
712,214
587,213
556,222
572,221
509,211
509,212
509,211
501,211
497,211
495,212
494,213
541,210
541,210
572,221
572,216
572,180
6323,211
6136,216
6058,215
6011,216
5481,210
5419,212
5061,213
5403,213
5232,211
5435,210
5419,214
5170,216
6229,210
6198,193
6183,177
6884,103
6853,177
6806,210
4780,212
4764,220
4733,221
4686,219
4671,220
4640,219
2769,109
2551,184
2458,197
2395,213
2395,214
2380,212
2224,219
2629,221
2567,225
2489,223
2426,225
2364,227
774,225
821,215
1756,225
1725,226
1710,226
1678,228
1647,227
1632,226
1600,225
1585,227
1569,226
1538,227
1351,232
1335,234
1320,233
1320,235
1304,227
1289,235
1289,234
1289,222
977,223
961,219
1242,229
1242,231
376,237
374,237
373,237
373,236
373,236
373,235
373,237
373,233
380,230
376,233
382,231
385,225
406,223
411,227
414,224
415,225
416,229
416,226
424,224
428,226
430,225
438,226
442,224
444,225
509,214
388,171
388,142
380,210
376,180
382,184
366,161
369,174
556,113
587,215
587,225
572,227
572,227
556,226
556,227
556,225
556,219
556,212
337,193
284,148
284,206
297,210
556,212
541,223
495,235
494,233
494,234
494,236
494,235
494,233
486,234
490,235
492,233
493,234
485,233
489,224
28174,13
493,233
493,231
493,232
493,232
493,236
493,232
493,232
493,229
509,231
509,233
509,227
509,225
525,223
525,221
525,222
541,221
541,221
541,216
76,211
68,212
556,221
541,229
556,223
439,236
435,235
433,234
432,235
432,237
432,234
665,226
681,229
681,213
494,218
486,215
728,216
696,218
509,221
509,216
106,211
83,210
650,217
76,214
91,216
634,215
634,222
634,222
634,221
148,217
587,215
203,217
169,214
192,217
572,215
572,221
556,224
556,229
556,231
556,231
556,232
556,235
556,233
541,229
447,224
297,228
290,240
280,239
275,242
272,238
278,238
281,238
282,239
388,227
388,230
402,217
478,210
486,214
490,212
492,214
493,218
485,219
481,219
479,221
478,221
446,228
462,227
447,227
439,228
450,228
464,228
471,220
482,212
488,135
618,197
618,180
461,212
556,211
556,214
541,216
541,212
525,211
525,210
525,210
525,210
525,211
509,211
509,212
509,210
1554,222
1522,222
1522,228
1569,220
61,84
46,87
5871,122
61,84
6183,93
6370,214
6323,210
6136,214
5123,145
4780,212
5232,216
5279,145
7320,174
7243,187
7180,190
5435,212
5372,222
5341,218
6261,168
6198,190
4577,221
4546,217
31,45
3580,74
46,54
3424,67
3471,84
46,54
3065,113
3034,168
2785,113
2520,158
728,220
712,229
712,233
712,234
712,232
712,234
712,234
728,233
743,224
759,226
774,225
821,213
1491,229
1335,220
1304,228
1398,218
1429,232
1413,229
1398,230
1382,233
1039,219
1335,219
1351,233
1335,233
1226,235
1211,234
1211,236
1211,235
1195,236
1195,236
1195,234
1242,217
373,225
373,231
362,237
367,238
387,222
387,227
387,229
395,227
399,228
401,225
402,228
402,226
402,227
409,225
413,226
415,224
457,223
459,221
460,221
469,220
473,221
483,221
488,216
509,116
509,210
509,216
501,214
373,210
634,235
587,228
587,228
587,227
618,213
337,211
323,171
572,213
587,220
572,225
572,226
556,228
509,232
509,235
509,235
509,232
509,233
509,233
501,233
497,231
495,234
494,235
494,235
494,233
497,234
495,232
494,232
494,233
494,233
494,234
494,232
494,234
494,233
494,233
494,234
494,233
525,221
525,223
525,223
540,221
540,214
76,211
68,211
540,223
540,228
572,221
91,219
76,222
433,233
432,234
432,235
432,232
665,228
681,229
696,214
494,220
486,214
151,216
151,221
143,216
509,217
91,211
106,212
665,219
136,216
121,216
121,217
634,221
618,219
618,222
618,220
618,217
146,215
111,216
170,216
572,215
572,222
556,226
556,231
556,232
556,231
556,234
540,231
556,232
540,233
478,223
297,226
290,236
280,240
275,240
272,239
271,238
277,238
280,239
288,237
299,226
398,215
494,211
494,213
494,212
494,215
494,218
486,219
482,220
480,219
479,223
478,224
478,223
439,230
435,229
441,226
459,228
468,222
480,212
486,135
696,174
587,200
461,212
461,215
461,213
556,216
540,213
525,210
525,212
525,211
525,210
525,210
509,211
509,211
509,211
509,211
501,212
1522,225
1553,221
46,74
5839,129
5871,142
6011,96
6447,103
6385,216
6291,210
6120,215
6058,216
5995,215
3607,218
28756,20
43227,28
35191,28
19118,28
64670,27
14996,21
64726,20
56798,20
26071,24
9938,24
9883,24
42328,26
34484,26
44219,18
36055,18
28124,18
20187,18
12252,18
4314,18
4314,18
61913,17
53722,17
49884,17
216,48
3580,77
3517,67
3470,48
3346,64
46,71
3034,151
2831,74
2769,132
2504,193
2442,187
2379,214
712,233
712,233
712,232
712,233
727,232
743,229
743,222
758,227
790,222
1772,219
1740,225
1725,227
1304,229
1413,227
1413,230
1413,229
1397,232
1382,235
1039,227
1351,227
1351,232
1335,236
1320,233
1320,231
1210,236
1195,235
1195,236
1195,235
1195,227
1242,217
373,231
373,233
373,236
373,237
373,236
373,234
395,226
398,227
400,227
401,227
401,226
401,226
401,224
409,227
413,226
415,225
416,225
416,225
468,220
473,221
475,221
484,222
488,215
490,129
509,211
509,217
525,213
402,210
387,174
380,180
587,225
603,223
618,212
324,210
324,211
587,212
587,222
571,228
571,228
556,228
556,229
556,224
509,234
509,233
509,235
509,235
501,232
497,231
495,233
494,232
493,236
493,234
493,234
493,236
494,232
493,233
493,235
493,232
493,230
493,233
493,232
493,233
493,232
493,233
493,232
493,232
525,223
540,220
556,215
106,211
76,212
540,222
540,231
556,223
571,221
61,221
556,219
571,221
428,235
430,233
649,222
681,231
696,218
525,221
501,215
151,216
151,219
143,219
139,218
137,228
98,210
665,216
649,217
121,218
649,216
634,221
634,219
634,220
618,219
618,219
634,217
603,217
226,217
587,215
571,224
556,227
556,228
556,230
556,231
556,234
540,231
525,230
525,227
509,228
297,220
290,239
280,238
275,239
272,237
271,238
277,239
280,239
281,241
295,227
540,227
556,236
485,212
489,213
491,216
492,217
485,220
481,220
479,223
478,222
478,223
478,223
478,222
478,227
442,227
460,227
469,220
481,211
509,109
618,203
540,168
461,212
454,214
457,212
509,109
556,210
525,210
525,211
525,210
525,210
509,210
509,211
509,211
501,211
509,211
501,211
497,213
495,215
46,80
5824,142
5918,129
6089,87
6432,132
6385,216
6183,212
6120,216
6058,216
5980,214
5434,210
5419,210
7274,158
7227,135
7180,138
5403,215
5372,223
5341,213
6245,210
6214,190
6167,90
6868,132
6837,177
6790,174
60174,92
3517,51
3471,71
121,51
3112,64
3065,151
2878,80
2738,103
2520,210
2426,200
2395,214
2395,214
2224,218
2613,223
2535,225
2473,224
2395,225
2348,225
2286,224
2239,224
727,228
712,232
712,236
712,232
1631,227
1616,228
1600,229
1569,229
1553,228
1538,229
1507,229
1491,229
1491,219
1304,220
1304,230
1429,229
1273,228
977,220
977,221
1273,219
1242,230
1257,225
961,220
1226,233
1211,234
1211,236
1211,235
1195,233
373,232
373,232
380,232
384,233
378,230
383,219
392,168
390,222
396,223
392,227
390,228
396,227
424,227
428,227
430,225
438,223
442,226
444,224
452,221
456,222
458,222
459,223
468,222
473,221
362,145
367,158
556,190
587,218
572,226
572,231
603,227
650,234
634,232
603,227
587,230
587,225
572,193
310,174
290,171
556,148
572,213
525,223
525,232
509,231
525,230
509,235
509,233
509,234
486,234
490,236
484,231
489,234
491,232
509,218
509,218
501,226
497,232
495,234
494,235
494,232
497,231
509,234
501,230
509,235
509,228
509,225
509,222
525,222
525,224
540,224
525,221
540,218
587,224
603,222
447,219
439,221
443,230
437,235
434,232
433,234
432,235
432,234
432,233
432,225
129,229
125,224
123,225
129,219
132,220
696,224
525,218
509,220
509,216
106,210
83,212
650,220
618,216
587,215
230,215
223,216
233,216
603,215
230,218
603,215
257,216
257,215
106,216
587,219
525,228
525,227
540,234
540,239
540,238
540,233
556,235
556,235
540,228
461,222
284,236
284,239
402,230
395,226
391,231
396,232
406,224
556,223
388,225
395,226
413,212
494,212
494,212
494,213
465,230
463,228
373,225
362,226
375,224
432,227
446,228
446,225
431,230
439,229
458,225
468,227
587,214
556,222
572,220
572,214
556,135
556,180
556,213
540,215
587,215
525,210
525,211
525,210
572,215
572,220
572,213
6105,109
6354,213
1553,221
1553,222
1522,225
1553,226
1569,212
76,64
5793,145
5232,210
5419,216
5185,210
5138,219
5169,217
4982,214
5107,151
5216,184
5247,214
7351,126
7305,197
7180,164
4717,220
4686,220
4655,220
4640,219
4608,220
4593,220
4562,219
4546,212
61,42
3580,64
91,84
3393,87
2535,225
2473,224
2395,226
2348,226
2286,226
2239,226
727,226
712,232
712,234
712,234
712,234
712,235
1600,226
1569,226
1553,228
1538,230
1507,227
1491,227
1491,222
1304,218
1304,228
1429,228
1413,231
1398,227
961,221
1273,221
1242,230
1242,227
961,219
1226,230
1226,233
1211,233
1211,234
1195,235
1195,235
1195,238
384,234
386,228
387,230
387,222
394,210
391,222
389,225
388,229
395,226
398,229
400,227
401,227
431,227
439,225
443,226
445,224
446,225
453,224
457,220
459,221
468,221
473,222
483,221
488,220
556,210
603,219
572,225
572,230
634,227
650,234
634,234
587,230
587,231
603,222
618,212
324,210
306,184
301,171
525,213
525,225
525,228
525,234
509,232
509,234
509,234
509,234
509,232
509,234
494,233
486,234
490,231
509,219
509,216
501,227
497,231
495,232
494,232
494,231
494,235
494,232
509,232
509,233
509,227
509,225
509,223
525,223
525,222
525,223
540,221
525,221
540,213
106,210
432,221
439,222
443,230
445,234
438,233
435,232
433,235
425,235
428,232
430,226
665,231
696,221
126,223
131,218
665,217
696,222
525,218
525,222
509,212
76,210
91,213
665,219
76,217
91,216
618,216
603,215
243,215
256,215
587,216
106,216
147,215
188,213
209,214
572,220
556,224
572,228
540,236
556,241
556,238
556,235
556,236
556,235
525,229
509,223
284,234
284,237
284,238
284,238
384,233
393,234
405,223
556,221
388,227
388,229
402,212
494,213
494,213
494,214
494,215
494,217
373,225
362,230
375,227
447,227
454,227
450,227
433,226
440,228
459,225
468,226
481,216
487,210
572,220
572,213
556,174
556,174
556,212
540,215
556,216
540,211
525,210
525,210
525,211
525,211
572,211
6105,161
6354,213
1553,220
1553,223
1522,227
1538,227
1569,184
5793,80
5824,151
5996,126
6167,109
5185,213
5107,218
5185,218
4982,212
4780,211
5216,211
5247,213
7320,145
7274,197
7164,174
7180,164
5388,221
4655,220
4624,219
4608,218
4577,218
4562,219
4546,109
3595,74
76,45
76,58
3361,84
61,48
3081,71
2380,226
2333,225
2270,225
2239,223
727,228
712,232
712,234
712,235
712,233
712,233
727,234
743,229
1553,228
1522,229
1507,228
1491,229
1335,218
1304,222
1304,228
1429,233
1413,230
1382,227
1382,232
1382,226
1242,234
1257,226
1242,222
1226,232
1211,234
1211,235
1211,235
1195,236
1195,236
1195,234
1226,217
388,223
378,226
390,214
389,211
388,224
388,225
395,225
398,226
400,228
401,227
401,227
401,228
409,225
441,225
444,224
445,224
453,223
457,221
459,220
468,222
473,222
475,219
476,219
485,211
525,129
572,226
572,233
650,231
634,234
618,232
587,229
587,230
618,219
634,210
324,210
330,212
587,216
540,218
525,227
525,234
509,231
509,232
509,234
509,234
509,233
509,234
509,233
501,232
509,234
494,227
509,216
501,218
497,227
495,234
494,232
494,230
494,234
494,234
494,234
494,233
494,235
509,228
509,226
525,224
525,224
525,221
525,220
525,223
540,222
91,212
68,213
540,214
540,228
435,227
433,232
425,234
428,234
430,235
431,232
431,234
431,224
650,232
696,219
525,220
501,216
37134,31
696,219
696,221
525,220
525,221
76,212
68,211
87,213
665,217
121,217
128,217
634,222
618,221
634,223
618,220
634,219
618,217
618,216
618,216
257,215
243,220
250,218
253,216
216,216
556,232
556,234
556,232
525,230
525,227
509,230
509,230
509,228
540,231
525,229
540,234
556,238
281,240
282,239
289,236
525,221
556,237
556,238
556,235
402,229
402,233
395,229
384,233
393,232
479,223
478,223
478,224
478,226
478,225
478,229
469,231
465,230
463,230
455,225
373,226
362,228
447,210
454,215
457,212
467,161
76,84
556,215
587,214
759,214
587,213
556,223
572,219
572,210
509,211
509,210
509,212
509,212
493,211
493,213
525,168
540,197
572,220
572,217
587,211
6089,164
6167,216
6105,215
6011,216
5996,211
5434,213
5060,212
5388,211
5372,211
5403,180
5419,216
5169,213
5107,219
6214,203
6167,210
7024,71
6853,184
6822,210
6775,119
4764,219
4733,219
4702,221
4686,219
4655,218
4624,219
2551,116
2520,187
2395,211
2395,215
2411,212
2224,214
2239,214
2582,224
2520,223
2442,225
2380,224
2333,224
805,219
1772,224
1741,226
1709,226
1678,226
1663,226
1631,226
1616,228
1600,227
1569,227
1553,227
1522,228
1335,233
1335,234
1320,233
1304,226
1288,234
1288,234
1288,228
977,220
977,220
1273,220
1242,231
1257,223
374,238
373,238
373,235
373,235
373,234
373,234
373,235
380,232
376,232
382,231
385,229
393,215
416,226
416,224
416,229
416,224
416,225
416,227
424,227
428,226
430,224
438,227
442,226
444,224
373,190
373,168
362,151
356,193
364,190
368,203
370,155
478,103
587,213
587,221
571,227
571,231
571,230
556,227
556,228
556,220
556,212
297,206
297,151
297,168
303,174
556,210
556,217
525,227
493,232
493,234
493,237
485,235
489,235
491,235
492,233
485,236
481,235
487,234
490,228
509,216
493,231
493,232
493,232
493,235
493,233
493,232
493,233
509,230
509,237
509,231
509,227
525,226
571,221
571,220
571,221
587,223
556,224
587,222
587,221
618,218
432,220
439,224
442,233
437,234
139,219
145,219
140,226
138,234
137,236
136,231
128,225
124,224
130,218
133,217
712,222
696,217
618,218
634,216
618,215
257,217
263,216
230,216
236,219
241,216
245,217
244,216
243,218
216,215
525,232
525,227
509,230
509,231
509,232
525,227
525,225
525,233
540,238
556,238
556,236
556,233
292,226
540,226
556,234
556,237
556,228
388,231
388,230
388,232
388,234
402,228
587,222
402,222
478,224
478,224
478,227
478,229
478,230
478,232
469,234
457,223
351,229
362,227
417,228
439,227
461,212
477,132
556,155
556,214
571,214
743,214
556,215
556,219
571,220
556,203
540,158
540,203
501,210
497,212
495,214
494,213
540,168
556,187
571,223
571,213
571,197
6354,171
1553,211
1538,222
5995,215
5964,210
5419,213
5076,213
5387,210
5356,187
5434,210
5419,216
5185,216
5107,218
5185,215
5123,193
36824,20
35282,28
26999,28
3265,28
15058,21
2967,21
56798,20
26075,24
18084,24
6098,24
56766,87
29920,221
4546,217
46,51
3611,71
76,54
83,64
3377,93
0,38
3065,84
3034,151
2847,87
2551,113
2473,174
727,229
712,232
712,233
712,234
712,234
712,233
727,232
743,227
758,225
774,225
821,217
1756,225
1335,217
1304,227
1304,221
1429,230
1413,229
1397,230
1382,235
1366,220
1055,219
1351,233
1335,234
1335,235
1210,233
1210,235
1210,235
1195,235
1195,235
1195,234
1226,218
373,226
373,233
373,236
373,237
373,234
388,225
388,229
395,227
398,229
400,228
401,229
401,223
401,226
409,227
413,226
415,227
416,228
457,221
459,223
468,221
473,219
475,220
484,218
509,168
509,168
509,218
509,216
373,200
373,180
603,230
587,230
587,226
618,216
324,210
317,210
587,211
587,222
587,224
571,229
571,228
556,228
509,231
509,235
509,233
509,232
509,234
509,233
501,231
497,234
495,234
494,233
493,236
493,233
495,233
494,232
493,233
493,235
493,233
493,232
493,231
493,235
493,232
493,233
493,234
485,231
525,221
525,218
540,219
106,214
83,212
64,213
540,223
556,227
556,227
556,220
571,220
76,222
432,234
432,235
432,232
649,225
681,229
696,216
493,221
485,213
151,217
151,224
143,218
139,218
509,210
76,211
634,217
91,216
98,216
618,218
634,220
618,219
618,220
618,220
618,218
634,217
118,216
257,220
587,215
571,222
571,227
556,230
556,231
556,233
556,233
540,232
525,231
525,228
461,221
283,228
283,238
276,240
273,240
271,237
277,237
280,240
281,239
289,242
299,222
540,229
493,212
493,212
493,213
493,214
493,217
485,219
481,220
479,222
478,223
478,223
478,225
478,225
439,229
450,228
464,226
471,221
482,211
480,113
618,184
509,155
485,212
465,216
463,211
470,119
540,212
525,210
525,211
525,211
509,210
525,211
509,210
509,212
509,213
501,211
509,211
501,211
1553,221
61,58
53,80
5855,113
6104,100
6245,129
6369,214
6369,210
6151,214
6058,216
5980,215
5481,210
3608,16
40533,20
27035,28
15249,28
3259,28
15038,21
64722,20
56799,20
26076,24
14034,24
9925,24
62382,26
6790,200
4780,211
4764,220
4733,218
4702,220
4655,219
4639,219
4624,220
4593,219
4577,218
4546,218
31,51
2395,211
2208,218
2629,221
2551,223
2488,226
2426,225
2364,225
2317,226
2255,226
727,223
712,231
712,232
1678,226
1647,226
1616,226
1600,227
1585,228
1553,227
1538,227
1522,228
1507,230
1491,229
1335,217
1304,228
1288,236
1288,234
1288,222
977,221
961,219
1242,227
1242,229
961,219
1226,229
1226,233
1210,235
1210,236
373,236
373,236
373,232
380,233
384,232
386,231
387,224
394,158
391,218
389,225
388,226
388,227
416,225
424,224
428,226
437,225
434,226
440,224
443,224
444,221
452,223
456,224
458,222
468,221
367,187
359,180
366,184
556,109
587,216
587,224
571,228
587,230
634,234
634,235
603,230
587,229
297,211
556,210
297,210
297,135
290,187
556,210
525,222
525,228
525,232
509,233
509,236
509,233
485,235
489,235
491,234
484,235
481,235
487,230
490,222
492,217
493,223
493,232
493,234
493,232
509,233
501,232
497,234
495,233
509,232
509,227
509,224
525,227
525,225
525,220
525,219
525,221
572,224
572,226
587,224
587,216
447,223
447,225
439,234
435,235
433,234
432,235
424,234
428,235
137,235
121,227
121,225
121,226
136,218
136,219
696,224
712,215
525,221
509,214
509,210
106,213
5646,37
603,215
603,215
603,216
618,216
257,217
603,215
603,215
76,217
603,217
106,214
98,214
572,221
572,222
556,226
556,231
572,231
556,233
540,235
540,232
540,230
525,227
509,228
509,229
290,239
280,239
275,238
272,241
271,239
277,240
280,239
288,240
556,218
556,232
556,237
556,236
494,213
494,216
494,218
486,217
482,219
480,222
479,222
478,226
478,226
478,225
478,227
478,230
468,225
473,216
475,190
727,119
603,210
447,171
454,214
450,213
455,193
556,103
556,213
572,214
525,211
525,211
509,210
509,210
509,210
509,211
509,211
509,212
501,212
497,212
495,213
494,164
5824,138
5949,103
6105,113
6401,171
6370,216
6167,214
6105,216
6027,216
5996,212
5419,212
5435,151
5403,161
7165,210
7180,200
5388,217
5357,219
5341,211
6229,171
6198,203
6167,138
6853,145
6822,200
6791,174
4764,217
3408,74
46,48
3143,61
3034,138
2894,77
2769,119
2520,210
2458,210
2395,214
2395,213
2380,200
2224,220
712,235
728,234
728,232
743,221
759,226
790,223
1772,220
1741,226
1725,225
1694,226
1663,228
1647,227
1398,228
1398,231
1382,233
1039,227
1351,224
1335,233
1335,235
1320,233
1320,232
1289,231
1289,234
1289,232
1195,236
1195,226
1258,215
373,232
373,233
373,240
373,236
373,237
373,237
373,235
373,236
373,234
402,226
402,227
402,225
409,227
413,225
415,227
416,227
416,223
416,226
416,226
424,226
428,224
484,220
489,215
76,113
525,210
509,215
509,212
373,174
362,210
367,210
370,210
371,193
372,168
41986,91
55810,75
56834,60
59394,75
58370,138
59394,122
59394,91
58626,75
58626,91
57346,106
54530,168
39817,0
297,158
310,180
303,184
556,212
525,220
525,231
509,230
509,233
509,232
509,232
509,235
509,231
494,233
494,235
486,234
490,231
509,218
509,216
501,226
497,231
495,235
486,233
490,229
492,234
493,232
509,233
509,234
509,228
509,224
525,226
525,223
525,221
525,222
541,220
541,219
541,216
603,219
447,217
447,223
447,229
439,230
435,235
433,234
425,234
428,234
430,234
431,230
634,228
128,225
124,224
130,219
681,217
696,225
509,219
525,220
509,212
61,211
76,212
650,218
106,217
618,215
243,216
603,215
91,215
603,216
587,218
603,217
136,216
121,215
175,216
572,221
556,222
525,231
540,237
540,238
556,238
556,237
556,235
556,236
525,224
509,220
284,237
284,238
270,238
387,228
387,233
402,230
587,220
402,219
395,227
391,221
478,212
485,213
489,213
491,215
492,216
448,225
351,231
362,229
417,227
439,228
458,228
445,227
438,226
442,226
460,228
469,224
473,214
556,223
571,221
556,211
571,158
556,174
540,214
540,215
571,213
525,211
525,210
525,213
525,212
571,216
571,203
6089,158
1569,211
1538,221
1522,223
1522,227
1553,226
1585,71
5777,74
5839,145
61,100
5403,217
5185,215
5107,218
5185,216
4998,210
4780,213
5216,212
5247,211
7320,119
7289,164
7180,193
7164,161
4686,219
4655,219
4624,219
4608,219
4577,218
4561,219
4546,129
0,64
46,80
3517,71
46,74
83,54
2457,226
2395,224
2333,226
2286,226
2239,224
727,229
712,232
712,234
712,233
712,232
712,232
727,232
1569,229
1553,227
1538,229
1522,227
1491,227
1491,222
1304,218
1304,230
1429,230
1413,231
1397,228
1397,233
1257,220
1242,232
1242,228
961,220
1226,230
1226,235
1210,235
1210,236
1195,236
1195,236
1195,234
1195,224
384,232
386,229
387,220
394,206
391,221
389,224
388,227
395,224
398,231
400,228
401,228
401,229
438,225
442,226
444,225
445,222
453,222
457,221
459,221
468,222
473,220
475,221
484,220
509,212
603,217
571,226
571,230
603,228
649,233
618,233
587,227
587,227
618,222
618,211
324,211
317,210
297,168
556,213
525,227
525,232
525,231
509,231
509,234
509,233
509,234
509,233
509,234
509,234
485,235
489,230
509,219
509,219
501,232
489,231
491,232
492,232
492,233
492,233
492,233
492,232
509,230
509,226
509,223
509,223
525,221
525,221
525,222
540,222
540,219
91,212
98,211
540,216
438,223
442,229
444,234
438,233
435,235
433,235
432,234
432,234
649,222
681,231
696,215
509,221
136,221
696,223
696,219
509,221
525,218
76,211
76,212
649,219
665,217
91,216
634,219
649,221
243,217
167,216
603,216
106,216
106,217
257,214
189,217
587,216
571,222
556,225
556,228
556,234
556,238
556,237
556,235
556,236
556,234
446,225
283,222
283,239
276,239
273,239
271,239
270,238
400,232
571,221
402,223
395,231
398,219
493,213
493,213
493,214
493,215
485,216
481,219
479,220
362,227
432,226
446,227
462,228
447,227
432,226
439,228
458,226
468,225
480,215
486,164
634,197
571,211
556,161
556,210
556,214
540,214
540,216
525,211
540,184
525,210
525,211
525,211
509,211
6089,96
6354,213
1553,219
1538,222
1522,226
1538,226
1553,212
16,64
5808,135
5964,96
6089,106
6354,119
5138,217
5154,218
4967,214
5107,174
4780,210
5232,216
7336,168
7289,180
7180,174
7164,180
5434,215
5372,224
4639,220
4624,220
4593,220
4577,219
4561,215
31,54
3580,87
76,71
61,58
3392,64
61,71
3096,126
2488,224
2426,225
25003,71
6145,84
6188,14
25079,60
57609,253
58120,207
57608,215
56322,200
59138,200
59650,200
758,224
774,223
821,213
1756,227
1725,225
1709,228
1678,226
1647,227
1631,226
1600,227
1585,228
1553,227
1366,220
1351,232
1335,236
1320,235
1304,235
1304,227
1288,233
1288,233
1288,221
977,221
1273,220
1257,229
57614,116
373,234
373,236
373,236
373,235
373,234
373,236
373,235
373,234
373,233
373,233
380,230
386,221
478,126
388,221
388,228
388,226
388,227
395,228
398,227
400,228
401,226
401,228
401,225
444,226
445,222
453,225
457,220
459,222
468,219
473,220
483,222
488,218
509,211
337,96
509,215
571,231
649,229
634,233
618,233
587,228
587,227
618,221
634,211
310,210
310,211
587,215
587,222
525,226
525,231
509,232
509,235
509,233
509,233
509,233
501,234
497,232
495,230
494,233
493,236
509,219
509,220
501,228
497,233
495,232
494,232
493,232
493,235
493,231
493,233
493,233
493,233
525,226
525,221
525,221
540,220
525,220
540,219
540,215
556,212
46,212
540,219
540,229
556,226
435,235
433,235
432,233
432,234
432,232
424,236
649,221
681,232
696,215
509,223
493,217
727,216
696,220
509,220
509,218
501,211
106,212
649,216
665,216
136,218
649,217
634,220
634,218
618,221
243,215
250,216
603,214
203,216
223,216
231,216
571,219
556,228
556,230
556,231
556,231
556,231
556,236
556,237
556,235
446,224
297,220
290,241
286,240
278,239
274,241
278,240
280,239
281,240
417,221
402,229
402,221
461,212
477,212
485,213
481,215
479,216
486,217
482,218
480,221
479,222
446,227
462,227
454,229
443,228
444,228
461,228
469,225
473,215
483,161
805,171
618,203
478,151
556,177
556,212
540,213
540,216
525,212
540,211
525,210
525,211
509,211
509,211
509,212
509,211
1553,220
1538,221
1522,223
1538,228
1585,215
76,71
5824,155
5949,100
6042,103
6245,109
6369,217
6182,215
4982,214
5123,135
4780,193
5232,216
7351,129
7289,158
7242,184
7164,210
5419,215
5372,222
5341,213
6229,206
4577,217
4561,220
4546,211
16,48
3580,84
91,64
3486,48
3455,48
31,67
3050,161
3018,77
2738,109
2255,225
727,228
712,231
712,235
712,233
712,235
712,234
727,232
727,229
758,221
758,225
790,222
1491,227
1491,221
1304,218
1304,230
1429,231
1413,230
1397,227
1382,233
1382,231
1039,229
1351,229
1335,232
1226,232
1210,233
1210,234
1210,234
1195,235
1195,237
1195,236
1226,222
388,218
380,233
376,235
374,236
391,225
389,228
388,226
388,226
388,226
395,227
398,225
400,224
408,227
412,226
414,228
415,226
445,221
453,224
465,223
471,220
474,223
476,219
484,219
488,210
525,96
509,217
525,217
525,184
634,235
618,233
587,226
587,227
603,218
324,210
324,210
317,211
603,219
587,223
571,229
571,229
525,233
509,234
509,233
509,233
509,233
509,233
501,235
509,233
501,234
509,234
501,235
497,235
495,229
494,233
493,231
493,234
493,232
493,233
493,230
493,232
493,232
493,234
493,234
493,231
525,221
525,222
540,220
540,219
540,216
46,212
76,212
540,219
540,227
556,225
571,221
76,221
433,233
432,234
432,234
432,232
649,223
681,231
681,216
525,221
501,216
727,218
136,222
136,220
509,218
509,211
91,212
649,217
634,214
76,216
649,216
649,220
634,219
634,220
618,221
634,218
144,215
166,215
257,218
587,215
571,222
556,226
556,230
556,229
556,232
556,234
571,232
556,232
556,232
461,223
297,220
290,240
286,240
278,241
274,238
272,239
277,238
280,237
288,241
292,227
398,218
493,213
493,213
493,214
493,214
485,216
489,219
483,222
480,221
479,221
478,222
478,223
442,228
429,227
445,225
461,225
469,225
473,215
483,193
790,210
618,210
461,210
461,214
453,214
6444,14
17824,28
55298,28
55042,28
54018,28
53762,13
54018,13
53762,253
53761,13
54018,253
54017,253
53761,253
497,212
495,213
494,213
509,210
540,210
571,216
571,221
571,212
61,113
6354,213
1553,220
1553,223
5980,214
5434,212
5419,174
5076,138
5372,212
5387,187
5419,215
5403,200
5123,218
5123,216
4982,213
5138,155
47066,28
31137,28
3233,28
3249,28
15019,21
64727,20
60637,20
18133,24
9934,24
9938,24
60512,87
519,104
4546,211
3611,51
121,51
3486,74
3424,90
3424,58
3065,51
3050,168
2863,80
2753,135
2520,210
2426,200
712,232
712,235
712,232
712,234
712,233
727,232
743,229
758,223
758,226
805,220
1772,222
1740,226
1304,221
1304,229
1429,230
1413,231
1397,230
1382,234
1382,229
1039,227
1351,232
1335,234
1335,233
1320,234
1210,235
1210,235
1195,235
1195,235
1195,237
1226,219
388,220
380,234
376,233
374,238
373,238
373,234
387,226
387,229
394,225
398,228
400,227
408,224
405,225
411,226
414,226
415,226
416,227
416,225
459,220
468,221
473,220
475,221
476,217
484,206
587,126
509,215
525,215
509,210
373,177
373,187
587,229
587,227
618,217
618,211
310,203
587,200
587,218
587,225
571,228
571,229
556,228
556,230
509,232
509,234
509,232
509,234
509,232
501,234
497,231
495,235
494,235
494,234
494,236
494,233
483,233
488,233
491,232
492,230
493,233
493,234
493,233
493,232
493,234
493,233
493,233
493,233
525,221
525,220
540,215
76,211
91,213
540,222
540,227
556,225
572,220
46,219
572,220
587,225
431,236
431,233
650,224
681,233
712,213
509,220
493,214
727,216
136,221
143,218
139,220
137,229
76,211
665,219
91,215
98,218
650,218
634,221
634,220
618,221
618,223
618,220
618,219
618,217
135,216
587,215
572,223
572,227
556,230
556,229
572,230
556,233
572,231
541,232
509,227
509,227
297,222
290,240
287,239
278,241
274,241
272,239
278,240
281,240
282,239
289,227
541,224
556,233
26126,55
494,212
494,213
494,215
486,217
482,219
480,220
479,221
478,223
478,224
478,225
478,223
478,228
478,228
478,231
478,230
455,223
351,228
362,226
417,226
432,227
455,228
443,228
437,227
572,213
572,213
743,214
572,213
556,224
572,222
587,210
556,193
556,187
556,212
541,216
541,215
494,214
556,145
541,210
572,217
572,217
572,212
6120,122
6339,212
1554,220
1554,223
1522,226
1538,226
5076,168
5559,161
5403,211
5201,187
5419,217
5185,211
5123,218
5185,215
4983,212
4780,187
5216,197
5248,215
6791,210
4764,219
4749,220
4718,222
4686,221
4655,219
4624,218
4609,219
4577,220
4562,219
4546,210
76,58
2395,187
2224,217
2598,225
2520,223
2457,225
2395,227
2333,225
2270,225
2239,224
727,229
712,231
712,234
1663,227
1631,227
1616,227
1585,227
1569,226
1553,229
1522,228
1507,230
1491,227
1476,217
1304,222
1304,225
1289,236
1289,227
977,221
977,220
1257,223
1242,231
1257,225
1242,221
1226,232
1211,234
1211,234
1211,235
373,235
373,233
373,233
380,229
384,233
386,227
394,211
391,213
389,225
388,226
388,228
388,226
424,225
428,226
430,222
438,225
442,225
444,225
445,224
446,223
453,227
457,225
467,222
472,220
374,158
362,155
509,119
587,214
572,220
572,227
587,231
665,231
634,234
618,231
587,227
587,228
297,211
297,197
290,200
300,180
291,174
540,218
525,227
525,230
509,232
509,234
509,234
509,235
485,234
489,234
491,234
492,235
492,233
492,228
525,214
509,219
501,232
497,232
495,232
494,232
497,232
495,234
509,232
509,234
509,232
525,229
509,226
525,224
525,224
525,221
525,223
540,221
587,222
587,222
603,218
446,221
446,225
446,230
439,233
435,234
433,234
432,233
432,236
432,233
130,232
133,226
127,223
124,219
130,216
696,221
681,222
509,220
509,220
509,211
106,212
665,218
603,215
603,216
257,217
603,215
603,215
189,215
132,216
111,218
108,216
99,217
151,215
587,214
525,229
556,229
525,230
540,235
556,237
556,237
556,236
556,234
556,233
446,223
297,218
290,240
402,228
402,231
387,233
387,232
394,230
556,219
388,222
388,228
395,219
493,212
493,212
493,215
478,231
469,232
457,225
351,229
362,224
417,228
439,229
458,229
445,228
438,229
442,229
451,228
743,213
556,217
556,223
571,218
571,171
556,171
540,210
540,214
540,216
540,213
525,190
525,210
556,211
571,222
571,212
587,161
6354,212
1553,216
1553,224
1522,223
1522,229
1553,220
106,77
5793,119
5247,211
5419,212
5387,213
5138,218
5123,217
4982,212
5123,206
4764,213
5232,217
7351,119
7289,158
7227,158
4717,219
4702,220
4671,220
4639,220
4624,219
4593,217
4561,219
4546,216
31,48
3595,84
3502,61
61,45
2551,225
2488,226
2411,226
2348,224
2301,226
2255,228
727,223
712,232
712,234
712,233
712,233
712,232
1600,228
1585,227
1569,226
1538,228
1522,228
1507,228
1491,228
1320,218
1304,227
1382,221
1429,230
1413,230
977,223
977,221
1242,230
1242,230
1242,220
1242,226
1226,233
1210,234
1210,235
1195,234
1195,234
1195,235
376,235
382,234
385,232
386,223
394,206
391,216
389,224
388,226
388,226
395,229
398,226
400,228
428,227
430,224
438,225
442,222
444,224
445,224
453,223
457,221
459,221
468,221
473,221
475,222
509,122
587,214
587,223
571,226
587,229
665,231
634,237
618,230
587,229
587,230
603,217
681,210
297,184
303,190
300,210
540,217
525,229
525,231
509,232
509,233
509,234
509,235
509,237
509,234
493,234
493,233
493,232
493,226
509,217
509,219
493,234
493,234
493,234
493,233
493,231
485,233
509,231
509,237
509,231
509,228
509,226
509,224
525,223
525,221
525,220
525,221
540,218
136,212
603,217
446,222
439,227
442,232
437,234
434,235
425,234
428,237
430,234
431,234
634,222
665,233
122,224
129,221
125,218
696,221
681,221
509,219
525,219
76,212
91,211
665,217
665,215
106,216
243,216
243,218
243,217
250,217
91,217
76,215
76,215
91,215
167,215
587,215
571,223
571,224
525,232
540,239
540,240
556,235
556,234
556,237
556,234
461,225
283,222
283,238
283,240
276,241
391,232
389,234
403,230
556,222
402,224
395,229
398,219
478,212
485,214
489,213
491,216
492,217
460,224
351,225
362,227
417,226
431,229
454,227
443,228
437,228
457,228
467,226
472,225
482,211
556,221
571,218
587,171
556,164
540,210
556,215
556,216
587,212
525,197
540,197
525,210
525,211
571,212
571,145
6354,213
1553,216
1553,223
1522,224
1538,227
1553,218
61,96
5824,100
5902,119
6073,100
5403,212
5154,217
5123,218
4982,212
5107,161
4780,211
5232,216
7367,122
7320,193
7180,180
7164,164
5403,214
4671,219
4639,219
4608,219
4593,219
4577,220
4561,214
76,51
53,84
79,48
55,67
3424,71
3112,51
2411,226
2348,224
2301,224
2239,226
727,225
712,229
712,234
712,234
712,234
712,234
727,231
727,231
1553,229
1538,228
1522,228
1507,230
1491,225
1444,218
1304,229
1429,223
1413,231
1397,228
1397,233
1382,233
1242,229
1242,230
1242,220
1226,225
1226,235
1210,236
1210,235
1210,233
1195,236
1195,235
1195,229
1226,217
384,230
386,221
394,174
391,219
389,226
388,228
388,224
395,230
398,228
400,227
401,225
401,225
431,227
438,224
442,224
444,224
452,222
456,223
467,223
472,222
475,220
484,221
488,216
540,119
23822,135
587,224
571,231
587,228
649,234
634,234
603,230
587,229
587,227
618,213
310,174
310,197
587,217
587,226
571,227
556,225
556,228
556,225
556,217
556,211
310,203
310,174
303,164
306,158
494,233
493,233
493,235
493,235
493,236
493,236
493,232
485,233
489,235
491,233
492,235
485,234
489,232
491,232
492,233
492,235
492,232
492,234
492,233
492,235
492,232
492,232
509,232
509,233
540,227
556,221
571,220
76,222
571,222
571,221
587,222
587,224
587,221
571,223
432,217
439,220
485,214
727,216
136,221
136,219
143,220
139,229
137,238
136,235
128,230
124,224
130,227
125,221
634,221
618,222
618,223
634,217
618,216
618,216
270,215
91,215
167,220
257,219
243,217
250,219
556,234
556,232
556,232
525,231
509,228
509,229
509,230
509,231
525,229
525,228
540,233
556,237
270,238
276,240
279,241
294,221
556,229
540,236
556,236
417,224
409,232
398,229
385,234
386,233
478,222
478,223
478,222
478,225
478,225
478,228
478,228
469,231
465,230
455,230
373,226
362,229
478,177
469,214
465,213
463,210
478,135
571,213
571,213
587,213
587,212
556,220
571,220
571,215
509,211
509,211
509,212
501,211
497,212
495,213
509,210
540,177
556,214
571,220
556,214
6104,142
6182,212
6120,216
6058,216
5980,214
5450,203
5403,210
5060,210
5356,214
5216,206
5419,214
5403,210
5138,217
6245,206
6198,155
6214,103
6868,158
6853,164
6790,210
4780,217
4748,220
4717,219
4686,220
4655,218
4624,217
2863,109
2504,210
2426,203
2395,214
2395,212
2395,211
2224,220
2629,223
2551,225
2488,226
2411,224
2348,225
790,224
1772,214
1740,227
1725,226
1694,226
1678,225
1647,227
1616,227
1600,228
1585,230
1553,228
1538,225
1351,233
1335,236
1320,234
1320,234
1304,228
1288,234
1288,233
1288,221
977,220
961,221
1242,228
1257,228
373,234
373,237
373,236
373,235
373,235
373,232
373,235
373,234
380,231
376,232
382,232
385,224
412,226
414,227
415,226
416,226
416,227
416,224
424,225
428,225
430,225
438,223
442,227
444,224
509,214
373,197
373,200
362,155
367,211
359,161
366,129
377,93
571,142
587,218
571,224
571,230
571,227
571,228
556,228
556,225
556,217
297,211
297,200
297,187
303,171
293,184
540,212
525,223
493,234
493,234
493,234
493,234
493,233
493,236
493,235
493,233
485,233
489,236
483,234
488,220
493,229
493,231
493,232
493,233
493,231
493,232
493,233
493,230
493,236
509,234
509,226
509,226
571,220
571,220
571,220
587,223
587,222
587,224
587,225
603,223
618,217
446,220
446,228
446,232
149,221
142,215
139,222
137,230
136,239
136,234
128,227
132,223
126,222
138,218
157,217
681,223
618,221
634,217
618,215
230,216
236,216
219,217
231,217
237,218
242,218
245,217
244,216
243,218
556,231
525,228
509,227
509,228
509,232
509,229
525,229
525,228
540,234
556,239
556,237
556,236
289,236
540,217
556,232
556,236
556,237
417,228
402,230
395,226
391,234
404,230
410,218
571,220
478,223
478,224
469,227
473,229
475,229
468,227
473,231
467,226
351,225
351,229
417,224
424,229
50497,1
53720,1
11982,0
11377,2
19411,2
19414,2
19414,2
11477,2
15327,2
11485,2
15317,2
11415,2
556,212
556,214
556,215
540,211
540,197
525,200
525,211
525,210
525,211
509,212
509,210
509,211
1538,224
1522,223
1538,228
1569,215
46,64
5793,148
5980,113
6089,148
6385,113
6369,217
6182,214
6104,215
852,20
44212,18
28878,20
51159,28
31134,28
3282,28
3269,28
7118,21
60631,20
56798,20
21975,24
13985,24
6198,126
6868,168
6821,187
6790,180
4764,217
4748,220
4717,220
4686,219
4655,219
4639,219
4608,217
4593,217
2473,206
2395,214
2395,212
2395,210
2224,219
2598,224
2520,224
2473,226
2411,225
2348,225
2286,225
2239,225
1740,226
1709,225
1694,227
1662,226
1647,226
1616,226
1600,227
1585,228
1553,228
1538,228
1507,227
1491,228
1320,234
1304,228
1289,231
1289,233
1289,231
977,220
977,223
961,219
1242,230
1257,226
1242,219
1226,232
373,236
373,235
373,234
373,235
373,234
373,232
380,232
384,235
378,229
383,218
447,184
388,223
416,228
416,226
416,226
416,225
424,226
428,230
430,226
431,225
439,222
443,224
445,224
446,223
373,174
373,206
362,184
367,129
370,158
360,145
572,211
603,221
572,225
572,230
650,226
650,234
556,228
556,225
541,216
297,197
572,197
284,148
284,200
290,177
541,213
525,226
525,235
509,231
494,236
494,235
494,234
494,235
494,234
486,235
482,235
488,235
491,231
509,217
501,218
497,227
60942,1
61162,1
61161,1
61162,1
61162,1
61160,1
65001,1
65002,1
65000,1
64994,1
3554,2
3553,2
525,222
525,221
525,220
541,218
556,213
61,212
556,212
541,228
556,227
572,221
76,221
587,221
432,237
432,238
432,233
432,230
665,231
681,221
541,214
478,218
696,213
151,218
151,220
143,217
509,214
76,212
91,211
650,221
106,216
113,215
650,219
650,220
618,218
634,220
618,222
618,220
76,215
76,217
257,218
572,218
572,223
556,229
556,230
556,230
556,230
541,233
556,231
541,231
556,229
461,221
284,229
284,238
277,236
273,239
271,241
270,236
277,239
280,238
282,237
296,221
402,214
494,213
494,213
494,214
486,216
490,216
484,219
481,219
479,222
478,223
478,222
478,223
439,229
443,227
452,229
465,225
471,217
474,210
728,142
618,184
525,148
461,213
454,217
457,211
541,216
572,211
525,210
509,197
525,212
525,210
525,211
509,211
509,211
509,212
509,211
509,212
1538,227
1554,218
121,84
5824,109
5855,93
6042,106
6214,103
6385,215
6214,211
6120,215
6042,216
5980,215
3605,196
28756,20
43223,28
31098,28
15272,28
3230,28
11218,21
64724,20
60895,20
26072,24
14024,24
18113,24
6853,193
6791,190
4780,214
4749,221
4733,220
4686,219
4655,218
4640,219
4624,220
4593,219
4577,218
4546,214
2395,214
2395,210
2224,220
2613,225
2551,225
2473,225
2411,225
2349,225
2286,225
2239,226
728,227
712,230
1694,226
1663,227
1632,226
1616,227
1600,229
1585,226
1553,229
1538,228
1507,229
1491,229
1491,220
1304,218
1304,235
1289,234
1273,230
977,220
977,222
1273,222
1242,230
1257,227
1242,218
1226,233
1211,234
1211,235
373,234
373,235
373,234
373,234
380,231
384,233
386,227
387,217
387,203
387,223
387,227
387,228
416,225
416,222
424,225
435,225
433,227
440,225
443,226
445,225
446,221
446,220
453,223
465,220
370,203
371,148
372,171
361,132
572,200
603,217
572,225
572,233
618,228
649,232
618,232
603,228
556,216
571,212
556,210
297,197
283,177
571,168
556,213
525,224
509,232
525,232
509,234
509,234
485,235
489,232
483,235
488,236
490,236
484,233
488,231
490,219
509,218
501,227
497,234
495,232
493,232
493,232
493,232
493,232
509,232
509,234
509,228
509,225
509,225
525,223
525,223
525,222
587,222
587,224
587,223
587,220
446,219
446,222
446,228
439,232
435,233
433,234
432,233
432,237
138,237
137,234
129,231
132,224
134,223
127,220
131,216
681,223
525,215
509,220
509,215
509,210
618,217
603,216
243,215
250,215
253,215
255,218
587,214
243,217
216,215
618,214
176,215
257,216
509,232
509,232
525,229
525,227
540,232
556,236
556,236
556,239
556,235
556,235
556,228
461,223
556,237
402,224
395,232
391,226
389,229
395,233
406,225
556,221
388,226
388,228
446,212
469,212
478,229
469,233
465,232
471,229
373,226
362,229
375,225
461,229
461,226
453,227
435,228
440,228
571,212
743,213
587,213
556,221
571,221
571,211
556,180
540,151
540,212
540,215
556,214
540,211
525,148
540,171
571,219
571,218
571,212
6104,155
6369,213
1553,223
1522,223
1522,225
1538,225
1585,164
5387,203
5356,206
5387,148
5419,216
5169,212
5138,219
5169,217
4982,211
4780,211
5216,213
5263,213
7320,151
4764,220
4733,221
4717,219
4671,220
4655,219
4624,219
4608,219
4577,220
4561,220
4546,151
61,77
3548,54
2239,214
2598,224
2520,223
2442,225
2379,225
2317,225
2270,226
2239,223
727,228
712,232
712,235
712,235
1631,226
1616,227
1585,226
1569,228
1553,229
1538,227
1507,228
1491,228
1335,218
1304,222
1304,228
1429,230
1288,228
961,221
1273,219
1257,225
1242,235
1257,223
1242,219
1226,231
1210,232
1210,235
1210,235
1195,235
373,233
380,233
376,235
382,232
385,229
386,214
387,210
387,223
387,226
387,228
387,228
387,227
426,225
429,224
430,227
438,224
442,223
444,223
445,223
453,223
457,224
459,220
468,222
473,222
369,151
371,119
556,197
587,219
571,226
571,230
634,227
649,232
618,232
587,228
587,230
603,227
556,210
297,180
297,187
290,210
556,213
540,223
525,229
525,230
509,233
509,230
509,234
509,233
489,233
483,234
480,232
479,234
486,233
489,222
509,217
501,225
497,231
495,233
494,233
493,233
495,232
494,234
509,232
509,234
509,227
509,225
509,224
525,225
525,224
525,222
525,220
540,219
587,225
587,222
446,219
446,220
439,229
442,232
437,236
427,235
414,232
423,235
427,235
429,232
125,229
130,224
125,225
130,220
133,217
696,224
525,218
525,220
509,214
91,211
98,212
649,218
587,216
587,216
230,217
236,217
226,216
207,214
587,216
91,216
167,215
129,216
257,217
571,219
540,229
525,229
540,234
540,240
556,238
556,237
556,237
556,235
525,228
501,224
297,235
290,236
395,231
391,228
382,232
385,232
401,220
416,219
402,226
395,226
446,212
469,213
481,213
487,213
473,230
475,227
373,226
362,230
382,226
432,228
446,228
446,228
431,229
438,226
458,228
468,224
571,215
556,222
571,221
556,210
556,190
525,164
556,213
556,216
556,215
525,210
556,210
540,211
571,219
571,216
571,211
6104,168
6354,212
1553,222
1522,222
1522,226
1553,228
76,74
5777,74
5824,122
5419,193
5403,217
5185,213
5123,220
5185,218
4982,212
4780,212
5216,213
5247,212
7336,148
7258,155
7195,193
4702,220
4686,219
4655,220
4624,218
4608,219
4577,218
4561,219
4561,129
31,74
31,51
38,58
3424,71
2520,224
2442,225
2379,226
2333,226
2270,227
2239,223
727,226
712,230
712,233
712,235
712,232
712,234
1585,229
1569,227
1553,227
1522,228
1507,229
1491,229
1491,219
1304,220
1304,231
1429,232
1413,231
1413,229
961,221
1257,223
1242,231
1242,225
1226,219
1226,231
1210,234
1210,233
1210,233
1195,235
1195,235
1195,234
384,233
386,234
387,228
387,216
402,210
395,224
391,227
389,228
395,228
398,226
400,227
401,226
431,228
438,225
442,225
444,222
445,225
453,223
457,220
459,223
468,225
473,222
475,222
476,217
587,214
587,221
571,226
571,231
665,229
634,234
618,233
587,226
587,228
618,220
324,211
324,210
303,177
286,184
540,216
525,227
525,234
509,232
509,233
509,234
509,233
509,234
509,234
509,233
491,235
492,232
485,228
509,219
501,220
497,231
495,233
494,232
493,232
493,233
493,232
493,230
509,235
501,231
509,228
525,228
509,223
525,222
525,220
525,220
540,220
525,216
556,212
136,210
446,221
446,221
439,231
435,232
426,233
429,233
430,236
431,233
431,235
438,221
665,231
696,218
125,221
150,220
696,220
681,223
509,220
525,222
509,211
61,212
665,215
649,217
91,215
634,215
257,217
243,217
243,216
250,216
603,215
203,216
257,217
263,216
216,215
571,220
556,225
571,228
540,239
540,238
556,237
556,235
540,236
556,235
461,223
461,216
283,238
283,239
276,239
273,239
389,234
395,233
556,221
402,223
395,232
398,221
478,211
485,213
489,212
491,216
484,216
481,216
351,227
362,229
382,227
461,229
469,226
450,228
433,229
447,226
462,227
470,222
474,212
483,145
571,220
556,210
556,197
571,184
540,213
540,214
556,214
525,212
525,211
525,211
525,210
509,211
556,210
6354,164
6369,212
1553,222
1522,222
1522,224
1553,228
61,71
61,87
5839,148
46,116
6260,87
5169,216
5107,219
5185,217
5107,210
4780,213
5200,214
5263,210
7305,168
7305,135
7164,193
5450,171
5387,222
4655,216
4624,219
4608,219
4577,219
4546,220
61,51
68,58
3564,80
106,54
3377,87
91,51
3050,100
2504,225
2442,226
24992,145
59909,84
5676,14
25075,75
57609,13
57609,207
57608,191
55816,200
58626,200
59138,200
759,225
774,225
805,216
1756,226
1725,227
1709,225
1678,227
1663,227
1631,227
1616,228
1585,227
1553,227
1055,220
1351,232
1335,232
1320,233
1320,233
1304,228
1289,234
1289,235
1289,223
977,223
961,220
1257,223
373,234
373,235
373,238
373,239
373,234
373,235
373,235
373,234
373,230
373,234
373,233
380,229
408,227
412,226
414,227
415,227
416,227
416,227
416,229
424,223
428,226
430,224
431,227
439,223
509,218
509,215
447,184
373,180
362,171
367,206
370,171
371,145
372,168
556,151
587,215
572,224
572,227
572,228
572,228
556,232
556,224
556,219
572,211
284,193
290,190
293,187
295,174
540,212
494,233
494,236
494,236
494,234
494,235
494,235
486,235
490,234
492,236
493,235
493,235
493,231
494,234
494,234
494,233
494,231
494,232
494,231
494,234
494,235
494,233
509,235
509,233
509,227
556,221
76,221
556,218
572,222
587,221
587,222
587,221
587,225
587,222
447,218
447,221
447,226
151,218
151,221
143,217
139,220
137,232
129,236
125,233
123,227
129,226
132,227
126,218
138,217
618,220
618,220
618,218
634,217
618,215
618,215
257,217
243,218
250,216
253,218
244,218
244,217
556,232
556,235
525,232
510,227
510,229
510,231
510,231
525,227
525,226
525,234
541,241
556,238
282,238
289,240
300,221
556,231
556,236
556,235
541,223
388,230
388,231
380,228
384,232
401,226
479,223
479,223
479,223
479,225
479,227
479,231
479,230
470,229
466,231
442,224
351,228
362,225
479,211
463,216
462,211
470,106
525,171
556,214
572,213
572,212
556,216
556,221
572,222
572,168
510,211
510,211
502,212
498,210
496,214
495,213
541,174
541,210
572,221
572,215
572,203
6354,210
6136,214
6074,215
6012,215
5980,210
5435,213
5076,213
5404,210
5232,203
5419,203
5419,215
5154,216
5108,218
6214,190
6167,190
6884,100
6869,168
6853,197
6775,155
4765,219
4734,222
4702,221
4671,220
4656,219
4624,219
11348,25
59662,94
2551,100
2505,203
2411,213
2396,214
2396,211
2209,216
2629,218
2567,226
2505,223
2427,226
2255,226
728,218
712,230
712,233
712,233
712,232
712,233
712,235
728,231
743,225
759,225
775,225
1507,230
1492,229
1320,218
1305,227
1429,222
1429,231
1414,231
1398,230
1383,232
1040,221
1367,221
1351,232
1227,228
1211,235
1211,234
1211,236
1195,236
1195,234
1195,235
1195,229
1227,216
373,229
373,232
373,236
388,218
388,224
388,228
395,229
399,230
401,228
402,227
402,224
402,225
402,226
410,225
414,227
457,223
459,223
460,222
469,221
474,222
476,224
485,220
489,216
510,93
509,212
509,218
525,212
634,234
634,233
587,228
587,228
603,221
634,212
324,206
317,211
587,214
587,221
572,226
572,227
509,233
509,233
509,233
509,233
509,232
509,233
501,234
497,235
495,235
494,233
486,234
490,235
493,230
493,233
493,234
493,235
493,232
493,230
493,233
485,232
489,233
491,233
492,233
493,232
525,222
525,222
525,222
540,221
540,217
106,211
91,210
540,217
540,227
540,227
572,219
61,219
433,232
432,233
424,235
428,236
430,226
665,233
696,223
509,219
493,220
727,214
136,218
143,222
525,220
509,213
76,212
91,211
665,220
106,216
665,215
650,219
634,222
650,221
618,221
618,221
146,216
161,216
202,216
257,215
587,216
572,222
556,228
556,229
556,230
556,233
556,233
556,231
556,235
540,230
478,221
297,230
290,237
280,238
275,238
272,239
271,237
277,240
280,240
288,239
388,229
410,213
494,212
494,213
494,214
494,215
494,218
486,219
482,220
488,221
483,221
480,224
462,226
439,227
435,226
448,227
463,226
470,222
474,211
484,126
727,210
509,142
485,212
473,216
556,214
540,215
556,213
525,212
525,211
509,211
525,210
509,210
509,211
509,211
509,211
509,211
1538,222
1522,227
1553,225
46,100
61,100
5871,138
6042,106
61,77
6385,213
6354,212
6151,215
6089,216
3607,113
44116,18
24789,20
36823,20
39122,28
11163,28
7323,28
15041,21
3217,21
56799,20
34011,24
18123,24
6899,106
6853,203
6806,203
4780,177
4764,220
4733,220
4702,219
4671,219
4655,220
4624,218
4608,219
4577,219
2395,212
2395,215
2395,211
2208,219
2629,221
2567,226
2489,225
2426,226
2364,226
2302,225
2255,226
727,223
1725,226
1694,227
1663,226
1647,227
1616,226
1600,229
1585,228
1553,228
1538,230
1522,230
1507,230
1491,225
1304,230
1304,233
1289,235
1273,230
1273,219
977,221
977,219
1242,232
1242,227
961,220
1226,230
1226,235
373,235
373,233
373,237
373,235
373,233
373,232
380,231
384,227
386,217
387,161
387,222
387,228
416,226
416,226
424,225
428,226
430,227
431,225
439,224
443,225
445,226
446,225
453,223
457,222
375,184
363,174
368,161
370,148
371,126
587,211
587,217
572,227
572,234
634,229
634,233
618,232
556,225
556,216
297,211
297,180
297,155
297,184
556,174
556,215
525,227
525,230
525,233
509,230
494,235
494,234
494,234
494,234
494,234
494,232
486,233
490,229
509,216
509,221
501,229
497,233
494,231
494,232
494,234
494,234
509,232
501,235
509,229
509,228
509,227
525,226
525,223
525,221
587,223
587,223
587,223
587,221
587,219
447,218
447,222
447,229
447,234
439,236
435,233
433,234
141,231
131,237
133,232
127,228
124,222
122,226
129,218
125,217
696,222
525,219
525,219
509,214
634,218
618,217
257,215
603,216
243,215
250,218
587,215
216,215
161,216
603,215
243,216
167,214
509,229
509,231
509,230
525,230
525,228
525,232
540,238
540,240
556,237
556,234
556,237
556,234
556,237
556,236
540,224
402,230
395,228
384,228
393,233
405,232
587,224
388,223
388,227
395,214
478,226
478,226
478,229
469,230
465,229
402,222
351,231
362,225
432,228
439,227
450,225
441,226
525,145
556,214
587,214
587,212
556,219
556,220
556,218
556,190
556,164
556,211
556,214
556,215
495,214
494,212
525,184
556,212
572,222
556,213
572,155
6354,212
1569,216
1569,222
1522,223
1522,227
5419,210
5060,212
5419,213
5232,211
5434,211
5419,214
5138,215
5123,216
5201,213
5107,200
4780,212
5232,218
6790,210
4780,213
4749,220
4717,219
4686,220
4671,219
4640,218
4608,218
4593,219
4577,218
4562,215
46,54
2395,210
2208,219
2613,221
2551,226
2489,225
2411,226
2364,226
2302,226
2255,226
727,225
712,230
712,232
1663,226
1647,227
1616,225
1600,226
1585,228
1553,229
1538,229
1522,227
1491,227
1491,222
1429,217
1304,229
1289,234
1273,228
1289,218
977,222
1273,220
1242,232
1242,225
961,220
1226,232
1226,235
1211,235
1211,236
373,236
373,235
380,234
376,232
382,231
385,228
386,217
394,161
391,222
389,226
388,229
395,227
424,226
428,226
430,225
431,226
439,223
443,226
445,222
446,224
453,224
457,222
467,222
472,223
356,158
364,190
376,132
572,206
603,219
572,226
572,234
634,228
665,235
634,233
587,228
587,228
572,211
297,190
297,210
297,151
303,210
556,215
525,225
525,229
525,231
509,235
509,235
509,231
493,237
493,235
493,235
493,233
493,235
493,232
509,217
509,217
501,228
497,234
495,234
486,231
493,234
493,233
493,234
509,235
509,231
509,227
509,225
525,226
509,225
525,222
525,224
525,220
556,223
587,224
587,219
447,218
447,222
439,229
435,229
433,233
432,234
432,233
432,236
432,233
130,234
125,229
123,223
129,224
125,220
123,218
696,224
509,215
525,219
509,216
76,210
83,214
257,215
618,215
257,215
618,215
603,215
603,215
243,215
603,216
91,215
83,216
94,214
141,214
509,228
525,229
525,230
525,232
556,235
556,238
556,237
556,236
556,234
556,233
478,225
297,220
540,232
402,229
402,229
387,229
387,233
394,231
556,221
388,220
388,228
395,220
494,212
494,214
478,229
478,231
469,231
417,226
395,228
384,225
400,227
423,228
478,228
455,228
443,228
460,226
587,212
587,214
587,216
556,220
556,221
556,210
556,174
556,210
540,215
572,214
556,214
525,210
540,184
556,190
572,218
572,216
572,212
6105,184
6370,212
1553,223
1538,220
1507,225
1553,226
16,84
5403,211
5216,187
5419,197
5419,217
5169,216
5107,219
5185,216
5123,210
4780,213
5216,213
5263,210
7320,161
4764,219
4733,220
4702,219
4671,219
4655,219
4608,218
4608,218
4577,218
4562,219
46,54
3595,74
76,54
2629,220
2551,224
2489,224
2426,225
2380,225
2302,225
2255,226
727,218
712,231
712,232
712,235
712,236
1631,227
1600,226
1585,226
1553,228
1538,228
1522,229
1491,228
1491,226
1320,219
1304,227
1413,221
1413,230
1289,220
977,222
1273,221
1242,232
1242,229
1242,220
1226,230
1226,234
1211,235
1211,236
1195,235
1195,236
380,232
384,233
386,232
387,229
387,221
394,190
391,220
389,228
388,228
395,229
398,229
393,227
438,224
442,224
444,223
445,223
446,225
446,224
453,224
457,222
459,220
468,223
473,221
475,221
379,151
587,210
603,217
572,228
572,231
618,229
650,235
634,233
587,229
587,230
603,224
618,212
300,210
298,197
556,174
540,214
525,225
525,229
509,232
509,230
509,231
509,234
509,232
509,234
492,235
493,235
493,234
485,231
509,219
509,215
501,226
497,232
495,231
494,234
494,234
494,232
494,233
509,232
509,237
509,229
525,224
509,226
525,224
525,220
525,224
525,219
540,219
525,215
587,221
447,219
447,223
439,227
443,233
437,233
434,236
433,234
432,235
432,234
432,231
650,228
31758,30
135,225
128,226
139,218
137,218
696,225
494,215
525,220
525,213
76,211
83,212
650,219
113,217
650,220
634,220
634,220
618,221
618,220
618,220
618,219
618,215
243,216
250,216
243,216
572,228
556,228
556,232
556,233
525,233
572,233
525,231
525,227
509,230
509,233
509,230
525,230
282,236
276,238
280,240
282,238
283,238
290,237
300,220
556,229
556,236
556,237
540,223
388,230
493,218
493,220
485,220
481,220
479,223
478,223
478,225
478,226
478,226
478,230
478,231
478,231
483,211
743,119
618,206
603,138
461,213
454,215
466,210
480,116
556,210
556,216
572,214
572,212
509,211
525,212
509,211
509,212
501,212
509,210
501,212
509,212
501,214
509,210
540,190
572,213
6089,93
6385,113
6354,217
6183,213
6105,215
6042,215
5996,213
5481,210
5076,148
5403,164
5372,210
5403,184
5388,219
5356,221
5356,210
6229,197
6167,200
6276,64
6868,174
6822,210
6790,148
4764,220
4733,220
4702,219
3050,80
3050,145
2863,103
2769,122
2520,197
2411,210
2395,214
2395,212
2224,213
2224,215
2582,225
2520,224
743,229
759,223
759,225
790,220
1756,224
1741,225
1709,227
1678,226
1663,226
1631,226
1616,227
1600,226
1382,230
1055,227
1351,231
1335,234
1335,234
1320,234
1289,227
1289,234
1289,236
1273,229
977,220
977,220
388,217
380,232
376,231
374,239
373,238
373,235
373,236
373,235
373,235
373,233
373,233
373,232
401,227
401,225
409,223
413,225
415,225
416,227
416,227
416,225
424,225
428,226
430,227
431,228
297,96
509,212
509,217
525,213
373,210
362,200
367,197
359,164
366,210
369,168
371,171
556,174
618,213
587,222
572,224
572,228
556,229
556,228
556,225
556,217
556,212
324,197
317,193
293,148
497,233
495,232
494,235
494,232
494,235
494,232
494,234
494,234
494,234
494,235
494,234
486,231
494,230
494,233
494,234
494,231
494,233
494,233
494,231
494,230
494,232
494,231
494,232
509,233
540,220
540,228
556,223
572,220
76,219
587,220
572,222
587,221
587,223
587,224
603,223
447,217
494,221
486,214
189,217
170,221
153,219
152,218
144,228
140,234
130,233
133,232
134,223
127,226
634,221
618,221
618,222
618,222
618,217
634,217
243,214
618,217
618,217
257,217
257,217
257,219
556,229
556,233
556,232
556,232
525,229
509,228
509,229
509,230
509,232
525,228
525,227
541,234
277,238
280,237
282,240
289,241
300,221
556,228
556,236
556,236
525,222
388,229
388,230
388,234
479,220
478,220
478,224
478,223
478,224
478,225
478,228
478,229
478,230
469,230
473,231
417,223
618,210
478,132
469,211
465,216
463,211
509,122
556,211
556,214
587,213
587,213
556,219
572,220
509,211
509,212
509,211
509,211
501,213
497,212
495,215
494,211
541,210
572,212
572,221
572,213
6370,217
6183,213
6120,215
6042,216
5980,216
5450,193
5419,190
5076,210
5388,214
5216,197
5419,213
5357,174
5357,213
6229,184
6183,193
6183,119
6853,151
6822,158
6775,210
4780,219
4733,220
4718,220
4686,219
4655,217
8016,0
2375,12
55885,11
10657,94
2022,12
11348,21
30734,94
2832,96
2769,103
2504,193
2411,187
2395,213
2333,226
2270,226
2239,222
727,229
712,230
712,232
712,234
712,236
712,234
727,231
743,229
759,223
1538,227
1507,229
1491,229
1335,218
1304,222
1304,228
1429,232
1413,231
1398,228
1382,232
1382,227
1055,225
1257,220
1242,223
1226,233
1226,235
1211,235
1211,234
1195,235
1195,236
1195,238
1226,218
388,220
380,230
387,214
387,210
387,224
387,227
394,227
391,228
396,226
399,228
400,226
401,226
401,227
401,225
445,223
446,223
453,223
457,221
459,221
468,220
473,221
483,220
488,218
491,211
509,96
509,214
572,233
618,229
634,234
634,232
587,228
587,230
603,221
324,211
330,210
327,210
587,215
587,224
525,225
525,232
509,234
509,232
509,232
509,234
509,232
509,233
501,233
509,234
501,235
497,233
509,222
501,221
497,227
487,231
490,232
492,234
493,232
493,234
493,232
493,232
493,234
493,233
509,226
509,225
509,223
525,220
525,221
540,222
540,219
76,214
76,214
76,213
540,227
556,229
437,230
434,233
433,233
432,233
432,234
432,234
432,229
665,228
681,224
509,214
493,217
696,213
696,225
509,218
509,221
509,214
61,211
68,212
650,218
121,216
106,218
634,218
634,220
634,219
209,216
212,216
151,217
113,215
151,216
257,217
572,219
556,225
556,227
556,229
556,232
556,232
556,234
556,234
556,237
509,223
509,222
284,236
284,243
277,238
273,240
271,238
277,239
280,237
556,219
388,226
395,224
494,211
494,213
494,213
494,216
494,217
494,218
486,219
482,221
480,222
432,230
446,228
439,227
435,229
448,227
463,229
470,227
474,215
484,142
774,197
618,211
461,203
556,210
540,213
540,215
556,215
540,211
540,210
525,210
525,212
525,211
509,211
509,211
509,210
1553,222
1538,223
1522,225
1553,227
1553,177
76,67
5840,145
5933,96
6136,116
6401,161
6354,216
6167,214
4982,212
4780,211
5216,211
5232,213
7367,180
7274,190
7164,211
7180,197
5388,219
5356,222
5341,187
6229,161
4577,218
4562,220
4546,177
76,45
146,45
3424,58
3408,48
91,58
3065,96
3034,148
2847,109
2754,93
2239,223
727,229
712,230
712,234
712,235
712,232
712,233
727,232
743,228
759,224
774,226
805,220
1491,228
1335,218
1304,223
1304,226
1429,231
1413,231
1398,230
1382,232
1382,225
1039,224
1351,233
1335,234
1226,233
1211,234
1211,234
1211,235
1195,235
1195,236
1195,234
1211,218
388,222
380,234
376,235
374,240
394,224
391,227
389,227
388,226
395,230
398,224
400,225
401,229
401,226
401,225
401,225
409,226
453,222
457,222
459,222
468,220
473,220
483,218
488,219
483,210
525,80
509,215
525,215
509,206
634,232
618,235
587,229
587,226
603,218
618,211
324,210
317,210
603,217
587,225
571,225
571,230
509,233
509,235
509,232
509,231
509,236
509,233
501,235
509,234
501,236
509,236
501,234
497,234
485,229
489,235
483,233
480,232
486,231
489,229
491,234
492,231
492,233
492,233
492,233
492,231
509,224
525,221
525,222
540,220
540,217
571,212
61,211
540,220
540,229
556,223
556,219
571,220
433,234
432,235
432,233
432,235
649,221
665,231
696,217
525,222
501,218
727,215
151,220
143,221
509,219
91,210
113,212
665,219
665,216
76,219
665,218
634,221
634,219
618,222
618,220
618,222
217,214
161,215
257,216
257,215
556,221
556,224
556,231
556,229
556,232
556,233
556,230
525,233
556,232
461,226
297,227
290,240
280,239
275,237
272,238
277,238
280,239
281,240
289,239
293,225
406,217
493,212
493,212
493,213
493,216
485,218
481,219
479,218
478,221
478,223
478,223
478,223
442,227
437,227
441,226
459,228
468,221
480,212
486,158
618,210
634,197
461,211
453,214
457,214
556,215
540,213
540,197
540,210
525,211
525,210
509,210
509,212
509,211
509,212
501,211
497,211
1522,226
1553,225
61,80
5793,84
5839,135
5995,116
6120,90
6401,211
6338,214
6151,217
6073,215
6011,216
3602,155
24660,20
36821,20
51155,28
23201,28
3217,28
64712,27
2977,21
56797,20
29916,24
18068,24
9938,24
6884,171
6821,210
6790,164
4764,220
4733,220
4717,219
4686,219
4655,218
4624,219
4608,219
4577,219
4561,219
2379,214
2411,212
2208,210
2208,216
2598,225
2520,225
2457,225
2395,225
2333,225
2270,226
2239,223
727,231
1709,225
1678,226
1662,227
1631,226
1616,227
1585,228
1569,227
1553,227
1522,227
1507,228
1491,230
1491,217
4652,14
28323,24
58629,8
60165,8
60165,249
57604,209
56835,193
56323,233
56836,218
59652,218
57348,218
56580,202
1210,235
1210,236
1195,236
1195,236
1195,237
1226,218
388,220
380,233
376,235
374,236
373,237
373,236
395,229
398,228
400,228
401,227
401,225
401,226
401,228
401,226
409,227
413,226
415,225
416,228
459,222
468,221
473,222
483,222
488,219
490,211
257,109
509,217
525,215
373,211
373,164
373,148
587,228
587,230
618,217
324,210
324,193
317,210
587,217
587,224
571,228
571,229
556,228
556,229
509,233
509,234
509,233
509,233
501,233
497,233
495,232
494,235
493,236
493,233
493,236
493,234
495,236
494,234
493,231
493,232
493,230
493,233
493,233
493,231
493,231
493,232
493,232
493,231
540,221
540,222
525,216
76,213
76,212
540,219
540,228
571,221
587,221
76,221
76,220
571,222
432,238
432,233
665,226
681,232
696,214
493,219
485,215
727,215
151,222
143,218
147,221
141,231
76,211
649,220
106,215
113,216
634,219
634,218
634,220
618,221
634,224
634,219
618,220
618,216
107,215
587,216
556,222
556,224
556,230
556,231
556,231
556,233
525,231
525,231
525,225
509,230
297,223
290,241
286,239
278,238
274,239
272,237
277,240
280,240
281,239
295,223
556,229
540,235
485,214
481,215
487,215
482,217
480,220
479,221
478,221
478,224
478,223
478,224
478,225
478,226
457,227
467,228
472,222
482,211
509,151
758,210
603,161
461,211
461,216
453,212
473,96
540,158
525,210
509,210
525,212
509,190
525,206
509,210
501,210
509,212
509,210
509,211
501,213
497,213
106,84
91,106
5824,135
5980,119
6151,106
6385,214
6354,213
6151,215
6073,215
6011,216
5995,211
5403,212
3608,59
38997,28
23172,28
7060,28
56779,27
2958,21
56796,20
29916,24
18078,24
9915,24
16850,27
50499,26
6775,155
4748,220
4733,220
4702,219
4686,220
4655,218
4624,220
4608,219
4577,218
4561,219
4561,87
31,77
2208,215
2660,216
2582,225
2520,225
2442,225
2379,224
2333,226
2270,227
2239,219
727,228
712,232
712,234
1647,226
1631,227
1616,227
1585,227
1569,228
1538,226
1522,228
1507,227
1491,229
1335,219
1304,227
1304,221
1289,234
1289,222
977,222
977,219
1257,228
1242,231
1257,220
1226,224
1226,234
1211,232
1211,236
1211,237
373,233
373,233
373,233
380,232
384,230
386,223
401,161
394,219
391,227
389,229
388,229
395,230
424,225
428,227
430,225
431,226
439,224
443,225
445,223
453,222
457,223
459,223
468,222
473,223
376,119
374,148
572,190
603,219
572,225
572,234
603,228
650,237
634,233
587,226
587,228
587,222
587,164
310,155
297,161
297,210
540,214
525,223
525,231
509,232
509,234
509,232
509,234
509,233
494,235
486,236
482,234
488,233
483,231
488,221
509,215
501,226
497,232
495,232
494,232
486,234
501,232
497,232
509,234
509,234
509,228
509,230
509,223
525,223
525,222
525,221
540,220
525,222
587,224
587,220
447,221
447,221
439,225
443,229
437,235
434,235
433,235
432,234
432,236
432,234
58626,169
54530,222
56577,222
54785,151
55808,143
57344,139
55552,145
56576,140
58624,138
60160,137
60160,174
18205,9
6188,14
8611,76
55040,106
55552,138
55810,122
56066,122
55554,106
56322,122
56578,122
55298,106
55554,91
55554,91
243,216
256,216
243,217
243,216
243,217
603,216
603,215
76,215
98,217
102,215
257,216
587,215
525,230
525,228
525,230
540,236
540,237
556,236
556,238
556,236
556,233
509,223
297,227
290,241
402,232
395,228
384,231
386,232
401,228
572,222
388,225
388,231
395,217
494,212
494,212
494,214
473,231
467,235
417,222
351,230
362,225
417,227
439,229
458,227
445,229
438,225
458,229
468,225
743,213
556,218
556,220
572,218
556,151
556,151
540,210
556,215
556,216
556,212
525,211
525,211
572,213
572,221
572,213
31,109
6338,212
1553,217
1538,222
1522,223
1538,227
1569,214
136,90
5793,155
5232,200
5403,214
5419,187
5123,218
5138,217
4982,213
5123,135
5216,145
5232,215
7336,138
7305,168
7196,184
4717,219
4686,218
4655,220
4640,219
4608,219
4593,219
4577,220
4546,210
106,80
68,45
3502,48
3393,61
2520,224
2457,224
2395,225
2333,225
2270,226
2239,224
727,227
727,232
712,235
712,234
712,235
712,232
1600,226
1569,226
1554,228
1522,226
1507,228
1491,230
1491,217
1304,221
1304,227
1429,231
1413,232
1382,228
961,221
1258,223
1242,232
1242,222
1242,218
1226,232
1211,235
1211,233
1211,235
1195,236
1195,234
1195,238
376,232
374,232
381,228
392,213
390,211
389,223
388,228
388,225
388,229
395,229
399,226
401,225
431,227
439,225
443,224
445,223
453,223
457,224
459,223
460,220
460,222
469,221
473,220
483,219
587,212
587,221
572,225
572,232
650,232
650,233
618,230
587,227
587,230
618,221
618,211
311,193
307,155
509,193
541,216
525,229
525,231
525,234
509,234
509,231
509,231
509,236
509,235
501,233
493,234
485,235
489,232
509,219
501,215
497,228
495,232
494,233
494,231
494,231
494,232
494,232
509,234
509,232
509,228
509,224
509,226
525,223
525,222
525,221
541,220
541,220
541,214
121,210
447,220
447,221
447,229
447,231
439,233
435,233
433,236
432,234
432,234
432,230
650,232
696,222
122,223
121,219
712,217
681,224
525,219
525,221
509,213
76,211
61,212
650,219
121,216
121,216
240,217
244,218
250,218
243,217
223,216
233,217
238,216
164,216
257,217
572,220
556,224
556,227
540,234
540,238
556,240
556,236
556,235
556,235
509,225
525,221
284,234
284,237
277,241
273,238
382,233
392,230
404,220
418,220
403,227
395,229
413,213
494,213
494,214
494,216
494,215
486,220
373,223
362,229
417,224
424,227
442,227
437,227
427,229
429,226
453,226
465,224
471,218
474,171
556,220
572,212
556,180
540,171
540,213
556,214
540,216
540,212
525,210
509,211
525,211
509,210
572,213
6120,135
6354,214
1553,221
1522,224
1522,224
1553,226
1569,184
151,58
5824,161
5949,74
106,116
5169,211
5123,219
5169,218
4967,211
4780,211
5216,212
5247,213
7336,138
7289,168
7180,197
7164,187
5388,220
4655,219
4624,218
4608,219
4577,218
4562,220
4546,87
3580,64
76,74
83,48
79,67
55,58
3081,77
2380,224
2317,224
2270,226
2239,222
727,226
712,232
712,233
712,233
712,235
727,232
727,232
743,228
1538,229
1522,229
1507,227
1491,231
1335,219
1304,225
1304,224
1429,232
1413,231
1398,230
1382,232
1366,224
1242,231
1257,221
1242,224
1226,232
1211,232
1211,238
1211,236
1195,236
1195,236
1195,236
1226,219
388,223
386,227
394,215
391,211
389,225
388,226
388,227
388,225
395,227
398,227
400,225
401,227
409,228
444,226
445,222
446,225
453,220
457,221
467,222
472,222
475,220
484,220
489,218
509,211
310,100
572,226
572,231
650,231
634,234
618,232
587,228
587,229
618,219
324,210
324,203
324,211
603,216
556,217
525,226
509,234
525,230
509,233
509,233
509,232
509,235
509,234
509,235
501,232
497,234
493,228
509,216
501,218
497,229
495,232
494,232
494,231
494,235
494,232
494,232
494,232
494,232
509,227
525,226
509,223
525,224
509,224
525,222
540,221
525,220
76,214
76,211
540,214
540,226
443,230
437,232
434,234
433,234
432,235
432,234
432,232
432,225
665,230
696,221
525,221
501,218
696,220
681,220
525,218
525,223
509,211
31,210
61,212
650,218
136,216
136,216
634,220
634,221
236,215
241,218
215,216
145,215
118,216
180,218
198,216
572,218
572,224
556,230
556,228
556,232
556,236
556,235
556,237
556,235
478,221
509,219
284,239
284,241
277,239
273,238
271,240
277,239
603,221
402,220
395,227
391,220
494,212
494,212
494,213
486,215
490,215
484,220
481,220
479,220
432,226
446,227
453,226
442,228
437,228
442,227
460,227
469,222
473,214
483,161
727,210
556,193
572,132
556,190
556,215
556,216
556,215
525,210
509,210
525,211
525,210
525,203
509,197
509,211
6370,211
1553,223
1538,222
1522,226
1553,226
1585,80
176,77
5824,164
6058,109
106,96
6385,212
6354,213
5185,216
5045,210
4780,213
5216,215
5263,210
7320,158
7258,206
7180,210
5434,145
5388,220
5341,220
6245,168
4608,219
4577,220
4562,221
91,51
3580,71
31,74
3439,74
3377,64
76,87
3112,84
3019,158
2800,113
4396,14
25251,207
57608,215
55810,200
58882,200
59394,184
59906,200
60162,200
59394,215
59650,215
59138,231
56834,247
1772,213
1756,224
1725,227
1694,224
1678,226
1647,227
1631,226
1600,227
1585,228
1553,225
1538,229
1522,228
1335,235
1320,235
1304,233
1304,228
1289,233
1289,233
1289,223
977,222
961,219
1242,229
1242,230
961,220
373,235
373,237
373,237
373,236
373,237
373,235
373,233
373,231
380,230
384,232
386,223
401,193
413,226
415,227
416,225
416,227
424,226
428,226
430,227
431,228
439,224
443,227
445,223
446,223
373,184
362,174
367,197
370,210
360,187
366,116
369,158
556,174
603,215
587,225
572,231
587,226
556,230
556,226
556,226
556,220
556,212
556,210
310,164
297,168
297,206
556,212
525,224
525,231
494,233
494,237
486,236
490,236
492,233
493,235
485,235
489,232
491,235
492,231
493,221
493,215
493,232
493,233
493,232
493,230
493,234
493,234
493,234
509,233
509,233
525,227
509,226
525,224
572,219
572,222
572,220
587,223
587,222
587,221
587,222
447,218
447,222
447,226
439,231
435,235
139,218
137,217
136,226
136,235
136,237
128,230
132,225
126,224
123,220
129,220
696,224
681,217
618,223
634,218
618,217
189,214
618,215
230,215
236,215
241,215
242,217
236,219
219,216
155,217
556,231
525,226
509,227
509,230
509,231
525,227
525,227
525,231
540,237
556,239
556,238
556,236
289,229
540,222
556,234
556,239
556,230
402,231
395,229
384,229
386,232
394,232
603,220
402,220
478,224
478,225
478,226
478,228
478,231
478,228
478,232
455,224
351,227
362,224
432,227
439,226
457,213
467,171
480,142
556,214
587,212
759,213
556,214
556,221
556,221
556,190
540,184
556,200
509,212
501,212
497,213
495,215
572,164
540,210
572,220
572,217
556,211
6105,158
1569,212
1553,222
6700,14
20644,123
54807,76
53783,43
54293,212
54547,27
53781,112
53780,43
47893,43
55317,65
54804,243
55827,65
3610,93
44116,18
20948,20
36823,20
39105,28
19092,28
3233,28
60856,27
3204,21
56799,20
26076,24
18078,24
6884,93
6853,184
6790,171
4780,151
4764,220
4733,220
4702,221
4671,221
4655,220
4624,218
4593,218
4577,219
59232,9
47460,9
16555,95
2721,22
11348,26
35854,95
2395,212
2395,214
2395,210
2224,215
2645,218
2567,222
712,230
712,234
712,233
712,236
712,233
727,233
727,232
743,225
758,224
774,224
821,213
1756,226
1320,220
1304,228
1382,221
1429,233
1413,230
1397,231
1382,233
1039,221
1351,221
1351,232
1335,234
1320,233
1210,233
1210,235
1195,234
1195,235
1195,238
1195,230
1257,215
373,230
373,234
373,238
373,236
373,237
387,227
394,228
391,229
396,228
399,226
400,228
401,225
409,224
413,228
415,225
416,227
416,226
459,221
468,222
473,221
483,220
488,220
490,215
31,106
509,211
509,216
509,213
373,210
362,171
603,231
571,229
603,226
634,211
324,211
317,210
603,212
587,222
571,227
571,228
571,228
556,229
509,233
509,232
509,234
509,232
509,235
509,233
501,235
497,236
495,233
494,233
493,236
493,234
497,232
495,233
494,234
486,234
489,231
491,232
492,232
492,234
492,234
492,232
492,233
492,231
540,224
540,221
540,220
540,214
76,211
91,211
540,226
540,228
571,222
571,220
46,220
587,222
431,235
431,235
431,234
649,228
681,229
681,214
478,222
712,211
151,220
163,221
157,216
146,220
106,211
98,211
649,219
106,217
113,217
649,219
634,221
618,219
618,222
618,221
618,221
618,217
134,215
105,214
587,214
571,220
571,226
556,231
556,229
556,232
556,234
556,232
556,231
525,229
461,223
297,223
290,241
286,238
278,238
274,239
272,239
277,241
280,240
288,241
292,225
540,225
60418,44
58626,146
58881,146
59137,131
59137,131
59393,138
58881,44
57346,132
57089,132
58113,139
55041,188
59446,10
478,226
478,227
478,228
478,231
478,230
402,222
351,229
362,226
417,230
439,227
442,228
437,227
540,142
556,213
587,214
587,213
571,214
556,219
571,218
556,164
556,180
556,211
556,212
540,216
494,212
493,211
540,193
556,210
571,224
571,214
571,171
6338,211
1553,215
1553,222
1522,223
1522,226
5403,213
5076,213
5387,213
5247,211
5434,212
5419,214
5154,218
5107,217
5200,213
5123,206
4780,212
5232,217
31121,28
7047,28
15028,21
64723,20
56796,20
26074,24
18088,24
9938,24
58536,26
42356,26
24251,88
2816,91
3564,93
61,84
76,54
3377,67
46,71
3050,122
3050,113
2785,93
2551,164
2488,197
2395,213
2395,214
712,231
712,235
712,234
727,233
727,230
743,223
758,226
774,223
821,213
1756,226
1725,227
1694,227
1413,222
1413,232
1413,229
1397,231
1382,234
1039,223
1351,220
1351,233
1335,235
1320,235
1304,234
1273,230
1195,234
1195,235
1195,236
1179,228
1242,214
373,231
373,234
373,238
373,235
373,237
373,235
373,235
395,228
398,229
400,227
401,225
401,224
401,225
401,228
409,227
413,227
415,228
416,224
416,228
473,222
475,221
484,222
488,216
525,155
509,180
509,220
509,214
373,197
373,190
373,164
373,193
587,226
618,214
324,210
330,211
603,211
587,220
587,225
571,229
556,228
556,226
556,225
556,222
509,235
509,235
509,232
509,234
501,235
497,235
495,233
494,234
493,233
493,236
493,233
493,235
493,232
493,231
493,230
493,232
493,232
493,233
493,234
493,231
493,233
493,233
493,233
493,231
525,222
540,216
61,210
68,213
540,220
540,228
556,223
571,220
61,220
571,223
571,221
587,223
424,232
665,225
681,228
634,215
493,219
727,211
136,217
136,219
136,218
143,219
139,233
130,235
649,218
106,216
83,216
634,218
649,221
634,220
634,221
618,221
634,220
618,216
618,218
603,215
587,216
571,223
556,225
556,229
556,230
540,231
540,233
571,233
525,232
525,227
509,230
509,229
290,237
280,238
275,240
272,239
271,239
277,243
280,238
288,238
299,222
556,229
556,235
556,238
485,214
489,215
483,218
480,219
479,221
478,219
478,222
478,224
478,225
478,227
478,227
478,229
463,226
470,219
481,211
696,129
618,210
478,168
469,213
465,215
479,193
509,103
556,211
571,213
525,210
525,210
525,210
525,210
509,211
509,210
509,211
509,212
501,211
497,211
495,215
509,210
5793,177
5949,106
6058,100
6292,113
6370,217
6183,213
6105,215
6027,215
5980,214
5434,211
5403,168
5076,161
7180,187
7164,148
5388,217
5356,221
5356,212
6214,177
6183,197
6183,119
6884,164
6806,168
6806,210
4764,218
3439,61
46,58
3112,58
3065,164
2972,96
2754,109
2520,168
2442,171
2395,214
2395,213
2395,210
2224,220
712,232
727,233
727,234
743,220
759,225
790,223
1772,220
1741,224
1725,225
1694,226
1663,226
1647,228
1398,227
1398,231
1382,233
1039,229
1335,229
1335,233
1335,233
1320,233
1304,231
1304,233
1289,234
1273,230
1195,236
1195,225
1273,216
373,230
373,234
373,238
373,237
373,233
373,234
373,237
373,236
373,235
60161,128
60161,130
58625,131
56833,131
51201,131
56321,131
57857,131
58369,138
58113,142
58369,144
58113,185
31866,11
428,228
430,226
438,222
442,222
444,224
445,224
453,223
457,222
459,222
468,225
473,221
475,222
372,151
572,187
603,220
572,226
572,230
618,228
650,234
618,234
587,228
587,228
603,221
618,212
297,190
297,197
303,171
540,216
525,226
525,231
525,233
509,233
509,233
509,234
509,231
509,234
491,234
492,237
492,235
492,231
492,221
509,216
501,226
489,232
491,235
492,233
492,236
492,232
492,233
509,234
509,235
509,225
509,226
525,225
525,223
525,220
525,222
540,220
540,218
46,214
587,220
446,218
446,221
438,226
434,234
432,236
431,233
431,235
431,235
431,234
431,233
665,229
132,224
126,225
131,221
711,217
696,223
509,218
524,221
509,213
509,210
106,211
665,218
106,216
241,217
242,215
245,216
250,217
253,217
254,219
106,213
256,215
256,217
75,216
571,219
556,224
524,228
540,235
540,238
556,236
556,235
556,235
556,236
540,225
524,223
283,236
283,237
276,239
391,229
382,233
392,230
404,223
571,220
388,227
388,227
461,211
469,213
481,214
487,214
490,216
469,226
351,226
362,227
417,226
431,227
454,226
450,226
441,228
443,228
460,227
469,227
473,215
556,220
571,222
556,210
556,161
556,200
556,212
556,215
540,214
525,212
525,210
525,211
509,210
571,219
571,213
6120,116
6354,215
1553,222
1538,222
1507,223
1538,226
1569,211
46,74
5839,132
6011,109
5403,215
5185,210
5138,219
5154,218
4982,213
4780,200
5216,180
5247,216
7336,161
7273,148
7180,210
7180,161
4686,219
4655,219
4624,218
4608,218
4593,218
4561,219
4546,211
106,67
106,58
3486,64
3408,71
121,54
2457,225
2395,225
2348,226
2286,227
2239,225
727,227
712,230
712,233
712,232
712,233
712,233
727,233
1569,226
1553,227
1538,229
1507,229
1491,229
1491,222
1304,219
1304,230
1429,228
1413,230
1397,227
1382,234
1273,220
1242,231
1257,226
961,220
1226,232
1226,233
1210,234
1210,234
1195,235
1195,235
1195,238
1210,225
386,231
387,228
387,218
387,193
387,220
387,227
387,226
387,225
394,227
398,229
400,226
408,225
442,226
444,225
445,224
445,224
445,222
453,221
457,221
467,219
472,222
475,221
476,218
484,212
587,219
571,226
571,232
649,230
634,234
618,233
587,226
587,232
603,219
618,210
324,211
317,210
306,180
525,217
525,227
525,232
509,232
509,230
509,234
509,233
509,234
509,234
501,232
497,236
478,233
485,228
473,214
483,221
488,229
490,233
491,231
492,231
492,232
492,232
492,231
492,233
509,229
509,225
509,226
509,223
525,221
525,223
525,221
540,221
540,216
91,211
83,212
540,219
446,225
446,231
439,231
435,234
433,235
432,235
432,234
424,233
634,221
665,231
696,215
525,220
132,219
696,221
681,220
509,220
509,216
121,210
98,213
665,218
91,215
106,216
649,220
618,222
216,216
226,215
166,216
113,215
144,218
125,215
257,216
587,214
571,219
571,224
556,229
556,228
556,239
556,237
556,237
556,235
556,234
478,224
283,224
283,238
276,237
273,241
271,240
270,238
404,233
603,223
388,223
388,227
402,217
478,211
485,213
489,213
483,214
480,216
486,219
482,221
362,226
382,229
446,227
453,230
442,228
429,227
437,228
457,227
467,224
472,214
482,171
790,210
556,210
556,168
540,200
540,214
556,214
556,215
509,210
525,210
525,212
525,210
509,210
509,210
6104,168
6369,213
1553,222
1538,222
1522,226
1553,227
1585,119
46,61
5824,174
5980,119
61,109
6385,190
5123,218
5169,217
4982,213
4780,210
5216,211
5247,214
7336,116
7273,203
7195,200
7180,203
5387,220
5356,220
4624,218
4608,220
4577,219
4546,218
4561,168
121,54
121,64
83,54
3361,74
46,48
3112,74
3034,145
2333,226
2270,227
2239,225
727,228
712,231
712,234
712,233
712,232
727,232
727,231
743,229
758,221
1538,230
1507,227
1491,229
1335,219
1304,222
1304,228
1429,231
1413,231
1382,230
1382,232
1382,229
1039,228
1257,220
1226,220
1226,234
1210,233
1210,233
1210,234
1195,236
1195,237
1195,239
1226,219
387,223
380,232
394,216
405,210
396,223
391,227
389,227
395,226
398,227
392,228
397,229
399,224
400,228
401,225
444,224
445,223
453,223
457,224
467,222
472,223
475,222
484,220
481,218
487,210
509,109
509,218
587,232
649,229
633,235
618,233
587,228
587,228
618,217
633,210
310,200
310,210
587,218
587,225
524,228
524,232
524,230
509,232
509,234
509,234
509,236
509,232
509,236
509,233
501,234
497,233
509,217
509,219
501,229
497,233
495,233
494,232
493,233
493,232
493,231
493,233
493,235
493,234
509,225
509,224
524,221
524,221
524,220
524,220
556,217
45,212
68,211
540,223
540,226
556,223
438,236
434,235
432,235
431,236
431,235
431,235
633,221
680,232
696,214
524,223
501,216
136,217
711,219
524,220
509,220
75,211
98,211
649,216
665,216
75,214
633,215
633,222
633,219
618,220
587,215
91,216
91,216
83,216
256,219
587,215
556,220
556,225
556,229
556,231
556,229
556,235
556,237
556,236
556,232
461,223
297,220
290,240
286,239
284,239
277,241
273,240
278,241
280,238
402,221
394,227
405,215
478,210
485,214
489,213
491,213
492,215
485,218
481,220
479,220
478,223
431,228
438,224
434,225
432,228
455,229
466,227
472,221
482,213
487,138
618,197
587,203
431,210
556,210
540,215
556,217
540,212
524,210
524,210
509,210
524,197
524,211
509,210
509,211
509,212
1553,221
1537,223
1522,227
1553,226
1631,93
30,90
5824,158
5995,122
45,113
6400,210
6354,214
6167,214
4982,211
4780,211
5216,212
5263,212
7367,122
7289,168
7164,210
7180,210
5387,220
5356,220
5341,200
6229,210
4593,218
4561,219
4546,164
3580,67
3548,61
3502,67
3408,61
91,64
3065,67
3034,151
2863,84
2769,106
2239,224
727,229
712,230
712,231
712,233
712,232
712,233
727,235
743,229
758,222
758,225
805,219
1491,230
1444,218
1304,222
1304,226
1429,231
1413,233
1397,229
1382,232
1382,226
1039,224
1351,231
1335,232
1226,233
1226,233
1210,234
1210,233
1195,235
1195,235
1195,238
1226,219
388,226
380,232
376,237
374,237
394,225
391,227
389,227
395,229
398,229
400,226
401,226
401,225
401,224
401,228
409,226
405,226
456,221
458,223
459,221
468,220
473,222
483,220
488,217
509,145
509,158
509,218
525,216
351,174
634,235
618,233
587,227
587,228
618,217
665,211
324,210
618,211
587,218
587,229
571,230
571,229
509,234
509,234
509,233
509,233
509,231
509,233
509,233
501,234
497,235
495,234
494,233
493,234
501,230
497,232
495,234
494,233
493,234
493,233
493,231
485,231
489,233
491,234
492,234
492,231
525,223
525,223
525,223
540,223
540,216
61,212
68,212
540,222
540,230
556,223
556,220
61,220
433,235
432,235
432,231
432,233
650,226
681,231
696,214
509,221
493,217
151,217
151,220
151,219
509,217
509,210
106,210
665,217
106,215
91,217
665,219
634,220
634,219
634,223
618,220
618,221
136,214
106,216
147,215
587,214
556,220
556,226
556,229
556,229
556,230
556,232
525,233
525,230
556,234
478,225
297,222
290,242
280,239
275,242
272,239
271,237
277,240
280,238
282,240
289,227
402,216
494,212
494,213
494,214
486,215
482,218
480,220
479,220
478,220
478,221
478,223
478,225
443,226
437,229
442,226
451,227
464,223
479,211
486,155
618,197
603,171
461,210
454,214
457,213
540,216
540,213
509,197
525,210
525,210
509,203
509,200
509,211
509,211
509,197
509,211
509,212
1522,227
1553,224
31,74
5762,84
5840,145
6042,122
6151,119
6385,212
6338,214
6151,215
6073,214
5996,216
3605,181
24660,20
36822,20
39122,28
23191,28
7336,28
60875,27
7073,21
56797,20
29916,24
21915,24
10161,24
6837,206
6822,200
6775,145
4764,221
4733,221
4702,219
4686,220
4655,220
4624,218
4608,219
4577,220
4562,221
2395,213
2380,212
2224,215
2660,216
2582,223
2504,225
2442,226
2380,226
2317,225
2255,227
2239,220
727,231
1709,227
1678,224
1647,229
1631,227
1600,227
1585,225
1569,228
1538,230
1522,228
1507,229
1491,228
1320,217
1289,228
1289,236
1289,233
1289,222
977,222
961,221
1257,227
1242,232
1257,221
1226,225
1226,234
1211,233
373,233
373,235
373,235
373,232
380,234
376,233
382,229
385,226
386,210
387,215
387,225
387,226
416,226
416,225
424,224
428,226
430,226
431,224
439,223
443,224
445,223
446,223
453,224
457,223
362,193
367,200
370,168
371,135
525,129
603,215
572,223
572,229
587,226
665,232
634,233
618,230
556,220
556,213
270,210
277,200
287,210
299,184
541,210
525,221
525,230
525,231
525,234
509,233
494,233
494,233
494,233
494,236
494,233
494,235
494,233
494,220
509,216
501,226
497,234
495,233
509,232
501,233
497,233
495,231
509,233
509,231
509,225
525,224
525,223
525,226
525,223
525,221
587,222
587,225
587,222
572,221
447,220
439,223
443,227
437,233
434,234
433,233
425,236
428,235
129,237
132,234
126,231
123,223
122,224
136,219
136,217
681,221
525,216
525,220
509,214
121,213
618,217
618,215
257,217
603,216
230,216
223,218
226,217
233,217
587,215
106,216
113,216
257,215
509,228
509,229
525,229
525,228
541,232
556,236
556,238
556,238
556,234
556,234
509,226
493,226
556,237
403,220
395,229
391,229
382,231
385,232
401,227
587,223
388,230
388,229
402,212
494,212
478,228
478,231
478,229
478,229
417,221
351,229
362,225
447,226
454,227
457,227
444,229
438,228
556,214
587,214
759,213
556,219
556,220
572,217
572,187
556,168
556,211
556,214
556,216
525,212
495,211
525,210
556,212
572,224
572,213
572,142
6354,211
1554,217
1538,224
1522,222
1538,226
1553,217
5076,211
5372,212
5232,210
5419,212
5419,211
5138,217
5107,216
4967,213
5123,184
4780,212
5216,216
7351,148
44121,18
36311,18
28125,18
20187,18
16347,18
8409,18
4313,18
61914,17
57820,17
49884,17
31191,0
60483,13
91,64
3424,58
31,61
61,54
3081,126
3003,100
2800,96
2520,210
2473,145
2395,214
2395,214
2395,211
712,235
712,234
727,231
727,230
743,222
759,227
774,224
1772,216
1741,224
1725,226
1694,226
1663,227
1413,230
1413,227
1398,232
1382,234
1039,225
1351,224
1335,232
1335,234
1320,232
1320,232
1304,229
1289,234
1195,234
1195,235
1195,226
1242,216
373,229
373,234
373,236
373,236
373,234
373,234
373,236
373,234
398,227
400,229
401,228
401,227
401,226
401,228
409,225
413,226
415,228
416,227
416,224
424,227
483,221
488,221
491,215
257,96
509,213
509,218
525,210
373,203
373,193
373,193
373,206
373,190
618,213
324,193
317,197
587,214
587,219
572,225
572,228
572,227
556,229
556,223
556,216
572,211
509,233
501,234
497,234
495,233
494,233
494,232
494,236
494,235
494,235
486,234
490,234
492,234
494,233
494,234
494,233
494,235
494,232
494,233
494,232
494,232
494,232
494,233
494,234
509,233
91,213
68,212
79,212
540,226
556,229
572,221
61,221
572,222
587,222
572,222
572,222
587,224
634,232
681,223
540,217
478,220
189,214
170,219
160,222
140,216
138,223
137,231
136,238
136,233
91,215
113,217
650,218
634,219
634,219
634,221
618,222
618,219
618,216
618,217
230,217
230,216
572,225
556,227
556,230
556,231
556,233
556,234
556,228
525,230
509,229
509,231
509,229
509,229
284,237
277,241
273,239
278,239
281,239
282,237
289,237
525,220
556,231
556,237
556,235
402,229
491,216
484,220
481,219
479,221
478,222
478,222
478,225
478,225
478,226
478,227
478,228
469,230
470,216
482,187
743,155
618,212
447,180
454,214
457,215
467,206
509,106
556,213
572,214
743,214
525,211
509,211
509,210
509,211
509,212
509,211
501,212
509,212
501,214
497,213
509,193
525,174
5949,113
31,87
6385,168
6354,215
6183,215
6105,216
6042,215
5980,213
5434,211
5076,174
5419,168
5372,211
7149,200
5388,219
5356,221
5341,211
6229,197
6183,190
6245,96
6884,171
6806,180
6790,206
4764,219
4733,219
76,54
83,84
3034,151
2831,84
2753,116
2504,193
2411,210
2395,215
2395,213
2224,206
2239,218
2598,222
727,229
727,231
758,221
758,227
790,223
1756,222
1740,226
1709,227
1694,225
1662,226
1631,227
1616,226
1382,231
1382,230
1039,231
1351,229
1335,234
1335,235
1320,234
1304,231
1304,232
1288,234
1273,230
977,220
1226,223
388,216
380,232
376,234
374,239
373,236
373,235
373,236
373,235
373,233
373,234
373,233
400,229
401,227
401,226
401,228
409,225
413,226
415,226
416,226
416,226
416,227
424,226
428,224
488,211
509,100
509,216
509,215
501,210
373,210
373,184
373,177
362,210
367,174
370,142
371,138
317,211
587,217
587,225
571,227
571,230
556,226
556,225
556,221
556,213
283,203
296,210
289,177
497,235
495,235
494,234
493,234
493,234
493,234
493,235
493,234
493,236
493,235
485,234
481,234
492,233
492,235
492,233
492,235
492,232
492,231
492,231
492,230
509,232
493,232
493,231
493,231
540,215
540,227
556,227
556,219
61,221
61,219
587,220
571,222
587,222
587,222
587,224
587,218
509,222
493,216
176,215
163,219
157,220
146,218
141,225
138,233
137,236
136,233
136,226
128,225
634,221
634,222
634,218
618,219
634,221
618,218
618,216
618,216
257,215
216,218
226,216
233,218
556,229
571,232
556,234
540,232
525,231
525,229
509,229
509,230
509,231
525,228
540,228
525,231
272,240
277,237
280,238
288,238
292,229
540,224
556,235
571,236
556,230
402,231
395,229
384,230
481,220
479,221
478,222
478,225
478,221
478,224
478,225
478,228
478,228
469,230
473,233
417,223
696,197
571,161
461,210
453,213
449,212
455,145
474,129
556,216
587,213
743,212
571,215
556,219
509,210
493,190
509,211
509,211
501,211
497,212
495,214
486,212
571,180
540,174
571,222
571,215
11348,21
33550,79
6385,213
6354,212
6136,216
6073,215
5995,215
5964,168
5403,213
5076,213
5387,214
5185,211
5154,216
5107,217
5200,214
5169,200
4780,213
5216,217
5263,190
7305,161
7258,164
7164,164
5434,203
5372,222
4639,220
4624,219
4593,217
4577,220
4546,219
31,42
3595,119
31,61
3486,51
3377,61
76,54
3050,122
2364,225
2301,227
2255,224
727,219
712,230
712,235
696,236
712,233
712,234
727,232
727,231
743,225
1538,228
1522,229
1507,229
1491,227
1320,219
1304,227
1304,222
1429,231
1413,230
1397,229
1382,235
1382,221
1242,231
1257,221
1242,223
1226,234
1210,233
1210,234
1195,237
1195,237
1195,233
1195,236
1226,218
373,226
386,227
394,212
391,212
389,226
388,226
395,226
398,226
400,227
401,226
401,229
401,226
401,228
438,223
442,225
444,222
452,223
456,222
458,222
468,223
473,220
483,221
488,219
490,211
525,109
571,228
571,230
649,229
634,236
618,232
587,230
587,227
618,218
618,211
324,206
618,210
603,219
525,217
525,226
525,232
509,233
509,232
509,232
509,235
509,234
509,232
509,233
501,233
497,233
489,224
509,216
501,221
497,230
487,234
482,233
487,233
490,233
491,232
492,233
485,232
489,233
509,225
525,226
525,223
509,221
540,221
540,223
525,220
540,216
61,212
91,212
540,219
556,227
435,231
433,233
432,235
424,233
428,234
430,234
431,234
649,224
681,230
696,216
509,221
493,217
696,223
681,217
509,221
525,218
91,211
91,212
649,217
91,214
91,216
634,220
634,222
634,218
160,216
140,217
270,215
243,215
236,216
241,216
571,215
556,221
556,226
556,229
556,231
556,232
556,235
556,237
556,236
540,233
461,225
297,227
290,239
280,237
275,238
272,240
277,241
280,241
587,224
388,226
388,229
410,214
493,211
485,212
489,213
483,216
488,217
483,219
480,220
479,220
432,229
446,227
453,227
442,227
437,227
441,229
459,224
468,220
480,211
509,113
634,210
556,158
556,168
540,211
540,215
571,213
540,212
540,211
525,211
525,212
509,211
509,210
509,211
509,211
1569,214
1553,222
1522,223
1522,223
1553,222
106,67
5793,132
5839,106
46,96
6229,87
6385,216
6323,211
5200,214
5123,174
4780,213
5216,216
5263,142
7289,142
7195,132
7180,180
5434,211
5387,221
5341,220
6245,145
4593,219
4577,220
4561,217
121,48
3580,80
136,54
3424,48
3439,58
46,42
3081,135
3018,145
2816,113
2488,225
2426,224
2364,225
2317,225
25165,138
18702,84
5932,14
25244,207
57864,215
56066,200
58626,200
60162,200
821,215
1756,226
1725,225
1709,227
1678,227
1647,226
1631,227
1616,228
1585,229
1553,227
1538,228
1522,229
1335,233
1320,233
1320,233
1304,230
1288,234
1288,235
1273,223
977,222
1273,220
1257,225
1242,230
961,221
373,236
373,236
373,237
362,237
367,236
370,235
371,234
372,232
380,231
384,231
386,226
387,210
415,227
416,227
416,227
416,227
424,225
420,224
426,227
429,225
430,226
438,225
442,224
444,223
525,210
373,210
373,180
362,203
367,203
370,168
371,168
372,119
587,213
587,220
572,226
572,228
572,228
556,230
556,226
556,223
556,215
587,210
310,180
303,210
306,138
308,210
540,217
525,227
494,234
494,234
494,235
494,234
494,237
494,232
494,233
494,236
494,236
494,233
494,223
525,214
485,232
489,232
491,232
492,231
493,233
493,231
493,232
509,231
509,235
509,232
509,226
509,225
53,220
587,221
572,222
572,222
572,222
587,225
572,224
618,216
447,221
439,227
435,232
433,235
143,218
139,218
137,227
136,235
136,235
128,234
132,224
126,225
131,218
133,218
696,220
696,220
634,222
634,218
618,219
257,215
603,215
203,215
587,216
230,215
587,217
203,215
216,216
216,215
525,231
525,229
509,229
509,229
509,231
525,227
525,228
525,230
541,236
541,239
556,239
556,234
293,227
556,225
556,236
556,238
541,227
388,229
395,228
391,229
389,233
403,228
556,223
388,222
478,222
478,227
478,223
478,228
478,229
478,231
469,231
417,223
351,228
362,223
432,229
439,226
461,211
477,135
556,210
572,214
587,215
587,214
556,217
556,221
587,217
556,190
556,168
556,212
501,211
497,212
495,214
509,211
541,180
556,211
556,223
572,214
587,132
6339,213
1554,219
1554,222
5980,215
5450,197
5419,211
5061,211
5372,213
5232,211
5419,212
5419,213
5154,217
5107,218
4983,211
5138,155
55257,28
35194,28
19371,28
64965,27
11201,21
60886,20
60894,20
21976,24
14034,24
6068,24
59527,87
3814,6
4562,218
121,64
3611,84
3486,67
31,58
3377,67
106,77
3050,100
3019,90
2863,116
2536,142
2458,151
712,231
712,232
712,234
712,236
712,233
728,234
728,230
743,225
759,226
774,226
1787,213
1756,225
1335,219
1304,225
1445,220
1429,230
1413,228
1398,233
1382,233
1039,220
1367,223
1351,234
1335,233
1320,235
1211,235
1211,236
1211,234
1195,234
1195,237
1195,232
1226,217
373,227
373,234
373,236
373,237
373,236
387,226
387,226
395,227
399,227
401,227
402,224
402,224
402,226
402,227
409,225
413,225
415,228
459,224
468,222
473,221
475,222
476,221
485,219
509,129
501,164
509,215
509,214
373,168
373,187
618,232
587,228
587,228
618,217
634,203
311,211
317,212
603,218
587,225
572,229
556,230
572,228
509,231
509,236
509,233
509,235
509,235
501,234
497,234
495,233
494,235
494,233
494,234
486,233
497,235
495,233
494,233
494,232
494,233
494,232
494,234
494,233
494,233
494,232
494,232
494,232
525,221
525,220
525,220
541,215
106,211
91,213
541,220
541,229
556,221
572,219
572,221
587,223
433,236
432,234
432,234
634,227
681,232
696,216
494,220
486,217
151,219
151,221
143,220
139,217
61,211
61,212
665,219
106,214
106,218
665,220
634,220
618,220
618,219
618,222
618,219
634,218
108,216
175,216
572,218
572,223
556,227
556,228
572,232
556,231
556,233
572,234
556,233
525,228
447,224
297,225
290,238
287,237
278,240
274,238
279,240
281,240
282,237
289,240
299,224
556,227
494,211
494,214
494,215
494,215
486,218
482,217
480,221
479,221
478,223
478,224
478,226
478,225
437,229
442,226
460,227
469,220
481,211
525,119
634,210
494,145
477,213
462,216
461,212
509,113
525,213
525,210
525,211
525,210
509,210
509,210
509,211
509,213
509,211
501,211
509,211
501,213
1569,219
76,71
5824,145
31,87
6042,106
6183,106
6370,215
6198,212
6136,216
6058,215
5996,215
5450,197
3604,16
46933,28
39025,28
7342,28
64696,27
15032,21
64726,20
60639,20
29913,24
18107,24
6098,24
58536,26
6790,211
4780,213
4749,221
4733,220
4686,219
4671,219
4640,218
4624,219
4593,219
4577,220
4546,216
46,58
2380,211
2224,219
2645,222
2551,224
2489,226
2426,225
2364,225
2302,227
2255,227
727,219
712,229
712,233
1678,226
1647,227
1631,227
1600,227
1585,227
1569,227
1538,228
1522,229
1507,229
1491,228
1460,217
1304,229
1289,235
1289,234
1289,219
977,223
977,220
1257,226
1242,230
1257,221
1242,229
1226,233
1211,235
1211,235
373,236
373,234
373,232
380,231
384,233
386,229
387,223
402,187
395,217
391,225
396,227
392,228
416,225
424,224
428,225
430,224
438,225
442,223
444,225
445,224
446,223
453,223
457,222
467,223
370,210
371,187
372,148
525,116
587,216
587,224
572,229
587,228
650,233
634,234
603,232
587,230
310,213
303,184
306,174
301,168
292,203
525,213
540,220
525,229
525,233
509,233
509,231
509,234
494,236
494,233
486,235
482,233
480,235
487,230
509,221
509,217
509,223
501,232
497,232
495,232
59393,238
59393,238
59649,238
59649,238
59649,238
59393,238
59905,238
59393,238
59649,238
58625,238
59393,206
31246,15
540,220
540,213
91,211
91,212
540,223
556,228
556,222
587,220
46,219
572,220
587,221
587,223
432,232
634,226
681,225
665,215
493,220
485,212
151,218
151,222
143,217
139,222
137,231
136,235
665,218
121,216
113,218
634,220
634,219
618,220
634,222
618,222
618,218
618,217
618,216
618,217
571,217
556,224
556,231
556,230
556,233
556,233
540,232
556,230
525,233
525,227
509,229
509,230
290,240
286,239
278,239
274,237
272,239
277,237
280,239
288,240
299,221
540,228
556,236
556,237
493,214
493,215
485,216
481,219
479,221
478,223
478,222
478,224
478,225
478,226
478,227
478,228
461,229
469,220
473,210
790,113
618,203
525,145
461,213
461,217
461,211
509,122
571,210
571,215
525,211
525,211
525,210
509,210
509,210
509,211
509,212
509,212
509,212
501,212
497,213
495,213
5777,145
5949,90
6058,96
6214,106
6369,215
6198,212
6120,214
6042,215
5980,216
5481,180
5419,210
5076,210
7195,193
7164,177
5403,216
5372,221
5356,214
6245,206
6198,210
6167,100
6868,164
6821,174
6790,210
4764,216
76,67
3408,61
61,51
3081,126
2925,100
2753,148
2520,187
2442,171
2395,215
2395,211
2379,190
2224,220
712,232
727,233
743,232
758,222
758,227
790,223
1772,219
1740,225
1725,225
1694,227
1662,225
1647,226
1382,227
1397,232
1382,231
1039,228
1351,226
1335,232
1335,234
1320,234
1320,229
1304,232
1288,236
1288,232
1195,236
1210,225
1242,213
373,232
373,232
373,238
373,238
373,235
373,235
373,233
373,233
373,235
400,228
401,226
401,226
409,226
413,226
415,224
416,227
416,226
416,227
416,225
416,224
424,226
483,219
488,215
283,109
509,214
509,218
509,212
373,177
373,138
362,174
356,206
353,155
363,164
324,171
330,211
587,216
587,221
571,228
556,227
571,229
571,228
556,224
587,215
571,211
556,171
509,234
509,234
501,235
497,232
495,236
494,232
493,233
493,233
493,232
493,235
493,237
493,234
493,234
493,231
493,235
493,234
493,234
493,232
493,235
493,234
493,232
493,232
493,233
493,232
76,213
76,214
540,228
540,227
571,223
46,219
53,219
571,220
571,220
587,221
571,222
587,224
681,222
525,217
501,219
696,214
176,218
156,222
153,216
144,224
140,233
138,237
137,234
129,227
106,214
649,221
634,222
634,219
618,222
618,220
618,219
634,214
618,216
603,216
243,216
243,219
556,228
556,230
556,233
556,234
524,235
556,229
524,231
509,228
509,229
501,233
509,229
524,228
276,237
273,238
271,240
277,238
280,239
288,237
540,218
556,230
556,237
556,239
417,223
402,231
485,220
489,218
483,221
480,221
479,221
478,224
478,225
478,225
478,226
469,228
465,228
471,233
482,210
789,126
602,177
461,158
461,214
461,215
461,210
509,96
571,210
571,214
743,213
587,213
509,210
524,210
509,211
509,211
509,211
509,211
509,212
501,211
497,215
495,210
524,193
571,213
39060,78
4107,176
11348,21
59406,78
6073,90
6229,100
6369,215
6182,211
6104,215
6057,215
5979,215
5434,200
5418,212
5418,212
5153,218
5122,216
4982,212
5122,184
4779,212
5231,218
7367,119
7273,155
7258,145
7180,197
4686,218
4655,219
4639,218
4608,219
4592,220
4577,219
4546,214
75,54
75,64
3501,58
3423,45
30,61
2473,228
2410,225
2348,226
2301,225
2254,225
727,224
711,231
711,232
711,235
711,235
711,233
727,233
1584,227
1553,228
1537,227
1522,225
1506,228
1491,226
1304,219
1304,230
1413,227
1413,232
1413,228
1397,231
976,219
1241,231
1257,228
1241,220
1226,231
1226,232
1210,233
1210,235
1195,236
1195,235
1195,236
1195,228
380,232
376,228
381,219
399,193
393,220
390,226
388,228
395,226
398,227
400,228
401,225
401,229
437,226
441,224
443,223
444,222
452,224
456,221
467,223
472,221
475,222
476,221
484,220
488,212
602,220
571,226
587,230
649,229
649,232
618,232
587,227
587,228
618,218
633,211
337,210
323,210
556,210
540,217
524,227
524,230
524,233
509,233
509,231
509,233
509,234
509,233
509,235
501,233
489,234
491,226
509,217
501,220
497,230
495,233
494,232
493,232
493,231
493,233
493,232
493,233
509,230
509,227
509,226
509,221
509,222
525,221
540,222
525,220
525,217
76,212
91,211
540,218
439,223
443,228
437,232
434,234
425,235
428,235
430,237
431,234
634,220
681,232
696,219
509,221
133,220
712,221
681,223
525,218
525,221
76,211
91,212
665,215
665,217
76,216
91,216
634,221
243,217
243,217
229,216
160,216
110,215
100,216
171,216
207,218
572,220
556,226
556,228
556,229
540,238
556,237
540,235
556,234
556,234
478,223
486,218
284,237
284,238
277,239
273,238
271,238
395,231
572,220
417,220
402,229
402,221
478,212
486,212
490,214
492,216
485,216
481,218
479,220
362,228
417,229
432,228
446,229
446,226
431,229
454,225
457,228
467,228
480,215
479,164
774,177
556,211
525,132
556,206
556,213
540,215
540,214
525,211
525,211
525,211
525,210
525,210
509,210
6105,145
6354,213
1553,221
1538,222
1507,225
1553,226
1569,180
76,61
5824,155
5918,93
6120,122
6401,135
5107,219
5185,216
4982,214
4780,210
5216,210
5247,214
7336,164
7274,155
7180,200
7164,193
5388,218
5356,221
4624,219
4608,218
4577,219
4562,219
4546,187
46,71
68,84
94,64
3393,67
46,64
3112,80
3034,148
2333,225
2270,225
2239,221
728,229
712,231
712,234
712,233
712,234
712,233
728,231
743,228
759,224
1538,229
1507,227
1491,228
1335,218
1304,222
1304,225
1429,230
1413,232
1398,227
1382,232
1367,227
1055,225
1258,222
1242,222
1226,234
1211,234
1211,236
1195,233
1195,234
1195,235
1195,236
1211,219
388,221
380,231
394,216
398,211
393,223
390,227
389,226
388,228
395,230
399,227
401,229
402,226
402,227
402,226
445,226
446,224
453,224
457,222
459,221
468,222
473,222
475,221
484,218
489,142
483,132
509,215
587,230
634,231
634,234
618,232
587,230
587,227
618,216
618,210
311,210
311,211
587,218
587,225
525,231
525,231
509,233
509,234
509,235
509,235
509,231
509,234
509,234
501,235
497,233
495,232
509,216
501,224
497,233
495,235
494,232
494,234
494,233
494,233
494,232
494,236
494,232
494,233
525,224
509,223
525,222
525,222
525,222
541,218
541,216
106,212
83,211
541,219
541,227
556,223
437,233
434,234
433,233
432,236
432,232
432,236
665,221
665,231
696,217
525,222
501,216
712,216
696,222
525,220
525,222
106,210
91,211
650,216
634,217
121,217
650,218
634,220
634,218
634,219
216,216
587,215
106,216
91,217
270,216
203,215
572,222
556,226
556,232
556,230
556,230
556,233
556,237
556,235
556,235
461,224
297,220
290,238
287,237
278,238
274,239
272,239
278,236
281,238
417,221
402,229
402,216
461,212
477,213
485,214
481,214
479,217
478,219
478,219
478,221
478,224
439,228
458,226
445,228
438,229
458,226
468,225
473,222
475,211
484,135
618,210
587,193
461,213
556,210
556,214
541,215
556,212
541,177
525,210
525,203
525,210
509,210
509,210
509,210
509,210
1538,222
1522,224
1522,224
1554,220
106,84
5777,103
5855,103
6074,90
6152,109
6385,214
6339,211
6136,215
5123,168
4780,212
5232,217
5279,126
7305,184
7258,180
7180,210
5435,212
5372,222
5341,217
6245,187
6198,210
4577,220
4562,215
91,54
3580,84
91,54
3440,67
3393,71
16,51
3065,122
3034,84
2769,106
2520,203
728,223
712,229
712,232
712,234
712,234
712,232
728,233
728,229
743,222
759,226
790,226
1772,217
1491,225
1304,217
1304,229
1413,226
1413,231
1413,227
1382,230
1382,230
1039,226
1351,226
1335,233
1335,235
1226,233
1211,235
1211,236
1195,235
1195,236
1195,236
1195,229
1226,215
373,229
373,233
373,236
373,238
391,226
397,228
392,227
390,230
396,223
399,230
401,225
402,228
409,227
406,226
404,225
410,227
456,223
458,221
459,223
468,222
473,220
483,220
488,218
509,135
501,184
509,217
501,213
373,206
634,232
618,229
587,228
587,228
618,217
324,210
317,190
650,212
587,219
587,227
572,228
556,228
509,233
509,232
509,234
509,235
509,235
509,234
509,234
509,234
501,231
497,234
495,234
494,235
493,231
493,233
485,234
489,232
491,233
492,233
493,232
493,232
493,235
493,231
493,232
493,230
509,223
525,221
525,221
541,221
541,218
91,213
68,212
541,218
541,227
556,226
556,220
61,220
433,235
432,234
432,234
432,236
665,223
665,232
696,215
509,220
493,215
151,219
151,220
143,219
525,218
106,211
91,212
650,216
665,215
121,218
650,219
634,222
634,218
634,219
618,222
634,222
270,214
243,215
243,216
572,217
572,223
556,226
556,230
556,228
556,231
556,230
541,234
525,233
556,231
461,224
284,227
284,239
277,238
273,239
271,239
277,238
280,239
282,239
283,241
297,223
413,213
494,211
494,214
494,214
494,215
494,216
486,220
482,219
480,220
479,222
478,221
478,224
439,225
443,226
460,228
469,226
473,219
475,190
712,129
618,211
478,180
469,213
465,215
463,210
556,216
541,212
525,197
525,210
525,211
509,210
509,210
509,211
509,211
509,211
501,211
497,210
1538,226
1569,213
61,90
5840,151
5902,142
6042,100
6323,116
6370,217
6183,214
6105,214
6042,217
5980,214
3603,220
28756,20
43223,28
39054,28
3217,28
3223,28
3230,21
60888,20
60892,20
21971,24
14034,24
6098,24
6837,174
6806,210
4780,219
4749,220
4718,220
4686,220
4655,218
4640,217
4609,219
4593,219
4577,219
4562,212
12628,13
59962,11
55856,11
8084,11
57696,10
55409,9
31442,9
23506,9
44502,95
4419,95
11348,19
14,96
4908,14
25507,200
59650,200
59650,200
59650,200
59138,215
59650,215
58626,231
56578,247
57858,6
56835,236
56326,205
1694,226
1663,227
1647,227
1616,228
1600,227
1585,229
1553,225
1538,228
1522,227
1491,228
1491,223
1476,219
1304,234
1289,238
1273,231
977,222
977,222
1273,221
1242,232
1242,228
961,220
1226,231
1226,231
1211,237
373,235
373,235
373,234
373,236
373,234
380,232
384,229
386,220
394,168
391,221
389,226
388,228
416,227
416,225
424,226
428,225
430,224
438,227
442,225
444,224
445,224
446,225
446,223
453,219
370,197
371,187
372,132
380,145
572,180
603,218
572,224
572,228
603,226
650,233
634,232
603,230
556,215
556,211
297,180
587,197
297,210
310,210
556,212
525,224
525,229
525,231
509,234
509,232
493,233
493,235
493,235
493,235
493,235
485,233
489,231
491,223
509,216
501,223
497,231
487,233
492,232
492,232
492,235
492,233
509,232
509,233
509,228
509,227
509,224
525,224
525,221
525,221
587,222
587,224
587,223
587,220
446,219
446,221
446,228
439,233
435,235
433,235
432,235
432,235
132,237
126,235
131,227
126,223
131,224
133,218
134,220
681,225
525,217
525,218
121,211
98,211
618,216
618,215
243,216
229,216
229,219
239,215
221,217
232,217
603,216
216,215
168,216
137,215
509,228
509,231
540,227
525,226
540,235
540,237
556,238
556,237
556,234
556,235
525,224
509,222
556,238
402,229
402,230
387,225
387,233
387,233
402,221
587,219
388,227
395,228
446,213
469,213
478,227
478,230
469,230
457,229
373,225
362,228
375,224
446,228
462,225
454,227
443,229
444,227
587,214
743,214
587,213
556,223
571,221
571,212
556,148
556,180
556,213
540,216
556,216
540,211
509,206
525,180
556,216
587,218
571,211
6151,113
6354,214
1553,220
1538,221
1522,224
1553,226
1569,206
5403,174
5372,211
5419,210
5419,216
5169,212
5107,217
5169,217
4982,213
4780,210
5216,210
5247,214
7336,142
4764,220
4733,220
4717,221
4686,222
4655,219
4639,219
4608,221
4593,219
4561,221
4546,211
31,54
53,51
2224,218
2598,223
2535,225
2457,223
2395,224
2333,225
2286,227
2239,225
727,228
712,228
712,234
712,234
1647,226
1616,226
1600,226
1569,229
1553,227
1538,229
1507,228
1491,228
1491,222
1304,218
1304,230
1429,227
1288,233
1288,218
961,220
1273,221
1242,232
1257,225
961,220
1226,232
1226,233
1210,235
1210,232
1195,234
373,234
373,233
380,232
384,233
378,228
383,219
392,158
390,223
389,225
395,228
398,229
393,226
424,226
428,227
430,225
438,226
442,225
444,225
445,222
453,222
457,223
467,222
472,222
475,221
370,164
371,132
571,210
603,219
571,227
571,232
618,228
649,235
618,233
587,230
587,229
603,221
571,203
297,210
290,168
540,177
540,215
525,227
525,229
525,232
509,236
509,231
509,233
509,233
492,234
485,234
489,234
483,232
488,230
490,218
509,218
501,228
497,234
495,232
494,232
493,234
493,233
509,233
509,234
509,231
509,225
525,225
509,223
525,219
540,223
525,223
540,221
540,221
587,224
618,218
446,219
446,223
439,230
442,231
429,234
423,236
427,234
429,236
430,234
431,221
125,228
123,223
122,220
129,219
696,222
696,223
525,216
509,221
46,211
83,212
649,216
665,214
241,218
245,220
230,218
223,218
199,216
194,216
212,216
181,214
136,216
257,216
176,214
556,222
525,228
509,229
540,238
556,238
556,236
556,235
556,236
556,233
478,224
297,222
290,240
286,237
402,231
387,230
387,233
402,232
603,222
388,220
388,230
395,220
478,212
485,213
489,214
491,214
475,232
468,225
351,231
351,226
432,225
439,227
442,226
437,226
427,225
436,227
457,227
467,226
587,213
556,222
571,222
571,210
556,155
106,151
571,213
556,215
540,215
525,210
525,211
525,210
571,216
571,219
571,212
6291,103
6354,214
1553,220
1538,224
1507,225
1553,227
1569,211
91,58
5824,161
5419,200
5403,215
5185,210
5123,219
5123,216
4982,213
4795,168
5216,210
5247,216
7320,138
7289,177
7227,210
4717,219
4686,219
4655,219
4639,219
4608,219
4577,218
4561,218
4546,211
91,77
91,58
76,64
91,67
2520,224
2457,224
2411,224
2333,225
2286,226
2239,225
727,227
712,233
712,235
712,236
712,235
712,234
1600,227
1569,226
1553,228
1538,229
1507,229
1491,228
1475,220
1304,218
1304,230
1429,231
1413,231
1413,228
977,221
1273,221
1242,231
1257,222
1242,221
1226,233
1226,236
1211,234
1211,235
1195,234
1195,235
1195,236
381,235
384,233
386,226
387,217
402,177
395,223
391,224
389,225
395,226
398,226
400,227
401,227
430,226
438,226
442,225
444,225
452,221
456,226
458,222
459,222
468,222
473,224
483,220
488,219
587,212
587,220
572,227
572,229
650,230
634,233
618,232
587,229
587,226
618,217
665,187
310,210
317,168
556,197
540,217
525,228
525,232
509,233
509,234
509,234
509,234
509,234
509,234
509,235
490,235
492,234
509,224
509,215
501,219
497,231
495,234
494,234
494,230
486,233
490,234
492,233
509,234
509,231
525,225
509,225
509,224
525,221
525,220
540,219
540,222
540,218
121,210
91,211
432,219
439,224
443,230
437,233
434,234
433,235
432,234
432,232
432,234
650,220
665,234
712,217
125,220
123,217
696,223
696,220
509,218
509,219
136,210
121,211
650,216
665,215
106,217
665,217
243,217
243,217
243,215
250,216
603,214
257,216
176,216
257,217
572,216
572,220
572,224
556,230
540,238
556,237
556,236
556,234
556,233
556,232
461,223
297,221
290,240
287,237
278,238
274,240
387,234
402,231
587,222
388,220
388,226
395,217
494,211
494,213
494,214
494,215
494,217
486,217
351,226
362,227
417,227
432,227
446,226
439,229
435,230
441,226
451,229
464,223
479,213
509,164
572,221
556,210
556,132
556,206
556,215
556,214
540,214
540,210
525,211
525,212
509,211
509,210
556,211
6338,151
6370,213
1553,222
1538,222
1522,225
1553,226
31,84
53,77
5824,171
5980,132
6167,100
5169,215
5107,218
5185,217
4982,211
4780,212
5216,213
5263,212
7351,135
7274,168
7149,210
7149,145
5388,220
4655,221
4624,219
4608,218
4577,220
4562,218
4608,64
3580,67
121,61
76,48
106,48
83,45
3065,84
2380,227
2317,224
2255,226
2239,220
727,231
712,231
712,235
712,234
712,234
712,231
727,231
743,227
1538,227
1522,227
1507,230
1491,229
1335,217
1304,229
1304,222
1429,232
1413,231
1398,231
1382,230
1366,221
1242,230
1242,221
1226,224
1226,234
1211,235
1211,235
1195,233
1195,234
1195,236
1195,235
1242,218
373,226
387,227
387,210
387,215
387,226
387,228
387,227
394,227
398,226
400,227
401,228
401,225
409,226
443,226
445,222
446,224
453,222
457,221
459,221
468,221
473,220
483,220
488,216
509,148
501,138
556,228
587,228
650,234
634,229
618,230
587,229
587,227
618,215
310,210
310,210
603,212
587,219
540,220
525,229
525,232
525,233
509,231
509,235
509,233
509,233
509,236
509,234
501,232
497,236
492,224
509,215
501,223
497,232
495,234
494,233
494,231
494,232
494,232
494,231
494,232
494,232
509,228
509,227
525,225
525,222
525,221
525,220
525,218
541,217
46,213
38,212
541,221
556,227
437,231
434,233
433,236
432,236
432,237
432,234
432,235
634,224
681,229
712,214
525,221
501,216
696,223
681,218
509,218
509,216
76,211
83,210
650,217
618,216
106,218
121,215
634,222
634,219
158,216
257,216
91,215
140,215
145,216
118,216
587,215
572,221
556,225
556,230
556,232
556,232
556,236
556,235
556,235
556,231
461,224
297,226
290,238
280,241
275,240
272,237
271,238
277,239
556,224
388,224
388,229
402,214
494,212
494,213
494,213
494,215
494,217
494,220
486,220
482,221
432,226
439,228
443,226
437,226
434,228
447,227
462,228
470,220
482,211
774,138
618,206
587,161
556,142
556,212
556,214
540,214
525,213
509,206
525,211
525,212
525,211
525,210
509,211
509,211
1553,216
1553,222
1522,220
1522,227
1553,222
46,84
5808,96
5886,119
31,87
6229,96
6385,216
6198,211
5185,213
5092,177
4780,213
5216,217
5263,135
7336,119
7196,135
7180,197
5434,212
5372,223
5341,218
6245,203
4593,220
4577,220
4546,218
76,51
3580,74
3517,64
91,67
3439,54
31,61
3050,109
2941,100
2800,106
2255,226
727,220
727,230
712,233
712,235
712,232
712,233
727,232
727,231
743,223
759,223
774,224
1491,229
1491,227
1320,219
1304,229
1413,221
1429,233
1413,228
1397,232
1382,232
1039,222
1366,224
1351,234
1226,229
1226,235
1210,234
1210,236
1195,233
1195,235
1195,236
1195,229
1242,216
373,229
373,234
373,240
394,218
391,226
389,229
395,227
398,226
393,226
397,225
399,226
400,226
401,226
401,223
409,226
452,223
456,223
458,221
468,221
473,221
475,221
484,221
488,215
509,87
509,210
509,219
525,212
649,232
618,235
603,230
587,229
603,223
618,212
324,203
317,206
603,212
587,220
587,227
571,229
509,233
509,233
509,236
509,233
509,233
509,232
509,233
501,232
497,236
495,234
494,234
493,234
509,225
501,233
497,234
495,234
494,232
493,232
493,233
493,231
493,233
493,234
493,233
493,234
509,224
525,223
525,221
525,222
525,222
540,215
46,211
46,212
556,224
540,226
556,220
76,221
433,232
432,233
432,235
432,236
432,230
649,228
681,226
712,212
478,221
478,214
176,217
163,220
525,220
509,214
121,211
106,212
665,218
106,215
113,216
634,219
618,220
634,219
618,221
618,221
230,215
223,214
206,216
141,216
571,218
571,222
556,226
556,231
556,231
556,230
556,233
540,233
556,234
556,230
461,223
283,229
283,239
276,239
273,238
271,240
277,238
280,238
281,240
289,241
388,230
402,213
493,211
493,214
493,215
493,216
493,218
485,219
481,220
479,221
478,225
478,224
462,226
447,227
439,227
458,226
468,227
473,219
483,210
509,113
587,197
478,151
469,212
465,215
540,216
540,216
540,213
540,210
525,211
525,210
525,210
525,210
509,211
509,200
509,211
509,211
1522,223
1538,226
1569,218
76,74
5793,138
5917,103
6042,129
6167,109
6369,216
6214,212
6120,215
6073,214
3608,125
44116,18
28884,20
47065,28
31092,28
15255,28
64657,27
11198,21
64725,20
56798,20
29912,24
14034,24
6868,145
6837,184
6806,210
4780,214
4748,220
4733,220
4702,220
4671,219
4639,219
4608,219
4593,221
4577,220
8525,13
31047,0
55856,11
60042,11
53578,10
51309,9
35492,9
20165,95
4918,181
11348,24
40206,95
2395,214
727,232
712,233
712,235
712,234
712,232
727,232
727,231
743,222
758,227
790,222
1772,220
1740,226
1304,219
1304,230
1429,231
1413,229
1397,226
1382,233
1382,231
1055,227
1351,232
1335,234
1335,233
1320,235
1210,233
1210,234
1195,235
1195,237
1195,239
1242,217
388,223
380,233
376,236
374,236
373,235
373,236
388,225
395,225
398,228
400,228
401,226
401,228
401,225
401,223
401,226
409,229
413,227
415,226
464,221
471,222
474,221
483,221
488,217
509,164
509,113
509,218
509,216
373,190
373,206
373,200
19337,2
19430,2
27362,2
17627,1
17614,1
15827,1
19411,2
15321,2
15328,2
15330,2
11491,2
11495,2
556,220
556,212
310,210
310,187
323,164
303,145
327,190
540,217
525,228
525,233
509,233
509,233
493,234
493,235
493,234
493,235
493,234
485,233
489,234
491,227
509,220
509,217
501,227
497,235
493,230
493,233
493,233
493,235
509,231
509,233
509,232
509,226
509,226
509,223
525,223
525,220
571,222
571,223
587,223
587,222
603,220
446,217
439,223
435,230
433,234
432,235
432,236
432,234
136,230
136,236
128,234
124,229
122,224
121,224
121,219
128,217
681,222
525,214
509,220
509,214
618,216
243,215
236,214
259,215
258,217
603,215
257,217
243,215
174,216
181,216
603,217
216,215
509,228
509,232
509,229
525,231
540,226
525,231
556,238
556,239
540,236
556,234
556,237
525,231
556,236
556,236
525,223
402,230
395,230
384,232
386,231
401,229
587,223
402,224
395,231
398,216
478,229
478,227
478,229
469,231
465,231
388,222
369,228
371,222
432,226
446,228
462,228
447,228
556,193
571,217
587,212
603,213
556,219
571,220
556,217
556,168
540,168
556,211
540,214
540,216
495,214
494,211
540,200
571,212
571,220
571,211
6151,103
6354,213
1553,218
1538,223
1522,223
1522,228
5434,184
5076,193
5387,212
5232,210
5419,215
5434,206
5154,217
5169,216
4967,213
5123,168
4780,171
5232,215
6790,171
4764,218
4748,221
4717,219
4686,220
4655,220
4624,219
4608,219
4593,220
4577,219
4546,210
46,74
2364,193
2224,216
2598,224
2535,225
2442,223
2379,225
2333,226
2286,226
2239,223
727,226
712,232
712,236
1662,227
1631,226
1616,227
1600,229
1569,229
1538,226
1522,229
1507,229
1491,229
1335,216
1304,221
1304,225
1288,234
1288,226
977,222
961,221
1257,225
1242,231
1257,225
1242,223
1226,234
1210,235
1210,234
1210,235
372,237
372,235
380,234
384,232
386,231
387,227
394,210
391,214
389,224
388,227
388,227
388,229
420,224
426,227
429,223
438,225
442,223
444,223
445,224
446,224
453,222
457,222
467,222
472,221
373,145
373,148
572,148
603,217
587,224
572,229
587,229
650,231
634,233
618,232
587,227
587,227
310,210
556,177
297,151
290,197
556,212
525,221
525,230
509,232
509,234
509,235
509,234
509,234
488,234
491,235
492,234
485,234
489,233
491,225
509,217
509,218
501,228
497,233
487,233
490,234
493,234
493,233
509,232
509,232
509,230
525,224
509,224
525,223
525,223
525,221
525,219
525,219
603,224
587,224
572,219
432,221
432,223
432,231
439,235
435,233
433,232
432,235
432,234
424,233
59650,184
56322,13
56578,245
56065,151
54784,151
56576,143
57088,139
55296,137
57344,136
59904,136
60416,137
53021,19
650,220
121,217
113,215
650,218
634,220
650,219
618,220
618,221
634,218
618,215
243,215
250,215
572,219
572,224
556,230
556,233
556,231
556,232
556,236
540,231
540,229
525,226
509,230
509,233
290,238
287,237
278,239
274,239
279,239
281,237
282,239
283,238
290,222
556,232
556,238
556,236
490,214
492,215
485,218
481,220
487,220
482,222
480,222
479,225
478,224
478,223
478,225
478,228
468,227
473,223
475,211
484,132
665,180
556,151
461,211
461,215
461,212
469,155
572,161
556,213
525,210
525,212
525,210
525,203
509,210
509,210
509,211
509,212
493,211
493,212
493,213
493,212
5793,129
5871,113
6027,96
6214,116
6370,216
6183,212
6120,215
6042,216
5980,216
5466,210
5419,210
5076,211
7211,177
7211,180
5419,218
5356,222
5356,211
6214,190
6183,168
6229,100
6868,200
6806,148
6775,155
4780,221
3408,80
31,48
3065,106
3034,126
2878,87
2769,90
2504,197
2411,210
2395,214
2380,212
2224,214
2645,214
712,233
727,232
743,226
759,224
774,226
821,215
1756,224
1725,224
1709,225
1678,227
1663,226
1631,225
1398,232
1382,233
1039,220
1351,221
1351,231
1335,233
1320,235
1320,232
1304,228
1289,236
1289,234
1289,222
1195,227
1242,213
373,231
373,234
373,237
373,238
373,237
373,236
373,235
373,232
373,234
373,234
400,228
408,224
405,227
411,227
414,228
415,227
416,227
416,224
416,228
424,229
428,226
430,226
488,214
91,84
509,213
509,217
501,212
373,210
373,180
362,168
356,177
364,184
376,180
363,126
317,210
313,211
587,221
572,225
572,228
556,227
556,228
556,225
556,220
556,210
556,203
297,210
509,233
501,233
497,233
495,235
494,235
494,234
494,233
494,233
494,236
494,233
494,236
494,234
494,228
494,233
494,233
494,232
494,231
494,233
494,234
494,232
494,231
494,234
494,233
494,235
76,212
556,214
540,225
540,225
556,222
572,220
572,223
587,223
572,223
587,221
587,223
587,221
696,223
509,216
493,221
727,214
136,218
136,220
143,217
139,222
137,234
136,238
128,233
132,226
106,218
634,220
634,222
618,217
618,219
618,221
634,220
618,217
634,215
216,215
226,216
234,217
572,228
556,230
556,231
556,229
540,231
556,232
525,231
509,226
509,232
509,231
509,230
525,229
275,238
272,238
271,240
277,240
280,237
288,237
299,219
556,231
556,236
556,236
417,224
402,232
490,216
484,219
481,221
479,221
478,220
478,222
478,225
478,226
478,228
478,228
478,230
469,231
483,211
759,138
587,211
461,174
461,214
461,214
461,203
469,119
556,212
572,214
587,214
587,213
525,211
525,210
509,187
509,211
509,210
509,212
501,212
509,212
501,212
509,210
541,210
556,215
6152,113
6401,177
6370,215
6167,214
6105,214
6027,217
5980,212
5419,211
5076,187
5403,155
5372,211
5403,193
5388,221
5341,221
6245,129
6214,210
6183,168
6900,96
6853,158
6806,174
6791,148
4764,220
4733,220
4702,219
3081,87
3019,138
2785,93
2536,155
2504,187
2380,211
2411,214
2380,212
2208,217
2629,221
2567,226
2489,224
743,226
759,228
774,224
1787,214
1756,227
1725,224
1710,226
1678,226
1647,228
1632,227
1600,226
1585,229
1039,225
1367,224
1351,233
1335,234
1320,235
1320,234
1304,229
1289,234
1273,234
1289,219
961,222
1273,219
373,227
373,233
373,234
373,235
373,232
373,235
373,233
373,235
380,234
384,232
386,234
387,230
37755,1
39649,1
40418,1
40932,1
41187,1
41186,1
41188,1
41186,1
43233,1
44258,1
44771,1
45027,1
439,223
443,223
445,226
453,223
457,223
459,220
460,223
469,223
473,221
483,220
488,216
491,171
587,224
572,228
587,228
665,233
634,236
618,230
587,229
587,228
618,217
634,206
310,211
603,212
556,210
540,217
525,226
509,233
509,231
509,233
509,233
509,232
509,236
509,234
501,234
497,233
482,233
488,226
509,218
493,220
493,230
493,233
493,234
493,236
493,234
493,234
493,231
493,235
509,231
525,224
509,224
525,221
525,223
525,221
540,221
525,223
540,219
106,212
76,213
540,217
447,225
447,229
439,234
435,233
433,233
432,232
432,233
432,233
432,223
665,232
696,220
525,221
132,218
696,219
665,222
525,220
509,219
76,212
76,212
665,215
650,217
106,216
650,217
650,220
236,216
241,216
173,217
139,217
177,216
119,215
112,216
164,216
572,220
572,226
556,229
556,228
556,238
556,236
556,235
556,234
556,236
461,223
525,220
284,237
277,238
280,240
275,240
272,239
402,230
556,219
402,219
395,226
398,221
494,212
494,212
494,215
494,214
494,216
494,217
486,219
362,227
417,228
432,228
455,230
443,228
430,225
445,228
461,226
469,224
481,214
479,187
727,197
556,210
556,171
556,210
556,214
540,215
556,213
525,210
525,210
525,211
525,211
525,210
509,212
6151,155
6370,211
1553,221
1522,223
1522,225
1553,225
91,87
133,71
5824,106
6011,119
6136,100
6385,211
5123,220
5185,215
5107,210
4780,212
5216,213
5263,211
7289,177
7258,190
7164,193
7164,122
5388,220
5341,220
4624,218
4608,220
4577,221
4562,220
121,54
91,74
98,67
3517,71
3377,64
106,54
3065,84
3034,164
2317,225
2255,225
727,219
727,230
712,234
712,235
712,234
712,235
727,233
727,232
743,224
759,222
1522,229
1507,228
1491,229
1320,219
1304,229
1429,218
1413,228
1413,228
1398,231
1382,232
1039,220
1366,220
1257,220
1226,228
1226,233
1211,235
1211,236
1195,236
1195,235
1195,236
1195,229
1226,217
373,230
373,233
402,187
395,217
391,224
389,226
395,230
398,227
400,226
401,228
401,226
409,226
413,226
407,223
446,221
446,225
453,224
457,220
467,220
472,220
475,222
484,220
489,218
509,148
525,180
509,217
587,229
650,233
634,235
603,230
587,231
572,227
618,216
324,210
324,211
324,211
603,220
587,226
525,228
525,230
509,232
509,234
509,232
509,234
509,235
509,234
509,234
501,235
497,234
495,235
509,217
501,221
497,230
487,232
490,232
492,234
493,232
493,232
493,233
493,232
493,231
493,232
509,226
525,226
525,225
525,220
525,221
540,219
540,218
556,212
31,211
556,216
556,228
572,224
435,233
433,234
432,233
432,235
432,233
432,234
665,220
665,232
696,217
493,220
485,217
151,216
681,220
525,218
525,221
91,211
83,211
649,215
618,215
106,215
665,217
634,221
634,219
618,220
236,216
239,215
180,216
211,214
151,216
183,215
571,221
571,226
556,231
556,233
556,229
556,234
556,237
556,237
556,231
446,223
297,223
290,238
280,239
275,239
272,239
277,239
280,238
281,239
388,221
388,229
402,215
493,214
493,213
493,212
493,215
485,216
481,219
479,220
478,220
478,222
446,227
462,226
447,231
439,228
458,227
468,226
473,220
475,211
484,138
618,184
556,168
461,212
540,211
540,214
556,216
540,212
525,210
525,190
509,210
525,211
509,211
509,211
509,212
509,210
1538,223
1522,223
1538,224
1553,218
121,74
5824,138
5964,100
6011,96
6214,132
6385,215
6198,211
6120,217
5091,168
4780,211
5232,216
7383,90
7305,145
7180,138
7149,161
5434,213
5387,223
5341,217
6260,193
6214,210
4577,218
4561,216
16,58
3580,113
91,51
121,48
3392,74
16,45
3034,113
3034,116
2769,116
2551,174
727,220
712,229
712,231
712,235
712,235
727,233
727,232
727,230
743,224
758,226
774,224
1772,216
1491,226
1304,218
1304,228
1429,223
1429,230
1413,229
1397,232
1382,231
1055,222
1366,223
1351,232
1335,234
1226,233
1210,234
1210,236
1195,235
1195,236
1195,236
1195,228
1257,214
373,229
373,233
373,237
373,238
387,225
387,228
394,226
391,229
396,226
399,226
400,228
401,227
401,226
409,226
413,225
415,227
456,223
458,221
459,223
468,222
473,220
475,219
484,217
488,142
509,210
509,216
509,214
388,184
634,237
618,231
587,229
587,226
603,215
324,206
324,200
618,210
587,216
587,226
572,229
572,228
509,231
509,234
509,231
509,233
509,235
509,233
509,234
509,234
501,235
497,236
495,232
494,234
493,232
493,233
493,232
493,233
493,232
493,234
493,233
493,233
493,233
493,234
493,232
493,229
525,225
525,221
525,222
540,221
540,217
106,212
106,212
556,221
540,227
556,226
587,222
46,219
432,234
432,234
432,235
432,233
665,224
681,232
696,214
478,222
478,215
151,218
143,220
139,218
525,215
106,211
91,213
650,218
106,217
98,216
634,219
634,222
618,218
634,221
618,219
618,220
76,215
126,216
157,215
587,217
572,221
572,225
572,229
556,230
556,230
540,235
556,233
540,234
556,232
478,224
297,226
290,240
280,238
275,238
272,238
271,239
270,241
277,238
287,239
292,224
395,214
494,212
494,213
494,215
494,215
494,220
486,220
482,221
480,221
479,223
478,223
478,223
437,230
434,226
447,226
462,226
470,220
474,212
484,119
618,197
634,187
461,213
454,217
450,212
525,215
540,213
525,212
525,210
525,211
509,193
525,210
509,211
509,211
509,212
501,211
509,213
1538,225
1585,217
76,64
5840,129
5918,96
6058,109
6198,126
6385,215
6198,211
6120,216
6058,215
5996,216
3601,212
28756,20
47065,28
39018,28
19086,28
3220,28
11176,21
64724,20
56798,20
21977,24
18097,24
6098,24
6837,177
6790,184
4764,213
4749,221
4717,221
4686,220
4655,219
4640,219
4608,218
4593,220
4577,220
4546,215
2395,215
2395,210
2224,220
2613,221
2551,225
2473,224
2411,226
2364,225
2302,226
2255,226
727,222
712,229
1694,226
1663,227
1647,228
1616,227
1600,226
1585,225
1553,225
1538,229
1522,230
1507,230
1491,226
1304,218
1289,232
1289,237
1273,233
1289,222
977,223
961,219
1242,229
1242,229
961,221
1226,230
1226,235
1211,233
371,232
372,233
372,233
380,232
376,233
382,231
385,230
386,219
401,180
394,220
391,225
396,228
416,224
416,225
424,226
428,225
430,225
438,225
442,224
444,226
445,222
446,222
453,224
457,221
378,190
375,184
374,174
373,177
556,155
587,218
572,225
572,231
603,226
650,232
618,234
587,227
556,218
572,211
324,193
317,210
307,210
295,187
556,215
540,222
525,228
509,232
509,232
509,235
494,234
494,237
486,234
490,235
492,233
493,236
493,233
493,219
509,217
501,225
497,232
495,234
501,231
497,235
495,233
494,234
509,233
509,231
509,229
509,225
509,222
525,224
525,223
525,222
587,223
587,222
587,225
587,219
447,219
447,224
447,228
447,233
439,233
435,236
433,235
432,234
136,238
136,234
128,230
124,223
130,224
125,218
696,218
696,225
509,219
525,220
509,212
121,211
603,215
243,215
236,218
239,217
241,217
245,217
244,216
160,216
603,216
106,215
168,217
178,215
509,230
525,230
525,234
525,228
540,234
556,240
540,237
556,238
556,237
556,234
525,227
525,222
556,235
402,223
395,231
391,227
382,231
385,232
401,224
603,223
402,226
395,231
447,213
470,211
478,227
478,230
469,230
465,231
373,221
362,227
367,224
432,228
446,230
446,227
439,228
435,228
52638,1
52692,1
54744,1
55763,1
15479,2
23470,66
5596,69
11348,22
43790,66
556,213
587,214
587,215
540,210
525,211
525,211
525,211
509,211
509,211
509,212
509,212
509,210
509,213
501,212
497,213
61,71
5808,103
106,100
6027,93
6432,87
6370,213
6323,206
6151,215
6058,217
5996,216
5450,210
5403,212
7336,158
7274,129
7180,177
5419,211
5372,222
5356,218
6260,206
6214,190
6167,142
6915,109
6853,197
6790,200
61,54
3424,80
3377,87
31,51
3081,126
3034,122
2816,93
2520,148
2473,174
2395,212
2395,214
2395,210
712,233
712,233
727,233
727,230
743,224
759,224
774,224
1772,215
1756,226
1725,224
1694,227
1678,226
1413,232
1413,227
1382,231
1382,233
1039,224
1351,224
1351,233
1335,233
1320,234
1320,232
1304,232
1289,235
1195,234
1195,237
1195,226
1257,216
373,230
373,235
373,238
373,237
373,235
373,237
373,234
373,235
396,226
399,227
400,225
401,227
401,227
409,226
413,224
415,227
416,225
416,226
416,227
416,226
475,220
484,220
489,213
31,77
509,213
509,217
525,210
373,187
373,193
373,193
362,190
367,168
634,211
337,206
330,210
587,216
587,223
572,225
572,226
556,227
556,226
556,223
556,213
572,210
509,233
509,236
509,233
501,234
497,234
495,233
494,234
494,234
494,232
494,236
494,234
494,237
491,234
492,234
493,233
493,231
493,232
493,233
493,233
493,231
493,231
493,232
493,232
509,232
556,213
31,210
556,215
541,226
541,225
572,221
572,218
572,221
556,221
572,222
587,221
572,226
665,230
681,224
525,214
501,218
151,213
163,219
157,220
154,218
145,223
140,231
138,238
129,234
121,216
113,217
634,220
634,221
634,220
618,221
618,221
634,220
634,215
603,216
243,215
250,217
572,221
556,228
556,227
556,230
556,231
556,232
541,232
525,230
509,229
509,230
509,232
509,230
277,239
273,239
271,241
277,237
280,239
282,240
289,237
313,219
556,229
556,236
556,238
403,225
494,217
486,220
482,218
480,220
479,221
478,221
478,223
478,223
478,228
478,228
478,229
478,231
470,220
482,211
728,129
603,210
525,122
461,214
454,215
457,210
467,106
556,212
556,213
712,213
525,211
525,211
509,210
525,211
509,212
501,210
497,211
509,211
501,213
497,214
509,210
525,210
5918,80
6058,109
6385,100
6370,215
6167,214
6105,215
6042,215
5980,215
5403,200
5435,190
5076,161
5372,211
7165,197
5388,217
5357,220
5341,211
6229,210
6198,203
6183,103
6853,155
6822,193
6775,193
4764,219
4749,221
3408,51
3097,71
3034,161
2832,84
2754,96
2520,211
2395,190
2395,214
2395,212
2224,211
2224,216
2598,225
728,233
743,229
759,222
759,225
806,219
1756,225
1741,226
1710,226
1678,227
1663,227
1632,228
1616,226
1382,232
1367,225
1055,223
1351,230
1335,232
1335,234
1320,234
1304,225
1289,234
1289,234
1273,226
977,221
1211,219
388,223
380,236
376,235
374,240
373,238
373,238
373,234
373,236
380,233
376,233
382,233
402,225
402,226
402,226
409,228
413,228
415,225
416,228
416,227
416,225
424,225
428,224
430,225
487,210
509,109
509,216
509,215
540,206
373,200
373,210
373,164
362,197
367,142
370,135
360,106
317,210
587,217
587,225
572,227
572,227
556,230
556,230
556,221
556,215
556,210
284,158
290,206
501,233
497,233
495,236
494,233
494,235
486,234
482,235
488,234
491,235
492,235
493,233
485,234
494,233
494,231
494,234
494,233
494,231
494,231
494,232
494,233
494,232
494,235
494,231
509,231
556,216
540,227
556,226
572,221
61,220
572,221
572,220
572,223
587,222
587,226
587,223
556,219
540,217
517,218
727,214
136,220
143,221
139,217
145,223
140,232
130,239
133,235
134,228
135,223
634,224
634,220
634,221
618,221
618,221
618,221
634,218
618,217
603,214
257,214
243,216
618,216
556,231
556,231
556,233
540,232
525,230
525,230
509,227
509,229
509,230
509,230
525,229
525,228
280,237
282,239
283,240
283,238
290,236
525,219
556,231
556,238
556,237
402,227
395,231
391,229
481,221
479,221
478,222
478,223
478,224
478,224
478,226
478,226
478,229
469,230
473,231
467,228
774,171
618,190
478,210
469,213
465,214
471,177
509,119
556,215
572,214
587,214
587,214
556,223
509,211
509,210
509,212
509,212
501,210
497,211
495,212
494,215
587,145
540,210
572,220
572,217
6401,206
6338,215
6167,214
6089,215
6011,216
5980,213
5419,214
5060,210
5403,211
5356,197
5403,158
5419,218
5356,220
6245,145
6214,187
6183,200
6899,77
6853,168
6837,142
6775,184
4764,220
4733,219
4717,218
4671,219
3034,155
2832,109
106,87
2489,184
2395,211
2395,213
2395,211
2224,216
2629,217
2567,223
2504,225
2442,224
759,224
774,226
821,214
1756,225
1725,224
1694,224
1678,225
1647,228
1631,226
1600,227
1585,227
1553,226
1366,220
1351,233
1335,236
1320,233
1320,234
1289,225
1289,234
1289,235
1289,224
977,222
961,219
1242,225
373,235
373,238
373,237
373,237
373,235
373,232
373,233
373,235
373,233
373,232
380,235
384,230
409,227
413,225
415,226
416,226
416,225
416,227
424,224
428,225
430,227
431,225
431,226
439,226
509,217
509,214
525,168
351,200
362,174
367,210
359,206
355,122
364,174
509,106
587,213
587,224
572,227
572,230
572,229
556,230
556,226
556,222
556,214
572,210
337,148
317,210
300,177
556,193
494,232
486,235
490,233
492,235
485,238
489,232
491,234
492,232
493,232
493,233
493,235
493,232
494,232
494,232
494,231
494,231
494,233
494,234
494,235
494,235
494,233
509,233
509,238
509,230
556,223
556,219
76,220
76,219
572,223
587,220
587,224
587,225
587,224
618,215
447,220
447,224
727,215
136,220
143,220
139,216
145,224
140,235
130,236
118,232
119,226
120,223
128,221
132,218
634,219
618,222
618,222
618,218
618,217
618,216
618,217
257,216
243,216
256,214
256,216
256,217
556,232
540,233
525,232
525,231
509,227
509,229
509,232
509,230
540,229
525,230
540,236
556,238
279,242
288,237
292,232
509,220
556,232
556,238
556,235
402,228
395,231
391,230
382,233
392,228
478,222
478,223
478,225
478,226
478,225
478,228
478,230
478,229
478,228
462,225
351,228
362,226
461,210
453,215
457,214
467,138
480,109
556,215
587,213
727,213
571,215
556,219
571,220
556,168
509,212
509,210
509,211
501,212
497,212
495,214
540,177
571,210
571,222
571,214
571,187
6369,210
6136,215
6073,215
5995,215
5964,210
5403,213
5076,213
5403,213
5232,211
5419,197
5419,216
5169,215
5107,218
6198,171
6182,206
6899,138
6853,206
6806,171
4780,210
4748,221
4733,218
4702,220
4671,219
4639,218
4624,217
43895,11
61543,10
40292,94
5916,101
11348,26
60686,94
2520,142
2473,210
2395,214
2395,215
2395,211
2208,219
2255,227
727,220
712,230
712,234
712,235
712,231
712,232
727,232
727,230
743,224
758,225
774,223
1507,227
1491,226
1335,218
1304,228
1429,221
1429,231
1413,228
1397,231
1382,232
1039,221
1351,223
1335,233
1226,229
1226,234
1210,234
1210,235
1195,236
1195,236
1195,239
1195,227
1242,217
373,232
373,233
373,236
391,220
389,228
388,227
395,225
391,227
396,228
399,227
400,228
401,226
409,226
413,229
415,227
445,222
453,224
457,223
467,221
472,223
475,220
484,219
488,214
525,103
509,213
509,218
525,211
649,232
634,233
603,228
587,229
603,223
634,212
310,168
310,211
587,213
587,221
571,226
571,227
525,232
509,232
509,235
509,235
509,233
509,235
509,234
509,238
501,234
509,232
501,233
509,233
501,224
497,232
495,234
494,232
493,232
493,233
493,234
493,231
493,233
493,233
493,232
493,236
525,222
525,223
525,221
540,220
525,220
106,215
83,211
540,211
556,224
556,227
556,219
76,219
433,234
432,231
432,234
424,233
428,234
649,227
681,229
712,213
509,221
493,214
151,219
151,222
525,218
525,217
91,212
98,211
665,219
121,215
121,216
634,215
634,220
634,220
618,220
618,222
134,216
120,215
98,217
257,216
587,215
571,220
571,227
556,230
556,233
556,229
556,231
540,233
556,236
556,233
478,222
297,218
290,239
286,240
278,239
274,240
278,237
280,238
281,239
289,240
35638,1
38628,1
60892,1
60884,1
60885,1
60886,1
60887,1
58842,1
57819,1
57310,1
57054,1
57053,1
478,224
478,226
478,226
478,227
478,231
478,230
478,231
417,225
351,229
362,227
417,227
431,227
461,212
469,129
540,138
571,215
618,213
727,214
556,216
556,223
571,219
556,180
587,158
540,174
509,210
509,211
501,213
497,212
525,177
556,211
571,222
556,214
571,200
6354,210
1569,213
1538,222
5995,216
5465,180
5419,213
5060,212
5372,210
5232,211
5419,210
5419,215
5154,217
5123,219
5185,215
5091,206
40666,20
35240,28
31127,28
64654,27
15051,21
3026,21
56797,20
26075,24
18110,24
9902,24
52129,87
6011,47
4561,218
76,58
3580,80
3517,58
76,54
3361,77
31,67
3081,106
3034,129
2831,106
2691,116
2504,210
2504,225
2442,225
2364,225
2317,225
2255,225
2239,219
25324,131
45591,84
5932,14
25403,215
58370,200
60162,200
1725,226
1709,228
1678,227
1647,226
1631,226
1600,227
1585,227
1569,229
1538,227
1522,229
1507,228
1491,228
1320,234
1304,227
1288,235
1288,232
1288,222
977,221
1273,218
1242,228
1242,230
945,219
1226,226
1226,234
373,237
373,236
373,235
373,234
380,234
384,233
386,233
387,229
387,223
402,177
395,217
391,225
416,224
416,227
424,227
428,224
430,225
431,226
438,225
442,225
444,223
445,223
453,223
457,223
362,158
356,206
353,187
363,148
368,151
571,203
603,218
571,224
571,230
603,225
649,233
634,236
556,224
556,216
572,211
556,190
297,197
303,177
243,171
540,214
525,224
525,231
509,231
509,233
494,233
494,238
494,235
494,236
494,235
486,236
482,236
488,232
509,220
525,214
509,224
501,231
494,232
494,231
494,231
494,234
494,232
509,234
509,233
509,229
509,226
525,225
525,225
525,221
572,222
587,220
587,225
587,225
587,220
447,218
447,223
447,227
447,233
439,234
435,235
426,232
146,231
141,238
131,236
133,228
134,226
127,226
139,218
145,217
696,224
525,217
525,220
509,214
618,215
618,216
257,215
216,215
226,217
233,217
231,216
230,217
236,216
587,216
203,215
257,214
509,229
509,232
509,231
525,232
525,229
525,234
540,238
556,238
556,235
556,236
556,238
540,231
556,235
556,238
556,225
388,231
388,230
380,229
384,234
400,234
556,222
388,223
388,228
395,215
478,227
478,227
478,230
478,229
478,230
388,222
369,232
371,227
394,227
461,229
454,227
443,228
509,187
556,213
587,214
587,211
556,215
556,220
572,215
603,193
556,200
556,210
587,215
525,215
497,213
495,213
540,210
556,211
572,220
572,212
587,148
6354,212
1553,216
1553,222
1522,222
1522,225
14039,24
63699,23
43735,23
27863,23
23257,21
2258,81
6106,80
11348,20
22286,81
5419,212
5060,212
5403,214
3604,16
46933,28
35194,28
11166,28
64689,27
11195,21
64724,20
60638,20
26072,24
10168,24
10155,24
54433,26
6790,210
4780,214
4749,220
4733,219
4702,219
4671,219
4640,219
4624,219
4593,219
4577,219
4546,215
106,67
2380,212
2208,221
2629,223
2551,226
2489,226
2411,225
2348,225
2302,227
2255,226
727,223
712,231
712,232
1663,226
1647,228
1631,224
1600,227
1585,229
1553,226
1538,227
1522,229
1507,230
1491,226
1460,219
1304,228
59141,133
58629,118
59397,102
59909,15
57604,71
57349,71
59397,55
59909,40
59653,24
59397,24
58629,217
61294,23
1195,236
1195,237
1195,236
1195,227
1226,215
373,231
373,235
373,238
373,238
373,237
373,236
373,233
395,229
398,226
400,225
401,227
401,226
409,225
405,227
411,227
414,227
415,226
416,224
416,224
473,221
475,219
484,219
489,214
284,90
509,213
509,217
501,212
373,174
373,184
373,210
373,171
603,223
618,212
324,211
324,212
587,213
587,222
587,226
572,227
572,229
556,226
556,221
540,215
509,232
509,232
501,234
497,232
495,233
494,235
494,238
494,233
494,235
494,236
494,234
494,234
494,232
494,232
494,231
494,231
494,233
494,233
494,234
494,232
494,231
494,230
509,230
501,233
525,218
540,213
61,212
556,212
540,226
540,225
556,224
91,221
572,220
572,222
572,224
587,220
431,232
665,228
681,226
540,213
517,221
727,212
176,220
163,218
149,217
150,221
150,230
143,236
650,218
121,218
98,218
634,220
618,221
634,218
634,221
618,221
618,219
634,217
634,217
203,216
572,218
572,223
556,228
556,232
556,230
556,231
556,234
556,229
541,232
509,226
509,229
509,230
290,241
287,237
278,239
274,240
272,240
278,239
281,238
289,241
300,221
556,229
556,238
556,236
488,213
491,215
492,216
485,219
489,220
483,221
480,223
479,224
478,223
478,227
478,227
478,230
469,227
473,217
483,174
774,132
618,210
461,171
454,212
457,214
467,211
509,122
556,210
572,215
509,210
525,212
525,211
509,212
501,210
525,212
509,211
509,211
501,212
509,213
501,214
509,210
5793,148
5949,109
31,93
6229,96
6370,218
6183,213
6120,216
6042,215
5980,214
5419,210
5435,197
5076,193
7180,180
7165,161
5388,216
5372,220
5357,212
6214,203
6183,187
6245,116
6915,210
6837,193
6791,210
4780,219
3377,90
76,58
83,64
3034,145
2878,90
2785,93
2504,206
2426,193
2395,214
2395,212
2224,184
2224,219
712,234
728,232
743,232
759,221
759,225
790,220
1772,223
1741,227
1710,226
1694,227
1663,227
1647,226
1382,227
1382,232
1382,229
1055,226
1351,232
1335,233
1335,235
1320,235
1304,226
1289,235
1289,232
1289,229
1195,238
1211,220
388,220
380,231
376,235
374,236
373,235
373,235
373,233
373,233
373,235
373,234
400,225
401,225
402,225
402,226
409,226
413,226
415,227
416,228
416,225
416,227
416,224
424,224
484,220
489,212
46,77
509,215
509,219
509,210
373,142
373,193
373,210
362,187
375,142
374,151
324,211
324,200
587,216
587,225
572,227
572,228
556,228
556,228
556,222
572,215
297,211
303,164
509,236
509,233
501,234
497,233
495,234
494,234
494,236
494,233
494,236
494,234
494,233
494,236
494,231
494,232
494,233
494,233
494,234
494,235
494,232
494,230
494,233
494,234
494,234
494,232
91,210
556,214
556,228
556,227
572,221
46,222
572,221
572,220
572,223
572,222
587,222
587,224
696,223
525,218
501,218
727,213
136,220
143,221
147,217
141,223
138,234
129,237
125,234
123,227
83,215
650,222
634,222
634,220
618,221
618,220
618,220
618,217
618,216
618,216
270,217
263,215
556,227
556,230
556,232
556,232
540,234
572,231
525,230
509,227
509,230
509,232
525,228
525,231
273,240
271,240
270,238
277,238
280,239
288,236
556,220
556,233
556,239
556,236
402,229
395,231
486,219
482,220
480,220
479,222
478,224
478,224
478,224
478,227
478,226
478,231
478,230
478,230
479,158
712,174
634,203
478,197
469,214
465,217
471,184
572,113
556,213
572,213
759,213
587,213
525,203
509,210
509,210
509,210
509,211
509,211
501,212
497,213
495,214
494,174
525,210
556,214
6105,103
6354,126
6370,216
6183,213
6105,216
6042,216
5980,214
5403,210
5419,161
5419,164
5356,210
5247,193
5403,218
5356,218
5356,211
6214,210
6183,200
6245,113
6868,193
6822,193
6790,211
4780,220
4733,219
4717,221
3081,80
3034,180
2863,126
2754,109
2520,161
2411,210
2395,214
2395,212
2224,210
2629,213
2582,224
2504,225
743,229
759,222
759,224
805,219
1756,225
1741,226
1709,226
1678,227
1663,228
1631,228
1616,227
1585,228
1382,222
1055,221
1351,231
1335,233
1335,232
1320,235
1273,226
1289,234
1289,234
1289,226
977,221
961,220
388,222
380,234
376,238
374,239
373,237
373,234
373,237
373,237
373,236
373,231
373,231
380,232
401,228
401,224
401,226
409,227
413,226
415,225
416,227
416,226
424,228
428,226
430,225
431,224
509,109
509,217
525,216
373,184
373,174
362,210
367,210
370,200
379,200
376,158
382,129
587,213
587,218
587,224
572,227
572,230
556,230
556,227
556,222
556,215
297,211
303,200
300,197
298,138
497,233
495,234
494,235
494,236
494,235
494,235
494,234
486,234
490,236
492,234
493,234
493,235
493,232
493,235
493,233
493,236
509,231
501,232
497,231
495,233
494,234
494,231
509,231
509,235
540,227
556,224
556,221
46,220
572,221
572,219
587,220
587,223
587,225
587,223
603,218
447,220
493,217
727,214
151,221
151,220
151,218
143,224
139,232
137,237
136,234
128,227
132,225
134,222
634,222
634,219
634,218
618,221
634,219
618,218
618,216
603,217
603,214
243,216
618,214
243,215
556,230
556,229
540,233
556,233
525,230
509,227
509,231
509,233
525,228
525,230
525,227
525,238
278,238
274,238
279,240
288,236
525,220
556,233
556,239
556,234
402,229
395,231
391,230
389,233
480,220
479,222
478,222
478,225
478,225
478,227
478,229
478,229
469,230
465,232
463,226
351,229
603,211
461,184
454,215
450,215
464,158
540,126
556,216
587,213
743,213
572,213
556,223
572,222
509,210
509,212
509,211
501,210
497,212
495,212
494,214
525,210
540,187
572,218
572,218
572,212
5932,14
20387,226
55064,23
55320,217
55063,154
55319,92
54551,43
54293,212
53779,43
46101,12
53781,58
47125,43
5123,218
5169,217
4982,214
4780,211
5216,211
5247,215
7351,119
7289,177
7196,174
7164,193
5388,219
5356,222
4624,219
4608,219
4577,218
4562,220
4546,187
3611,71
3595,64
3439,42
3377,71
76,48
3112,77
3019,155
2333,225
2270,226
2239,221
727,229
712,232
712,233
712,233
712,233
712,232
727,232
743,228
759,221
1522,229
1507,230
1491,228
1335,220
1304,224
1304,223
1429,230
1413,229
1397,231
1382,232
1382,225
1055,223
1257,221
1242,222
1226,234
1210,234
1210,234
1210,236
1195,235
1195,236
1195,238
1226,220
388,225
380,232
400,214
401,212
394,225
391,227
389,226
395,227
398,226
400,227
401,228
409,225
413,226
415,225
452,224
456,223
451,223
456,223
467,223
472,222
475,221
484,220
488,220
490,210
31,100
509,216
571,231
649,229
649,234
618,233
587,227
587,232
603,222
618,206
310,151
618,190
603,215
587,222
525,226
525,230
525,234
509,234
509,230
509,233
509,234
509,236
509,234
501,233
497,233
495,234
509,217
493,220
493,230
493,234
493,234
493,232
493,234
493,233
485,234
489,230
491,233
492,231
509,225
525,223
509,222
525,223
525,223
525,221
540,218
76,213
76,213
556,216
540,228
540,226
442,233
429,236
430,232
431,235
431,236
431,235
438,224
665,229
696,220
525,219
501,219
712,216
696,226
525,217
525,221
509,210
61,210
649,215
649,217
91,218
665,214
634,222
634,220
634,221
229,216
236,216
241,215
158,215
194,215
218,214
571,221
556,227
556,226
556,230
556,231
556,232
556,235
556,237
556,235
478,224
297,217
290,237
286,238
278,238
274,238
278,239
274,240
272,238
402,224
395,229
406,219
493,212
493,214
485,214
489,214
483,217
480,219
479,221
478,221
478,221
439,228
442,227
437,229
434,227
447,228
462,226
470,223
474,212
483,132
618,210
587,197
461,211
556,210
540,214
540,216
556,212
540,210
525,206
525,211
525,210
509,210
525,211
509,210
509,212
1553,222
1522,221
1522,225
1553,224
121,64
68,96
5839,129
6011,87
6229,106
6385,213
6338,212
6151,216
5107,211
4780,214
5216,216
5263,197
7289,145
7258,145
7180,180
5434,168
5387,221
5341,220
6245,168
6198,168
44222,18
40123,18
32221,18
24284,18
16348,18
12251,18
4314,18
219,18
13531,91
6512,190
11348,20
33550,91
2488,210
2395,212
2411,214
2395,211
2208,217
2644,217
2566,224
2488,224
2442,226
2364,225
2317,225
2255,225
1756,225
1740,225
1709,226
1678,226
1662,227
1631,227
1616,228
1585,226
1569,227
1538,227
1522,227
1507,229
1320,233
1304,235
1288,227
1288,235
1288,234
1288,223
961,221
977,220
1242,227
1242,234
1257,222
1242,222
373,236
373,235
373,235
373,235
373,237
373,232
380,233
384,231
378,230
383,225
400,211
401,213
415,226
416,227
416,227
424,227
428,225
430,227
431,225
438,225
435,223
440,226
443,226
452,223
351,203
362,210
356,148
364,203
368,151
370,161
379,126
587,215
572,223
572,229
572,234
650,232
556,226
556,224
556,220
556,213
572,210
270,187
277,148
280,158
556,206
540,219
525,228
525,229
494,234
494,233
494,234
494,237
494,233
486,234
490,234
492,234
493,235
493,227
509,216
501,219
494,231
509,233
509,231
509,235
501,231
497,234
509,231
509,234
509,228
509,227
525,223
509,223
572,223
587,220
587,221
587,221
587,224
587,223
447,217
447,222
447,223
447,235
439,236
435,234
145,216
140,228
138,237
137,233
136,230
128,225
117,226
126,220
131,218
696,223
681,218
509,222
618,219
618,218
618,216
243,215
618,215
603,216
257,215
618,214
243,216
243,218
250,215
106,216
525,228
509,229
509,228
525,228
525,230
525,228
525,232
540,240
556,239
556,236
556,236
556,235
556,226
556,235
556,238
525,226
402,230
395,232
384,231
386,233
401,228
587,222
388,225
388,231
478,225
478,226
478,229
478,228
469,229
473,229
460,223
351,230
362,225
432,227
446,228
462,226
467,119
618,142
556,214
587,212
587,214
556,216
556,219
572,217
572,158
572,161
556,210
572,215
501,214
497,214
495,213
540,184
572,200
572,223
572,213
587,138
6354,211
1553,216
1538,222
1522,223
5481,210
5419,212
5076,211
5388,211
5232,210
5419,212
5419,211
5154,218
5123,219
5201,211
5123,197
4780,211
31131,28
3230,28
64686,27
15041,21
60631,20
56797,20
26072,24
14014,24
6068,24
54391,26
13441,88
6610,211
189,38
3595,100
46,54
38,71
64,54
77,45
3050,158
3081,93
2754,122
2535,158
2473,203
2395,215
712,233
712,237
712,234
727,232
727,231
727,230
743,221
759,225
774,222
1772,219
1741,227
1725,225
1304,229
1429,225
1413,232
1413,227
1398,232
1382,234
1055,226
1351,226
1351,234
1335,234
1320,235
1320,231
1211,234
1195,235
1195,236
1195,238
1195,227
1242,216
373,229
373,235
373,237
373,234
373,237
373,236
395,226
399,229
401,228
402,229
402,228
402,227
409,228
406,226
411,226
414,225
415,227
416,229
468,222
473,220
475,222
476,221
485,215
489,96
509,211
509,215
525,213
373,193
362,171
356,184
587,227
587,225
618,213
324,203
324,210
587,213
587,221
572,225
572,229
572,228
556,229
556,224
509,233
509,235
509,234
501,233
509,235
501,232
497,232
495,231
494,233
494,236
494,231
494,236
490,233
492,234
493,231
493,232
493,230
493,233
493,232
493,235
493,234
493,235
493,232
493,231
540,220
540,220
540,216
46,212
76,211
540,220
540,228
556,220
587,220
587,221
572,223
587,222
436,235
434,232
650,226
681,229
712,216
525,221
501,215
136,216
136,222
136,218
136,219
136,229
61,211
650,218
665,213
91,218
665,219
634,223
634,220
618,221
618,222
618,221
634,216
243,215
166,217
572,215
556,222
556,227
556,231
556,229
556,230
556,232
556,232
540,231
509,229
509,230
284,228
284,238
284,238
277,238
273,236
271,238
277,239
280,240
288,237
299,222
556,231
556,237
494,213
494,214
494,214
494,217
486,218
482,219
480,222
479,223
478,223
478,225
478,226
478,227
458,227
468,226
473,220
483,213
509,148
634,210
494,174
470,212
458,216
459,211
468,119
525,187
540,210
525,193
509,210
525,211
509,211
509,211
509,210
509,212
509,211
509,213
501,212
497,213
91,90
5777,148
5949,106
6042,103
6245,96
6370,216
6183,212
6120,215
6058,216
5980,215
5434,211
5419,210
7289,155
7227,168
7164,206
5419,214
5372,221
5356,214
6229,180
6183,210
6214,148
6899,158
6822,177
6790,190
76,71
76,77
46,48
76,61
3034,164
2878,93
2754,129
2504,210
2411,190
2395,214
2380,213
2395,168
712,237
712,233
727,235
743,231
743,221
759,226
790,220
1756,220
1741,226
1725,226
1694,225
1663,226
1413,231
1413,227
1382,232
1382,232
1039,230
1351,228
1335,231
1335,232
1320,234
1304,230
1304,233
1289,235
1195,234
1195,236
1211,225
402,214
387,232
380,233
376,236
374,236
373,237
373,235
373,237
373,234
398,228
400,228
401,227
401,225
401,227
401,228
409,225
413,226
415,226
416,227
416,225
424,227
476,221
485,218
489,212
540,90
509,213
509,217
525,211
373,164
373,168
373,210
362,187
356,145
634,211
310,180
310,212
587,215
587,224
572,228
572,228
572,230
556,227
556,226
556,214
284,211
509,234
509,234
509,233
501,233
497,234
495,233
494,234
493,233
493,234
493,234
493,234
493,234
493,234
493,230
493,233
493,235
493,232
493,234
493,232
493,231
493,231
493,232
493,232
493,234
556,214
46,212
556,213
540,228
556,227
571,223
76,221
68,220
587,220
587,222
587,220
587,221
665,229
696,229
493,213
485,220
489,211
136,217
136,221
143,217
147,221
141,231
138,236
137,234
136,216
121,216
634,220
649,221
634,219
618,220
618,222
618,218
603,216
618,216
243,216
223,215
556,222
571,226
556,230
556,232
556,231
540,234
525,229
525,232
525,228
509,231
509,232
509,233
280,239
275,241
272,237
277,239
280,239
281,239
289,242
299,222
556,228
556,236
556,238
525,222
493,215
485,219
481,220
479,220
478,221
478,222
478,223
478,223
478,225
478,228
478,229
478,229
471,221
474,211
525,119
618,210
587,168
461,213
461,215
461,210
469,119
525,145
556,214
587,215
525,211
525,210
509,210
509,210
509,212
509,210
501,211
497,210
495,211
494,213
509,212
540,161
5933,93
6042,129
6416,93
6385,214
6198,211
6136,216
6089,215
5995,216
5465,210
5419,211
5076,212
5403,213
7180,177
5419,214
5372,223
5341,216
6245,180
6198,187
6167,132
6899,145
6837,210
6790,174
4764,214
4748,219
3361,58
3190,54
3050,164
3018,84
2769,113
2520,210
2442,206
2395,214
2395,213
2395,210
2208,218
2613,224
727,232
743,231
758,222
758,227
790,222
1772,221
1740,226
1709,225
1694,226
1662,226
1647,226
1616,227
1382,232
1382,231
1039,229
1351,231
1335,232
1335,233
1320,232
1304,226
1288,233
1288,234
1288,230
977,219
1210,223
388,217
380,233
376,236
374,237
373,237
373,237
373,237
373,234
373,232
373,234
373,235
401,227
401,226
409,224
413,226
415,226
416,226
416,228
416,228
416,223
424,224
428,226
430,226
488,211
310,87
509,214
509,220
501,206
373,177
373,187
373,193
373,184
362,151
367,138
571,126
310,206
603,216
587,225
571,230
571,227
571,228
556,228
556,223
556,215
310,211
303,210
300,210
509,234
509,234
501,236
497,236
495,233
494,236
493,234
493,235
493,235
493,234
493,233
493,236
493,235
493,233
493,232
493,235
493,234
493,230
493,231
493,234
493,232
493,234
493,234
493,233
556,213
540,226
556,229
556,220
571,222
587,220
571,219
571,222
587,222
587,222
587,224
587,220
509,215
501,219
489,214
136,219
143,222
139,218
145,221
140,231
138,237
137,234
136,229
121,223
634,219
634,223
618,219
634,220
618,223
634,220
634,218
634,218
618,216
243,216
250,217
260,216
556,229
556,231
556,233
556,233
540,232
540,230
509,227
509,230
509,230
509,228
525,228
540,229
272,238
277,237
280,240
281,237
289,241
299,222
556,227
556,237
556,237
417,221
402,233
395,227
479,218
478,219
478,221
478,223
478,223
478,225
478,227
478,226
478,229
478,231
478,231
469,229
774,119
618,211
478,164
469,214
465,214
463,210
470,122
556,211
571,213
587,214
571,212
556,222
509,210
509,210
509,212
509,212
501,211
509,214
509,213
501,214
497,210
540,210
571,214
571,222
6416,113
6369,216
6182,214
6120,215
6058,216
5980,215
5434,210
5434,197
5076,210
5403,211
5232,200
5419,214
5372,221
5341,214
6214,193
6198,210
6182,138
6868,168
6821,164
6790,158
4780,217
4748,221
4717,220
4686,219
11348,18
12046,94
3034,132
2863,84
2769,109
2504,210
2426,210
2395,214
2395,213
2395,200
2224,220
2613,225
2395,226
2333,227
2270,225
2239,225
727,225
712,231
712,232
712,233
712,234
712,231
727,231
743,229
1553,227
1538,228
1507,228
1491,229
1475,218
1304,220
1304,229
1429,231
1413,230
1413,227
1382,232
1382,229
1242,230
1257,223
1242,222
1226,230
1226,234
1210,235
1210,236
1195,233
1195,235
1195,238
1226,219
388,220
386,227
394,218
398,211
393,223
390,226
389,227
388,228
395,228
398,226
400,229
401,227
401,225
442,223
444,226
445,225
453,222
457,222
467,223
464,222
471,223
474,223
483,221
488,212
324,119
571,226
571,232
634,226
649,235
618,233
587,229
587,228
603,224
618,212
324,193
317,210
587,215
556,214
525,222
525,231
525,230
509,232
509,233
509,235
509,236
509,234
509,234
509,235
501,233
489,230
491,217
509,216
501,226
497,234
495,234
494,234
493,234
493,233
493,232
493,230
493,232
509,227
525,225
509,224
525,222
525,225
540,222
525,220
540,219
540,214
136,211
113,212
540,227
57090,44
56322,75
56578,59
56578,59
56578,75
56578,75
57090,75
57090,75
57090,176
56065,183
57089,215
13335,27
489,213
151,219
151,221
151,216
143,222
139,230
137,237
136,233
136,229
128,226
132,224
134,220
634,220
634,221
618,222
618,217
618,219
618,217
618,216
618,215
257,217
216,216
226,217
233,217
556,234
556,234
540,231
525,233
525,229
509,230
509,229
509,227
540,228
525,229
540,236
556,237
277,238
280,239
288,238
540,219
540,231
556,236
556,237
402,225
395,231
391,227
389,230
395,232
478,220
478,221
478,223
478,224
478,224
478,228
478,229
478,233
478,228
469,226
351,225
362,229
478,164
462,213
461,215
469,193
481,109
556,214
571,212
712,214
571,214
556,221
571,222
556,213
525,210
509,210
509,211
509,211
501,212
497,214
509,200
525,210
556,217
571,218
571,211
6151,119
44759,79
7003,4
11348,15
64782,79
6167,215
6104,215
6027,215
5995,212
5434,211
5434,145
5076,145
5403,211
5185,216
4967,213
4780,161
5216,190
5247,214
7367,145
7305,164
7180,158
7149,210
5388,219
5372,220
5341,212
4608,219
4593,218
4577,220
4546,210
106,61
3580,77
3517,67
3408,64
3299,48
3065,45
3065,168
2941,77
2286,226
2239,225
727,227
712,232
712,235
712,235
712,234
712,233
727,233
743,230
743,222
759,225
1507,227
1491,228
1491,221
1304,218
1304,229
1429,229
1413,231
1413,228
1382,234
1382,234
1039,228
1351,229
961,221
1226,231
1211,237
1211,234
1211,233
1195,236
1195,233
1195,236
1211,221
388,215
380,231
376,232
394,187
391,221
389,225
388,228
395,228
398,228
400,227
401,228
401,227
401,227
409,226
405,227
445,221
453,225
457,222
459,224
468,220
473,222
475,222
484,217
489,212
284,126
509,213
525,218
603,226
650,232
618,235
587,226
587,231
603,223
618,211
324,210
324,210
603,213
587,222
572,226
525,231
509,232
509,234
509,231
509,234
509,232
509,235
501,233
497,233
509,234
501,235
497,234
509,219
501,228
481,233
487,235
490,233
492,232
493,233
493,234
493,234
493,234
493,234
493,231
509,223
525,221
509,220
525,222
525,219
525,218
556,214
31,212
556,213
540,225
556,228
572,220
435,236
433,234
425,235
428,236
430,235
431,224
665,230
681,220
509,220
493,217
727,217
151,218
509,220
509,221
76,212
68,212
650,214
650,218
121,219
98,216
650,221
634,221
618,220
618,223
91,216
83,216
102,215
152,215
171,215
572,221
572,224
556,228
556,231
556,231
556,232
541,233
556,235
556,236
478,223
509,220
284,239
284,238
277,239
273,237
271,238
270,237
277,238
280,240
395,228
399,225
478,211
486,212
490,212
492,215
493,216
485,219
489,218
483,221
480,221
479,223
462,229
447,228
439,230
443,228
460,228
469,224
473,215
483,187
759,206
634,211
478,151
462,214
556,212
556,215
556,216
541,211
525,210
525,210
525,210
509,210
509,211
509,210
509,212
509,211
1538,222
1522,223
1554,225
1569,206
61,90
5824,119
5964,100
6105,90
6416,142
6354,214
6167,214
6089,214
5092,193
5216,210
5248,215
7367,135
7289,203
7180,190
7149,168
5403,217
5372,220
5341,213
6245,206
6214,203
34770,26
40129,18
36313,18
28378,18
20187,18
12253,18
8410,18
475,18
61915,17
19932,91
7111,216
11348,24
2442,161
2395,214
2395,212
2395,200
2208,218
2598,225
2536,225
2473,224
2411,226
2349,226
2286,226
2239,224
1741,225
1725,227
1694,226
1663,227
1647,227
1616,227
1600,226
1585,227
1554,229
1538,227
1507,227
1491,227
1320,234
1304,230
1304,234
1289,235
1289,230
977,222
977,221
1258,222
1242,230
1242,224
1242,219
1226,232
373,235
373,234
373,234
373,234
373,234
373,231
373,232
380,231
384,230
386,215
394,164
391,222
416,227
416,225
416,226
424,223
428,226
430,227
431,225
431,225
439,223
443,221
452,224
449,221
373,164
362,187
356,177
364,203
368,161
378,142
587,212
587,221
572,224
572,233
650,232
650,236
556,226
556,221
556,214
572,210
556,193
297,193
297,184
556,206
541,216
525,227
525,231
509,233
490,234
492,233
493,235
485,235
489,238
491,235
484,235
489,233
491,228
525,216
509,218
501,230
60942,1
61161,1
61160,1
61160,1
61160,1
65001,1
65001,1
65003,1
65000,1
64993,1
64995,1
3553,2
540,222
525,219
525,220
540,219
106,211
91,211
540,217
540,227
556,225
572,220
76,220
572,221
431,235
431,234
431,235
634,222
681,228
712,217
525,222
501,216
151,215
151,221
143,220
139,217
76,210
76,211
650,216
650,215
76,218
650,219
618,221
650,220
618,220
618,221
634,221
634,216
155,216
115,215
159,215
572,220
556,226
556,228
556,229
556,232
556,230
540,232
556,233
525,229
461,223
297,222
290,238
286,239
278,240
274,239
272,238
277,238
280,237
288,239
292,229
540,224
422,212
493,212
493,213
493,213
485,217
481,218
479,221
478,220
478,221
478,224
478,225
478,223
438,229
442,227
460,228
469,225
473,215
483,171
758,206
618,203
478,200
469,216
465,215
471,174
556,215
525,210
525,211
540,211
509,210
525,211
509,180
509,211
509,211
509,211
501,211
497,213
1553,227
1585,161
76,87
5824,126
5980,93
6120,96
6385,174
6354,216
6182,215
6104,215
6027,216
5980,213
3607,222
32596,20
47061,28
27041,28
64676,27
3275,28
2990,21
60636,20
60636,20
18107,24
9934,24
19666,0
6821,177
6775,164
4764,220
4733,220
4717,219
4686,219
4655,219
4624,218
4608,217
4577,218
4561,219
4546,148
14861,31
12288,31
14848,31
13056,9
23820,218
39691,47
27915,209
30474,216
47881,107
48649,91
54793,189
11871,28
5932,14
25508,200
59906,200
59906,200
60162,215
59650,215
58882,231
58626,246
57346,246
57346,37
56067,220
57350,204
1678,226
1662,227
1631,230
1616,227
1585,227
1569,227
1553,228
1522,229
1507,229
1491,229
1491,218
1304,223
1288,235
1288,234
1288,227
977,222
977,220
1273,222
1242,233
1242,221
1242,222
1226,233
1210,235
1210,232
373,235
373,236
380,235
384,234
386,231
387,229
387,225
387,211
387,214
380,226
391,229
389,228
416,225
424,225
428,226
430,225
431,223
438,224
442,224
444,223
445,222
453,223
457,222
467,220
373,174
373,145
373,155
540,145
587,216
571,225
571,228
587,229
649,231
634,233
587,229
587,229
571,212
571,206
337,187
317,210
320,145
556,211
540,222
509,230
525,232
509,232
509,232
509,232
493,234
493,234
493,235
493,234
493,234
493,233
493,223
509,218
509,223
501,229
497,230
495,234
493,233
493,236
493,233
509,231
509,234
509,228
509,225
509,223
525,223
525,223
525,222
525,223
587,221
587,226
603,225
618,216
432,219
439,225
442,233
437,233
434,235
433,234
432,235
432,236
136,234
128,230
124,228
130,223
125,219
130,220
681,225
696,218
525,220
540,217
76,211
83,212
618,216
243,217
243,218
250,219
260,216
258,218
257,217
176,217
189,215
132,215
181,215
257,217
509,229
509,229
540,228
525,231
540,238
540,239
556,236
556,235
556,237
556,234
461,225
297,222
571,230
388,232
388,229
380,228
384,231
393,232
587,222
402,224
395,228
398,218
493,212
493,214
478,229
478,231
478,231
455,226
351,228
362,226
382,227
446,226
462,228
454,228
435,227
448,227
571,214
587,214
556,214
556,225
571,220
556,180
556,177
571,168
556,215
556,215
540,214
540,211
556,171
540,210
571,223
556,215
587,161
6323,161
1585,212
1553,223
1522,222
1522,227
1553,223
31,64
5403,212
5216,211
5419,210
5403,215
5169,216
5107,219
5200,214
5107,187
4780,212
5216,217
5278,177
7289,135
4748,219
4733,220
4702,220
4671,220
4639,218
4624,220
4593,218
4577,218
4546,218
106,58
3580,100
16,51
2629,221
2551,224
2488,226
2411,226
2348,225
2301,226
2255,226
727,222
712,231
712,233
712,232
712,235
1631,225
1600,227
1585,228
1553,228
1538,228
1522,228
1507,229
1491,228
1444,218
1304,229
1444,223
1413,229
1288,221
977,222
961,220
1242,225
1242,229
1257,219
1226,229
1226,234
1210,234
1210,236
1210,236
1195,235
373,235
373,232
380,232
384,232
386,224
387,206
387,215
387,227
387,228
387,229
394,230
391,228
430,225
431,228
431,226
438,226
442,224
444,223
452,222
456,225
458,222
468,219
473,221
475,222
376,142
556,158
603,217
587,224
571,229
587,228
665,233
634,235
603,230
587,230
587,227
618,213
297,210
303,190
320,161
540,210
540,219
525,229
525,230
509,235
509,232
509,231
509,235
509,231
493,234
485,235
489,233
491,232
492,221
509,218
501,223
497,232
495,233
494,234
493,236
493,232
497,231
509,233
509,232
509,228
509,227
509,225
525,225
525,222
525,221
525,218
540,220
540,215
571,223
446,216
439,220
442,226
444,234
438,232
435,235
433,236
432,234
432,233
432,233
649,226
128,223
124,226
130,220
153,220
696,223
696,219
493,218
525,218
136,210
136,210
665,219
151,215
243,216
250,217
253,216
255,216
256,216
230,217
168,217
122,216
121,216
257,217
587,216
571,222
525,227
525,232
540,237
556,235
556,236
556,235
556,237
556,232
478,224
297,225
290,239
286,238
395,227
391,229
389,232
403,229
587,225
388,223
388,230
410,213
493,211
493,213
493,215
493,215
478,228
388,221
369,229
378,225
397,226
461,230
461,231
446,227
439,227
458,228
468,227
473,221
556,219
556,221
571,219
571,193
556,180
556,200
556,214
540,215
540,212
525,211
525,211
525,212
571,223
571,213
571,148
6354,210
1553,213
1553,223
1522,222
1522,226
1553,221
31,84
5777,103
5855,142
5403,210
5419,214
5154,216
5107,218
5200,214
5107,203
4780,213
5216,216
5278,190
7320,119
7258,174
7164,190
4702,219
4686,217
4655,219
4624,218
4608,219
4577,219
4546,218
46,35
3595,96
121,71
3439,54
3361,84
2504,223
2442,224
2379,225
2317,225
2255,226
2239,218
712,229
712,233
712,232
712,232
712,232
727,233
1585,227
1569,229
1538,228
1522,230
1507,229
1491,229
1335,217
1304,227
1304,222
1429,231
1413,229
1397,230
977,219
1257,222
1242,229
1257,221
1242,224
1226,234
1210,233
1210,234
1210,234
1195,237
1195,236
1195,234
384,233
386,232
387,225
409,211
398,214
393,223
390,226
396,226
399,229
400,227
401,227
401,227
431,227
438,223
442,225
444,225
452,224
456,223
467,221
464,222
471,221
474,221
476,219
484,219
587,213
587,224
571,228
587,230
649,233
634,232
618,233
587,229
587,229
618,215
634,210
324,210
290,184
525,180
525,219
525,225
525,232
509,233
509,234
509,233
509,233
509,232
509,233
501,235
493,235
493,232
493,224
493,214
493,222
485,231
489,233
491,233
492,234
492,232
492,232
492,231
509,236
509,229
509,224
509,225
525,222
525,223
525,224
540,220
540,220
556,218
61,212
91,212
446,225
446,226
446,231
439,235
435,234
433,236
432,235
432,235
432,235
634,222
681,232
696,215
129,220
125,218
696,225
696,215
509,219
509,217
501,210
61,212
649,217
665,214
121,218
634,218
243,215
250,216
189,215
216,217
196,214
136,217
106,215
161,218
571,217
571,220
556,226
556,228
540,240
556,236
556,235
556,236
556,236
556,231
478,225
297,229
290,239
280,238
275,239
272,239
388,233
402,226
571,222
388,225
388,228
446,212
469,212
481,213
487,213
490,215
491,219
484,218
362,229
375,226
396,224
461,230
453,228
442,228
444,226
461,227
469,226
481,218
487,187
743,138
571,214
556,174
556,168
556,213
571,213
556,216
556,212
540,210
525,193
525,210
540,174
509,211
571,122
6354,213
1569,219
1538,221
1522,225
1538,226
1553,216
106,77
5824,148
5964,106
76,100
46,93
5154,217
5107,218
4982,212
5076,161
4780,212
5232,216
5278,109
7320,193
7227,171
7164,187
5434,213
5372,221
4639,219
4624,218
4593,219
4577,218
4561,219
136,58
3580,80
121,67
3439,93
3361,67
136,42
3065,116
2379,226
2301,226
2255,225
727,219
712,230
712,232
712,233
712,232
712,233
712,233
727,231
743,227
1538,226
1522,228
1507,228
1491,229
1335,218
1304,226
1304,221
1429,232
1398,229
1398,230
1382,232
1382,219
1242,231
1257,220
1226,225
1226,234
1211,232
1211,233
1195,234
1195,235
1195,234
1195,235
1226,217
388,228
383,227
400,211
394,215
391,225
389,225
388,227
395,227
399,228
401,226
402,229
409,226
406,225
444,226
445,222
446,223
453,222
457,222
467,221
464,221
471,221
482,221
488,219
491,184
509,145
572,228
587,231
650,229
634,235
634,232
587,230
587,230
618,216
324,177
317,200
618,211
587,216
541,220
525,229
525,230
509,232
509,232
509,233
509,233
501,233
497,231
509,233
501,234
497,234
509,223
525,216
509,222
501,230
497,233
495,235
494,232
494,233
494,233
486,232
490,232
492,232
525,227
509,225
525,225
525,225
525,221
525,219
541,220
541,216
76,211
76,211
541,220
541,229
443,230
437,233
434,232
433,235
432,234
432,233
432,233
650,226
681,228
696,215
494,222
486,215
696,226
665,215
509,220
509,215
501,211
91,210
665,221
106,216
113,218
650,222
634,220
634,218
215,216
229,217
209,214
142,214
179,216
257,214
587,219
572,221
572,226
556,228
556,230
556,231
556,238
556,235
556,236
556,230
478,224
297,231
290,237
287,237
278,240
274,239
279,237
281,238
587,222
388,225
388,229
402,213
494,212
494,213
494,213
486,215
490,217
492,218
485,222
481,221
432,228
455,230
458,228
445,229
438,229
458,229
468,225
473,219
475,210
759,145
634,210
525,161
556,171
556,211
556,215
556,215
541,213
525,200
525,210
525,211
525,212
509,210
509,211
509,210
1554,218
1554,223
1522,224
1538,228
1554,217
61,58
5809,138
5902,100
6074,96
6198,122
6385,215
6198,212
5216,213
5107,210
4764,213
5216,218
5263,119
7289,142
7243,148
7165,200
5435,211
5388,222
5357,219
6245,171
4608,220
4577,219
4546,217
106,61
3595,84
31,67
3502,67
3408,54
76,38
3034,87
3019,119
2769,119
2255,226
727,217
727,232
712,232
712,234
712,235
712,236
727,232
727,231
743,225
759,223
774,226
1507,227
1491,228
1335,219
1304,228
1304,219
1429,232
1413,229
1398,232
1382,233
1382,218
1351,219
1351,234
1226,227
1226,233
1211,233
1211,234
1195,232
1195,236
1195,237
1195,230
1242,220
373,229
373,234
373,236
391,218
389,227
388,228
388,230
395,228
398,226
400,227
401,224
401,226
401,226
409,224
413,226
453,223
457,222
467,222
464,221
471,222
474,220
484,219
489,214
483,96
509,211
509,217
509,213
650,232
634,236
603,231
587,227
603,225
634,212
337,203
330,210
320,213
587,222
572,226
572,228
509,233
509,232
509,232
509,233
509,235
509,235
509,233
501,235
497,234
495,233
494,234
494,234
509,224
501,232
489,233
491,234
492,234
493,231
493,232
493,233
493,232
493,233
493,231
493,230
525,223
525,221
525,223
525,220
525,220
61,214
91,211
61,212
540,223
540,228
556,223
556,220
434,233
433,235
432,234
432,236
432,232
665,226
681,229
696,214
478,221
486,213
151,218
143,221
509,221
509,213
509,211
76,212
650,218
76,218
106,214
634,218
634,219
634,221
634,221
634,223
186,217
131,214
167,216
198,216
572,219
572,223
556,228
556,231
556,231
556,231
556,235
556,231
556,236
525,227
509,220
284,234
284,239
284,240
277,240
273,238
278,239
281,240
282,238
289,239
388,229
478,211
486,214
490,214
492,214
493,215
493,220
485,219
481,222
479,224
478,223
478,224
57601,222
58369,222
58881,222
59393,222
59137,222
58625,132
56577,113
58881,122
57601,176
57857,190
58113,203
2621,30
463,210
572,122
556,210
556,214
727,214
572,214
556,219
556,220
572,214
540,180
556,180
556,212
501,213
497,212
495,215
509,210
556,197
572,214
572,221
572,213
136,87
6354,213
1553,219
1538,221
57959,24
10202,24
59605,23
43735,23
30935,80
7703,103
11348,25
51982,80
5980,215
5434,164
5434,211
5060,174
3609,129
47956,18
28882,20
43225,28
31118,28
3230,28
60856,27
11195,21
60631,20
56797,20
29910,24
14024,24
6868,184
6837,187
6790,187
4780,216
4748,221
4717,220
4702,220
4671,218
4639,220
4608,217
4593,219
4577,218
2395,214
2395,214
2395,210
2224,221
2629,221
2551,224
2488,226
2411,226
2364,225
2301,228
2255,226
727,226
1725,227
1694,226
1678,226
1647,226
1616,226
1600,227
1585,227
1553,226
1538,230
1522,229
1507,230
1491,227
1304,234
1304,227
1288,237
1288,231
1288,222
977,220
961,221
1257,227
1242,229
961,221
1226,228
1226,232
373,236
373,235
373,232
373,232
380,233
384,231
386,234
387,230
387,225
478,184
402,217
395,225
416,223
416,227
416,225
424,227
428,224
430,225
438,226
442,225
444,224
445,223
453,224
457,222
373,210
362,187
367,164
370,145
379,151
556,171
587,217
571,225
571,228
603,226
649,232
634,233
556,226
556,216
571,211
297,210
290,184
293,148
493,135
556,213
525,224
525,231
525,232
509,233
493,236
485,230
489,235
491,235
492,236
485,235
489,234
491,232
492,220
509,215
501,225
489,232
492,230
492,234
492,233
485,234
489,233
509,233
509,235
509,227
525,223
525,224
525,225
525,225
76,217
587,222
587,220
587,226
587,223
446,217
439,222
435,225
440,235
436,232
434,235
425,234
136,230
136,236
128,235
124,228
122,223
121,222
136,218
162,217
696,222
525,217
525,221
525,214
618,216
257,215
243,218
243,220
236,216
253,216
243,216
250,218
189,217
257,216
216,215
226,216
509,230
509,228
509,232
525,227
525,230
540,234
540,236
556,235
556,236
556,236
556,236
525,226
556,237
556,236
402,223
395,231
391,226
382,232
392,234
404,223
603,222
388,228
388,230
410,212
473,228
475,227
476,230
468,229
473,229
417,221
351,229
362,223
446,227
453,228
457,226
444,231
571,211
556,214
571,213
571,213
556,219
556,220
571,217
556,184
556,210
556,211
556,213
571,216
495,214
494,212
524,200
556,212
571,223
571,214
571,177
6354,211
1553,216
1553,225
1537,223
1537,227
5434,211
5075,212
5387,212
5231,211
5434,212
5418,216
5153,216
5122,218
5200,214
5122,180
4779,213
5216,217
6790,197
4779,212
4764,222
4733,220
4686,218
4670,219
4639,219
4623,220
4592,219
4577,219
4546,217
91,58
2395,212
2223,219
2628,220
2582,225
2504,224
2426,226
2363,225
2301,226
2254,226
727,218
711,231
727,230
1678,226
1647,228
1631,226
1600,227
1584,227
1569,229
1537,228
1522,228
1506,230
1491,230
1475,217
1304,227
1288,233
1288,233
1272,223
976,220
961,223
1257,224
1241,230
1257,220
1226,227
1226,234
1210,234
1210,234
373,234
373,235
373,236
380,235
383,232
385,232
386,225
401,210
394,215
390,224
388,227
387,226
416,226
423,226
427,224
429,225
437,226
441,225
443,222
444,223
452,223
456,223
458,222
459,221
370,161
360,148
374,151
525,138
587,217
571,221
571,229
603,226
649,233
634,234
603,229
587,230
571,211
310,203
303,174
300,184
305,155
556,211
525,223
525,233
509,233
509,231
509,232
509,231
493,232
493,235
493,235
485,233
489,234
483,231
488,218
509,216
501,226
497,231
495,232
494,233
493,235
493,232
493,232
509,231
509,233
509,227
509,225
501,223
525,221
525,222
540,222
525,223
571,223
587,222
603,223
446,218
446,222
446,231
439,231
435,233
433,235
432,236
432,233
432,234
128,231
132,228
126,226
123,225
129,217
117,217
681,223
509,218
525,221
509,214
76,212
98,212
243,218
243,217
243,216
223,218
233,218
239,216
172,214
207,215
134,215
257,216
216,215
209,216
509,228
525,228
525,228
525,234
556,237
556,239
556,234
556,235
556,235
525,226
509,223
283,232
402,224
395,232
391,229
389,231
395,232
406,223
571,221
388,226
388,228
402,212
493,213
485,213
478,229
469,230
465,226
373,223
362,230
367,226
432,229
446,229
446,228
439,226
442,225
460,226
727,212
774,212
556,219
556,217
571,216
556,158
556,200
556,210
540,215
540,214
540,213
525,210
525,210
587,210
571,222
571,214
571,210
6338,210
1569,214
1553,222
1522,222
1522,223
1553,222
121,87
5387,210
5232,210
5434,210
5403,215
5154,216
5107,217
5185,216
5091,211
4780,213
5216,214
5263,180
7320,126
4764,221
4733,221
4702,219
4671,218
4639,219
4624,218
4608,220
4577,218
4561,219
91,42
3580,93
3548,71
2644,217
2566,226
2488,225
2426,225
2364,226
2317,225
2255,226
2239,218
712,229
712,232
712,234
712,232
1631,226
1600,226
1585,227
1553,226
1538,227
1522,228
1507,229
1491,228
1335,219
1304,228
1382,220
1429,228
1288,224
977,221
1273,220
1257,229
1242,229
961,220
1226,230
1226,232
1210,234
1210,234
1210,235
1195,235
373,233
380,233
384,232
386,230
387,222
402,168
395,220
391,225
389,229
388,228
395,228
398,230
428,224
430,227
438,225
435,225
440,227
443,225
452,222
456,222
458,223
468,222
473,221
475,222
379,103
571,211
603,219
571,227
571,231
634,226
649,233
618,233
587,228
587,229
603,223
337,206
317,193
307,171
302,161
540,214
525,227
525,231
509,230
509,232
509,234
509,236
509,233
509,234
60424,1
60650,1
60648,1
60652,1
60643,1
60632,1
60636,1
60647,1
60648,1
60648,1
60647,1
60649,1
492,232
492,231
492,233
492,232
492,234
492,234
492,233
492,231
492,230
492,234
492,233
492,232
68,211
540,216
540,230
556,222
571,225
76,220
587,221
571,221
587,224
587,222
587,221
587,223
696,219
525,220
461,218
727,216
151,220
143,221
139,216
137,225
136,231
136,236
128,232
124,227
98,217
618,220
634,221
634,218
634,221
634,220
618,219
618,215
634,213
634,216
243,218
243,214
572,228
556,228
556,230
556,231
540,235
556,233
525,230
509,228
509,231
509,231
525,229
525,230
278,239
274,239
279,239
281,241
282,239
289,238
540,219
556,230
556,235
556,236
402,227
395,230
486,219
482,220
480,218
479,221
478,222
478,224
478,225
478,226
478,227
478,230
478,231
478,228
483,193
712,161
603,197
478,180
469,214
458,214
459,171
468,96
556,214
572,214
712,214
587,212
525,210
509,210
509,210
509,211
501,210
509,212
509,210
501,212
497,213
509,206
541,193
572,215
6058,87
76,100
6370,216
6183,212
6120,215
6058,216
5996,216
5466,210
5403,210
5076,210
5388,213
5232,211
5419,215
5372,220
5341,215
6245,200
6214,180
6214,138
6868,145
6884,177
6806,206
4780,214
4749,219
4718,220
3175,54
3050,119
2988,87
2769,129
2520,193
2442,161
2395,212
2395,213
2380,210
2208,221
2613,223
2551,224
728,231
743,220
759,226
774,223
1756,217
1741,225
1725,226
1694,225
1663,225
1647,226
1616,225
1600,227
1382,234
1039,230
1351,231
1351,233
1335,235
1320,233
1304,229
1304,232
1289,234
1273,229
961,221
961,220
388,219
380,234
376,232
374,238
373,237
373,236
373,237
373,234
373,235
373,235
373,233
380,234
409,226
406,224
411,226
414,227
415,225
416,224
416,226
416,228
416,225
424,226
428,224
430,226
284,103
509,217
509,217
540,193
351,180
369,168
371,210
361,177
367,161
377,171
556,135
587,214
587,215
587,224
572,227
572,229
556,228
556,227
556,222
556,213
572,210
297,184
297,200
290,197
497,235
495,233
494,233
494,233
494,237
494,233
494,235
494,234
494,236
494,236
494,233
486,236
493,233
493,230
493,231
493,233
493,231
493,230
493,231
493,233
493,233
485,232
509,232
509,234
540,229
556,222
556,220
572,219
572,219
572,221
587,223
587,222
587,223
587,224
447,215
447,219
493,217
727,216
151,220
151,220
143,216
139,226
137,233
136,237
128,233
124,227
130,224
133,221
634,217
618,221
634,221
618,221
618,219
618,217
230,216
618,214
243,216
236,214
219,216
270,216
556,231
556,234
540,235
556,231
525,231
509,226
509,230
509,230
509,230
525,230
525,230
540,234
278,239
281,240
282,238
289,235
556,220
556,232
556,237
556,235
402,226
395,231
391,228
382,233
479,220
478,221
478,224
478,223
478,223
478,228
478,229
478,229
478,230
469,232
473,226
351,226
634,210
461,190
461,214
461,214
461,161
509,109
556,213
587,213
587,212
572,214
556,224
572,221
509,211
509,211
501,200
509,210
501,212
497,214
495,214
509,135
540,210
556,219
572,218
572,210
6354,215
6167,215
6089,214
6027,216
5980,213
5434,213
5045,174
5372,135
5372,211
5232,193
5419,217
5185,212
5356,210
6229,210
6183,190
6292,96
6853,180
6806,168
6790,174
4764,221
4733,221
4717,220
4686,220
4655,219
2832,90
2754,96
2504,210
2442,187
2395,215
2395,213
2395,180
2224,217
2598,226
2520,225
2442,224
2411,225
759,224
790,220
1772,223
1741,224
1709,224
1678,226
1663,226
1631,226
1616,226
1600,227
1585,227
1553,227
1351,232
1335,233
1335,233
1320,234
1304,225
1289,234
1289,236
1289,228
977,223
961,220
1273,221
1242,232
376,234
374,236
373,236
373,237
373,235
373,236
373,235
373,236
373,231
380,234
384,229
386,228
401,226
409,229
413,227
415,227
416,228
416,228
416,226
424,224
428,226
437,225
442,226
444,222
525,216
388,193
380,210
376,203
374,200
373,210
373,161
373,151
556,96
587,214
587,222
572,229
572,228
556,227
556,229
556,226
556,219
310,211
556,211
556,197
284,177
290,193
556,212
525,220
495,233
494,235
494,235
486,233
490,233
492,236
493,234
493,233
493,233
493,237
493,233
509,222
494,230
494,234
494,231
494,233
494,230
494,233
494,231
494,231
509,233
509,234
509,230
509,227
61,219
53,221
572,220
572,221
587,222
587,222
587,224
587,222
618,216
447,220
447,225
447,233
170,221
153,220
144,218
140,227
138,232
137,234
129,229
125,226
123,226
129,218
132,216
696,225
618,221
618,221
618,217
618,214
618,216
603,217
176,215
203,215
223,215
231,215
587,216
189,215
540,233
556,233
525,228
525,227
509,231
509,229
525,227
525,229
540,229
540,237
556,240
556,236
283,240
290,233
556,223
556,233
556,237
556,235
402,232
402,232
387,230
380,234
398,231
572,220
478,225
478,225
478,225
478,226
478,227
478,230
478,229
469,232
465,227
373,229
373,227
387,226
454,216
450,214
455,151
509,113
556,215
587,213
759,214
587,213
556,220
572,220
572,210
556,180
509,211
501,211
497,213
495,212
494,214
556,161
540,210
572,219
572,215
556,210
6354,177
1553,210
23671,23
1911,24
352,25
53971,24
2004,24
1496,80
8202,202
11348,19
21518,80
6073,217
5996,216
5964,211
5029,203
4780,213
5216,216
5263,200
7320,151
7227,135
7180,190
5434,168
5388,221
5341,220
6245,210
6214,180
4562,219
4562,218
61,74
3580,100
76,80
3439,74
3377,54
46,48
3065,93
3019,100
2878,103
2535,164
727,218
712,231
712,232
712,234
712,234
712,234
727,233
727,230
743,227
759,224
774,224
837,215
1491,228
1320,218
1304,227
1304,220
1429,231
1398,229
1398,229
1382,232
1382,218
1366,217
1351,232
1335,234
1226,233
1211,235
1211,233
1195,235
1195,237
1195,236
1195,235
1226,216
388,228
380,231
376,236
374,236
388,224
388,226
388,228
395,226
398,227
400,226
401,227
401,224
401,225
409,225
413,227
415,224
453,223
457,222
467,222
472,226
475,221
476,219
485,216
509,135
509,193
509,217
509,215
388,184
634,233
603,231
587,227
587,228
587,214
324,210
330,211
603,213
587,218
556,223
587,226
572,227
509,232
509,233
509,235
509,233
509,233
509,234
509,234
509,234
501,234
509,231
501,233
497,234
501,231
497,235
495,233
486,232
490,234
492,235
493,230
493,232
493,231
493,232
493,233
493,233
525,222
525,221
540,220
525,221
540,216
46,210
61,212
540,220
540,230
556,224
61,220
61,220
432,234
432,236
432,233
432,234
665,224
681,229
696,213
494,220
486,213
176,218
163,221
149,218
525,216
106,212
113,212
650,217
136,215
121,218
650,216
634,221
634,219
634,220
618,222
618,220
114,216
178,216
183,216
587,217
572,223
572,228
556,229
556,231
556,232
556,235
572,232
525,230
556,232
461,226
284,226
284,240
277,237
273,239
271,238
270,239
277,238
280,239
282,239
289,224
398,215
494,212
494,212
494,213
486,215
482,215
480,216
479,220
478,220
478,220
478,222
478,226
443,224
437,228
449,228
463,227
470,222
482,213
488,126
618,193
603,184
447,211
447,216
454,212
540,216
540,214
525,206
525,210
525,210
525,210
509,211
509,210
509,211
509,212
509,211
509,211
1522,224
1553,223
106,71
98,77
5824,119
5964,122
6183,90
6385,212
6323,212
6151,215
6073,216
5996,215
3612,188
24660,20
36824,20
35210,28
27294,28
64683,27
15012,21
64723,20
56797,20
26075,24
18104,24
10164,24
6853,184
6775,197
4780,212
4749,222
4733,220
4702,220
4671,219
4640,219
4624,221
4593,219
4577,219
4562,217
2380,213
2395,211
2208,219
2629,221
2567,226
2489,223
2426,226
2364,226
2302,226
2239,225
727,223
712,230
1694,226
1678,226
1647,228
1631,226
1600,227
1585,229
1553,228
1538,228
1522,228
1507,229
1491,228
1320,218
1257,227
1289,235
1289,234
1289,223
977,223
977,221
1242,225
1242,229
961,222
1226,228
1226,232
1211,235
373,234
373,234
380,233
376,234
382,232
385,231
386,232
387,225
402,190
395,218
391,226
389,228
416,226
424,226
428,225
430,225
431,227
439,223
443,226
445,224
446,223
453,225
457,221
459,224
365,161
358,155
365,190
358,148
556,161
587,218
572,225
572,231
603,225
650,232
634,235
603,229
572,220
556,212
572,197
324,171
310,174
303,164
556,212
525,224
525,231
525,233
509,234
509,233
494,235
494,236
494,234
486,235
490,234
492,236
493,231
509,220
509,214
501,223
497,231
495,233
494,234
494,232
494,234
494,232
509,232
509,233
509,227
509,227
525,225
525,221
525,220
525,221
587,225
587,223
587,224
572,219
447,218
439,222
435,226
433,232
432,236
432,234
432,234
432,235
139,237
130,232
133,231
127,225
124,223
122,220
129,217
696,223
681,215
525,223
525,214
76,211
618,217
243,216
243,217
256,215
256,216
256,215
136,218
176,216
587,216
189,216
209,215
221,215
509,231
509,229
525,229
525,226
525,234
525,237
556,239
572,235
556,234
556,236
540,228
478,223
556,238
402,224
402,230
395,229
391,233
389,232
395,224
603,224
388,227
395,228
413,211
437,213
478,228
469,231
473,228
467,230
388,223
369,229
378,224
432,227
439,228
450,225
441,226
444,226
556,215
571,214
571,214
556,218
571,219
587,216
556,193
556,158
540,212
571,214
540,216
556,211
494,211
509,174
571,213
571,222
571,212
556,187
6338,212
1569,218
1553,222
1522,223
1522,227
1553,220
5060,212
5419,212
5232,211
5419,210
5403,215
5154,219
5123,217
5201,214
5107,210
4780,213
5216,217
5279,148
4780,211
4764,221
4733,220
4702,220
4671,220
4655,221
4608,220
4593,220
4577,219
4562,218
61,45
3595,103
5676,14
24740,176
56072,69
56330,7
57354,185
57609,122
57865,60
57609,254
57352,207
57608,215
56322,200
58882,200
712,232
712,234
727,234
727,232
743,223
759,223
774,223
821,214
1756,226
1725,228
1694,225
1678,228
1429,230
1413,228
1398,233
1382,231
1039,219
1335,219
1351,233
1335,234
1320,234
1320,236
1273,228
1289,234
1195,235
1195,235
1195,231
1242,217
373,228
373,233
373,236
373,239
373,237
373,233
373,235
373,235
400,226
401,228
401,226
401,225
401,224
409,226
405,227
411,224
414,227
415,228
416,227
416,222
473,220
475,219
476,215
525,109
509,210
509,218
509,214
373,177
373,200
373,193
373,203
373,193
618,214
324,203
324,211
603,212
587,221
572,226
572,229
572,227
556,229
556,228
556,218
572,213
509,235
509,234
501,234
509,236
501,235
509,232
501,234
497,232
495,236
494,235
494,236
494,237
492,232
493,233
493,231
493,233
493,232
493,231
493,231
493,231
493,230
493,231
493,233
493,234
540,215
257,210
76,212
540,225
540,228
556,224
76,221
61,222
572,219
587,220
587,223
587,222
665,226
681,232
696,214
478,221
478,217
151,216
143,223
132,217
134,219
135,228
135,237
128,236
121,216
113,218
650,220
634,223
618,219
634,221
618,221
618,220
618,216
618,216
257,214
243,215
556,223
556,228
556,227
556,230
556,231
556,234
525,232
525,234
525,228
509,227
509,232
509,232
287,238
278,237
274,237
272,237
278,240
281,238
282,239
289,224
556,227
556,237
556,235
509,225
484,214
489,216
483,220
480,219
479,221
478,222
478,225
478,223
478,226
478,224
478,231
478,229
466,220
480,211
479,135
634,211
525,161
461,212
461,215
461,212
31,96
540,161
572,215
587,213
525,211
525,210
525,210
509,210
509,210
509,212
509,211
509,213
501,213
497,213
495,213
525,174
5871,148
6058,119
6151,90
6369,214
6323,210
6136,215
6058,215
5995,216
5481,200
5403,212
5076,213
5387,210
7180,210
5434,210
5372,219
5356,218
6245,184
6214,210
6151,168
6899,80
6837,155
6790,206
4780,211
4748,219
3346,58
3174,38
3050,96
3034,126
2847,106
2551,155
2488,210
2411,212
2395,213
2379,211
2208,220
2629,222
727,233
727,232
743,225
758,225
774,226
1772,214
1756,225
1725,227
1694,226
1678,227
1647,227
1616,226
1397,231
1382,232
1039,224
1351,225
1351,234
1335,234
1320,234
1304,233
1288,229
1288,235
1288,231
1288,219
1195,225
1257,216
373,232
373,233
373,236
373,238
373,235
373,234
373,232
373,235
373,234
373,232
20238,123
400,226
401,226
401,224
409,227
413,227
415,225
416,229
416,228
416,227
424,224
428,227
431,224
438,226
442,225
444,222
445,224
453,223
457,223
459,220
460,223
469,222
473,221
483,218
556,210
603,216
571,225
571,230
603,228
649,234
618,234
603,229
587,228
587,225
603,212
337,210
297,210
297,164
540,212
525,220
525,231
509,230
509,232
509,233
509,235
509,233
509,233
509,234
60680,1
60908,1
60906,1
60902,1
64988,1
60889,1
60899,1
60905,1
60906,1
60907,1
60904,1
58858,1
489,232
491,232
492,232
492,230
492,235
492,231
492,233
492,231
492,233
492,232
492,233
492,233
540,211
540,225
540,226
556,219
76,221
587,221
587,221
571,222
587,223
587,223
587,223
587,219
525,216
509,217
743,214
151,219
143,221
147,217
141,225
138,231
137,235
136,231
128,229
124,224
634,218
634,221
634,219
618,220
634,219
618,217
618,216
618,215
618,215
603,215
257,216
243,216
556,230
556,232
556,231
540,235
556,230
525,231
525,227
509,229
509,229
509,228
525,228
525,230
272,237
271,236
277,240
280,239
288,235
556,219
556,231
556,238
556,237
402,226
395,233
391,229
481,217
479,218
478,221
478,222
478,222
478,226
478,227
478,226
478,228
469,230
465,232
463,229
727,174
618,211
525,164
461,213
461,215
461,171
525,129
556,213
571,214
727,212
587,213
556,222
525,210
509,212
509,211
509,211
509,211
501,212
497,212
495,212
509,211
540,203
571,214
571,222
6447,126
6369,216
6182,212
6104,216
6042,217
5995,216
5465,211
5434,211
5076,200
5356,212
5232,211
5419,212
5372,222
5341,217
6229,210
6214,210
6167,132
6884,132
6853,180
6806,200
4780,213
4748,220
4717,220
4686,221
3050,142
3018,113
2863,100
2520,164
2473,171
2395,212
2395,214
2379,210
2224,221
2629,222
2566,226
2488,226
743,224
758,224
774,224
1772,213
1756,227
1725,225
1694,225
1662,226
1647,226
1631,227
1600,227
1585,229
1039,219
1351,222
1351,235
1335,232
1320,234
1304,234
1288,229
1288,237
1288,232
1288,219
977,222
977,219
373,231
373,236
373,236
373,236
373,237
373,235
373,234
373,235
373,233
380,233
376,232
374,232
409,225
413,226
407,225
412,227
414,225
415,225
416,226
416,225
424,226
428,228
430,223
431,225
509,211
509,217
525,212
373,210
373,206
373,200
362,210
356,187
353,158
363,122
556,164
587,216
587,220
587,224
571,226
556,230
556,229
556,224
556,217
571,211
310,164
303,200
300,177
312,184
501,234
497,237
495,232
494,236
493,234
493,234
493,235
493,235
493,234
493,235
485,234
489,233
493,233
493,231
493,232
493,232
493,230
509,232
509,231
501,230
497,233
509,234
501,234
509,232
556,227
571,219
571,220
76,220
571,221
571,221
587,223
587,225
587,224
618,217
432,221
439,222
696,214
151,220
143,219
159,215
147,229
141,235
138,234
129,232
125,228
123,225
129,222
125,220
618,218
618,222
618,222
603,218
618,216
257,216
243,216
236,216
241,216
242,215
603,214
136,216
556,233
540,231
525,232
525,230
509,229
509,231
509,231
509,226
540,230
525,232
525,236
556,238
280,242
281,239
282,231
540,220
556,232
556,238
556,234
402,229
395,231
391,230
382,233
392,232
478,222
478,225
478,224
478,224
478,225
469,229
473,228
475,229
476,229
468,229
373,227
362,227
509,161
485,212
473,215
467,168
480,96
556,212
587,213
571,214
587,212
556,221
556,219
556,213
509,211
501,210
497,212
495,213
494,211
486,214
489,210
525,190
571,214
571,221
571,213
6151,106
23392,0
4183,25
61809,24
35544,79
8701,140
11348,20
55566,79
6182,214
6104,215
6042,215
5995,215
5450,193
5123,217
4982,214
5123,171
4780,211
5232,216
7367,129
7289,158
7180,168
7180,174
5434,213
5356,221
5341,215
4608,219
4593,219
4577,220
4546,214
76,71
3595,87
91,48
68,77
3361,71
31,67
3081,122
2909,84
2301,226
2255,225
727,224
727,232
712,232
712,234
712,234
712,232
727,231
727,230
743,223
758,226
1522,228
1491,228
1491,226
1320,216
1304,228
1429,226
1413,230
1413,225
1397,231
1382,233
1039,227
1351,227
961,218
1226,230
1226,236
1210,235
1210,236
1195,234
1195,235
1195,238
1210,223
388,215
380,232
376,233
396,171
392,223
390,227
389,225
388,227
395,226
398,228
400,228
401,226
401,227
409,226
405,227
445,224
453,222
457,223
467,222
472,222
475,221
484,222
488,220
490,210
491,87
509,213
509,217
649,234
634,235
618,233
587,228
587,227
603,219
337,210
330,210
320,210
603,216
587,222
571,226
525,229
509,233
509,231
509,232
509,234
509,235
509,233
509,233
501,232
497,234
495,233
494,234
501,220
497,228
495,233
494,232
493,234
493,232
493,232
493,230
493,233
493,231
493,233
493,230
509,225
525,223
525,224
525,223
525,221
540,218
46,213
61,210
556,217
556,228
540,223
571,220
434,234
433,236
432,235
432,236
432,236
432,225
665,230
696,220
509,222
493,219
727,216
151,220
509,219
525,221
91,212
83,211
665,216
649,217
106,218
106,217
634,219
618,218
618,221
618,222
256,216
243,217
243,215
216,216
270,216
571,222
556,226
556,230
556,231
556,231
556,233
556,234
556,236
556,235
478,224
478,219
283,236
283,238
276,238
273,239
271,240
277,241
280,240
281,239
388,229
388,226
446,211
469,212
481,213
479,215
486,216
489,219
483,218
480,220
479,220
478,224
54798,61
478,229
462,224
439,229
442,227
460,225
469,225
473,217
475,200
774,171
603,211
478,148
465,217
463,206
478,122
556,214
587,215
727,213
571,212
556,221
571,221
587,212
556,190
540,168
501,211
497,211
495,212
494,215
509,210
540,200
571,216
571,220
571,212
587,90
6354,213
1553,220
6042,215
5980,213
5434,211
5060,190
5403,174
5372,211
5403,210
5419,215
5169,211
5123,218
5154,216
4967,212
32722,20
43223,28
27025,28
3240,28
60865,27
2996,21
60636,20
60637,20
18075,24
9879,24
44741,87
8806,73
4561,219
4561,145
3580,77
46,51
76,67
3361,90
76,54
3081,93
3034,168
2878,96
2738,119
2504,210
727,229
712,234
712,234
712,235
712,233
727,233
727,232
743,228
758,222
758,224
805,218
1756,224
1335,217
1304,227
1304,226
1429,232
1413,230
1397,229
1382,233
1382,224
1055,223
1351,232
1335,234
1320,231
1210,236
1210,235
1210,234
1195,235
1195,237
1179,233
1226,219
388,225
380,234
376,235
374,237
373,236
389,226
388,226
395,229
391,228
396,228
399,225
400,226
401,225
401,227
409,227
413,226
415,228
458,222
459,220
468,223
473,221
483,220
480,218
486,206
283,132
509,217
525,215
351,193
402,168
618,232
587,227
587,226
618,217
324,197
317,187
313,212
587,221
587,224
571,229
571,229
556,229
509,232
509,233
509,234
509,231
509,234
509,234
501,235
497,233
495,232
494,234
493,233
493,235
495,232
494,232
493,234
493,232
493,234
493,232
493,231
493,232
493,233
493,230
493,232
493,233
525,223
525,221
525,220
540,220
46,213
53,212
556,218
540,226
556,223
587,225
76,220
571,221
428,235
430,232
431,235
431,220
681,232
696,222
525,221
501,217
712,214
136,220
143,222
139,218
76,206
91,210
649,214
634,217
121,217
121,217
634,223
634,224
634,219
618,222
618,220
618,217
257,215
263,216
203,215
587,221
571,223
556,229
556,231
556,234
556,233
525,233
540,232
525,227
494,225
525,219
284,238
277,237
273,239
271,237
270,240
277,241
280,242
288,239
292,231
556,226
494,211
494,214
494,214
494,216
486,216
490,219
484,219
481,221
479,222
478,226
478,222
478,227
435,231
441,226
459,226
468,226
473,214
483,135
727,210
603,210
461,210
461,215
461,214
477,145
556,214
540,210
525,210
525,211
525,211
525,210
509,210
509,211
509,212
509,211
509,212
501,212
1554,226
1569,113
106,71
5824,138
6011,109
6167,116
6385,210
6354,215
6152,214
6089,216
6027,215
5980,213
3606,1
36693,20
47315,28
23195,28
64932,27
3278,28
3230,21
56799,20
26075,24
18084,24
10171,24
5054,27
6791,164
4796,161
4764,220
4733,220
4702,219
4686,220
4640,219
4624,219
4609,221
4577,219
4562,219
106,61
2380,211
2208,218
2645,217
2567,225
2489,224
2426,225
2364,227
2302,226
2255,226
2239,217
728,231
712,232
1678,226
1663,227
1632,230
1600,228
1585,227
1554,226
1538,228
1522,227
1507,229
1491,230
1320,219
1304,227
58885,133
58885,118
59141,102
59909,102
56069,31
55812,71
59653,55
59909,40
59909,40
60165,24
58885,203
56174,34
1195,234
1195,237
1195,235
1195,234
1226,216
373,226
373,234
373,237
373,237
362,237
367,234
370,236
397,229
392,228
397,225
400,226
408,225
405,227
411,227
414,227
415,228
416,227
416,226
416,227
472,223
475,220
484,219
489,218
525,161
509,190
509,218
509,213
373,171
373,174
373,168
373,180
587,226
603,213
324,206
324,211
618,214
587,219
572,226
572,228
572,228
556,228
556,226
556,218
509,232
509,235
501,233
497,233
495,233
494,233
494,235
494,233
494,234
494,234
494,233
494,234
491,235
492,234
493,233
493,233
493,231
493,231
493,231
493,233
493,232
493,233
493,232
493,234
541,221
541,215
61,212
76,212
556,223
541,229
556,220
572,220
46,219
572,223
572,223
556,224
432,234
650,223
681,231
665,214
509,222
485,214
728,217
136,223
136,219
136,218
136,229
136,236
665,217
76,217
91,218
634,219
634,221
618,218
634,222
618,223
618,220
618,218
603,219
618,216
587,215
572,223
556,225
556,230
556,228
556,231
556,233
556,234
525,231
525,228
509,228
509,229
290,238
287,236
278,240
274,238
272,236
278,239
281,240
289,240
293,226
556,223
556,237
556,239
494,214
494,215
486,216
482,219
480,221
479,220
478,221
478,223
478,224
478,226
478,226
478,227
463,229
470,222
474,213
484,151
774,210
603,210
461,211
461,217
461,212
461,129
572,129
556,214
541,210
541,212
525,211
509,210
525,210
509,210
509,211
501,212
509,211
509,212
501,213
497,216
68,80
5824,132
6011,103
6152,122
6385,212
6339,214
6152,215
6074,216
6011,216
5980,203
5419,213
5076,212
7243,148
7180,187
5419,109
5388,221
5341,220
6245,184
6214,210
6167,206
6900,87
6853,164
6791,187
4780,164
56082,94
56338,63
56082,32
55826,16
56338,1
55826,225
56337,210
56337,207
12303,61
18176,158
13837,200
12892,35
52084,11
61847,10
59495,9
39569,9
23473,9
19667,9
19670,9
45268,8
32987,96
9012,226
11348,22
48398,96
712,232
728,234
728,232
743,225
759,225
774,225
837,213
1741,226
1725,225
1694,226
1678,228
1647,226
1413,231
1398,230
1382,232
1055,223
1351,225
1351,232
1335,232
1320,234
1304,231
1304,230
1289,234
1289,232
1195,234
1195,228
1258,213
373,232
373,233
373,239
373,238
373,236
373,236
373,235
373,236
373,235
402,230
402,225
402,225
409,227
406,226
404,227
410,226
413,227
415,224
416,225
416,226
416,225
483,220
488,213
284,74
509,211
509,218
525,212
373,206
373,180
373,210
373,190
373,187
373,168
324,210
317,210
603,214
587,222
572,224
572,226
572,229
556,227
556,222
556,217
311,211
311,210
501,232
509,233
501,234
497,236
495,233
494,235
494,233
494,234
494,234
494,234
494,233
494,235
494,234
494,233
494,234
494,234
494,231
494,233
494,231
494,233
494,234
509,231
501,231
497,232
243,211
144,211
540,223
540,228
556,223
572,221
91,221
572,221
572,222
587,223
587,221
587,223
5164,14
6797,169
58882,200
54786,238
56833,230
54785,189
55552,170
56832,160
56320,148
56064,142
58368,139
59648,137
125,225
123,225
129,221
125,217
696,223
696,216
525,219
509,218
106,210
106,211
650,219
665,217
257,215
243,216
250,216
253,214
203,216
257,216
587,216
243,214
174,215
208,216
157,215
556,221
540,228
525,231
540,238
540,238
556,235
556,236
556,236
556,233
461,224
297,222
290,238
287,240
395,230
384,230
386,234
401,233
587,222
388,223
388,232
402,214
494,214
494,213
494,213
494,216
473,230
388,224
369,230
378,225
432,226
446,227
453,227
442,231
437,227
449,226
463,226
470,217
556,220
556,219
556,215
556,203
540,177
540,211
556,214
556,215
556,210
525,210
525,210
525,211
572,221
572,212
6120,109
6323,212
1553,219
1553,222
1522,223
1538,226
1569,213
61,74
5824,161
5949,119
5419,215
5169,203
5123,218
5169,217
4982,214
4749,148
5216,210
5247,216
7367,148
7274,174
7180,190
7180,187
4686,220
4655,218
4624,217
4608,219
4593,220
4562,219
4530,197
3564,51
3580,71
76,48
3377,54
106,77
2442,224
2395,226
2333,225
2270,224
2239,224
727,230
712,232
712,233
712,234
712,233
712,233
727,232
1569,228
1553,227
1522,228
1507,227
1491,230
1460,216
1304,220
1304,229
1429,231
1413,232
1398,228
1382,231
1257,221
1242,232
1257,224
1242,219
1226,232
1226,234
1211,235
1195,233
1195,235
1195,234
1195,237
1226,219
387,231
387,227
387,216
394,210
391,221
389,228
388,228
388,227
388,225
395,226
398,228
400,224
431,225
439,223
443,224
445,222
453,224
457,221
459,222
468,221
473,222
483,223
488,222
491,213
603,219
587,225
572,232
603,226
650,233
634,235
587,229
587,229
603,225
618,212
310,210
310,211
290,187
556,211
540,223
525,232
509,232
509,233
509,233
509,234
509,233
509,235
509,233
509,234
481,233
479,232
486,222
490,217
492,226
493,234
493,234
493,232
493,233
493,232
493,232
493,235
509,235
509,229
509,226
525,223
525,223
525,223
525,222
525,221
525,221
540,215
91,210
76,213
447,221
439,227
435,230
433,233
432,235
432,235
432,234
432,235
432,229
665,228
681,225
525,215
122,218
121,217
696,223
525,216
525,220
509,213
61,211
91,211
650,220
106,216
91,215
634,220
243,216
223,216
213,216
201,216
161,216
126,214
157,215
200,216
572,219
556,224
556,229
556,230
556,237
556,238
556,235
556,237
556,235
540,225
509,220
284,237
284,239
277,238
273,240
271,237
392,232
404,223
587,223
388,227
388,230
402,211
478,213
486,214
482,213
488,216
491,218
484,219
362,230
417,226
424,226
442,228
437,224
434,229
440,224
459,227
468,225
473,217
483,206
774,138
587,214
556,180
556,200
556,212
556,214
556,214
540,213
525,210
525,211
525,212
525,210
509,210
6089,96
6354,213
1553,220
1538,223
1522,222
1553,227
1553,212
16,71
5808,148
5980,106
46,96
6416,113
5123,218
5169,216
4967,214
5107,180
5216,168
5232,215
7351,151
7289,171
7180,177
7164,197
5403,216
5356,221
4624,218
4624,219
4593,219
4562,218
4562,213
31,58
3580,51
91,54
3424,67
46,54
61,38
3081,158
2348,226
2302,225
2255,226
727,226
712,231
712,233
712,233
712,235
712,235
727,230
727,231
743,221
1538,227
1522,228
1507,229
1491,223
1304,219
1304,230
1429,228
1413,230
1398,228
1398,232
1366,232
1039,228
1242,226
1242,219
1226,232
1226,233
1211,235
1211,234
1195,235
1195,235
1195,236
1211,224
373,216
373,231
394,219
391,210
389,224
388,227
388,228
395,228
391,227
396,227
399,226
400,226
401,227
409,226
444,223
445,222
453,222
457,223
459,222
468,223
473,221
475,221
484,218
509,211
556,100
509,217
572,231
650,230
650,231
618,234
587,227
587,228
618,218
634,210
324,210
330,211
587,216
587,221
525,230
525,230
509,232
509,231
509,233
509,234
509,236
509,235
509,233
509,233
501,234
497,235
509,218
501,220
497,228
495,233
494,235
494,233
494,233
494,234
494,230
494,230
494,235
494,235
525,222
525,225
525,223
525,221
525,222
540,220
540,220
61,214
61,212
556,216
540,229
556,226
437,232
434,234
433,235
425,233
428,232
430,235
431,223
650,232
696,220
509,220
493,216
727,215
696,221
509,221
525,219
509,212
106,211
650,213
650,215
106,219
665,216
634,220
634,221
634,224
221,218
205,218
155,216
115,217
257,215
76,215
572,221
572,223
572,228
556,229
556,231
556,232
556,236
556,235
556,236
525,222
525,219
284,238
284,238
284,238
277,238
280,239
275,239
279,240
572,220
388,229
395,226
461,210
477,213
485,215
489,214
483,215
480,217
479,220
478,222
478,221
447,229
454,226
450,229
441,231
444,227
461,226
469,226
481,218
509,206
712,132
618,211
478,138
556,168
572,212
556,213
540,215
525,212
540,206
509,211
525,211
525,210
509,210
509,211
509,211
1553,218
1538,224
1522,223
1538,226
1569,214
76,61
5793,142
5949,96
6073,100
6245,126
6370,216
6183,213
4982,213
5123,161
5169,168
5247,214
7351,119
7274,161
7180,210
7149,164
5388,217
5356,220
5356,211
6229,193
4577,218
4562,218
4546,210
3580,64
76,71
3517,64
3424,61
106,58
3081,64
3034,158
2878,100
2738,132
2239,224
727,229
712,232
712,233
712,234
712,234
727,234
727,232
743,227
759,223
759,225
805,220
1491,230
1335,218
1304,226
1304,223
1429,231
1413,229
1398,229
1382,232
1382,219
1055,219
1351,233
1335,233
1226,232
1211,234
1211,235
1195,233
1195,235
1195,234
1195,235
1242,217
388,226
380,234
376,237
374,238
399,225
400,228
394,228
391,228
396,227
399,226
400,227
408,226
405,227
403,227
402,225
409,228
457,222
459,221
468,222
473,221
483,221
488,220
491,215
525,122
509,210
509,217
525,212
388,210
634,233
587,228
587,229
587,225
634,213
324,180
324,211
603,211
587,220
587,225
572,228
572,229
509,233
509,231
509,235
509,235
509,234
509,231
501,234
497,234
495,234
494,236
494,231
494,232
497,231
495,232
486,230
490,232
492,235
493,233
493,232
493,232
493,232
493,232
493,231
493,231
525,225
525,222
525,220
540,221
540,218
106,212
76,211
556,218
540,230
556,224
587,220
46,221
433,235
425,234
428,236
430,233
431,224
665,232
696,220
525,222
461,219
727,215
151,218
143,218
525,220
76,211
76,210
76,212
650,217
136,217
650,218
634,222
634,220
634,218
618,220
634,218
257,215
203,215
209,217
212,215
556,219
556,226
556,228
556,232
556,231
556,231
540,235
540,231
556,236
540,223
509,221
284,238
284,239
277,240
273,238
271,239
277,240
280,241
282,241
289,237
392,225
494,211
494,213
494,213
494,214
494,215
486,218
482,219
480,221
479,222
478,224
478,224
443,228
437,227
442,227
460,227
469,225
481,213
487,184
790,203
587,210
461,211
461,215
454,214
540,215
540,216
540,210
525,184
525,210
525,211
509,211
509,210
509,211
509,212
509,210
509,212
1522,225
1553,226
1585,106
76,84
5824,135
6011,103
6136,93
6401,211
6370,214
6167,215
6089,215
6027,215
3612,169
20820,20
36820,20
39123,28
23159,28
3243,28
60859,27
64644,20
56795,20
26078,24
14008,24
6075,24
6853,193
6790,168
4795,158
4749,220
4733,219
4702,219
4671,221
4655,219
4624,218
4593,219
4577,218
4562,219
2395,213
2395,211
2224,218
2645,219
2551,224
2489,225
2426,225
2364,226
2302,226
2255,224
727,217
727,229
1709,226
1678,228
1647,227
1631,227
1600,227
1585,228
1553,226
1538,229
1522,229
1507,228
1491,228
1335,219
1273,228
1289,235
1289,232
1273,223
977,223
961,221
1242,224
1242,231
1257,223
1226,226
1226,234
1211,234
373,237
373,234
373,234
373,234
380,234
384,234
386,231
387,226
394,211
391,212
389,224
388,227
416,226
416,227
424,227
428,226
430,226
438,227
442,223
444,223
445,224
453,222
457,222
459,222
374,187
362,190
367,138
359,122
380,100
603,213
587,221
571,227
571,233
634,227
634,233
618,233
556,222
556,217
540,211
587,151
283,184
290,193
293,187
540,216
525,225
525,229
525,229
509,236
493,237
493,236
493,238
493,236
493,232
493,234
493,232
493,228
509,217
501,218
509,225
493,231
493,231
493,233
493,233
493,232
509,231
509,233
509,232
509,226
525,226
525,225
525,223
525,223
572,221
572,223
572,223
587,224
587,221
447,220
447,223
447,228
447,232
439,232
435,235
426,233
139,232
137,237
129,233
125,228
123,225
122,225
129,219
140,216
681,223
494,216
525,221
509,213
603,218
618,215
618,215
243,215
250,217
253,217
255,214
203,216
147,215
603,216
91,215
167,215
509,229
509,230
509,230
525,229
525,229
525,235
556,238
556,238
556,235
556,234
556,237
509,226
556,236
556,235
402,230
402,233
395,227
391,235
396,228
414,219
423,219
405,228
403,223
478,211
478,229
469,227
473,229
467,230
449,225
351,229
362,226
417,227
432,226
455,227
443,226
430,229
556,215
556,213
743,214
556,214
556,221
572,223
556,210
556,171
556,210
556,213
540,215
572,213
501,214
556,177
525,184
556,221
556,217
587,210
6105,145
6354,212
1553,222
1522,221
1522,226
1553,226
5076,212
5388,210
5356,200
5419,210
5419,218
5169,215
5138,218
5185,218
5091,211
4780,211
5216,213
5263,211
6790,161
4764,221
4733,219
4702,220
4686,220
4655,219
4624,219
4608,221
4577,218
4561,220
106,35
3595,103
2208,215
2644,218
2582,225
2504,226
2442,225
2364,225
2317,226
2255,226
2239,219
727,231
712,234
712,233
1647,227
1631,226
1616,228
1585,226
1569,228
1538,227
1522,228
1507,228
1491,228
1475,216
1304,226
1382,219
1288,233
1288,222
977,223
961,220
1257,225
1242,228
961,220
1226,226
1210,233
1210,233
1210,234
1195,234
373,233
373,234
380,235
384,231
386,230
387,225
387,211
387,213
387,224
387,228
387,227
387,228
416,228
424,225
428,225
437,223
434,225
440,221
443,224
444,222
452,224
456,224
467,223
464,220
370,168
371,164
525,129
587,214
587,222
571,227
587,229
649,231
634,233
618,232
587,228
587,228
310,206
556,177
297,206
317,177
556,187
540,219
525,227
525,231
525,232
509,231
509,235
509,234
493,235
493,235
485,235
481,234
487,234
482,227
509,218
501,221
497,232
495,236
494,234
493,236
501,233
497,232
509,231
509,234
509,229
509,227
509,225
525,225
509,224
509,223
540,221
540,221
587,222
587,223
587,218
446,216
446,226
446,232
446,232
439,235
435,235
426,236
421,234
419,231
58626,184
56322,13
56578,245
55297,203
54784,169
56064,152
56320,151
55552,143
58368,139
59392,137
60928,185
23581,37
665,217
106,217
121,218
634,221
634,219
634,221
618,222
618,223
634,221
618,217
618,216
257,216
587,221
556,227
556,227
556,228
556,229
556,233
540,233
556,233
525,227
509,229
509,233
509,229
286,239
278,238
274,238
278,236
280,238
281,238
282,238
289,229
556,224
556,233
556,236
540,229
493,216
493,217
493,218
485,221
481,223
479,221
478,224
478,223
478,225
478,228
478,230
478,230
469,224
473,214
483,180
681,197
587,145
461,211
461,216
461,213
469,148
509,119
556,216
571,213
525,211
509,210
509,211
509,197
509,212
509,211
509,211
509,210
501,212
497,212
495,214
525,210
5824,109
6073,106
6447,103
6369,212
6354,212
6136,214
6073,215
6011,216
5964,210
5403,213
5060,213
5403,212
7164,190
5434,177
5387,221
5341,220
6245,168
6198,210
6182,210
6899,90
6853,138
6806,164
4780,197
4764,221
3377,71
76,58
3081,93
3050,132
2831,106
2551,109
2504,184
2395,211
2395,215
2379,211
2224,216
2644,216
727,234
727,231
743,228
758,224
774,226
821,218
1756,226
1725,224
1709,228
1678,226
1662,227
1631,229
1397,229
1382,233
1366,221
1055,219
1351,232
1335,232
1320,235
1320,233
1304,226
1288,234
1288,232
1288,222
1195,234
1242,217
373,225
373,233
373,236
373,239
373,234
373,235
373,235
373,233
373,234
380,233
394,225
398,228
400,226
401,225
409,228
413,226
415,226
416,228
416,226
416,227
424,226
428,226
484,217
432,145
525,138
509,216
525,217
373,190
373,187
373,211
355,177
364,190
357,158
365,151
324,211
603,212
587,219
587,224
571,227
571,228
556,229
556,226
556,220
556,214
337,210
337,171
501,232
509,234
501,235
497,232
495,233
494,234
493,235
493,233
493,233
493,235
493,235
493,234
492,231
492,232
492,233
492,231
492,235
492,231
492,231
492,232
492,233
492,234
492,233
492,231
113,211
540,222
556,227
556,222
556,220
76,222
587,223
571,222
571,223
571,222
571,222
603,223
696,215
478,221
485,214
151,219
143,220
139,220
145,220
140,229
138,237
137,233
129,228
132,225
634,218
634,221
618,219
634,221
618,221
618,219
634,216
634,217
257,215
618,216
618,215
243,216
556,230
556,232
556,232
556,232
556,234
525,232
525,228
509,229
509,231
525,230
525,228
525,227
271,238
277,240
280,242
282,239
289,241
299,220
556,229
556,238
556,237
556,222
388,230
388,231
484,219
481,222
479,220
478,221
478,222
478,223
478,227
478,227
478,229
478,230
469,231
473,230
790,122
634,210
478,161
469,213
458,215
459,210
468,100
556,184
556,214
587,214
587,211
556,220
509,190
509,210
509,211
509,211
509,212
501,212
509,211
501,214
497,210
540,210
556,213
572,224
6229,96
6385,215
6198,212
6136,216
6073,217
5980,216
5466,210
5419,211
5076,211
5403,214
5232,211
5434,212
5388,222
5356,217
6245,164
6198,180
6167,148
6884,119
6837,148
6775,168
4780,212
4749,219
4733,220
4702,220
3097,96
3019,126
2863,116
2551,138
2473,132
2380,212
2395,213
2395,212
2208,217
2629,219
2582,223
2489,224
743,228
759,223
759,224
821,215
1756,228
1725,224
1694,226
1678,227
1663,228
1631,228
1600,225
1585,228
1366,220
1055,218
1351,232
1335,233
1320,235
1320,233
1289,227
1289,236
1289,235
1289,223
977,223
961,220
373,226
373,233
373,236
373,238
373,236
373,238
373,235
373,235
373,236
373,233
380,232
384,235
401,227
409,226
413,227
415,228
416,224
416,226
416,226
416,226
416,225
424,228
428,225
430,226
525,177
509,217
509,212
373,190
373,210
373,210
373,210
362,197
367,184
370,148
556,164
603,216
587,219
572,224
572,229
572,228
556,229
556,227
556,219
310,211
310,193
310,168
297,161
297,184
497,234
495,231
494,234
494,232
494,235
494,234
494,234
494,235
494,235
494,235
494,235
494,237
494,235
494,232
494,235
494,232
509,230
501,230
509,231
501,232
497,232
495,231
509,231
509,232
540,225
556,219
572,220
76,221
572,220
587,222
587,222
587,223
587,224
603,220
447,218
447,223
151,215
151,218
143,219
139,217
137,221
136,234
136,237
136,232
136,228
136,223
128,220
132,219
634,220
634,220
618,222
618,220
618,215
270,215
603,215
216,217
618,214
257,217
243,216
229,217
556,232
556,232
540,233
525,230
525,224
509,228
509,232
509,230
525,229
525,228
540,235
540,237
281,238
282,242
289,239
313,219
556,232
556,237
556,236
417,225
402,233
395,228
391,231
396,230
478,221
478,225
478,225
478,225
478,224
478,226
478,231
478,229
469,232
473,226
373,223
373,228
461,145
461,214
461,217
469,190
481,129
556,211
572,214
587,214
587,214
556,222
556,221
556,213
509,211
509,211
509,211
501,211
497,212
495,213
494,210
540,211
556,213
572,221
572,211
618,116
6183,213
6120,216
6042,216
5996,214
5434,210
5434,210
5060,193
5403,212
5216,210
5403,213
5419,210
5154,217
6229,187
6214,190
6183,138
6884,151
6822,161
6790,193
4780,216
4749,221
4717,219
4686,219
4655,218
4640,218
11348,19
47118,94
2754,119
2520,210
2457,206
2380,213
2380,212
2395,211
2224,220
2629,222
2551,225
2489,224
25102,98
2286,225
2239,227
727,226
712,230
712,232
712,233
712,234
712,231
712,233
743,230
743,222
774,225
1772,216
1741,226
1725,225
1694,227
1663,227
1647,227
1616,227
1600,227
1585,230
1553,228
1538,228
1351,233
1336,232
1320,234
1305,230
1289,232
1289,234
1289,233
1289,219
962,221
977,220
1242,231
1242,227
373,238
373,238
373,235
373,236
373,237
373,238
373,232
373,231
373,231
373,234
380,229
384,219
4908,14
31907,161
58113,161
58369,161
58113,161
57857,161
58369,168
57857,172
57601,167
57345,171
57601,181
57857,178
443,226
452,225
457,223
459,222
469,221
474,221
476,220
485,220
489,212
284,96
510,215
510,217
650,229
650,235
619,234
588,226
588,227
588,220
311,211
317,210
314,187
603,214
588,224
572,227
525,231
510,231
510,230
510,233
510,233
510,233
510,233
502,234
498,235
496,233
495,233
494,236
502,217
498,225
496,233
495,235
494,233
494,232
494,231
486,230
490,231
492,234
493,233
493,233
525,226
525,224
525,222
525,222
525,222
541,221
541,216
107,212
556,212
541,226
556,226
556,222
435,233
433,233
432,233
432,234
432,233
432,231
666,229
697,228
525,216
502,220
490,212
137,217
510,218
525,221
510,213
91,211
91,212
650,219
91,217
106,218
634,220
634,221
634,219
619,223
107,216
91,216
99,215
103,215
166,215
572,219
556,222
556,230
556,228
556,230
556,232
541,235
11310,2
11499,2
7660,2
65251,1
7389,1
7401,1
5617,1
4593,1
4080,1
5614,1
6383,1
6895,1
283,240
297,222
556,232
556,235
556,237
418,223
410,232
399,227
386,229
387,233
402,226
588,224
479,224
479,224
479,224
479,227
479,228
479,228
479,229
470,229
373,221
362,228
367,224
418,227
454,216
458,210
468,116
556,180
556,215
588,213
603,213
556,219
556,219
556,218
556,174
556,145
510,211
510,211
502,213
498,212
496,212
541,210
572,210
572,222
572,213
572,164
6354,211
1554,217
6058,216
5996,215
5497,211
5419,212
5076,212
5388,213
5232,211
5419,213
5419,212
5154,217
5123,216
4983,212
28883,20
47320,28
27287,28
19371,28
64936,27
15233,21
64981,20
56799,20
26073,24
14290,24
40402,87
9905,47
4578,219
4562,213
16,61
3565,67
31,64
3440,64
107,64
61,58
3035,151
2894,90
2754,122
2520,161
728,225
712,230
712,234
712,234
712,234
712,234
728,232
743,229
759,223
759,224
790,222
1772,222
1492,219
1305,220
1305,228
1429,230
1414,232
1398,227
1383,231
1382,230
1039,229
1351,231
1335,233
1335,234
1226,234
1211,234
1211,234
1195,236
1195,235
1195,238
1211,223
388,216
380,232
376,236
374,241
373,238
389,227
396,227
392,226
397,228
392,227
397,227
400,227
401,226
402,226
409,225
413,227
415,226
455,222
466,220
472,220
475,220
476,219
485,220
481,211
31,84
509,214
509,219
509,210
373,210
618,232
587,227
587,232
603,222
634,211
297,180
304,210
603,215
587,221
572,228
572,230
556,227
509,232
509,233
509,234
509,234
509,230
509,234
501,233
497,232
495,234
494,233
494,232
494,234
501,236
497,232
495,233
494,236
494,232
494,232
494,232
494,234
494,233
494,232
494,231
494,233
509,223
540,220
525,220
540,222
540,214
46,211
572,212
540,225
540,227
556,222
572,219
76,220
432,237
432,236
432,234
432,234
634,230
681,228
696,215
478,219
727,215
151,219
143,220
147,217
5164,14
8351,253
55041,76
54016,106
54272,153
56066,76
55040,98
55296,138
56066,122
56066,106
56066,122
56578,106
618,218
603,216
634,216
203,217
257,215
257,216
243,215
250,214
106,217
91,215
76,214
91,215
509,228
509,233
509,231
509,230
525,229
525,229
525,234
540,238
556,238
556,236
556,236
556,234
556,230
556,235
556,236
402,226
395,231
391,230
389,232
403,235
410,223
587,222
388,227
388,230
478,225
478,227
469,229
473,228
467,230
464,231
402,223
387,229
387,225
447,226
454,231
457,226
46,103
556,212
572,214
665,213
587,213
556,221
572,220
572,215
540,177
556,203
525,212
556,212
497,212
495,215
494,211
525,197
572,212
572,222
556,212
572,113
6354,213
1553,220
1553,223
1522,224
5434,210
5434,210
5076,211
5388,214
5232,211
5403,213
5419,211
5154,220
5123,217
4982,214
5092,200
4780,210
39050,28
3240,28
3236,28
7092,21
64727,20
56796,20
21974,24
18113,24
10194,24
54414,26
13214,88
10005,22
31,58
3564,87
3502,61
91,67
3330,71
16,51
3019,113
2847,80
2754,96
2520,190
2426,190
2395,214
712,233
712,233
712,232
727,232
727,234
727,229
759,221
759,227
790,220
1772,224
1741,227
1709,227
1304,230
1429,231
1413,231
1398,226
1382,230
1382,231
1039,229
1351,229
1335,233
1335,233
1320,235
1304,226
1211,236
1195,237
1195,235
1195,236
1211,220
388,218
380,234
376,236
374,236
373,237
373,237
373,236
391,227
389,228
395,227
398,226
400,225
401,225
409,226
405,226
411,227
414,225
415,227
416,224
468,223
473,221
475,222
484,220
489,213
257,113
509,214
525,219
509,211
388,210
380,210
365,193
587,231
603,220
634,211
310,210
317,212
587,215
587,224
572,226
572,229
572,230
556,227
556,224
509,233
509,232
509,232
501,232
497,236
495,234
494,234
494,232
494,235
494,234
494,235
494,232
494,233
494,234
494,234
494,233
494,232
494,233
494,232
494,232
494,232
494,230
494,231
494,234
540,222
540,222
556,213
61,210
540,214
540,227
540,230
572,221
587,222
572,222
572,223
572,224
432,233
432,228
650,231
696,223
478,217
478,218
727,215
151,219
143,220
147,215
141,226
138,231
76,213
650,217
106,216
106,216
634,222
634,222
634,221
618,221
618,222
618,219
634,218
618,216
5420,14
10410,162
54784,75
56066,44
57346,44
57858,44
59138,44
59138,44
59650,44
59650,44
59394,13
58882,253
509,228
525,229
525,229
525,227
540,235
540,238
556,238
556,235
556,236
556,237
525,227
525,222
556,236
417,225
402,231
395,227
391,233
396,232
406,220
572,218
388,226
388,226
478,212
486,212
478,229
469,231
473,229
475,228
351,227
351,228
402,226
424,226
478,227
462,226
447,231
447,227
572,212
743,212
572,214
556,221
572,221
556,211
556,151
540,180
556,214
540,215
556,215
540,210
540,151
540,180
572,219
572,217
572,211
6151,135
6354,212
1553,223
1538,221
1507,226
1553,227
1600,122
5419,210
5372,200
5419,184
5419,217
5185,215
5123,218
5185,218
4982,212
4780,213
5232,213
5247,212
7351,135
30661,26
61345,88
10105,167
11348,21
16910,89
4764,220
4733,221
4717,220
4686,219
4655,218
4624,217
4608,217
31,64
3439,74
46,61
3065,96
3034,174
2847,122
2691,100
2504,210
2395,211
2395,215
2380,212
2224,213
712,231
727,234
727,231
743,228
759,223
774,224
821,218
1756,225
1741,224
1709,224
1678,226
1663,227
1413,230
1398,229
1382,233
1382,222
1055,219
1351,232
1335,232
1320,235
1320,234
1289,228
1289,235
1289,234
1195,235
1195,234
1257,216
388,229
380,233
376,236
374,236
373,235
373,233
373,234
373,233
373,237
397,224
400,227
401,223
402,225
402,225
409,230
413,225
415,225
416,226
416,224
416,226
416,226
483,221
488,217
509,210
525,142
509,217
509,215
388,190
369,203
371,193
372,164
361,193
367,155
618,193
324,187
317,210
603,216
587,225
572,225
572,227
572,226
556,229
556,224
556,214
310,211
501,235
509,233
509,232
501,231
497,233
495,233
494,234
494,234
494,235
494,234
494,234
494,232
486,231
490,233
492,233
493,232
493,232
493,231
493,233
493,233
493,232
493,233
493,233
485,235
106,213
76,212
540,218
540,227
556,226
91,219
587,219
587,221
587,221
572,223
587,222
587,224
665,231
696,221
525,219
501,218
727,215
151,220
143,221
139,216
137,223
136,233
136,235
128,232
106,217
106,218
650,221
634,220
618,219
634,222
634,223
618,219
634,216
603,215
257,216
216,215
572,224
556,229
556,231
556,229
556,231
540,232
556,232
525,230
509,229
509,230
509,230
525,228
277,241
273,240
271,238
277,239
280,240
282,237
283,234
525,222
556,232
556,237
556,234
402,228
491,216
484,217
489,220
483,220
480,220
479,224
478,224
478,225
478,226
478,231
478,229
478,231
473,214
483,148
759,193
603,210
461,211
461,217
461,214
469,158
587,145
572,215
587,212
587,215
525,211
525,197
509,187
509,211
509,212
509,212
493,210
493,212
493,212
493,213
540,148
572,210
6042,122
6167,126
6385,213
6338,210
6136,214
6073,215
5996,217
5964,197
5419,214
5076,213
5403,212
5216,211
5434,212
5372,221
5356,219
6245,210
6214,187
6183,177
6884,106
6837,193
6790,171
4780,211
4764,220
4733,220
106,45
3065,132
2987,129
2831,103
2504,122
2457,193
2395,212
2395,214
2379,212
2208,217
2644,219
2566,225
57609,60
57609,253
57864,207
58120,215
56066,200
58882,200
59906,200
59906,200
59650,200
59906,215
59394,192
58724,39
1585,227
1569,229
1538,228
1522,228
1507,229
1491,230
1335,218
1304,228
1397,220
1413,230
1413,230
1397,229
977,222
1242,226
1242,232
1257,221
1226,226
1226,232
1210,235
1210,234
1195,235
1195,236
1195,238
1195,232
386,235
387,229
387,227
387,193
387,214
387,225
387,228
387,225
394,229
398,227
400,231
401,227
431,225
439,223
443,226
445,224
453,223
457,223
459,223
468,222
473,222
475,222
484,221
489,217
603,214
587,220
572,227
572,230
650,231
634,234
603,233
587,228
587,229
618,215
337,210
330,210
297,193
572,203
556,216
525,226
525,233
509,231
509,231
509,235
509,234
509,234
509,236
509,233
486,235
482,233
488,228
491,219
492,219
493,229
493,233
493,234
493,232
493,232
493,233
493,235
509,234
509,230
509,226
525,224
525,225
525,222
525,222
540,223
525,223
525,217
556,213
91,210
447,219
447,225
447,231
439,233
435,235
433,234
432,233
432,237
432,230
432,223
665,230
696,219
137,219
136,217
696,222
696,222
525,218
525,220
61,210
68,211
650,215
121,216
113,219
124,217
618,215
257,216
91,216
83,217
109,215
270,215
243,215
243,216
572,214
556,221
572,222
556,230
540,237
556,237
556,239
556,236
556,235
556,235
478,224
297,220
290,241
287,238
278,239
274,238
386,231
394,229
587,220
388,222
388,229
395,219
494,212
494,212
494,215
494,215
494,217
486,218
351,229
362,226
417,227
439,229
443,227
437,229
434,228
456,228
467,227
472,220
475,213
712,96
572,219
556,193
556,174
540,210
556,214
556,216
540,213
525,210
525,211
525,210
525,211
525,190
572,164
6354,213
1553,216
1553,221
1522,222
1522,226
1553,220
46,80
5777,116
5902,100
6027,93
6183,109
5154,217
5123,217
4982,213
5123,193
4780,212
5216,217
5294,126
7305,135
7196,184
7164,171
5434,213
5372,222
4640,218
4624,218
4593,218
4577,216
4546,217
31,67
3595,106
31,58
3455,58
3439,80
76,54
3050,142
2364,225
2302,224
2255,225
727,220
727,231
712,232
712,237
712,234
712,235
727,235
727,233
743,226
1538,228
1522,229
1507,229
1491,227
1335,218
1304,227
1304,221
1429,230
1413,229
1398,230
1382,233
1382,220
1242,232
1242,221
1226,222
1226,233
1211,232
1211,237
1211,236
1195,235
1195,235
1195,234
1226,218
373,224
384,225
393,213
390,213
389,225
388,226
388,228
388,227
395,228
399,227
401,228
402,226
402,227
444,223
445,223
446,224
453,223
457,221
459,221
468,222
473,222
475,221
484,217
509,184
509,119
572,227
572,232
650,229
634,233
618,229
587,229
587,226
603,220
634,211
311,210
317,210
587,217
541,216
525,225
525,231
525,234
509,231
509,231
509,235
509,232
509,235
509,236
509,233
501,234
509,225
509,218
493,217
493,229
493,234
493,233
493,230
493,232
493,234
493,231
493,230
493,233
509,225
525,224
525,225
509,223
525,220
541,219
556,219
541,217
76,213
68,211
541,217
541,228
443,230
437,233
434,233
433,235
432,235
432,232
432,234
650,221
665,233
696,217
525,220
501,217
696,223
696,219
509,221
525,220
106,210
509,210
665,218
665,216
106,218
665,218
634,223
634,219
242,217
242,216
229,215
167,216
144,216
132,215
572,217
556,223
556,229
556,229
556,233
572,230
556,235
556,235
556,235
540,231
517,222
284,229
284,240
277,240
273,238
271,238
270,238
277,240
587,221
388,225
388,230
410,212
478,211
486,212
490,214
492,215
493,216
485,220
481,220
479,222
432,227
446,229
462,227
447,229
447,231
462,227
470,226
474,221
484,210
681,119
618,210
556,126
556,161
556,211
556,213
540,216
540,214
525,206
525,210
525,212
509,211
525,211
509,210
509,212
1569,214
1553,223
1522,222
1522,227
1553,222
136,71
5777,113
5840,96
6089,93
6151,106
6385,214
6307,211
5185,215
5123,210
4780,214
5216,216
5263,177
7320,158
7258,145
7180,210
5434,197
5388,222
5341,221
6245,190
4608,220
4577,219
4546,218
76,51
3580,84
46,48
3471,45
3377,67
61,64
3065,90
3034,135
2816,138
2255,226
2239,218
712,231
712,234
712,234
712,235
712,234
727,233
727,234
743,227
759,224
774,226
1507,228
1491,229
1335,219
1304,225
1304,223
1429,231
1413,230
1398,228
1382,233
1382,223
1039,220
1351,231
1242,221
1226,234
1211,234
1211,234
1211,234
1195,235
1195,235
1195,235
1226,219
388,227
380,232
376,235
391,212
389,226
388,226
388,225
388,226
395,228
398,228
400,227
401,226
401,225
409,225
413,223
453,223
457,223
459,221
468,222
473,222
475,221
484,220
489,218
509,148
525,116
509,219
509,215
650,231
634,230
603,232
587,230
587,225
618,213
634,193
311,211
603,212
587,220
587,224
572,231
509,231
525,231
509,235
509,235
509,233
509,231
501,233
509,232
501,232
497,232
495,233
494,233
501,224
497,233
487,231
490,234
492,232
493,232
493,234
493,232
493,232
493,233
493,231
493,233
525,224
525,224
525,220
525,219
541,219
541,215
106,211
68,212
541,225
541,229
572,224
556,219
433,232
432,235
432,234
432,233
432,230
634,230
696,225
494,215
509,218
493,214
136,219
136,220
525,221
509,212
61,211
91,212
634,219
121,215
121,216
650,220
634,222
634,220
634,221
618,221
149,217
257,215
230,216
236,214
572,220
572,221
556,228
556,228
556,232
556,232
540,232
540,232
556,237
509,223
509,221
284,238
284,238
277,238
273,241
271,239
277,238
280,237
282,235
289,232
393,225
412,212
494,213
494,215
486,213
490,215
484,216
481,220
479,220
478,222
478,222
478,222
437,227
427,229
437,226
457,228
467,227
472,217
525,206
759,132
618,211
461,126
461,213
454,214
556,216
556,216
540,212
525,212
525,210
525,212
525,210
509,211
509,210
509,210
509,211
501,211
1522,223
1522,227
1553,221
91,67
5777,77
5839,113
6011,103
6182,122
6385,213
6338,211
6136,214
6073,216
3605,95
44116,18
24789,20
40663,20
31137,28
27025,28
15249,28
15019,21
64670,20
56797,20
26075,24
21937,24
106,80
6853,197
6821,171
4780,193
4764,220
4733,219
4702,219
4686,220
4655,220
4624,218
4608,219
4577,219
2395,213
2411,214
2411,211
2224,215
2629,215
2566,225
2504,223
2442,226
2379,227
2317,225
2255,226
2239,219
1725,226
1709,228
1678,225
1662,227
1631,226
1616,228
1585,228
1569,228
1538,227
1522,229
1507,229
1491,229
1320,235
1304,226
1288,234
1288,234
1288,223
977,222
977,220
1242,225
1242,230
961,219
1242,223
1226,235
373,236
373,237
373,235
373,235
373,234
380,234
376,232
382,231
385,226
386,211
387,216
387,225
415,224
416,225
424,228
420,224
426,226
429,227
437,225
434,224
440,224
443,225
452,223
456,224
376,206
363,210
368,174
370,161
371,174
556,106
587,214
587,225
571,230
587,228
649,231
634,235
556,226
556,221
571,215
556,203
297,174
290,174
293,193
540,210
540,221
525,229
525,231
509,232
493,233
493,234
493,234
493,234
493,235
485,233
489,235
491,232
509,220
509,216
501,226
497,237
493,232
493,228
493,234
493,231
493,236
509,234
509,233
509,227
509,226
509,224
525,223
525,223
587,221
587,221
587,223
587,225
603,222
432,218
432,224
439,229
435,235
433,233
432,235
432,234
136,231
136,238
136,231
128,227
124,224
130,222
133,221
134,217
681,223
509,220
525,220
509,212
618,218
618,215
243,218
618,215
243,217
243,217
603,217
270,214
216,217
229,217
216,215
229,214
55042,60
56578,44
57090,60
58882,44
58626,44
58882,44
58882,13
60162,44
59138,28
58626,13
58370,194
19755,41
525,219
284,238
284,237
277,240
273,239
271,237
270,238
277,239
280,237
288,233
556,221
556,232
16398,55
470,213
482,214
488,213
483,216
480,217
479,218
478,221
478,221
478,223
478,223
478,226
478,227
469,229
465,231
471,229
466,229
351,227
362,229
382,226
447,226
447,227
447,226
432,229
556,211
572,212
696,214
759,212
572,222
556,219
587,215
556,151
556,184
540,212
556,217
540,217
497,214
509,211
540,148
556,211
572,222
572,214
572,177
6354,212
1569,215
1553,223
1522,224
1522,227
49878,24
63699,23
47574,23
27864,23
15832,23
63442,80
10599,79
11348,26
17166,81
5419,213
5060,214
5372,211
3610,250
36692,20
39122,28
23217,28
3275,28
56753,27
3210,21
56797,20
26076,24
14008,24
6075,24
8133,0
6822,168
6759,132
4764,220
4733,220
4702,219
4671,218
4655,220
4624,218
4593,219
4577,218
4562,218
4546,74
2395,212
2224,214
2645,215
2582,225
2504,224
2442,226
2380,223
2302,226
2270,225
2239,223
727,230
712,233
1678,225
1663,226
1631,227
1600,228
1585,228
1569,229
1538,229
1522,229
1507,228
1491,230
1335,218
1304,225
1289,234
1273,233
1273,224
977,221
977,220
1242,224
1242,231
961,220
1226,226
1226,234
1211,235
1211,236
373,236
380,235
376,233
382,232
385,235
386,230
387,223
387,210
387,217
387,224
387,228
387,227
416,227
424,226
428,225
437,224
442,223
444,226
445,224
446,224
453,223
457,223
459,221
460,221
362,174
356,171
417,142
556,177
587,217
587,225
572,231
587,228
650,234
634,235
603,229
587,228
556,212
297,174
297,184
297,190
310,145
540,213
525,225
525,230
525,234
509,231
509,232
509,236
494,236
494,235
494,234
494,233
486,236
490,230
492,219
509,216
501,230
497,234
495,234
494,232
509,233
501,233
497,233
509,233
509,233
509,228
509,225
525,225
525,223
525,223
525,223
540,221
587,222
587,223
603,220
447,218
447,226
447,227
439,233
435,235
433,234
432,234
432,233
424,234
117,234
119,227
120,224
120,224
128,219
696,218
696,224
509,217
525,220
509,212
61,211
83,212
257,214
257,216
257,216
257,217
189,217
209,216
165,217
603,217
76,215
139,216
177,215
141,215
509,229
540,228
525,229
540,233
540,239
556,239
556,236
556,236
556,234
525,227
509,220
284,236
402,228
395,231
384,225
386,231
394,231
405,221
411,220
399,227
400,225
461,212
477,214
485,213
468,233
473,230
475,226
373,224
362,229
382,225
461,227
461,230
446,228
439,230
443,227
460,230
587,213
587,213
556,222
572,221
556,212
556,210
556,200
541,213
556,214
556,215
541,211
525,206
525,211
572,216
572,220
556,211
6229,100
6354,214
1554,220
1538,221
1522,223
1538,227
1554,213
46,80
5372,212
5232,210
5403,213
5419,211
5138,216
5123,217
4983,214
5107,171
4780,211
5232,216
7367,145
7305,145
4749,219
4718,220
4702,220
4655,219
4640,219
4609,218
4593,218
4577,219
4546,215
31,42
3564,87
31,51
23499,9
23509,9
27605,9
41171,8
31707,96
10710,193
11348,20
53774,96
2629,222
2567,224
2489,225
2411,223
712,231
728,234
728,232
743,225
759,226
774,225
1772,213
1756,225
1725,226
1694,226
1678,226
1647,226
1398,229
1398,231
1382,233
1039,222
1367,222
1351,234
1335,232
1320,234
1304,235
1304,228
1289,234
1289,231
1195,238
1195,231
1242,216
373,231
373,233
373,239
373,235
373,234
373,235
373,236
373,233
373,233
402,228
402,226
402,224
409,225
413,226
408,226
412,226
414,226
415,227
416,227
416,225
424,224
483,219
488,216
572,90
509,210
509,220
525,211
373,184
373,193
373,206
373,210
373,168
373,142
324,210
324,210
603,212
587,219
572,225
572,228
572,227
556,228
556,224
556,216
572,212
311,177
509,232
509,234
501,233
497,235
495,235
494,234
494,232
494,234
494,235
494,236
494,236
494,236
490,235
492,232
493,232
493,231
493,231
493,232
493,230
493,232
493,233
493,233
493,235
493,232
91,212
83,213
541,227
541,227
556,221
46,221
572,221
572,222
572,224
587,222
587,224
587,222
696,223
494,217
486,218
681,213
151,219
151,221
143,217
139,225
137,231
136,235
128,232
124,227
106,217
634,217
634,221
618,218
634,222
618,222
618,218
618,216
618,216
603,215
634,214
257,217
556,228
556,229
556,230
556,231
541,232
572,231
525,233
525,227
509,229
509,232
509,229
525,228
273,241
271,238
270,237
270,240
277,241
287,238
305,220
525,228
556,236
556,240
417,222
402,228
486,217
482,218
480,220
479,221
478,224
478,225
478,225
478,225
478,226
478,226
478,230
469,230
473,210
483,135
603,210
478,138
469,212
465,215
463,211
509,116
556,210
556,214
587,214
774,211
509,212
509,210
509,210
509,211
509,210
509,212
509,212
501,212
497,214
509,211
556,210
572,212
6027,113
46,103
6370,216
6183,211
6120,214
6058,216
5980,216
5481,210
5419,211
5076,214
5372,214
5216,210
5435,214
5372,222
5341,218
6245,200
6198,193
6167,145
6884,119
6822,161
6791,203
4780,212
4749,220
4718,221
1,45
3050,109
2972,87
2832,129
2551,171
2504,190
2395,214
2395,213
2395,211
2208,220
2629,222
2551,225
728,231
743,223
759,224
774,224
1787,214
1756,226
1725,227
1694,225
1678,226
1647,226
1616,227
1600,227
1382,232
1039,222
1351,222
1351,233
1335,235
1320,235
1304,233
1273,228
1289,235
1289,232
1289,221
961,223
1258,215
388,228
380,233
376,237
374,238
373,237
373,239
373,234
373,235
373,235
380,233
384,231
402,225
402,227
402,227
409,227
413,226
415,227
416,224
416,225
416,226
424,226
428,225
430,225
556,109
509,211
509,219
509,212
373,206
373,200
373,177
362,180
367,161
370,155
371,161
572,190
587,215
587,220
572,224
572,228
556,229
556,227
556,223
556,217
297,211
587,197
297,203
297,168
495,233
494,233
494,234
494,234
494,232
494,232
494,233
494,236
494,233
494,235
494,234
494,233
494,232
494,231
494,233
494,232
494,230
494,230
494,234
494,232
494,231
486,232
509,234
509,235
541,227
556,227
556,221
46,220
572,223
587,221
587,221
587,222
587,224
587,226
587,220
447,217
501,218
151,216
151,219
151,220
143,216
139,223
137,233
129,235
125,231
130,227
125,224
123,221
634,220
618,219
618,221
634,217
618,217
634,216
603,215
634,215
618,215
257,215
230,217
236,218
556,233
556,231
540,232
540,232
525,229
509,228
509,229
509,231
525,228
556,227
525,228
540,237
277,237
280,238
281,239
289,234
525,220
556,235
556,237
556,235
402,229
402,231
395,227
391,233
479,221
478,221
478,223
478,225
478,223
478,226
478,227
478,229
469,230
473,230
459,230
373,225
618,211
478,203
469,213
465,215
463,210
46,113
556,212
556,212
587,213
571,212
556,221
571,220
64840,1
64978,1
64980,1
64981,1
64980,1
62932,1
61909,1
61397,1
7379,2
15310,2
15317,2
15328,2
556,116
6354,212
1553,218
1538,224
1507,222
1538,227
1553,217
106,77
5777,126
5902,113
6073,109
6447,109
5122,217
5153,217
4982,214
5122,151
4779,210
5231,217
7398,151
7320,177
7180,168
7180,168
5418,214
5356,221
4639,220
4608,217
4592,219
4577,217
4546,212
30,71
37,77
3532,51
75,64
3377,71
60,51
3034,171
2348,226
2301,226
2239,226
727,226
711,231
711,234
711,235
711,235
711,232
727,234
743,229
743,221
1537,228
1522,228
1491,229
1491,222
1304,219
1304,231
1428,230
1413,231
1397,229
1382,231
1382,232
1039,230
1257,225
1241,220
1226,231
1210,235
1210,234
1210,234
1195,233
1195,238
1195,239
1226,220
387,219
380,232
386,218
386,206
386,223
386,226
386,228
394,225
398,227
400,225
401,224
401,225
401,222
401,227
444,224
445,225
445,223
453,223
457,222
459,222
468,221
473,218
483,216
488,203
310,119
509,216
571,232
649,232
633,233
618,234
587,229
587,227
618,219
323,210
323,210
316,212
587,217
587,226
524,227
524,232
509,232
509,233
509,236
509,235
509,234
509,234
509,233
509,234
501,233
497,234
509,218
509,219
501,230
497,232
495,234
494,233
493,232
493,234
493,233
493,232
493,233
493,231
509,226
524,226
524,222
540,222
524,222
524,221
540,217
556,212
75,211
524,215
540,226
556,226
438,232
434,231
432,235
431,237
431,233
424,234
427,225
665,233
696,220
524,219
501,217
696,215
696,225
509,221
524,222
509,211
75,210
90,213
665,216
121,219
618,216
633,221
633,217
633,221
602,215
602,215
256,215
75,215
159,217
140,214
571,217
556,223
556,230
556,229
556,230
556,232
556,236
556,233
556,237
524,226
508,221
297,238
283,238
276,239
273,240
271,238
277,238
280,238
556,220
387,229
394,226
412,210
478,213
485,213
489,213
491,216
492,217
492,222
485,220
481,220
446,227
453,229
442,227
436,229
441,227
443,227
460,227
469,217
473,211
758,142
602,206
571,142
556,187
556,212
571,214
540,215
540,212
540,210
524,212
509,211
509,210
509,211
509,211
509,210
1553,217
1553,223
1522,223
1537,225
1553,215
60,93
5824,145
5933,109
6073,103
6213,87
6385,217
6198,212
4982,214
5107,190
4780,211
5232,217
7351,155
7320,161
7180,174
7180,206
5419,215
5372,220
5341,214
6245,193
4577,218
4561,221
4546,211
106,51
3564,58
3517,64
136,61
3408,51
3081,74
3034,151
2909,80
2753,109
2239,227
727,227
712,229
712,234
712,234
712,234
727,231
727,234
743,230
758,222
758,227
805,222
1491,227
1335,219
1304,221
1304,227
1429,231
1413,231
1397,228
1382,232
1382,226
1055,223
1351,231
1335,233
1226,234
1226,236
1210,234
1210,234
1195,237
1195,234
1195,236
1242,220
373,223
373,234
373,236
373,238
389,224
388,225
388,227
395,227
398,227
400,226
394,227
398,226
400,226
408,225
412,224
414,226
457,223
459,224
460,221
469,222
473,220
475,220
484,216
571,155
509,161
509,218
525,215
373,210
634,236
618,230
587,229
587,229
618,217
324,211
330,168
603,211
587,220
587,224
571,225
571,229
509,234
509,233
509,233
509,235
509,232
509,234
509,233
501,236
497,234
495,231
494,233
493,234
501,230
489,235
491,234
492,234
492,234
492,235
492,232
492,231
492,232
492,233
492,230
492,232
525,224
525,222
525,218
525,221
540,219
540,213
46,210
556,215
540,229
556,226
571,219
556,220
426,233
429,235
430,234
431,237
431,229
665,231
681,222
525,217
501,220
712,214
136,218
136,221
525,223
509,213
91,211
91,211
649,219
136,216
121,217
649,221
634,221
634,219
618,221
634,221
603,215
257,214
263,215
260,216
571,217
587,222
571,231
556,228
556,231
556,233
556,234
556,232
556,235
540,231
461,222
297,229
290,238
280,238
275,239
272,237
271,238
277,239
280,236
281,239
388,226
395,212
493,212
485,212
489,214
491,215
492,219
485,218
481,221
479,219
478,223
478,226
457,226
437,229
434,226
456,228
467,229
472,221
482,210
487,113
618,211
478,138
469,211
465,214
540,214
556,216
540,213
525,210
540,212
525,210
509,210
509,206
525,210
509,211
509,211
509,211
1522,223
1538,225
1569,214
76,71
5824,122
5886,106
6073,100
6432,96
6369,217
6182,213
6120,215
6042,216
3605,138
20564,20
28849,20
43223,28
23191,28
3236,28
64686,27
3022,21
64729,20
56797,20
21972,24
9925,24
6868,168
6821,210
6790,180
4780,219
4748,220
4717,219
4686,218
4655,219
4639,220
4608,219
4593,219
4561,219
2395,214
2395,213
2208,212
2224,214
2582,225
2520,226
2442,224
2380,225
2317,226
2270,226
2239,220
712,230
1709,226
1678,227
1663,227
1631,227
1600,226
1585,228
1553,228
1538,227
1522,227
1507,228
1491,229
1320,219
1304,227
1289,235
1289,232
1289,221
977,222
977,221
1257,226
1242,231
1257,220
1226,228
1226,235
1211,234
373,235
373,236
373,234
373,236
380,234
376,232
374,229
381,221
447,180
424,218
406,224
397,226
416,228
416,228
416,225
424,226
435,225
441,226
444,224
445,225
446,223
453,223
457,223
459,223
373,210
362,206
367,190
370,155
509,129
587,215
587,223
572,229
587,228
650,234
634,235
603,232
556,221
572,214
297,210
556,174
270,197
283,206
572,193
540,219
525,225
525,231
509,233
509,230
494,233
486,236
490,236
492,235
493,236
493,232
493,234
493,225
509,215
501,219
497,229
487,235
493,232
493,230
493,234
493,230
509,232
509,233
509,230
509,227
509,224
525,222
525,225
525,224
587,224
587,220
587,222
587,223
618,219
447,221
447,222
447,231
447,233
439,234
435,236
426,234
139,231
137,236
129,233
125,228
123,222
129,223
132,220
696,216
681,223
509,220
509,220
509,211
634,218
216,215
209,215
226,219
618,216
257,216
243,215
159,215
201,215
222,215
164,217
257,215
509,231
509,231
525,229
525,226
525,230
540,236
540,239
556,239
556,236
556,235
556,236
509,223
556,237
556,235
402,226
395,231
391,227
389,235
395,231
406,219
411,221
399,229
393,226
494,212
478,228
478,229
469,229
473,230
460,228
351,227
362,227
417,227
432,227
455,226
443,229
437,228
556,214
587,213
587,213
572,214
556,222
572,220
572,174
540,180
556,210
556,213
556,216
556,212
495,214
587,126
556,210
572,222
572,215
572,210
6105,174
1553,211
1538,220
1522,222
1522,227
1553,225
5060,214
5403,210
5216,211
5419,197
5403,216
5169,216
5107,218
5185,216
5107,210
4780,213
5216,215
5263,210
6759,135
4764,220
4733,220
4702,220
4686,219
4640,218
4624,220
4608,219
4577,219
4562,220
61,45
3580,93
2208,216
2645,216
2582,224
2504,225
2442,226
2364,226
2317,225
2270,226
2239,218
727,229
712,234
712,230
1663,226
1631,228
1616,227
1585,227
1569,226
1538,228
1522,229
1507,227
1491,230
1335,217
1304,229
1304,222
1273,232
1289,222
977,224
961,218
1257,227
1242,232
1257,221
1226,226
1226,234
1211,233
1211,235
1195,234
373,234
373,234
380,232
376,232
382,230
385,226
393,190
390,218
389,224
388,228
395,229
398,229
424,225
428,225
430,226
431,224
439,226
443,226
445,224
453,223
457,223
459,222
468,223
473,222
361,148
367,168
509,148
587,216
587,222
572,228
587,231
650,231
634,232
603,230
587,228
587,229
541,210
297,168
290,177
556,148
541,210
525,218
525,229
509,232
509,232
509,230
509,233
509,232
494,236
494,235
494,232
494,236
494,235
494,224
509,217
501,222
497,230
495,233
494,233
494,233
494,235
494,231
509,232
509,234
509,230
509,225
509,226
525,224
525,222
525,221
525,222
541,219
587,225
587,222
447,216
439,220
443,226
437,230
434,234
433,232
432,233
432,235
432,235
432,235
59650,184
55042,238
56321,230
55809,203
55040,169
56576,152
55808,136
55808,143
58112,139
59904,137
60160,173
65053,43
5420,14
8611,121
55296,98
55552,138
55810,138
57090,122
56578,106
56578,122
56066,106
56322,122
55810,91
55554,91
243,216
250,217
618,217
257,219
190,215
196,216
136,216
106,216
83,216
149,214
120,216
587,214
525,227
541,229
525,229
525,237
556,237
556,236
556,236
556,235
556,232
461,223
297,221
290,237
403,234
395,228
384,230
386,232
401,230
587,223
403,224
395,229
399,216
478,212
486,212
490,213
469,233
465,230
403,223
351,228
362,227
432,227
455,227
466,226
449,227
440,228
450,231
464,227
587,212
556,218
556,220
572,218
556,155
556,193
556,212
556,214
556,216
541,214
541,210
525,210
572,210
572,222
572,212
572,145
6354,211
1569,215
1554,223
1538,224
1522,228
1554,219
31,77
5809,103
5232,212
5419,211
5419,213
5154,218
5123,219
5201,212
5092,203
4780,213
5232,219
5279,126
7305,177
7227,138
4733,220
4702,220
4671,219
4655,218
4624,220
4593,220
4577,220
4562,217
106,67
3611,84
31,54
53,48
2567,226
2504,224
2426,225
2364,226
2317,226
2255,226
728,218
712,229
712,233
712,234
712,233
712,233
1600,226
1585,228
1569,228
1538,229
1522,229
1507,229
1491,229
1335,218
1304,227
1445,221
1413,231
1413,229
977,221
977,219
1242,228
1242,230
1258,221
1226,228
1226,233
1211,235
1211,237
1211,232
1195,234
1195,234
380,232
376,233
382,232
385,223
408,203
398,217
393,225
390,229
389,226
396,229
399,227
401,226
430,226
438,224
442,228
444,224
445,223
453,223
457,223
467,222
464,221
462,222
470,222
474,222
556,122
603,216
572,223
572,227
587,228
650,232
634,234
603,228
587,230
587,227
618,214
324,210
297,190
297,197
572,211
525,221
525,230
525,230
525,233
509,234
509,235
509,234
509,234
509,233
494,233
494,235
494,236
494,223
509,216
501,224
497,233
495,233
494,235
494,233
494,234
494,232
509,233
509,232
509,231
509,223
525,223
525,223
525,222
525,223
525,220
540,221
540,217
121,212
447,215
447,226
439,227
443,232
437,234
434,234
425,235
428,234
430,235
431,234
634,225
681,231
126,225
131,218
126,220
696,225
681,216
509,220
525,216
106,211
91,211
650,218
76,215
91,217
250,216
243,216
250,215
61,216
603,217
243,214
167,216
121,216
91,215
587,218
556,222
556,226
525,233
540,238
556,238
556,234
556,234
556,237
525,229
461,221
297,229
290,239
287,237
278,241
391,231
389,231
403,226
587,222
388,226
388,227
402,212
494,212
494,214
494,215
494,215
494,217
373,223
362,230
375,225
396,228
461,226
461,227
439,229
435,227
456,228
467,225
472,219
483,211
572,219
587,217
572,148
556,174
556,212
556,214
540,216
525,213
540,197
525,210
525,212
509,210
556,212
556,135
6354,213
1569,219
1538,221
1522,225
1522,227
1569,219
106,71
5793,132
5933,132
6089,132
5403,212
5154,217
5123,216
5201,212
5138,158
4780,212
5232,216
7367,135
7289,174
7258,142
7164,190
5434,212
4671,220
4640,218
4624,219
4593,221
4577,221
4546,216
46,54
3595,71
3580,64
3455,45
3377,93
3128,48
2411,225
2364,224
2302,225
2255,226
727,219
712,230
712,232
712,233
712,235
712,235
712,233
727,232
1569,228
1538,229
1522,227
1507,227
1491,230
1320,220
1304,228
1398,219
1429,229
1413,230
1398,230
1382,231
1242,226
1242,231
961,219
1226,226
1226,233
1211,234
1211,235
1195,235
1195,236
1195,234
1195,234
1226,219
384,232
386,224
394,206
391,218
389,226
395,228
398,228
400,228
401,226
401,228
401,227
401,226
442,225
437,222
442,224
444,223
452,221
456,223
467,221
472,223
475,223
484,221
489,216
509,142
587,224
572,230
587,227
650,234
634,235
603,230
587,228
587,223
618,214
324,210
330,200
603,213
540,211
540,222
525,227
525,232
509,233
509,234
509,233
509,235
501,232
509,234
509,234
501,232
492,230
509,221
509,217
501,226
497,235
495,232
494,234
494,231
494,235
494,234
494,234
494,231
509,227
509,226
509,226
525,222
525,222
525,221
525,219
540,219
540,216
106,211
106,213
540,224
435,226
433,233
432,232
432,234
417,235
424,235
420,234
426,234
665,225
681,226
525,213
509,219
712,217
696,222
509,215
525,219
509,213
76,210
106,211
650,217
106,217
106,216
634,219
634,220
243,217
229,218
229,216
236,215
186,217
131,216
118,215
572,220
556,224
556,228
556,230
556,229
556,239
556,234
556,233
556,237
494,222
509,221
284,237
284,237
284,241
277,239
273,240
278,239
405,221
572,222
388,226
388,227
447,212
470,214
482,215
488,215
491,217
484,219
481,219
479,222
369,227
447,226
454,226
450,228
441,228
444,227
461,227
469,226
473,216
483,206
696,168
603,210
556,158
556,190
556,213
556,214
556,216
540,211
525,210
525,206
525,211
509,211
509,190
509,211
6354,213
1553,218
1538,222
1522,223
1538,228
1553,215
61,64
5762,113
5902,132
6042,96
6292,126
6385,216
5123,219
4967,212
5092,210
4780,212
5232,215
7336,155
7274,138
7242,155
7149,210
5419,212
5372,221
5341,217
4624,219
4593,220
4577,219
4546,216
189,45
3580,87
136,45
121,54
83,67
64,45
3065,129
3003,116
2317,226
2255,225
727,221
712,230
712,232
712,232
712,232
712,233
727,234
727,231
743,225
759,223
1522,229
1507,229
1491,229
1320,219
1304,227
1335,219
1413,231
1413,230
1398,232
1382,232
1039,217
1351,219
961,221
1226,225
1226,235
1211,231
1211,235
1195,233
1195,235
1195,234
1195,232
1226,216
373,228
373,235
386,200
387,216
387,226
387,228
387,226
387,227
394,228
398,227
400,225
401,227
401,224
409,226
445,222
446,222
453,222
465,222
471,222
474,221
476,222
485,219
489,217
297,103
509,210
509,219
587,229
650,231
634,235
603,228
587,229
603,225
618,214
324,211
317,210
587,213
587,221
587,226
525,234
509,231
509,233
525,232
509,234
509,234
509,235
509,232
509,232
501,235
497,232
495,234
509,216
501,225
497,234
495,232
494,231
494,233
494,232
494,232
494,233
494,231
494,233
494,233
525,224
525,222
525,224
525,222
525,221
525,222
556,214
91,212
68,211
540,224
540,229
556,220
435,230
433,233
432,235
432,234
432,232
432,231
665,224
696,225
696,216
494,219
486,214
136,217
525,214
525,223
509,214
509,211
76,213
650,220
76,217
98,216
665,218
634,221
634,221
634,217
106,216
106,214
98,216
164,217
257,216
556,220
556,222
556,229
556,230
556,228
556,233
556,234
556,237
556,235
525,227
509,223
284,234
284,238
277,240
273,240
271,240
277,237
280,238
282,242
388,227
388,231
410,214
478,212
486,213
490,213
492,215
485,217
481,220
487,221
482,221
480,222
439,228
443,228
430,230
438,228
458,227
468,228
473,221
483,211
774,116
618,211
603,158
461,212
556,211
540,213
540,216
525,213
525,210
540,210
509,211
525,210
525,211
509,212
509,211
509,211
1538,223
1522,222
1522,229
1553,222
46,100
5824,103
5918,87
6042,116
6214,109
6385,215
6338,211
6120,215
5123,197
4764,212
5216,216
7351,142
7305,145
7211,190
7164,210
5419,212
5372,221
5341,218
6245,184
6198,210
4577,218
4562,217
61,58
3580,51
61,64
3455,58
3408,80
46,71
3034,106
2987,100
2785,116
2567,171
727,224
712,231
712,233
712,234
712,237
712,231
727,233
743,231
759,220
759,225
790,222
1772,217
1476,224
1304,218
1304,229
1429,226
1413,231
1413,229
1398,232
1382,232
1039,227
1351,227
1335,231
1335,234
59397,24
59141,9
60165,9
58629,9
56325,193
56579,249
56068,218
58628,218
57860,209
56067,202
59140,185
25969,45
373,236
373,233
373,233
373,235
373,233
380,233
376,231
382,230
385,233
386,221
394,145
391,219
416,227
416,229
416,224
416,226
424,227
428,227
430,225
431,226
431,226
439,224
443,226
452,221
380,129
376,197
363,168
357,164
365,129
369,119
556,184
603,218
572,223
572,229
603,226
650,230
556,228
572,223
556,215
556,210
556,187
284,171
290,177
556,174
556,214
525,224
525,232
525,234
494,235
494,237
494,235
494,237
494,235
494,231
486,235
490,233
492,230
509,218
501,219
497,230
494,229
494,233
494,232
494,234
494,233
494,231
509,231
509,230
509,229
509,224
509,221
525,218
587,223
587,222
572,223
587,223
587,224
618,216
447,218
447,227
439,232
435,234
433,232
425,235
137,225
136,233
128,235
132,231
126,227
131,225
126,222
131,218
681,221
681,223
509,219
525,223
634,215
634,217
270,216
618,216
230,217
236,217
241,216
245,216
230,216
236,218
186,215
208,213
509,227
509,230
509,231
525,228
525,226
525,230
540,236
540,237
556,238
556,234
556,234
556,236
556,235
556,237
540,232
402,228
395,232
384,229
386,233
394,231
556,220
402,219
395,228
391,223
478,223
478,228
478,229
469,231
473,230
460,226
351,226
362,228
417,225
424,228
478,227
462,228
525,116
556,213
587,214
727,213
572,212
556,221
572,220
556,212
572,151
556,184
556,214
556,216
497,213
495,214
509,174
525,210
572,216
572,219
572,211
6136,138
6370,213
1554,220
1538,222
1522,225
5419,211
5419,180
5076,148
5372,211
5403,168
5419,215
5185,206
5138,219
5170,217
4983,212
4780,171
5216,206
27274,28
3249,28
60846,27
3282,21
60889,20
56796,20
21972,24
14004,24
14011,24
58494,26
16046,88
11702,131
46,67
3564,64
46,48
3408,80
106,48
3097,54
3019,135
2910,103
2769,126
2536,210
2442,210
2395,214
712,233
712,235
712,233
712,233
728,234
743,230
759,224
759,226
790,220
1772,222
1741,226
1710,227
1304,227
1429,231
1413,232
1398,227
1382,233
1382,227
1039,224
1351,232
1335,235
1335,235
1320,235
1273,225
1211,234
1195,237
1195,236
1195,235
1211,221
388,221
380,232
376,234
374,241
373,240
373,239
373,235
392,228
397,228
400,226
401,226
402,223
409,226
406,225
411,227
414,227
415,226
416,226
416,226
472,222
475,222
476,220
477,219
485,211
466,87
509,214
509,216
509,193
373,171
373,203
373,210
587,228
603,220
311,210
317,184
327,212
587,215
587,224
572,226
572,231
556,230
556,229
556,223
509,232
509,234
509,235
509,234
501,233
497,235
495,234
494,234
494,234
494,235
486,234
490,237
493,233
493,234
493,231
493,231
493,232
493,233
493,234
493,232
493,230
493,231
493,232
493,234
541,219
525,217
106,212
91,211
541,218
541,227
556,224
572,218
76,221
587,220
572,221
587,221
432,234
665,220
665,231
696,216
509,221
493,215
151,217
143,222
139,220
137,216
136,227
136,235
665,217
650,216
106,215
665,216
650,220
634,220
618,219
618,224
618,222
618,218
618,215
618,216
126,214
572,221
572,228
556,229
556,229
556,229
556,232
540,232
556,231
525,232
509,225
509,231
284,236
284,240
277,239
273,240
271,238
270,238
277,239
280,238
288,234
525,221
556,233
556,238
482,213
488,215
491,216
492,216
485,218
481,221
479,222
478,223
478,224
478,225
478,225
478,228
459,229
468,227
473,218
483,155
712,168
618,210
478,210
469,214
458,212
468,187
473,93
556,214
525,210
525,211
525,211
525,211
509,210
509,211
509,213
509,211
509,210
501,212
497,211
495,216
106,84
5824,168
5980,113
6089,96
6385,142
6370,216
6183,214
6120,216
6042,214
5996,214
5434,211
5434,145
7274,187
7164,210
7180,158
5388,218
5356,220
5356,210
6229,177
6198,187
6167,84
6868,155
6822,158
6790,190
68,58
94,48
85,61
65,71
3034,161
121,74
2754,129
2520,206
2426,210
2395,215
2380,213
2239,200
712,234
712,233
727,234
743,232
759,224
759,225
790,219
1756,225
1741,227
1709,225
1678,226
1663,226
1413,230
1398,229
1382,231
1382,227
1039,225
1351,232
1335,233
1320,237
1320,234
1304,226
1289,233
1289,235
1195,236
1195,236
1226,218
373,223
373,232
373,235
373,237
373,236
373,235
373,235
373,235
373,235
396,228
399,228
400,227
401,225
409,227
405,227
403,226
410,227
413,229
415,227
416,226
424,226
475,221
484,218
489,187
509,138
509,217
525,216
373,203
373,168
373,197
373,197
355,164
353,168
618,210
324,210
324,210
603,217
587,224
572,228
572,227
556,227
556,225
556,223
556,214
310,190
509,233
509,233
501,233
497,235
495,232
494,234
494,234
494,234
494,236
494,236
494,234
494,234
494,235
494,234
494,234
494,234
494,232
494,233
494,233
494,232
494,231
494,232
494,234
494,235
76,211
76,214
540,221
556,227
556,222
556,223
572,220
587,220
572,221
572,226
587,221
587,224
6700,14
6815,153
59138,200
55042,253
56833,237
55041,121
55296,136
56576,143
56064,147
56320,141
58368,138
60160,137
128,226
124,225
130,219
125,218
696,225
712,216
509,220
509,216
136,210
106,212
665,218
106,215
243,217
243,217
236,216
239,216
195,218
603,217
76,214
153,216
257,214
230,215
572,218
572,222
556,227
525,232
556,238
556,238
556,236
556,235
556,236
556,233
447,224
297,222
290,238
280,239
395,230
384,228
386,233
401,231
556,222
402,221
395,230
391,217
494,212
494,214
494,215
494,214
473,230
452,223
351,228
362,225
417,227
432,227
446,228
439,229
435,228
456,225
467,227
472,225
556,213
556,222
572,221
556,211
556,193
556,210
556,216
556,216
540,212
540,206
525,184
525,211
556,220
556,216
572,211
6105,164
6354,213
1553,222
1538,221
1507,224
1553,227
1569,103
46,80
5824,164
5419,177
5419,217
5185,214
5123,219
5169,217
4982,212
4780,211
5216,212
5263,213
7320,122
7258,206
7180,206
34504,26
40142,18
32221,18
37852,89
11903,120
11348,26
57870,89
4717,219
4686,219
4655,219
4624,218
4608,219
31,54
3065,67
3050,155
2832,96
2785,93
2504,210
2395,200
2411,215
2380,213
2224,210
2224,213
2598,225
727,230
743,228
759,225
759,226
805,220
1756,224
1741,226
1709,225
1678,224
1663,225
1631,226
1616,228
1382,233
1382,227
1039,226
1351,230
1335,233
1320,233
1320,234
1289,228
1289,234
1289,235
1273,226
977,223
1226,218
373,224
373,233
373,236
373,239
373,237
373,236
373,235
373,234
373,234
373,232
380,233
400,228
408,226
405,224
403,227
410,227
413,226
415,227
416,225
416,224
416,225
416,225
424,227
509,180
509,158
509,217
509,213
373,210
373,210
362,200
356,197
353,190
363,135
368,158
556,164
603,212
603,219
572,225
572,228
572,229
556,227
556,226
556,218
572,213
297,210
303,203
293,174
497,232
495,235
494,232
494,233
494,235
494,235
494,235
494,234
486,234
490,234
492,235
493,235
494,234
494,235
494,236
494,234
494,231
494,231
494,236
509,232
501,235
497,233
495,234
509,233
540,223
556,227
556,221
76,220
572,222
572,222
572,223
587,223
587,221
587,225
587,222
447,218
478,221
478,213
151,219
151,222
151,218
143,222
139,229
137,237
129,234
125,227
123,225
122,226
634,221
634,218
618,220
618,220
618,218
634,216
634,217
618,216
216,216
226,217
237,217
242,217
556,226
556,231
556,235
556,232
540,232
509,227
509,226
509,231
509,230
525,231
525,229
525,232
272,239
278,240
281,238
289,239
299,226
540,227
556,235
556,237
572,226
388,231
388,228
380,232
482,220
480,220
479,224
478,221
478,226
478,225
478,227
478,230
478,228
478,229
478,231
417,224
774,210
618,197
447,203
454,215
457,213
467,142
572,145
572,215
572,214
587,214
572,214
556,221
509,211
509,211
509,212
509,211
501,211
509,212
501,213
497,214
540,177
540,187
572,223
572,216
23690,23
21905,24
3408,79
11995,149
11348,16
23310,79
6385,212
6354,211
6136,216
6089,214
6011,216
5949,210
5154,216
5107,219
5201,216
5123,211
4780,213
5216,215
5263,203
7305,148
7258,135
7196,180
5434,190
5388,221
4655,218
4624,219
4608,219
4577,219
4546,219
76,48
3611,74
3564,64
3486,71
3361,64
46,54
3097,119
2364,226
2302,226
2255,226
727,221
727,232
712,231
712,234
712,233
712,234
727,234
727,232
743,225
1538,230
1522,229
1507,229
1491,228
1444,217
1304,228
1413,222
1429,231
1413,228
1398,231
1382,234
1039,222
1242,228
961,220
1226,227
1226,234
1211,235
1211,236
1211,234
1195,237
1195,236
1195,229
1226,214
373,228
384,221
393,174
390,219
389,224
388,228
388,226
395,228
398,229
400,227
401,229
401,227
401,224
443,224
445,223
446,223
453,220
457,224
467,221
472,223
475,220
484,219
489,215
270,80
509,211
556,231
603,227
650,235
634,235
587,230
587,228
603,222
618,212
324,197
324,211
587,216
587,222
525,225
525,230
509,234
509,232
509,230
509,234
509,232
501,235
509,232
501,235
497,233
495,236
6700,14
2471,231
56321,253
55553,245
58369,241
59905,231
59649,234
60417,236
59393,237
59905,237
59137,237
59649,237
493,231
493,235
493,234
493,232
493,231
509,232
501,233
497,232
509,233
501,235
509,232
509,227
556,221
61,220
572,220
572,223
572,222
587,224
587,224
603,223
587,220
447,218
447,220
439,228
136,218
143,222
139,217
137,220
136,233
136,236
128,235
124,226
130,225
125,222
130,219
133,218
634,221
618,222
618,220
634,216
634,218
618,218
230,215
236,218
618,216
243,215
216,215
603,215
556,234
556,234
525,232
509,227
509,230
509,232
509,231
525,225
525,228
525,235
540,239
556,239
280,238
282,239
289,221
556,227
556,238
572,237
540,225
388,231
395,230
391,230
389,232
395,229
479,223
478,224
478,223
478,226
478,227
478,228
478,231
478,230
469,231
450,221
373,230
373,225
478,211
469,216
465,213
471,113
556,103
556,215
572,214
587,213
587,214
556,222
572,221
556,206
509,212
509,210
501,211
509,213
509,213
493,212
525,193
587,210
572,222
572,215
556,211
6323,155
6151,215
6089,216
6011,217
5964,210
5434,212
5076,214
5403,212
5232,210
5575,184
5403,216
5154,215
5123,217
6198,187
6167,210
6884,100
6837,164
6806,171
4780,206
4764,221
4733,219
4702,219
4671,220
4640,218
4624,221
2567,138
2520,197
2395,211
2395,216
2395,211
2208,218
2629,222
2567,225
2473,224
2426,226
2364,226
2302,225
1772,216
1756,225
1725,225
1694,225
1663,226
1632,224
1616,227
1600,227
1585,225
1554,228
1538,228
1522,229
1335,233
1320,235
1304,230
1289,234
1289,235
1273,232
977,220
961,221
977,218
1242,232
1242,225
961,220
373,238
373,237
373,235
373,237
373,232
373,234
373,233
373,231
380,229
384,228
386,220
401,203
414,223
415,228
416,223
416,225
424,225
428,226
430,227
431,226
439,228
443,225
445,224
446,222
373,200
373,210
373,210
373,164
355,161
353,174
370,119
572,213
603,221
572,225
572,231
634,230
556,228
556,227
556,223
556,214
556,211
311,180
311,193
311,187
304,174
541,214
525,228
525,230
494,234
486,233
490,234
492,235
493,234
493,234
485,233
489,234
491,233
492,226
509,217
501,218
485,231
489,232
491,232
492,234
493,233
493,233
493,232
509,236
509,229
509,226
509,224
509,222
572,220
572,220
572,223
572,222
587,226
587,226
603,219
447,216
447,225
447,228
439,231
435,236
157,216
154,221
145,232
140,237
130,235
125,227
123,226
114,222
125,220
712,216
681,222
509,219
634,221
618,219
618,217
257,215
618,215
230,218
230,218
210,217
226,216
221,219
232,217
161,216
525,230
509,226
509,229
509,229
509,232
525,231
525,228
525,234
556,239
556,240
556,234
556,235
302,220
556,228
556,235
556,237
403,221
395,232
391,229
389,232
388,232
402,225
603,223
388,228
478,224
478,225
478,226
478,230
469,229
473,230
467,230
373,225
362,228
375,225
396,227
461,228
461,211
509,113
541,210
572,215
743,214
587,212
556,221
556,219
556,213
556,171
556,135
556,213
497,211
495,212
494,214
494,210
525,187
572,216
572,219
572,213
572,103
6370,213
1554,220
1538,224
5980,214
5450,210
5341,177
5076,161
5372,212
5201,200
5419,214
5357,200
5123,219
5138,215
4983,213
4780,142
55254,28
27278,28
64936,27
3259,28
7070,21
60889,20
56799,20
18131,24
10177,24
14014,24
60279,87
12201,191
4546,210
31,58
38,64
3486,64
3393,71
46,61
3081,80
3050,145
2878,80
2754,113
2504,211
2411,197
712,232
712,234
712,236
712,233
712,235
728,231
743,230
759,223
759,226
806,220
1772,223
1741,226
1304,221
1304,227
1429,231
1413,230
1398,226
1382,231
1367,228
1039,226
1351,231
1335,233
1335,234
1320,236
1211,235
1211,235
1195,236
1195,234
1195,239
1226,217
373,221
373,232
373,235
373,236
373,238
373,235
388,227
388,228
395,228
399,226
401,228
402,227
409,227
413,226
415,228
416,224
416,225
416,227
468,221
473,221
475,220
476,223
485,218
489,211
587,77
509,216
509,216
525,210
373,197
362,142
587,227
587,228
618,222
634,211
337,190
324,210
587,215
587,223
572,226
572,228
556,230
556,228
509,235
509,234
509,232
493,233
509,233
501,232
497,234
495,235
494,235
494,235
494,233
494,235
493,234
493,235
493,234
493,235
493,231
493,231
493,233
493,232
493,232
493,232
493,231
493,233
525,221
540,222
525,218
525,212
91,211
556,216
540,227
556,224
572,223
572,221
556,220
572,221
430,234
431,233
431,221
665,233
696,217
525,222
501,215
189,214
170,220
153,221
152,217
144,228
76,211
650,214
650,217
121,217
665,218
634,220
650,220
618,219
634,223
603,219
618,219
618,218
257,216
106,215
556,219
572,227
556,229
556,230
556,231
556,232
556,230
556,232
525,229
509,227
486,220
284,238
284,237
277,239
273,238
271,237
277,239
280,238
282,238
289,235
556,219
556,232
501,214
497,212
495,214
486,216
482,218
480,219
479,221
478,223
478,224
478,224
478,224
478,227
448,225
463,229
470,225
474,214
484,151
743,190
618,210
461,203
454,215
457,214
459,184
476,138
525,190
525,210
525,212
540,211
509,211
509,210
509,212
509,212
501,211
497,211
495,211
494,213
1553,119
61,77
5824,177
5964,119
6151,100
6385,210
6354,214
6151,216
6105,216
6011,216
5980,212
5434,214
3607,34
46933,28
39054,28
3227,28
64705,27
3204,21
60637,20
60636,20
18084,24
6094,24
58571,26
54339,26
6775,161
4764,220
4733,220
4702,219
4686,221
4655,219
4624,219
4593,218
4577,219
4546,219
4562,109
3611,96
2224,212
2660,213
2582,224
2504,225
2442,227
2379,226
2317,226
2255,227
2239,221
727,229
712,232
712,232
1662,227
1631,227
1616,228
1585,229
1569,227
1538,227
1522,227
1507,229
1491,230
1335,218
1304,228
1304,219
1273,235
1273,223
977,221
945,220
1257,226
1242,232
961,219
1226,226
1226,233
1210,234
1210,235
1195,235
373,234
373,234
380,233
376,231
374,231
381,223
384,168
386,218
387,225
387,230
387,226
394,228
424,225
428,226
430,226
438,225
442,226
444,221
445,224
445,224
453,222
457,220
459,221
468,222
372,184
372,180
556,168
587,216
587,225
571,229
587,226
649,233
634,235
603,229
587,230
603,227
556,206
297,210
303,187
293,164
540,211
540,222
525,230
509,230
509,234
509,233
509,233
509,233
491,234
492,234
492,235
485,236
481,234
487,223
509,217
509,223
501,232
497,233
495,234
494,231
501,232
497,232
509,229
509,234
501,228
509,226
525,225
525,224
525,221
525,222
540,220
540,220
587,227
587,224
603,217
432,220
432,227
432,231
439,232
435,234
433,235
432,234
432,235
432,236
136,233
128,229
124,225
130,222
133,219
696,221
696,220
509,218
525,220
509,210
91,212
649,217
209,216
221,217
230,216
236,216
241,216
235,217
212,216
603,217
76,217
146,215
257,216
257,214
525,226
556,230
525,232
525,237
540,236
556,239
556,235
556,234
556,239
478,223
478,219
283,240
402,229
395,231
391,226
389,233
395,232
413,221
407,220
397,230
392,224
478,211
485,214
489,212
478,229
478,231
469,226
351,223
351,226
432,226
432,225
446,228
439,226
428,229
444,228
461,227
743,214
556,214
556,221
571,220
571,210
556,168
540,210
556,214
540,216
556,215
540,184
525,211
571,210
571,221
571,215
556,210
6338,177
1553,211
1553,222
1538,222
1507,225
1553,225
31,96
61,80
5278,174
5419,174
5419,217
5169,215
5123,219
5185,216
5107,211
4780,213
5216,214
5263,210
7351,142
7273,145
4733,220
4702,220
4671,219
4655,219
4624,218
4593,218
4577,219
4561,219
106,54
3580,67
3517,51
76,74
23506,9
23507,9
19413,9
45269,8
17881,10
43992,96
12407,163
11348,21
64014,96
2566,225
2504,223
2442,226
712,233
727,232
743,228
758,225
774,224
821,215
1756,225
1725,226
1709,225
1678,227
1662,229
1631,226
1397,228
1382,233
1382,221
1055,219
1351,232
1335,234
1320,234
1320,235
1304,226
1288,234
1288,233
1288,223
1195,232
1226,217
373,226
373,232
373,237
373,241
373,235
373,236
373,232
373,234
373,233
373,233
398,225
400,225
401,227
409,225
413,226
415,224
416,227
416,228
416,227
416,225
424,227
428,226
488,214
525,100
509,211
509,219
509,212
373,187
373,197
362,174
356,171
364,210
350,132
361,129
324,210
603,214
587,223
587,229
571,229
571,229
556,229
556,225
556,216
540,211
297,210
297,184
509,234
501,236
497,238
495,233
494,232
493,233
493,235
493,234
493,234
493,237
493,235
493,234
492,231
492,232
492,235
492,232
492,234
492,232
485,232
489,235
491,233
492,233
492,233
493,233
61,212
525,222
556,230
556,222
61,220
83,220
572,220
572,224
587,223
587,222
587,225
603,223
525,216
501,218
489,213
189,218
170,222
153,217
144,222
140,232
138,235
129,233
125,228
123,226
665,219
634,222
634,218
618,222
618,223
603,218
603,219
603,216
618,215
618,216
243,217
243,219
556,230
556,231
556,232
556,233
556,231
540,230
509,227
509,227
509,230
509,231
525,229
525,227
274,241
272,238
278,238
281,240
289,241
299,222
556,229
556,236
556,240
525,221
388,230
388,230
490,220
484,220
481,221
479,222
478,222
478,226
478,226
478,228
478,229
469,230
473,229
475,229
488,109
634,200
587,151
461,211
461,215
461,212
469,116
509,155
572,213
572,215
587,213
556,216
525,210
525,211
509,211
509,210
501,210
509,210
501,212
497,213
495,211
525,184
572,212
572,224
6214,103
6385,216
6292,210
6120,216
6042,215
5980,214
5466,190
5403,210
5060,211
5372,214
5232,211
5419,211
5420,14
22183,252
56852,221
55828,101
53784,54
50456,54
43032,212
33050,197
47130,150
52762,172
54546,141
56338,109
4671,219
4640,219
4608,219
4593,218
4577,219
4546,215
76,61
3564,71
91,67
3439,45
61,61
53,48
2411,227
2348,225
2302,226
2239,226
727,226
712,233
712,232
712,232
712,233
712,232
727,234
727,230
1553,227
1538,226
1522,229
1507,229
1491,226
1304,218
1304,228
1429,224
1413,230
1413,228
1398,232
1382,234
1242,228
1242,229
1257,220
1226,228
1226,235
1211,233
1211,235
1195,234
1195,235
1195,235
1195,226
1242,215
381,230
384,223
400,180
394,220
391,229
389,226
388,229
388,228
395,227
398,228
400,227
401,227
439,225
443,225
452,224
456,223
458,221
459,220
460,221
469,221
473,223
483,218
488,215
310,90
572,227
572,230
618,228
650,234
618,235
587,227
587,231
603,221
603,211
324,210
324,210
603,214
540,215
525,225
525,230
525,232
525,235
509,233
509,233
509,234
509,234
509,233
509,232
501,234
489,230
509,220
509,217
501,226
497,234
495,233
494,232
494,232
494,236
494,231
494,229
494,234
509,226
525,224
525,224
525,222
525,221
509,223
540,221
540,220
556,213
76,211
556,213
540,226
439,226
435,234
433,235
432,234
432,237
432,236
432,236
432,228
634,231
681,223
712,215
478,218
122,216
696,222
509,221
525,223
106,213
494,210
681,211
665,222
106,215
113,215
634,221
634,220
243,216
250,216
106,216
91,217
106,216
106,215
154,217
556,217
572,224
556,227
556,229
556,229
556,239
556,236
556,236
556,235
540,228
478,222
297,234
290,239
287,238
278,239
274,239
279,239
401,225
587,222
388,226
395,226
413,211
478,214
486,214
490,215
492,215
485,218
481,218
479,221
367,225
432,228
446,227
446,228
439,229
435,227
456,227
467,226
472,220
483,210
743,164
618,211
572,145
572,197
556,212
556,215
540,216
556,211
525,177
525,210
525,211
509,206
509,210
509,212
6354,213
1569,218
1538,223
1522,225
1538,228
1553,220
106,71
5793,119
5918,96
6089,96
6214,100
6370,216
5123,217
4982,213
5123,197
4780,210
5232,217
7336,151
7289,190
7180,190
7164,148
5419,214
5372,221
5356,216
4608,219
4593,219
4577,219
4546,215
61,61
3580,80
3533,48
91,54
91,64
61,58
3050,164
2909,100
2302,225
2239,225
727,225
712,231
712,235
712,236
712,234
712,234
727,229
743,231
759,222
759,227
1522,228
1507,227
1491,223
1304,219
1304,230
1429,230
1413,231
1398,227
1398,232
1382,232
1039,224
1351,227
961,219
1226,231
1226,235
1211,234
1211,235
1195,234
1195,238
1195,236
1195,225
1257,215
373,233
373,234
402,148
395,221
391,227
389,228
395,228
398,228
400,227
401,227
401,226
401,225
409,226
413,227
445,221
446,223
453,222
457,222
467,223
472,222
475,219
484,218
489,213
556,96
509,213
509,217
634,230
650,233
618,232
587,230
587,230
603,223
618,211
310,210
634,168
587,214
587,224
572,227
509,231
509,231
509,232
509,233
509,233
509,234
509,235
509,233
501,234
497,233
495,232
494,235
509,218
501,230
497,234
495,235
494,234
494,236
494,234
494,233
494,232
494,234
494,234
494,235
509,223
525,222
525,223
525,221
541,223
541,221
556,213
190,210
541,214
541,226
541,226
556,222
433,232
432,233
432,235
424,235
428,236
430,225
665,230
696,220
525,217
501,217
728,214
151,219
494,218
525,222
509,215
61,211
665,213
650,220
136,216
121,216
634,220
634,220
634,217
618,225
603,215
76,215
83,216
79,217
270,217
572,219
572,223
556,229
572,229
556,229
556,233
525,234
556,233
556,237
509,225
501,221
284,237
284,237
277,240
273,240
271,239
277,238
280,238
282,238
388,228
388,225
494,213
486,213
490,213
492,214
493,216
493,219
485,220
481,223
479,222
478,223
446,228
446,228
431,229
439,227
450,226
464,227
471,216
482,206
618,145
618,184
478,210
469,215
556,212
556,215
541,215
541,211
525,193
525,211
509,210
509,193
509,210
509,210
509,210
509,211
1538,225
1522,223
1538,226
1569,214
31,64
5793,135
5902,84
31,109
6401,116
6370,216
6198,213
6105,216
5107,155
4780,190
5232,215
7352,180
7289,138
7165,174
7165,193
5435,214
5357,221
5357,214
6229,193
6183,203
4562,218
4546,213
91,67
3720,51
31,51
31,48
3393,51
3081,77
3034,158
2909,71
2754,93
2520,206
727,225
712,232
712,234
712,232
712,237
712,232
727,232
727,232
759,221
759,224
790,223
1772,222
1476,220
1304,219
1304,229
1429,231
1413,231
1398,229
1382,231
1382,230
1055,228
1351,231
1335,233
1335,234
1226,233
1211,235
1195,234
1195,234
1195,236
1195,238
1211,222
388,220
380,232
376,237
374,237
373,237
391,224
389,226
388,226
388,231
395,226
398,229
400,226
401,227
409,224
405,226
411,228
414,228
457,223
459,222
468,220
473,222
483,220
488,218
509,187
61,84
509,218
509,216
447,193
388,168
618,232
587,228
587,229
603,218
618,210
324,211
324,210
587,216
587,225
571,228
571,228
556,229
509,235
509,236
509,234
509,233
509,235
509,233
501,234
497,234
495,234
494,233
493,235
493,234
497,234
495,233
494,234
493,232
493,233
493,231
493,232
493,231
493,233
493,233
493,234
493,232
525,224
540,222
525,220
556,217
91,213
98,212
556,216
540,226
556,225
76,219
83,221
64,220
432,236
432,233
424,232
428,223
665,230
696,220
509,220
493,219
712,215
136,220
136,220
136,217
509,211
76,211
665,211
665,217
106,215
106,216
634,220
649,219
634,218
634,221
618,219
634,217
200,215
221,215
225,217
571,218
556,224
556,227
556,229
556,230
556,232
540,236
556,232
525,230
525,227
509,223
283,231
283,240
276,238
273,240
271,238
270,239
276,239
286,240
291,237
540,222
478,212
485,212
489,214
491,215
492,216
485,218
481,220
479,221
478,222
478,225
478,224
478,224
429,229
437,226
449,227
463,225
470,216
481,168
774,171
618,210
478,187
469,216
457,215
467,177
540,215
540,211
525,203
525,210
525,211
509,210
509,206
509,210
509,211
509,210
501,212
509,212
1553,227
1585,96
46,74
5839,135
5980,116
6151,106
6401,210
6354,214
6151,216
6104,216
6027,216
5964,212
3609,236
36692,20
39124,28
23188,28
64686,27
3265,28
2951,21
56796,20
26075,24
13946,24
14011,24
62376,26
6821,190
6775,148
4764,220
4733,220
4702,220
4671,220
4655,221
4624,220
4593,219
4577,219
4561,219
4561,109
2379,211
2208,212
2644,213
2582,224
2504,224
2442,225
2379,225
2333,224
2270,226
2239,221
727,229
712,230
1678,226
1662,228
1631,228
1616,228
1585,227
1569,227
1538,228
1522,229
1507,229
1491,228
1460,217
1304,224
1288,235
1288,235
1288,228
977,222
961,222
1257,224
1242,233
1257,221
1242,224
1226,235
1210,234
1210,235
373,234
373,234
373,234
380,234
384,233
378,233
383,227
392,212
390,214
389,225
388,225
388,228
416,225
424,223
428,226
430,226
431,224
438,225
442,223
444,225
445,223
453,222
457,223
459,222
355,210
364,168
357,155
525,103
603,215
587,223
571,228
587,229
649,232
634,236
618,231
587,227
556,213
283,210
296,180
289,177
293,206
540,203
525,218
525,228
525,231
509,232
509,234
509,233
493,234
493,235
485,235
489,235
483,237
480,235
486,228
509,216
509,223
485,229
481,236
487,233
492,233
492,234
485,234
509,233
509,236
509,229
509,226
509,224
525,225
525,221
525,220
509,224
587,224
587,223
571,226
587,216
432,219
439,226
435,231
433,235
432,233
432,234
432,233
432,236
136,237
136,232
128,226
124,224
130,221
125,219
696,221
681,219
525,218
525,219
76,212
68,211
618,216
203,215
618,216
257,217
257,215
216,216
226,215
234,215
587,216
257,214
243,216
243,217
509,233
525,230
556,228
525,229
540,234
556,239
556,238
556,237
556,237
556,235
461,224
525,221
556,236
402,230
395,232
391,228
389,231
395,233
413,218
587,219
388,229
388,224
461,210
477,214
478,228
478,231
478,230
469,224
351,227
362,227
382,225
447,228
454,226
443,225
437,228
442,226
572,214
759,214
587,213
556,220
572,222
587,211
556,151
540,187
556,215
556,213
525,213
525,200
525,145
540,203
572,219
572,216
556,210
6120,151
6354,212
1553,220
1538,224
1522,224
1553,224
1678,80
5403,210
5388,180
5419,155
5419,218
5185,213
5123,219
5185,217
4982,212
4780,213
5216,214
5247,213
7336,126
4764,219
4733,220
4717,219
4686,220
4655,220
4624,220
4608,220
4577,219
4562,219
4562,87
3580,64
31,42
2660,214
2582,224
2504,225
2457,225
2380,224
2333,227
2270,224
2239,221
727,227
712,231
712,234
712,233
1631,228
1616,229
1585,226
1569,227
1553,226
1522,228
1507,229
1491,230
1335,218
1304,223
1304,225
1429,231
1289,224
977,221
977,222
1257,225
1242,232
1242,222
1242,222
1226,232
1211,232
1211,235
1211,237
1195,236
380,233
376,234
374,232
381,231
384,226
393,211
390,215
389,227
388,226
395,228
391,227
389,228
428,228
430,225
438,226
442,225
444,224
445,222
446,225
453,224
457,223
467,222
472,222
475,220
373,168
556,132
587,216
587,224
572,230
587,231
650,231
634,233
603,229
587,229
587,229
618,216
297,210
310,142
297,210
540,211
540,218
525,231
509,230
509,233
509,233
509,232
509,232
509,232
486,234
490,236
484,234
481,232
487,227
490,217
492,220
493,232
493,232
493,237
493,231
493,232
493,233
509,233
501,233
509,226
525,226
509,224
509,223
525,223
525,219
525,220
540,220
540,217
587,224
587,219
447,219
439,225
435,233
433,234
432,232
432,234
432,235
432,234
424,232
665,221
132,225
126,224
131,221
133,219
696,223
696,218
525,219
509,218
76,210
91,213
665,218
121,215
212,216
223,217
231,215
237,215
240,218
158,216
603,218
106,216
91,215
106,215
257,215
572,223
525,230
525,230
540,237
540,237
556,237
556,237
556,233
556,235
461,225
297,219
290,239
280,237
388,229
388,228
380,233
391,231
587,222
402,220
395,229
398,220
478,211
486,212
490,212
492,214
473,229
467,224
351,228
362,226
382,227
447,228
462,227
447,226
432,229
446,226
453,227
465,223
572,213
540,220
572,220
572,174
556,151
540,210
540,216
556,215
540,212
525,206
525,210
525,211
572,220
572,215
572,211
6354,210
1585,211
1553,223
1538,221
1522,225
1553,225
46,54
5777,71
5824,129
2005,24
47575,23
27864,23
23768,23
11205,21
54485,19
64724,20
28883,20
16082,82
12996,167
11348,21
37134,82
5434,210
5372,222
5341,219
6245,164
6198,210
6183,193
6899,119
6837,151
6790,180
4780,210
4764,221
4733,221
31,54
3065,129
3019,100
2785,93
2535,161
2457,190
2380,213
2395,215
2380,211
2224,222
2629,221
2551,226
727,232
743,223
759,226
774,222
1772,215
1756,225
1725,226
1694,227
1663,225
1647,225
1616,225
1600,228
1382,232
1039,222
1351,224
1335,233
1335,235
1320,234
1320,233
1304,227
1289,234
1289,234
1289,222
977,221
1257,214
373,231
373,232
373,239
373,237
373,239
373,236
373,235
373,235
373,236
373,233
373,231
397,226
399,226
408,223
412,227
414,228
415,227
416,227
416,226
416,226
424,222
428,226
430,225
509,106
509,211
509,218
525,213
373,180
362,193
367,203
370,193
379,200
376,161
363,135
540,158
618,212
587,220
572,227
572,230
556,229
556,230
556,228
556,217
572,210
556,210
297,187
297,184
509,233
501,236
497,234
495,233
494,232
494,234
494,232
494,235
494,235
494,234
486,235
490,235
494,232
494,234
494,233
494,233
494,232
494,232
494,234
494,233
494,233
494,233
494,234
509,230
540,219
540,229
556,224
46,220
572,221
572,221
572,221
587,222
572,223
587,225
587,223
587,216
525,220
501,216
727,215
136,220
136,220
143,218
139,228
130,236
133,235
127,231
124,226
122,225
634,223
634,218
634,220
618,223
634,219
618,216
618,215
618,216
618,216
618,217
230,217
236,217
556,230
556,232
556,235
540,232
540,231
509,230
509,227
509,231
509,230
525,230
525,228
525,231
272,237
278,241
281,238
289,242
293,225
556,226
556,236
556,237
525,226
388,230
388,231
380,230
490,220
484,223
481,223
479,225
478,223
478,224
478,225
478,227
478,232
478,232
469,231
388,224
743,193
572,155
461,213
454,217
457,211
509,126
587,184
556,215
587,215
587,213
556,217
556,221
525,211
509,210
509,211
501,212
497,210
495,212
494,212
494,213
541,168
556,211
572,221
572,214
6385,213
6354,210
6152,215
6074,215
5996,216
6011,210
5419,212
5076,214
5403,212
5216,210
5419,210
5403,215
5341,219
6245,210
6183,206
6167,161
6931,96
6853,187
6822,190
4780,210
4764,220
4718,220
4702,219
4671,220
2988,113
2878,84
2520,119
2489,193
2380,212
2395,213
2380,210
2224,219
2629,220
2567,225
2504,225
2426,225
759,225
774,225
806,215
1756,225
1725,226
1710,226
1678,226
1647,227
1632,227
1616,226
1585,227
1569,228
1055,218
1351,232
1335,233
1320,234
1320,236
1258,228
1289,234
1289,234
1289,224
977,221
961,219
1258,226
373,233
373,234
373,238
373,236
373,235
373,235
373,236
373,232
373,232
380,234
384,231
386,230
409,223
406,227
411,226
414,227
415,226
416,225
416,226
424,226
428,225
430,226
438,224
442,226
509,215
525,215
373,210
373,193
362,210
356,203
364,193
368,145
370,171
556,171
587,216
572,223
572,228
572,228
572,230
572,229
556,225
556,218
556,212
311,210
297,187
304,187
294,197
541,212
495,235
494,237
494,234
486,235
490,234
492,233
493,236
493,234
485,234
489,235
483,235
488,231
494,232
494,231
494,233
494,232
494,233
494,234
494,234
494,232
509,232
509,232
509,235
509,228
556,223
76,221
76,219
572,222
572,220
572,222
587,224
587,224
603,224
447,217
447,223
447,229
151,220
151,222
143,217
147,221
141,231
138,240
137,234
129,228
132,225
126,227
131,220
133,217
634,219
618,222
603,218
618,217
618,216
618,216
257,216
243,216
250,216
253,217
618,216
257,215
525,233
525,230
525,231
525,226
509,229
509,231
525,227
525,229
525,227
525,234
540,237
556,237
282,238
289,236
299,220
556,230
556,237
556,237
417,223
402,233
395,230
391,231
389,232
403,223
478,223
478,222
478,224
478,225
478,226
478,228
469,229
473,231
467,229
373,224
362,226
375,225
461,214
461,216
469,210
473,106
572,210
572,214
587,214
587,212
556,218
556,220
572,214
572,174
509,213
501,210
509,213
501,212
497,212
495,211
525,193
572,212
572,225
572,216
572,164
6338,210
6136,214
6073,215
5996,215
5466,210
5419,212
5060,212
5388,214
5232,211
5434,212
5403,214
5138,217
5123,217
6229,210
6151,145
6868,129
6853,164
6806,187
4780,213
4749,220
4733,220
4702,219
4655,219
4640,218
4608,219
13205,149
11348,25
63246,94
2504,200
2457,164
2395,214
2395,213
2380,211
2208,220
2629,223
2551,224
2473,226
2255,226
727,224
727,231
712,234
712,233
712,234
712,234
727,232
727,232
759,221
759,228
774,223
1491,230
1491,223
1304,218
1304,228
1429,228
1413,233
1413,229
1398,232
1382,234
1039,229
1351,229
1335,234
1226,231
1226,234
1211,234
1211,235
1195,234
1195,237
1195,236
1211,223
1257,214
373,232
373,233
373,240
398,221
393,225
390,227
389,226
395,228
398,226
407,227
404,225
403,225
402,226
402,227
409,227
453,223
457,222
459,223
468,223
473,222
475,222
476,219
485,215
310,80
509,213
509,218
525,211
650,233
618,232
587,227
587,230
603,224
618,212
324,210
324,203
603,214
587,220
572,226
572,228
525,232
509,234
509,233
509,233
509,233
509,232
509,233
501,231
497,232
509,234
501,231
497,230
501,228
497,235
495,234
494,233
486,234
490,235
492,233
493,232
493,230
485,232
489,233
491,233
525,223
525,223
525,221
525,221
525,220
76,215
76,212
68,213
540,224
540,227
540,221
46,220
433,234
432,236
432,236
432,235
424,231
649,229
681,226
509,214
493,218
485,213
136,219
143,220
525,220
525,215
106,211
128,211
649,219
121,214
106,217
618,220
649,220
634,219
634,220
618,220
245,216
230,215
230,214
250,217
603,216
571,222
556,227
556,230
556,231
556,231
556,233
571,233
556,237
525,229
501,222
297,230
290,236
286,237
278,237
274,241
278,241
280,238
281,239
289,241
388,232
402,214
493,212
493,213
493,213
493,217
493,216
493,219
485,222
481,221
479,224
478,225
446,226
431,229
431,227
454,227
466,227
472,218
475,211
649,135
618,210
461,171
461,211
453,218
556,217
556,215
540,211
525,206
525,211
525,212
509,212
509,174
525,210
509,211
509,211
509,212
1522,222
1538,228
1553,213
31,58
5824,168
5964,113
121,103
6401,113
6369,215
6182,213
6120,216
6042,215
3599,125
24660,20
32676,20
43223,28
26973,28
3240,28
3252,28
2990,21
64729,20
60637,20
21973,24
14034,24
6884,180
6837,164
6790,203
4764,218
4748,220
4717,221
4686,218
4671,218
4639,220
4608,219
4593,218
4561,218
2395,214
2395,213
2379,210
2224,218
2613,223
2535,224
2473,225
2395,226
2333,224
2286,227
2239,224
727,228
1709,226
1694,226
1662,228
1631,226
1616,227
1600,226
1569,226
1553,227
1538,228
1507,230
1491,231
1491,220
1304,229
1304,235
1288,235
1288,227
977,222
977,222
1273,221
1242,231
1257,224
961,217
1226,233
1226,235
373,236
373,235
373,235
373,234
373,233
380,234
384,233
386,228
387,215
387,210
387,223
387,225
416,225
424,225
428,225
430,228
431,225
431,225
438,223
442,224
444,224
445,224
453,223
457,222
362,190
367,180
359,180
366,161
369,155
571,203
603,218
571,226
571,231
603,226
649,233
618,232
556,225
556,216
297,212
317,187
587,158
297,168
297,206
540,213
525,224
525,229
525,232
509,233
493,236
493,235
493,235
493,234
493,233
493,235
485,234
481,232
487,219
509,216
501,225
497,234
493,234
493,232
493,233
493,232
493,234
509,232
509,231
509,225
525,225
525,224
525,224
525,221
587,221
571,221
587,221
587,224
587,223
432,217
432,221
432,223
432,232
432,232
432,235
432,234
137,232
136,236
136,232
136,230
136,225
128,225
124,220
122,219
696,223
696,215
509,221
509,216
618,218
618,215
618,214
324,214
257,217
243,217
243,215
236,217
241,216
228,216
167,215
121,215
509,229
509,229
509,231
525,229
540,228
525,235
540,237
556,238
556,237
556,237
556,233
556,231
556,238
556,236
556,222
388,231
388,229
380,232
384,232
400,227
587,223
388,225
388,230
410,214
478,225
478,228
478,229
478,232
469,229
417,222
351,229
402,225
417,227
439,226
442,227
437,227
571,211
571,213
587,213
587,213
556,220
571,221
571,214
556,187
525,145
556,212
540,214
556,215
494,214
509,197
525,210
571,217
556,218
571,213
6104,93
6354,214
1553,220
1538,221
1522,226
1553,226
5060,187
5419,151
5372,210
5232,168
5419,215
5185,213
5123,218
5154,216
4982,213
4764,210
5200,212
5247,215
6821,171
4764,221
4748,220
4717,219
4686,219
4655,220
4624,220
4608,219
4593,219
4561,219
4546,200
3580,67
2239,206
2224,217
2582,223
2520,225
2457,225
2395,227
2333,227
2270,226
2239,224
727,227
712,231
712,233
1662,227
1631,226
1616,228
1585,226
1569,227
1553,228
1538,227
1507,227
1491,228
1491,218
1304,219
1304,230
1288,235
1273,230
961,221
977,220
1273,223
1242,233
1257,223
1242,220
1226,231
1226,235
1210,234
1210,236
373,235
373,232
373,233
373,234
380,231
384,229
386,217
394,168
391,224
389,226
388,227
388,226
416,226
424,225
428,226
430,226
438,225
442,223
444,224
445,225
453,223
457,221
459,221
460,221
368,187
378,158
364,145
556,180
603,217
571,227
571,231
603,227
649,233
618,235
587,230
587,231
310,211
571,210
297,184
303,190
293,151
540,212
525,220
525,229
509,232
525,233
509,235
509,234
493,234
493,236
493,235
493,234
493,233
485,233
509,221
525,216
509,223
501,234
497,233
495,234
509,231
493,234
493,232
509,232
509,235
509,228
509,224
525,225
509,222
525,221
525,220
525,220
587,223
587,219
587,220
618,217
446,222
446,225
446,230
439,233
435,234
433,237
432,233
432,234
136,234
128,228
124,224
122,222
121,219
121,219
696,223
525,217
509,219
509,216
61,211
83,211
176,214
209,216
212,216
223,218
231,216
223,218
233,216
238,217
242,215
242,215
215,216
160,216
509,228
525,229
540,228
525,233
540,238
556,237
556,234
556,234
556,236
525,228
509,224
297,234
417,225
402,232
395,228
384,230
386,231
401,226
556,222
388,227
388,229
410,211
509,211
501,214
469,229
473,231
459,228
373,226
362,227
367,224
446,227
462,228
454,227
435,227
433,227
455,226
759,213
572,213
556,222
572,220
587,213
556,145
556,184
556,212
540,215
556,215
540,212
525,190
4652,14
19107,28
53762,60
55554,60
55554,44
54274,201
28951,210
54808,17
56070,2
57094,242
57861,17
57862,17
5824,177
5964,100
6073,119
6385,168
6354,217
6183,214
6105,215
6042,216
5996,212
5434,211
5060,177
5403,145
7180,190
7164,184
5388,219
5356,221
5341,210
6214,190
6183,190
6167,77
6853,190
6822,180
6775,203
4764,219
3377,67
61,64
53,84
3019,129
2909,100
2800,132
2535,180
2426,190
2395,214
2411,211
2224,210
2224,215
712,232
727,232
743,228
759,220
759,225
805,220
1756,223
1741,228
1709,225
1694,226
1663,226
1631,226
1382,228
1382,232
1382,229
1039,229
1351,230
1335,233
1335,235
1320,235
1304,228
1289,234
1289,233
1273,228
1195,237
1226,219
388,220
380,232
376,234
374,236
373,234
373,236
373,234
373,236
373,235
373,235
401,227
401,227
401,225
401,227
401,226
409,224
413,225
415,225
416,228
424,225
428,226
430,227
484,215
489,210
525,119
509,216
509,216
509,210
373,151
373,180
373,206
355,180
364,184
368,126
324,210
317,211
603,216
587,222
572,229
572,228
556,229
556,226
556,222
556,215
572,210
284,164
501,233
509,234
509,235
501,237
497,238
495,234
494,235
494,235
494,233
494,234
494,236
486,232
493,232
493,235
493,232
493,234
493,233
493,231
493,230
493,231
493,231
493,233
493,235
485,232
46,211
556,214
541,227
556,226
556,222
76,219
556,221
572,220
572,224
587,221
587,222
587,225
696,221
525,223
501,216
190,215
163,220
157,219
146,219
148,223
142,235
139,235
130,232
125,225
106,216
650,219
618,219
634,221
618,223
618,221
634,217
618,217
618,214
257,215
243,219
250,216
572,230
556,231
556,230
556,236
525,231
541,233
525,228
509,228
509,230
509,232
525,228
541,228
273,240
271,237
277,239
280,239
282,239
289,229
556,226
556,237
556,236
556,234
403,230
403,231
481,220
479,221
478,220
478,221
478,223
478,223
478,226
478,225
478,228
478,229
469,231
465,231
488,135
681,180
618,171
461,200
454,216
450,213
464,158
525,126
556,214
587,213
587,213
572,214
525,211
509,210
509,212
509,212
509,211
509,212
501,213
497,212
495,214
525,174
556,155
572,223
6152,119
6385,213
6354,213
6136,215
6074,217
6011,217
5980,211
5419,213
5061,213
5403,212
5201,197
5419,203
5372,221
5357,218
6245,203
6214,210
6167,177
6900,119
6853,168
6822,193
4780,210
4749,219
4733,219
4702,220
3081,100
3034,113
2769,90
2520,135
2504,168
2395,213
2395,212
2380,211
2224,220
2629,219
2551,225
2489,223
743,223
759,225
774,223
1772,214
1756,225
1725,227
1694,227
1663,227
1647,226
1632,227
1600,225
1585,228
1039,223
1351,224
1351,234
1335,235
1320,236
1304,232
1304,227
1289,235
1289,232
1289,219
977,222
977,220
373,229
373,235
373,236
373,238
373,234
373,237
373,234
373,236
373,236
373,235
380,231
384,230
401,225
401,224
409,224
413,227
415,228
416,227
416,226
416,227
424,226
428,223
430,226
431,226
509,193
509,217
525,214
373,200
373,184
373,197
373,206
373,197
373,177
380,158
556,180
587,216
587,221
572,227
572,228
572,229
556,231
556,228
556,221
572,213
572,210
324,168
310,187
303,200
494,235
494,234
494,235
494,232
494,237
494,235
494,235
494,235
494,232
494,232
486,234
490,233
494,235
494,232
494,233
494,234
494,232
494,233
494,232
494,233
494,234
494,231
509,232
509,234
540,227
556,224
556,219
572,220
572,222
572,220
587,223
587,224
587,227
587,224
603,218
447,219
501,217
727,214
176,221
148,218
149,217
142,228
139,235
137,233
129,231
125,227
130,224
133,222
618,220
618,220
618,222
618,221
634,219
618,217
618,216
603,215
257,216
243,216
223,215
233,216
556,232
556,232
556,231
556,232
525,229
509,227
509,229
509,233
525,229
556,226
525,231
540,238
277,240
280,238
282,240
289,222
556,227
556,236
556,238
556,223
388,230
388,227
380,228
384,231
479,223
478,222
478,223
478,223
478,226
478,228
478,228
478,230
478,228
469,230
402,222
351,230
525,148
461,212
461,217
461,210
469,151
556,161
556,215
572,213
587,212
556,218
556,220
572,218
509,211
509,211
509,210
493,212
493,213
493,213
493,212
540,190
556,211
572,222
572,213
572,180
6354,212
6151,216
6073,216
5996,215
5466,210
5403,213
5060,213
5403,211
5232,203
5419,206
5419,216
5169,217
6276,180
6214,206
6183,155
6868,103
6837,168
6790,210
4780,211
4749,219
4733,220
4702,219
4671,219
4640,219
2816,126
2520,171
2504,171
2395,212
2395,213
2395,211
2224,220
2629,221
2551,224
2489,224
2426,225
2364,225
774,224
1772,214
1756,223
1725,226
1694,226
1663,227
1647,226
1616,228
1600,230
1585,227
1553,228
1538,228
1351,233
1335,233
1320,235
1320,233
1304,229
1289,235
1289,233
1289,221
961,222
977,219
1242,230
1242,227
373,235
373,235
373,237
373,234
373,234
373,237
373,232
380,231
376,235
382,234
385,229
386,223
409,227
413,226
415,225
416,225
416,226
416,227
424,228
428,227
430,227
431,225
439,227
443,227
509,213
373,193
373,177
373,206
348,200
360,145
355,142
364,168
572,164
603,218
572,222
572,231
572,229
572,228
556,228
556,225
556,217
310,211
571,210
310,197
296,168
289,171
556,212
540,222
495,234
494,232
493,235
493,233
493,236
493,235
493,235
493,234
493,234
485,235
489,232
491,221
492,231
492,235
492,233
492,233
492,232
492,234
492,234
492,233
509,233
509,234
509,226
509,227
46,220
53,221
571,219
571,223
571,223
587,222
587,223
587,218
446,218
439,222
442,231
437,233
143,222
139,218
137,223
144,231
140,236
130,237
133,230
127,225
124,226
130,220
118,218
681,223
618,222
634,218
618,215
634,214
618,216
243,216
256,217
256,217
256,217
243,215
243,215
250,215
540,234
525,229
509,226
509,231
509,233
509,231
525,230
525,227
540,233
556,238
556,240
556,237
289,237
509,219
556,229
556,236
556,236
402,226
402,231
395,228
384,230
386,231
401,224
587,221
478,226
478,224
478,226
478,228
478,227
478,229
478,228
469,228
373,224
362,226
375,227
432,226
461,215
469,210
587,113
556,210
556,214
758,213
571,212
556,219
556,220
571,214
556,184
556,200
501,210
509,212
501,213
497,213
495,211
525,168
556,212
571,222
571,213
556,129
6338,211
1569,218
6073,216
5995,215
5465,210
5403,213
5076,211
5403,213
5232,211
5419,211
5419,213
5154,217
5107,218
5185,212
24788,20
40665,20
39047,28
23230,28
64660,27
15045,21
64723,20
56798,20
21978,24
9902,24
33733,87
13799,8
4577,219
4546,218
31,71
3595,67
3533,48
46,77
3392,90
189,54
3050,129
3050,126
2831,106
2566,135
2488,226
2426,226
2364,226
2301,225
2239,225
25255,239
25397,84
5676,14
25334,215
56578,200
58882,200
59138,200
1756,225
1725,225
1694,224
1678,226
1647,227
1631,226
1600,226
1585,227
1569,226
1538,228
1522,229
1507,228
1320,233
1320,232
1304,228
1289,235
1273,233
1289,222
977,222
961,218
1257,229
1242,229
961,220
1226,226
373,238
373,233
373,235
373,234
373,233
380,234
376,234
382,234
385,230
386,221
401,158
394,218
416,226
416,227
416,224
424,226
428,223
430,225
431,227
439,223
443,226
445,226
446,222
446,224
362,171
356,210
364,171
368,174
370,151
371,122
556,206
603,216
572,226
572,228
587,230
650,231
556,230
556,222
556,216
556,211
572,174
310,193
297,164
317,193
556,212
525,223
525,233
525,231
494,233
494,236
494,235
494,234
494,234
494,236
494,233
486,233
482,230
488,222
509,217
501,225
493,232
493,232
493,231
493,235
485,232
509,236
509,234
509,232
509,227
525,226
525,224
525,223
587,221
587,222
587,222
572,223
587,223
587,219
447,219
447,224
439,229
435,233
433,235
432,234
136,222
136,233
136,237
136,233
128,227
132,224
126,223
123,218
696,218
696,222
509,221
525,221
618,217
618,217
257,216
243,216
243,218
250,218
253,217
216,217
223,216
206,215
257,215
76,216
509,228
509,230
509,229
509,228
525,230
525,228
525,234
540,240
556,239
556,233
556,235
556,236
556,231
572,236
540,235
402,226
395,229
391,226
389,232
388,230
402,223
572,221
388,225
388,228
478,223
478,229
478,229
469,229
465,230
471,229
373,223
362,227
382,225
432,226
446,228
453,227
16,90
556,211
556,215
587,216
587,213
556,221
556,221
572,214
556,161
556,158
556,211
556,214
497,212
495,212
494,212
525,210
572,211
572,223
572,214
572,148
6338,213
1553,217
1553,223
1522,224
5419,210
5419,213
5076,213
5388,213
5232,212
5434,212
5403,214
5154,218
5107,218
5201,212
5123,187
4780,212
31134,28
11166,28
64641,27
11205,21
64722,20
56798,20
26074,24
14008,24
10161,24
5051,27
9312,88
13899,232
106,58
3580,103
121,64
76,45
91,61
68,74
3081,96
3034,122
2816,74
2567,142
2520,210
2395,212
712,232
712,233
712,233
712,236
727,233
727,233
743,223
759,224
774,225
821,216
1756,226
1725,226
1304,228
1304,221
1413,231
1413,231
1398,231
1382,232
1382,219
1055,218
1351,234
1335,235
1320,235
1320,235
1211,235
1195,236
1195,235
1195,236
1195,232
1226,216
388,226
380,233
376,237
374,241
373,234
373,238
395,226
391,228
396,225
399,226
408,229
405,226
403,224
410,225
413,229
415,225
416,225
416,226
468,223
473,221
475,222
484,220
489,217
297,87
509,212
509,218
525,214
373,197
373,187
373,193
587,228
587,224
618,212
337,193
330,211
603,213
587,221
587,226
572,226
572,229
556,227
556,224
509,233
509,234
509,233
509,236
501,233
497,235
495,234
494,233
494,233
494,235
494,235
494,235
494,232
494,235
494,230
494,232
494,233
494,235
494,230
494,232
494,232
494,233
494,230
494,232
540,223
525,218
540,213
46,211
556,214
540,226
556,226
76,219
572,220
572,221
556,218
587,220
431,236
431,225
665,232
696,219
525,221
501,218
727,213
151,219
143,220
147,215
141,226
138,232
665,214
650,219
106,217
665,215
634,222
634,219
634,219
618,219
618,220
618,219
618,217
634,218
257,218
572,220
556,223
556,229
556,231
556,232
556,230
556,232
556,234
525,231
525,226
509,231
58882,28
58114,13
58626,13
59650,28
60418,44
60930,44
59906,44
59650,44
60418,13
58370,245
57345,189
37423,54
556,236
402,224
395,232
398,227
393,232
397,232
407,224
572,223
388,228
388,229
402,213
494,212
478,229
469,229
473,231
467,230
388,220
369,230
371,224
432,227
446,229
446,227
431,230
431,226
556,215
572,213
743,213
556,217
556,219
572,217
556,164
556,164
556,211
556,215
556,215
540,214
494,211
540,197
572,211
572,223
572,213
588,142
6339,212
1554,216
1538,223
1523,223
1538,226
1570,217
5932,14
20896,212
54291,12
54805,112
53780,43
54037,43
54293,19
55572,244
55571,119
54547,244
50451,172
54290,112
7290,187
7181,155
7165,203
5419,212
5373,220
5357,216
6230,203
6199,200
6167,145
6884,145
6838,197
6791,164
76,64
91,48
3362,77
3159,45
3066,151
2972,93
2785,109
2536,180
2442,158
2396,214
2380,214
2380,211
712,235
712,233
728,234
728,231
743,222
759,228
775,222
1772,216
1741,223
1725,226
1694,225
1663,225
1414,231
1398,229
1398,232
1383,234
1040,225
1351,225
1336,233
1336,234
1320,234
1305,232
1305,229
1289,235
1195,236
1195,236
1195,226
1242,214
373,234
373,235
373,235
373,237
373,237
373,234
373,235
373,235
36730,1
37346,1
37603,1
37600,1
37603,1
37602,1
39650,1
40675,1
41186,1
41441,1
41443,1
41443,1
424,224
428,228
430,227
438,223
442,224
444,226
445,223
453,223
457,221
459,224
469,221
474,222
370,164
379,126
572,211
603,219
572,227
572,233
619,227
634,233
619,234
588,228
588,229
603,220
297,210
297,180
304,180
556,168
556,214
525,227
510,233
525,231
510,232
510,232
510,233
510,235
492,235
493,234
493,233
493,235
493,229
510,219
510,219
502,229
498,233
496,233
495,232
494,232
494,233
510,230
502,231
510,233
510,228
510,224
510,223
525,225
525,224
525,222
525,222
541,219
572,226
603,219
447,219
447,223
447,228
439,235
435,235
433,230
432,236
432,233
432,235
432,223
131,227
126,226
124,223
130,221
712,217
681,225
510,221
525,220
525,211
76,211
91,212
650,218
217,216
217,218
230,218
237,215
240,216
255,216
603,215
588,216
244,215
250,215
260,216
556,217
525,228
525,228
525,233
556,240
556,238
556,236
556,234
556,236
525,225
525,220
284,233
284,238
395,231
391,227
382,232
385,233
401,221
556,220
388,227
388,228
494,214
494,212
494,213
494,215
473,232
475,228
373,224
373,230
395,228
447,230
454,228
450,226
433,227
440,228
459,227
468,225
603,212
556,218
572,221
556,214
572,164
556,200
556,212
556,215
541,215
556,212
541,210
525,190
572,215
572,223
556,212
6089,122
6354,212
1554,220
1554,224
1522,225
1538,226
1585,212
76,64
5777,142
5232,190
5435,215
5185,211
5123,218
5154,219
4983,214
4780,180
5216,211
5232,214
7367,145
7274,135
7165,190
4718,220
4686,221
4655,220
4624,219
4609,220
4593,219
4562,218
4546,168
3595,74
46,61
3517,71
3362,48
23506,9
23511,9
41172,8
45267,8
5848,10
62431,96
14105,71
11348,29
16142,97
2520,225
2458,226
2380,225
728,232
728,229
759,222
759,227
806,219
1772,225
1741,225
1710,228
1678,227
1663,227
1632,227
1616,227
1382,231
1382,227
1039,227
1351,230
1335,233
1335,232
1320,235
1289,226
1289,233
1273,234
1289,227
977,220
1226,221
388,221
380,232
376,236
374,237
362,235
367,237
370,234
371,234
372,232
372,232
380,232
402,226
402,227
402,226
409,225
413,227
415,228
416,229
416,226
416,228
416,224
424,226
428,226
489,211
509,106
509,216
509,216
525,200
373,197
373,184
373,174
373,174
373,151
373,171
373,106
320,211
587,219
587,225
572,226
572,228
556,227
556,228
556,221
572,216
310,210
303,168
293,171
509,234
501,231
497,236
495,235
494,232
494,233
494,234
494,232
486,234
490,234
492,235
485,235
493,232
485,232
489,234
491,233
492,232
492,233
492,234
492,232
492,233
492,233
492,232
492,235
540,214
540,229
540,229
556,220
61,219
571,222
571,223
587,221
571,223
587,223
587,223
603,218
525,219
501,217
727,215
151,220
143,221
132,217
141,226
138,231
129,236
125,234
123,226
129,223
634,221
634,220
634,221
618,220
618,220
618,218
603,216
603,217
603,214
257,215
618,215
243,215
556,230
556,231
556,233
540,233
540,231
525,229
509,224
509,230
509,231
525,230
525,229
525,227
270,239
276,238
279,240
281,238
289,235
556,220
556,234
556,237
556,235
402,227
402,231
387,229
483,220
480,220
479,222
478,224
478,222
478,223
478,226
478,228
478,230
478,228
469,232
465,228
743,180
618,211
478,151
469,215
465,214
479,177
478,116
556,213
556,214
743,214
587,212
556,222
509,210
509,211
509,212
509,210
501,213
497,211
495,212
486,214
525,151
540,203
571,218
571,218
6432,171
6354,215
6167,215
6089,216
6011,216
5980,213
5419,212
5076,211
5403,203
5372,210
5434,168
5419,218
5356,221
5356,122
6214,187
6182,193
6245,90
6853,168
6821,177
6806,138
4764,220
4733,220
4702,220
4686,220
3034,138
2847,90
2738,96
2488,211
2411,210
2395,215
2395,212
2208,214
2644,214
2582,226
2520,224
2442,224
758,224
758,225
805,218
1756,226
1740,226
1709,225
1678,226
1662,227
1631,226
1600,226
1585,227
1569,227
1039,221
1351,232
1335,233
1320,235
1304,235
1288,226
1288,236
1288,235
1273,227
977,223
977,221
1257,223
373,234
373,235
373,239
373,235
373,235
373,236
373,234
373,236
373,235
373,233
380,231
384,232
409,226
413,227
415,225
416,225
416,227
416,226
416,227
424,226
428,227
430,227
431,225
438,225
509,215
509,216
540,210
351,190
362,168
367,206
359,168
366,174
358,145
417,103
587,215
587,221
587,225
571,229
571,227
556,228
556,227
556,221
571,214
571,210
373,151
297,177
303,187
306,193
495,236
494,234
493,233
493,235
493,236
493,234
493,234
493,234
493,235
485,236
489,235
483,232
493,231
493,233
493,233
493,233
493,232
493,230
493,231
493,236
493,231
509,231
509,233
509,230
556,227
571,225
106,222
91,220
571,223
571,223
587,224
587,223
587,222
603,217
446,222
446,224
189,215
162,220
156,218
153,218
144,227
140,233
138,236
137,233
136,226
128,224
124,221
130,219
634,220
618,220
618,221
618,219
618,216
243,216
250,215
253,219
255,218
243,217
243,217
243,216
556,231
540,232
525,232
525,228
509,227
509,230
509,230
525,228
525,230
525,233
540,239
540,240
280,239
281,240
289,229
556,224
556,234
556,237
556,227
388,229
395,230
384,229
386,235
394,229
478,223
478,224
478,225
478,225
478,225
478,231
478,228
478,231
469,232
402,224
351,226
369,226
461,211
453,215
457,211
459,129
571,193
556,213
571,212
587,214
571,218
556,222
587,218
556,187
501,210
509,211
501,212
497,211
495,212
494,215
587,164
540,210
571,223
571,214
587,190
6104,168
9847,24
57700,24
49876,24
48340,79
14292,7
11348,17
2062,80
6151,214
6073,216
6011,214
5964,212
5434,213
5169,216
5091,211
4780,213
5216,213
5263,161
7320,151
7258,164
7164,184
7180,151
5387,221
5341,218
6245,126
4608,218
4577,217
4546,218
46,48
3595,96
61,80
3471,61
3408,74
31,51
3065,93
3034,132
2816,77
2255,226
2239,218
712,229
712,233
712,235
712,233
712,232
712,235
727,232
743,223
759,224
774,224
1507,227
1491,229
1335,219
1304,229
1429,218
1413,231
1413,232
1398,230
1382,231
1382,217
1351,219
1351,232
1226,227
1226,236
1211,235
1211,233
1195,235
1195,236
1195,236
1195,235
1242,216
373,227
373,234
373,237
386,216
387,226
387,224
394,226
391,228
396,228
399,228
400,226
401,225
409,226
405,225
411,227
453,224
457,222
459,220
460,220
469,221
473,222
483,220
488,218
509,168
509,187
509,217
509,214
650,233
634,232
618,231
587,230
587,227
618,216
324,200
324,210
603,210
587,220
587,225
572,228
525,233
525,232
509,232
509,234
509,233
509,234
509,234
509,233
501,234
497,236
487,234
490,235
509,222
501,228
497,235
495,234
494,231
494,233
494,233
494,235
494,233
494,233
494,235
494,233
525,225
525,223
525,223
525,222
525,220
540,217
46,211
53,211
540,219
540,226
556,224
556,221
434,235
433,234
432,235
432,234
432,236
439,220
681,232
712,215
525,222
461,217
727,215
136,220
509,221
525,220
76,212
83,212
650,213
650,217
76,216
91,219
634,221
634,217
634,219
618,222
216,216
226,217
151,215
190,217
203,215
556,219
556,223
556,229
556,231
556,233
556,232
556,233
556,236
556,234
447,224
540,219
284,240
284,239
277,241
273,241
271,238
277,238
280,240
282,238
395,229
398,221
494,212
494,213
494,214
494,216
494,217
486,219
490,220
484,219
481,223
479,225
446,228
439,229
428,229
478,228
478,227
478,223
486,213
525,145
712,203
618,206
461,210
461,215
540,214
540,216
540,213
525,211
525,210
525,212
525,211
509,211
501,210
509,210
509,210
509,211
1538,223
1522,226
1553,224
46,71
53,77
5840,129
61,100
6214,100
6385,214
6354,213
6151,215
6073,215
3607,92
44116,18
24789,20
40921,20
35278,28
27307,28
3240,28
11205,21
64673,20
56797,20
26075,24
18104,24
6899,58
6868,164
6822,200
4780,168
4749,220
4733,220
4702,220
4671,220
4655,218
4608,220
4608,219
4577,219
55885,11
4251,11
55392,9
59271,9
19886,95
14403,249
11348,23
39182,95
2395,212
2395,213
2380,211
2224,218
727,229
712,234
712,233
712,236
712,233
727,230
727,233
743,226
759,223
774,223
821,213
1756,226
1335,219
1304,226
1413,219
1429,229
1413,231
1398,232
1382,233
1039,220
1351,222
1351,232
1335,235
1320,234
1211,234
1211,237
1195,235
1195,234
1195,238
1195,230
1226,217
373,231
373,232
373,238
373,240
373,237
388,226
395,226
391,227
396,226
399,225
400,228
401,223
401,227
401,225
401,225
409,227
413,228
457,222
467,220
472,223
475,221
484,220
489,217
491,119
492,197
509,216
525,214
373,187
380,187
587,230
587,227
587,228
618,216
324,187
324,200
317,212
587,220
587,225
572,226
572,227
556,231
509,232
509,237
509,233
509,233
501,232
497,233
495,234
494,235
494,233
494,236
494,234
494,235
495,236
494,233
494,235
494,233
494,234
494,232
494,231
494,231
494,232
494,232
494,233
494,232
525,224
525,221
525,220
540,217
76,213
61,212
540,218
540,229
556,224
572,220
46,220
572,221
426,232
429,233
430,232
650,221
665,234
696,215
525,221
501,217
712,216
121,220
128,220
139,217
106,212
91,210
650,216
634,215
136,217
634,217
634,222
618,220
618,221
618,220
634,222
634,218
111,214
177,215
203,214
572,221
572,225
556,230
556,231
556,233
556,234
525,233
541,234
525,228
461,224
297,224
290,237
287,239
278,240
274,239
272,239
278,241
281,238
282,241
296,226
556,223
60930,13
58114,132
59393,139
58625,128
58625,130
59649,145
58881,75
57346,147
57857,139
58881,135
55297,190
35382,56
478,225
478,227
478,229
469,231
473,231
460,224
351,230
362,227
432,226
439,227
450,228
433,229
587,135
572,214
572,214
587,214
556,218
556,220
572,217
572,190
541,145
556,211
556,215
556,216
495,213
494,212
541,206
556,212
572,222
556,212
572,126
6354,213
1554,218
1554,223
1522,223
1538,227
14039,24
59604,23
39639,23
23769,23
19160,21
3505,81
14493,69
11348,26
24590,81
5435,211
5061,197
5372,212
3610,16
43093,28
31098,28
7316,28
64932,27
7118,21
64726,20
56797,20
21974,24
14027,24
6075,24
58494,26
6791,171
4780,217
4749,220
4718,219
4686,220
4655,220
4624,220
4609,219
4593,218
4562,218
4546,212
91,35
35531,9
23493,9
23511,9
63701,95
14503,44
11348,26
18190,96
2380,180
2224,217
2598,225
2520,225
2458,225
696,232
712,236
712,235
728,232
728,230
759,221
759,225
790,221
1772,221
1741,227
1710,225
1694,226
1429,229
1413,229
1398,227
1382,232
1382,234
1039,228
1351,228
1335,232
1335,234
1320,234
1304,228
1289,231
1195,236
1195,237
1195,235
1211,222
388,218
380,231
376,235
374,237
373,238
373,235
373,238
373,234
395,227
399,226
401,226
402,225
402,226
402,227
409,227
413,228
415,226
416,226
416,228
416,226
473,222
475,221
484,221
489,213
31,74
509,213
525,219
525,211
373,210
373,174
373,174
355,210
603,226
618,211
324,193
324,210
603,212
587,221
572,226
572,228
572,227
556,228
556,225
572,218
509,234
509,233
509,235
501,235
497,234
495,234
494,233
494,233
494,235
494,234
494,235
486,236
488,231
491,234
492,231
493,231
493,233
493,233
493,231
493,235
493,233
493,231
493,233
493,233
525,221
541,218
106,213
113,211
541,220
541,229
556,226
556,218
61,219
572,219
556,225
572,220
431,235
618,221
665,233
712,217
525,220
501,216
728,218
136,220
136,219
143,217
139,228
137,233
665,218
650,217
91,217
106,216
634,224
634,219
634,218
618,222
618,219
618,216
634,215
618,215
179,214
572,220
556,226
556,227
556,233
556,233
556,232
525,234
541,232
525,228
509,225
509,228
290,239
287,239
278,240
274,241
272,238
271,240
277,238
287,240
292,226
556,229
556,237
556,238
490,214
492,215
493,218
485,220
481,222
479,221
478,223
478,224
478,223
478,224
478,226
478,228
470,226
474,222
476,210
485,106
603,210
587,126
461,210
461,215
461,211
477,126
509,180
556,215
525,187
525,210
509,212
525,210
509,210
509,210
509,211
509,212
501,213
497,211
495,214
509,211
5855,135
5902,116
6074,122
6401,116
6385,216
6198,214
6120,215
6042,218
5980,214
5466,203
5435,190
5076,200
7180,168
7164,193
5388,217
5356,222
5341,212
6229,210
6198,193
6183,100
6884,174
6837,184
6790,210
4780,218
87,64
81,67
3112,71
3034,138
2987,74
2785,109
2504,200
2411,197
2395,213
2395,212
2380,177
2208,219
712,233
727,231
743,228
759,221
759,228
790,221
1772,223
1741,227
1709,224
1694,228
1663,226
1631,227
1413,229
1382,231
1382,231
1055,228
1351,232
1335,235
1335,234
1320,235
1320,229
1304,231
1289,234
1289,231
1195,236
1195,224
1257,214
373,232
373,236
373,237
373,236
373,235
373,235
373,234
373,240
373,235
408,225
405,224
403,226
402,224
409,224
413,227
415,226
416,226
416,227
424,225
420,227
426,225
476,220
485,218
489,103
509,211
509,216
509,214
373,210
362,177
356,206
364,187
357,180
365,190
324,210
330,210
603,212
587,221
587,224
572,230
572,226
556,228
556,228
556,220
572,212
310,210
509,233
509,233
501,233
497,235
495,234
494,232
494,234
494,236
494,235
494,234
494,237
494,235
493,232
493,232
493,230
493,231
493,230
493,231
493,235
493,232
493,232
509,229
501,230
497,235
76,212
61,213
540,221
540,228
556,223
556,219
572,221
572,221
587,221
587,222
587,223
587,226
681,231
712,215
509,219
493,215
176,216
156,222
153,219
144,219
140,229
138,236
137,232
136,229
106,216
650,219
634,221
618,220
618,222
618,221
618,219
634,217
618,218
618,216
618,216
257,215
572,228
556,227
556,230
556,233
525,232
556,232
525,232
509,227
509,229
509,230
509,227
525,227
273,239
271,239
270,239
277,239
280,239
288,238
540,219
556,230
556,236
556,237
402,225
395,231
484,220
481,221
487,221
482,221
480,224
479,226
478,223
478,226
478,228
478,228
478,230
478,229
483,193
759,155
603,210
478,203
462,213
461,215
461,210
469,100
556,212
587,213
587,213
759,212
525,210
509,210
525,210
509,211
509,210
509,211
501,212
497,213
495,215
509,190
540,203
572,218
6105,90
6307,122
6354,216
6183,214
6105,215
6027,215
5980,213
5419,211
5419,164
5076,132
5372,211
5419,197
5388,218
5356,221
5341,211
6229,211
6183,193
6183,109
6868,151
6822,203
6775,171
4780,220
4749,221
4717,220
3128,71
3034,151
2863,93
2769,151
2504,210
2442,187
2395,214
2395,212
2224,210
2224,217
2598,224
2520,225
743,230
759,223
774,227
790,220
1772,225
1741,226
1709,225
1694,225
1663,227
1631,227
1616,226
1600,227
1382,230
1039,227
1351,231
1335,234
1335,233
1320,233
1304,227
1289,235
1289,235
1289,230
977,221
961,221
388,216
380,234
376,234
374,237
373,238
373,236
373,236
373,236
373,235
373,234
373,233
380,234
401,226
401,227
409,227
413,227
415,227
416,227
416,226
416,228
424,225
428,227
430,227
438,226
509,109
509,211
509,216
509,212
373,180
373,193
362,171
356,210
353,193
363,161
368,164
556,151
603,212
587,221
571,227
571,227
571,229
556,228
556,223
556,218
556,211
556,210
310,197
310,142
501,233
497,235
495,236
494,236
494,234
494,232
494,235
494,233
494,235
494,233
494,234
494,235
494,233
494,235
494,232
494,235
494,233
494,232
494,235
494,232
509,233
501,234
497,234
509,233
540,224
540,228
556,223
587,221
587,222
572,220
572,224
587,223
587,223
587,225
603,220
447,218
494,222
486,213
151,218
143,223
139,218
137,219
144,230
140,236
138,234
129,229
125,223
123,225
634,223
634,217
634,220
618,221
618,220
603,216
618,217
634,215
257,215
618,216
243,218
229,215
556,229
556,231
540,232
556,232
525,232
509,227
509,230
509,230
509,229
525,228
525,227
540,237
278,238
281,239
282,239
289,238
556,219
556,230
556,238
572,236
402,226
395,231
384,225
378,231
480,221
479,223
478,222
478,226
478,226
478,225
478,228
478,230
469,230
465,232
456,230
351,226
634,203
478,210
469,214
465,215
471,168
474,106
556,216
572,214
587,214
587,214
556,222
572,221
509,210
509,211
509,211
509,211
501,212
497,213
495,215
587,171
525,184
556,218
572,218
556,212
6385,213
6183,214
6089,216
6027,215
5964,212
5434,213
5060,210
5388,193
5372,171
5434,164
5419,216
5169,213
6260,148
6229,193
6167,210
6183,64
6853,193
6822,155
6759,177
4764,220
4733,220
4717,220
4671,220
4655,219
14802,129
11348,25
29198,94
2863,103
2754,109
2504,168
2411,210
2395,213
2380,212
2224,213
2660,213
2582,223
2333,228
2270,227
2239,221
727,230
712,230
712,235
712,234
712,233
712,234
727,232
743,228
759,221
1538,229
1507,227
1491,229
1335,218
1304,220
1304,226
1429,231
1413,232
1398,228
1382,231
1382,229
1039,228
1257,224
1242,220
1226,230
1226,232
1211,237
1211,233
1195,235
1195,233
1195,237
1211,223
388,218
380,234
387,220
409,168
398,222
393,226
390,228
396,229
399,228
400,225
401,226
409,225
405,226
403,226
445,223
446,226
453,222
457,223
459,225
468,222
473,221
475,222
484,219
489,215
297,103
509,212
572,233
587,225
650,233
634,235
603,230
587,229
587,227
618,214
665,210
310,210
603,212
587,220
525,222
525,229
525,233
509,230
509,232
509,234
509,233
509,237
509,233
509,235
501,232
497,235
488,221
509,216
501,224
497,232
495,235
494,233
494,231
494,234
494,232
494,230
494,233
494,233
525,224
509,226
509,226
525,223
525,221
540,220
540,221
540,216
106,211
106,212
540,224
540,228
447,231
432,232
424,236
428,234
430,233
431,231
431,234
665,226
681,227
712,214
494,220
494,213
696,224
525,216
525,219
509,213
501,210
76,213
650,217
136,217
121,217
650,219
634,220
634,216
214,216
152,215
129,215
110,215
149,217
196,217
556,216
572,221
556,228
556,227
556,230
556,232
556,235
556,234
556,234
540,226
517,223
284,236
284,240
277,241
273,239
271,238
277,236
280,241
572,219
388,228
388,226
447,212
470,212
482,214
488,214
491,217
484,218
481,220
479,221
478,221
432,229
455,228
451,227
441,229
444,230
461,228
469,224
473,215
483,161
696,164
587,210
461,197
556,210
556,214
556,215
541,215
541,211
525,211
525,211
509,211
509,210
509,210
509,211
509,211
1554,222
1538,221
1522,225
1554,226
61,74
68,87
5824,132
5996,103
6152,109
6401,211
6354,214
6167,214
4983,211
4796,211
5216,213
5263,213
7320,193
7258,158
7180,193
7180,161
5388,220
5341,220
5372,168
6229,193
4577,219
4562,217
4562,155
3611,67
106,51
106,54
3408,84
91,61
3097,80
3019,168
2894,67
2723,113
48994,8
55519,2
51429,2
51432,2
51433,2
51434,2
51434,2
55530,2
59367,2
63459,2
63455,2
9955,3
1772,224
1741,226
1710,225
1694,225
1663,227
1632,226
1616,228
1600,227
1569,229
1554,228
1522,229
1507,229
1335,234
1320,234
1304,228
1289,232
1289,234
1273,229
977,220
961,221
1258,221
1242,232
1242,224
1258,221
373,237
373,235
373,235
373,234
373,233
373,232
373,231
380,235
384,230
386,230
387,219
402,190
413,226
415,226
416,225
416,227
416,224
424,226
428,225
430,228
431,222
439,225
443,223
445,225
373,190
362,177
356,200
364,184
368,187
370,177
360,145
556,132
587,218
587,225
572,229
587,229
572,228
556,227
556,223
556,219
311,211
541,210
297,190
297,200
297,164
556,212
525,223
525,230
494,235
494,235
494,233
494,232
494,232
494,238
494,237
486,234
490,234
492,234
509,219
501,217
60941,1
61158,1
61161,1
61160,1
61159,1
61160,1
61162,1
65000,1
65000,1
65000,1
64998,1
3553,2
525,222
509,224
525,220
525,220
541,220
556,217
76,211
61,212
541,223
556,227
556,222
61,219
432,236
432,233
432,236
432,233
432,230
634,227
681,227
712,213
494,220
696,212
151,217
151,219
509,221
509,214
61,210
68,212
650,220
106,217
91,215
634,221
634,220
618,220
618,220
618,219
163,215
119,216
174,216
208,217
587,218
572,225
556,227
556,228
556,229
556,231
525,231
556,232
556,237
525,227
501,222
284,234
284,240
277,237
273,239
271,239
270,239
277,238
280,239
288,238
388,227
461,212
477,212
485,212
489,214
491,216
484,219
481,220
479,219
478,222
478,222
478,224
443,225
437,228
442,227
460,228
469,226
473,216
475,177
759,151
618,211
461,177
461,215
454,214
541,215
556,214
541,211
525,210
525,211
525,200
525,200
509,210
509,211
509,212
509,212
501,211
1522,226
1554,226
46,84
68,77
5824,145
6011,119
6089,96
6401,211
6354,212
6152,216
6089,215
6027,215
3609,186
24660,20
36823,20
39122,28
23191,28
3240,28
15301,21
3217,21
56796,20
30172,24
13995,24
6098,24
6837,171
6806,190
4780,180
4749,221
4733,220
4702,219
4671,218
4655,219
4624,217
4593,219
4577,220
4562,219
2395,214
2395,212
2224,215
2645,216
2582,224
2504,224
2442,226
2380,227
2333,225
2255,225
2239,218
727,231
1709,225
1678,226
1647,227
1631,226
1616,226
1585,228
1569,226
1553,228
1522,228
1507,230
1491,228
1335,219
1304,227
1288,234
1288,233
1288,228
977,221
977,221
1257,221
1242,233
1257,223
1242,221
1226,233
1226,235
373,235
373,235
373,235
373,234
373,232
380,232
384,232
386,227
387,216
394,210
391,224
389,226
416,226
416,223
424,226
428,227
430,226
431,226
438,226
442,225
444,223
445,224
453,224
457,224
373,190
362,168
367,200
370,161
353,138
571,211
603,220
571,227
571,230
618,229
649,237
618,235
556,223
556,214
310,210
303,187
293,187
301,180
292,190
540,213
525,223
525,229
525,232
509,231
493,236
493,236
493,237
485,234
489,234
491,236
484,232
481,230
487,220
509,217
501,226
497,233
493,231
493,232
509,234
501,233
497,232
509,235
509,237
525,224
509,226
509,224
525,223
525,222
571,220
556,222
587,222
587,223
587,223
446,220
439,223
435,229
433,232
432,234
432,236
424,234
141,232
138,236
137,234
136,228
128,225
124,225
122,218
129,216
681,225
525,216
509,220
91,212
257,215
618,215
257,216
257,218
257,216
243,216
243,217
250,216
216,216
202,217
257,215
76,217
509,231
509,231
525,229
540,230
525,228
540,234
540,237
556,238
556,236
556,237
556,234
478,224
556,239
556,233
402,227
402,232
387,229
380,232
391,232
411,220
414,220
401,227
401,222
478,211
478,229
478,229
478,230
478,231
462,227
351,226
362,228
417,228
431,226
454,229
443,224
430,228
556,215
571,214
727,213
556,213
556,222
571,221
571,187
556,197
571,174
556,215
525,216
556,214
494,214
571,193
556,210
571,222
571,216
571,193
6323,180
1553,212
1553,223
1522,222
1522,225
1553,221
5076,212
5403,211
5232,210
5419,210
5419,217
5154,215
5107,218
5185,216
4982,200
4795,211
5216,214
5263,210
6759,126
4764,220
4733,221
4702,219
4671,220
4655,218
4624,220
4608,219
4577,220
4561,219
4561,96
91,51
2224,212
2224,216
2582,223
2520,226
2442,226
2395,226
2317,225
2270,226
2239,223
727,230
712,232
712,231
1662,228
1631,226
1616,227
1600,227
1569,227
1553,227
1522,228
1507,229
1491,229
1491,220
1304,219
1304,228
1288,234
1288,230
961,221
977,221
1257,219
1242,233
1257,226
1242,219
1226,231
1210,234
1210,236
1210,235
373,234
373,234
373,233
380,232
384,232
386,226
387,218
402,168
395,221
391,226
389,227
388,226
424,224
428,227
430,227
431,226
431,225
438,225
442,224
444,222
452,223
456,220
467,221
472,223
373,171
373,142
373,132
571,211
603,220
571,226
571,231
618,227
649,234
618,235
587,228
587,230
297,213
297,210
297,164
290,171
293,203
540,213
525,225
525,232
525,231
509,232
509,233
509,233
489,234
491,233
484,234
481,234
487,234
482,231
487,220
509,218
501,229
497,235
495,232
494,233
493,233
493,233
509,231
509,234
509,232
509,225
509,224
509,224
525,225
525,223
525,220
540,221
587,225
587,225
603,220
446,219
439,223
435,226
433,233
432,234
432,234
424,236
428,233
430,233
128,233
132,227
126,222
131,222
133,218
712,220
696,225
509,219
525,222
46,210
76,211
76,214
230,217
236,216
241,216
603,216
203,216
257,217
189,216
189,216
216,215
161,215
175,217
270,215
525,227
540,228
525,229
540,237
540,236
556,240
556,234
556,238
556,236
446,223
509,217
283,242
402,228
395,230
384,229
386,233
394,230
556,218
402,221
395,231
391,219
461,211
477,213
485,214
469,229
473,233
452,225
373,228
373,226
395,226
461,228
469,229
450,228
441,227
451,228
464,227
681,213
571,214
556,222
556,219
556,210
571,187
540,203
556,214
540,213
556,215
540,210
540,210
556,210
571,223
571,215
571,184
6354,174
1569,211
1538,223
1522,224
1522,226
1553,224
31,71
53,93
5216,211
5419,193
5403,214
5169,216
5107,219
5169,213
5107,210
4780,213
5216,216
5263,193
7305,168
7289,164
44242,18
40129,18
16092,89
15198,79
11348,19
36110,89
4733,219
4702,221
4671,219
4639,221
4624,218
4608,218
3408,61
16,51
3096,103
3018,119
2863,103
2566,132
2520,177
2395,211
2395,215
2395,212
2208,216
2629,216
712,232
727,232
743,226
758,223
774,224
805,216
1756,225
1725,225
1709,227
1678,226
1662,227
1631,229
1397,229
1382,234
1382,224
1055,221
1351,232
1335,234
1320,233
1320,234
1304,225
1288,234
1288,234
1288,225
1195,236
1242,218
388,222
380,233
376,236
374,237
373,235
373,236
373,233
373,235
373,234
373,233
399,228
408,226
405,227
403,226
410,226
413,225
415,225
416,229
416,227
424,224
428,224
422,227
488,219
509,193
525,129
509,219
509,216
388,210
380,161
376,171
374,168
373,200
373,158
373,177
317,200
313,211
587,219
587,225
571,228
571,227
556,227
556,228
556,221
556,214
571,211
297,210
509,236
509,231
501,234
497,235
495,233
494,235
493,233
493,232
493,233
493,233
493,235
493,235
493,232
493,231
493,233
493,230
493,233
493,234
493,233
493,231
493,232
493,233
493,234
493,232
61,211
540,217
556,227
556,223
106,218
571,219
587,221
571,222
587,221
571,225
587,221
603,224
696,216
493,221
485,216
151,216
151,222
143,219
139,217
130,228
133,232
134,235
135,232
128,225
649,217
634,219
634,220
634,222
618,221
618,219
618,218
618,217
618,217
257,216
257,216
257,219
556,228
571,229
556,232
556,233
556,232
540,232
525,229
509,229
509,230
509,230
525,228
540,229
274,241
272,238
271,238
277,238
287,240
298,223
556,229
556,238
556,236
556,224
388,229
388,229
493,218
485,220
481,222
479,222
478,223
478,224
478,226
478,226
478,228
478,231
478,231
478,230
480,119
603,210
478,148
469,213
458,217
459,210
476,119
587,171
556,214
572,214
727,213
556,214
525,210
509,212
509,211
509,211
509,211
501,210
497,212
495,213
494,212
525,210
572,193
572,224
6183,90
6385,214
6338,211
6151,215
6073,215
6011,216
5466,210
5419,212
5060,212
5419,211
5232,211
5419,211
5372,221
5341,218
6245,187
6214,211
6167,190
6884,122
6853,148
6790,180
4780,211
4749,220
4733,220
4702,220
3065,122
3050,132
2816,132
2629,129
2504,210
2395,213
2395,214
2395,212
2208,218
2629,219
2551,226
2489,226
743,225
759,226
774,224
1787,214
1756,225
1725,225
1694,224
1663,226
1647,228
1631,227
1600,226
1585,228
1039,219
1366,221
1335,234
1335,235
1320,231
1304,234
1304,227
1289,234
1289,233
1273,221
977,219
977,219
373,229
373,235
373,236
373,239
373,236
373,234
373,235
373,233
373,233
373,233
373,235
380,233
409,227
413,227
415,224
416,225
416,225
416,227
416,228
424,226
428,228
430,225
431,224
431,228
509,174
509,218
525,214
388,200
380,177
376,177
374,203
373,210
362,148
367,138
525,135
587,215
587,220
587,223
572,230
556,227
572,228
556,223
556,220
310,211
572,210
310,193
303,174
293,171
497,234
495,231
494,235
494,235
494,235
494,235
494,235
494,235
494,232
494,235
494,234
494,234
493,232
493,235
493,233
493,232
493,233
493,233
493,229
493,232
485,233
489,232
509,235
509,233
540,230
556,222
587,219
556,220
587,221
572,222
587,223
587,223
587,222
587,220
447,218
447,223
486,213
151,218
151,221
151,218
136,220
136,231
136,237
128,235
124,227
130,225
133,227
134,219
650,217
634,222
618,222
603,219
634,217
634,216
230,214
230,216
236,218
241,219
242,220
229,217
556,233
540,233
540,232
540,230
509,225
509,229
509,230
509,229
525,227
525,226
525,233
540,238
277,239
280,237
288,239
306,219
556,229
556,236
556,239
402,227
395,231
384,227
386,235
394,230
478,223
478,223
478,223
478,224
478,224
469,227
473,229
467,232
464,230
455,226
373,224
362,228
478,148
469,213
458,215
452,180
76,109
556,214
572,213
587,214
572,214
556,221
572,219
572,213
509,210
509,212
501,211
497,212
495,212
486,212
509,203
525,210
572,215
572,222
572,212
6089,116
6183,213
6105,215
6058,216
5996,214
5434,210
5434,210
5076,206
5372,213
5216,206
5419,213
5434,211
5138,217
6245,197
6198,161
6214,145
6868,148
6853,164
6790,177
4764,215
4749,220
4717,220
4686,219
4655,217
4624,219
2754,109
2504,184
2473,190
2380,214
2411,214
2395,212
2224,220
2629,223
2551,226
2473,225
2411,226
2348,223
790,222
1772,217
1741,225
1725,225
1694,225
1663,226
1647,226
1616,225
1600,227
1585,227
1554,227
1538,228
1335,234
1335,233
1320,234
1304,230
1289,231
1289,235
1289,231
1289,220
961,221
977,220
1242,233
1242,226
373,236
373,235
373,235
373,235
373,232
373,236
373,235
380,235
376,231
382,232
385,229
386,219
407,227
412,226
414,225
415,227
416,226
416,227
424,228
428,223
430,225
431,226
439,225
443,225
525,203
373,190
373,200
373,210
373,155
373,187
373,174
380,122
556,211
603,220
572,225
572,228
572,229
572,226
556,228
556,224
556,216
587,210
556,168
311,168
304,148
541,161
541,213
525,224
495,234
494,236
494,233
494,236
494,236
494,237
494,234
494,233
494,235
486,236
490,231
509,219
493,231
493,231
493,233
493,231
509,230
501,233
497,233
495,231
509,234
509,231
509,224
509,226
46,221
53,222
572,220
587,222
587,223
572,222
587,226
603,219
447,219
447,223
447,227
439,234
143,220
139,216
145,225
140,232
138,235
137,236
136,227
128,225
124,225
130,217
696,218
696,225
618,221
618,219
618,216
603,214
243,216
256,215
618,217
230,217
236,216
241,216
245,217
244,217
572,230
525,230
509,227
509,230
509,231
525,230
540,227
525,226
525,234
556,238
556,236
556,236
289,241
306,219
556,232
556,236
556,237
402,226
402,231
395,227
391,233
396,232
406,224
587,220
478,224
478,225
478,224
478,229
478,228
469,229
473,231
467,232
351,223
351,226
417,225
424,227
465,216
463,210
478,122
556,213
556,213
587,213
572,213
556,222
556,219
572,215
556,155
556,155
509,211
501,213
509,212
501,215
497,210
540,210
556,213
572,223
572,213
6167,93
6354,213
1553,218
6042,215
5980,216
5419,206
5419,193
5060,200
5372,212
5232,210
5419,213
5434,210
5138,217
5154,217
4982,213
28882,20
55255,28
35191,28
3227,28
64660,27
7067,21
64727,20
56796,20
21974,24
14034,24
43976,87
15496,66
4562,219
4546,214
16,54
3580,77
46,80
46,71
46,74
3128,51
3019,126
2878,84
2738,100
2520,187
727,228
727,231
712,233
712,231
712,236
712,233
727,232
743,231
759,223
759,224
790,223
1772,219
1491,221
1304,219
1304,230
1429,229
1413,229
1413,228
1382,232
1382,231
1039,227
1351,230
1351,233
1335,233
1211,235
1211,235
1211,237
1195,235
1195,237
1195,235
1211,220
388,218
380,233
376,235
374,235
373,234
389,227
388,228
388,227
388,229
395,227
398,227
400,227
401,226
401,224
409,226
405,226
411,227
453,223
457,222
467,221
472,220
475,221
484,219
488,212
432,87
509,216
509,217
525,180
373,158
618,231
587,228
587,229
618,217
618,210
297,168
303,211
587,218
571,223
571,228
571,227
556,229
509,233
509,232
509,233
509,234
509,235
501,232
497,234
495,233
494,233
493,233
493,237
493,236
497,233
495,233
494,233
493,232
493,234
493,232
493,230
493,232
493,230
493,231
493,233
493,234
525,225
525,220
525,220
540,219
46,212
46,212
556,217
540,228
556,225
76,218
76,221
571,222
432,233
432,236
432,234
432,222
665,232
696,219
525,221
501,216
712,216
151,223
143,220
147,218
76,212
61,210
681,215
665,219
76,217
91,216
634,220
634,219
634,219
618,220
618,219
618,218
106,216
257,216
121,215
571,220
571,222
556,228
556,231
556,231
556,231
556,232
540,230
525,229
478,222
478,218
283,239
283,239
276,238
273,239
271,238
277,238
280,240
275,237
286,237
509,222
410,212
493,213
493,213
493,214
485,215
481,217
479,219
478,220
478,222
478,223
478,223
478,223
436,228
434,225
456,226
467,228
472,217
482,210
774,135
618,211
461,174
453,212
449,213
463,203
540,215
540,210
525,210
525,210
525,211
509,211
501,210
509,210
509,211
509,211
509,212
501,211
1538,228
1585,211
91,74
5808,155
5917,96
6073,100
6401,148
6354,215
6182,216
6104,216
6027,216
5980,215
3607,246
32596,20
43223,28
27038,28
64667,27
60882,27
7080,21
60635,20
56797,20
21944,24
9925,24
14001,24
6821,180
6775,200
4764,221
4733,219
4717,218
4671,218
4655,219
4624,219
4608,219
4577,220
4561,219
4546,161
57716,10
51329,9
27602,9
23506,9
54997,95
15602,0
11348,23
9742,96
2395,212
2224,212
2224,214
2598,223
712,232
712,235
712,235
712,233
727,230
727,227
758,224
758,226
805,220
1756,225
1740,226
1709,227
1304,227
1429,233
1413,232
1397,227
1382,232
1382,228
1055,226
1351,233
1335,233
1335,233
1320,236
1304,226
1210,234
1195,234
1195,234
1195,237
1226,217
373,221
373,234
373,237
373,237
373,237
373,234
373,236
395,229
398,230
400,228
401,226
401,226
401,227
409,224
413,227
407,226
412,226
414,227
415,228
468,221
473,222
475,220
484,219
488,197
540,93
509,215
509,216
373,177
362,164
367,210
370,210
587,227
618,217
618,210
324,210
317,210
587,214
587,222
571,227
571,229
556,230
556,228
556,224
509,234
509,233
501,233
509,234
501,233
497,233
495,233
494,235
493,235
493,235
493,235
493,235
493,234
493,232
493,233
493,231
493,234
493,232
493,233
493,230
493,233
493,233
493,231
493,234
525,221
540,219
556,212
106,211
556,214
540,228
540,227
587,220
46,221
587,221
587,220
571,222
422,232
427,224
665,233
696,219
525,221
501,216
151,216
143,221
139,221
137,217
136,223
136,231
665,214
634,214
91,216
634,217
618,219
634,221
618,219
618,224
618,221
618,219
618,218
618,218
257,215
571,221
571,222
556,230
556,229
556,232
556,230
556,233
556,232
525,230
509,229
509,231
283,238
283,237
276,240
273,240
271,241
277,239
280,240
281,240
289,233
525,223
556,233
556,237
493,213
493,214
493,216
485,217
481,221
479,220
478,222
478,224
478,224
478,223
478,226
478,228
467,230
472,225
475,215
484,200
774,174
603,210
478,168
469,214
465,214
471,174
474,93
556,214
525,210
540,211
525,210
525,211
509,210
509,211
509,213
509,211
509,211
509,212
501,212
497,214
31,84
5824,148
5980,96
46,96
6385,193
6338,214
6167,215
6104,215
6027,216
5980,212
5434,213
5076,211
7258,187
7180,187
7149,184
5387,221
5341,220
5387,119
6214,210
6167,210
6899,61
6853,203
6806,206
6790,180
3486,61
91,71
91,67
3112,100
3034,174
2878,71
2753,116
2504,187
2411,211
2379,214
2379,211
2224,213
712,235
727,232
727,231
743,228
758,223
758,226
821,217
1756,226
1725,226
1709,225
1678,225
1662,228
1413,231
1397,229
1382,232
1366,222
1055,221
1351,232
1335,233
1320,232
1320,234
1304,226
1288,235
1288,233
1195,234
1195,236
1226,217
373,223
373,235
373,237
373,238
373,236
373,236
373,236
373,235
362,234
393,228
397,227
399,225
400,224
401,226
409,226
413,225
415,228
416,226
416,224
416,226
424,223
484,220
488,217
509,142
501,100
509,215
525,214
417,206
395,177
384,177
360,197
355,171
364,168
324,210
324,210
337,212
587,221
587,224
571,229
571,228
556,229
556,226
556,221
556,213
310,210
509,232
509,235
501,234
497,233
495,233
494,234
493,232
493,235
493,235
493,232
493,233
493,235
493,231
493,231
493,233
493,233
493,234
493,233
493,233
493,233
493,233
493,232
493,230
493,233
556,211
76,212
540,218
556,229
540,223
571,220
76,218
76,218
587,222
571,220
587,221
587,219
7212,14
6797,153
59906,184
55554,13
56834,245
55809,200
55298,136
56576,143
56320,147
55808,141
58368,138
60416,137
125,224
123,224
122,221
129,220
696,222
681,222
493,220
509,222
76,212
76,212
106,215
665,217
618,215
257,215
243,218
243,217
250,215
587,216
106,215
91,215
91,215
153,215
587,215
556,221
525,229
525,233
540,238
540,238
556,235
556,234
556,237
556,234
461,223
297,221
290,238
286,238
395,231
384,230
386,235
394,232
571,222
402,221
395,229
391,221
493,212
493,213
493,214
493,217
471,230
417,225
351,229
351,226
432,227
439,229
450,229
441,229
429,226
437,229
457,226
467,223
571,213
556,219
571,221
571,206
556,155
556,210
556,212
540,215
525,215
540,211
525,211
525,211
571,220
571,216
571,210
6354,187
1553,211
1553,223
1522,223
1522,226
1553,225
46,64
5793,71
5839,129
2004,24
51671,23
31704,23
15832,23
7122,21
50387,19
7124,21
28885,20
12755,82
15792,64
11348,28
33038,82
7149,145
5388,220
5341,220
6245,164
6198,171
6183,180
6868,80
6837,180
6790,187
4780,190
4764,220
4733,220
141,48
3097,103
3034,138
2800,96
2551,145
2504,190
2395,212
2395,215
2380,212
2208,219
2629,218
2582,223
57609,60
58377,13
57097,207
57608,215
56066,200
59394,200
59394,200
59650,200
59906,200
59650,215
59394,194
48484,61
1585,228
1569,225
1538,228
1522,228
1507,230
1491,229
1335,218
1304,229
1382,219
1429,231
1413,229
1398,230
961,221
1242,226
1242,231
961,222
1226,226
1226,234
1211,235
1211,234
1195,234
1195,235
1195,235
1195,235
376,233
382,230
385,227
401,211
401,214
394,225
391,228
396,227
399,229
400,227
401,226
401,226
430,226
438,224
442,224
444,224
445,224
453,224
457,223
467,223
472,223
475,222
476,222
485,217
587,215
587,222
572,228
572,230
650,233
634,233
603,231
587,228
587,230
603,216
634,210
310,193
303,190
300,190
525,219
525,228
525,230
509,231
509,233
509,232
509,231
509,232
509,232
509,232
480,235
487,236
482,226
509,218
501,222
497,232
495,232
494,233
494,232
486,233
490,232
492,233
501,234
509,228
509,227
525,222
509,223
525,222
525,222
525,222
525,221
540,218
76,212
76,211
447,221
447,224
439,230
435,233
426,233
429,233
430,235
431,233
431,236
665,222
665,232
712,218
123,219
129,221
696,219
696,221
509,220
509,219
136,210
494,210
665,216
650,217
106,217
665,217
243,216
223,217
233,216
238,218
254,215
216,217
284,215
270,217
190,217
556,220
572,224
556,229
541,238
556,237
556,239
556,235
556,234
556,233
461,223
297,223
290,240
287,239
278,239
274,238
384,233
400,229
556,222
388,222
388,230
395,216
478,211
486,213
490,213
492,214
485,217
481,220
351,230
362,224
417,229
439,228
443,226
437,229
434,224
447,227
462,227
470,222
482,210
509,151
556,218
556,177
556,171
556,211
556,214
556,216
541,214
525,210
525,211
525,190
525,211
509,200
541,132
6354,212
1554,216
1538,224
1522,223
1522,226
1554,220
16,51
5809,126
5855,106
6074,100
6198,116
5154,217
5107,218
5185,214
5092,210
4780,212
5216,217
5279,151
7289,164
7196,155
7165,190
5435,211
5372,222
4640,219
4624,219
4593,219
4577,219
4546,216
106,58
3580,96
46,48
3424,61
3346,74
31,58
3097,100
2364,226
2302,227
2255,225
728,221
712,230
712,235
712,232
712,235
712,234
712,232
728,233
743,223
1538,228
1522,228
1507,229
1491,228
1445,218
1304,227
1445,222
1429,231
1413,227
1398,233
1382,232
1055,220
59653,55
59909,40
59909,24
60165,24
58117,9
60421,9
59653,249
56836,193
56579,193
56323,234
58116,184
10608,62
373,234
373,239
373,234
373,240
373,236
373,235
373,234
373,234
373,234
380,235
384,230
386,229
401,227
401,225
409,226
413,225
415,224
416,228
416,225
424,226
428,224
430,227
431,227
439,225
509,215
509,213
525,171
373,145
373,193
362,197
356,210
364,158
368,145
540,132
603,216
572,224
572,226
572,231
572,226
556,228
572,225
556,218
297,211
556,193
310,203
303,200
300,193
556,210
494,233
494,232
494,234
486,233
490,233
492,235
493,236
485,234
481,234
479,234
478,235
478,231
493,234
493,233
493,231
493,231
493,233
493,232
509,233
501,233
497,233
509,233
509,235
509,228
556,223
556,218
572,220
587,221
572,223
587,222
587,223
587,224
556,222
447,219
447,221
439,224
136,216
143,222
139,219
137,221
136,231
136,237
136,233
128,231
124,227
122,224
129,217
125,217
618,221
618,221
634,221
618,221
603,216
618,217
230,216
236,217
618,216
257,218
257,217
216,218
540,234
556,233
540,231
525,226
509,229
509,232
509,231
525,230
525,229
525,233
540,237
556,239
5170,1
6128,1
9967,1
11488,2
11494,2
11502,2
7405,2
37599,1
37610,1
33763,1
33766,1
37609,1
571,223
388,224
388,230
402,213
493,213
493,213
493,213
493,215
485,217
481,222
479,219
478,222
446,226
453,227
449,227
440,228
443,226
460,227
469,225
473,218
483,211
790,132
618,211
571,158
556,190
556,211
556,214
556,216
540,212
525,210
525,211
525,210
525,211
509,210
509,211
525,212
1553,219
1538,222
1522,223
1538,227
1553,216
31,87
5793,151
5917,129
6089,100
6229,132
6369,215
6182,212
4982,213
5138,158
4780,211
5232,217
7351,126
7305,203
7195,190
7164,164
5419,215
5372,221
5341,215
6245,210
4593,219
4561,218
4561,214
106,58
3564,90
121,54
68,58
3408,61
46,45
3050,106
2940,90
2785,90
2239,227
727,224
712,230
712,233
712,233
712,234
712,234
727,233
727,232
743,223
758,227
774,223
1491,229
1491,225
1460,217
1304,230
1444,227
1413,231
1413,229
1397,231
1382,233
1039,225
1351,228
1335,233
1226,230
1226,235
1210,233
1210,235
1195,234
1195,235
1195,236
1226,223
1226,216
373,233
373,234
373,240
389,225
388,225
387,228
387,225
394,228
398,226
400,225
401,227
401,226
401,224
409,226
413,223
445,222
453,222
457,221
467,220
472,222
475,222
484,219
488,213
310,106
509,212
509,217
524,210
665,233
618,234
587,228
587,232
602,224
618,212
323,206
323,210
587,214
571,222
571,228
571,230
509,230
509,232
509,232
509,232
509,232
509,232
509,233
509,233
501,233
497,235
509,231
501,233
501,227
497,232
495,232
494,235
493,233
493,231
493,233
493,233
493,231
485,233
489,233
491,233
509,222
524,223
524,223
524,220
540,217
60,214
67,211
63,212
540,226
540,226
556,220
75,219
431,233
431,234
431,235
431,232
431,233
633,228
665,225
696,213
478,220
478,213
151,218
151,220
524,221
509,214
106,211
90,211
665,219
106,217
106,214
633,219
633,220
633,218
633,219
618,222
75,217
75,217
159,217
201,217
571,216
571,223
556,227
556,229
556,230
556,234
556,233
556,233
556,236
540,230
446,224
297,228
290,237
280,238
275,237
272,239
277,238
280,240
281,238
289,241
387,229
394,215
461,212
477,213
485,213
489,216
483,218
480,219
479,219
478,221
478,222
478,224
446,226
438,227
434,228
456,229
467,228
472,221
475,212
476,145
618,180
540,180
461,212
453,216
556,213
556,214
556,213
524,203
524,210
524,211
524,211
509,210
509,211
509,211
509,211
509,211
1522,224
1537,229
1553,219
45,74
5824,126
5902,103
6089,93
6198,109
6369,217
6182,211
6120,217
6057,215
3609,132
43860,18
28627,20
51160,28
31095,28
3217,28
64722,27
3016,21
64726,20
56541,20
21975,24
14030,24
6883,168
6837,206
6790,164
4764,216
4748,220
4717,219
4701,220
4655,220
4639,219
4608,220
4592,219
4561,219
2395,213
2410,213
2395,210
2208,218
2613,224
2535,225
2457,224
2410,225
2348,226
2286,226
2239,225
727,225
1724,225
1693,227
1662,227
1647,226
1615,228
1600,226
1569,227
1553,229
1537,229
1506,227
1491,228
1475,220
1304,228
1288,231
1288,234
1288,229
976,221
961,219
1257,221
1241,232
1257,225
1241,220
1226,231
1210,234
373,236
373,236
373,234
373,232
373,234
380,232
383,232
385,226
386,215
386,210
386,222
386,228
416,226
423,227
420,224
425,225
428,224
429,225
430,222
438,224
442,223
444,221
452,223
456,220
365,197
369,197
371,184
372,161
372,113
587,213
587,221
571,225
571,232
633,230
649,233
618,233
571,223
556,214
571,190
571,174
310,210
303,190
524,158
540,215
524,227
524,233
509,231
509,234
493,235
493,236
493,236
493,234
493,237
493,236
485,234
489,229
491,218
509,215
501,224
497,235
492,234
492,232
492,232
492,233
492,231
492,233
509,234
509,228
509,223
524,226
524,223
524,223
571,225
571,222
587,220
587,226
587,224
446,216
438,221
442,228
436,233
433,233
432,233
431,237
136,232
136,238
128,233
124,228
122,225
121,223
128,220
132,218
696,224
524,215
524,219
509,215
602,215
243,215
222,216
230,216
236,216
241,217
242,215
181,215
128,215
117,216
126,217
100,217
509,229
509,230
509,228
524,225
524,229
540,235
556,238
556,237
556,236
556,235
556,236
524,229
556,237
556,236
402,224
395,231
391,227
382,233
392,233
404,224
410,219
399,226
393,228
412,211
478,227
478,229
478,230
478,232
469,230
373,225
362,228
375,226
432,225
455,226
458,228
437,228
556,212
571,214
587,214
587,213
556,220
571,219
556,213
556,171
540,200
556,211
540,214
540,215
495,214
494,206
525,174
571,214
571,219
571,211
6151,96
6354,215
1553,222
1522,222
1522,224
1538,226
93,0
359,25
53911,24
9942,24
55511,23
39640,23
23768,23
7125,21
14290,81
16190,89
11348,22
33550,81
3606,73
51029,28
31144,28
3278,28
64722,27
3000,21
60635,20
60635,20
18100,24
6062,24
9921,24
50519,26
6790,171
4764,220
4733,220
4717,220
4686,217
4655,219
4624,219
4608,219
4577,219
4561,220
4546,142
3611,71
2224,213
2224,216
2598,225
2504,223
2457,225
2379,224
2333,227
2270,226
2239,224
727,229
712,233
712,233
1662,227
1631,226
1616,227
1585,226
1569,228
1553,228
1522,229
1507,229
1491,230
1335,218
1304,224
1304,227
16910,111
1288,232
1288,225
977,220
961,220
1257,220
1242,234
1257,223
1242,220
1226,233
1210,233
1210,236
1195,237
1195,234
1195,238
1226,217
388,223
380,231
376,236
374,234
373,237
373,235
373,235
373,233
396,226
399,229
400,227
401,228
401,225
401,227
401,226
409,225
413,227
415,227
416,225
416,225
473,221
475,221
484,217
488,210
136,90
509,216
525,217
373,210
373,180
373,174
362,190
367,177
618,218
618,210
310,203
310,206
603,216
587,222
571,228
571,228
571,231
556,228
556,223
556,216
509,233
509,234
509,234
501,232
497,236
495,233
494,233
493,233
493,237
493,235
493,234
493,236
493,234
493,231
493,233
493,233
493,232
493,232
493,230
493,231
493,232
493,229
493,233
493,229
540,221
540,214
46,212
46,212
556,225
540,226
556,224
76,221
76,221
587,223
587,223
587,222
431,232
634,228
696,223
540,215
461,219
727,212
136,219
143,222
139,217
137,220
136,230
136,237
649,222
76,217
91,216
649,220
634,220
634,222
618,222
618,222
618,218
618,219
634,219
603,215
587,218
556,224
556,229
556,231
556,231
556,232
556,234
525,233
525,228
509,227
509,230
509,230
283,238
276,240
273,239
271,237
270,239
276,241
279,238
288,235
556,224
556,231
556,239
556,234
493,212
485,216
481,219
479,219
478,222
478,221
478,224
478,226
478,224
478,225
478,228
478,230
469,226
473,215
483,197
774,158
618,211
461,174
454,214
457,215
452,148
540,103
556,214
572,213
525,212
525,211
509,211
509,210
509,211
509,210
509,211
509,210
501,212
497,213
495,213
509,197
5824,155
5949,113
6105,96
6385,180
6354,216
6183,216
6089,215
6042,213
5996,213
5434,211
5076,187
5419,171
7180,200
7149,210
5403,220
5356,220
5356,203
6229,193
6198,210
61,80
6884,197
6837,197
6790,193
4764,221
3393,67
106,67
3128,77
3034,168
2832,93
2754,103
2489,210
2411,203
2395,214
2411,213
2224,213
2224,214
712,232
727,233
743,227
759,222
759,225
805,218
1756,224
1725,225
1709,227
1678,225
1663,229
1631,227
1398,228
1382,232
1382,223
1055,223
1351,233
1335,234
1320,234
1320,232
1304,228
1289,236
1273,232
1273,227
1195,236
1257,217
373,224
373,235
373,237
373,238
373,234
373,238
373,233
373,232
373,233
373,234
398,228
400,226
401,226
409,227
405,226
411,226
414,227
415,224
416,225
416,225
424,224
428,226
485,217
489,206
509,180
509,216
525,216
373,210
373,138
373,210
373,171
373,184
373,171
373,145
324,171
587,210
587,219
587,225
572,228
572,228
556,228
556,228
556,222
572,213
297,210
304,164
509,233
501,234
497,235
495,234
494,232
494,238
494,234
494,237
494,234
494,234
486,235
490,233
492,230
493,232
493,234
493,231
493,233
493,232
493,230
493,232
493,232
493,233
493,234
493,234
61,211
541,216
541,226
556,224
556,221
91,219
572,219
572,221
587,222
587,222
587,224
587,224
696,219
525,220
501,217
712,215
151,221
151,220
143,218
139,225
137,233
136,235
128,230
124,229
83,217
650,222
634,220
634,221
634,220
618,218
618,216
634,217
634,216
216,215
229,216
222,215
556,228
556,229
556,231
556,232
525,236
541,232
525,230
509,227
509,230
509,230
509,230
525,228
273,239
271,240
277,239
280,241
282,242
289,235
525,221
556,233
556,240
556,234
403,229
395,232
482,217
480,220
479,222
478,221
478,224
478,224
478,222
478,226
478,229
478,229
469,232
473,229
480,161
728,174
618,211
461,210
461,215
461,213
469,151
31,103
556,215
587,214
743,213
572,215
525,193
509,211
509,210
509,211
509,210
509,213
493,211
493,214
493,215
541,180
541,210
572,223
6214,96
6385,213
6354,213
6152,216
6074,215
6011,215
5964,210
5419,212
5076,212
5403,212
5232,210
5419,210
5388,220
5341,218
6245,187
6214,177
6167,190
6900,106
6868,155
6806,197
4780,210
4749,220
4733,219
4702,220
3065,109
3050,103
2816,116
2520,168
2457,180
2395,213
2395,214
2395,211
2208,218
2629,221
2551,225
2489,225
743,226
759,224
774,223
1756,213
1741,227
1725,227
1694,226
1678,226
1647,227
1631,226
1600,227
1585,227
1039,222
1351,222
1351,234
1335,236
1320,235
1304,234
1304,227
1289,233
1289,234
1289,220
977,222
977,220
373,229
373,234
373,236
373,236
373,235
373,237
373,236
373,236
373,237
373,235
380,233
384,234
401,225
409,225
413,226
407,225
412,227
414,226
415,228
423,224
420,226
426,228
429,225
430,224
509,174
509,217
509,214
388,210
369,190
371,210
372,206
372,187
372,155
372,151
494,103
587,215
587,217
572,225
556,227
572,225
556,229
556,223
556,221
556,214
297,210
572,197
297,193
297,180
501,236
497,233
495,235
494,233
494,234
494,234
494,236
494,235
494,235
486,231
490,235
492,234
494,233
494,235
494,231
494,233
494,235
494,231
494,232
494,234
494,234
494,234
509,234
509,234
556,226
556,223
556,218
572,221
572,221
572,221
587,220
587,223
587,223
587,223
587,216
432,221
493,215
727,218
136,221
136,220
136,216
136,230
136,236
128,235
132,234
126,228
131,225
133,219
634,219
634,219
618,220
618,218
634,217
634,215
634,217
216,216
270,216
263,217
243,218
250,218
556,233
556,232
556,231
556,233
525,226
509,228
509,230
509,231
525,228
525,229
525,232
540,238
50190,49
281,239
282,238
283,241
290,225
540,226
556,235
556,236
540,225
388,230
388,230
388,231
402,228
603,224
402,225
395,230
398,214
494,211
486,213
490,214
492,215
493,216
493,219
485,222
371,226
432,228
446,227
462,225
447,230
439,226
450,225
464,226
471,221
482,211
509,122
634,211
556,168
540,145
540,211
540,217
525,214
540,213
525,197
525,210
525,193
509,211
509,211
509,210
6354,213
1553,218
1538,223
1522,222
1522,226
1553,218
46,80
5824,158
5933,119
6011,103
6463,87
6369,216
5107,217
5185,212
5091,171
4780,213
5216,218
7336,129
7289,203
7227,151
7180,171
5434,212
5372,222
5341,217
4624,220
4593,219
4561,219
4561,216
16,67
3611,71
106,58
3470,64
46,64
38,48
3050,135
2987,103
2286,224
2239,227
727,222
727,230
712,231
712,232
712,233
727,232
712,234
727,231
743,224
758,226
1522,228
1507,230
1491,227
1475,217
1304,227
1444,221
1413,232
1413,230
1397,232
1382,232
1039,223
1351,223
961,219
1226,229
1226,234
1210,236
1210,235
1195,235
1195,236
1195,234
1195,230
1226,217
373,230
373,233
392,210
390,217
389,226
388,225
388,226
395,226
398,228
400,224
401,224
401,225
401,224
409,224
445,224
453,221
457,222
459,224
460,222
469,222
473,221
475,221
484,217
509,148
525,129
509,217
587,230
649,235
634,234
618,232
587,229
587,228
618,216
324,211
324,210
317,211
587,218
571,227
525,230
525,234
525,234
509,234
509,233
509,230
509,233
509,233
509,236
501,233
497,232
495,233
525,221
509,221
501,231
497,237
495,232
494,232
493,234
493,234
493,232
493,233
493,233
493,234
509,225
509,223
509,223
525,223
540,222
540,221
540,216
91,212
83,211
556,220
540,226
556,224
434,234
433,232
432,235
432,235
432,233
432,237
665,224
681,231
696,215
493,222
477,214
189,217
696,217
509,221
509,217
76,211
91,211
649,217
121,215
98,216
634,221
634,220
634,217
634,223
603,215
91,215
83,217
87,217
145,215
587,214
556,221
571,229
556,229
556,230
556,233
556,234
556,234
556,235
556,232
478,225
297,224
290,239
280,238
275,238
272,238
271,237
277,240
280,237
402,223
395,229
406,217
493,211
493,214
493,213
493,214
485,217
481,219
479,220
478,221
478,223
478,226
469,227
450,228
441,230
459,227
468,228
473,219
483,211
488,116
618,210
618,138
461,212
540,212
556,216
540,215
540,213
540,210
525,211
525,211
509,210
509,211
525,210
509,212
509,211
1553,221
1522,222
1538,226
1553,217
46,67
5839,135
5902,96
6042,100
6182,84
6369,216
6182,212
6120,215
5107,180
4780,212
5232,216
7351,122
7305,177
7242,161
7180,168
5419,213
5372,220
5341,215
6229,190
6198,177
4561,218
4546,215
61,48
3595,96
31,48
3455,58
46,71
61,51
3034,171
3112,74
2753,100
2520,168
727,224
727,232
712,232
712,232
712,233
712,233
727,231
727,230
743,222
758,225
774,223
1772,216
1491,223
1475,218
1304,228
1429,227
1413,229
1413,229
1382,232
1382,230
1039,227
1351,226
1351,234
1335,232
1226,235
1210,235
1210,235
1195,234
1195,236
1195,235
1210,224
1242,214
373,229
373,231
373,236
373,238
393,225
390,228
389,226
395,229
398,227
393,228
397,225
399,226
408,226
405,225
411,226
414,226
457,223
459,224
468,223
473,223
475,221
484,218
488,216
525,96
509,211
509,217
525,213
351,197
634,234
618,230
587,230
603,226
618,214
324,211
330,210
587,212
587,222
587,226
571,228
571,230
509,229
509,232
509,234
509,233
509,235
501,233
509,234
501,235
497,234
495,233
494,233
493,235
489,233
491,234
492,231
492,231
492,232
492,232
492,232
492,235
492,232
492,231
492,232
492,230
525,223
525,221
525,221
540,221
540,218
46,211
61,214
540,220
540,231
556,224
571,218
571,219
432,235
432,236
432,234
432,231
665,223
681,229
696,214
494,220
486,215
151,218
143,220
139,219
509,217
509,211
61,211
650,217
106,215
98,218
634,220
634,219
634,219
634,219
618,223
618,220
91,216
167,215
185,215
587,217
572,223
556,226
556,230
556,233
556,230
556,232
572,234
540,234
525,230
461,224
297,231
290,238
287,239
278,239
274,240
279,238
281,239
282,239
283,240
337,219
402,213
494,212
494,213
494,215
494,215
486,217
482,220
480,220
479,219
478,224
478,225
478,225
441,229
444,227
461,229
469,226
473,218
483,210
759,168
603,210
461,145
461,212
461,215
461,174
556,214
525,211
540,210
525,211
525,210
525,211
509,197
509,210
509,211
509,211
509,210
501,211
1538,228
1569,193
46,67
5824,132
5933,90
6151,84
6370,174
6354,215
6167,214
6105,215
6027,215
5980,214
3607,5
36693,20
43221,28
23149,28
64705,27
60856,27
3265,21
60634,20
60637,20
18078,24
10177,24
21957,24
6822,190
6775,171
4764,220
4733,220
4702,219
4671,220
4655,219
4624,219
4608,220
4577,220
4562,219
4546,113
52048,11
8104,11
37738,10
47444,9
27585,9
23506,9
52439,95
16700,39
11348,23
6926,96
2395,212
2208,211
712,233
712,233
712,233
712,234
727,233
743,231
759,222
759,225
790,219
1756,222
1741,225
1709,228
1304,229
1429,229
1413,232
1382,227
1382,231
1382,232
1039,228
1351,228
1335,232
1335,236
1320,235
1304,229
1211,236
1195,235
1195,234
1195,235
1211,226
402,214
387,232
380,234
376,240
374,240
373,235
373,237
392,227
397,227
392,226
397,229
399,228
400,225
401,225
409,227
413,228
415,226
416,226
416,226
41230,129
471,223
474,220
476,222
485,220
489,215
509,129
509,210
509,218
525,212
373,203
373,184
356,177
364,180
368,129
370,168
572,151
603,217
587,224
572,230
587,227
650,232
634,233
603,232
556,220
572,212
297,210
310,155
317,180
307,177
556,212
525,221
525,230
525,233
509,233
509,231
494,236
494,233
494,232
486,235
490,235
492,234
493,235
493,224
509,217
501,222
497,229
495,232
494,231
494,233
494,232
494,233
509,230
501,234
509,229
509,226
509,223
525,225
525,223
525,224
572,223
587,222
587,223
587,222
447,217
447,221
447,225
447,233
439,234
435,233
433,237
432,234
136,235
136,235
136,232
128,224
124,227
122,219
129,217
696,223
681,215
525,221
509,217
121,211
618,217
203,215
618,214
243,216
256,214
121,214
182,217
603,215
76,216
132,216
111,216
257,215
509,232
525,229
525,228
525,229
540,234
540,237
556,238
556,235
556,235
556,235
540,226
517,222
556,237
402,226
395,232
391,226
382,233
392,230
404,222
410,220
399,224
400,228
423,211
494,213
478,227
469,231
473,231
475,227
373,226
362,228
417,228
439,226
450,228
448,226
432,228
439,227
572,214
572,214
572,213
556,223
572,221
587,210
556,180
556,177
556,214
540,217
572,214
525,203
587,174
541,211
572,219
572,217
572,211
6339,142
6354,212
1554,221
1522,221
1507,224
1554,227
1616,77
6001,24
57952,24
50132,24
6101,24
51672,23
31705,23
23769,23
11219,21
54485,19
49364,81
16790,56
11348,19
7258,129
7165,210
5435,132
5388,220
5341,221
6245,145
6214,210
6167,171
6868,96
6853,210
6791,171
4780,184
3424,54
3377,80
76,48
3065,93
3034,145
2847,90
2551,155
2489,206
2411,212
2395,214
2395,212
2224,218
712,231
728,233
728,233
743,226
759,223
774,227
821,216
1756,224
1725,226
1710,228
1678,226
1647,227
1413,232
1398,227
1382,234
1367,227
1055,225
1351,231
1335,233
1335,234
1320,233
1304,227
1289,233
1289,233
1195,234
1195,237
1211,223
388,219
380,231
376,237
374,234
373,238
373,235
373,238
373,234
373,234
399,227
401,227
402,226
402,228
402,224
409,227
413,227
415,226
416,225
416,225
416,224
416,227
476,220
485,220
481,215
284,93
509,213
509,218
525,213
351,155
369,161
371,211
372,203
361,145
603,213
311,210
311,210
603,213
587,218
572,227
572,229
572,230
556,228
556,228
556,220
311,212
509,232
509,235
501,232
497,232
495,233
494,235
494,234
494,234
494,236
494,233
494,234
494,233
5932,14
2975,233
60417,235
59393,236
59393,237
59649,237
59393,237
59393,237
59393,237
59393,237
59393,237
59649,237
493,232
493,232
509,232
509,233
509,229
509,225
525,224
525,223
525,221
525,223
525,223
541,220
587,222
603,220
447,217
447,221
439,226
435,233
433,235
425,234
421,236
426,233
429,232
430,232
127,233
131,225
126,224
131,220
118,218
696,222
681,214
525,222
509,214
509,211
61,211
650,219
236,219
241,216
245,217
224,215
232,218
237,218
226,216
166,216
191,214
270,218
263,216
572,218
541,226
525,227
525,233
556,238
556,236
556,237
556,234
556,237
509,226
501,218
297,238
290,240
395,231
391,227
389,231
403,231
410,218
556,220
388,228
395,222
461,212
477,215
485,214
489,214
473,231
467,227
351,228
351,226
417,227
439,228
450,228
441,228
436,227
448,228
463,227
470,224
556,214
556,223
572,221
556,184
556,164
541,190
572,216
541,215
541,213
541,210
525,211
525,211
572,222
556,215
572,210
6105,210
1569,212
1553,222
1538,224
1507,226
1553,225
1553,61
5793,74
5840,132
5590,177
5419,216
5169,215
5107,218
5185,216
4982,210
4780,213
5216,213
5279,210
7305,155
7274,158
7180,210
4717,220
4686,220
4655,219
4624,218
4608,220
4577,219
4562,219
4546,109
3611,71
151,54
3517,71
3377,87
2520,225
2442,225
2380,224
2333,226
2270,226
2239,222
727,229
712,232
712,234
712,234
712,234
712,230
1585,227
1569,226
1553,228
1522,229
1507,229
1491,230
1491,218
1304,219
1304,229
1429,232
1413,231
1398,228
977,220
1273,221
1242,230
1257,223
961,218
1226,233
1226,235
1211,234
1211,233
1195,234
1195,236
1195,238
380,232
384,231
386,230
387,221
394,142
383,220
385,226
386,227
387,227
394,228
398,229
400,227
430,227
431,225
439,226
443,223
445,225
453,223
457,222
459,222
468,222
473,221
483,220
488,219
572,210
603,219
572,225
572,228
618,227
650,236
634,233
587,229
587,231
587,225
634,211
310,203
298,180
556,171
540,214
525,226
525,231
525,230
509,234
509,234
509,236
509,231
509,233
509,234
493,233
493,232
493,230
493,220
509,218
501,225
497,232
495,233
494,232
494,233
494,230
494,232
509,233
509,233
509,226
509,224
509,222
525,221
525,223
525,221
525,221
540,219
46,214
61,211
447,222
447,226
447,228
439,234
435,233
426,235
429,232
430,235
423,235
427,222
650,232
712,219
129,223
125,221
696,218
696,221
509,220
525,221
76,211
76,212
665,215
665,219
121,218
121,216
253,217
216,218
229,217
222,216
230,215
236,217
212,216
227,217
234,217
572,219
556,226
556,230
540,240
556,240
556,236
556,234
556,235
556,234
461,225
297,224
290,240
287,239
278,239
274,240
384,233
400,229
540,222
388,225
388,229
395,215
461,212
477,214
485,214
489,216
483,218
480,218
369,228
378,222
432,228
446,228
446,228
439,228
435,228
441,226
459,226
468,219
473,212
540,119
19726,68
572,219
556,177
525,142
556,210
556,214
540,215
540,214
525,211
525,211
525,211
509,211
509,211
509,211
509,212
509,211
501,210
509,212
501,213
497,213
540,190
556,210
572,223
572,215
6370,213
6354,212
6167,215
6073,215
5996,214
5964,211
5434,214
5060,213
5388,212
5216,210
5419,203
5403,218
5356,220
5372,138
6245,210
6183,174
6884,71
6853,158
6822,177
6775,161
4764,219
4733,220
4702,219
4686,221
3050,126
2863,90
2754,129
2504,210
2411,203
2395,215
2395,215
2208,203
2224,216
2613,224
2520,224
2473,226
759,221
759,227
790,221
1756,223
1741,226
1709,225
1694,226
1663,226
1631,228
1616,227
1600,226
1569,227
1039,228
1351,230
1335,233
1335,235
1320,235
1304,227
1289,234
1289,234
1289,230
977,222
977,221
1273,220
380,231
376,235
374,237
373,238
373,234
373,235
373,232
373,235
373,234
373,233
373,234
380,231
409,226
413,225
415,226
416,226
416,226
416,227
416,226
424,226
428,223
430,227
438,225
435,225
509,216
509,217
388,193
380,210
376,168
374,174
362,184
367,151
359,158
366,122
587,214
587,220
587,225
572,228
572,230
556,227
556,229
556,222
556,215
310,210
587,184
284,164
290,203
556,200
494,233
494,233
494,232
494,234
494,233
493,233
493,235
493,234
493,236
485,234
489,236
491,232
492,234
492,234
492,232
492,233
492,234
492,234
492,232
492,232
492,232
509,231
509,233
509,229
5676,14
5276,44
57090,91
57088,59
56322,59
56322,75
56322,75
57090,75
56322,75
57346,75
56322,190
55553,183
437,232
427,233
429,232
430,234
431,232
424,234
428,232
634,228
681,228
696,213
493,220
485,215
696,223
665,214
509,218
509,214
509,210
106,212
649,220
91,216
106,216
634,219
634,221
634,217
223,216
157,217
131,217
187,215
139,215
177,215
587,215
571,220
556,228
556,230
556,230
556,231
556,236
556,234
556,235
540,232
446,223
297,229
290,238
280,239
275,240
272,238
271,238
277,239
556,222
388,224
388,229
395,213
478,211
485,213
489,213
491,214
484,216
481,219
479,220
478,221
432,223
446,230
453,227
442,229
437,228
457,225
467,228
472,219
482,211
480,113
634,174
634,151
556,164
540,206
556,213
556,215
540,211
525,180
525,211
525,211
525,210
509,211
509,210
509,211
1569,214
1538,222
1522,224
1522,227
1553,221
106,116
98,100
5902,116
6011,96
6182,116
6385,213
6354,213
5185,216
5123,210
4780,214
5216,213
5263,206
7320,171
7258,193
7149,210
5434,138
5387,221
5341,221
6260,164
4608,218
4577,221
4546,219
4546,106
3595,84
91,51
91,67
3455,54
16,29
3096,87
3018,142
2863,84
2270,225
2239,221
712,231
712,233
712,233
712,232
712,233
712,232
727,230
743,228
758,222
758,225
1507,229
1491,229
1460,218
1304,224
1304,226
1429,230
1413,230
1397,228
1382,233
1366,224
1055,222
1351,233
1226,223
1226,233
1210,234
1210,236
1195,234
1195,236
1195,237
1195,236
1226,217
388,225
380,234
365,236
398,214
393,224
390,227
396,227
399,228
393,226
397,225
399,229
400,224
401,226
401,225
409,226
445,223
453,223
457,223
467,221
472,220
475,220
484,219
488,219
525,135
509,210
509,217
509,215
665,232
634,233
603,230
587,230
603,227
618,214
324,211
317,210
320,211
587,219
571,225
556,227
525,230
509,232
509,233
509,233
509,235
509,233
509,233
501,234
497,234
495,234
494,234
493,237
501,225
497,234
495,233
494,234
493,235
493,232
493,235
493,232
493,233
493,232
493,232
493,235
509,224
525,222
525,221
525,218
525,217
540,214
76,212
76,213
540,225
556,229
571,220
76,220
432,235
432,235
432,235
432,235
424,227
649,230
696,223
540,215
478,218
712,212
151,219
143,220
525,220
91,210
76,212
696,212
665,219
136,216
106,217
634,221
634,222
634,219
618,221
618,222
166,216
257,215
91,215
153,216
571,221
556,226
556,230
556,228
556,232
556,232
556,233
525,232
556,235
525,227
525,222
283,233
283,239
276,240
273,240
271,241
277,239
280,238
281,237
282,239
388,228
402,213
493,213
493,212
493,214
493,216
485,217
481,219
479,220
478,221
478,223
478,224
454,226
443,229
437,225
457,226
467,227
472,221
475,212
484,164
618,210
571,168
461,212
453,215
556,215
540,215
540,212
525,190
525,211
525,210
525,210
525,211
509,211
509,212
509,212
501,211
1538,223
1522,226
1553,224
46,84
68,87
5855,138
5995,122
6167,126
6401,213
6354,212
6151,215
6073,216
3607,92
44116,18
24787,20
36823,20
35282,28
27258,28
7336,28
60859,27
3194,21
60636,20
26075,24
18088,24
6931,87
6853,171
6806,171
6790,151
4749,220
4733,219
4702,220
4686,218
4655,219
4624,218
4608,219
4577,219
52071,11
8084,11
63332,9
47463,9
7883,95
17199,117
11348,23
27150,95
2411,211
2411,214
2411,211
2208,215
727,231
712,231
712,233
712,233
712,232
727,231
727,232
743,228
759,224
774,224
821,215
1756,224
1476,219
1304,227
1304,221
1429,231
1413,231
1398,229
1382,230
1382,221
1055,219
1351,233
1335,234
1320,231
1211,235
1211,234
1211,236
1195,234
1195,238
1195,233
1242,215
373,227
373,233
373,237
373,236
373,236
389,227
395,226
391,229
396,226
399,227
400,225
401,225
401,225
409,225
413,226
415,226
416,227
457,222
467,222
472,220
475,220
484,218
489,216
525,122
509,211
509,217
509,213
373,206
373,193
603,227
587,229
587,224
618,211
324,187
324,210
587,212
587,221
587,227
572,228
572,229
556,226
509,234
509,234
509,232
509,233
509,236
509,231
501,233
497,235
495,235
494,233
494,235
494,235
493,234
493,233
493,233
493,232
493,233
493,231
493,232
493,231
493,232
493,232
493,233
493,231
525,224
525,220
525,221
556,215
91,212
68,212
541,223
541,228
572,221
556,220
556,219
587,221
432,236
432,233
432,230
665,229
681,224
712,213
478,220
478,214
728,218
151,222
143,218
139,220
151,210
113,211
634,218
76,216
106,216
634,219
634,220
634,219
634,221
618,223
618,220
618,219
153,215
257,215
587,218
572,222
556,228
556,231
556,229
556,233
541,234
556,232
541,231
509,227
525,220
284,230
284,240
277,238
273,241
271,240
277,237
280,238
282,238
283,241
297,220
556,231
494,212
494,214
486,214
482,214
488,217
483,220
480,217
479,221
478,223
478,223
478,225
478,223
5932,14
16035,180
58113,201
58113,211
56833,216
56065,227
54017,184
26370,106
49410,91
33026,205
54529,198
55041,201
587,187
556,215
728,213
759,212
556,218
556,222
572,218
556,161
556,203
556,211
556,216
541,217
494,212
494,212
603,138
556,210
572,220
572,212
572,142
6339,210
1554,215
1554,224
1522,222
1522,227
5403,212
5061,213
5403,212
5232,212
5435,210
5403,213
5154,217
5123,217
5201,213
5076,206
4780,213
5216,217
6837,180
4780,212
4749,220
4733,219
4686,219
4655,219
4640,218
4609,218
4593,220
4577,220
4546,216
91,64
2395,210
2208,219
2629,221
2551,225
2473,224
2411,226
2348,224
2302,226
2239,225
727,222
712,229
712,232
1678,227
1647,227
1616,227
1600,227
1585,228
1553,227
1538,228
1522,228
1507,228
1491,224
1320,219
1304,227
1289,235
1289,232
1289,220
977,223
1273,219
1242,230
1242,229
961,222
1226,228
1226,233
1211,236
1211,236
373,236
373,234
373,233
380,231
384,232
386,229
387,223
402,193
395,218
391,226
396,225
392,230
416,225
424,226
428,225
430,225
431,226
439,223
443,225
445,223
446,223
453,223
457,222
467,222
375,135
363,155
368,148
556,177
603,217
587,225
572,229
587,227
650,234
634,232
603,227
587,228
572,210
324,206
317,184
307,197
295,180
556,212
525,223
525,229
509,232
509,233
525,233
509,234
492,234
493,235
493,235
485,233
489,235
483,233
509,220
509,216
501,227
497,231
495,234
494,230
494,235
494,233
509,232
509,231
509,233
509,227
509,224
509,224
525,222
525,222
525,222
525,223
587,223
587,223
603,219
447,218
439,222
435,229
433,232
432,233
432,234
432,234
432,233
424,235
136,231
128,227
132,224
126,224
131,221
141,217
696,222
509,220
525,221
509,212
76,210
76,214
243,218
250,215
253,216
243,216
243,216
243,215
223,215
164,216
587,215
76,215
159,217
187,215
509,229
540,228
525,227
540,237
540,239
540,238
556,231
556,235
556,238
509,224
493,219
284,238
402,227
395,233
391,227
382,232
392,232
404,218
410,221
406,228
404,225
425,212
494,213
494,214
475,229
468,232
457,226
373,227
362,228
375,225
396,228
461,228
454,224
443,228
437,225
457,228
727,213
587,213
556,220
556,220
572,213
540,119
556,174
556,213
556,214
556,216
540,212
525,210
540,145
572,211
572,223
572,211
572,100
6354,213
1553,219
1538,221
1522,223
1538,226
1569,215
61,64
5388,213
5216,210
5419,213
5434,211
5138,217
5154,217
4982,214
5092,158
4780,211
5232,217
7367,161
7274,145
4749,220
4717,219
4686,219
4655,219
4624,219
4608,220
4593,219
4562,219
4546,213
76,64
3595,71
121,74
35512,9
23506,9
23510,9
19668,9
45266,8
42205,96
17400,228
11348,19
49166,96
2613,223
2535,225
2473,224
712,233
727,231
743,232
759,221
759,226
790,222
1772,221
1741,226
1709,226
1694,227
1663,226
1647,226
1413,228
1398,231
1382,233
1039,228
1351,230
1335,234
1320,236
1320,236
1304,228
1289,234
1289,234
1273,230
1195,237
1211,224
388,214
380,231
376,235
374,237
373,235
373,237
373,236
373,234
373,234
373,235
401,227
401,228
409,226
405,227
403,230
410,225
413,224
415,227
416,226
416,223
416,227
424,225
484,223
489,215
284,119
509,212
509,218
525,213
373,158
373,210
362,187
367,187
370,180
371,180
330,210
320,210
587,215
587,219
572,227
572,226
556,228
556,229
556,225
556,216
310,211
310,193
509,232
509,230
501,234
509,229
501,233
497,234
495,234
494,232
486,232
490,235
492,236
493,233
494,231
494,234
494,235
494,234
494,231
494,232
494,234
494,231
494,232
494,234
494,232
494,232
76,211
540,214
540,228
556,226
572,220
76,220
572,221
556,219
587,221
587,222
587,226
587,225
696,222
525,217
509,217
727,215
136,220
143,221
147,216
149,225
142,234
139,235
137,231
129,228
91,217
634,220
634,222
634,218
618,219
618,219
618,219
634,216
243,216
250,216
243,217
250,218
556,227
556,227
556,231
556,232
525,233
556,230
525,229
509,227
509,227
509,232
509,230
525,229
273,240
271,239
277,236
280,241
281,239
289,239
306,219
556,231
556,238
556,238
402,228
395,230
484,217
481,222
479,220
478,222
478,226
478,223
478,224
478,227
478,226
478,228
478,230
469,229
482,210
790,155
603,210
478,180
462,214
461,216
469,200
481,109
556,215
571,214
727,214
571,212
525,211
509,206
509,212
509,211
509,211
509,211
509,214
501,213
497,216
495,177
540,193
571,217
6089,100
6338,142
6354,216
6167,214
6104,215
6042,216
5980,213
5419,212
5060,187
5419,190
5387,203
5232,187
28174,86
5403,217
5356,219
5341,210
6229,200
6182,210
6182,84
6853,171
6821,158
6759,184
4764,220
4733,221
4686,219
4655,219
4639,218
4608,219
4593,220
4561,219
4546,197
106,74
3580,64
3486,54
3392,58
121,48
2442,224
2395,224
2317,225
2270,226
2239,223
727,228
712,232
712,233
712,235
712,232
727,232
727,231
1569,228
1538,227
1522,228
1507,228
1491,230
1335,218
1304,221
1304,226
1429,231
1413,231
1382,228
1382,231
1257,222
1242,230
1257,221
1242,221
1226,233
1210,233
1210,235
1210,235
1195,236
1195,236
1195,237
1226,218
383,230
385,227
386,214
387,211
387,223
387,227
387,225
387,226
394,226
398,228
400,229
401,227
441,225
443,222
444,225
452,223
456,222
458,223
468,220
473,221
475,221
484,221
488,219
490,210
587,221
571,226
571,232
665,229
649,233
618,233
587,228
587,229
618,219
324,210
324,206
330,210
315,210
540,216
525,227
525,232
509,232
509,235
509,232
509,238
509,235
509,234
509,236
501,234
488,234
490,227
509,217
509,219
501,227
497,232
495,233
494,232
493,233
493,231
493,233
493,231
509,229
509,227
525,225
525,225
525,222
525,221
525,221
525,219
540,218
91,213
83,211
540,219
446,226
439,231
435,232
433,235
432,232
432,234
432,234
432,234
634,223
681,231
696,215
509,220
129,217
696,223
696,221
509,220
509,221
106,211
83,211
650,218
121,216
121,221
113,218
634,221
250,216
203,215
216,217
209,217
165,215
120,216
168,219
257,216
572,221
572,226
556,230
556,231
556,237
556,238
556,235
556,236
556,237
478,224
509,217
284,238
284,238
284,236
277,238
273,238
388,229
572,220
402,220
395,228
398,223
478,212
486,213
490,214
492,216
493,215
485,218
481,219
351,226
417,228
432,227
446,227
446,227
431,229
439,225
458,228
468,225
473,216
483,180
774,184
587,211
556,187
540,180
540,212
556,216
540,215
540,210
525,211
525,211
525,210
509,211
509,211
6089,129
6354,213
1538,221
1538,221
1507,224
1553,227
1585,113
61,71
5824,168
5964,116
6120,96
6401,210
5123,219
5185,217
4982,212
4780,211
5201,212
5247,214
7320,168
7274,197
7164,210
7164,158
5403,219
5356,222
4624,219
4608,219
4593,220
4562,218
4546,193
61,74
38,71
3502,67
46,67
3299,48
3065,84
3034,138
2333,227
2270,226
2239,222
727,230
712,231
712,234
696,233
712,232
712,234
727,232
743,229
759,223
1522,228
1507,229
1491,228
1335,218
1304,224
1304,227
1429,230
1413,229
1398,229
1382,233
1382,225
1039,224
1242,221
1226,224
1226,233
1211,234
1211,233
1211,236
1195,235
1195,237
1195,237
1226,218
373,224
373,229
385,211
386,214
387,225
394,226
391,225
389,226
395,228
398,228
400,228
408,226
405,225
411,224
445,225
446,224
453,221
457,221
459,220
468,222
473,221
475,222
484,218
509,174
509,155
509,216
587,228
650,232
634,231
603,231
587,228
587,225
618,214
665,187
324,200
324,211
587,220
587,225
525,227
509,230
509,232
509,234
509,233
509,235
509,234
509,232
509,235
501,233
497,233
495,235
509,215
501,223
497,233
495,232
494,233
494,235
494,232
494,234
494,233
494,233
494,234
494,231
525,226
525,225
525,222
525,223
509,221
525,220
540,215
106,211
113,210
540,220
540,229
556,220
433,235
432,235
432,235
432,236
432,235
432,235
634,226
681,230
712,213
494,221
477,214
151,218
696,219
525,221
509,215
121,210
113,212
665,217
121,215
113,215
665,219
634,223
634,218
618,221
229,217
229,215
152,215
121,217
257,215
587,215
556,224
556,226
556,227
556,231
556,233
556,233
556,235
556,234
556,237
447,223
297,221
290,239
287,238
278,240
274,240
279,239
281,240
282,238
402,222
395,230
398,217
478,211
486,214
490,214
492,215
485,218
481,220
479,219
478,220
478,223
439,227
450,227
441,228
436,228
441,225
451,228
464,225
479,213
486,155
774,164
556,200
461,210
556,211
556,214
540,214
540,214
525,212
525,210
525,211
525,212
525,210
509,206
509,211
509,210
1538,222
1538,222
1522,227
1553,224
46,96
5808,84
5871,113
6011,116
6214,90
6385,213
6338,212
6151,213
5123,210
4780,214
5232,216
5247,158
7336,168
7274,171
7164,193
5434,168
5388,220
5341,219
6245,187
6245,177
4577,220
4546,220
16,54
3580,96
106,54
68,67
72,71
59,51
3065,106
3019,135
2832,103
2504,126
2239,220
712,231
712,233
712,232
712,234
712,236
712,232
727,232
743,226
759,225
774,225
821,216
1491,230
1335,217
1304,224
1304,222
1429,233
1413,228
1398,231
1382,234
1382,221
1055,219
1351,232
1335,233
1226,235
1211,234
1211,236
1211,235
1195,235
1195,237
1195,234
1258,217
373,228
373,233
373,237
373,238
389,225
388,228
395,228
399,229
401,228
402,225
402,228
402,224
402,227
409,227
413,228
415,224
453,223
457,224
459,222
468,224
473,221
483,219
488,215
474,119
525,180
509,219
525,214
373,190
634,233
603,229
587,227
603,225
618,212
311,200
324,206
603,212
587,220
587,226
572,226
556,230
509,233
509,236
509,234
509,233
509,235
509,233
509,233
501,236
497,234
495,235
486,234
490,235
497,231
495,235
486,234
490,234
492,235
493,230
493,235
493,233
493,235
493,232
493,233
493,235
525,223
525,224
525,220
541,223
106,216
91,211
76,213
541,224
541,227
556,222
76,220
76,221
15118,25
424,232
428,235
430,233
423,235
650,224
681,228
712,213
478,223
478,214
151,218
151,223
147,220
141,234
138,235
137,235
136,228
136,226
128,225
132,218
126,219
696,223
712,216
525,220
618,215
618,217
634,215
618,215
230,216
236,217
241,216
603,216
257,217
216,218
603,216
91,215
509,229
509,228
509,230
509,231
525,229
525,229
541,235
541,237
556,236
556,237
556,233
556,235
525,229
556,235
556,237
403,221
395,233
391,229
382,231
385,231
401,227
556,225
388,225
388,229
478,225
478,227
478,228
478,228
469,230
473,231
417,225
351,226
369,226
393,226
461,226
461,226
469,116
603,180
556,215
728,213
572,213
556,217
556,220
556,219
556,197
556,158
556,211
556,214
497,214
495,214
494,213
525,197
556,203
572,222
572,214
556,145
6323,206
1554,213
1554,222
1522,222
5466,206
5403,213
5061,214
5403,212
5232,211
5606,197
5403,215
5170,216
5107,218
5201,215
5061,210
4780,212
35240,28
15246,28
11143,28
15288,21
3246,21
56797,20
26076,24
18097,24
6091,24
11986,0
2397,88
17793,179
76,67
3580,64
3580,87
3440,54
76,61
76,42
3065,122
3034,126
2832,103
2551,113
2504,197
2395,212
712,234
712,234
712,234
712,234
728,231
728,230
743,227
759,223
774,225
821,216
1756,225
1725,228
1304,227
1398,220
1429,230
1413,230
1398,229
1382,233
1382,217
1367,219
1351,235
1335,234
1320,236
1304,233
1211,236
1211,235
1195,236
1195,235
1195,232
1242,217
373,228
373,232
373,237
373,239
373,235
373,233
387,228
395,226
399,228
401,227
402,229
402,226
402,224
409,228
413,225
415,224
416,226
416,226
471,221
474,221
476,221
485,219
489,214
31,106
509,213
509,217
525,211
373,187
355,155
353,180
587,229
603,222
650,210
311,210
317,211
603,215
587,224
572,227
572,228
556,229
556,226
556,223
509,233
509,234
501,233
509,235
501,233
497,234
495,233
494,234
494,234
494,235
494,233
494,234
493,233
493,234
493,233
493,230
493,235
493,232
493,233
493,230
493,235
493,232
493,233
493,232
525,221
540,222
556,213
76,211
540,215
540,225
556,226
556,221
46,221
53,221
572,221
572,222
432,234
432,227
665,232
696,220
525,216
509,219
151,214
151,219
151,220
143,218
139,222
137,231
91,213
650,218
91,217
83,216
634,219
634,220
634,218
618,221
618,220
634,221
618,217
618,217
257,216
572,220
572,222
556,228
556,232
556,230
556,233
540,234
556,232
556,231
509,227
509,229
297,235
290,241
280,238
275,239
272,238
278,239
281,239
282,242
289,242
299,218
556,229
556,237
5932,14
14240,238
54529,238
54785,238
55297,230
55809,226
56321,224
56321,223
56833,222
57089,222
57089,222
57345,222
478,227
469,229
473,231
467,230
417,223
351,228
369,225
432,225
446,228
446,228
439,227
435,225
556,215
587,214
743,213
556,217
556,218
556,217
556,148
556,155
556,210
540,214
556,216
540,212
494,213
540,203
571,200
571,223
556,214
556,206
6354,210
1553,212
1538,222
1522,223
1522,226
1553,224
11876,0
61789,24
46038,24
2005,24
47576,23
27607,23
27096,21
11214,21
18899,81
17888,153
11348,23
39182,81
3607,62
38997,28
19076,28
3230,28
15051,21
3022,21
56797,20
29915,24
21950,24
6098,24
58555,26
50541,26
4780,211
4748,221
4733,220
4702,220
4671,219
4639,219
4624,218
4593,220
4577,220
4546,217
31,48
3611,67
55940,11
129,11
63341,9
43422,9
19380,9
23510,9
19414,9
8915,96
17899,131
11348,23
29198,96
2208,221
712,233
712,234
727,232
727,232
743,222
758,226
774,222
1772,218
1740,226
1725,227
1694,227
1662,226
1413,229
1397,227
1397,231
1382,232
1039,229
1351,229
1335,232
1335,234
1320,234
1304,230
1288,234
1288,234
1195,237
1195,237
1210,222
388,219
380,235
376,234
374,240
373,236
373,236
373,235
373,236
373,236
400,228
401,229
401,226
401,226
401,226
409,225
413,227
415,224
416,227
416,227
416,226
424,225
483,221
488,217
490,190
61,119
509,217
509,217
373,197
373,210
362,203
356,200
364,190
368,197
337,184
323,184
316,212
603,217
587,224
571,227
571,228
556,227
556,229
556,223
571,214
297,210
509,234
501,235
497,234
495,232
494,234
493,234
493,235
493,234
493,232
493,235
493,235
493,236
493,232
493,232
493,232
493,233
493,230
493,233
493,233
493,232
493,233
493,233
509,234
493,235
46,214
53,211
556,213
540,228
540,228
571,220
571,219
46,221
571,223
571,224
571,222
587,224
665,232
681,224
525,217
501,218
712,213
136,218
143,222
147,216
141,222
138,230
137,238
136,234
106,214
113,216
634,218
634,219
634,219
618,221
618,220
634,218
618,218
243,214
243,217
174,216
556,222
556,227
556,230
556,230
556,232
540,232
540,233
540,229
525,228
509,231
509,230
509,229
276,239
273,238
271,239
277,239
280,238
281,239
289,238
299,222
540,231
556,238
556,236
525,221
489,213
491,217
484,217
481,219
479,220
478,223
478,223
478,226
478,226
478,226
478,232
478,232
470,221
481,211
487,148
618,210
525,135
461,213
461,215
461,211
509,109
556,174
556,214
587,212
525,211
525,210
509,210
509,210
509,211
509,210
509,211
493,210
509,212
493,213
493,210
540,187
31,100
6073,126
6229,96
6385,214
6198,210
6136,215
6073,215
5995,215
5949,187
5403,211
5076,211
5403,213
7149,184
5419,213
5372,222
5341,215
6214,210
6198,193
6182,148
6915,142
6837,197
6806,180
4780,215
4748,219
83,45
3190,67
3034,145
2909,77
2753,135
2520,210
2411,200
2395,213
2395,212
2395,210
2224,218
2582,223
712,231
743,230
758,222
758,225
805,219
1756,225
1740,226
1709,227
1678,226
1662,226
1631,225
1616,226
1382,233
1366,222
1055,222
1351,232
1335,233
1320,232
1304,234
1288,227
1288,235
1288,232
1273,226
977,221
1226,216
373,226
373,233
373,236
373,238
373,237
373,235
373,235
373,236
373,234
373,235
373,234
401,225
409,224
405,225
411,227
414,227
415,226
416,226
416,225
416,226
424,228
428,226
437,225
509,164
509,177
509,218
509,214
351,187
351,177
351,164
351,210
362,148
367,200
370,161
540,142
603,210
587,217
587,226
571,228
556,227
556,228
556,227
556,218
571,211
571,210
310,187
303,148
501,233
497,236
495,233
494,234
493,234
493,232
493,235
493,232
493,234
493,235
493,234
493,236
492,232
492,234
492,231
492,232
492,230
492,231
492,231
492,231
509,233
501,235
497,233
509,231
540,220
540,227
556,225
571,221
76,220
61,221
571,220
587,223
587,219
587,223
587,227
587,215
525,221
501,217
727,216
136,219
136,219
136,218
136,227
136,233
136,237
136,232
136,223
128,225
634,219
634,221
618,221
618,223
618,221
618,217
618,217
257,217
618,216
243,219
250,218
253,217
556,230
556,232
556,231
556,235
540,234
525,230
509,226
509,229
509,231
509,228
525,229
525,228
271,239
277,237
280,239
281,237
289,234
556,217
556,234
556,237
556,232
402,229
395,232
384,223
481,220
479,219
478,221
478,223
478,223
478,225
478,227
478,226
478,229
469,231
465,231
456,226
774,193
618,206
494,200
477,215
469,215
473,132
509,116
556,213
572,213
587,212
587,214
556,220
509,203
509,211
509,211
509,210
509,211
501,212
497,213
495,212
525,161
540,210
572,218
572,219
6385,200
6370,215
6167,215
6089,214
6011,217
5980,212
5434,214
5076,210
5403,210
5388,187
5403,190
5419,218
5356,221
6260,135
6214,210
6167,174
106,61
6868,161
6806,168
6790,193
4764,220
4733,221
4702,219
4686,219
3034,132
2878,129
2722,116
2520,210
2411,211
2395,214
2395,211
2224,213
2660,215
2582,225
2504,224
2442,224
759,224
774,228
821,216
1756,226
1725,226
1709,225
1678,225
1647,227
1631,227
1616,226
1585,227
1569,228
1366,220
1351,235
1335,235
1320,232
1320,234
1289,228
1289,236
1289,234
1289,224
961,221
961,220
1242,229
373,234
373,237
373,235
373,237
373,234
373,232
373,237
373,233
373,234
380,232
384,233
378,229
409,227
413,228
415,228
416,227
416,228
416,227
416,223
424,226
428,228
430,225
438,225
442,224
509,218
525,212
351,210
362,177
356,210
353,193
363,200
368,155
378,151
540,174
603,219
572,226
572,226
572,227
572,231
556,229
572,226
556,218
556,213
310,210
303,171
306,164
308,164
556,211
501,235
497,232
495,234
494,233
494,235
494,236
494,234
494,233
494,232
494,235
494,234
494,232
494,233
494,234
494,233
494,230
494,233
494,235
494,231
494,233
494,232
509,231
509,234
509,226
556,226
556,221
572,221
106,220
572,223
587,223
587,220
587,221
587,223
572,218
447,222
447,224
727,216
136,221
136,218
136,219
136,227
136,232
136,235
128,232
132,225
126,225
131,220
133,218
618,220
618,220
634,219
618,217
618,217
618,217
634,215
151,216
197,215
220,216
229,216
222,217
556,232
556,231
556,231
525,229
510,226
510,230
510,231
525,230
525,228
525,229
541,233
556,238
270,239
277,239
287,233
556,222
556,235
556,238
556,235
403,229
395,231
391,228
389,236
403,231
479,221
479,223
479,224
479,224
479,227
479,227
479,229
470,228
466,231
464,225
351,228
351,228
479,210
470,216
458,214
468,168
31,113
556,215
572,212
712,213
556,215
541,221
572,222
572,210
510,211
510,212
510,211
502,212
498,212
496,213
572,193
556,210
572,223
572,214
572,210
6354,177
2148,24
62055,24
53974,24
53204,79
18186,3
11348,21
7694,80
6152,216
6074,215
5996,216
5482,206
5419,213
20819,20
981,20
44238,18
25044,20
40921,20
31370,28
15275,28
3508,28
15314,21
64980,20
56797,20
26076,24
6214,184
6183,168
6884,138
6853,187
6791,210
4780,213
4749,220
4734,220
4702,220
4671,220
4640,218
4609,218
2505,187
2427,187
2396,212
2396,214
2396,211
2209,219
2629,222
2551,225
2474,223
2411,225
2349,224
2302,225
1772,217
1741,226
1725,226
1694,226
1663,226
1647,227
1616,227
1601,225
1585,229
1554,226
1538,228
1523,229
1336,233
1320,232
1320,230
1305,233
1289,233
1289,231
977,219
977,223
977,219
1242,229
1242,225
962,221
373,236
373,237
373,234
373,235
373,235
373,234
373,233
380,232
384,233
386,229
387,221
402,164
417,226
417,226
417,225
417,226
424,225
428,225
430,226
431,226
439,225
443,224
445,226
446,222
373,210
373,184
373,193
362,200
367,190
359,158
366,168
556,168
603,218
572,226
572,227
603,227
572,232
556,232
556,226
556,219
572,211
541,210
297,171
290,210
307,171
556,212
525,220
525,229
494,233
494,236
494,233
494,234
494,233
494,235
494,236
486,233
482,234
480,229
510,223
510,216
493,231
493,233
493,234
493,232
493,232
493,233
493,232
510,234
510,234
510,230
510,226
525,225
76,222
572,219
572,221
588,221
588,222
588,223
588,221
432,215
439,217
435,226
433,231
432,232
144,220
140,217
138,232
137,234
137,238
137,229
129,226
125,225
131,220
134,220
697,222
681,218
634,222
634,218
619,216
619,216
619,217
203,216
257,215
257,217
217,217
588,216
603,215
176,216
13582,43
525,235
510,226
510,228
510,232
510,229
525,229
525,230
525,232
541,235
556,239
556,238
556,236
556,233
479,222
297,225
290,237
287,238
278,238
274,239
272,239
278,239
281,240
282,239
388,229
403,216
479,211
486,212
490,214
492,215
485,216
482,220
480,220
479,221
479,222
479,225
447,228
439,229
435,227
441,223
460,227
469,224
474,212
484,132
619,203
588,171
462,211
462,217
556,213
541,215
541,213
517,180
525,210
525,211
509,211
509,211
509,212
509,210
509,212
509,212
54529,231
54529,234
55041,44
44546,75
53762,60
56834,60
54786,60
49410,210
54040,33
55046,2
56582,184
27724,71
5996,214
5481,197
5419,213
5076,214
5388,213
5232,212
5419,211
5419,214
5154,217
5123,220
5185,213
5123,210
47320,28
31079,28
19361,28
3233,28
11188,21
64724,20
56798,20
21978,24
14017,24
10194,24
51886,87
18292,21
4546,215
61,64
3595,87
61,58
68,67
3362,71
136,54
3034,109
3034,93
2754,132
2536,180
2426,171
712,231
712,233
712,234
712,235
712,232
728,233
728,232
743,222
759,225
774,224
1772,218
1741,226
1304,217
1304,228
1429,226
1429,229
1413,228
1398,231
1382,232
1039,226
1351,227
1351,233
1335,233
1320,235
1211,235
1211,235
1195,235
1195,236
1195,236
1195,225
1242,213
373,230
373,235
373,237
373,236
373,236
388,228
395,228
398,228
400,228
401,225
401,226
409,226
405,225
403,227
410,226
413,225
415,226
459,223
460,222
469,220
473,221
483,219
480,214
284,100
494,211
509,219
525,211
373,158
362,203
587,227
587,225
603,223
618,212
324,210
324,210
603,214
587,224
572,226
572,228
556,230
556,227
509,235
509,235
509,233
509,233
509,233
501,233
497,234
495,234
494,233
494,234
494,233
494,233
487,233
482,232
488,232
491,232
492,233
493,233
493,235
493,232
493,234
493,232
493,233
493,230
525,221
525,221
540,219
556,213
61,211
61,212
540,228
540,228
572,219
76,222
572,221
572,221
432,236
432,235
432,228
650,230
696,223
525,215
501,223
696,212
151,220
143,221
147,216
141,223
61,212
68,212
650,219
121,216
106,217
650,219
634,220
634,220
634,222
618,222
618,218
618,218
126,217
178,216
572,219
556,221
556,229
556,228
556,230
556,231
540,231
525,233
525,230
509,225
525,223
284,234
284,238
277,239
273,240
271,236
277,239
280,240
282,240
289,240
299,219
556,230
462,213
478,213
486,213
482,216
480,218
479,219
478,220
478,222
478,224
478,224
478,222
478,224
435,229
456,227
467,228
472,218
483,211
774,126
618,210
587,168
461,212
461,215
461,211
587,109
540,212
540,210
525,211
525,210
509,211
525,210
509,211
509,212
501,210
509,211
509,213
501,211
1569,214
31,64
5824,161
5933,119
6073,119
6385,100
6370,217
6183,213
6105,215
6042,215
5980,214
5434,210
3610,26
51029,28
23166,28
64683,27
3249,28
3278,21
60631,20
56798,20
21972,24
6098,24
29876,24
58461,26
6790,193
4764,220
4733,220
4717,219
4686,220
4655,218
4624,218
4608,219
4577,219
4562,219
4562,180
16,48
49754,10
47489,9
27550,9
23506,9
23510,9
9172,96
18397,4
11348,26
28430,96
2224,210
2208,216
2582,224
712,233
712,231
712,234
727,232
743,231
759,222
759,227
790,219
1756,223
1741,226
1709,226
1678,226
1429,230
1413,230
1398,229
1382,231
1382,228
1039,227
1351,229
1335,234
1335,234
1320,235
1304,229
1289,234
1195,236
1195,236
1195,239
1211,222
388,217
380,231
376,232
374,237
373,237
373,236
373,234
373,233
395,229
398,226
400,226
401,225
401,224
401,224
401,226
409,227
413,228
415,226
416,226
416,225
471,222
482,222
488,219
491,214
284,103
509,212
509,217
525,212
373,210
362,180
367,180
370,184
603,222
634,211
337,210
330,210
587,215
587,222
572,227
572,229
556,229
556,229
556,225
556,214
509,232
509,231
509,234
501,232
497,233
495,235
494,236
494,233
494,234
494,233
494,236
494,235
494,234
494,232
494,231
494,233
494,233
494,232
494,231
494,233
494,234
494,233
494,233
509,232
540,219
91,214
76,212
556,214
540,228
540,225
556,220
46,219
572,220
587,219
572,220
587,222
424,225
665,232
696,220
525,220
501,219
743,215
151,221
151,222
143,216
139,223
137,233
136,235
665,217
106,215
98,215
650,220
650,218
634,218
634,221
618,223
618,220
634,215
634,216
257,216
572,219
556,228
556,228
556,229
556,229
556,232
525,233
540,231
525,229
509,229
509,230
509,230
284,238
277,236
273,239
271,239
277,240
280,239
282,238
289,235
525,220
556,234
556,237
556,233
495,215
486,217
482,218
480,218
479,222
478,223
478,224
478,225
478,224
478,228
478,228
478,230
468,226
481,214
487,180
759,177
618,211
478,168
462,213
461,214
461,184
16,103
525,213
572,213
525,210
525,210
525,210
509,210
509,210
509,211
509,211
501,211
497,211
495,212
494,214
525,206
5824,155
5918,96
6073,103
6401,138
6370,216
6183,214
6105,214
6027,216
5980,213
5434,211
5060,161
5590,148
7180,210
7164,145
5388,218
5356,219
5356,210
6229,197
6167,203
6229,116
6884,180
6822,193
6775,164
4780,219
3439,77
31,61
61,67
3034,155
2909,103
2754,119
2504,206
2426,197
2395,214
2380,212
2224,210
2224,216
712,234
727,234
743,227
759,222
759,225
805,219
1756,226
1741,227
1709,226
1678,227
1663,226
1631,228
1398,228
1382,231
1382,226
1055,224
1351,232
1335,234
1335,233
1320,234
1273,225
1289,235
1289,234
1273,228
1195,234
1226,220
373,223
373,233
373,234
373,239
373,236
373,235
373,234
373,233
373,235
373,235
23310,123
401,227
401,224
401,226
401,225
409,224
413,226
415,227
416,227
416,224
416,227
424,226
430,226
431,223
439,226
443,223
445,225
446,223
453,224
457,221
467,222
472,221
475,220
476,221
556,122
603,216
587,223
572,226
587,230
650,231
634,235
618,232
587,230
587,227
618,214
324,211
284,135
290,187
556,210
525,218
525,230
525,231
509,235
509,230
509,235
509,233
509,234
509,235
492,234
493,234
493,236
493,225
493,217
509,221
501,230
497,233
495,234
494,231
494,234
494,232
509,231
509,232
509,232
509,223
525,225
509,223
525,221
525,222
525,222
540,222
540,217
76,213
603,216
447,220
439,224
443,230
445,235
438,235
435,232
433,232
432,235
424,233
435,221
665,232
130,224
125,223
123,219
696,221
681,222
509,217
525,221
509,212
76,212
681,214
665,218
106,216
216,216
226,220
233,217
224,218
233,216
224,217
227,216
159,216
194,218
218,217
556,218
556,224
540,226
525,235
540,239
556,235
556,235
556,234
556,236
494,223
509,221
284,237
284,237
277,239
391,227
382,231
392,230
404,220
556,223
388,229
388,223
447,210
470,213
482,212
488,214
491,216
465,227
373,227
362,229
417,225
439,226
458,229
445,226
431,228
439,228
458,229
468,224
481,214
556,224
572,221
572,210
540,180
556,184
556,214
540,215
540,214
540,210
525,197
525,212
509,211
556,217
556,211
6089,138
6354,212
1553,221
1538,221
1507,224
1553,226
1569,135
91,64
5840,151
76,113
5403,217
5169,213
5123,219
5185,218
4982,212
4780,212
5216,212
5247,214
7367,93
7289,180
7196,210
7164,171
4686,220
4655,220
4640,219
4593,218
4577,219
4562,219
4546,145
3580,77
91,54
76,51
3393,71
31,54
2442,224
2380,226
2333,224
2270,227
2239,224
727,229
712,232
712,233
712,234
712,233
712,234
727,231
1569,227
1553,228
1522,227
1507,228
1491,229
1335,217
1304,225
1304,226
1429,232
1413,231
1398,230
1382,230
1257,223
1242,230
1257,221
1242,225
1226,232
1211,236
1211,233
1211,235
1195,235
1195,236
1195,235
1242,218
380,231
384,223
386,210
387,215
387,226
387,225
387,228
394,229
398,229
400,224
401,225
401,223
442,224
444,226
445,222
446,223
453,223
457,225
467,222
472,224
475,222
484,220
489,218
297,100
587,224
572,229
587,230
650,233
634,234
618,230
587,229
587,227
618,215
324,211
324,200
317,211
525,211
525,221
525,228
525,232
509,230
509,235
509,233
509,234
509,234
509,235
509,233
501,232
490,233
492,225
509,217
501,222
497,229
495,233
494,232
486,234
490,234
492,231
493,232
493,230
509,229
509,225
525,224
525,223
525,222
525,221
540,222
525,219
540,216
46,212
46,211
541,224
447,226
447,232
439,233
435,234
433,232
432,234
432,234
432,235
634,226
681,231
696,213
494,221
139,219
681,225
665,218
525,221
509,216
106,211
98,211
665,217
106,217
106,217
665,218
634,221
243,216
174,216
188,215
202,215
139,216
257,215
257,215
603,217
572,221
556,225
556,229
556,231
556,238
556,238
556,237
556,236
541,233
461,225
297,222
290,240
287,236
278,239
274,239
272,238
394,231
572,221
388,222
388,227
395,214
494,212
486,213
490,214
484,215
481,218
487,219
482,221
362,223
417,227
439,229
450,224
441,228
436,229
448,229
463,226
470,219
474,211
525,135
634,197
572,177
541,184
556,210
541,215
541,216
556,213
525,203
525,211
525,212
525,210
509,210
509,211
6354,213
1554,217
1554,224
1522,222
1522,226
1554,220
46,61
5793,132
5887,119
6042,96
6167,106
6385,215
5123,218
4967,212
5123,177
4780,213
5232,216
7351,132
7305,142
7242,193
7180,206
5434,213
5372,221
5356,218
4624,220
4593,218
4577,218
4562,217
136,45
3611,100
76,51
68,64
3330,74
91,61
3050,129
3019,126
2302,228
2239,225
727,221
712,230
712,234
712,231
712,235
712,233
727,230
727,231
743,223
759,226
1522,229
1507,228
1491,228
1304,218
1304,229
1413,222
1429,231
1398,229
1398,232
1382,232
1039,224
1351,222
961,221
1226,229
1226,234
1211,235
1211,234
1195,235
1195,235
1195,238
1195,229
1226,216
373,232
373,235
401,184
394,222
391,226
389,226
395,228
398,230
400,229
401,226
401,227
401,229
401,225
409,227
446,226
446,223
453,225
457,220
467,220
472,219
475,220
476,219
485,213
572,87
509,213
509,217
618,228
650,237
634,235
587,227
587,228
587,223
618,211
324,197
304,210
603,214
587,220
572,225
525,230
525,231
509,232
509,234
501,230
509,233
509,233
509,233
509,234
501,235
497,235
495,234
509,217
501,226
489,232
491,233
492,232
493,233
493,233
493,233
493,231
493,232
493,232
493,232
509,223
525,223
525,222
525,221
525,222
525,219
540,216
46,212
61,212
525,223
540,228
556,221
437,233
434,233
433,235
432,235
432,234
432,233
665,225
681,229
696,216
494,219
486,214
136,219
525,216
525,219
509,213
76,211
76,213
650,218
91,216
83,219
650,220
634,223
634,216
634,220
208,216
603,215
284,214
76,215
139,218
572,220
572,224
556,227
572,228
556,231
556,230
540,232
556,237
556,235
556,231
461,223
297,232
290,241
280,239
275,240
272,240
278,238
281,240
282,239
402,226
395,230
406,213
478,213
486,213
490,213
492,215
493,216
485,219
481,219
479,221
478,222
45582,61
461,229
461,226
446,230
439,227
450,227
464,227
471,221
474,211
743,96
618,211
618,142
461,214
461,212
477,106
556,211
556,213
587,215
587,212
556,218
556,221
556,215
572,138
540,155
509,211
501,212
489,212
491,213
492,211
525,210
572,214
572,224
572,213
556,151
6354,212
1553,217
6058,216
5980,214
5466,210
5419,210
5076,210
5372,212
5232,210
5419,213
5419,211
5123,219
5123,217
4982,213
28882,20
43224,28
31095,28
64722,27
3256,28
3256,21
60629,20
56797,20
26070,24
10194,24
42962,87
18791,89
4577,219
4546,213
46,74
68,74
49,61
3408,74
76,45
68,71
3081,122
2925,87
2754,132
2520,187
727,227
712,232
712,234
712,234
712,233
712,232
727,231
743,233
758,220
758,229
790,223
1772,220
1491,222
1304,219
1304,228
1429,229
1413,232
1413,227
1382,231
1382,233
1039,227
1351,228
1335,232
1335,233
1226,236
1210,234
1210,234
1195,237
1195,233
1195,236
1210,225
1273,215
373,232
373,233
373,236
362,234
389,228
395,227
398,227
400,230
401,227
401,226
401,226
401,227
401,223
409,224
413,227
415,227
457,223
459,221
468,222
473,221
475,220
484,221
481,214
283,90
509,213
509,219
509,211
373,203
618,234
587,227
587,231
603,222
634,211
324,210
330,190
618,212
587,221
587,227
571,227
556,229
509,234
509,232
509,234
509,234
509,233
509,231
501,234
497,234
495,236
494,236
493,235
493,236
497,233
495,234
494,233
493,234
493,234
493,234
493,234
493,235
493,232
493,234
493,231
493,233
525,221
525,221
525,219
540,220
540,215
61,212
83,211
540,224
540,226
571,222
571,221
76,221
430,235
431,234
431,236
431,231
665,227
681,226
696,214
493,221
485,214
189,216
162,221
156,217
525,214
76,211
76,212
665,218
121,215
106,215
634,221
634,221
634,220
618,219
618,221
618,218
132,214
104,215
257,215
571,217
556,223
556,227
556,230
556,230
556,232
540,233
556,234
525,233
525,225
501,221
297,235
290,239
280,240
275,240
272,239
277,237
280,240
281,239
289,235
556,217
461,211
477,212
485,214
489,214
491,215
492,217
485,220
481,219
479,221
478,223
478,222
478,225
440,231
450,226
464,227
471,226
482,216
480,197
758,155
603,211
478,168
469,213
457,215
459,210
556,216
540,211
525,211
525,211
525,210
525,211
509,210
509,211
509,212
509,212
509,212
501,212
1538,227
1569,210
106,61
5824,151
5995,109
6120,116
6385,168
6354,216
6167,214
6104,215
6027,215
5995,213
3602,254
32596,20
43221,28
27041,28
3243,28
64699,27
7083,21
60635,20
56796,20
18104,24
9934,24
21970,24
6821,193
6775,174
4780,220
4748,221
4717,219
4671,218
4655,218
4639,220
4608,219
4577,219
4561,218
4561,171
2395,213
2208,211
2224,216
2598,224
2520,225
2442,224
2379,225
2333,225
2270,225
2239,223
727,228
712,232
1694,225
1662,227
1631,228
1616,227
1585,226
1569,227
1553,228
1522,228
1507,227
1491,228
1491,218
1429,218
1304,233
1288,234
1273,231
977,221
977,219
1273,220
1242,232
1257,224
1242,219
1226,231
1210,235
1210,235
373,235
373,236
373,233
373,232
373,234
380,228
384,230
386,218
394,174
391,223
389,226
388,226
416,226
416,225
424,229
428,225
430,226
431,225
438,226
442,224
444,225
445,222
453,223
457,222
364,197
368,168
378,174
375,155
556,158
603,217
571,225
571,231
587,227
649,233
618,236
603,229
556,218
571,212
556,211
283,200
290,210
293,203
525,212
525,222
525,231
509,230
509,230
509,233
492,236
492,235
492,234
492,235
492,234
485,234
489,232
491,222
509,216
501,225
489,231
491,234
492,231
492,232
492,232
492,233
509,233
509,234
509,229
509,225
509,224
509,223
525,222
525,220
587,221
587,220
587,221
603,220
417,218
424,220
428,228
437,232
434,232
425,234
428,233
430,237
137,236
136,234
128,229
124,225
122,225
129,222
140,218
696,222
696,215
525,221
509,216
501,211
257,217
257,218
243,215
250,216
253,217
255,219
230,216
168,216
257,218
257,216
189,216
257,217
509,232
509,228
540,231
525,228
525,233
556,237
556,237
556,236
556,236
556,236
556,225
493,221
556,237
402,227
402,232
395,228
384,231
393,231
412,219
414,220
401,228
394,226
446,211
469,213
478,229
469,227
473,233
467,226
351,226
351,229
417,226
431,226
446,227
439,225
428,229
437,227
572,213
572,215
587,214
556,222
572,220
572,212
556,151
540,187
572,213
540,215
540,215
540,211
509,177
525,197
572,217
572,218
572,213
6089,126
6354,214
1553,221
1538,222
1522,223
1553,228
1569,211
5419,180
5372,210
5232,174
5419,217
5185,212
5138,220
5185,217
4982,213
4780,210
5232,212
5232,213
7320,148
4764,220
4733,218
4717,221
4686,218
4655,220
4624,219
4608,220
4577,219
4562,219
4546,151
46,54
3580,67
23460,9
23489,9
27606,9
45268,8
28115,96
18997,156
11348,21
41998,96
2239,217
2582,226
2520,227
2442,226
712,234
712,233
727,233
743,227
759,224
774,225
805,217
1756,223
1741,225
1709,225
1678,225
1663,228
1413,230
1398,230
1382,232
1382,224
1055,224
1351,231
1335,234
1335,233
1320,234
1304,226
1289,233
1289,234
1195,235
1195,235
1226,218
388,221
380,234
376,235
374,236
373,236
373,235
373,236
373,236
373,233
395,229
398,227
393,225
397,226
407,225
404,229
403,227
410,226
413,226
415,225
416,226
424,225
483,219
488,220
491,211
509,87
509,215
509,216
501,203
373,210
373,180
362,184
356,190
364,184
634,211
310,187
310,211
603,216
587,223
572,228
556,227
556,229
556,228
556,222
556,214
297,211
509,233
501,235
497,232
495,235
494,233
494,234
494,234
494,232
494,234
494,235
494,234
494,232
494,235
494,230
494,231
494,233
494,232
494,233
494,232
494,233
494,229
494,233
509,230
501,233
61,213
68,211
556,215
540,227
556,224
556,220
572,221
572,222
572,224
587,223
587,222
587,219
6444,14
6776,153
59394,184
56322,253
56321,237
55553,215
55298,151
56320,143
56832,147
55552,141
57600,138
59136,129
126,228
123,225
122,223
121,221
696,220
696,223
509,219
509,220
509,211
76,211
665,213
665,218
218,216
227,215
235,217
225,218
233,218
218,216
147,215
111,215
177,215
126,216
257,216
572,220
525,230
525,232
541,237
541,240
556,239
556,235
556,239
556,235
494,225
525,218
284,237
284,238
403,231
395,229
391,230
397,232
556,219
417,222
402,228
402,224
494,213
494,215
494,214
494,213
55809,224
55809,223
56065,222
57345,222
57345,222
57601,222
57857,222
58113,222
58625,213
58881,209
58625,186
32571,74
481,214
487,171
728,193
618,210
461,210
461,215
461,214
469,148
587,113
556,214
572,212
556,212
525,210
509,210
509,210
525,210
509,211
501,211
497,211
495,212
494,213
494,214
525,210
572,206
91,109
6167,122
6385,210
6354,215
6167,216
6105,217
6011,216
5980,212
5419,213
5061,184
5403,193
5310,210
7165,171
5388,221
5357,221
5357,161
6229,187
6183,210
6978,74
6853,193
6822,151
6806,122
4764,220
4733,222
151,58
3081,74
3050,174
2878,103
2738,135
2520,187
2411,211
2395,215
2380,211
2224,211
2239,215
2582,222
728,232
743,227
759,222
759,223
806,222
1756,225
1741,226
1710,226
1678,226
1663,227
1632,226
1616,228
1382,232
1382,226
1039,225
1351,232
1335,234
1335,233
1320,235
1304,227
1289,234
1289,233
1273,228
977,222
1226,220
373,222
373,233
373,233
373,237
373,237
373,236
373,234
373,233
373,234
373,234
380,235
402,223
402,225
402,227
402,227
402,227
409,228
413,229
415,227
416,225
424,223
428,226
430,225
489,197
587,96
509,213
509,216
373,203
373,197
362,187
367,174
370,197
360,145
355,155
364,155
327,210
587,217
587,224
572,229
572,228
556,228
556,227
556,219
556,213
572,210
297,184
297,210
497,235
495,232
494,232
494,234
494,236
494,235
494,235
494,232
494,236
494,234
486,233
490,235
494,231
494,231
494,234
494,232
494,232
494,231
494,231
494,230
494,232
494,234
494,232
509,234
541,220
541,231
556,221
587,219
587,221
587,220
587,224
572,220
587,223
587,225
587,224
587,217
478,221
478,214
151,217
151,220
143,220
139,219
137,229
136,235
136,235
128,230
124,228
122,225
618,220
634,219
618,219
618,222
618,220
618,219
634,218
618,217
618,215
257,218
243,218
250,216
556,229
556,232
556,232
572,231
525,232
525,225
509,229
509,229
509,229
525,224
525,229
525,231
272,237
278,237
281,238
289,239
293,226
556,224
556,236
556,236
556,228
402,232
402,231
395,227
480,217
479,221
478,223
478,223
478,223
478,225
478,225
469,227
465,226
463,231
462,232
470,225
743,210
618,210
478,211
455,215
458,214
468,161
473,100
556,214
572,215
587,213
556,214
556,223
509,200
509,211
509,212
509,210
501,211
497,213
495,213
494,214
572,210
556,200
572,222
572,216
6401,211
6354,213
6151,215
6089,215
6011,216
5964,212
5403,212
5060,212
5403,211
5232,210
5403,193
5403,216
5341,220
6245,138
6198,193
6167,177
6884,90
6837,164
6837,193
6759,161
4764,220
4733,221
4702,219
4686,219
3019,122
2832,100
2567,109
2489,206
2395,211
2395,214
2380,212
2224,213
2645,214
2582,224
2504,225
2442,225
759,222
774,225
821,216
1756,223
1725,225
1709,226
1678,226
1663,226
1631,226
1616,228
1585,227
1569,227
1055,220
1351,233
1335,235
1320,233
1304,233
1289,228
1289,235
1289,234
1289,223
977,220
977,219
1257,225
373,234
373,235
373,238
373,236
373,236
373,234
373,235
373,234
373,235
373,234
380,232
384,232
401,227
409,225
413,227
415,226
416,225
416,224
416,228
424,223
428,225
430,227
438,223
442,226
509,218
509,213
373,200
362,180
367,193
377,174
375,187
374,155
362,145
540,132
587,216
587,224
572,227
572,228
572,228
556,227
556,226
556,221
572,213
556,210
297,206
303,210
306,187
556,210
495,234
494,233
494,234
494,233
494,234
494,234
486,235
490,233
492,234
493,235
493,234
493,233
491,230
492,232
493,231
493,233
493,234
493,231
493,234
493,233
493,231
509,230
509,232
509,227
556,224
46,217
61,220
572,221
572,222
572,222
587,224
587,226
587,222
447,218
447,222
439,228
151,217
143,221
147,218
141,220
138,231
137,237
129,235
125,229
130,224
133,225
134,219
127,217
618,220
618,225
618,220
634,218
618,216
106,216
618,215
257,215
263,216
216,215
603,216
243,216
556,234
525,233
525,232
525,228
509,228
509,233
509,230
525,229
556,230
525,232
556,237
556,236
281,237
282,240
296,224
556,227
556,235
556,238
572,225
388,229
388,229
380,228
384,231
400,229
478,223
478,224
478,224
478,226
478,227
478,226
469,229
465,230
463,231
402,225
351,230
362,223
461,211
461,216
454,212
457,132
509,148
556,215
572,215
774,213
556,218
556,220
556,218
556,203
509,211
509,210
501,211
497,211
495,214
494,213
540,210
572,210
572,223
572,215
572,164
6354,187
6136,214
6073,215
5996,216
5466,206
5419,213
5060,212
5403,211
5185,211
5419,211
5403,214
5154,216
5107,218
6214,197
6183,210
6915,109
6837,158
6806,190
4764,184
4764,222
4733,219
4702,219
4671,219
4655,221
4624,219
24627,13
27203,0
6205,12
60004,11
61588,10
38263,94
19295,167
11348,21
58382,94
2722,138
2457,206
2395,211
2504,225
2442,226
2379,226
2317,225
25161,98
12107,84
5420,14
25244,207
58120,191
56584,200
58882,200
59394,200
805,216
1756,225
1725,224
1709,225
1678,226
1662,226
1631,227
1616,227
1585,226
1569,227
1553,230
1522,229
1335,236
1320,233
1320,234
1304,225
1288,235
1288,234
1288,223
977,221
1273,219
1242,224
1242,233
1257,220
373,237
373,235
373,236
373,234
373,233
373,234
373,233
373,230
373,232
380,232
384,223
408,193
413,224
415,225
416,226
416,227
416,227
424,226
428,225
430,227
431,225
438,226
442,223
444,223
351,203
362,174
367,180
359,200
366,210
369,174
371,145
540,132
603,217
571,225
571,230
587,229
571,228
556,228
556,222
556,219
571,213
571,210
297,203
297,148
303,210
540,212
525,221
525,229
494,233
493,235
493,233
493,235
493,234
493,234
493,235
485,233
489,234
491,232
492,221
509,216
492,233
492,231
492,232
492,232
492,234
492,234
492,234
509,232
509,235
509,226
509,224
525,222
68,222
571,219
571,221
587,221
587,226
587,225
603,224
446,217
439,223
435,227
440,234
428,234
5676,14
7334,139
55552,145
56832,140
58880,138
60160,129
59904,125
58368,123
57600,122
57856,121
55296,136
55808,184
509,221
525,212
91,212
91,212
665,220
136,217
106,216
634,220
634,222
618,219
634,221
618,221
603,216
216,216
161,217
270,216
571,217
556,225
556,229
556,231
556,230
556,233
556,233
571,231
57858,253
58369,253
59393,253
58625,13
58626,28
58114,28
59650,44
60930,44
60930,44
59906,44
59906,214
41262,75
299,223
556,230
556,235
556,236
540,221
388,231
388,227
388,231
388,231
402,226
587,223
388,223
478,224
478,225
478,226
478,226
478,229
478,231
462,229
388,222
369,228
378,225
397,228
421,227
449,211
455,126
571,197
556,215
587,213
587,213
556,217
556,220
556,216
556,164
556,174
571,190
509,212
501,213
497,213
495,212
524,180
571,212
571,224
556,214
571,148
6338,212
1569,215
1537,223
5995,215
5481,210
5418,211
5060,212
5403,213
5216,212
5418,210
5418,213
5153,216
5107,217
5200,212
5122,210
55001,28
42871,28
19089,28
60600,27
15041,21
3028,21
56541,20
29914,24
17874,24
9896,24
54952,87
19390,221
4561,216
136,54
3610,84
75,71
75,58
3361,71
75,51
3065,135
3034,90
2815,119
2519,187
2441,210
727,229
711,232
711,231
711,234
711,233
711,233
727,232
743,221
758,228
774,222
1771,214
1740,225
1304,217
1304,227
1413,223
1413,231
1397,228
1397,231
1382,233
1039,224
1366,222
1350,233
1335,233
1319,234
1210,234
1210,234
1210,234
1195,236
1195,236
1195,228
1241,214
373,230
373,235
373,239
373,236
373,234
388,227
387,227
394,228
398,226
400,228
401,227
401,229
401,226
409,228
413,224
415,227
416,226
458,223
468,222
473,219
483,223
488,219
490,214
524,96
509,213
509,218
524,210
373,200
373,210
587,228
587,229
603,223
618,212
310,210
317,211
603,214
587,220
571,228
571,229
556,229
556,227
509,233
509,234
509,236
509,233
509,231
501,235
497,229
495,233
494,234
493,236
493,233
493,233
491,235
492,231
492,233
492,234
492,230
492,233
492,231
492,233
492,232
492,233
492,232
492,233
540,220
525,219
540,219
46,213
53,212
64,213
540,227
540,227
571,221
76,220
587,220
571,221
431,234
431,235
431,228
665,231
696,222
540,216
478,220
727,214
151,220
143,222
139,216
145,223
91,211
106,211
649,219
136,216
121,217
634,222
634,220
634,221
634,222
603,221
634,216
634,218
166,216
283,215
571,220
556,224
556,229
556,228
556,232
556,230
540,234
556,232
525,229
509,228
525,222
283,234
283,238
283,239
276,239
273,240
271,239
277,238
280,239
281,238
525,221
556,230
477,212
485,213
489,214
491,215
492,216
492,220
485,220
481,222
479,223
478,224
478,224
478,225
442,226
460,228
469,228
473,219
483,187
774,168
618,210
461,203
461,214
461,215
477,211
91,96
525,212
525,206
525,212
525,210
509,210
509,210
509,212
509,213
509,210
509,212
509,212
501,214
1553,213
31,71
5777,155
5902,122
6104,113
6479,116
6369,215
6182,212
6120,216
6042,215
5995,214
5419,193
3610,34
46933,28
31111,28
15268,28
64670,27
7122,21
64728,20
56796,20
26070,24
9934,24
6085,24
62369,26
6790,184
4780,217
4748,220
4717,220
4686,219
4655,220
4639,219
4608,218
4593,218
4561,219
4561,212
46,51
2395,171
2239,218
2613,225
2535,225
2457,224
2411,225
2348,226
2286,225
2239,224
727,226
712,231
712,234
1663,227
1647,229
1616,228
1600,228
1585,226
1553,229
1538,229
1522,229
1491,228
1491,224
1304,219
1304,229
1289,235
1289,232
977,218
977,220
961,218
1242,231
1257,224
961,218
1226,233
1226,233
1211,235
1211,233
373,234
373,233
380,233
384,233
386,231
387,230
387,217
402,197
395,221
391,225
389,229
395,229
424,225
428,226
430,227
431,224
439,223
443,226
445,225
446,223
453,222
457,222
459,222
468,221
352,151
362,161
367,138
587,211
587,220
556,223
572,233
618,229
650,232
618,233
587,228
587,227
297,211
303,187
300,210
298,200
556,210
540,214
525,225
525,230
509,232
509,234
509,234
509,232
494,235
494,237
494,235
494,235
494,235
494,229
509,219
509,217
501,227
497,230
495,235
494,234
501,235
497,233
509,233
509,233
509,231
509,228
525,223
509,223
525,222
525,220
525,223
525,221
587,221
587,224
603,218
447,220
432,222
439,229
443,233
437,237
434,235
433,235
432,235
432,234
137,234
136,223
128,227
124,222
122,218
696,220
696,220
509,219
509,221
76,211
68,212
665,211
253,218
243,216
250,218
216,219
216,217
226,219
166,217
198,216
137,216
106,217
174,218
270,215
525,227
540,228
525,229
540,235
556,235
556,237
556,236
556,237
556,236
494,224
525,220
284,237
402,231
395,231
384,227
378,234
390,232
603,219
402,222
395,227
398,222
478,211
486,212
490,215
469,231
465,230
456,227
373,228
373,225
395,229
447,227
462,227
447,227
439,228
443,226
460,229
728,214
587,214
556,221
572,221
572,211
556,180
541,190
556,213
572,213
556,214
525,212
541,210
541,190
572,216
572,219
572,210
6105,193
6354,214
1554,220
1538,223
1522,225
1554,226
1569,210
5824,64
5372,212
5419,190
5419,216
5170,203
5123,218
5170,216
4983,215
4780,174
5185,197
5248,216
7352,119
7274,177
4749,220
4718,220
4686,220
4655,219
4640,218
4609,218
4593,219
4562,219
4546,210
76,64
91,77
3517,48
2598,226
2536,224
2458,226
2411,224
2333,226
2286,226
2239,223
728,228
712,232
712,234
712,233
712,232
1616,226
1600,226
1569,229
1554,228
1522,227
1507,228
1491,231
1491,218
1304,221
1304,229
1429,230
1413,229
977,219
977,220
1258,220
1242,231
1258,221
1242,222
1226,230
1226,234
1211,235
1211,235
1195,234
1195,237
373,235
380,235
384,234
386,230
394,214
391,210
389,225
388,225
388,228
388,227
395,226
399,229
428,225
430,225
438,223
442,224
444,224
445,223
453,223
457,222
459,221
468,221
473,220
475,222
378,113
572,211
603,220
572,227
572,232
618,228
650,232
618,236
587,227
587,229
603,221
634,211
297,161
297,210
556,148
556,214
525,228
525,233
509,232
509,232
509,231
509,233
509,234
501,233
485,234
481,235
487,233
490,227
509,220
509,215
501,228
497,233
495,232
494,232
494,231
486,231
6700,14
3999,237
59393,253
60161,253
59649,253
58113,253
57857,253
56833,13
56834,13
57090,13
56578,29
56322,13
46,211
61,214
541,224
541,229
556,221
587,221
572,221
572,220
572,222
572,223
587,224
587,226
681,230
712,214
494,222
477,213
728,217
151,221
151,218
143,219
139,231
137,234
136,235
136,229
121,216
650,219
634,222
634,222
634,220
618,222
618,220
634,219
618,218
618,217
243,217
250,216
556,224
572,227
556,231
556,230
556,233
556,235
556,231
525,232
509,226
509,227
509,231
509,229
287,238
278,239
274,238
279,236
281,238
282,237
283,240
297,222
556,227
556,235
572,237
541,224
494,216
494,218
486,219
482,218
480,219
479,225
478,224
478,225
478,225
478,226
478,227
478,230
470,223
474,213
484,168
743,193
572,168
461,210
454,214
450,212
455,132
572,109
556,214
587,212
525,211
525,211
509,211
509,210
509,211
509,213
501,210
497,210
495,211
509,212
501,214
525,145
5824,142
5996,113
6151,126
6385,211
6338,212
6151,215
6073,216
6011,215
5964,211
5419,212
5060,213
5388,210
7164,174
5434,168
5372,220
5341,220
6245,210
6214,197
6167,168
6899,116
6884,142
6790,200
4780,211
4764,220
3330,67
121,74
3065,129
2987,100
2832,122
2535,155
2489,190
2395,213
2395,212
2395,211
2224,219
2629,222
727,234
743,229
759,222
759,226
790,221
1772,219
1741,225
1709,225
1694,226
1663,226
1647,226
1616,228
1382,233
1382,229
1039,227
1351,232
1335,232
1335,234
1320,233
1304,226
1289,233
1289,234
1289,226
977,223
1226,219
388,226
380,232
376,237
374,237
373,235
373,235
373,233
373,237
373,236
373,232
373,232
409,225
405,225
411,227
414,226
415,227
416,228
416,225
416,228
424,225
420,227
426,226
429,227
525,145
509,174
509,217
509,213
373,210
373,210
373,171
373,200
362,190
367,158
370,129
556,193
587,212
587,221
587,226
572,230
572,228
556,230
556,224
556,220
556,211
572,210
297,197
297,211
509,233
501,233
497,234
495,231
494,234
494,234
494,235
494,232
494,236
494,235
494,233
494,232
493,233
493,235
493,232
493,234
493,233
493,231
493,232
493,234
493,233
493,231
493,232
509,232
540,223
540,229
556,225
572,222
572,221
572,220
572,223
587,220
572,221
587,222
587,221
618,217
525,220
501,218
176,214
156,222
146,219
141,216
138,228
137,235
136,233
136,233
128,226
124,223
634,221
634,220
618,222
634,222
618,220
618,217
618,219
618,216
634,217
257,214
257,217
243,215
556,230
556,228
556,234
540,232
525,232
525,231
509,230
509,227
509,234
509,228
525,229
525,228
271,236
270,238
277,240
280,239
288,238
299,218
556,231
556,237
556,237
402,223
395,232
391,229
481,221
479,220
478,222
478,223
478,224
478,224
478,225
478,226
478,229
478,229
469,230
465,230
743,142
634,210
478,148
462,211
461,216
461,210
525,96
540,211
556,215
587,213
743,212
556,220
509,210
509,211
509,211
509,212
509,211
509,212
501,213
497,213
495,211
540,210
571,214
571,224
6401,100
6369,217
6167,214
6104,216
6042,214
5980,215
5434,212
5434,145
5076,158
5387,210
5434,190
5403,215
5356,221
5341,210
6229,200
6198,193
6229,100
6884,164
6821,148
6775,193
4764,218
4733,219
4717,220
4686,221
3018,177
2847,109
2753,80
2504,203
2411,206
2395,214
2379,214
2224,211
2660,214
2582,224
2504,225
2442,224
758,223
758,226
805,217
1756,225
1740,225
1709,226
1678,227
1662,228
1631,227
1616,227
1585,227
1569,227
1039,220
1351,232
1335,235
1320,236
1320,232
1304,228
1288,234
1288,233
1288,225
977,224
977,221
1257,226
380,233
376,236
374,237
373,235
373,236
373,237
373,236
373,235
373,233
373,231
373,233
380,232
409,225
413,229
415,226
416,226
416,225
416,225
424,224
428,226
430,227
431,225
431,226
438,225
509,217
525,214
373,174
373,142
373,171
373,200
362,200
367,164
359,177
493,106
587,215
587,223
587,226
571,230
571,228
556,229
556,223
571,218
556,212
571,210
283,174
283,158
283,164
540,210
495,235
494,233
493,233
493,233
493,235
493,234
493,235
493,235
493,231
493,231
493,233
485,235
493,235
493,229
493,232
493,230
493,233
493,231
509,234
501,234
497,231
509,233
509,235
509,229
556,226
571,219
61,220
587,219
556,222
571,223
587,224
587,227
587,221
618,217
446,220
446,225
727,216
151,222
151,220
143,218
139,226
137,233
136,235
128,233
132,227
134,223
127,222
124,219
31267,2
31451,2
27357,2
27357,2
27354,2
23513,2
27353,2
62422,0
23512,2
23513,2
23513,2
62423,0
236,215
219,217
155,215
257,215
106,218
257,216
106,214
571,219
571,225
556,227
556,231
556,228
556,240
556,237
556,236
556,235
509,222
525,218
283,235
283,238
276,240
273,240
271,239
277,238
406,218
525,220
388,227
388,227
478,212
485,212
489,212
491,213
484,216
488,219
483,220
480,220
382,228
432,223
446,227
446,227
431,228
438,229
458,226
468,227
473,215
483,177
743,193
618,211
556,161
556,184
556,214
556,214
540,215
540,210
525,184
525,211
525,211
525,210
509,211
509,206
6354,213
1553,220
1522,222
1507,224
1553,229
1553,164
61,77
5824,151
5964,90
6089,93
6401,184
6354,215
5169,218
4982,212
4780,212
5232,211
5247,212
7320,138
7289,164
7164,210
7133,158
5403,220
5356,219
5356,187
4608,219
4577,219
4561,219
4561,96
3595,67
3564,67
3470,67
61,64
46,35
3112,90
3018,180
2847,84
2270,228
2239,221
727,229
712,230
712,236
712,233
712,233
712,234
727,232
743,227
758,225
774,225
1507,228
1491,230
1335,218
1304,226
1304,224
1429,233
1413,230
1397,227
1382,231
1382,223
1055,221
1351,233
1242,223
1226,232
1210,234
1210,235
1210,235
1195,235
1195,234
1195,235
1242,216
388,227
380,232
376,236
391,214
389,226
388,227
388,226
395,228
391,227
396,226
399,224
400,226
401,223
401,226
409,228
453,222
449,221
455,221
458,220
468,222
473,222
483,221
488,216
509,135
509,200
509,217
509,213
649,233
634,233
603,230
587,229
603,225
603,215
324,210
324,211
603,214
587,222
587,225
571,231
525,230
525,233
509,234
509,235
509,233
509,232
509,234
509,233
501,235
497,232
495,233
494,231
489,224
483,232
488,235
490,235
491,234
492,233
492,232
492,229
492,232
492,231
492,232
492,231
509,225
525,220
525,223
525,222
540,219
540,218
76,212
61,211
540,220
540,228
540,224
76,219
433,234
432,233
432,234
432,234
432,234
634,223
681,231
712,217
493,221
477,215
136,215
136,219
509,218
525,219
61,211
76,212
649,216
665,216
91,217
649,217
634,221
618,219
618,219
634,220
603,216
243,216
229,215
167,217
205,214
571,220
556,225
571,228
556,232
556,231
556,233
556,234
556,234
556,235
493,222
525,218
283,239
283,238
276,239
273,240
271,237
277,238
280,240
281,240
401,228
401,226
423,211
493,213
493,214
493,214
493,218
493,220
493,220
485,219
481,221
479,222
462,227
447,230
432,228
439,228
458,229
468,227
473,216
483,168
743,161
618,210
478,151
462,215
556,212
571,215
540,215
525,211
525,211
525,211
525,211
509,211
509,211
509,211
501,210
509,212
1522,222
1522,223
1553,226
1585,211
106,77
5824,164
6011,80
91,93
6354,171
6354,216
6167,216
6104,216
3605,91
44116,18
24786,20
32723,20
47062,28
23169,28
3265,28
60827,27
7092,21
60636,20
26075,24
18065,24
6229,74
6868,168
6806,161
6775,187
4764,219
4733,220
4702,219
4671,220
4655,218
4624,219
4593,218
4577,220
2411,212
2395,214
2379,213
2208,216
2613,215
2567,225
2504,226
2442,226
2364,226
2333,226
2255,226
2239,219
1725,226
1709,225
1678,226
1663,226
1631,225
1600,227
1585,229
1569,226
1538,227
1522,228
1507,228
1491,228
1320,235
1289,227
1289,234
1289,233
1289,223
961,222
961,220
1242,228
1242,230
961,221
1226,227
1226,234
373,235
373,234
373,234
373,235
373,232
380,235
376,232
382,229
385,224
401,203
394,218
391,227
416,227
416,225
424,226
428,227
430,228
431,225
439,224
435,223
441,223
444,225
445,222
453,223
373,210
373,210
362,184
367,168
370,164
556,122
587,216
572,225
572,229
587,228
650,235
634,234
556,225
556,221
572,212
297,210
283,161
290,164
293,193
556,211
525,219
525,228
525,233
509,232
494,236
494,234
494,235
494,234
494,235
494,233
486,235
482,234
488,228
509,217
509,222
501,231
493,233
493,230
493,232
493,233
493,231
509,232
501,232
509,232
525,226
509,225
509,223
525,223
587,222
572,223
587,223
587,221
587,223
587,216
417,219
432,227
432,233
432,233
424,233
428,236
141,225
138,234
137,235
129,233
132,228
134,226
127,224
124,220
712,220
681,221
509,221
525,222
230,216
236,218
634,215
257,218
243,218
243,217
229,218
229,217
229,216
152,216
136,216
189,216
509,229
509,229
509,230
525,229
540,229
525,231
540,236
556,237
556,237
556,235
556,234
556,234
556,234
556,238
556,229
402,231
395,232
384,229
386,235
394,231
587,222
402,225
395,231
398,220
478,227
478,229
478,229
478,230
478,230
455,223
373,226
373,224
432,227
439,229
450,230
441,227
556,164
556,214
743,214
587,213
556,218
556,219
572,218
556,148
540,184
540,210
556,214
556,216
493,212
493,213
525,190
572,212
572,221
556,213
572,174
6354,212
1569,217
1538,223
1522,224
1522,225
5403,212
5060,212
5403,213
5216,210
5419,211
5419,213
5138,217
5123,218
5201,212
5123,155
4780,213
5216,217
6790,203
4780,213
4749,219
4717,221
4702,221
4671,220
4640,220
4608,217
4593,220
4577,219
4562,216
46,42
2380,212
2208,221
2629,221
2551,224
2473,226
2411,226
2364,224
2302,224
2255,227
727,223
712,231
712,232
1678,226
1647,227
1616,225
1600,227
1585,228
1553,226
1538,227
1522,228
1507,228
1491,226
1320,219
1304,228
1289,234
1289,233
1289,220
977,222
1273,219
1257,227
1242,227
961,221
1226,231
1226,234
1211,234
1211,235
373,239
373,235
373,233
380,231
384,233
386,229
387,222
402,155
395,218
391,225
389,226
388,228
416,223
424,225
428,226
430,225
431,223
439,224
443,224
445,223
453,222
457,224
459,223
460,221
358,155
365,168
351,151
556,122
587,214
587,225
572,228
587,229
650,232
650,231
618,230
587,230
556,212
297,180
303,177
300,171
298,203
556,210
540,219
525,230
525,231
509,232
509,230
509,235
490,233
484,234
489,236
491,233
492,234
485,232
489,225
509,215
501,220
497,232
495,233
494,232
509,233
501,233
489,230
491,232
492,233
509,228
509,227
509,222
525,222
525,224
525,222
525,223
572,224
587,223
587,225
618,217
447,222
439,225
435,231
433,232
432,232
432,236
432,234
432,236
135,235
135,230
128,227
124,226
130,219
133,219
696,223
696,218
509,221
509,219
76,211
68,211
243,217
250,217
253,217
243,218
250,219
243,218
174,216
208,219
134,218
161,217
257,215
203,217
509,233
525,229
556,226
525,232
540,239
540,238
540,237
556,235
556,235
540,230
461,223
297,227
556,226
402,230
395,229
384,231
386,233
401,229
587,222
388,224
388,231
402,215
494,212
494,213
478,231
469,231
465,231
441,222
351,227
369,224
393,228
461,228
454,226
443,230
437,226
457,227
587,214
743,214
556,219
556,221
556,213
556,158
540,155
556,212
556,214
540,217
540,212
525,206
540,206
572,213
572,220
572,212
603,93
6354,213
1569,218
1553,221
1522,223
1538,226
1553,214
91,67
5388,212
5216,210
5403,214
5403,210
5138,217
5123,218
4982,213
5138,164
4780,174
5232,217
7351,119
7289,171
4749,222
4717,219
4686,219
4655,220
4640,219
4608,219
4593,218
4577,220
4562,212
46,67
3595,61
91,67
2613,224
2535,223
2473,226
2411,226
2348,225
2286,224
2239,225
727,225
712,232
712,232
712,231
712,235
1616,228
1600,227
1585,229
1553,226
1538,229
1522,228
1491,229
1491,223
1304,219
1304,227
1429,227
1413,230
1289,221
977,221
1273,218
1242,228
1242,227
961,219
1226,231
1211,235
1211,235
1211,235
1195,235
1195,236
373,232
373,234
373,233
380,231
384,221
400,168
394,218
391,226
389,226
388,227
395,228
391,226
428,227
430,227
438,225
442,225
444,226
445,226
446,225
453,223
457,222
467,223
472,219
475,221
373,171
540,158
603,217
587,225
572,230
587,229
650,233
634,235
587,231
587,229
587,227
618,214
310,174
303,210
306,168
556,210
540,218
525,229
525,231
509,233
509,233
509,231
509,234
509,233
494,235
486,233
482,234
488,233
491,226
509,215
501,221
497,230
495,232
494,232
494,231
494,232
494,233
509,234
509,236
509,228
509,225
525,225
525,227
525,223
525,221
525,222
525,219
540,219
587,225
603,219
432,221
439,224
435,232
433,230
432,233
432,235
424,236
428,231
430,232
634,219
128,226
132,224
126,220
131,216
696,222
696,219
525,217
525,219
509,210
76,213
665,218
76,215
243,216
603,215
243,217
250,218
253,218
603,215
257,215
243,216
174,216
147,216
587,215
572,220
556,226
525,233
540,238
556,238
556,235
556,236
556,233
540,230
478,225
297,228
290,241
280,236
388,227
388,229
395,234
406,227
587,224
388,223
388,228
402,212
493,213
493,214
493,214
493,216
469,230
373,228
362,229
417,225
431,226
446,226
446,227
439,228
442,228
460,227
469,227
473,216
556,221
571,221
571,212
76,132
556,206
540,212
540,215
556,213
556,210
540,210
525,210
525,210
571,218
571,211
6323,145
6354,214
1553,220
1538,220
1522,224
1538,227
1569,119
46,96
5824,155
5964,132
5403,217
5169,213
5138,219
5169,216
4982,213
4780,212
5216,212
5247,213
7305,145
7258,158
7180,187
7149,158
4686,220
4655,219
4624,219
4608,219
4593,219
4561,219
4546,193
3580,61
3595,42
3486,61
3377,71
3361,51
2457,225
2395,225
2332,225
2286,227
2239,223
727,228
711,231
711,232
711,234
711,235
711,232
727,233
1584,226
1553,227
1537,229
1522,229
1506,227
1491,220
1304,219
1304,230
1428,228
1413,230
1397,227
1382,230
1272,219
1241,231
1241,226
961,218
1226,229
1226,234
1210,233
1210,235
1195,235
1195,235
1195,235
1195,225
383,232
385,228
386,220
401,142
394,221
390,227
388,227
387,227
387,229
394,227
398,227
400,225
438,225
442,226
444,226
445,223
453,223
457,223
459,223
460,221
469,222
473,220
483,218
488,216
602,217
571,226
571,228
587,227
649,234
633,234
602,231
587,229
587,224
618,213
310,203
310,177
297,168
556,210
524,221
524,231
524,233
509,233
509,234
509,235
509,231
509,233
509,232
509,233
491,234
492,235
492,221
509,216
501,223
497,232
495,235
494,232
486,232
489,233
491,233
492,232
509,232
509,231
509,225
524,227
524,224
524,224
524,222
524,223
524,222
556,216
75,211
60,213
446,223
446,226
446,233
438,235
434,234
432,233
431,234
431,234
431,231
665,227
680,228
665,213
136,218
696,216
696,222
509,216
524,220
509,212
45,210
75,213
649,217
106,216
665,215
633,219
202,217
215,217
229,215
235,216
170,216
130,215
102,215
602,214
571,220
556,226
556,226
571,232
556,238
556,238
556,236
556,235
556,235
493,223
509,219
283,234
283,236
283,237
276,239
273,239
385,230
401,221
556,220
387,228
394,225
461,212
477,213
485,214
489,214
483,216
480,218
479,218
361,224
417,225
431,229
446,228
446,227
431,228
438,226
458,227
468,225
473,215
483,210
727,168
571,211
571,158
540,155
556,214
540,215
556,214
540,210
524,203
524,211
524,210
524,210
509,211
6089,164
6354,211
1553,222
1522,221
1522,225
1553,228
1647,103
30,71
5824,145
5979,106
45,93
6400,211
5122,220
5185,217
4966,210
4779,212
5216,213
5247,212
7335,145
7258,164
7164,210
7148,132
5387,221
5340,222
34507,26
40110,18
32220,18
28123,18
16093,18
12250,18
37084,90
20391,7
11348,19
51214,90
4623,219
4608,219
63828,11
55901,11
9669,94
20393,102
11348,19
30478,94
2862,103
2738,100
2504,206
2426,206
2395,215
2395,212
2332,226
2286,225
2239,223
727,228
711,232
711,234
711,233
711,234
711,233
727,232
743,231
758,221
4908,14
27043,1
58374,226
58117,211
58373,211
56069,24
56325,24
58629,148
58885,133
59141,133
58629,102
59397,86
1350,227
1335,232
1335,235
1319,237
1304,229
1304,233
1288,234
1272,231
976,219
976,221
1272,220
1241,230
373,236
373,236
373,236
373,235
373,232
373,235
373,236
373,234
373,233
380,233
383,232
385,229
403,224
410,225
413,224
407,225
412,225
414,225
415,223
423,227
427,227
429,227
430,224
438,224
509,217
509,211
387,206
368,203
370,210
360,187
366,142
376,145
381,106
571,211
602,218
587,225
571,227
571,231
556,229
556,226
556,223
556,214
297,211
303,200
300,180
291,184
300,177
556,213
494,233
493,236
493,232
493,235
493,237
493,233
493,233
493,235
493,236
493,235
485,235
481,228
493,229
493,234
493,233
493,234
493,233
493,234
493,231
493,233
509,232
509,233
509,233
509,227
556,222
46,220
587,219
587,220
556,220
571,221
587,223
587,224
603,218
446,219
439,224
435,232
136,220
143,218
139,218
137,226
136,233
136,235
136,233
128,227
132,224
134,224
135,218
681,222
618,222
634,222
603,218
618,217
603,215
230,215
618,216
243,217
243,217
250,217
253,215
243,215
540,231
556,230
525,230
509,229
509,227
509,229
509,229
525,227
525,234
540,235
556,238
556,236
280,241
288,229
556,225
556,234
556,236
556,228
402,230
395,229
391,229
389,232
395,230
571,222
478,224
478,225
478,226
478,228
469,228
473,232
475,230
476,231
417,224
351,227
362,227
432,227
454,214
457,213
459,119
525,126
556,216
572,214
587,212
572,215
556,222
587,218
587,174
556,158
501,211
497,211
495,212
494,212
494,213
572,187
540,180
572,223
572,216
556,211
6323,184
6354,211
6089,216
6011,216
5980,211
5419,214
5076,212
5403,211
5201,184
5403,210
5419,216
5169,215
5123,218
5185,217
24788,20
36823,20
39123,28
23162,28
3256,28
56744,27
7054,21
56797,20
29917,24
18094,24
24530,87
20488,127
4577,219
4546,218
4546,100
3595,80
3580,58
31,64
3377,80
151,48
3081,103
3034,155
2832,126
2754,100
2239,223
727,228
712,231
712,233
712,234
712,234
727,231
727,233
743,229
759,222
759,226
805,221
1491,228
1491,217
1304,219
1304,228
1429,232
1413,230
1398,229
1382,232
1382,231
1039,228
1351,232
1335,234
1226,232
1195,231
1211,236
1211,235
1195,235
1195,233
1195,237
1211,221
388,220
380,233
376,235
374,237
387,223
387,225
387,228
394,226
391,229
396,226
399,227
400,227
401,227
401,229
409,227
413,226
453,223
457,222
459,220
460,221
469,221
473,222
483,220
488,212
525,100
509,216
509,216
525,206
634,233
618,234
587,228
587,228
618,221
618,211
311,197
317,211
587,215
587,223
572,227
572,228
509,233
509,234
509,231
509,234
509,234
509,234
501,234
497,234
495,231
494,234
494,235
494,234
501,228
489,235
491,233
492,233
493,233
493,235
493,230
493,231
493,232
493,234
493,237
493,233
525,223
525,220
525,221
525,221
106,217
76,213
76,212
540,215
540,227
556,227
556,219
76,218
433,234
432,233
432,234
432,233
432,222
665,233
696,217
525,220
501,217
727,216
136,218
143,222
525,218
76,212
98,212
665,214
665,216
76,217
91,216
634,218
650,218
618,218
634,222
618,219
124,216
257,216
257,217
603,215
572,221
572,224
572,229
556,229
556,233
556,235
525,233
525,230
556,233
461,224
297,225
290,238
287,239
278,240
274,238
272,237
278,238
281,238
282,237
289,224
395,215
494,212
494,214
494,214
494,215
486,218
482,218
480,220
479,221
478,223
478,222
478,226
441,227
436,228
457,227
467,227
472,223
483,212
509,122
618,174
540,171
461,212
461,214
461,211
556,216
540,213
525,210
525,210
525,210
509,210
509,210
509,210
509,212
509,212
509,211
509,211
1522,229
1569,223
46,87
5777,96
5871,103
76,116
6183,80
6370,214
6354,211
6151,214
6073,216
5996,216
3604,184
24660,20
40920,20
39102,28
23198,28
64709,27
15025,21
64686,20
60639,20
29916,24
13979,24
10171,24
6868,190
6822,184
4780,184
4764,219
4733,220
4702,220
4671,220
4655,218
4624,218
4593,218
4577,220
4562,219
2395,214
2380,213
2224,217
2629,217
2582,224
2504,224
2442,225
2364,225
2317,225
2255,226
727,216
727,229
1709,224
1678,226
1663,226
1631,228
1616,228
1585,227
1569,228
1538,227
1522,228
1507,230
1491,229
1335,218
1273,226
1289,234
1273,234
1289,224
977,222
961,220
1242,224
1242,229
961,220
1226,227
1226,235
1211,233
373,233
373,235
373,233
373,232
373,232
380,231
384,231
386,225
394,212
391,214
389,223
388,226
416,226
416,225
424,224
428,223
430,226
431,225
431,225
439,224
443,224
445,222
453,226
457,224
370,210
371,193
372,171
372,168
556,138
587,215
587,223
556,227
587,227
650,230
634,234
618,232
572,220
556,213
556,210
310,164
323,168
303,197
556,210
525,221
525,225
525,230
509,231
509,234
486,235
490,233
492,233
493,235
493,233
493,235
493,234
493,227
509,216
509,220
501,229
497,234
493,233
509,231
501,232
497,233
509,232
509,237
509,228
509,227
525,223
525,221
525,222
525,224
587,225
587,221
587,224
587,225
587,216
432,220
439,229
443,229
437,234
434,234
433,234
432,233
136,235
136,236
128,232
124,227
122,223
129,222
132,218
696,220
696,221
525,218
525,221
61,210
257,215
618,214
230,215
223,217
231,219
250,217
253,218
230,216
230,218
216,215
226,216
233,216
509,231
509,232
525,227
525,229
525,230
540,235
540,240
556,237
556,237
556,236
556,232
447,221
556,237
556,228
402,230
395,228
384,228
386,235
394,230
587,223
402,224
395,232
398,218
494,212
478,229
469,229
473,230
467,229
417,223
351,227
362,226
417,228
439,228
443,228
437,229
434,230
556,214
572,215
759,213
556,217
556,221
572,220
556,142
556,132
556,210
540,214
540,215
540,213
497,213
509,164
556,211
572,224
572,214
556,174
6354,210
1569,214
1553,223
1522,222
1522,225
1553,223
63699,23
47576,23
31704,23
19673,23
11218,21
23509,81
20684,70
11348,21
44558,81
5076,213
5372,211
5201,210
7305,145
7274,151
7180,180
5434,193
5388,222
5356,219
6245,171
6214,184
6214,145
6915,96
6853,171
6822,210
91,54
76,80
61,93
91,48
3065,96
3050,129
2832,96
2738,93
2457,193
2395,212
2395,214
2395,212
712,234
712,234
727,232
727,231
743,225
759,225
774,225
821,214
1756,224
1725,225
1694,225
1678,227
5420,14
27555,133
58885,133
58373,118
59397,102
59397,15
56324,71
56581,71
59653,55
60165,40
59653,24
59653,9
1273,231
1289,222
977,223
977,220
1257,226
1242,229
961,220
1226,228
1226,233
1211,233
1211,235
1195,234
373,232
373,234
380,232
376,232
382,230
385,222
401,151
394,216
391,227
389,227
395,227
391,229
424,225
428,224
430,224
431,228
439,226
443,224
452,225
456,223
458,221
459,220
468,221
473,223
368,174
370,193
556,119
587,214
572,222
572,228
587,225
650,232
634,233
603,230
587,232
587,227
540,180
297,174
297,158
290,210
556,211
525,222
525,229
525,232
509,230
509,232
509,231
509,234
494,234
494,233
486,232
482,235
488,232
491,221
509,216
501,223
497,233
495,232
494,235
494,231
493,232
493,232
509,232
509,233
509,230
509,226
509,222
509,223
525,221
525,222
525,222
540,221
587,224
587,220
447,218
447,222
447,228
439,231
435,234
433,233
432,235
432,235
432,236
432,235
124,229
122,225
121,226
128,220
124,219
696,221
509,217
525,220
509,216
76,210
91,211
650,220
257,216
243,217
243,216
243,218
250,216
91,216
167,217
270,214
106,217
147,216
257,215
572,216
525,227
540,227
525,234
540,239
556,237
556,235
556,237
556,234
556,229
478,222
284,231
284,238
395,231
391,228
389,229
395,233
406,225
556,224
388,226
388,229
410,212
494,212
494,213
494,214
458,228
452,230
373,224
362,230
382,227
399,229
461,230
454,226
443,229
437,225
449,228
463,227
587,212
556,220
556,219
572,215
572,193
556,155
556,212
540,214
556,216
525,211
540,193
525,211
572,214
572,222
572,212
76,132
6338,214
1553,218
1538,222
1507,223
1538,229
1553,215
31,74
5793,135
5232,211
5419,213
5419,210
5138,218
5107,217
4982,214
5123,168
4780,212
5232,217
7336,122
7289,174
7180,168
4717,220
4686,219
4671,220
4624,219
4608,219
4593,217
4577,220
4546,214
91,48
3564,87
3502,64
106,54
2551,223
2473,226
2411,226
2364,224
2302,227
2255,225
727,222
712,231
712,234
712,233
712,234
712,235
1600,227
1585,227
1553,226
1538,228
1522,230
1507,228
1491,227
1320,219
1304,228
1413,223
1413,230
1413,228
977,224
1273,220
1242,229
1242,228
961,221
1226,229
1226,235
1211,234
1211,238
1195,234
1195,237
1195,234
384,232
386,230
387,232
387,222
402,142
395,221
391,226
389,226
388,228
395,228
398,227
400,225
431,223
431,224
439,224
443,224
445,225
446,221
453,223
457,222
467,220
472,221
475,222
484,220
572,168
587,218
572,225
587,229
587,229
650,233
618,236
587,228
587,229
587,223
618,211
324,200
313,187
305,206
556,213
525,222
525,228
525,233
509,233
509,234
509,235
509,235
509,234
501,233
489,233
483,234
480,232
487,219
509,216
501,227
497,233
495,234
494,234
494,232
494,234
494,234
509,235
509,232
509,226
509,226
509,223
525,222
509,221
540,222
525,222
540,221
540,216
61,210
432,219
439,224
435,229
433,232
432,233
432,234
432,236
432,235
424,233
428,229
665,229
681,224
122,223
129,219
132,218
681,224
494,215
509,221
509,212
61,212
68,213
634,218
91,214
106,216
284,215
618,214
257,216
603,216
106,215
587,214
189,215
216,215
229,215
572,219
556,224
572,226
540,232
556,238
556,238
556,233
556,236
556,235
525,226
509,223
297,235
290,239
287,239
278,239
389,233
395,231
406,222
572,220
388,226
388,226
478,212
478,213
486,215
490,213
492,216
493,218
373,227
362,228
417,224
432,226
455,227
451,227
434,231
433,226
440,227
459,225
468,219
481,211
556,220
572,213
556,177
540,155
540,212
556,214
540,216
540,213
525,210
525,211
525,210
509,211
572,213
587,100
6354,213
1553,219
1538,221
1522,223
1538,227
1553,216
31,77
5824,145
5918,87
61,96
5434,206
5138,218
5123,217
4982,214
5138,187
4764,197
5247,216
7383,135
7289,203
7196,184
7165,206
5388,215
4671,220
4640,220
4609,220
4593,218
4562,219
4546,213
46,48
3658,71
106,58
3440,54
46,67
38,51
2411,225
2349,227
2286,225
2239,226
728,225
712,231
712,232
712,234
712,234
712,232
728,234
728,230
1554,228
1522,228
1522,228
1491,227
1491,225
1304,219
1304,228
1413,226
1413,231
1413,228
1398,231
1382,234
1242,229
1242,229
961,222
1226,228
1226,233
1211,235
1211,235
1195,235
1195,235
1195,236
1211,226
1273,214
384,229
386,220
401,174
394,222
391,225
389,228
396,226
399,229
401,227
402,226
402,229
402,224
444,228
445,224
446,224
453,224
457,220
459,223
468,222
473,220
475,221
484,221
489,214
297,103
572,225
572,232
618,229
650,233
618,233
587,227
587,230
603,222
634,210
324,187
324,210
587,215
541,214
525,226
525,232
509,233
509,232
509,235
509,232
509,233
509,235
509,233
501,235
509,234
493,228
509,219
501,217
497,229
495,233
494,235
494,233
494,233
494,233
494,230
494,230
494,233
509,226
509,223
525,220
525,226
541,223
525,221
525,219
541,220
556,215
121,210
83,211
541,226
447,227
439,233
435,235
433,235
432,232
432,235
432,234
432,225
665,232
681,222
525,217
501,217
696,218
696,224
509,220
509,222
501,211
106,212
106,211
650,219
76,215
91,219
634,221
618,219
618,214
106,216
113,215
102,215
603,215
230,216
236,217
572,221
556,227
556,227
556,230
556,229
556,237
541,235
556,237
556,236
494,221
509,221
284,233
284,237
284,237
277,239
273,238
278,238
399,219
556,221
388,226
388,229
461,212
477,212
485,213
489,215
483,215
480,219
479,220
478,222
417,226
432,229
455,228
451,226
441,229
444,226
461,229
469,226
473,218
483,210
728,155
618,210
5164,14
17571,60
53762,44
41218,44
54274,29
55298,29
55554,13
54274,13
48642,13
53762,13
54018,13
53762,253
509,212
509,211
509,211
501,211
497,212
495,215
509,211
541,180
556,211
572,222
572,214
603,96
6198,212
6105,215
6042,215
5980,215
5481,190
5419,203
5076,168
5388,211
5232,210
5403,215
5435,210
5138,217
6261,210
6183,210
6198,116
6868,187
6837,174
6806,180
4780,218
4733,220
4718,220
4686,220
4655,220
4624,219
2754,116
2504,210
2442,180
2395,214
2380,212
2395,210
2208,220
2598,224
2536,225
2473,225
2411,225
2349,226
790,221
1772,223
1741,224
1710,226
1694,227
1663,226
1632,228
1616,226
1600,228
1585,227
1554,229
1522,228
1335,234
1335,234
1320,233
1304,227
1289,234
1289,233
1273,229
977,220
977,222
1273,220
1242,232
1242,227
374,237
373,237
373,235
373,235
373,236
373,235
373,233
373,235
373,233
380,231
384,226
386,216
409,225
413,225
415,225
416,225
416,227
424,225
420,225
426,224
429,227
438,224
442,226
444,221
525,211
373,210
373,184
373,210
362,210
367,171
359,155
366,106
572,212
587,220
556,225
587,232
572,229
556,232
556,227
556,223
572,214
284,211
556,190
311,210
317,210
541,193
525,218
525,229
494,235
494,236
494,236
494,234
494,234
494,233
494,235
494,234
494,236
494,234
486,228
509,216
494,235
494,230
494,231
494,232
494,230
494,233
494,232
509,232
509,234
509,230
509,228
525,223
61,220
572,220
587,221
587,221
587,223
587,223
603,222
618,219
447,220
439,224
443,232
437,235
149,221
150,218
143,226
139,232
130,234
125,232
130,225
133,224
127,223
124,217
696,218
696,222
634,220
618,219
618,216
634,216
257,215
230,217
236,217
241,217
242,216
245,218
244,217
243,216
556,234
541,230
509,225
509,228
509,230
525,228
541,231
525,228
541,236
541,238
556,237
556,235
289,237
541,221
556,231
556,236
556,236
403,229
403,232
395,227
391,234
397,231
407,221
412,220
478,224
478,225
478,226
478,228
469,229
473,229
467,231
457,230
351,227
351,230
369,225
432,228
458,215
468,171
481,138
541,213
572,215
696,215
587,212
556,221
556,222
572,214
556,164
556,177
509,211
509,211
501,211
497,214
509,210
541,187
572,215
572,221
556,212
6120,100
6354,212
1554,218
6042,214
5980,215
5419,197
5419,200
5076,210
5388,212
5232,210
5419,212
5388,210
5138,220
5123,216
4983,213
28875,20
43226,28
31095,28
11192,28
64932,27
3282,21
60886,20
56798,20
21973,24
14001,24
40402,87
21088,223
4562,218
4562,211
3595,64
3595,80
3533,67
31,58
61,61
3081,58
3050,164
2910,84
2738,109
2520,210
728,229
712,232
712,233
712,233
712,235
728,232
728,233
728,229
759,222
759,226
790,218
1756,222
1476,219
1304,223
1304,227
1429,231
1413,231
1398,227
1382,232
1382,228
1039,225
1351,231
1335,234
1320,232
1211,235
1211,236
1211,237
1195,235
1195,236
1195,237
1226,218
388,226
380,232
376,236
374,238
373,235
387,225
394,227
391,228
396,227
399,229
400,228
401,226
409,228
413,223
415,227
416,227
416,226
453,220
465,221
471,221
474,221
476,221
485,218
489,151
509,210
509,217
509,217
373,177
362,187
618,231
587,228
587,228
618,215
324,206
317,210
313,211
587,220
587,223
572,227
572,227
556,226
509,232
509,232
509,233
509,233
509,231
501,234
497,232
495,234
494,234
494,234
494,233
494,235
497,232
495,233
494,232
494,233
494,231
494,231
494,233
494,234
494,233
494,232
494,234
494,230
525,222
540,221
540,219
556,216
61,213
53,212
540,220
540,228
556,222
572,220
61,220
572,221
432,235
432,237
432,233
650,223
681,232
696,217
525,221
501,217
727,215
151,221
151,220
143,217
4652,14
8351,106
54016,98
54016,153
55298,138
56322,121
55296,138
55298,122
56322,122
56578,122
56066,106
56578,106
634,217
243,216
250,214
253,216
255,217
243,217
250,217
243,217
236,219
239,217
172,216
257,216
509,229
509,231
509,231
509,228
525,228
525,228
540,235
556,238
556,238
556,234
556,238
556,235
556,233
556,238
556,235
402,228
395,231
384,229
378,232
390,232
572,219
417,220
402,229
402,221
478,225
478,229
478,231
478,232
478,230
462,226
373,228
362,226
432,228
432,227
446,226
439,228
525,119
556,216
572,213
743,213
603,213
556,221
572,221
556,187
556,177
556,210
540,212
556,214
501,214
497,215
525,148
540,187
572,221
587,215
572,210
6354,161
6370,213
1553,221
1522,222
1522,228
5434,213
5076,212
5403,211
5372,210
5419,168
5419,216
5154,214
5123,218
5185,217
4982,210
4780,212
5216,213
19092,28
64722,27
60882,27
7044,21
60636,20
29916,24
13975,24
10174,24
26017,24
54359,26
26004,88
21188,37
91,71
61,61
3486,48
3361,71
16,71
3065,90
3019,138
2863,100
2769,80
2489,190
2395,211
2395,214
712,234
712,233
712,235
712,234
727,232
743,227
759,221
774,224
821,214
1756,225
1725,225
1709,225
1304,220
1429,231
1413,230
1398,231
1382,231
1382,218
1366,217
1351,233
1335,235
1320,233
1320,234
1304,227
59397,9
57093,209
56835,209
56323,233
57348,218
58628,193
56323,202
58628,202
59396,187
59908,187
60420,171
54898,82
373,236
373,234
373,233
373,233
380,231
384,230
386,223
401,180
394,216
391,225
389,229
388,227
416,225
424,225
428,226
430,225
438,225
442,225
444,223
445,224
446,223
453,224
457,220
467,222
373,210
373,151
373,155
556,148
587,216
572,226
572,229
603,228
650,231
634,233
587,230
587,231
556,211
310,177
303,171
313,171
556,155
556,213
525,222
525,230
509,233
509,232
509,233
509,233
494,234
494,233
486,233
490,234
492,234
493,230
485,220
509,217
501,224
497,233
495,231
494,232
493,231
485,232
489,231
509,230
509,233
509,226
525,223
509,226
525,221
525,223
525,222
540,220
587,224
587,224
587,223
587,217
417,219
432,227
439,233
435,234
433,236
432,233
432,234
432,234
137,234
129,230
125,225
123,226
129,220
140,216
681,224
650,217
525,218
525,216
61,211
68,211
229,217
160,215
201,217
222,218
226,219
228,216
215,215
225,217
143,216
186,214
208,215
225,217
509,231
525,227
540,229
525,229
540,238
556,239
556,235
556,237
556,237
556,236
509,221
509,219
572,233
402,229
395,233
391,228
389,231
403,230
556,220
402,219
395,230
398,219
478,212
486,213
478,230
478,231
469,230
465,226
373,225
362,229
432,225
446,228
453,230
442,227
437,228
442,228
572,213
587,213
587,214
556,222
572,221
556,211
556,158
556,193
540,214
556,215
540,216
517,210
509,168
572,210
556,219
572,217
572,212
6105,168
6354,213
1553,221
1538,221
1522,225
1553,228
1569,142
5544,168
5372,206
5419,145
5419,218
5185,212
5123,218
5169,216
4982,213
4780,211
5216,211
5247,213
7336,145
4780,219
4733,220
4717,220
4686,219
4655,220
4624,219
4608,217
4577,218
4562,220
4562,145
3595,64
121,67
2660,216
2582,224
2504,225
2442,225
2380,224
2317,226
2270,227
2239,222
727,231
712,233
712,233
712,235
1631,229
1600,226
1585,227
1569,228
1538,227
1522,227
1507,230
1491,228
1476,217
1304,227
1304,220
1429,230
1289,222
977,222
961,222
1242,226
1242,229
961,221
1226,227
1226,237
1211,233
1211,236
1195,234
1195,234
380,233
376,233
382,231
385,230
386,222
394,193
391,219
389,229
388,227
395,227
398,231
400,228
428,225
430,225
431,225
439,223
443,224
445,221
446,221
453,222
465,220
471,222
474,222
476,221
3547,2
30163,1
30139,1
27320,1
28596,1
29374,1
26798,1
12689,134
21320,239
11348,25
32014,134
366,126
324,210
317,200
587,214
587,221
572,226
572,230
556,230
556,228
556,224
556,215
556,211
310,206
6444,14
1187,253
59905,253
60161,245
59393,241
59137,239
60161,238
60417,238
60161,238
59905,238
59393,238
59649,238
482,235
480,233
487,233
490,231
492,221
509,214
501,226
489,230
491,233
484,232
489,233
491,234
497,231
495,233
509,233
509,226
509,225
509,223
525,226
525,223
540,222
540,222
540,219
540,217
603,224
447,217
447,221
447,227
447,233
439,234
435,233
426,231
429,233
430,236
431,235
634,225
132,226
126,225
123,217
129,220
696,224
681,218
509,219
509,219
76,211
76,213
665,216
665,216
243,216
243,216
250,216
260,215
603,216
230,216
236,215
603,216
136,216
189,216
587,215
572,222
525,229
525,231
540,235
556,237
556,235
556,235
556,236
556,234
447,222
284,221
284,238
284,239
388,230
380,230
384,234
393,231
572,223
388,220
388,228
395,217
478,212
486,213
490,215
492,214
469,229
417,225
351,228
362,224
417,228
439,227
458,229
445,225
438,226
449,228
463,228
470,221
556,215
556,221
572,219
572,193
556,119
540,187
556,213
556,215
540,213
525,210
525,210
525,211
572,222
556,213
572,203
6354,210
1569,214
1553,222
1538,222
1522,225
1553,224
76,71
5808,119
5902,145
49877,24
59603,23
43734,23
23768,23
23256,21
7122,21
54484,19
3286,21
24790,20
18131,82
21383,131
11348,25
5434,212
5372,222
5341,217
6229,203
6183,193
6167,190
6884,126
6822,177
6806,174
4780,215
4749,220
4717,220
8496,13
26442,93
21391,172
11348,25
45838,93
3143,48
3050,132
3050,74
2816,155
2504,190
2457,184
2395,213
2473,224
2411,226
2348,225
2302,225
2255,226
727,224
712,231
712,234
712,234
712,234
712,235
727,234
1585,227
1553,229
1538,228
1522,229
1491,229
1476,224
1304,218
1304,228
1429,225
1413,231
1398,228
1398,231
977,218
1242,233
1242,229
1242,221
1226,230
1211,234
1211,234
1211,234
1195,233
1195,235
1195,236
1211,226
384,232
386,231
387,221
402,168
395,222
391,226
389,227
388,228
388,229
395,225
398,227
400,225
437,225
442,227
444,224
445,227
446,223
446,222
462,223
470,220
474,221
476,223
485,220
489,214
603,219
572,226
572,231
618,228
650,233
618,232
587,226
587,229
587,223
603,211
310,206
310,210
294,193
541,213
525,222
525,228
525,231
509,232
509,233
509,232
509,232
509,235
509,232
501,234
485,235
489,233
491,219
492,217
493,226
493,232
493,236
493,231
493,233
493,233
493,233
493,232
509,236
509,229
525,226
509,226
525,223
525,222
525,223
525,219
525,223
541,218
76,212
68,212
439,221
435,226
433,231
432,233
432,233
432,234
432,235
432,234
432,234
634,228
681,231
696,213
129,221
140,216
681,221
525,217
525,221
525,215
76,211
98,211
650,220
106,218
98,216
634,220
216,215
603,216
243,216
174,216
208,214
225,214
200,214
221,216
572,219
556,224
556,227
556,230
541,238
541,238
556,235
556,235
556,237
525,228
501,223
284,238
284,238
284,238
277,238
273,238
386,229
401,220
587,222
388,227
388,228
447,211
470,211
482,211
488,212
491,215
484,218
481,219
351,227
403,226
417,227
439,228
443,227
430,228
431,227
454,230
466,229
472,218
475,193
743,142
572,215
556,151
541,155
556,213
556,214
525,214
541,213
525,206
525,211
525,211
509,211
525,210
572,100
6339,213
1554,219
1554,223
1507,222
1538,225
1554,215
76,54
5809,132
5933,109
6042,113
6463,113
5138,218
5123,215
4967,213
5092,177
4780,211
5232,216
7398,103
7289,171
7180,190
7165,210
5419,214
5372,221
4640,220
4609,219
4593,218
4577,218
4562,213
106,58
3627,61
3517,77
3440,61
3377,61
121,61
3034,168
2349,227
2302,225
2239,224
728,227
712,230
712,233
712,235
712,233
712,235
728,232
728,229
743,221
1538,229
1522,228
1491,227
1491,222
1304,218
1304,230
1429,226
1413,231
1413,226
1382,231
1382,232
1039,229
28953,218
57860,193
56323,202
58884,202
59908,187
59908,187
60164,171
60676,171
60420,171
61188,187
56836,132
55041,124
376,235
374,240
373,234
373,234
373,237
373,233
373,236
373,234
373,233
373,233
380,232
384,229
31849,156
57601,158
57857,159
57857,160
58369,160
57857,160
57345,168
57857,172
58113,174
57857,175
57601,183
57857,187
445,226
446,222
446,223
453,225
457,220
467,223
472,221
475,220
484,218
489,213
106,100
509,214
34746,60
59138,138
58626,138
60162,106
59906,75
57858,75
58114,106
56322,106
54018,68
53761,74
53761,91
55554,75
572,228
572,230
556,229
556,227
556,223
541,216
509,210
324,180
310,171
257,158
525,168
541,216
1518,238
60161,238
60161,238
59905,238
60417,238
59649,238
60161,238
59905,238
59905,230
59905,226
59649,224
60161,231
509,217
509,217
501,227
497,233
495,236
494,235
494,233
494,231
494,231
494,233
494,236
494,233
4334,253
58113,13
57090,13
57090,13
56322,13
56834,13
56834,29
55810,76
54528,76
54528,44
54786,44
58114,29
556,222
46,219
572,219
572,220
587,223
587,221
587,223
587,222
603,217
447,218
447,226
447,231
7197,151
56320,143
57088,139
55296,137
57600,136
59648,136
59904,128
59904,132
58624,119
57088,120
57344,120
56064,184
681,223
509,221
525,223
509,211
136,210
113,212
634,216
121,216
113,216
650,221
634,219
634,220
10014,1
55553,76
55552,1
55041,203
55040,196
55552,14
55297,60
56322,44
57090,44
58114,44
59394,44
59138,44
541,231
556,232
525,230
509,226
509,231
509,229
525,230
525,229
525,231
541,235
556,238
556,238
12884,26
61185,33
60417,253
56577,44
59394,44
60930,44
59906,147
58625,139
59137,128
58369,130
59905,138
58881,157
541,220
388,228
388,226
461,212
477,213
485,214
489,215
491,215
492,219
485,220
481,221
479,220
15747,176
58625,190
57857,190
57857,183
58113,187
58113,204
58369,213
58113,217
55553,219
46081,6
36355,106
51970,222
469,213
465,217
463,210
478,119
556,211
572,214
696,213
587,213
556,221
556,222
572,213
556,168
18613,253
54273,253
53761,245
54017,241
54273,239
54529,238
53761,29
48642,60
54530,60
57346,60
54018,44
29698,210
1554,217
1538,223
1522,223
1538,227
1554,217
61,71
5793,132
5933,90
91,113
6354,87
6385,216
6198,213
21462,119
54547,243
47123,172
54034,112
55572,199
38684,121
50460,121
37148,253
47899,27
54805,252
56596,221
55060,101
6183,203
6183,148
6884,138
6837,161
6806,210
4780,217
4749,220
4733,220
4686,220
4671,220
4640,219
4609,219
56081,194
54545,16
15616,11
16398,174
17165,96
15629,16
14848,46
19712,218
32267,109
23051,194
36362,185
22622,84
25277,191
57608,215
57858,200
59394,200
60162,200
59906,200
59906,200
59906,215
59906,231
59650,247
56834,247
57858,22
1772,220
1741,227
1709,226
1694,226
1663,227
1631,227
1616,225
1585,226
1569,228
1553,227
1538,229
1507,229
28172,55
59653,40
60165,9
58373,24
59397,9
60165,9
58885,209
56323,193
56835,233
56836,218
58884,233
57348,218
1226,234
1211,232
1211,235
1211,234
1195,235
1195,236
1195,238
1226,218
373,221
373,230
373,236
373,237
31068,133
57089,132
57857,132
57857,139
57857,142
57601,144
57857,145
58113,145
58113,145
57601,145
57857,145
58113,145
409,224
413,226
415,227
423,226
427,226
429,228
430,224
431,224
439,222
443,224
445,223
446,222
33978,106
45313,111
48641,103
53761,110
47105,113
41985,115
37121,13
38658,75
54786,75
56834,60
58114,60
59138,138
634,234
618,231
587,227
587,230
618,219
618,211
324,210
317,212
587,216
587,223
572,226
572,228
750,253
59649,253
59393,253
60161,253
59649,253
59393,253
59137,245
59649,253
59649,245
60161,241
59905,231
59649,234
60422,1
60905,1
60907,1
60910,1
60906,1
60907,1
60905,1
60907,1
60907,1
60905,1
64997,1
64985,1
501,231
489,234
491,235
492,234
493,233
493,233
493,233
493,233
493,232
485,234
489,233
491,232
4522,253
56321,13
57346,13
57090,13
56834,28
55810,44
54530,61
54016,44
55042,28
57858,44
57858,44
56834,60
572,221
572,218
572,223
587,222
587,219
587,222
603,218
447,220
447,222
447,230
439,233
435,232
7338,136
55296,136
57088,143
59392,139
60416,130
60160,125
57600,130
56832,133
56576,134
56064,135
55552,184
56834,253
509,220
76,211
91,211
83,214
650,218
106,216
113,219
634,221
634,220
634,220
618,222
618,220
10158,114
55040,1
55297,1
55809,243
55296,60
56322,44
57090,44
57858,44
58370,44
58882,44
59906,28
60162,44
525,231
509,228
509,231
509,231
525,228
540,227
525,229
540,234
540,237
556,235
556,235
556,234
13053,13
56066,44
59394,44
60418,44
60162,146
58625,146
59137,139
58369,135
59649,133
58881,154
56321,75
56322,132
395,224
478,213
486,213
490,212
492,215
493,215
485,217
481,219
479,220
478,223
478,225
478,224
15913,190
58113,175
58625,183
58369,202
58881,212
57857,217
55041,227
40449,6
47107,91
53762,205
43009,205
55041,198
466,210
525,116
556,213
572,213
696,213
587,214
556,222
572,221
556,212
556,187
556,180
556,213
18794,241
54273,239
54529,238
55041,13
49410,28
53762,60
55554,60
56066,44
54274,217
34583,210
54296,17
56070,17
1522,224
1538,226
1585,210
46,77
5824,155
6011,87
6136,106
6385,164
6354,216
6183,214
6089,216
6027,216
3607,149
24660,20
32723,20
39127,28
27287,28
3262,28
3282,28
3230,21
60636,20
56797,20
21940,24
10177,24
22598,212
38682,166
41242,150
53786,156
56338,141
55826,109
56082,78
56082,47
55826,16
55826,0
56338,225
56081,210
4546,132
3611,71
3564,54
76,67
3361,74
76,58
3081,80
3034,168
2878,80
2551,103
2473,203
2411,210
25465,200
59650,200
59394,200
59394,200
60418,200
59650,215
59394,231
58370,247
57602,6
57091,37
55555,220
57350,189
1694,225
1678,224
1647,226
1631,226
1600,226
1585,227
1569,228
1538,227
1522,227
1507,229
1491,230
1335,219
28371,24
57861,9
59909,9
59397,9
57349,209
56835,209
56579,218
57860,218
58628,193
56579,202
58628,202
59908,187
1211,237
1195,236
1195,234
1195,237
1195,231
1257,217
373,229
373,232
373,236
373,238
373,236
373,231
31255,136
58625,141
58369,143
58113,144
57857,145
58369,145
58369,145
57857,145
57857,153
58113,157
57857,159
57601,160
416,229
416,223
416,226
424,228
428,227
430,225
438,225
442,223
444,223
445,222
453,223
457,222
34165,114
41217,115
47105,116
52737,116
41217,44
30466,75
55042,75
57602,60
57858,75
58370,138
59394,122
59906,106
587,230
587,226
618,214
324,211
310,200
618,212
587,220
587,227
572,230
556,229
556,229
556,228
923,253
60161,253
59649,253
59905,253
59649,253
59393,245
59649,241
60161,239
60673,238
59905,238
60929,238
59905,238
494,235
494,234
494,234
494,235
494,234
486,237
490,233
492,227
509,217
501,222
497,230
495,235
3776,238
59649,253
59393,245
59393,233
59137,253
59649,253
59905,253
58625,253
57601,13
57090,13
57346,13
57090,13
525,222
525,224
540,218
61,212
53,211
556,220
540,227
556,223
572,222
121,220
587,221
572,221
6592,176
59393,176
59649,122
56834,153
58882,184
55554,28
56578,222
55553,200
55298,136
56576,136
56576,136
55040,136
136,234
136,236
128,233
132,225
126,223
123,221
129,219
696,220
696,223
525,219
525,219
76,211
9412,106
55042,106
55298,243
56064,236
55552,239
55296,243
56064,229
55808,236
55552,241
55808,245
55040,75
54786,203
216,218
270,216
572,219
556,223
556,227
556,230
556,234
556,233
556,232
540,233
525,229
509,227
12231,13
56322,28
61697,28
60929,21
60929,17
61441,22
60929,18
60673,23
61441,25
60929,33
59905,44
56578,44
556,237
556,236
402,229
395,232
391,228
389,232
395,231
406,218
587,220
388,226
395,222
461,211
478,228
478,228
478,230
469,231
458,225
373,226
373,228
387,228
447,227
462,228
447,228
432,231
556,215
572,214
712,213
587,213
556,224
572,220
556,211
556,142
540,197
556,213
540,215
556,213
494,214
540,190
525,171
572,219
572,216
572,210
6136,168
6370,212
1553,221
1522,223
1522,226
1553,226
5076,212
5403,210
5263,210
5419,200
5403,218
5185,215
5107,219
5185,219
4982,211
4795,213
5216,213
5263,212
45761,88
21787,206
11348,23
1294,89
6790,180
4764,220
4733,220
4702,221
4686,220
4655,220
4624,218
4609,218
21790,184
11348,23
46606,92
3564,61
3486,64
3377,100
61,35
3081,90
3050,142
2832,100
2754,116
2504,210
2224,215
2629,215
2582,223
2504,225
2442,225
2364,225
2317,226
2255,225
2239,220
728,229
712,233
712,232
1647,226
1632,226
1600,226
1585,227
1569,228
1538,227
1522,230
1507,228
1491,227
1335,218
1304,228
1429,220
1273,234
1289,223
977,221
977,222
1258,227
1242,227
961,220
1226,227
1226,232
1211,235
1211,232
1195,236
373,234
380,234
376,232
382,233
385,233
386,224
401,197
394,217
391,227
389,225
396,227
399,228
428,224
430,225
431,226
439,226
443,225
445,225
446,224
453,222
457,223
459,225
460,222
469,221
361,155
367,174
525,116
587,217
587,225
572,229
587,228
665,231
634,231
634,229
587,230
587,228
572,210
572,193
284,164
297,158
297,190
525,218
525,229
525,231
509,235
509,232
509,233
509,233
494,236
494,237
486,234
490,234
484,233
489,226
509,215
509,220
501,231
497,232
495,234
494,234
494,234
494,232
509,231
509,236
509,229
509,226
509,225
525,225
525,225
525,221
525,222
525,222
587,226
587,223
587,218
447,219
447,225
447,229
439,235
435,233
426,233
429,235
430,234
431,237
137,233
129,226
125,224
130,220
125,220
681,222
665,217
509,220
525,220
106,212
91,211
665,220
618,217
257,216
263,216
243,216
243,215
229,214
216,215
153,217
129,215
179,217
257,216
243,214
525,228
525,228
509,230
541,236
541,238
556,235
556,237
556,237
556,234
461,222
297,222
290,241
388,231
388,229
388,229
388,233
402,229
572,225
403,224
395,228
406,216
494,212
494,214
494,215
475,232
476,231
417,224
351,230
362,224
417,228
478,229
469,226
450,227
441,227
444,227
461,228
759,212
556,216
556,220
572,219
556,151
556,210
556,210
556,215
556,216
541,214
525,210
525,211
556,197
572,223
572,215
572,184
6323,211
1554,215
1554,223
1522,224
1522,227
1554,220
76,77
5777,119
5232,211
5419,211
5419,215
5138,219
5107,219
5201,212
5123,210
4780,213
5232,217
5294,161
7305,158
7180,138
4733,221
4702,219
4671,220
4655,219
4609,219
4593,220
4577,218
4546,218
61,42
3595,96
46,71
3408,42
2567,224
2489,224
2426,225
2364,225
2302,225
2255,226
728,219
728,230
712,233
712,236
712,234
712,234
1600,227
1585,227
1554,227
1538,228
1522,231
1491,229
1491,227
1476,218
1304,229
1382,221
1429,229
1413,230
977,221
977,219
1242,228
1242,229
961,220
1226,226
1226,233
1211,233
1211,235
1195,235
1195,234
1195,235
380,232
376,232
382,231
385,222
401,164
394,218
391,227
389,228
396,227
392,228
390,225
396,227
430,225
431,225
439,225
443,224
445,223
446,222
453,223
457,221
467,221
472,221
475,222
484,220
572,155
603,218
572,225
572,231
587,228
650,229
634,235
587,229
587,228
587,225
634,212
324,193
297,171
290,164
541,213
525,223
525,231
525,232
509,234
509,234
509,233
509,234
509,232
501,232
490,235
492,231
485,231
509,220
509,215
501,224
497,231
495,234
494,233
494,230
494,233
494,233
509,234
509,233
509,227
509,223
509,225
525,224
525,225
525,222
541,221
541,221
541,214
76,212
447,216
439,221
443,226
437,231
434,236
433,230
432,235
432,236
432,234
424,229
665,229
681,226
128,224
132,219
712,216
681,223
525,217
509,220
509,212
61,212
83,211
650,220
76,217
98,219
618,216
216,214
226,215
181,217
603,216
76,215
98,216
109,214
257,214
572,222
556,223
556,228
540,234
540,237
556,237
556,234
556,236
556,236
525,228
509,221
284,234
284,238
277,239
273,238
382,234
385,232
401,223
572,220
388,226
388,224
494,212
494,213
494,215
494,213
494,216
486,217
373,226
362,228
375,226
432,228
446,228
446,225
431,229
439,226
458,228
468,227
473,219
475,210
572,221
572,216
556,164
556,161
540,210
556,214
540,217
540,213
540,210
525,210
525,211
525,210
572,212
572,145
6354,211
1553,217
1553,225
1538,223
1538,226
1553,220
46,90
5808,93
5871,113
6058,109
5419,214
5154,217
5107,218
5185,212
5123,203
4780,213
5232,216
7383,122
7305,151
7196,135
7180,180
5419,211
4671,219
4640,220
4608,220
4593,218
4577,218
4546,216
76,48
3580,77
3611,54
3471,48
136,51
113,48
2426,225
2364,226
2302,226
2255,228
727,221
712,231
712,234
712,233
712,234
712,234
712,231
727,233
1569,227
1538,228
1522,229
1507,228
1491,227
1304,218
1304,227
1413,222
1429,230
1413,227
1398,233
1382,232
1242,230
1242,231
961,220
1226,229
1211,233
1211,235
1211,236
1195,236
1195,237
1195,236
1195,231
1242,215
382,229
385,224
401,164
394,217
391,225
389,225
395,228
398,230
400,226
401,227
401,227
401,226
442,224
444,225
445,224
453,224
457,224
459,220
468,220
473,222
475,219
476,220
485,215
572,100
572,222
572,231
603,228
650,233
618,233
587,229
587,230
603,223
634,212
324,184
330,200
603,214
540,212
525,224
525,231
509,232
509,231
509,233
509,234
501,232
509,233
509,233
501,233
497,234
492,229
493,219
525,216
509,226
501,233
497,233
495,231
494,232
494,230
494,233
494,232
494,232
509,225
509,224
525,226
525,225
525,223
525,222
525,221
525,222
540,214
61,210
556,212
540,226
447,229
447,235
439,234
435,233
433,234
432,235
432,234
432,229
650,227
696,224
509,218
493,222
130,216
681,222
525,217
509,223
525,211
76,210
76,212
665,218
106,218
121,218
665,219
634,219
223,214
206,215
211,215
222,215
164,214
120,216
257,214
572,219
572,224
556,226
556,227
556,232
556,237
556,236
556,235
556,235
509,225
509,220
297,240
290,239
280,239
275,239
272,236
278,239
405,221
403,220
395,227
391,227
411,212
494,213
494,214
494,217
494,216
486,219
490,218
484,222
375,226
432,230
455,227
451,226
434,228
433,227
455,225
466,227
472,220
483,203
727,145
618,200
556,168
556,190
556,211
540,216
540,215
556,210
525,211
525,212
525,211
509,210
509,210
525,210
6354,211
1553,216
1538,225
1507,222
1522,225
1553,219
46,71
5824,145
5933,109
6089,93
6260,96
6370,215
5123,217
4982,213
5123,151
4780,211
5232,218
7351,119
7336,151
7180,158
7149,200
5434,213
5372,221
5341,216
4608,219
4593,219
4577,219
4546,214
46,67
3595,93
76,64
53,71
3408,58
3097,58
3050,148
2878,90
2286,225
2255,225
727,228
712,230
712,233
712,234
712,235
712,232
727,230
743,230
743,220
759,224
1507,229
1491,228
1491,221
1304,218
1304,232
1429,231
1413,233
1398,227
1382,232
1382,232
1039,227
1351,229
961,218
1226,232
1211,234
1211,232
1211,236
1195,236
1195,237
1195,235
1211,222
388,217
380,232
376,236
405,210
396,224
392,226
390,227
389,228
388,227
395,226
398,227
400,227
401,224
409,225
413,226
446,221
453,222
457,221
459,222
468,221
473,220
475,222
484,217
489,210
556,103
509,215
509,217
650,229
650,235
618,232
587,228
587,228
618,218
324,210
324,210
324,211
587,218
587,225
572,223
5932,14
671,13
59394,253
59393,253
59649,253
59905,253
59905,253
59137,253
59649,245
59649,241
59905,239
59905,238
494,235
494,233
494,233
494,233
494,233
494,235
486,234
482,235
480,234
487,231
490,228
509,218
494,231
494,233
494,232
494,231
494,232
494,231
494,232
509,231
501,234
509,231
509,228
509,225
46,221
46,221
572,222
572,224
587,222
587,219
587,224
587,218
432,218
439,223
443,229
437,233
136,222
136,217
136,224
136,231
136,236
136,234
128,228
124,227
130,225
133,217
727,217
665,222
618,220
634,217
603,216
257,217
243,217
250,219
243,216
243,217
250,218
253,216
255,218
243,216
556,231
525,231
509,226
509,231
509,232
509,230
525,229
525,227
525,236
556,238
556,236
556,235
289,236
525,220
556,233
556,239
556,235
402,228
395,233
384,229
386,234
394,231
405,219
403,220
478,223
478,224
478,224
478,228
478,229
478,230
469,231
473,228
373,228
362,227
417,227
432,228
447,216
454,168
466,103
556,214
572,213
743,213
572,212
556,220
572,221
587,212
525,158
556,184
501,211
509,211
501,212
489,214
525,184
540,210
572,217
572,217
556,211
6105,168
6354,213
1553,220
6027,215
5964,214
5403,212
5060,211
5388,210
5372,210
5434,210
5403,216
5169,213
5123,219
5169,217
4967,211
32725,20
39125,28
23204,28
64692,27
64715,27
7054,21
60636,20
60637,20
21911,24
10187,24
51403,87
22186,199
4562,218
4562,96
3595,77
31,67
103,67
3361,71
31,54
3050,74
3019,138
2863,80
2754,100
2520,180
712,230
712,232
712,231
712,234
712,234
712,231
727,232
743,227
759,224
774,226
805,215
1756,227
1335,218
1304,227
1304,219
1429,231
1413,230
1398,228
1382,233
1366,220
1055,218
1351,234
1335,234
1320,232
1211,236
1211,234
1195,234
1195,236
1195,235
1195,234
1242,216
373,226
373,234
373,238
373,239
373,235
389,229
388,227
395,226
398,228
400,226
401,225
401,225
401,225
401,225
409,223
413,224
415,227
457,222
459,222
468,222
473,220
483,221
488,217
483,206
509,100
509,215
509,215
373,177
373,210
618,231
587,228
587,228
618,218
618,210
324,200
324,210
587,218
587,224
572,226
572,230
556,230
509,233
509,236
509,234
509,233
509,233
509,235
501,233
497,232
495,235
494,233
494,234
494,235
489,232
491,234
484,229
489,233
491,237
492,232
493,231
493,232
493,232
493,231
485,230
489,233
525,222
525,222
525,223
540,220
46,214
53,211
556,214
540,227
556,224
572,220
572,223
572,220
433,235
432,235
432,234
432,224
665,232
696,221
525,218
501,218
727,216
151,221
143,220
139,217
76,211
91,211
76,213
650,220
106,218
98,216
634,220
634,220
618,219
634,221
618,221
618,217
194,217
257,216
230,215
572,220
572,221
556,228
556,232
556,232
556,231
540,234
556,232
540,229
525,225
509,218
284,237
284,236
277,241
273,239
271,238
277,239
280,240
288,238
292,233
509,218
447,211
447,213
470,214
482,213
480,215
479,217
478,219
478,220
478,221
478,223
478,222
478,225
441,229
444,225
461,227
469,223
473,214
509,161
774,187
618,203
461,200
454,215
450,214
455,193
540,213
540,210
525,210
525,211
525,211
525,211
509,210
509,210
509,210
493,210
493,211
493,213
1553,226
16,64
31,77
5824,155
6011,100
6167,116
6385,212
6354,214
6151,215
6089,215
6011,216
5980,212
3607,236
36692,20
43221,28
23198,28
3236,28
60859,27
3185,21
56797,20
26074,24
18091,24
6098,24
19666,0
6790,168
6806,151
4764,220
4733,219
4686,219
4671,220
4655,220
4624,217
4608,219
4577,219
4562,219
91,71
2395,213
2224,216
2645,218
2582,224
2504,225
2426,224
2380,224
2317,225
2255,226
2239,218
712,231
712,232
1678,226
1647,225
1631,227
1600,227
1585,228
1553,227
1538,226
1522,229
1507,228
1491,230
1320,217
1304,229
1289,235
1289,235
1289,222
961,221
977,221
1257,226
1242,229
961,219
1226,226
1226,233
1211,233
1211,234
373,233
373,237
373,234
380,234
384,232
386,231
387,225
402,190
395,215
391,229
389,227
388,227
416,223
416,224
424,226
428,224
430,226
431,226
439,224
443,224
445,226
453,223
457,222
459,222
357,206
372,155
372,168
509,116
587,215
587,223
572,227
587,228
650,232
634,235
618,234
587,229
556,212
297,210
297,184
297,180
297,155
540,200
525,216
525,230
525,230
509,230
509,235
509,234
494,235
494,233
494,236
486,233
482,232
480,234
487,224
509,214
509,222
501,230
497,232
495,234
494,233
494,231
494,234
509,231
501,236
509,227
509,226
525,225
525,225
525,224
525,221
525,220
587,224
587,224
587,224
556,217
432,221
439,227
443,230
437,234
434,234
433,232
432,235
432,234
136,236
128,230
124,226
122,225
121,221
128,219
696,222
712,218
525,220
509,218
46,211
61,212
216,215
603,215
618,216
243,216
250,216
253,217
243,217
243,216
229,215
145,214
257,215
243,216
509,230
525,230
541,228
525,232
541,239
556,237
556,236
556,237
556,238
525,231
447,223
311,223
556,226
403,229
395,230
384,228
386,232
401,228
572,225
388,223
388,228
402,213
478,213
486,213
478,227
469,231
473,230
417,224
351,228
369,227
432,227
446,228
446,228
439,228
435,228
448,228
587,213
587,213
556,218
556,222
572,217
556,174
556,168
556,210
556,214
541,217
541,212
525,210
541,210
572,214
572,221
572,212
587,135
6354,213
1554,220
1538,223
1507,222
1554,228
1554,214
46,67
5388,212
5232,210
5403,213
5388,197
5123,219
5138,216
4983,212
5107,168
4780,180
5248,215
7336,158
7320,171
4733,220
4718,219
4686,220
4671,219
4640,219
4609,219
4593,218
4562,220
4546,213
121,87
3564,67
31,51
2613,225
2536,225
2458,225
2395,224
2349,224
2286,226
2239,226
728,223
712,231
712,234
712,234
712,235
1616,226
1600,227
1585,225
1554,229
1538,227
1522,230
1491,228
1476,223
1304,219
1304,230
1429,228
1413,230
977,219
977,222
1273,222
1242,231
1242,226
1242,220
1226,230
1226,234
1211,234
1211,236
1195,235
1195,237
373,232
380,230
384,234
386,230
387,221
402,168
395,223
391,225
389,228
388,226
395,227
391,227
429,225
430,225
431,224
439,223
443,223
452,225
456,224
458,221
468,220
473,224
475,222
476,220
377,145
556,174
603,217
587,226
572,232
587,228
650,233
634,233
603,230
587,228
587,224
618,212
311,197
311,193
304,180
541,212
541,223
525,230
525,230
509,234
509,232
509,232
509,235
509,233
494,236
486,235
490,232
492,231
485,217
509,218
501,226
497,234
495,232
494,233
494,233
494,234
497,233
509,234
509,233
509,227
525,224
525,222
525,221
525,221
525,222
525,219
525,219
541,217
603,220
447,218
447,222
447,227
439,233
435,234
433,232
432,233
432,236
432,233
432,229
650,226
124,224
122,224
121,218
128,217
696,225
509,219
525,221
509,212
106,211
98,213
650,219
106,214
216,215
223,216
603,214
243,216
197,216
587,216
587,215
216,214
153,216
184,217
572,219
572,225
525,229
525,236
541,237
556,238
556,234
556,237
556,235
525,225
509,222
297,237
290,238
287,238
395,229
384,230
393,232
405,225
587,222
388,225
388,228
410,212
494,212
494,212
494,214
494,215
465,230
373,221
362,230
417,224
417,228
439,225
443,225
430,230
431,227
439,225
458,225
468,219
556,222
556,219
556,213
556,171
556,193
556,211
540,215
556,215
540,211
525,210
525,211
525,212
556,220
556,214
572,100
6354,214
1553,218
1538,223
1522,225
1538,225
1569,213
31,67
5824,151
5918,119
5419,215
5185,203
5138,219
5123,215
4967,213
4764,122
5201,187
5247,215
7351,164
7289,168
7164,203
7164,161
4686,220
4655,218
4624,217
4608,217
4593,220
4562,219
4546,212
76,54
53,54
94,45
3455,71
3361,54
2473,225
2411,226
2348,225
2270,226
2239,225
727,226
712,228
712,233
712,233
712,233
712,233
727,233
1585,227
1553,227
1538,227
1522,232
1491,228
1491,223
1304,219
1304,229
1429,227
1413,229
1398,227
1382,231
1273,220
1242,230
1242,227
961,222
1226,230
1211,233
1211,233
1211,236
1195,235
1195,235
1195,236
1195,225
380,230
376,228
382,220
176,142
388,221
388,225
388,226
395,227
391,228
396,228
399,227
400,225
430,225
438,222
442,224
444,224
452,221
456,223
458,221
468,222
473,220
475,219
484,218
489,216
587,218
572,225
572,232
618,228
650,236
618,233
587,230
587,230
587,221
618,211
324,206
650,210
297,177
540,215
525,225
525,229
525,232
509,231
509,234
509,233
509,233
501,235
509,233
509,232
489,233
491,229
509,220
501,217
497,227
495,236
494,233
494,235
494,233
494,233
494,233
494,232
509,231
509,230
509,225
525,222
525,225
525,221
525,221
540,222
540,221
556,213
76,211
540,214
447,222
447,230
447,234
439,231
435,235
433,234
432,235
424,232
428,226
665,233
696,221
525,220
141,220
696,217
696,224
525,217
525,223
121,211
106,211
106,213
665,218
121,214
121,216
634,221
603,215
76,217
603,215
257,216
106,217
98,214
87,216
138,214
572,220
572,224
556,228
556,229
540,239
556,234
556,234
556,234
556,233
447,222
297,219
290,237
287,237
278,240
274,240
272,239
400,231
572,221
402,222
395,229
398,219
478,211
486,214
490,215
492,215
485,217
481,220
479,220
362,226
432,225
446,230
462,225
447,229
432,228
439,227
458,227
468,225
481,211
487,158
743,210
572,200
556,190
556,210
556,213
540,215
540,214
525,210
525,210
525,212
509,206
509,210
493,203
6105,148
6354,211
1553,222
1522,219
1522,228
1553,226
1569,109
31,74
5840,155
5980,96
6167,100
6385,212
5107,219
5200,217
5076,211
4780,213
5216,214
5263,211
7351,151
7258,158
7180,197
7149,164
5387,219
5356,220
4624,219
4608,219
4577,219
4546,218
4577,84
3580,77
16,71
31,58
38,58
87,48
3065,96
3018,164
2333,225
2270,225
2239,221
727,227
712,231
712,234
696,234
712,232
712,235
727,232
743,229
758,221
1538,229
1507,229
1491,230
1335,219
1304,220
1304,231
1429,230
1413,230
1397,229
1382,232
1382,230
1039,226
1242,225
961,218
1226,232
1226,236
1210,237
1210,235
1195,236
1195,234
1195,236
1210,220
388,216
380,232
5420,14
30891,131
55553,138
43777,135
56577,133
58369,132
58369,139
57601,142
58625,144
58625,145
58113,145
57601,153
411,228
414,226
415,226
416,226
416,227
416,226
424,225
428,226
430,226
431,225
438,223
442,226
525,217
525,197
373,193
373,180
362,200
356,177
364,129
368,132
378,113
571,211
587,220
571,226
571,226
571,229
556,230
556,227
556,223
556,215
297,212
571,190
297,155
290,203
293,171
540,216
494,233
493,234
493,233
493,235
493,237
493,237
493,234
493,235
493,233
493,234
485,232
489,228
493,232
493,232
493,233
493,231
493,234
493,233
493,232
493,233
509,233
509,234
509,233
509,228
571,221
587,221
76,221
587,223
571,221
587,221
587,224
587,225
446,217
446,220
446,224
439,231
151,220
143,221
147,217
141,224
138,235
137,236
136,233
128,227
132,222
126,221
131,215
696,222
603,221
634,219
618,218
634,215
230,217
230,216
618,216
243,217
250,217
216,218
226,217
233,217
540,231
525,233
509,227
509,228
509,226
509,233
525,231
540,228
525,232
540,236
540,236
556,237
286,240
291,224
556,229
556,233
556,235
556,225
388,231
388,231
388,231
388,233
402,229
556,221
478,225
478,225
478,225
478,227
478,228
478,228
478,230
478,230
402,223
351,230
362,226
432,227
462,214
461,211
469,145
556,142
556,215
587,213
743,211
556,217
556,220
571,220
556,206
556,193
501,210
509,212
501,213
497,212
495,213
525,151
556,210
571,222
571,214
571,206
6338,211
1553,214
6089,215
5995,216
5980,210
5419,213
5076,213
5403,210
5200,193
5434,197
5419,216
5169,217
5123,219
5185,217
24789,20
36822,20
35282,28
23185,28
3220,28
19155,21
2961,21
56797,20
26076,24
18078,24
33723,87
22685,44
4577,219
4561,218
76,54
3611,74
31,77
3424,58
3408,71
106,54
3050,96
3034,142
2831,103
2551,93
2239,219
727,230
712,232
712,235
712,233
712,232
712,233
727,229
743,225
758,225
758,226
821,217
1491,228
1335,220
1304,228
1304,220
1429,232
1413,230
1397,228
1382,232
1366,221
1055,220
1351,232
1335,232
1226,234
1210,232
1210,234
1210,235
1195,236
1195,235
1195,234
1226,215
388,227
369,233
371,236
372,237
389,226
388,227
388,227
395,230
398,227
400,229
401,226
401,224
401,226
409,227
405,228
411,228
456,222
458,221
459,222
460,223
469,220
481,220
487,218
490,200
525,168
509,215
525,215
373,210
634,234
618,234
587,229
587,228
618,218
310,210
310,190
310,210
587,216
587,225
571,228
571,229
509,233
509,233
509,232
509,233
509,233
501,233
509,235
509,235
501,232
497,234
495,233
486,232
497,229
487,234
490,233
492,234
493,234
493,232
493,233
493,231
493,230
493,234
493,231
493,231
525,223
525,223
525,219
525,222
525,217
76,212
76,212
540,222
540,227
556,223
572,220
61,222
432,236
432,234
432,233
432,237
665,223
681,231
696,217
494,219
486,219
151,215
143,222
139,218
525,221
76,211
83,211
665,214
650,217
136,217
665,217
634,220
634,220
618,219
618,224
634,219
284,217
106,218
168,218
205,214
572,224
556,228
556,230
556,231
556,235
556,232
556,232
525,231
556,230
447,225
297,224
290,241
280,238
275,238
272,238
271,239
277,239
280,239
288,241
292,225
395,214
494,211
494,214
494,215
494,216
486,216
482,218
480,220
479,223
478,224
478,225
478,223
441,228
444,230
452,226
465,226
471,221
482,210
712,106
618,210
572,177
461,213
461,217
461,212
540,213
540,212
540,210
540,210
525,212
525,210
509,210
525,211
509,212
509,211
501,212
497,211
1538,227
1553,218
76,74
5793,119
5964,113
6058,100
6183,93
6370,215
6198,211
6120,214
6058,215
5980,215
3606,214
24660,20
43225,28
31105,28
19147,28
3259,28
11211,21
64724,20
56797,20
21978,24
21950,24
10145,24
6853,200
6790,158
4780,212
4749,220
4717,220
4702,219
4655,220
4640,219
4624,219
4593,219
4577,220
4546,216
2395,214
2380,210
2208,221
2629,222
2551,226
2489,227
2411,224
2348,227
2286,226
2255,226
727,222
712,229
1694,225
1663,226
1647,226
1616,225
1600,227
1585,227
1553,227
1538,230
1522,229
1507,228
1491,227
1304,217
1289,231
1289,235
1289,234
1289,222
961,220
1273,219
1242,229
1242,227
1258,220
1226,231
1211,236
1211,233
373,233
373,234
373,234
373,235
373,233
380,231
384,231
386,220
394,164
391,219
389,225
388,228
416,225
416,224
424,223
428,225
430,227
438,225
435,224
441,224
444,225
445,221
453,222
457,222
373,210
362,200
367,142
377,145
556,151
587,217
572,224
572,232
603,226
650,232
634,235
603,228
556,221
556,212
556,210
311,155
304,203
300,210
556,210
541,222
525,230
509,231
509,232
509,233
493,233
493,234
493,234
493,235
485,235
481,236
479,233
486,223
509,215
501,225
497,231
495,231
494,232
494,233
494,232
494,232
509,233
501,234
509,229
509,226
525,226
525,221
525,221
525,220
587,223
587,224
587,224
603,221
447,217
447,220
447,227
439,231
435,235
433,235
432,235
432,234
136,234
136,232
136,229
128,225
124,225
122,216
121,217
696,223
665,215
525,221
509,213
509,210
190,216
618,215
230,216
618,215
243,216
243,217
243,218
229,216
160,215
188,216
132,216
161,219
509,229
509,230
525,228
525,229
525,233
541,237
541,237
556,236
556,238
556,234
525,231
461,223
556,236
403,224
395,230
391,226
389,231
388,231
395,224
572,223
388,224
388,227
461,212
469,213
478,227
478,231
478,230
478,228
373,223
362,230
417,226
424,227
442,228
437,228
427,229
437,229
572,213
587,215
587,212
556,222
556,220
572,214
556,158
541,174
556,212
541,215
541,217
541,211
494,210
525,193
587,213
556,222
572,215
6120,96
6354,213
1554,218
1538,221
1522,224
1538,228
1554,217
5061,211
5403,212
5232,212
5419,213
5419,212
5138,218
5123,219
4983,214
5092,180
4780,212
5232,216
5279,90
4780,213
4749,221
4718,219
4686,219
4671,219
4640,218
4609,219
4593,217
4577,219
4562,217
76,61
3595,93
2224,220
2629,223
2551,224
2489,226
2426,225
2364,226
2302,225
2239,225
728,222
712,231
712,234
712,232
1647,226
1616,227
1600,227
1585,227
1569,228
1538,227
1522,228
1507,229
1491,226
1335,217
1304,230
1398,224
1289,234
1273,219
961,222
1273,220
1242,229
1258,226
961,220
1226,230
1226,234
1211,233
1211,234
1195,236
373,233
373,234
373,232
380,233
376,228
382,221
399,158
393,219
390,226
389,229
388,228
388,229
428,226
430,227
431,227
439,226
443,224
445,227
446,224
453,221
457,224
467,221
472,222
475,220
364,161
368,129
587,190
603,218
572,224
572,232
618,227
650,232
634,234
587,226
587,231
587,223
572,190
587,161
284,197
556,168
556,214
525,225
525,231
509,232
509,232
509,235
509,232
509,234
494,233
494,233
486,235
482,233
488,227
483,217
488,219
491,228
492,232
485,233
489,234
491,234
493,230
493,234
509,236
509,231
509,227
509,223
509,223
525,223
525,221
541,221
525,220
541,219
587,222
587,217
447,217
447,223
447,231
439,234
435,234
433,235
425,236
428,234
430,236
618,220
136,229
136,226
128,220
139,219
696,221
681,219
509,222
509,218
509,211
76,212
665,215
665,214
618,216
243,216
243,217
243,216
250,215
587,217
91,216
98,215
87,215
89,214
139,215
572,221
556,229
525,233
540,236
556,237
556,236
556,237
556,236
556,235
447,224
297,220
290,238
287,239
395,229
391,226
389,236
403,231
603,220
417,222
402,228
402,218
478,213
486,212
490,213
492,216
475,230
476,226
351,227
362,227
417,225
424,226
442,226
437,228
427,228
437,225
457,227
467,225
587,213
556,222
572,220
556,212
556,155
540,210
556,213
556,215
540,215
525,211
525,184
540,211
572,214
572,221
556,213
106,113
6354,214
1553,219
1538,222
1522,225
1538,228
1553,214
91,96
5808,171
5216,210
5419,211
5434,211
5138,218
5123,217
4967,213
5092,193
4780,210
5232,216
7336,138
7305,171
7180,177
4717,220
4686,220
4671,219
4640,217
4608,219
4593,218
4562,220
4562,213
91,61
3595,84
61,48
83,58
2551,224
2489,224
2411,226
2364,225
2302,226
2239,226
727,224
712,231
712,235
712,235
712,232
712,233
1600,229
1585,227
1553,229
1538,228
1522,229
1507,229
1491,227
1444,217
1304,229
1429,224
1413,231
1413,230
961,220
1273,221
1242,232
1242,230
961,222
1226,228
1226,235
1211,235
1211,236
1195,235
1195,235
1195,233
380,231
384,235
386,229
387,222
387,148
387,219
387,226
394,225
398,228
393,227
397,228
399,228
428,225
437,227
442,225
444,225
445,225
453,221
457,222
459,222
468,220
473,223
475,221
484,218
572,210
603,220
572,226
572,233
603,226
634,234
618,234
587,228
587,227
603,222
634,210
337,210
284,203
556,197
540,215
525,226
525,230
509,233
509,234
509,235
509,235
509,234
509,233
509,236
482,233
480,234
487,226
509,217
501,220
497,229
487,232
490,232
492,233
493,232
493,236
493,229
509,233
509,231
509,225
509,226
525,225
525,221
525,221
540,221
540,219
540,218
76,212
76,212
446,220
446,224
439,230
435,232
433,235
425,233
428,232
430,233
431,235
649,218
665,232
696,217
128,221
132,220
696,223
696,222
509,221
509,220
91,210
83,210
665,216
665,215
151,215
634,219
243,215
243,215
223,216
149,214
257,215
76,215
132,215
270,217
587,216
556,220
556,228
556,229
540,238
556,239
556,239
556,234
556,236
556,236
461,223
297,219
290,241
286,239
278,240
274,239
389,233
388,230
556,218
402,219
395,229
398,225
478,210
485,213
489,213
483,215
488,216
483,217
351,226
351,229
417,227
431,227
454,228
443,226
437,227
441,229
459,228
468,225
473,216
475,210
571,220
571,211
556,142
31,135
540,213
556,215
540,215
540,200
525,210
525,210
525,210
509,210
571,212
6104,93
6354,213
1553,220
1538,222
1522,223
1538,228
1553,211
106,84
5793,161
5949,103
6042,100
5185,210
5123,219
5185,216
4982,214
4780,145
5216,180
5232,216
7336,142
7273,187
7195,180
7149,190
5387,218
4655,220
4624,219
4608,220
4593,218
4561,219
4546,203
76,67
3611,77
46,58
3408,77
136,61
106,74
2395,225
2333,226
2270,225
2239,223
727,227
712,232
712,232
712,233
712,233
712,234
727,233
743,230
1553,228
1522,228
1507,228
1491,230
1320,217
1304,223
1304,225
1429,231
1413,232
1397,228
1382,232
1366,226
1242,231
1257,222
1242,220
1226,232
1226,234
1210,234
1210,234
1195,235
1195,237
1195,236
1226,219
388,224
377,225
382,210
385,214
386,225
394,226
391,225
396,229
392,229
397,227
399,227
400,226
401,225
47743,1
48351,1
48609,1
48605,1
50655,1
51680,1
54238,1
55517,1
56285,1
58589,1
59610,1
64900,1
509,217
509,217
373,197
355,142
371,168
361,174
367,210
370,193
371,151
571,135
587,217
587,223
571,221
571,227
556,227
556,230
556,225
556,220
571,214
297,203
303,210
293,210
301,135
556,184
497,233
495,235
494,235
493,235
493,235
493,234
493,234
485,234
489,234
483,235
488,234
483,235
493,233
493,232
493,230
493,232
493,232
493,234
493,235
493,234
493,231
493,231
509,232
509,233
556,225
571,219
571,221
587,221
571,224
587,224
587,223
587,224
587,220
587,218
446,220
446,224
151,215
143,222
147,219
149,218
142,226
139,230
137,236
136,233
128,228
132,226
134,222
127,218
634,221
634,222
618,220
618,216
634,216
634,215
270,217
263,215
260,217
258,216
618,215
257,218
556,233
525,235
540,233
525,229
509,227
509,229
509,230
525,227
556,230
525,228
540,236
540,236
280,241
281,239
289,236
525,223
556,234
556,238
556,235
402,228
402,231
387,228
387,235
394,230
480,222
479,222
478,226
478,226
478,223
469,228
473,230
467,229
472,230
466,226
351,226
351,226
461,158
461,214
453,214
457,210
467,87
571,213
571,212
743,213
587,213
556,222
571,220
587,212
501,212
509,211
501,212
497,213
495,213
494,214
509,210
525,197
556,216
571,217
571,212
6151,132
6182,214
6104,215
6027,216
5980,214
5419,214
5076,203
5419,203
5341,210
5434,168
5419,216
5169,213
5107,219
6214,206
6182,210
6167,67
6853,168
6821,177
6821,168
4764,219
4733,221
4717,219
4686,219
4655,218
4624,217
11348,19
57358,94
2753,103
2488,187
2395,212
2395,215
2395,210
2208,216
2660,217
2566,223
2504,224
2426,224
2255,227
2239,219
727,232
712,234
712,234
712,236
712,234
712,234
727,234
743,224
758,224
774,224
1507,227
1491,227
1335,218
1304,228
1429,221
1413,232
1413,228
1397,231
1382,234
1039,221
1366,224
1351,231
1226,229
1226,233
1210,235
1210,235
1195,234
1195,235
1195,236
1195,228
1242,214
373,228
373,236
373,234
395,219
391,226
389,227
388,227
388,227
395,227
398,228
400,228
401,226
401,228
409,226
413,226
452,224
456,223
458,222
468,221
473,222
475,219
484,219
488,215
270,129
509,203
509,218
509,214
649,232
634,235
603,229
587,230
587,227
618,215
324,206
324,211
587,212
603,219
587,224
572,228
525,232
509,232
509,233
509,234
509,232
509,234
509,234
501,234
497,234
495,234
494,234
494,233
501,222
497,230
495,233
486,232
490,232
492,233
493,234
493,233
493,230
493,231
493,231
493,232
525,223
525,221
525,223
509,221
525,219
540,219
61,211
61,210
556,220
540,228
556,226
572,221
432,232
424,237
420,233
426,235
429,235
438,222
665,232
696,220
525,221
501,217
151,216
170,219
509,220
525,220
46,211
53,210
57,213
665,218
121,216
113,216
634,222
634,218
618,220
634,220
245,215
251,217
243,216
243,216
243,218
572,218
556,225
556,227
556,228
556,230
556,231
525,233
556,237
556,235
509,224
501,218
284,236
284,238
284,239
277,238
273,239
278,239
281,240
289,240
395,231
391,221
494,211
494,214
494,214
486,213
482,217
480,218
479,221
478,222
478,224
478,226
478,228
455,226
443,230
460,225
469,227
473,224
483,214
488,126
743,203
556,193
478,210
469,214
540,214
540,216
540,212
525,210
540,211
525,212
525,210
509,193
509,211
509,210
509,210
501,211
1522,223
1522,226
1554,226
1569,67
76,100
5855,161
5964,93
6136,116
6385,212
6354,213
6152,216
6074,216
3606,88
44116,18
24789,20
36822,20
47314,28
11179,28
64945,27
15272,21
3194,21
56798,20
30171,24
18062,24
6884,106
6853,168
6822,210
4780,168
4764,220
4733,219
4702,221
4671,219
4655,220
4624,218
4593,219
4577,219
2395,213
2395,214
2395,212
2224,217
2645,220
2567,225
2489,225
2426,224
2364,226
2317,225
2255,226
728,219
1725,228
1694,227
1678,225
1647,227
1616,226
1600,227
1585,227
1554,227
1538,228
1522,228
1507,230
1491,226
1304,234
1304,228
1289,235
1289,233
1289,222
977,221
977,221
1242,227
1242,229
1258,220
1226,229
1211,232
373,235
373,233
373,236
380,233
376,232
374,233
373,232
380,229
384,221
386,164
387,220
387,224
416,225
416,225
416,227
424,224
428,226
430,226
431,223
439,226
443,224
445,224
453,223
457,223
373,210
373,200
362,168
367,135
370,151
379,113
587,216
587,227
572,230
587,229
650,231
618,235
556,227
556,221
556,212
572,211
337,177
317,171
293,193
556,210
540,219
525,229
525,232
509,230
494,234
494,234
494,234
494,235
494,235
486,232
482,236
480,232
487,227
509,217
509,220
493,230
493,233
493,229
493,233
493,234
493,231
509,232
509,234
509,229
509,228
509,227
525,222
525,222
587,221
572,225
587,223
587,222
587,225
603,217
447,220
447,224
447,232
439,235
435,234
433,235
139,228
137,236
136,236
128,232
124,225
130,225
125,221
130,220
696,221
681,221
509,219
509,220
634,217
618,217
216,215
229,217
236,221
239,216
241,218
235,219
239,218
157,216
131,216
160,216
509,227
509,230
509,232
525,227
540,228
525,232
540,236
556,239
556,237
556,234
556,237
556,232
556,237
556,236
556,227
388,233
395,230
391,232
396,231
399,231
587,223
388,222
388,227
402,216
478,225
478,229
478,229
469,231
465,233
373,224
362,230
367,224
417,229
432,228
446,225
439,229
509,174
556,213
572,212
759,213
556,217
556,221
572,217
587,168
556,193
556,210
540,214
556,215
495,213
494,212
540,190
556,212
572,224
556,213
587,132
6338,212
1569,218
1553,223
1522,221
1522,226
14039,24
59604,23
39639,23
23768,23
15064,21
6862,81
23379,146
11348,17
26894,81
5419,211
5060,211
5403,213
3601,37
63061,28
31095,28
11188,28
64670,27
11195,21
64724,20
56796,20
26074,24
14034,24
6098,24
58539,26
6790,184
4780,213
4749,220
4717,220
4686,221
4671,220
4640,218
4624,219
4593,220
4577,219
4546,216
46,71
63795,11
60049,11
4199,11
55409,9
47531,9
23496,9
23509,9
58326,95
23390,161
11348,17
12814,96
2380,211
712,235
712,235
712,233
727,232
727,233
743,223
759,226
774,223
1772,214
1741,225
1725,228
1694,226
1444,223
1413,230
1413,227
1398,230
1382,233
1055,223
1351,224
1335,233
1335,234
1320,233
1304,231
1304,231
1195,236
1195,237
1195,236
1195,226
1242,216
373,231
373,231
373,238
373,239
373,234
373,237
373,236
391,228
396,227
399,225
400,228
401,224
401,226
409,227
413,226
415,227
416,226
416,226
416,226
468,220
473,221
475,222
484,213
525,103
509,211
509,217
509,212
373,177
362,168
356,190
353,187
603,222
618,212
310,200
317,211
603,212
587,221
572,228
572,230
572,230
556,228
556,228
556,217
509,230
509,233
501,234
497,233
495,234
494,235
494,233
494,234
494,234
494,236
494,233
494,233
493,234
493,232
493,233
493,229
493,233
493,234
493,233
493,232
493,231
493,235
493,232
493,235
540,222
540,214
106,211
98,211
540,223
556,228
556,222
46,222
53,221
571,222
571,223
587,224
432,231
649,227
681,226
540,214
516,220
497,212
136,219
143,221
139,218
137,221
136,232
136,236
665,219
121,214
98,217
649,217
649,219
634,220
618,221
618,221
618,221
618,216
618,216
618,218
571,219
571,225
556,228
556,228
556,230
556,233
540,233
540,231
540,231
509,227
509,232
509,232
276,238
273,240
271,239
270,239
276,237
279,238
281,240
289,237
556,218
556,233
556,239
556,234
485,214
481,215
479,218
478,219
478,219
478,223
478,224
478,224
478,227
478,226
478,230
478,226
469,225
473,219
483,211
696,155
587,211
478,164
469,213
457,216
467,210
472,119
556,213
571,215
525,210
525,211
509,171
509,211
509,210
509,212
501,210
509,210
501,211
497,211
495,214
494,203
5824,151
5980,132
6073,126
6416,126
6369,215
6182,214
6104,216
6027,217
5980,212
5434,211
5434,206
5076,177
7180,210
7149,164
5419,217
5372,221
5341,213
6245,211
6167,184
6182,113
6899,174
6821,210
6806,193
4764,219
3392,67
3361,77
61,54
3034,164
2925,93
2769,129
2504,210
2426,168
2395,216
2379,212
2411,184
2208,218
712,235
727,229
727,231
743,221
758,223
790,222
1772,221
1740,227
1709,225
1694,227
1662,227
1631,228
1397,227
1382,232
1382,233
1039,230
1351,228
1335,233
1335,234
1320,234
1304,229
1288,234
1288,235
1288,228
1195,237
1210,223
388,217
380,233
376,237
374,236
373,236
373,236
373,235
373,234
373,235
373,233
399,226
400,226
401,225
409,226
413,227
415,226
416,226
416,225
416,227
416,224
416,225
424,227
484,220
488,213
587,90
509,215
509,217
446,210
351,168
362,193
367,168
359,210
348,151
360,174
324,210
324,210
587,215
587,225
571,227
571,228
556,230
556,227
556,225
556,213
587,210
297,174
509,231
501,233
497,233
495,234
494,232
493,231
493,233
493,234
493,232
493,234
493,233
493,235
492,232
492,230
492,232
492,233
492,233
492,233
492,231
492,232
492,234
492,235
492,233
492,234
76,212
556,216
540,227
556,225
571,219
46,220
571,222
571,223
571,222
587,223
587,222
587,225
696,220
525,220
501,218
176,215
163,220
157,218
146,217
148,225
142,233
139,236
130,232
125,228
634,216
634,222
618,217
618,220
618,220
618,221
634,219
618,218
603,217
603,215
603,215
243,216
556,230
556,229
556,231
556,232
540,231
556,233
525,227
509,227
509,229
509,230
525,232
556,230
274,239
272,237
277,237
280,240
281,238
289,226
556,228
556,238
556,239
556,227
388,230
395,230
485,218
489,220
483,221
480,223
479,225
478,223
478,226
478,228
478,226
469,229
473,231
475,228
484,145
634,206
587,155
461,211
461,215
461,214
469,126
525,129
556,216
571,213
587,214
587,214
509,210
509,211
509,211
509,211
509,211
501,214
497,211
495,213
494,215
540,190
540,203
571,220
6151,93
6401,211
6354,215
6151,214
6089,215
6011,216
5980,213
5434,213
5076,211
5403,212
5325,171
5575,132
5387,220
5356,220
5341,190
6214,210
6182,193
6214,71
6853,155
6806,184
6759,161
4764,220
4733,221
4717,221
53,58
3034,132
2863,96
2769,132
2504,211
2426,210
2395,214
2395,211
2208,211
2224,217
2598,223
2504,224
743,231
758,225
758,224
790,221
1772,223
1740,226
1709,225
1678,225
1662,229
1631,226
1616,226
1585,227
1382,231
1039,228
1351,229
1335,234
1335,235
1320,236
1273,225
1288,235
1288,234
1288,229
977,222
977,221
388,219
380,232
376,235
374,238
373,236
373,235
373,234
373,234
373,236
373,234
373,234
380,233
401,226
401,227
409,225
413,226
415,224
416,225
416,223
416,227
424,225
428,227
430,225
431,224
501,96
509,216
525,215
373,177
373,171
373,210
362,190
367,161
359,155
373,158
556,113
587,213
587,217
571,223
571,226
556,228
556,231
556,229
556,220
556,212
587,180
310,171
303,210
300,187
509,234
501,232
497,234
495,233
494,236
493,235
485,234
489,235
491,236
484,233
481,235
487,234
493,235
493,233
493,231
493,233
493,232
493,231
493,231
493,230
493,234
493,232
509,233
509,234
540,230
556,224
556,219
571,219
76,221
587,221
587,221
571,222
587,224
587,222
587,216
446,220
485,217
151,216
151,221
143,219
139,217
145,228
140,237
138,237
129,230
132,226
126,224
131,223
634,218
618,220
618,221
618,219
618,218
618,216
603,217
603,216
257,217
243,216
256,215
256,217
556,232
556,233
540,234
525,231
509,225
509,227
509,229
509,232
525,231
556,228
525,230
540,239
271,238
277,237
280,240
288,226
556,225
556,234
556,237
540,228
388,229
388,231
380,231
376,232
479,222
478,221
478,223
478,224
478,227
478,228
478,228
469,228
473,232
475,231
417,222
351,228
571,206
461,210
461,217
453,213
465,132
587,129
556,215
587,213
587,214
556,215
556,221
571,220
509,211
509,211
501,212
497,212
495,213
494,212
493,214
556,161
540,203
571,223
571,214
571,210
15748,0
1882,24
369,25
29909,79
23677,225
11348,22
50190,79
6354,212
6151,216
6089,214
6011,217
5964,212
5107,217
5185,217
5092,210
4780,212
5216,214
5263,212
7320,145
7274,161
7180,210
7149,142
5372,221
5356,219
4624,219
4608,220
4577,217
4562,219
4562,71
3580,87
151,51
91,71
3377,77
91,45
3050,64
3034,129
2333,224
2255,226
2239,220
727,229
712,231
712,233
712,233
712,236
727,234
727,232
743,226
759,224
1522,227
1507,228
1491,230
1335,218
1304,225
1304,224
1429,231
1413,232
1398,229
1382,232
1382,222
1055,222
1257,219
1242,224
1226,233
1211,234
1211,235
1211,236
1195,233
1195,237
1195,235
1226,218
388,225
380,231
387,210
387,213
387,227
387,227
394,227
391,226
396,228
399,227
400,226
401,226
401,224
409,226
445,225
446,221
453,222
457,223
459,221
468,221
473,221
483,219
488,218
509,155
509,164
509,215
587,230
650,232
634,235
603,233
587,227
587,228
618,215
337,210
330,200
327,211
587,220
572,225
525,229
525,232
509,234
509,231
509,234
509,234
509,234
509,231
509,231
501,234
497,233
495,236
491,216
492,222
493,230
485,234
489,234
491,233
492,230
493,232
493,232
493,233
493,230
493,232
509,226
525,224
525,222
525,220
525,219
540,219
540,216
61,210
76,213
556,220
525,228
556,223
433,232
432,234
432,234
432,235
432,235
432,231
634,222
665,231
712,217
494,222
486,216
727,217
681,216
509,221
525,217
106,212
98,212
665,216
91,216
98,218
634,217
634,221
634,220
634,218
236,219
156,217
131,215
118,217
180,218
143,214
572,222
556,228
556,229
556,230
556,232
556,231
556,236
556,237
541,236
478,222
297,222
290,239
287,238
278,239
274,238
279,237
274,239
279,240
403,224
388,228
395,217
478,210
486,213
490,214
492,216
485,216
481,220
479,220
478,219
478,223
439,228
443,225
437,226
434,229
447,227
462,228
470,222
474,212
484,119
634,190
587,155
461,211
556,210
572,214
556,214
541,214
541,210
525,210
525,212
525,210
509,203
509,211
509,211
501,211
1554,223
1538,223
1522,226
1538,224
151,64
98,80
5824,119
6027,100
6152,109
6401,211
6354,214
6152,215
5123,203
4780,213
5216,213
5263,211
7336,135
7258,197
7165,190
5435,151
5388,222
5357,219
6261,151
6214,197
4577,219
4562,221
31,64
3580,96
3549,61
3440,64
76,61
53,71
3050,103
3034,168
2801,135
2785,96
2239,219
712,230
712,229
712,233
712,232
712,233
712,232
728,231
743,225
759,224
774,222
821,215
1491,229
1335,219
1304,227
1445,219
1429,230
1413,227
1398,232
1382,232
1382,217
1351,219
1351,234
1335,232
1226,235
1211,234
1211,233
1195,232
1195,234
1195,237
1195,233
1242,216
373,228
373,234
373,237
373,238
389,226
396,226
399,226
393,229
398,229
400,229
401,226
409,227
406,225
411,226
414,225
415,226
457,222
459,222
468,222
473,220
475,220
484,219
489,215
525,116
509,210
509,217
525,213
351,177
634,234
603,227
587,227
587,223
618,213
311,210
311,211
603,214
587,222
572,224
572,227
556,228
509,234
509,233
509,231
509,233
501,233
509,233
509,233
501,231
497,233
509,234
501,234
497,234
493,231
493,233
493,232
493,234
485,232
489,232
491,232
492,233
493,232
493,236
493,233
493,231
509,224
525,218
525,221
541,218
541,213
76,213
68,213
541,226
556,228
556,222
76,220
572,221
432,234
432,236
424,233
428,226
665,228
696,225
525,215
501,218
743,214
151,222
151,222
143,215
509,213
76,211
91,212
650,219
106,215
113,216
665,217
634,218
618,218
634,217
618,222
618,219
134,215
257,218
257,216
572,218
556,221
572,229
556,228
556,231
556,233
556,234
541,231
556,231
556,229
461,222
297,229
290,237
287,239
278,241
274,237
272,238
278,239
281,238
289,238
300,224
406,213
494,212
494,213
494,214
494,217
494,217
486,220
482,221
480,221
479,222
478,223
478,225
447,226
439,227
450,228
464,228
471,220
482,211
488,109
634,200
603,145
447,212
447,217
454,211
556,217
540,212
525,210
525,211
525,211
525,211
509,211
509,210
509,211
509,211
501,212
509,211
1522,226
1553,219
46,90
5777,122
5886,96
6011,103
6229,96
6385,215
6198,211
6120,215
6058,213
5980,217
3601,212
24660,20
51163,28
39031,28
3210,28
64683,27
15051,21
64724,20
56797,20
21978,24
18110,24
6088,24
6837,180
6790,155
4780,214
4749,221
4717,219
4686,219
4671,218
4640,218
4624,218
4593,218
4577,219
4562,215
2395,214
2395,212
2208,218
2629,223
2567,225
2489,226
2411,224
2364,226
2302,225
2239,226
727,222
712,230
1694,226
1663,226
1647,227
1616,226
1600,227
1585,229
1553,228
1538,229
1522,229
1507,228
1491,228
1444,217
1304,231
1289,234
1289,233
977,220
977,219
961,220
1242,229
1257,225
961,219
1226,232
1226,235
1211,234
373,234
373,232
373,235
380,234
384,232
386,233
387,230
387,219
409,193
398,221
393,225
390,225
416,226
424,225
428,224
430,226
431,226
431,228
439,225
442,224
444,222
452,221
456,221
458,222
362,148
367,177
370,148
371,126
587,210
603,219
571,226
571,232
649,227
649,235
618,231
587,228
556,216
556,211
587,177
297,197
290,187
293,210
540,215
525,222
525,231
525,230
509,230
509,233
493,234
493,232
485,237
481,232
479,233
478,235
485,230
489,218
509,218
501,228
497,233
495,233
509,232
501,234
497,230
495,234
509,234
509,232
509,226
509,227
509,224
525,225
525,222
525,221
587,222
587,221
587,225
571,219
432,218
439,222
442,227
437,233
434,234
433,234
432,233
432,235
138,237
137,232
129,226
132,225
126,224
151,217
681,217
681,226
509,220
509,221
509,212
106,212
618,216
243,215
603,215
243,216
250,215
253,216
255,216
76,216
587,216
243,215
603,216
230,216
509,229
509,230
525,230
525,227
525,233
556,239
556,239
556,234
556,235
556,237
525,229
509,222
556,236
525,221
388,232
388,226
388,231
395,232
406,225
587,224
388,225
388,228
446,212
469,213
478,226
478,230
478,228
478,230
373,224
362,230
417,225
431,228
446,226
446,228
431,229
431,226
571,213
587,214
743,211
556,222
556,221
587,214
556,155
556,135
556,212
540,213
540,215
525,211
525,210
525,193
556,215
571,220
571,212
6120,119
6354,213
1553,220
1538,223
1522,223
1553,227
1569,211
5403,151
5403,210
5387,174
5403,216
5185,211
5123,219
5154,216
4967,213
4764,193
5216,210
5247,215
7351,138
4764,221
4733,220
4717,221
4686,219
4655,218
4624,218
4608,218
4577,219
4561,219
4546,190
31,71
3580,61
2224,214
2598,225
2520,226
2457,225
2395,225
2348,226
2270,226
2239,223
727,229
712,231
712,234
712,234
1631,225
1616,227
1600,226
1569,228
1553,227
1522,229
1507,229
1491,229
1491,217
1304,222
1304,228
1429,230
1289,227
977,220
977,220
1257,222
1242,232
1257,224
1242,221
1226,233
1211,235
1211,233
1195,236
1195,235
373,231
373,233
380,233
384,231
386,226
387,214
387,211
387,225
387,225
387,229
387,229
394,227
428,226
430,227
431,227
439,226
443,223
445,223
453,222
457,223
459,224
460,220
469,222
473,221
377,138
375,119
572,212
587,220
572,227
572,229
650,228
650,234
634,233
587,226
587,230
618,219
310,193
310,158
303,210
300,177
540,216
525,227
525,232
525,231
509,234
509,234
509,234
509,233
494,233
494,234
486,233
482,235
488,230
509,217
501,217
497,228
495,233
494,234
494,232
486,231
493,234
509,233
509,236
509,233
509,226
525,225
509,225
509,224
525,221
525,221
540,222
540,220
587,222
603,222
447,219
439,223
435,229
441,232
436,233
434,235
433,234
432,233
432,235
432,229
128,230
132,225
126,224
131,218
133,217
681,222
509,219
525,221
509,213
106,212
106,211
650,220
603,217
618,216
603,216
603,216
603,215
603,216
587,217
91,216
91,214
91,217
160,216
572,218
540,229
540,227
540,235
540,238
556,238
556,235
556,235
556,237
494,224
525,220
284,236
284,237
395,229
391,227
389,236
395,231
406,219
411,220
399,230
400,226
478,211
486,212
490,214
492,214
473,230
467,228
351,227
362,227
417,227
432,229
446,228
446,225
431,228
439,227
458,225
468,228
587,214
556,222
556,221
587,206
556,168
556,180
556,213
540,215
556,216
540,211
509,203
525,212
572,220
572,218
556,211
6354,145
6354,212
1553,219
1522,222
1522,226
1553,226
76,80
5777,67
5840,135
5403,210
5403,217
5169,215
5123,220
5185,217
4982,211
4780,213
5232,213
5263,212
7320,161
7258,171
7164,210
4702,219
4671,219
4655,219
4624,219
4608,220
4577,219
4546,218
4562,58
3595,64
106,64
68,51
3408,90
2504,223
2442,225
2380,226
2317,225
2270,226
2239,218
727,230
712,230
712,232
712,231
712,233
712,233
1585,226
1569,227
1538,228
1522,228
1507,228
1491,231
1335,218
1304,225
1304,222
1429,228
1413,229
1398,228
977,219
1257,227
1242,233
1257,223
1242,220
1226,234
1211,232
1211,235
1211,236
1195,234
1195,236
1195,238
380,234
384,231
386,226
379,213
390,210
389,224
388,227
395,227
398,229
400,226
401,227
401,225
436,225
441,226
444,225
445,226
446,225
453,222
457,223
467,221
472,222
475,221
484,223
489,219
587,213
587,220
572,227
572,232
650,230
650,234
618,234
587,229
587,227
618,219
324,211
317,210
288,171
556,206
540,217
525,227
525,230
509,230
509,235
509,235
509,234
509,234
509,235
509,234
494,235
494,233
494,229
509,218
501,220
497,230
495,233
494,235
494,231
486,230
490,234
492,230
509,235
509,232
509,228
509,226
525,224
525,221
525,222
525,222
540,220
540,218
61,213
83,212
48919,1
45276,1
47069,1
46054,1
45545,1
45292,1
45289,1
45290,1
45290,1
45288,1
39393,2
47336,2
525,219
501,218
727,216
151,219
151,222
143,217
139,226
137,233
136,235
136,233
128,226
124,223
634,218
634,218
618,222
618,222
634,220
634,219
618,215
257,216
618,215
618,215
243,217
243,217
556,232
556,231
556,231
556,233
556,231
525,228
509,225
509,230
509,231
525,229
556,230
525,230
278,238
281,239
282,238
283,239
296,228
525,224
556,236
556,236
556,230
402,229
395,228
384,231
483,221
480,222
479,222
478,223
478,223
478,225
478,224
478,226
478,228
478,229
478,231
455,225
743,190
603,177
461,211
461,214
461,213
469,135
572,132
556,214
587,214
572,213
572,214
556,221
509,211
509,211
509,211
509,210
509,211
501,212
497,213
495,214
572,190
556,210
572,221
572,215
6401,211
6338,214
6167,215
6073,216
6011,216
5980,211
5403,211
5076,214
5419,193
5310,180
5403,155
5419,218
5356,220
6245,184
6214,197
6167,200
106,71
6853,161
6822,187
6759,145
4764,220
4733,219
4702,220
4671,220
3019,126
2832,122
2722,119
2504,177
2395,210
2395,215
2395,212
2208,215
2645,213
2582,225
2520,225
2442,224
759,222
774,223
805,218
1756,224
1741,226
1709,227
1678,226
1663,227
1631,225
1616,227
1585,227
1569,226
1055,223
1351,232
1335,233
1335,235
1320,234
1304,227
1289,235
1289,235
1289,226
977,221
977,220
1257,222
373,232
373,236
373,236
373,237
373,236
373,234
373,234
373,236
373,233
373,234
380,232
384,231
409,225
413,225
415,225
416,227
416,226
416,226
416,226
424,226
428,227
430,224
438,226
442,225
509,217
509,216
509,210
351,164
362,210
367,210
370,200
360,187
374,116
76,113
587,215
587,222
587,224
572,228
572,228
556,231
556,223
556,218
284,211
556,200
284,155
290,190
293,174
541,187
495,233
494,233
494,234
494,234
494,233
494,235
494,233
494,235
494,232
494,236
494,236
494,232
494,232
494,231
494,233
494,231
494,230
494,231
494,233
486,234
490,233
509,232
509,236
509,230
556,225
572,219
76,221
572,219
572,221
587,223
587,223
587,224
587,223
461,217
454,222
450,225
151,216
143,222
139,220
137,219
136,227
136,233
128,236
132,231
134,226
135,224
128,218
139,218
634,221
618,222
634,220
618,217
634,216
243,218
236,216
239,216
243,219
250,219
243,217
250,219
556,234
525,233
525,230
525,229
509,226
509,229
509,232
525,227
525,228
525,231
541,238
556,239
280,238
288,241
292,231
525,221
556,233
556,236
556,233
403,229
395,230
384,228
386,233
394,231
478,222
478,223
478,224
478,226
478,224
478,226
478,230
469,230
465,231
456,227
351,228
362,227
461,184
454,215
457,214
475,164
509,116
556,214
572,213
728,215
587,215
556,221
572,219
556,211
509,210
509,211
509,211
509,212
501,212
497,214
587,164
556,210
572,220
572,217
572,190
6339,190
6152,215
6074,215
6011,216
5964,211
5403,212
5061,214
5419,211
5232,210
5419,168
5419,217
5170,215
5123,218
6214,180
6214,200
6993,84
6853,203
6806,180
4780,174
4764,220
4733,220
4702,221
4671,218
4640,219
4624,220
2504,116
2504,177
2395,210
2411,214
2395,212
2208,218
2629,217
2567,223
2504,224
2442,223
2380,226
2317,225
821,217
1756,226
1725,225
1710,225
1678,227
1647,226
1632,227
1616,226
1585,229
1569,228
1538,228
1522,229
1335,235
1320,234
1320,235
1304,226
1289,235
1289,233
1289,226
977,222
1289,220
1258,224
1242,229
961,219
373,237
373,237
373,236
373,233
373,235
373,235
373,232
373,234
373,234
380,233
384,225
400,210
414,225
415,226
416,227
416,226
416,226
424,225
428,228
430,223
431,227
439,224
443,226
445,224
373,203
373,164
362,206
356,203
372,174
372,155
372,180
541,126
587,216
572,223
572,229
587,231
556,229
556,229
556,225
556,220
310,212
310,210
310,161
297,193
297,171
540,211
540,221
525,228
494,233
494,233
494,233
494,234
494,234
494,233
486,235
490,232
484,233
481,234
487,223
509,216
494,234
494,232
494,232
494,228
509,234
501,233
497,233
509,231
509,234
509,229
509,228
509,226
572,219
572,220
572,223
572,224
572,223
587,226
587,221
587,215
432,222
439,224
443,234
437,233
139,217
137,217
136,230
136,234
136,238
128,232
124,227
122,224
121,221
121,220
696,223
681,220
634,219
634,217
618,218
189,216
257,216
257,217
257,216
230,216
230,218
236,216
239,219
165,216
540,232
525,227
509,228
509,228
509,233
525,230
540,229
525,230
540,236
556,237
556,236
556,235
289,233
556,224
556,232
556,237
556,231
402,229
402,230
395,228
391,231
404,232
587,222
402,221
478,226
478,225
469,224
465,227
471,229
474,229
467,229
417,224
351,229
362,226
432,226
439,229
453,212
465,145
587,142
556,215
587,215
758,215
571,216
556,219
571,220
587,174
556,126
556,211
501,211
509,213
501,213
497,213
587,171
556,210
571,224
571,215
571,174
6322,200
1553,213
1553,223
5995,216
5481,210
5403,212
5075,214
5387,212
5231,210
5403,211
5418,214
5185,215
5107,219
5200,214
5122,203
36568,20
31144,28
27035,28
3220,28
15032,21
64722,20
56542,20
25818,24
17874,24
5806,24
54958,87
24382,137
4546,218
45,58
3673,96
91,71
83,48
3361,77
91,67
3096,90
3003,80
2847,93
2519,119
2551,168
727,231
711,234
711,233
711,234
711,231
727,230
727,232
743,224
758,226
774,225
1771,214
1756,226
1460,218
1304,229
1382,221
1413,232
1413,229
1397,233
1382,234
1039,221
1350,223
1350,236
1335,234
1319,232
1210,235
1210,237
1195,233
1195,239
1195,234
1195,228
1257,215
373,231
373,233
373,236
373,238
373,237
387,227
394,226
390,228
396,226
399,226
400,225
401,227
401,224
401,226
409,225
413,227
415,226
458,221
459,222
468,222
473,219
483,218
488,218
524,119
509,210
509,217
524,214
350,168
361,190
602,230
587,231
587,227
618,213
324,203
324,210
603,212
587,221
587,226
571,229
571,229
556,231
509,234
509,234
509,233
509,232
501,232
509,233
501,233
497,234
495,234
494,235
493,233
493,235
495,235
494,231
493,233
493,231
493,233
493,232
493,233
493,233
493,233
493,233
493,231
493,232
525,221
540,220
540,218
540,218
61,213
68,211
540,221
540,229
556,222
61,221
68,219
571,221
432,233
424,235
428,232
649,223
681,229
696,213
493,221
485,216
189,218
170,222
153,217
152,219
509,211
76,212
649,219
106,216
128,216
649,219
634,220
634,217
634,221
618,221
634,222
618,219
257,215
106,215
587,216
571,221
571,227
556,229
556,229
556,230
556,231
525,233
540,234
525,227
478,225
297,223
290,239
280,237
275,238
272,241
277,238
280,239
281,237
289,240
293,224
556,225
478,212
485,211
489,215
491,214
492,217
485,220
481,222
479,219
478,222
478,223
478,225
478,224
439,228
450,228
464,225
471,222
482,213
487,116
618,190
587,180
461,212
461,218
461,214
477,145
540,212
525,210
525,211
525,212
525,211
509,210
509,210
509,211
509,210
509,211
509,211
501,212
1553,220
61,71
5824,113
5949,106
6073,84
6369,122
6369,214
6198,211
6136,215
6073,216
5995,216
5465,211
54547,11
54293,112
54036,43
54293,27
54549,34
55572,3
55316,118
54547,196
38675,172
54034,112
55316,188
41044,95
6806,145
4780,215
4748,220
4717,220
4702,219
4655,219
4639,219
4608,219
4593,218
4577,219
4546,214
61,51
2379,210
2224,219
2629,223
2551,225
2473,225
2411,224
2348,226
2286,225
2239,225
727,226
712,230
712,234
1662,225
1647,227
1616,226
1600,228
1585,227
1553,227
1538,227
1522,229
1507,231
1491,225
1304,219
1304,230
1288,234
1288,231
977,219
961,220
1273,219
1242,232
1242,227
961,219
1226,229
1226,234
1210,234
1210,234
373,233
373,234
380,235
376,232
382,232
385,228
386,221
401,155
394,222
391,228
389,227
395,230
416,224
424,227
428,225
430,226
438,224
442,225
444,224
445,224
453,221
457,221
459,222
468,223
373,164
373,161
373,145
587,174
603,219
587,225
571,231
618,228
649,234
618,233
587,229
587,230
572,212
572,210
310,164
303,180
313,145
540,213
525,221
525,229
525,230
509,234
509,232
509,233
494,235
494,232
494,236
486,235
490,235
492,231
493,219
509,217
501,227
497,231
495,233
494,232
509,234
501,231
497,233
509,231
509,233
509,228
509,225
525,225
509,221
525,224
525,219
540,220
587,224
587,222
587,221
447,217
447,219
447,228
439,234
435,237
426,235
421,236
426,236
429,233
136,235
128,229
124,225
130,225
125,220
130,219
696,223
509,218
525,220
509,213
61,210
68,212
618,216
587,215
618,214
603,215
603,215
243,216
587,215
587,218
76,215
91,216
98,216
157,216
509,228
525,229
525,228
540,232
556,237
556,237
556,236
556,236
556,234
525,228
501,222
297,233
402,223
395,231
391,227
382,234
385,234
401,228
587,224
388,226
388,230
402,212
494,212
494,214
469,231
473,230
475,231
373,224
362,229
367,224
432,226
446,229
439,227
435,230
433,229
447,226
727,214
572,214
556,219
556,220
572,215
556,168
556,164
556,211
556,214
556,214
525,212
525,171
525,193
572,214
572,223
556,212
572,142
6323,211
1553,217
1538,223
1522,224
1522,225
1553,216
61,71
5388,213
5216,210
5403,212
5403,212
5138,218
5123,216
4982,213
5107,187
4780,212
5232,217
7367,113
7289,155
4749,219
4717,221
4686,218
4655,218
4640,218
4608,219
4593,219
4562,218
4546,212
46,71
3580,61
3502,67
2613,226
2535,224
2473,225
2411,225
2364,223
2302,225
2239,226
727,225
712,230
712,233
712,234
712,234
1616,226
1600,227
1585,228
1553,227
1538,228
1522,230
1491,227
1491,227
1320,218
1304,229
1398,225
1429,230
977,219
961,222
977,222
1242,229
1242,228
961,220
1226,228
1226,232
1211,234
1211,236
1195,234
1195,236
373,232
380,236
384,233
386,230
387,221
402,171
395,220
391,228
389,225
396,227
399,229
401,227
428,224
430,227
438,225
442,224
444,225
445,223
453,224
457,224
459,221
468,223
473,221
475,220
366,129
572,210
587,218
572,225
572,229
650,227
650,234
618,232
587,226
587,230
603,223
618,212
297,171
297,193
297,177
556,215
525,225
525,231
509,233
509,234
509,238
509,233
509,234
509,234
494,234
494,235
486,236
490,227
509,221
509,215
501,230
489,235
491,235
492,234
493,231
493,232
509,234
509,236
509,231
509,226
509,227
509,225
525,221
525,226
525,221
541,221
541,220
91,214
603,218
432,221
439,222
435,230
433,235
432,232
432,236
432,235
432,235
432,233
439,228
665,230
123,224
122,222
129,218
681,216
696,226
525,219
525,220
509,212
61,211
68,213
665,219
121,217
257,214
230,217
250,216
230,215
236,216
213,215
159,215
270,214
230,214
236,215
556,219
556,226
525,230
541,235
556,234
556,238
556,234
556,237
556,233
478,223
509,218
284,238
284,240
277,238
384,228
386,232
387,232
409,219
413,220
400,227
401,225
416,211
494,213
494,214
494,214
486,217
465,227
373,227
362,226
417,226
424,225
478,227
462,226
447,227
447,226
462,227
470,227
474,214
556,222
572,220
572,212
556,164
556,193
556,213
541,215
556,214
541,210
525,210
525,212
525,211
572,221
572,211
587,113
6354,214
1554,221
1538,221
1522,224
1538,226
1569,214
121,48
5824,161
5933,106
5419,213
5419,210
5138,218
5170,218
4967,212
5092,148
4796,174
5232,215
7336,148
7289,171
7196,148
7149,177
4686,221
4671,219
4640,218
4609,219
4593,220
4577,218
4546,213
31,67
3611,77
91,58
98,71
57,54
2473,225
2411,227
2333,225
2286,224
2239,226
728,226
712,232
712,233
712,232
712,235
712,235
728,234
1585,228
1553,228
1538,228
1522,227
1491,229
1491,223
1304,218
1304,229
1429,229
1413,232
1398,228
1398,231
977,220
1242,231
1242,227
961,220
1226,230
1226,234
1211,235
1211,236
1195,236
1195,237
1195,237
1195,223
384,231
386,231
394,219
398,161
393,221
390,225
389,232
395,227
398,229
400,225
401,227
401,226
431,226
439,225
443,224
452,223
456,223
458,219
459,225
460,221
469,221
473,220
483,218
488,212
603,220
572,225
572,232
634,231
650,233
618,233
587,229
587,228
618,221
337,211
330,210
320,210
556,190
540,216
525,231
525,230
509,231
509,235
509,235
509,233
509,233
509,236
509,233
509,234
482,231
488,227
491,216
492,220
493,230
493,232
493,235
493,237
493,231
493,234
493,230
493,233
509,230
509,224
509,225
525,223
525,224
525,218
525,223
540,222
540,220
76,212
91,214
540,219
439,222
435,230
433,232
432,233
432,234
432,235
432,236
432,232
432,224
681,230
696,219
525,222
126,220
696,222
681,220
509,221
525,221
509,211
61,212
665,217
634,218
121,216
113,217
650,221
255,219
256,219
243,217
167,216
205,218
148,217
182,216
257,217
556,218
556,225
556,231
556,229
556,238
556,234
556,237
556,235
556,237
494,224
494,221
284,235
284,238
277,239
273,237
271,237
387,231
409,221
405,219
396,227
399,223
408,211
494,213
486,214
490,215
484,216
481,219
479,221
362,229
417,226
432,228
455,227
443,228
437,227
442,229
460,227
469,228
473,216
483,184
759,135
572,211
556,174
556,184
556,213
556,213
556,215
540,211
525,210
540,210
525,211
525,210
509,211
6105,126
6354,214
1553,221
1538,222
1522,225
1553,229
1585,210
46,74
5840,155
5949,100
6105,103
6370,145
5138,219
5154,217
4982,213
4780,164
5216,210
5247,216
7351,155
7258,164
7196,210
7180,180
5388,217
5356,221
4624,217
4608,219
4577,219
4562,217
4546,211
3580,71
31,51
3471,74
3424,80
76,54
3097,64
3034,148
7522,9
61153,8
49122,8
55263,2
51428,2
51433,2
51433,2
51432,2
51434,2
55274,2
59366,2
63458,2
759,224
805,220
1756,225
1741,224
1709,226
1694,226
1663,227
1631,227
1616,227
1585,227
1569,227
1538,227
1351,232
1335,233
1335,235
1320,235
1304,226
1289,234
1289,234
1273,230
977,220
1273,218
1273,221
1242,231
376,236
374,238
373,235
373,236
373,236
373,234
373,233
380,231
376,232
382,231
385,231
386,226
415,227
416,227
416,227
416,228
416,225
416,223
424,226
428,226
430,226
438,227
442,225
444,224
509,214
525,190
373,180
362,184
367,210
359,184
373,155
380,122
540,151
587,213
587,222
572,227
572,226
572,229
556,227
556,227
556,222
556,212
310,210
303,180
300,187
305,161
556,210
540,218
495,233
494,235
494,237
494,234
494,235
494,235
494,233
494,235
486,235
490,236
484,232
489,227
493,232
493,234
493,233
493,234
493,231
493,233
493,232
493,233
493,234
509,233
509,231
509,226
556,220
46,221
572,221
572,222
587,221
587,224
587,223
587,223
603,219
447,220
447,223
439,229
143,221
139,220
137,215
136,225
136,235
136,237
128,235
124,226
122,225
129,222
132,218
696,221
634,222
618,219
634,218
230,216
236,215
226,216
234,218
238,218
240,219
244,219
230,218
236,217
556,234
556,231
509,227
509,227
509,231
509,231
509,227
556,227
525,229
525,234
540,240
556,236
288,238
292,230
556,223
556,232
556,237
556,232
402,232
402,231
395,227
391,235
404,230
587,220
478,223
478,225
478,226
478,225
478,228
478,229
469,226
465,232
455,224
351,229
362,226
417,227
446,215
453,213
465,122
696,119
556,215
571,213
587,213
556,215
556,219
571,220
556,200
556,168
509,213
501,210
497,212
495,213
494,214
509,145
540,210
571,219
571,216
571,210
6104,168
1553,212
6104,214
6011,216
5980,214
5419,213
5076,210
5403,190
5372,210
5403,197
5419,216
5169,213
5123,218
5185,217
28885,20
32724,20
39126,28
31114,28
64705,27
64702,27
2974,21
60637,20
60636,20
18071,24
22705,87
24881,222
30622,26
40113,18
32220,18
28125,18
16348,18
12252,18
4314,18
221,18
10715,91
24884,207
11348,22
30734,91
2504,210
2395,210
2395,215
2395,213
2224,212
2660,214
2582,223
2504,224
2442,225
2379,225
2333,226
2270,226
1756,224
1740,226
1709,225
1678,225
1662,228
1631,228
1616,226
1585,229
1569,228
1538,230
1522,229
1507,229
1320,232
1320,234
1304,227
1288,233
1288,234
1288,223
977,222
977,221
1257,225
1242,228
961,221
1242,229
373,237
373,234
373,235
373,234
373,236
373,233
380,234
384,234
386,232
387,225
402,203
395,216
414,227
415,226
416,226
416,227
424,225
428,225
430,227
438,227
435,227
440,224
443,224
444,224
351,145
362,197
356,180
353,184
363,190
368,174
556,119
587,217
587,224
571,230
587,230
634,233
556,227
556,226
556,220
556,213
310,210
303,177
300,193
305,193
556,212
525,221
525,231
509,230
493,235
493,233
493,234
493,235
493,233
485,235
481,236
487,236
490,232
491,221
509,215
501,223
492,233
492,232
492,232
492,232
492,234
492,232
509,233
509,233
509,229
509,226
509,222
525,222
571,222
587,222
587,223
571,222
587,224
587,223
618,216
446,225
439,224
442,232
437,233
434,237
142,219
139,228
137,238
136,236
128,231
124,228
122,225
121,221
136,220
696,221
696,219
525,219
603,218
618,215
618,216
189,216
209,215
221,217
232,216
238,218
242,216
242,215
245,217
230,217
509,229
509,228
509,230
509,230
525,227
556,227
525,232
540,239
525,237
556,233
556,237
556,237
57601,41
56833,34
60929,24
60673,19
60929,16
61697,15
61441,21
61441,24
61441,32
61185,36
57857,185
31538,97
406,215
426,211
493,212
493,213
493,216
485,216
481,219
479,220
478,221
478,221
478,222
478,223
441,226
436,226
457,226
467,228
472,220
482,211
509,103
805,206
587,184
478,211
469,215
465,211
556,214
540,213
540,210
525,210
525,212
525,206
509,210
509,211
509,211
509,211
509,210
501,212
1522,227
1553,226
121,64
91,77
5839,116
6027,84
6463,90
6385,212
6354,214
6151,215
6073,215
5995,215
3609,175
24660,20
32725,20
47058,28
23182,28
64660,27
64712,27
64631,20
60636,20
21981,24
18068,24
6068,24
6853,164
6821,193
4780,148
4764,220
4733,221
4702,221
4686,220
4655,220
4624,219
4608,219
4577,218
4561,218
2395,214
2395,211
2224,215
2644,215
2582,224
2504,225
2426,225
2379,227
2317,226
2255,225
2239,221
727,228
1709,227
1678,226
1662,227
1631,228
1600,225
1585,228
1569,228
1553,226
1522,228
1507,228
1491,229
1320,218
1304,227
1288,233
1288,233
1273,222
961,221
961,220
1242,227
1242,230
961,219
1226,226
1226,234
1210,232
373,233
373,233
380,233
376,232
374,234
381,231
384,231
386,226
394,187
391,216
389,227
388,227
416,225
424,226
428,225
430,226
431,224
439,225
443,224
445,223
446,225
453,222
457,221
459,222
361,193
356,174
364,148
368,171
556,122
603,215
587,223
572,230
587,228
665,232
634,234
618,231
556,219
572,213
297,206
310,171
303,210
300,168
540,210
525,220
509,229
509,232
509,234
509,233
493,235
493,232
493,234
493,234
493,234
493,233
493,232
493,223
509,216
501,224
489,230
491,233
493,233
493,233
493,233
493,231
509,232
509,233
509,228
509,229
509,224
525,222
525,223
525,221
587,226
587,222
587,223
587,223
447,215
447,222
447,226
447,231
439,233
435,236
433,233
425,233
136,235
136,235
128,231
132,225
126,226
116,220
126,220
681,221
681,220
509,220
509,221
509,211
603,217
216,215
226,216
603,217
587,217
587,215
270,215
603,215
603,217
587,215
603,215
91,217
509,230
509,232
525,229
540,229
525,231
540,239
540,238
556,238
540,233
556,232
556,234
447,225
556,238
540,228
388,231
395,227
391,228
389,235
395,229
540,222
402,221
395,228
406,215
494,212
478,227
478,229
478,230
469,231
417,222
351,229
362,225
432,227
446,229
453,226
442,228
437,226
556,216
587,213
587,214
556,218
556,221
572,219
556,200
556,158
556,211
540,214
540,216
587,212
495,212
540,193
556,211
572,224
556,214
572,145
6354,212
1553,217
1553,222
1522,226
1538,227
1553,219
5076,211
5388,212
5232,210
5419,213
5419,212
5154,217
5123,218
4982,212
5076,200
4780,211
5232,216
7367,113
4780,214
4749,220
4717,221
4686,217
4671,219
4640,218
4608,219
4593,218
4577,220
4546,215
176,54
3595,77
2208,218
2629,223
2551,223
2473,225
2411,225
2348,225
2302,226
2239,226
727,221
712,232
712,232
696,232
1647,227
1616,228
1600,224
1585,229
1553,226
1538,228
1522,229
1507,229
1491,226
1460,217
1304,229
1429,223
1289,231
977,219
961,221
961,221
1242,230
1242,231
961,220
1226,229
1226,233
1211,234
1211,234
1195,234
380,236
376,235
382,232
385,230
386,228
387,222
394,193
391,219
389,223
388,228
395,227
398,226
424,226
428,226
430,228
438,225
442,225
444,225
452,222
456,221
458,222
459,222
468,221
473,222
371,210
372,132
587,190
587,219
572,226
572,231
618,226
650,233
618,234
587,231
587,231
618,222
572,193
297,200
297,174
297,168
556,214
525,224
525,231
525,232
509,232
509,234
509,235
509,232
489,232
491,234
484,236
481,234
487,231
490,218
492,218
493,225
493,231
493,233
493,231
493,230
485,234
489,231
509,233
509,233
509,228
509,226
525,225
525,223
525,221
525,222
525,222
525,216
587,225
587,220
447,216
447,222
447,228
439,235
435,233
433,235
425,236
428,235
430,233
431,230
128,227
132,223
126,224
131,219
133,217
681,223
509,217
525,221
509,213
509,210
46,212
650,220
603,216
243,216
229,216
236,217
233,215
231,215
603,216
121,215
148,216
175,215
209,214
572,219
525,228
525,229
541,232
556,239
556,238
556,237
556,235
556,237
525,225
501,223
284,233
284,237
403,231
395,228
384,230
386,230
401,222
572,221
388,228
388,227
494,211
494,211
494,214
494,214
469,231
465,229
373,226
362,230
417,225
432,227
455,229
451,226
434,227
433,226
447,226
462,225
587,214
556,220
556,219
587,215
556,187
556,190
541,212
541,214
556,215
541,214
541,210
525,210
61966,74
572,212
572,223
572,213
556,138
6354,213
1554,218
1554,223
1522,224
1538,227
1554,218
121,90
5887,103
46,80
6463,122
6370,218
6198,213
6120,216
6058,216
5980,214
5435,210
5403,190
5076,211
5388,213
7165,193
5419,214
5372,221
5341,214
6229,203
6198,187
6183,113
6853,132
6822,177
6775,210
4764,216
4749,220
11348,20
27918,93
3377,54
61,61
3050,161
2925,64
2769,135
2504,184
2442,187
2395,214
2380,212
2380,190
2551,223
2473,225
2411,226
2349,226
2286,225
2239,226
728,225
712,231
712,233
712,235
712,232
712,230
1600,227
1585,227
1554,226
1538,228
1522,229
1491,228
1460,222
1304,218
1304,228
1445,228
1413,230
1398,227
977,220
1257,222
1242,232
1257,226
1242,219
1226,231
1211,232
1211,234
1211,236
1211,236
1195,236
1195,235
373,231
380,230
384,228
386,217
387,200
387,223
387,226
387,229
394,228
398,227
400,224
401,229
431,226
439,226
443,226
445,224
446,223
453,222
457,222
459,223
468,220
473,222
475,221
484,219
603,212
587,222
572,227
572,231
665,230
634,231
618,232
587,228
587,230
618,220
634,210
324,180
310,190
556,210
540,216
525,227
525,232
509,233
525,233
509,233
509,234
509,233
509,233
509,234
482,235
480,235
479,230
509,218
501,220
497,231
495,231
494,233
494,233
494,231
494,233
494,230
509,234
509,230
509,227
509,225
509,223
525,222
525,220
525,222
540,222
540,220
556,213
76,211
432,220
439,219
435,230
441,231
436,235
434,232
433,234
432,235
432,236
432,226
665,231
696,220
129,223
125,219
696,217
712,224
509,219
509,220
509,210
46,211
91,212
665,218
136,217
121,216
230,216
236,217
241,215
222,217
219,215
155,216
108,215
257,217
257,218
572,218
556,225
556,229
540,234
540,239
556,237
556,234
556,235
556,235
525,224
525,220
284,235
284,239
277,238
273,240
391,234
396,231
414,220
556,219
388,228
388,226
478,213
485,213
489,212
491,214
492,217
485,219
373,226
362,229
417,226
431,229
454,230
443,225
437,228
441,226
459,229
468,228
473,216
483,193
571,222
571,212
556,180
556,193
556,213
540,216
556,216
525,211
525,203
525,211
525,212
525,210
556,212
6104,145
6354,213
1553,219
1538,221
1522,224
1538,229
1569,212
61,74
5808,158
5933,113
6058,90
5200,210
5123,217
5154,216
4982,214
5107,151
5216,164
5247,216
7336,145
7273,190
7180,206
7180,151
5403,219
4655,219
4639,218
4608,219
4593,218
4561,219
4546,210
91,48
76,64
46,51
3392,77
76,64
3159,45
2395,225
2333,224
2286,225
2239,223
727,229
712,232
712,234
712,234
712,233
712,231
727,232
743,231
1553,229
1522,227
1507,228
1491,227
1335,217
1304,224
1304,225
1429,229
1413,230
1397,229
1382,233
1382,227
1242,230
1257,222
1226,223
1226,232
1210,234
1210,233
1210,234
1195,236
1195,235
1195,235
1226,218
388,223
387,227
394,212
398,213
393,226
390,227
389,226
388,226
395,227
398,230
400,227
401,223
401,229
442,223
444,223
445,224
445,222
453,222
457,221
467,221
472,222
475,221
484,220
481,193
509,155
571,227
587,226
649,232
634,235
618,232
587,227
587,228
618,216
337,193
330,177
649,210
603,216
525,221
525,229
525,232
509,231
509,233
509,231
509,233
509,234
509,231
501,232
497,233
495,234
488,226
509,219
509,220
501,230
497,232
495,235
486,232
489,234
491,235
492,231
492,235
492,233
509,225
525,226
509,223
525,222
525,220
525,221
525,223
540,218
91,211
68,212
556,219
540,229
439,232
435,233
433,234
432,233
432,236
432,237
432,236
432,221
665,232
696,219
525,220
501,217
696,218
681,224
509,220
525,221
61,211
68,211
665,213
649,219
106,217
91,216
634,222
634,222
243,218
236,218
171,217
131,216
257,216
243,219
229,216
556,219
556,225
556,226
556,232
556,232
556,238
556,237
556,236
556,237
509,224
525,220
283,238
283,237
276,238
273,237
271,238
277,237
406,219
411,220
399,229
400,224
416,211
493,212
493,215
493,214
493,216
485,217
481,220
479,222
417,226
424,228
442,226
437,225
427,230
436,226
457,228
467,226
472,215
483,177
681,193
618,210
540,122
556,164
540,213
540,216
540,216
525,211
540,210
525,212
525,211
509,210
509,212
509,211
6354,213
1553,221
1522,222
1522,225
1538,228
1569,148
61,84
5855,142
5933,100
6073,87
6401,180
6354,215
5185,216
4982,212
4780,210
5216,211
5247,215
7336,119
7289,145
7180,193
7180,184
5372,219
5356,220
5341,190
34465,26
40120,18
32219,18
24284,18
20187,18
12252,18
4315,18
56026,90
25383,186
11348,24
10510,91
4608,218
2754,103
2489,210
2411,210
2395,214
2395,212
2208,210
2239,214
2582,225
2504,223
2457,225
2380,225
2333,225
805,217
1756,226
1741,227
1709,226
1678,227
1647,227
1631,227
1616,228
1585,226
1569,229
1538,229
1522,229
1335,235
1320,234
1320,234
1304,226
1289,233
1289,233
1289,228
977,223
977,220
1257,222
1242,230
961,220
374,237
373,235
373,236
373,235
373,237
373,233
373,235
373,235
380,232
384,230
386,225
387,211
413,226
415,227
416,223
416,228
424,226
420,228
426,226
429,226
430,226
438,225
442,224
444,223
351,200
362,210
356,203
364,168
357,177
365,174
369,190
556,129
587,216
587,224
572,228
587,227
572,227
556,230
556,226
556,220
572,211
572,210
310,200
257,177
277,168
540,210
525,220
525,229
495,234
494,233
494,235
494,230
486,234
490,235
492,234
493,233
493,236
493,235
493,224
509,214
56846,13
494,234
494,232
494,232
494,232
494,236
494,233
494,233
509,234
509,231
509,229
509,225
509,223
525,222
525,223
525,221
525,219
540,217
76,212
76,213
540,221
540,225
556,222
46,220
432,235
432,234
432,237
432,233
432,234
650,223
665,235
696,215
509,225
493,216
176,217
163,221
509,220
525,221
106,210
106,212
650,216
665,216
106,216
634,217
634,221
634,218
634,219
618,219
162,215
119,216
90,216
153,217
171,216
572,219
556,223
556,230
556,228
556,232
556,233
540,232
556,235
556,233
461,224
509,218
284,237
284,238
277,238
273,239
271,238
277,238
280,239
282,239
395,231
398,219
478,210
486,213
490,214
492,215
485,217
481,217
479,219
478,221
478,222
478,225
446,226
439,228
435,228
448,226
463,225
470,222
474,215
509,116
696,197
618,193
461,210
461,215
556,213
556,215
540,213
525,210
525,210
525,212
509,193
509,210
509,211
509,211
509,211
509,211
1522,220
1522,226
1553,227
16,71
31,93
5840,135
5996,84
6151,93
6401,213
6354,214
6151,215
6073,216
3599,89
44116,18
24789,20
36821,20
39123,28
27291,28
64718,27
60846,27
3220,21
56796,20
29916,24
18065,24
106,77
6868,203
6806,174
6775,164
4764,219
4733,218
4702,221
4671,218
4655,217
4624,220
4608,219
4577,219
2411,210
2395,214
2395,212
2224,212
2645,214
2582,225
2520,226
2442,224
2380,226
2317,226
2270,226
2239,222
1741,226
1709,226
1678,227
1647,226
1631,226
1616,227
1585,227
1569,226
1538,227
1522,227
1507,228
1491,231
1320,234
1304,226
1289,235
1273,233
1289,225
977,220
961,220
1257,223
1242,229
961,219
1226,227
1226,235
373,236
373,234
373,235
373,234
373,236
380,233
376,232
382,232
385,225
386,184
387,215
387,225
416,226
416,224
416,226
424,224
428,228
430,227
438,226
435,225
441,225
444,224
452,225
456,223
362,206
356,145
353,158
352,151
362,135
572,174
587,218
587,225
572,229
587,226
650,230
634,235
556,226
556,218
572,213
310,210
572,151
297,203
297,155
540,211
525,223
525,232
525,229
509,232
494,235
494,235
494,234
494,233
486,235
490,233
484,236
489,234
509,220
509,216
501,225
497,231
494,229
494,234
494,232
494,232
494,232
509,232
509,234
509,226
509,225
525,223
525,225
525,223
587,221
572,220
587,222
587,221
587,223
603,216
447,221
439,228
443,234
437,233
427,235
429,235
137,230
129,235
125,234
123,230
122,225
121,225
128,217
124,218
696,221
696,219
509,219
509,214
618,216
603,217
618,217
603,217
257,215
603,215
603,215
603,215
243,215
603,215
603,217
106,215
509,229
509,232
509,229
525,228
556,230
525,231
540,238
556,237
556,237
556,237
556,235
556,236
556,235
556,236
556,226
388,230
395,230
384,231
386,233
401,228
572,223
388,221
388,229
402,214
478,226
478,227
469,229
473,233
467,227
373,221
362,231
367,223
417,226
439,228
458,227
445,227
572,168
556,214
572,213
587,213
556,218
556,220
572,217
587,148
556,171
556,211
540,215
540,214
501,214
497,211
540,174
572,212
572,223
572,213
572,109
6370,212
1553,218
1553,222
1522,224
1538,226
5419,211
5076,211
5388,213
5232,210
5419,211
5419,211
5138,218
5107,216
4967,214
5076,180
4780,211
5232,218
6806,206
4780,216
4749,221
4717,220
4686,219
4671,218
4640,220
4608,219
4593,220
4577,220
4546,214
46,74
43457,9
19666,9
23511,9
1238,96
25586,202
11348,20
21262,96
2380,210
2224,219
2629,225
2551,226
2489,225
712,234
712,232
712,233
727,233
727,231
743,223
759,225
774,223
1772,218
1741,225
1725,226
1694,227
1413,225
1413,230
1398,225
1398,233
1382,230
1039,226
1351,227
1351,231
1335,233
1320,234
1304,231
1304,232
1195,237
1195,236
1180,235
1195,226
1242,213
373,233
373,232
373,236
373,237
373,236
373,237
373,233
395,224
399,228
401,227
402,226
402,228
402,225
402,225
409,226
413,226
415,228
416,225
416,226
472,221
475,222
484,222
489,215
509,116
509,211
509,217
509,214
388,210
380,210
376,206
374,210
603,224
618,211
324,210
317,210
634,212
587,223
587,225
572,229
572,229
556,226
556,227
556,219
509,232
509,233
501,233
497,235
495,234
494,233
494,235
494,234
494,235
494,233
494,233
494,236
493,231
493,234
493,234
493,233
493,234
493,232
493,233
493,231
493,232
509,232
501,233
497,231
541,220
541,217
76,210
68,214
541,221
541,228
556,220
572,218
76,220
572,221
572,224
587,224
428,235
665,227
681,229
712,214
478,220
509,214
151,218
151,222
143,217
147,220
141,230
138,237
665,218
91,217
106,216
634,220
634,222
634,220
634,221
618,218
618,221
618,219
618,218
618,218
587,219
587,222
556,228
556,229
556,230
556,229
541,234
541,232
541,231
525,228
509,230
509,231
290,238
280,240
275,239
272,238
278,239
281,238
282,238
289,236
300,220
556,227
556,238
556,237
494,214
494,217
494,217
486,220
482,220
480,221
479,223
478,223
478,222
478,225
478,228
478,228
466,225
472,217
483,187
743,145
618,211
461,180
454,213
457,215
459,203
468,106
556,212
556,213
541,211
525,210
525,210
525,210
509,211
509,211
501,211
509,212
501,211
497,212
495,215
494,161
5824,145
5933,113
6074,103
6401,164
6354,216
6183,214
6105,215
6027,215
5980,213
5419,211
5061,155
5575,161
7165,210
7149,171
5403,218
5357,219
5357,211
6229,210
6198,206
6183,100
6868,187
6822,168
6775,210
4764,218
15118,93
23,61
3315,48
3097,61
3019,171
2832,64
2769,138
2504,210
2426,161
2395,215
2395,212
2208,206
2613,224
2520,225
2458,226
2395,225
2333,225
2286,224
2239,223
728,227
712,232
712,234
712,234
712,233
1616,226
1600,226
1569,226
1554,227
1538,228
1522,227
1491,226
1491,221
1304,218
1304,228
1429,229
1413,231
961,220
977,221
1273,220
1242,231
1242,228
961,222
1226,230
1211,232
1211,234
1211,235
1195,236
1195,236
373,234
373,232
380,230
384,226
386,219
394,161
391,222
389,229
388,228
388,229
395,229
398,226
430,227
431,225
439,224
443,226
445,226
453,223
457,222
459,222
460,223
469,222
473,220
475,222
366,116
572,211
603,220
572,227
572,232
603,229
650,232
618,232
587,227
587,228
603,225
618,211
297,164
290,171
293,187
556,214
525,226
525,230
525,233
509,232
509,232
509,233
509,234
509,232
492,234
493,234
493,233
493,230
485,216
509,217
501,228
497,231
495,234
494,234
494,234
494,233
509,232
501,233
509,230
509,223
509,226
509,225
525,226
525,222
525,220
525,219
540,221
106,212
603,216
447,219
447,225
447,230
439,231
435,234
426,235
421,233
426,232
429,232
430,226
665,231
127,223
131,222
126,217
131,216
696,224
525,217
525,220
509,211
76,211
68,212
665,219
106,215
253,218
243,219
250,216
151,217
190,217
210,218
206,217
191,215
217,218
230,215
572,216
572,224
525,226
540,235
556,237
556,238
556,236
556,239
556,235
509,226
509,223
297,236
290,239
280,241
384,230
378,232
397,232
407,221
556,223
388,227
388,229
410,212
494,212
494,212
494,215
494,215
478,230
373,224
362,229
375,225
447,227
462,225
454,227
435,228
441,229
451,227
464,226
471,219
556,221
572,220
587,213
556,168
556,174
556,213
540,215
556,215
525,211
540,210
525,210
525,211
572,219
572,212
6151,109
6354,213
1569,219
1538,223
1522,224
1538,228
1569,212
31,71
5824,148
5964,119
5164,14
21155,43
54805,49
50452,3
55828,34
55316,118
54803,212
37139,96
43796,112
55060,168
37916,121
43036,12
5388,216
5356,220
5341,212
6229,210
6198,203
6214,109
6868,171
6822,210
6790,210
4780,218
4733,221
4717,222
25784,172
11348,20
61966,93
3097,74
3034,138
2878,106
2754,126
2520,210
2411,193
2395,214
2395,212
2224,210
2473,226
2395,227
2333,225
2270,225
2239,226
727,229
712,231
712,232
712,234
712,233
712,232
727,233
1585,226
1553,229
1538,228
1507,230
1491,229
1491,221
1304,217
1304,230
1429,230
1413,230
1398,227
1382,229
977,219
1242,232
1257,226
1242,220
1226,232
1226,233
1211,235
1211,235
1195,235
1195,236
1195,236
1211,223
59649,120
60161,118
61441,117
60929,117
59905,117
60673,117
59649,117
60161,117
60161,117
59137,117
59137,192
52087,100
401,226
401,226
409,226
413,228
415,224
416,227
416,226
416,228
416,227
424,229
428,225
430,226
483,90
509,214
509,219
525,210
373,197
373,168
362,210
356,180
346,148
359,161
380,113
603,212
587,215
587,223
572,228
572,228
572,228
556,228
556,222
556,214
587,210
324,197
310,180
297,210
495,236
494,234
494,234
494,231
494,237
494,233
494,234
494,237
486,235
482,234
488,234
483,232
493,231
493,231
493,232
493,233
493,232
493,234
493,234
509,234
501,233
497,231
509,234
509,234
556,229
556,228
556,220
61,219
571,221
571,222
571,223
571,223
587,225
571,222
587,220
446,219
478,219
478,212
151,217
151,221
143,218
147,223
141,231
138,238
137,234
129,228
132,223
126,226
634,221
634,218
618,222
618,219
634,217
634,215
618,216
243,217
634,216
243,217
243,218
243,219
556,232
556,230
540,233
525,231
525,230
509,227
509,230
509,231
509,230
525,229
525,226
525,234
277,239
280,239
281,237
289,239
299,220
556,229
556,235
556,238
402,222
395,232
391,227
382,231
478,221
478,218
478,220
478,222
478,225
478,226
478,228
469,229
465,228
463,230
462,231
388,225
618,211
478,177
469,213
465,216
463,210
478,113
571,212
571,212
587,214
587,212
556,219
556,220
509,212
509,211
509,212
509,212
501,212
497,213
495,213
509,193
525,203
571,218
571,218
571,212
6369,215
6182,215
6089,215
6027,216
5980,213
5434,213
5076,210
5403,190
5372,210
5387,161
5419,217
5185,212
5356,132
6245,197
6167,187
6276,90
6853,168
6821,211
6790,190
4764,220
4733,221
4702,219
4686,219
4655,219
2831,135
2738,113
2520,210
2411,210
2395,213
2395,212
2224,214
2224,214
2582,225
2504,225
2442,226
2379,225
758,226
805,218
1756,226
1740,225
1709,227
1678,224
1662,226
1631,226
1616,226
1585,229
1569,228
1538,228
1351,230
1335,234
1335,233
1320,236
1304,228
1288,234
1288,234
1288,228
977,221
1288,219
1257,223
1242,230
30837,1
30444,1
30189,1
30187,1
30190,1
30189,1
30187,1
30188,1
31979,1
33000,1
33511,1
33764,1
387,214
387,211
387,225
387,225
394,228
398,227
400,225
401,226
401,226
401,226
401,225
409,225
442,226
444,222
452,224
456,223
458,222
468,221
473,221
483,223
488,219
490,211
310,84
509,214
571,230
649,230
649,232
618,236
587,228
587,230
603,220
634,211
324,211
603,206
603,215
587,224
525,226
525,231
509,232
509,235
509,232
509,231
509,233
509,234
509,234
501,235
497,233
495,235
509,216
501,217
497,230
495,234
494,235
493,233
493,233
493,234
493,235
493,232
493,235
493,233
509,223
509,223
525,222
525,223
540,222
540,221
556,219
61,212
53,211
540,215
540,227
556,226
437,233
434,234
425,233
428,237
430,232
431,233
431,223
665,231
681,219
525,218
501,217
176,213
52494,31
681,222
509,220
525,223
509,211
76,210
76,213
649,218
91,215
98,216
634,218
634,220
618,221
618,222
618,217
618,217
243,215
256,216
256,219
256,217
243,219
243,218
243,217
216,216
571,233
556,231
525,228
509,228
509,230
509,231
509,230
525,226
525,230
525,239
540,240
556,239
281,238
289,234
556,220
556,234
556,237
556,234
402,229
395,233
391,227
389,233
403,232
556,219
478,226
478,223
478,224
478,224
478,229
478,228
478,231
478,231
462,224
351,227
351,227
417,228
462,215
461,212
461,126
634,96
556,215
587,214
587,212
587,214
556,221
571,221
556,210
556,203
493,210
493,211
509,212
501,211
497,213
540,171
556,211
572,222
572,214
572,211
6307,168
1553,212
51536,23
27864,23
15831,23
7123,21
50389,19
7125,21
56789,20
11208,21
11208,21
12761,20
62422,19
16858,20
5076,193
4780,211
5216,216
5263,210
7320,151
7258,151
7180,210
5434,155
5372,221
5341,220
6245,174
6214,210
4577,220
4562,220
46,64
3580,109
3533,71
46,87
3377,74
121,48
3081,84
3034,197
2832,90
2551,106
2239,219
712,230
712,232
712,233
712,233
712,234
727,234
727,233
743,226
759,225
774,224
821,217
1491,229
1335,219
1304,228
1304,221
1429,232
1413,231
1398,229
1382,235
1366,220
1055,219
1351,233
1335,234
1226,234
1211,235
1211,236
1195,237
1195,235
1195,235
1195,234
1226,216
388,228
380,235
376,237
374,237
391,223
389,227
388,229
395,228
398,227
400,226
401,228
401,227
401,224
401,225
409,227
413,227
453,224
457,223
459,221
468,221
473,220
483,219
488,217
491,180
525,145
509,216
509,215
373,168
634,234
618,230
587,227
587,227
618,215
310,210
317,210
320,212
587,218
572,227
572,229
572,227
509,231
509,234
509,232
509,233
509,234
509,233
509,235
501,234
497,235
495,235
494,235
494,235
501,230
489,234
491,234
484,231
489,233
491,232
492,233
493,233
493,233
493,233
493,231
493,235
525,222
525,221
525,222
540,220
540,218
61,212
68,212
540,221
540,226
556,225
76,218
61,221
432,233
432,235
432,234
432,234
634,222
665,232
696,216
509,223
501,216
151,216
151,220
143,219
509,219
76,211
83,211
665,217
136,216
113,218
634,217
634,220
618,219
634,220
618,220
618,221
76,215
159,215
257,218
106,214
572,223
572,225
556,231
556,232
556,231
556,235
540,232
540,233
556,235
447,225
297,220
290,237
287,239
278,241
274,237
272,238
278,238
281,239
289,240
293,228
395,216
494,211
494,211
494,213
494,214
486,218
482,218
480,219
479,220
478,223
478,223
478,225
437,228
434,226
456,227
467,228
472,223
475,211
509,132
743,210
525,168
461,212
454,216
457,212
556,216
556,213
525,200
525,210
525,211
525,210
509,190
509,211
509,211
509,212
509,211
501,211
1522,227
1554,224
46,87
46,90
5824,116
5996,113
6152,96
6385,214
6339,212
6152,215
6074,214
6011,214
3606,182
24660,20
36823,20
35227,28
19351,28
3217,28
15284,21
3252,21
60893,20
26076,24
18071,24
14014,24
6853,164
6791,180
4796,190
4749,221
4733,220
4702,219
4671,219
4640,218
4624,220
4593,217
4577,218
4546,218
2395,214
2380,211
2208,217
2629,218
2567,225
2504,225
2426,224
2380,225
2302,225
2255,225
2239,220
712,229
1710,224
1678,227
1663,228
1632,225
1616,227
1585,228
1569,227
1538,227
1522,228
1507,228
1491,230
1460,218
1304,226
1289,235
1273,232
1289,220
961,220
1273,220
1242,225
1242,233
961,218
1226,225
1226,232
1211,234
373,236
373,232
373,237
373,235
380,232
376,232
374,232
381,226
392,203
390,215
389,227
388,225
416,229
416,225
416,226
424,224
428,227
430,226
438,223
442,223
444,223
452,223
456,221
458,222
27269,1
28587,1
29374,1
29591,1
11438,2
23444,2
19416,2
15582,2
19431,2
39397,2
31467,2
23529,2
572,229
587,228
618,213
324,211
324,210
603,212
587,220
572,224
572,227
556,228
556,228
556,227
509,233
509,233
509,232
509,236
509,235
501,231
497,234
495,233
494,236
494,235
494,234
494,233
494,233
494,232
494,234
494,231
494,232
494,232
494,233
494,233
494,233
494,232
494,232
494,233
525,223
525,220
541,215
106,212
106,212
525,222
541,230
556,225
572,221
587,221
572,219
572,224
430,234
431,235
634,226
681,231
712,216
494,220
486,216
151,221
151,223
151,218
143,218
139,228
76,211
634,221
121,218
121,219
650,219
634,219
634,221
634,222
618,223
618,220
634,217
618,217
106,215
572,218
556,222
572,225
556,231
556,231
556,231
541,234
525,229
525,233
525,227
509,231
284,229
284,240
284,239
277,238
273,239
271,238
277,238
280,240
288,237
299,222
556,229
556,236
494,214
494,214
486,215
482,219
480,220
487,219
482,220
480,223
479,224
478,225
478,225
478,226
458,227
468,224
473,220
483,211
488,151
618,211
587,171
447,213
447,216
454,213
466,132
572,193
525,210
525,197
525,210
509,211
525,210
509,211
509,203
509,211
509,212
509,212
501,211
497,213
61,80
5809,132
5933,106
31,93
6214,96
6385,215
6183,212
6136,215
6058,215
5996,215
5481,211
5403,211
7289,138
7180,145
7149,210
5419,213
5372,222
5341,217
6245,210
6198,210
6167,148
6868,129
6822,187
6822,210
11348,22
51214,92
31,71
3424,61
76,74
98,48
3034,138
3019,93
2832,100
2551,174
2442,171
2395,213
2224,220
2629,222
2551,226
2489,224
2426,224
2364,225
2286,225
2255,227
728,222
712,230
712,235
712,233
1647,226
1616,228
1600,227
1585,228
1554,225
1538,229
1522,229
1491,228
1491,227
1304,219
1304,227
1429,222
29966,111
1289,232
1304,219
961,221
977,220
1242,231
1242,227
961,220
1226,228
1226,232
1211,234
1211,234
1195,234
1195,238
1195,228
1226,214
373,229
373,234
373,239
373,236
373,234
373,236
373,235
373,236
402,228
402,227
402,228
402,225
409,226
413,226
415,227
416,225
416,229
416,226
416,224
416,224
475,221
484,219
489,214
491,109
509,211
509,218
509,212
373,200
373,200
373,210
373,187
362,187
618,212
324,210
324,212
587,211
587,220
572,227
572,230
572,229
556,226
556,224
556,217
310,210
509,234
509,234
493,232
509,232
501,233
497,232
495,233
494,234
494,235
494,234
494,233
494,235
494,231
494,234
494,230
494,233
494,233
486,233
490,233
492,232
493,232
493,233
485,232
489,232
556,214
106,210
556,212
540,226
556,229
556,219
61,220
587,220
572,224
587,221
587,221
587,222
650,228
681,227
525,214
509,219
501,215
151,218
151,220
143,215
147,220
141,232
138,237
129,234
121,216
98,216
634,220
634,222
634,222
634,219
618,221
634,217
618,217
618,216
257,216
257,215
556,222
572,225
572,230
556,232
556,231
556,234
540,232
540,234
509,228
509,230
509,231
525,229
277,238
273,239
271,240
270,240
277,240
280,238
288,238
299,219
556,230
556,236
556,236
402,223
492,214
485,216
481,218
479,221
478,222
478,223
478,223
478,224
478,223
478,227
478,231
478,230
470,219
474,211
509,126
634,210
478,119
469,213
465,216
463,211
478,168
540,197
556,215
587,214
509,212
525,211
509,210
509,210
509,210
501,212
509,212
501,203
489,212
491,214
492,211
540,210
26273,194
11348,23
37390,78
5902,116
6073,96
6183,96
6385,214
6198,211
6120,215
6058,215
5980,215
5466,210
5232,211
5419,212
5419,213
5154,216
5107,217
5185,212
5107,158
4780,212
5232,216
5263,129
7274,138
7180,171
4717,219
4686,219
4671,218
4640,219
4608,219
4593,219
4562,219
4562,215
46,67
3642,64
16,45
3455,51
35508,9
23502,9
19669,9
19670,9
41172,8
17885,10
48605,96
26286,191
11348,23
4110,97
2551,224
2489,225
727,232
727,230
743,223
759,227
774,225
1772,218
1741,226
1725,226
1694,227
1663,226
1631,226
1631,225
1398,233
1382,233
1039,224
1351,223
1335,232
1335,235
1320,234
1304,232
1304,230
1289,236
1273,231
1289,220
1195,226
1257,213
373,232
373,235
373,237
373,237
373,237
373,238
373,234
373,237
373,234
380,233
408,225
405,226
411,225
406,226
411,226
414,226
415,227
416,226
416,229
416,226
416,227
424,225
484,214
31,90
509,212
509,217
509,213
373,180
373,171
373,211
373,210
355,148
364,177
376,145
323,210
587,212
587,223
587,226
572,226
572,226
556,228
556,222
556,216
310,210
587,180
297,193
501,236
497,235
495,233
494,231
494,234
494,233
494,233
494,233
494,235
494,234
494,236
494,234
493,231
493,230
493,233
493,234
493,233
493,232
493,231
493,234
509,230
501,233
497,235
495,232
76,213
540,228
556,229
556,222
46,221
76,222
587,221
587,222
587,224
587,221
587,223
587,220
681,214
478,219
478,212
151,219
143,223
147,217
141,222
138,230
137,238
129,235
125,229
123,224
634,218
634,220
634,218
618,220
618,221
634,219
634,216
618,217
257,214
243,217
229,217
236,219
556,230
556,230
556,235
556,235
556,233
525,233
509,228
509,228
509,230
509,226
525,229
525,229
272,239
271,240
277,239
280,239
288,240
299,219
540,231
556,235
556,238
402,222
402,229
395,228
482,218
480,221
479,222
478,221
478,224
478,225
478,223
478,227
478,227
478,230
469,230
465,230
509,135
618,190
540,142
447,212
447,216
454,211
466,129
556,197
556,215
587,213
743,213
556,217
525,197
525,210
509,211
509,212
509,211
501,212
497,212
495,213
494,212
540,158
525,210
572,223
6229,109
6401,214
6338,210
6136,214
6073,215
5996,216
5450,206
5403,212
5060,213
5403,211
5232,210
5419,211
5388,220
5341,219
6245,203
6214,210
6151,187
6884,93
6837,168
6790,174
4780,210
4749,220
4733,220
4702,220
3065,103
3003,135
2816,122
2520,135
2504,168
2395,212
2380,213
2395,211
2224,219
2645,218
2551,225
2489,225
743,224
759,225
774,224
1772,214
1756,227
1725,225
1694,227
1678,226
1647,227
1616,225
1600,228
1585,226
1039,224
1335,224
1335,232
1335,232
1320,233
1304,234
1304,229
1289,235
1273,233
1289,223
977,221
1273,222
373,232
373,236
373,239
373,233
373,235
373,236
373,234
373,233
373,237
373,235
373,232
373,235
409,224
413,227
415,227
416,226
416,227
416,228
416,223
416,227
424,226
428,226
430,225
431,224
509,213
509,220
525,212
373,180
373,203
373,190
362,200
356,155
364,190
368,129
556,210
603,218
587,222
572,227
572,229
572,227
556,228
556,222
572,215
572,211
572,168
337,138
323,171
303,184
495,234
494,232
494,234
494,234
494,233
494,235
494,234
494,236
494,234
494,236
494,234
486,233
494,234
494,234
494,232
494,232
494,231
494,233
509,230
501,233
497,232
509,234
509,233
509,232
556,228
572,221
76,219
61,221
587,223
587,221
587,223
587,223
587,224
572,221
447,218
439,226
743,214
136,220
136,221
136,217
143,224
139,233
137,237
129,234
125,228
123,224
122,224
121,218
618,218
634,222
618,221
634,215
618,217
257,216
243,217
243,218
243,220
250,219
243,218
229,217
556,231
556,232
556,231
525,229
509,227
509,230
509,229
509,231
525,229
525,227
525,232
556,241
62990,49
277,239
280,236
288,238
540,218
556,230
556,236
556,237
417,226
402,230
395,226
384,233
405,223
603,220
388,227
395,228
447,211
470,213
482,212
488,215
483,214
480,218
479,219
478,221
382,226
432,227
455,229
443,226
430,228
438,225
449,227
463,226
470,216
482,210
759,174
618,211
6188,14
17575,44
49410,28
46082,28
54530,44
54786,28
55042,28
54274,13
47106,13
54018,13
54018,253
53761,253
509,211
509,211
509,211
501,212
509,212
501,214
525,210
525,197
572,215
572,220
572,213
6105,113
6183,214
6120,216
6042,217
5980,216
5434,210
5419,210
5060,206
5372,213
5232,210
5403,212
5419,210
5138,218
6245,210
6214,206
6183,138
6868,122
6837,206
6790,168
4780,217
4749,219
4717,220
4686,219
4655,220
4640,218
2754,106
2520,206
2457,180
2395,215
2395,213
2395,210
2208,219
2613,224
2520,223
2473,225
2395,225
2333,225
790,221
1772,221
1741,226
1709,226
1694,227
1663,226
1631,226
1616,227
1600,230
1569,229
1553,229
1538,229
1335,234
1335,234
1320,233
1304,227
1289,234
1289,232
1273,227
977,219
977,219
1258,220
1242,234
1258,222
374,238
373,236
373,236
373,236
373,234
373,236
373,234
373,233
373,233
380,234
384,228
386,214
408,227
413,227
415,228
416,226
417,224
417,225
424,226
428,226
430,228
438,224
442,225
444,223
525,210
373,193
362,171
367,193
359,210
366,155
369,171
371,158
588,211
588,219
572,225
572,230
572,230
556,229
556,228
556,224
556,214
311,211
556,197
297,180
297,158
297,184
525,216
525,224
494,233
494,233
494,233
494,235
494,233
486,235
490,236
492,233
493,234
493,233
493,227
493,217
494,232
510,232
502,231
498,231
510,230
502,234
498,232
496,232
510,233
510,232
510,227
510,224
588,221
572,220
588,222
572,220
588,222
588,225
588,222
588,218
447,219
447,220
439,232
435,232
144,220
140,217
138,226
137,233
137,234
129,233
118,226
127,224
124,219
123,222
697,219
681,222
619,220
619,217
619,219
619,216
619,217
603,215
230,216
603,215
244,217
250,218
244,216
244,215
556,233
525,226
525,227
510,229
510,232
510,229
541,228
525,227
541,237
541,238
556,236
556,235
289,231
525,221
556,232
556,238
556,232
403,231
395,231
391,228
389,236
396,231
447,219
432,220
479,223
479,227
479,226
470,229
474,228
476,230
469,229
458,226
351,229
351,226
432,226
439,226
466,214
472,148
483,96
541,214
588,213
588,214
588,214
556,223
572,221
588,200
556,193
556,210
494,211
510,212
502,212
498,215
556,177
541,200
572,221
572,217
572,211
6105,161
1570,211
1554,222
6012,217
5965,212
5419,213
5061,211
5419,210
5341,190
5544,151
5419,216
5170,213
5123,219
5170,217
4967,212
32980,20
39380,28
23156,28
3508,28
60865,27
3236,21
60891,20
60892,20
18058,24
10168,24
43710,87
26579,125
4562,218
4546,164
3580,87
61,61
46,58
3455,71
176,45
3066,87
3035,174
2863,74
2723,135
2505,210
728,230
712,233
712,235
712,233
712,235
712,236
728,232
743,230
759,222
759,225
806,220
1757,225
1476,218
1305,218
1305,228
1429,231
1414,231
1398,230
1383,231
1383,229
1040,227
1351,230
1336,235
1336,233
1211,233
1211,233
1211,233
1195,234
1195,236
1195,236
1211,219
388,220
380,232
376,234
374,238
373,237
391,225
389,225
388,230
395,227
391,228
397,226
400,225
401,227
409,225
413,225
415,226
416,223
459,221
460,221
469,221
473,221
475,221
484,219
489,212
284,96
494,215
509,216
388,193
380,193
618,234
587,227
587,228
603,219
634,210
311,210
317,212
603,217
587,226
572,228
572,229
556,229
509,234
509,235
509,231
509,233
509,237
509,234
501,233
497,232
495,233
494,235
494,232
494,233
487,233
490,234
492,233
493,233
493,232
493,231
493,234
493,234
493,233
493,232
493,234
493,230
509,223
525,221
525,222
540,220
556,212
46,212
556,216
540,228
556,225
556,220
46,221
572,219
432,235
432,234
432,235
432,220
665,232
696,219
525,222
501,214
727,214
151,218
151,220
151,217
91,211
76,210
665,217
665,218
106,217
665,219
634,222
634,220
634,221
618,225
618,223
618,219
106,216
161,214
587,215
556,219
556,227
572,230
556,232
556,233
556,233
540,232
556,235
525,231
447,224
297,221
290,238
287,239
278,240
274,239
272,239
271,239
277,239
280,240
288,230
556,222
494,213
494,212
494,214
494,215
494,217
486,221
482,221
480,220
479,222
478,222
478,224
478,225
429,229
438,226
458,226
468,223
481,213
487,138
727,210
634,177
461,211
461,215
461,214
469,171
55042,60
54274,231
54530,44
54530,44
56834,60
56834,44
53762,44
33026,44
54018,44
54786,44
55042,189
10821,104
495,212
494,214
525,164
572,210
572,222
572,217
572,211
6323,161
1569,211
1553,221
1522,225
1522,226
5419,213
5076,212
5403,211
5216,193
5419,210
5419,217
5169,215
5123,220
5185,216
5092,210
4780,212
5216,214
15265,28
64673,27
15058,21
64647,20
56798,20
34011,24
13979,24
6085,24
58578,26
46439,26
21684,88
26679,20
3580,100
46,61
46,45
3377,67
31,38
3081,109
3050,129
2832,84
2551,135
2520,187
2411,211
2395,214
712,234
712,234
712,233
712,232
727,233
743,226
759,225
774,225
805,216
1756,225
1741,225
1694,227
1304,221
1429,229
1413,229
1398,228
1382,232
1382,221
1055,218
1351,232
1335,234
1320,235
1320,234
1304,226
1195,235
1195,234
1195,235
1195,235
1226,217
373,226
373,232
373,236
373,239
373,235
373,235
373,235
400,228
401,229
401,228
401,227
401,224
401,226
409,227
413,226
415,227
416,226
416,227
416,227
54286,129
467,221
480,223
479,219
486,217
509,116
509,129
509,215
525,215
373,197
373,168
362,187
377,180
364,197
368,142
556,109
587,215
587,222
571,226
587,230
649,232
634,232
618,231
587,226
571,213
587,210
351,174
283,193
296,161
296,184
540,217
525,228
525,233
509,231
509,231
509,233
493,236
493,236
493,235
493,234
493,235
493,233
493,225
509,217
501,220
497,230
495,231
486,232
509,232
501,231
497,233
509,232
509,235
509,229
509,227
509,225
525,226
509,221
509,222
525,221
587,222
587,223
587,222
432,217
439,221
435,223
433,232
432,234
432,233
432,235
432,236
432,235
137,236
129,230
125,227
123,225
129,219
132,217
696,225
696,218
525,221
509,219
46,211
76,211
243,216
250,216
243,217
263,215
603,216
243,216
250,217
76,215
587,216
230,216
236,215
253,215
525,228
525,228
525,228
525,231
556,238
556,238
556,236
556,237
556,236
556,229
478,225
297,227
540,221
388,233
388,229
380,233
384,232
400,226
587,222
388,225
388,232
402,215
478,212
485,213
478,230
478,232
469,230
402,222
351,229
362,227
432,227
439,228
458,228
445,229
438,228
449,229
587,214
758,212
556,217
556,220
571,217
556,193
540,174
556,187
525,213
556,216
540,212
525,210
525,171
556,197
571,221
571,213
556,177
6338,212
1553,215
1553,223
1522,222
1522,227
1569,222
61,87
5403,211
5232,211
5434,211
5403,215
5154,217
5123,217
5185,215
5076,197
4780,213
5216,215
5278,164
7336,142
4764,220
4733,220
4702,219
4671,220
4655,219
4624,219
4593,219
4577,220
4561,220
76,58
3580,122
121,58
2644,216
2582,225
2504,226
2442,226
2364,225
2317,226
2270,226
2239,220
727,228
712,231
712,232
712,234
1631,227
1616,227
1585,227
1553,225
1538,229
1522,227
1507,227
1491,230
1460,217
1304,225
1304,224
1429,232
1273,224
977,220
961,219
1257,225
1242,230
1242,223
1242,221
1226,233
1210,234
1210,232
1210,235
1195,234
373,232
373,233
373,232
373,231
380,228
391,211
389,212
388,224
388,227
388,226
395,229
398,227
424,226
428,225
437,225
434,225
440,223
443,222
444,223
452,223
456,222
467,219
472,223
475,221
372,171
556,148
587,217
587,221
571,226
571,231
649,231
634,236
618,230
587,230
587,228
618,217
317,174
300,187
298,171
556,210
525,220
525,228
525,231
509,230
509,232
509,236
509,233
509,234
493,235
493,234
485,233
489,234
491,223
509,215
509,223
501,228
497,233
495,233
486,232
489,233
492,231
509,231
509,232
509,227
509,227
509,224
509,225
525,223
525,221
525,221
540,220
540,215
587,222
446,219
446,222
446,226
439,233
435,235
433,235
432,235
432,235
432,234
432,230
665,228
128,223
124,226
130,218
133,215
681,222
509,215
525,222
509,212
46,211
76,211
649,219
136,214
189,218
216,216
229,218
236,218
178,217
190,217
203,215
154,217
122,216
257,220
571,216
556,224
525,228
525,233
540,237
556,238
556,234
556,234
556,235
509,226
509,223
283,237
283,238
276,240
391,231
382,233
385,233
401,222
571,221
388,228
395,230
461,212
477,213
485,213
481,214
487,216
469,230
388,223
369,229
385,227
446,227
453,228
449,225
433,229
432,227
455,229
466,225
472,219
556,218
556,221
571,216
556,168
556,164
556,212
556,214
540,215
540,213
525,206
525,211
525,211
571,223
571,212
571,174
6354,212
1569,215
1538,222
1522,221
1538,225
1569,220
76,74
5777,106
5871,135
5434,210
5419,214
5154,216
5123,218
5200,215
5123,174
4780,212
5216,216
5278,187
7367,103
7180,138
7180,210
4702,220
4671,220
4655,219
4624,219
4593,218
4577,219
4546,218
46,61
3595,87
61,54
3424,51
3361,71
2488,226
2426,225
2348,224
2301,226
2255,225
727,220
712,230
712,233
712,235
712,234
712,233
727,233
1585,227
1553,228
1538,229
1507,227
1507,229
1491,226
1320,219
1304,229
1413,223
1413,232
1413,228
1397,231
961,219
1242,226
1242,226
961,218
1226,230
1226,235
1210,234
1210,234
1195,235
1195,234
1195,234
1195,231
384,233
386,231
387,220
446,132
388,218
388,226
388,229
395,229
391,228
389,229
395,227
398,228
438,223
442,225
444,225
445,224
453,222
457,223
459,223
468,222
473,222
475,222
484,221
488,214
603,218
571,225
571,230
603,227
649,232
634,231
603,230
587,229
587,227
618,213
324,211
324,210
303,200
556,214
540,224
525,230
525,232
509,232
509,232
509,234
509,235
509,234
509,233
501,234
486,233
490,231
492,220
509,216
501,227
497,233
495,234
494,233
494,232
494,233
494,234
494,232
509,233
509,229
509,226
525,222
525,226
525,220
525,225
525,222
525,220
91,213
91,211
83,212
447,222
447,228
439,232
435,235
433,233
432,231
432,235
432,235
432,232
650,229
681,225
540,215
130,220
125,216
696,225
525,216
509,221
525,214
509,206
91,212
650,217
106,216
113,217
650,220
230,216
236,220
241,220
158,215
132,217
257,216
216,217
229,219
587,216
556,223
572,228
556,230
556,237
556,235
556,237
556,235
556,234
556,229
478,222
297,226
290,241
280,238
275,240
272,240
384,232
400,227
572,225
388,223
388,227
402,213
494,213
494,213
494,215
494,215
486,218
482,219
369,230
378,226
432,228
455,227
458,227
445,227
438,226
449,228
463,225
470,218
482,211
525,155
21518,68
572,216
556,168
541,197
541,213
541,214
541,215
541,212
525,210
541,210
525,212
509,210
509,210
509,211
509,211
509,211
509,211
501,213
497,213
495,211
541,211
572,212
572,221
556,212
6370,214
6183,211
6136,215
6058,215
5996,216
5481,210
5419,212
5061,212
5403,214
5232,211
5435,211
5419,214
5357,215
6245,145
6198,177
6183,155
6868,155
6837,210
6806,161
4780,215
4749,219
4718,220
4686,219
4671,219
3003,109
2769,103
2520,211
2458,210
2395,213
2395,213
2380,211
2224,221
2613,224
2536,224
2473,224
2395,225
759,225
790,222
1756,221
1741,224
1725,226
1694,228
1663,227
1632,225
1616,225
1600,227
1585,228
1554,229
1351,229
1335,233
1335,235
1320,234
1304,228
1304,235
1289,235
1273,232
977,220
977,221
1273,221
1242,230
376,237
374,238
373,237
373,236
373,235
373,233
373,235
380,235
376,232
374,234
381,232
384,228
411,226
414,225
415,228
416,228
416,226
416,226
416,225
416,225
424,225
435,224
441,226
444,225
509,217
525,210
373,193
373,164
373,203
362,151
367,177
370,171
379,103
572,213
587,220
572,227
572,229
572,229
572,229
556,226
556,224
556,216
297,210
317,210
307,210
295,210
303,184
525,217
59393,253
59905,253
59649,253
60161,253
59905,253
60161,253
59137,245
60161,241
59905,239
60161,238
60161,170
35845,105
509,217
509,221
501,230
497,235
495,232
494,233
494,234
494,232
494,232
494,233
494,234
494,234
509,225
509,224
525,223
509,224
525,222
525,219
556,217
106,214
76,211
556,215
541,227
556,225
437,232
434,232
433,235
425,234
428,236
430,234
431,224
665,231
681,222
525,220
501,218
727,214
696,223
525,219
509,220
509,212
121,203
113,213
665,217
91,217
83,218
634,219
634,220
634,221
209,216
206,216
148,216
195,216
219,216
231,217
572,216
556,223
572,228
556,230
556,231
556,232
11310,2
11501,2
11499,2
3563,2
64996,1
10719,1
8936,1
6382,1
5101,1
4337,1
4078,1
5615,1
280,238
288,239
299,221
556,228
556,235
556,237
417,223
409,229
398,227
393,230
397,233
407,225
480,223
479,225
478,225
478,225
478,227
469,228
465,231
471,230
474,229
388,224
380,227
398,226
461,212
461,214
461,212
572,103
556,212
572,214
587,213
587,213
556,221
572,222
572,215
556,158
501,211
509,211
501,212
497,212
495,215
494,210
525,210
572,215
572,222
572,213
6120,96
6354,214
6105,215
6042,215
5996,214
5403,210
5434,193
5076,142
5372,203
5232,210
5403,215
5185,211
5138,219
5185,216
6183,197
6229,93
6868,177
6837,200
6775,190
4764,220
4749,219
4717,220
4686,220
4655,220
4624,218
4608,218
27083,251
11348,23
9742,95
2520,212
2411,210
2395,215
2395,214
2224,193
2224,216
2598,224
2520,223
2457,225
2239,225
712,227
712,234
712,232
712,235
712,232
712,235
727,233
743,228
759,222
759,225
790,218
1491,227
1476,219
1304,222
1304,227
1429,231
1413,231
1398,229
1382,233
1382,227
1039,223
1351,232
1335,233
1226,233
1211,231
1211,235
1211,235
1195,232
1195,236
1195,234
1226,219
373,222
373,234
373,234
373,238
387,224
387,228
394,227
398,228
400,228
401,228
401,227
401,226
401,226
401,225
401,228
409,227
453,221
457,222
459,221
468,222
473,220
475,219
484,219
509,210
297,96
509,216
509,215
373,210
650,237
618,235
587,229
587,228
603,220
618,210
324,210
324,211
587,217
587,222
571,230
571,230
509,232
509,234
509,234
509,235
509,235
509,233
501,236
497,233
495,234
494,236
493,233
493,234
497,230
495,232
486,233
490,234
492,233
493,234
493,233
493,233
493,231
493,235
493,233
493,233
525,223
525,220
525,219
525,221
540,220
106,213
76,210
540,221
540,228
556,224
46,218
572,223
433,234
432,233
432,234
424,232
634,221
665,229
696,217
509,221
493,218
727,215
151,221
151,221
525,222
76,210
83,211
665,217
665,215
106,217
650,216
650,221
618,219
634,221
618,221
618,222
161,215
118,215
112,214
116,217
540,220
572,224
556,228
556,231
556,230
556,233
556,234
556,231
556,236
525,225
525,221
284,238
284,239
277,238
273,241
271,237
277,238
280,239
288,238
292,232
395,226
509,211
493,211
493,213
493,216
493,214
485,217
481,218
479,221
478,221
478,223
478,220
446,227
439,229
443,226
460,228
469,226
473,218
475,211
805,155
618,211
461,158
461,213
461,214
556,214
540,215
556,212
525,180
525,210
525,211
525,211
525,210
509,211
509,211
509,210
509,210
1522,223
1538,228
1569,215
46,58
5793,145
31,93
6089,100
6198,96
6370,217
6183,214
6105,214
6042,216
3605,131
47956,18
28869,20
39127,28
35181,28
3220,28
60859,27
7083,21
60632,20
56797,20
18132,24
14011,24
6899,177
6806,155
6790,200
4764,218
4749,219
4717,221
4686,219
4655,219
4624,219
4608,220
4577,219
4562,218
31425,9
25268,95
27183,238
11348,21
46350,95
2395,215
2380,214
2380,200
2224,216
2598,224
2535,223
2457,226
712,231
712,233
712,235
712,234
727,232
727,231
743,230
759,223
759,223
790,221
1756,224
1741,223
1304,221
1304,225
1413,230
1413,230
1398,230
1382,232
1382,227
1055,224
1351,232
1335,233
1335,234
1320,234
1211,235
1211,237
1195,234
1195,236
1195,234
1226,219
388,221
380,234
376,235
374,240
373,237
373,237
396,227
399,226
400,227
401,227
401,228
401,224
401,226
409,227
413,225
415,226
416,225
416,224
467,221
472,222
475,222
476,221
477,216
509,100
501,211
509,218
509,215
373,168
373,184
373,206
587,229
587,225
618,213
337,206
330,211
320,212
587,219
587,226
571,228
571,227
556,228
556,225
509,235
509,238
509,232
509,234
509,235
501,232
497,232
495,233
494,236
493,232
493,234
493,235
489,233
491,232
492,231
492,233
492,234
492,235
492,231
492,233
492,231
492,232
492,232
492,232
525,220
525,218
525,217
91,211
76,211
540,222
540,228
556,222
46,219
556,222
571,222
587,220
432,232
432,233
649,226
681,228
696,214
509,221
493,214
151,219
151,221
143,220
139,219
137,228
53,210
649,217
665,215
91,215
665,219
634,221
634,219
618,222
618,222
618,223
618,219
618,218
145,215
556,216
556,224
556,227
556,227
556,230
556,232
540,235
540,231
556,232
525,229
509,229
297,219
290,238
286,238
278,238
274,238
272,238
277,239
273,238
278,241
287,230
525,223
556,235
493,213
493,214
493,214
485,217
481,218
479,220
478,219
478,221
478,225
478,224
478,223
478,227
438,227
458,229
468,226
473,217
483,210
727,187
634,211
478,210
469,214
465,214
463,151
634,100
525,211
525,210
525,210
525,210
525,211
509,210
509,210
509,210
509,211
501,211
497,211
495,212
1585,168
31,67
5808,148
5980,109
6183,116
6401,177
6354,216
6167,216
6089,215
6011,215
5964,212
5403,212
3605,77
43093,28
27291,28
64715,27
64723,27
3198,21
60637,20
29916,24
18068,24
10184,24
11986,0
54339,26
6775,145
4764,221
4733,220
4702,218
4686,219
4655,218
4624,219
4608,220
4577,219
4562,220
31,58
61,71
2224,219
2629,218
2567,225
2504,225
2442,226
2364,227
2317,225
2255,226
727,218
727,229
712,232
712,234
1647,225
1631,226
1600,227
1585,227
1569,226
1538,228
1522,229
1491,229
1491,228
1320,219
1304,229
1398,219
1273,231
1289,220
977,224
977,221
1257,229
1242,230
961,220
1226,228
1226,233
1211,234
1211,235
1211,235
373,236
373,233
373,231
380,232
384,231
386,225
394,171
391,219
389,226
388,229
395,226
391,232
428,226
430,227
431,224
439,223
443,224
445,225
446,223
453,224
457,222
459,222
468,222
473,221
372,148
372,148
556,210
603,217
572,227
572,230
603,228
650,236
634,234
587,229
587,228
603,227
603,184
284,168
297,180
297,142
540,216
525,227
525,231
509,233
509,231
509,236
509,234
509,235
494,232
486,236
490,235
492,234
493,233
493,220
525,216
509,224
501,232
497,235
495,234
486,235
493,233
493,232
509,232
509,233
509,226
509,225
509,224
525,225
525,222
525,222
540,223
540,220
587,225
603,219
447,220
439,222
443,228
437,232
434,235
433,233
432,235
432,234
432,233
432,229
136,227
121,224
128,224
132,221
126,216
681,226
525,217
525,219
509,214
76,210
61,212
634,219
239,217
234,219
239,220
227,217
221,216
232,216
154,215
257,216
257,216
91,216
160,217
572,217
525,227
525,231
525,232
540,238
556,237
556,238
556,235
556,234
540,228
461,223
284,229
284,239
388,232
380,229
376,233
382,231
399,227
572,222
388,225
388,230
402,215
494,214
494,214
494,212
469,230
473,231
417,223
351,230
369,223
432,225
446,226
462,228
447,228
439,226
450,225
464,229
587,213
556,215
556,220
572,220
572,193
556,168
556,210
556,214
540,217
556,213
525,206
525,210
540,200
572,219
572,213
556,210
6338,211
1553,214
1553,222
1522,222
1522,225
1553,225
106,77
76,87
5232,210
5419,193
5419,217
5169,215
5107,218
5185,215
5076,210
4780,212
5216,216
5263,193
7305,132
7258,168
4733,220
4686,219
4671,218
4640,219
4608,219
4593,217
4562,220
4546,218
16,67
3611,84
3517,61
31,61
2551,226
2473,223
2411,226
2364,225
2302,226
2239,225
727,223
712,229
696,232
712,234
712,233
712,234
1600,226
1585,226
1554,227
1538,227
1522,227
1491,227
1491,222
1304,217
1304,226
1429,227
1413,230
1413,228
977,221
961,221
1242,229
1258,225
1242,218
1226,232
1226,234
1211,236
1211,235
1195,234
1195,234
1195,236
381,234
384,231
386,228
387,218
387,177
387,221
387,227
387,229
395,228
391,228
397,228
400,226
430,226
438,225
442,225
444,226
445,223
446,223
453,222
457,221
467,221
472,220
475,220
484,220
556,210
587,220
572,225
572,230
618,228
650,233
618,232
587,229
587,230
603,224
618,213
324,203
290,197
556,171
525,214
525,225
525,230
509,232
509,233
509,235
501,233
509,231
509,234
493,234
483,235
488,232
491,231
509,221
509,217
501,226
489,233
491,235
492,232
493,234
493,231
493,232
509,232
509,232
509,227
509,221
509,225
525,225
525,220
525,223
541,222
541,221
556,213
76,211
447,217
439,223
435,229
433,234
432,233
432,235
432,234
432,237
432,235
432,234
650,228
681,227
122,225
129,221
132,217
681,225
106,215
509,221
509,215
76,213
76,212
650,217
76,215
106,214
236,219
239,220
241,219
215,217
215,218
229,216
236,217
226,216
234,219
205,216
556,222
556,225
525,230
541,238
541,238
556,239
556,235
556,236
556,234
478,222
297,226
290,238
280,239
268,238
391,230
389,234
403,228
556,223
388,225
388,229
402,216
494,212
494,212
494,214
486,215
482,218
455,222
351,229
369,223
393,227
461,229
454,228
443,227
445,226
453,226
465,226
471,219
482,213
556,221
572,216
556,171
541,177
541,211
556,214
556,215
556,212
541,177
525,211
525,210
509,210
556,211
587,103
6339,214
1554,218
1538,222
1522,223
1538,228
1569,217
46,96
5824,142
5980,96
6058,93
5435,211
5123,219
5123,216
4983,214
5123,151
4780,211
5232,218
7352,148
7336,171
7180,132
7165,210
5435,215
4655,220
4640,219
4609,219
4593,219
4577,220
4546,213
31,64
3549,64
3502,48
3440,71
61,48
76,42
2395,225
2349,226
2286,227
2239,224
728,226
712,230
712,231
712,233
712,230
727,233
727,231
727,230
1553,228
1538,228
1507,229
1491,227
1491,220
1304,219
1304,232
1429,231
1413,231
1398,228
1382,232
1382,232
1242,233
1257,222
1242,222
1226,233
1211,232
1211,233
1211,234
1195,235
1195,235
1195,239
1211,221
388,218
387,227
387,217
394,151
391,223
389,227
388,224
388,228
388,227
395,226
398,227
400,225
401,226
439,224
443,225
445,224
446,223
453,223
457,223
467,223
472,221
475,221
484,218
489,214
525,103
572,226
572,231
634,229
665,232
618,235
587,230
587,226
603,222
618,211
337,211
330,210
587,213
556,214
525,224
525,232
525,232
525,230
509,231
509,230
509,234
501,232
497,235
509,235
501,234
493,233
509,219
509,217
501,229
497,234
495,235
494,233
494,232
494,233
494,232
494,233
494,236
509,226
509,226
509,225
525,225
525,221
525,223
540,221
540,221
121,213
91,211
556,215
540,228
447,230
439,234
435,233
433,234
432,233
432,234
432,235
432,226
665,231
681,223
525,218
501,220
712,215
696,224
509,219
525,220
509,213
76,211
83,212
665,220
136,217
128,217
650,219
634,221
257,218
243,217
256,215
76,215
83,217
87,215
158,217
572,217
572,223
556,228
556,229
556,233
556,238
556,234
556,235
556,236
525,226
509,223
284,235
284,241
277,236
273,240
271,240
277,238
38453,1
11487,2
34015,1
34018,1
49121,1
54996,1
58070,1
59605,1
58325,1
59607,1
58332,1
57565,1
479,223
478,223
478,224
478,224
478,226
478,226
478,228
478,228
478,231
469,229
351,226
351,228
461,164
461,213
454,214
457,200
91,109
556,212
572,213
587,214
587,213
556,220
572,220
572,212
509,211
509,211
509,212
501,213
497,213
495,214
509,177
525,197
556,215
572,221
572,213
6214,100
6167,215
6120,215
6027,215
5980,214
5434,200
5403,145
5076,142
5372,211
5356,210
5419,217
5185,210
5123,218
6229,210
6198,193
6167,96
6868,168
6822,168
6775,206
4764,218
4733,219
4717,218
4686,219
4655,219
4624,219
2800,113
2520,206
2442,171
2395,215
2395,213
2380,200
2224,215
2598,225
2520,225
2473,225
2395,225
2333,225
790,220
1772,222
1741,226
1709,226
1694,226
1663,226
1631,227
1616,230
1600,228
1569,229
1553,227
1538,228
1335,233
1335,235
1320,234
1304,228
1304,233
1289,235
1289,229
977,220
977,221
1273,220
1242,234
1242,223
374,236
373,239
373,235
373,237
373,232
373,234
373,235
373,232
380,231
384,231
378,225
383,217
413,226
415,226
416,224
416,226
416,225
424,225
428,228
430,226
431,225
431,226
439,226
443,224
373,193
373,148
362,187
367,158
370,210
360,158
381,151
377,145
572,210
587,219
572,228
572,231
572,228
556,229
556,227
556,227
572,216
297,211
540,203
284,184
290,206
293,206
540,215
525,226
493,237
493,234
493,236
493,234
493,234
493,234
493,234
485,232
489,233
491,234
492,231
509,218
493,232
493,236
493,232
493,231
493,232
493,236
493,231
493,232
493,234
525,230
509,224
525,225
76,219
571,219
571,222
587,224
587,225
587,224
587,225
587,219
446,220
439,222
442,230
437,232
163,219
157,218
146,227
141,233
138,235
129,232
125,227
123,226
114,221
125,218
696,222
696,222
618,224
618,217
618,218
618,219
603,216
603,215
243,215
250,215
253,217
243,216
174,214
603,215
556,234
525,229
509,226
509,232
509,230
509,229
525,229
525,229
540,235
556,236
556,239
556,238
292,233
525,221
556,233
556,238
556,235
402,228
402,231
395,224
391,230
396,230
406,220
411,222
478,224
478,225
478,226
478,226
478,229
469,229
465,230
455,226
351,226
362,227
382,227
432,227
457,216
467,197
480,119
556,213
571,213
758,214
571,213
556,221
556,219
587,212
556,177
556,168
509,212
501,211
497,213
495,215
509,187
540,187
556,216
571,219
571,214
6120,93
6369,213
1553,220
6042,216
5995,213
5419,211
5060,145
5076,126
5372,210
5232,210
5403,215
5185,210
5123,218
5123,216
4982,213
28836,20
47063,28
31150,28
64712,27
64696,27
3026,21
60633,20
60636,20
21970,24
9921,24
43218,87
27677,24
4561,218
4561,210
106,48
106,74
113,71
3470,64
61,45
3096,80
3050,129
2847,74
2738,109
2504,206
727,229
712,230
712,235
712,233
712,230
712,234
727,234
743,229
758,222
774,225
805,220
1772,222
1320,217
1304,221
1304,229
1429,232
1413,232
1397,229
1382,232
1382,227
1055,226
1351,230
1335,234
1335,236
1210,233
1210,233
1210,234
1195,235
1195,235
1195,236
1226,219
373,222
373,233
373,235
373,238
373,235
390,226
389,227
388,230
388,227
395,229
398,226
400,227
401,226
401,224
409,228
413,225
415,227
457,221
459,222
468,222
473,222
483,220
488,218
490,187
283,132
509,218
509,215
373,210
373,168
634,233
587,229
587,229
618,218
618,210
324,211
603,211
587,217
587,225
571,226
571,226
556,229
509,232
509,234
509,235
509,234
509,231
509,231
501,235
497,235
495,233
494,232
493,233
493,235
493,233
493,232
493,235
493,233
493,234
493,231
485,231
489,229
491,231
492,231
492,233
492,232
525,226
525,220
540,219
540,219
76,213
61,212
540,216
540,228
556,223
91,219
68,220
571,220
424,235
428,233
430,233
431,219
665,230
696,215
509,221
493,217
727,217
151,219
143,221
139,217
76,210
106,211
665,215
649,216
106,217
649,218
649,222
618,221
634,218
618,221
618,220
618,219
106,217
106,215
571,214
571,223
571,226
571,230
556,230
556,229
556,232
556,234
556,231
525,229
478,225
283,218
283,238
283,239
276,237
273,240
271,238
277,237
280,240
281,239
289,233
509,223
493,212
493,213
493,214
493,215
493,217
485,218
481,219
479,223
478,223
478,225
478,224
478,223
433,227
439,229
458,225
468,227
473,215
483,174
712,164
618,210
493,190
477,215
469,214
465,161
556,215
540,212
509,200
540,210
525,210
525,210
509,212
509,210
525,211
509,210
501,211
509,211
1538,229
1569,168
46,54
5855,132
6011,109
6120,122
6385,187
6354,214
6182,217
6089,216
6027,215
5980,213
3609,236
36692,20
39124,28
27025,28
64670,27
56769,27
2980,21
60636,20
26077,24
21908,24
9915,24
23506,0
6837,197
6790,155
4764,220
4733,220
4702,219
4686,219
4655,221
4624,219
4608,219
4577,218
4561,218
4561,71
2395,212
2224,217
2644,215
2582,224
2504,225
2442,225
2379,225
2317,226
2270,226
2239,219
712,228
712,231
1678,227
1662,226
1631,226
1616,228
1585,228
1569,229
1538,227
1522,226
1507,228
1491,230
1335,218
1304,226
1288,234
1288,234
1288,220
977,223
977,221
1242,226
1242,232
1257,220
1226,224
1226,233
1211,234
1211,235
373,236
373,236
373,235
373,232
380,231
384,228
386,223
394,180
391,214
389,226
388,226
388,227
420,226
418,224
425,225
428,226
437,226
442,223
444,223
445,224
453,222
457,223
459,223
468,221
373,180
362,164
356,151
556,174
603,214
587,223
572,231
587,228
650,231
634,236
618,232
587,229
310,212
572,190
297,190
297,210
297,177
556,211
525,222
525,229
509,231
509,231
509,234
509,235
494,235
494,235
494,237
494,235
486,236
490,233
492,225
509,217
501,223
497,231
495,231
494,234
494,232
494,233
494,233
509,233
509,232
509,228
509,226
525,225
525,224
525,223
525,223
540,222
