Angle_deg,Distance_mm,Intensity
317.12,3381,223
317.91,3397,217
318.70,3459,223
319.49,3413,214
320.28,3584,193
321.07,3568,219
321.85,3537,227
322.64,3491,222
323.43,3413,226
324.22,3319,224
325.01,3226,226
325.80,3194,218
336.09,1901,229
336.90,1901,228
337.71,1916,229
338.52,1932,229
339.33,1948,230
340.14,1963,230
340.95,1979,230
341.76,1994,229
342.57,2025,231
343.38,2041,230
344.19,2057,230
345.00,2072,231
345.80,2103,231
346.54,2119,230
347.29,2135,228
348.03,2150,230
348.77,2119,227
349.52,1963,218
350.26,1932,229
351.01,1932,231
351.75,1932,231
352.49,1963,225
353.24,1807,228
353.98,1792,231
354.77,1776,231
355.56,1776,232
356.36,1776,230
357.15,1776,231
357.94,1807,231
358.74,1823,223
359.53,2041,233
0.33,2041,231
1.12,2057,233
1.91,2072,231
2.71,1963,222
3.50,1948,228
4.29,1948,229
5.07,1948,229
5.84,2119,220
6.62,1854,190
7.40,1823,168
8.18,1807,177
8.95,1807,174
9.73,1792,210
10.51,1745,206
11.29,1745,210
12.06,1714,210
12.84,1714,210
13.67,1667,206
14.46,1651,210
15.25,1636,190
16.04,1636,211
16.83,1605,210
17.62,1605,211
18.41,1605,211
19.20,1573,212
19.99,1558,210
20.78,1558,211
21.57,1558,212
22.36,1542,216
22.94,1573,221
23.73,1605,216
24.53,1683,216
25.32,1714,217
26.11,1433,215
26.90,1418,221
27.70,1402,230
28.49,1386,229
29.28,1402,226
30.07,1418,228
30.87,1776,232
31.66,1760,233
32.46,1792,219
33.26,2072,232
34.05,2057,230
34.85,2041,231
35.65,2041,232
36.44,2025,232
37.24,2010,232
38.03,1994,231
38.83,1979,228
39.63,1979,220
40.42,1106,229
41.22,1106,226
41.97,1184,234
42.76,1199,221
43.56,1916,217
44.35,1916,225
45.14,1916,221
45.94,1901,225
46.73,1901,230
47.53,1527,224
48.32,1527,224
49.11,1916,227
49.91,1854,228
50.70,1854,225
51.53,2197,232
52.32,2197,233
53.10,2197,221
53.89,2275,214
54.68,2275,212
55.46,2244,215
56.25,2244,214
57.03,2212,216
57.82,2244,214
58.61,2228,215
59.39,2181,216
60.18,2181,216
60.98,2166,217
61.76,2166,217
62.54,1464,216
63.32,1012,218
64.10,1012,230
64.88,1028,219
65.66,2103,231
66.44,2150,233
67.22,2135,230
68.00,2135,228
68.78,2135,226
69.56,2150,221
70.32,2166,213
71.11,2166,212
71.91,1527,218
72.70,1542,219
73.49,2181,211
74.28,1075,224
75.08,1075,226
75.87,2212,210
76.66,2181,211
77.45,2212,211
78.25,3101,211
79.04,3148,214
79.84,3148,211
80.63,2212,210
81.42,2244,210
82.21,2244,210
83.00,2244,217
83.79,2244,225
84.58,2259,228
85.37,2244,228
86.16,1651,224
86.95,1932,216
87.74,2275,222
88.53,2290,229
89.32,2306,225
90.10,2322,226
90.88,2337,224
91.66,2368,225
92.44,2384,225
93.22,2400,224
94.00,2415,225
94.78,1246,226
95.56,1246,223
96.34,2462,217
97.12,1340,222
97.90,1324,226
98.66,2540,217
99.45,2555,225
100.25,2571,226
101.04,2602,226
101.83,2618,230
102.62,2555,223
103.42,2493,222
104.21,2446,223
105.00,2400,224
105.79,2384,225
106.59,2431,225
107.38,2462,224
108.21,2477,226
109.04,2509,226
109.87,2540,227
110.70,2571,227
111.53,2602,225
112.36,2633,226
113.19,2664,223
114.02,2711,223
114.85,2742,222
115.68,2057,211
116.51,2025,214
117.34,2025,214
118.13,2010,215
118.92,2025,212
119.72,2010,214
120.51,2010,217
121.30,1994,216
122.10,1994,215
122.89,1994,216
123.69,1994,217
124.48,1994,215
125.27,1979,217
126.07,1994,217
126.86,1979,216
127.61,1979,215
128.41,1994,216
129.20,1994,216
130.00,1994,216
130.80,1994,218
131.59,1994,216
132.39,1994,217
133.18,1994,217
133.98,2010,216
134.78,2010,216
135.57,2010,216
136.37,2010,216
137.17,2026,217
137.98,2026,216
138.80,2026,216
139.61,2041,215
140.42,2041,215
141.23,2041,214
142.05,2057,214
142.86,2057,214
143.67,2072,213
144.48,2072,212
145.30,2088,211
146.11,2088,206
146.90,2104,211
147.69,2119,184
148.49,2135,210
149.28,2135,210
150.07,2150,212
150.87,2166,211
151.66,2181,211
152.46,2213,211
153.25,2213,187
154.04,2244,168
154.84,2244,174
155.63,2135,119
156.42,2072,93
157.23,2041,71
158.04,1979,103
158.85,1963,103
159.66,1885,113
160.47,1870,100
161.28,1807,106
162.09,1761,155
162.90,1745,184
163.71,1698,215
164.52,1714,212
165.33,1729,210
166.12,1745,210
166.89,1776,171
167.67,1823,174
168.44,1807,155
169.21,1823,145
169.99,1870,151
170.76,1885,161
171.54,1916,135
172.31,1932,129
173.08,1963,177
173.86,1994,206
174.63,2026,113
175.46,2057,187
176.25,2072,158
177.04,2119,145
177.83,2213,218
178.62,2228,224
179.41,2291,222
180.20,1885,214
180.99,1854,232
181.78,1870,229
182.57,4363,219
183.36,4441,211
184.15,35,126
184.94,3865,103
185.76,3849,126
186.58,3880,116
187.40,3678,168
188.22,3865,190
189.04,3849,210
189.86,4847,187
190.68,4831,213
191.50,4815,221
192.32,2478,220
193.14,2478,221
193.96,2478,224
194.72,2478,224
195.52,2462,222
196.33,2462,221
197.13,2462,227
197.93,2446,224
198.73,2431,224
199.54,2431,222
200.34,2431,225
201.14,2415,221
201.94,2384,217
202.75,2322,219
203.55,2306,222
204.38,2353,217
205.17,2509,214
205.96,2540,220
206.75,2836,225
207.54,1994,215
208.33,1994,220
209.12,1979,220
209.91,1994,221
210.70,1994,220
211.49,1994,221
212.28,1994,219
213.07,2010,220
213.86,2010,221
214.65,2010,221
215.45,2026,221
216.24,2026,221
217.03,2041,223
217.83,2041,220
218.62,2057,222
219.42,2057,221
220.21,2072,221
221.00,2072,221
221.80,2088,223
222.59,2088,221
223.34,2104,223
224.13,2119,225
224.93,2135,225
225.72,3927,217
226.51,3943,216
227.31,5236,214
228.10,5267,220
228.90,5314,223
229.69,5345,221
230.48,5377,218
231.28,5080,164
232.07,3678,214
232.86,3787,214
233.65,3880,214
234.45,4005,212
235.24,4161,212
236.03,4317,214
236.83,4379,217
237.62,4410,219
238.42,4473,220
239.21,4504,219
240.00,4551,221
240.80,4597,219
241.59,4660,220
242.38,2353,224
243.16,2306,229
243.93,2259,226
244.71,2244,228
245.49,2228,235
246.27,2181,226
247.04,2166,230
247.82,2197,232
248.60,2213,232
249.38,2228,231
250.15,2649,224
250.93,1994,221
251.72,1963,226
252.51,1963,224
253.31,1948,222
254.10,1916,222
254.89,1885,223
255.69,1854,218
256.48,1839,221
257.28,1870,219
258.07,1901,220
258.86,1854,218
259.66,1807,221
260.45,1792,219
261.28,1776,219
262.05,1792,218
262.82,2400,212
263.59,1745,214
264.36,1729,215
265.13,1714,218
265.90,1714,218
266.67,1714,217
267.44,1714,215
268.21,1605,193
268.98,1620,210
269.75,1667,210
270.54,1714,213
271.36,1683,210
272.18,1652,168
273.00,1652,138
273.82,1667,210
274.64,1683,210
275.46,1745,213
276.28,1745,217
277.10,1745,213
277.92,1776,217
278.74,1807,213
279.56,1870,218
280.35,1854,224
281.14,1839,228
281.94,1823,220
282.73,1823,221
283.52,1807,221
284.32,1792,218
285.11,1776,218
285.91,1776,217
286.70,1761,214
287.49,1792,216
288.29,1839,211
289.08,1870,215
289.91,2259,218
290.73,2244,224
291.54,2244,220
292.36,2244,224
293.18,2259,224
293.99,2275,223
294.81,2306,217
295.62,2446,211
296.44,3023,215
297.26,3008,216
298.07,3023,222
298.89,3023,225
299.68,3039,226
300.45,3039,225
301.23,3054,226
302.00,3054,224
302.77,3054,225
303.55,3070,228
304.32,3070,227
305.10,3070,228
305.87,3101,227
306.64,3085,221
307.42,3117,213
308.19,3101,214
308.98,3132,212
309.78,3132,211
310.57,3148,210
311.37,3163,210
312.17,3179,203
312.96,3210,197
313.76,3210,211
314.55,3226,200
315.35,3288,217
316.15,3319,217
316.94,3382,221
317.74,3397,216
318.50,3475,222
319.29,3413,215
320.09,3569,212
320.88,3537,219
321.67,3537,227
322.47,3491,222
323.26,3382,226
324.06,3304,226
324.85,3210,226
325.64,1761,221
326.44,1776,231
327.23,1776,233
328.06,1792,232
328.94,1792,233
329.82,1807,232
330.71,1823,232
331.59,1823,231
332.47,1839,230
333.35,1854,229
334.23,1854,231
335.11,1870,228
336.00,1885,229
336.88,1901,230
337.76,1916,230
338.55,1916,228
339.35,1932,228
340.15,1963,228
340.94,1979,229
341.74,1994,228
342.54,2010,230
343.34,2026,230
344.14,2041,231
344.94,2057,231
345.73,2072,231
346.53,2104,230
347.33,2119,230
348.08,2150,227
348.77,2135,231
349.47,2135,227
350.16,1948,222
350.86,1932,230
351.55,1932,233
352.25,1948,233
352.94,1963,220
353.64,1807,227
354.33,1792,231
355.03,1776,231
355.72,1776,230
356.55,1776,230
357.34,1792,231
358.13,1807,229
358.92,1854,219
359.71,2041,232
0.50,2041,230
1.30,2057,230
2.09,2072,231
2.88,1963,227
3.67,1963,227
4.46,1948,230
5.25,1948,227
6.04,2150,221
6.82,1854,193
7.59,1839,180
8.37,1792,155
9.15,1792,171
9.92,1761,200
10.70,1745,193
11.47,1729,206
12.25,1714,210
13.03,1683,211
13.80,1667,210
14.58,1667,210
15.34,1652,210
16.16,1636,210
16.98,1605,212
17.79,1605,211
18.61,1589,211
19.43,1574,211
20.25,1574,212
21.07,1574,211
21.89,1527,215
22.70,1542,211
23.52,1589,224
24.34,1620,217
25.18,1683,218
25.97,1745,214
26.76,1464,220
27.55,1387,226
28.34,1402,226
29.13,1402,228
29.93,1418,228
30.72,1433,217
31.51,1761,235
32.30,1776,231
33.09,2072,226
33.88,2072,232
34.67,2057,231
35.43,2041,229
36.20,2026,232
36.96,2010,231
37.72,2010,231
38.48,1994,231
39.25,1979,230
40.01,1106,229
40.77,1106,228
41.53,1137,225
42.30,1184,228
43.06,1215,217
43.86,1916,222
44.64,1916,225
45.41,1885,219
46.19,1901,226
46.97,1916,227
47.74,1527,229
48.52,1916,219
49.29,1916,228
50.07,1854,227
50.85,1870,216
51.62,2197,235
52.40,2197,230
53.19,2213,216
53.98,2228,216
54.77,1916,212
55.56,2244,214
56.35,2228,216
57.14,2197,214
57.94,2228,214
58.73,2181,215
59.52,2181,218
60.31,2181,219
61.10,2181,218
61.89,2181,218
62.69,1480,225
63.47,1013,226
64.25,1013,232
65.03,2135,227
65.81,2150,234
66.59,2150,230
67.36,2119,226
68.14,2135,228
68.92,2135,227
69.70,2166,217
70.48,2181,213
71.26,2181,212
72.05,1527,223
72.85,1542,212
73.65,1075,210
74.44,1075,227
75.24,1075,218
76.04,2166,212
76.84,2197,212
77.64,3132,211
78.44,3132,211
79.23,2213,212
80.03,2213,211
80.83,2228,211
81.59,2244,213
82.41,2244,211
83.22,2244,222
84.04,2259,224
84.85,2244,232
85.67,2244,219
86.48,1652,226
87.30,1963,220
88.11,2291,224
88.93,2306,224
89.74,2322,227
90.56,2337,226
91.39,2337,223
92.18,2368,224
92.96,2384,225
93.75,2400,224
94.53,2415,217
95.32,1246,225
96.10,2462,216
96.89,1355,221
97.67,1324,225
98.46,1340,226
99.24,2540,223
100.03,2571,224
100.83,2587,225
101.62,2618,231
102.42,2587,226
103.21,2540,222
104.00,2478,223
104.80,2431,221
105.59,2400,223
106.39,2400,224
107.18,2446,225
107.97,2462,226
108.77,2493,224
109.56,2524,226
110.36,2540,225
111.14,2587,225
111.91,2618,225
112.69,2649,224
113.46,2680,223
114.24,2727,224
115.01,2758,221
115.79,2041,210
116.56,2041,212
117.34,2026,214
118.11,2026,214
118.89,2026,212
119.73,2010,216
120.54,2010,215
121.35,1994,215
122.17,1994,216
122.98,1994,216
123.79,1994,217
124.60,1994,214
125.41,1994,215
126.22,1994,216
127.04,1994,216
127.85,1994,216
128.66,1979,218
129.45,1994,217
130.24,1994,217
131.04,1994,216
131.83,1994,216
132.63,1994,217
133.42,2010,216
134.22,2010,216
135.01,2010,215
135.81,2010,214
136.60,2026,214
137.40,2026,217
138.19,2026,217
138.99,2026,215
139.80,2041,215
140.61,2041,214
141.41,2057,214
142.22,2057,215
143.03,2072,212
143.84,2072,212
144.65,2088,211
145.46,2088,210
146.26,2104,211
147.07,2104,210
147.88,2135,210
148.68,2135,210
149.48,2150,212
150.28,2166,211
151.08,2166,210
151.88,2181,211
152.68,2213,210
153.47,2213,180
154.27,2259,161
155.07,2228,90
155.87,2181,67
156.67,2057,96
157.47,2026,100
158.26,1963,87
159.05,50,103
159.85,1885,126
160.64,1854,132
161.44,1823,119
162.23,1729,148
163.03,1714,168
163.82,1698,214
164.62,1714,211
165.41,1745,210
166.21,1761,190
167.00,1776,210
167.79,1792,161
168.60,1823,210
169.41,1839,210
170.22,1885,168
171.03,1885,164
171.84,1916,142
172.64,1932,116
173.45,1979,155
174.26,1994,171
175.07,2072,132
175.88,2057,193
176.69,2088,148
177.45,2150,155
178.24,2213,223
179.04,2244,226
179.83,2306,217
180.63,1885,223
181.42,1870,233
182.22,1885,224
183.01,4363,218
183.81,4426,142
184.60,65,106
185.40,3834,119
186.19,3834,155
187.02,3849,113
187.82,3740,171
188.62,3865,211
189.42,3865,210
190.22,4847,211
191.02,4815,216
191.81,4815,220
192.61,2478,222
193.41,2478,221
194.21,2478,225
195.01,2462,224
195.81,2493,221
196.60,2462,220
197.41,2462,226
198.21,2446,225
199.02,2446,225
199.82,2431,221
200.63,2431,223
201.43,2415,221
202.24,2368,218
203.04,2322,221
203.85,2322,220
204.65,2337,216
205.46,2353,214
206.22,2556,220
207.01,2836,225
207.81,1994,217
208.60,1994,222
209.40,1994,221
210.19,1994,222
210.99,1994,221
211.78,1994,221
212.58,2010,219
213.37,2010,220
214.17,2010,220
214.96,2010,220
215.79,2026,221
216.56,2026,221
217.34,2041,221
218.11,2041,221
218.88,2057,221
219.65,2057,222
220.43,2072,223
221.20,2072,223
221.97,2088,222
222.74,2104,222
223.52,2104,224
224.29,2135,227
225.09,2135,226
225.90,3943,219
226.71,3943,216
227.51,5252,217
228.32,5283,221
229.13,5314,220
229.94,5345,220
230.75,5392,217
231.56,5065,174
232.36,3693,213
233.17,3787,214
233.98,3912,213
234.74,4052,212
235.53,4145,211
236.33,4317,214
237.12,4379,216
237.92,4426,221
238.71,4473,221
239.51,4519,221
240.30,4566,223
241.10,4597,220
241.89,4660,219
242.69,2337,227
243.48,2306,228
244.31,2244,226
245.05,2244,229
245.80,2228,234
246.54,2181,226
247.28,2181,231
248.03,2197,233
248.77,2213,231
249.52,2228,230
250.26,2665,225
251.00,1994,225
251.75,1979,226
252.49,1963,224
253.28,1932,223
254.07,1916,224
254.87,1885,222
255.66,1854,219
256.46,1854,221
257.25,1885,220
258.05,1916,219
258.84,1854,219
259.64,1807,223
260.43,1776,219
261.23,1776,219
262.02,1792,215
262.76,2384,211
263.56,1745,214
264.35,1729,218
265.15,1714,217
265.95,1714,217
266.75,1714,217
267.54,1714,214
268.34,1620,210
269.14,1636,211
269.94,1667,212
270.73,1729,213
271.53,1667,210
272.33,1652,158
273.17,1652,129
274.01,1667,210
274.85,1745,212
275.69,1745,213
276.53,1745,215
277.38,1745,214
278.22,1761,216
279.06,1885,215
279.90,1870,221
280.74,1854,225
281.58,1839,223
282.38,1823,224
283.17,1807,220
283.97,1807,221
284.76,1792,218
285.56,1792,218
286.35,1776,217
287.15,1776,213
287.94,1823,215
288.74,1854,211
289.53,1885,213
290.33,2244,219
291.12,2244,226
291.91,2244,219
292.69,2244,225
293.47,2259,225
294.25,2275,222
295.03,2368,212
295.81,3023,211
296.58,3023,214
297.36,2992,217
298.14,3023,222
298.92,3023,225
299.70,3039,227
300.48,3039,227
301.28,3039,226
302.08,3054,226
302.88,3054,226
303.68,3070,226
304.48,3070,227
305.28,3070,229
306.07,3101,227
306.87,3101,219
307.67,3085,216
308.47,3117,215
309.27,3117,211
310.07,3148,211
310.90,3179,211
311.69,3210,210
312.48,3210,211
313.27,3210,187
314.06,3241,210
314.85,3241,187
315.65,3288,221
316.44,3382,218
317.23,3382,219
318.02,3413,218
318.81,3475,218
319.60,3413,214
320.39,3584,216
321.19,3537,222
321.99,3553,224
322.78,3460,225
323.58,3366,226
324.38,3288,226
325.18,3210,226
325.98,1776,227
326.78,1776,232
327.57,1792,233
328.37,1792,233
329.17,1792,233
329.93,1807,234
330.77,1823,230
331.61,1823,231
332.45,1839,230
333.29,1854,232
334.13,1870,230
334.96,1885,228
335.80,1885,230
336.64,1901,229
337.48,1916,230
338.32,1932,229
339.16,1932,229
339.99,1948,229
340.78,1963,230
341.57,1994,229
342.36,2010,229
343.15,2026,231
343.94,2041,230
344.72,2057,230
345.51,2088,230
346.30,2104,230
347.09,2135,231
347.88,2150,228
348.67,2135,231
349.46,2119,229
350.20,1948,225
350.93,1932,233
351.67,1932,230
352.40,1948,232
353.14,1854,219
353.87,1807,227
354.61,1792,230
355.34,1792,230
356.08,1776,232
356.81,1776,232
357.55,1792,229
358.34,1807,229
359.13,1854,217
359.93,2041,232
0.72,2041,232
1.51,2057,233
2.30,2057,228
3.10,1963,227
3.89,1948,228
4.68,1948,229
5.47,1948,229
6.27,2150,220
7.06,1854,210
7.68,1839,193
8.47,1792,138
9.27,1776,151
10.06,1776,180
10.85,1745,193
11.64,1714,211
12.44,1698,210
13.23,1683,200
14.02,1683,210
14.81,1652,210
15.61,1636,211
16.40,1620,212
17.19,1605,211
17.98,1620,212
18.78,1574,210
19.57,1574,211
20.36,1605,210
21.16,1558,212
21.95,1527,216
22.75,1542,211
23.54,1589,228
24.33,1620,216
25.13,1714,216
25.92,1745,214
26.68,1449,223
27.48,1387,225
28.27,1402,225
29.07,1402,228
29.86,1418,227
30.66,1433,217
31.45,1761,234
32.25,1776,229
33.04,2088,226
33.84,2072,231
34.63,2057,230
35.43,2041,232
36.19,2026,234
36.95,2010,231
37.72,1994,231
38.48,1994,230
39.25,1979,230
40.01,1106,230
40.78,1106,231
41.54,1184,227
42.31,1184,230
43.07,1215,217
43.84,1916,224
44.60,1901,224
45.39,1901,218
46.20,1901,227
47.00,1916,222
47.81,1527,230
48.62,1916,222
49.43,1916,229
50.23,1854,226
51.04,2181,219
51.85,2197,237
52.66,2197,228
53.46,2213,214
54.27,2291,215
55.06,1916,214
55.85,2244,217
56.65,2213,216
57.44,2197,214
58.23,2213,214
59.02,2197,216
59.82,2166,217
60.61,2181,217
61.40,2197,217
62.19,2166,217
62.99,1480,224
63.78,997,229
64.57,1013,230
65.34,2119,229
66.12,2135,233
66.89,2150,228
67.67,2135,227
68.44,2135,227
69.22,2135,224
69.99,2166,216
70.77,2166,212
71.54,2166,212
72.32,1527,225
73.09,2181,210
73.88,1075,214
74.66,1075,229
75.43,1090,213
76.21,2181,211
76.99,2213,210
77.77,2213,210
78.54,3132,211
79.32,3148,211
80.10,2228,212
80.88,2244,211
81.65,2228,213
82.43,2259,211
83.22,2244,224
84.02,2259,226
84.81,2244,232
85.61,2259,217
86.41,1652,227
87.20,1963,218
88.00,2291,225
88.79,2306,224
89.59,2322,225
90.39,2337,226
91.18,2353,225
91.98,2368,225
92.73,2384,222
93.51,2400,225
94.29,1246,217
95.06,1246,226
95.84,2462,217
96.62,1355,221
97.40,1324,226
98.18,1340,229
98.96,2540,224
99.73,2556,223
100.51,2587,224
101.29,2618,229
102.11,2587,225
102.90,2524,222
103.69,2478,224
104.48,2431,224
105.27,2400,223
106.06,2415,225
106.84,2431,224
107.63,2462,225
108.42,2493,226
109.21,2524,226
110.00,2556,226
110.79,2587,226
111.59,2618,225
112.41,2649,225
113.24,2680,224
114.06,2727,223
114.88,2774,222
115.70,2041,210
116.53,2026,213
117.35,2026,216
118.17,2026,215
118.99,2026,211
119.82,2010,215
120.64,2010,215
121.40,1994,216
122.23,1994,216
123.06,1994,216
123.89,1994,215
124.72,1994,216
125.55,1994,215
126.38,1979,216
127.21,1979,216
128.04,1994,216
128.87,1994,215
129.70,1994,216
130.53,1994,217
131.36,1994,217
132.15,1994,216
132.94,1994,215
133.73,1994,217
134.52,2010,215
135.31,2010,215
136.09,2010,215
136.88,2010,215
137.67,2026,217
138.46,2026,217
139.25,2026,216
140.04,2026,215
140.83,2041,214
141.62,2057,213
142.42,2057,213
143.21,2057,214
144.00,2088,213
144.80,2088,212
145.59,2088,212
146.39,2104,211
147.18,2104,210
147.97,2119,184
148.77,2135,210
149.56,2135,211
150.32,2166,211
151.14,2166,211
151.97,2181,211
152.79,2213,210
153.61,2228,203
154.44,2228,187
155.26,2150,109
156.09,2104,106
156.91,2026,84
157.73,80,93
158.56,1932,80
159.38,1994,84
160.13,141,90
160.92,1823,109
161.72,1776,164
162.51,1745,132
163.30,1698,210
164.09,1698,215
164.89,1714,211
165.68,1745,210
166.47,1761,158
167.26,1776,174
168.06,1807,174
168.85,1823,193
169.64,1839,190
170.43,1870,197
171.22,1885,145
172.01,1916,142
172.80,1963,155
173.59,2010,138
174.39,2010,161
175.18,2072,145
175.97,2088,138
176.76,2103,148
177.55,2166,210
178.34,2212,225
179.13,2259,224
179.94,2306,211
180.74,1870,226
181.55,1870,235
182.36,1885,218
183.17,4426,215
183.97,80,119
184.78,3802,103
185.59,3833,106
186.40,3849,155
187.20,3802,168
188.01,3662,129
188.80,3849,210
189.59,3880,197
190.38,4815,215
191.17,4815,218
191.96,4815,217
192.75,2477,220
193.53,2462,221
194.32,2477,226
195.11,2462,224
195.90,2540,221
196.69,2446,223
197.48,2446,227
198.31,2446,224
199.14,2446,224
199.97,2431,224
200.80,2431,226
201.63,2431,216
202.46,2322,222
203.29,2306,223
204.12,2322,217
204.95,2337,218
205.78,2524,218
206.61,2571,214
207.44,2836,220
208.23,1994,218
209.03,1979,220
209.82,1994,221
210.62,1994,220
211.41,1994,220
212.21,1994,219
213.00,2010,220
213.80,2010,222
214.59,2010,221
215.39,2025,222
216.18,2025,221
216.98,2041,222
217.40,2041,221
218.18,2041,221
218.96,2057,224
219.75,2072,224
220.53,2072,222
221.31,2072,223
222.09,2088,223
222.87,2103,225
223.65,2103,225
224.44,2119,226
225.22,2150,224
226.00,3943,223
226.80,3958,216
227.60,5252,219
228.41,5298,219
229.21,5314,221
230.01,5376,221
230.82,5408,211
231.62,3678,211
232.43,3693,214
233.23,3818,214
234.03,3927,213
234.84,4067,212
235.64,4207,212
236.43,4332,216
237.23,4395,218
238.02,4426,221
238.82,4488,220
239.61,4519,221
240.41,4582,221
241.20,4628,222
242.00,4675,215
242.79,2337,228
243.59,2290,227
244.38,2244,226
245.18,2244,231
245.94,2212,231
246.69,2181,226
247.44,2166,230
248.18,2197,231
248.93,2212,230
249.68,2244,224
250.43,2664,222
251.18,1994,225
251.93,1963,225
252.67,1963,223
253.42,1932,224
254.17,1916,224
255.00,1885,219
255.82,1854,220
256.63,1870,220
257.45,1885,222
258.27,1916,220
259.08,1823,220
259.90,1807,221
260.71,1776,220
261.53,1792,217
262.35,1807,212
263.16,1745,210
263.98,1760,216
264.77,1729,219
265.57,1714,215
266.36,1714,218
267.16,1714,217
267.96,1636,212
268.75,1620,190
269.55,1620,210
270.34,1714,212
271.14,1745,214
271.94,1651,210
272.73,1651,151
273.53,1651,180
274.28,1667,200
275.10,1760,212
275.91,1745,213
276.73,1745,214
277.55,1760,215
278.37,1776,213
279.18,1885,214
280.00,1870,222
280.82,1854,226
281.64,1838,224
282.45,1823,223
283.27,1807,222
284.09,1807,219
284.88,1792,220
285.67,1776,219
286.45,1776,218
287.24,1792,213
288.03,1838,212
288.82,1854,212
289.61,1885,211
290.40,2244,224
291.18,2244,225
291.97,2228,221
292.76,2244,225
293.55,2259,225
294.35,2290,222
295.14,2431,212
295.94,3023,213
296.73,3007,214
297.53,3023,219
298.32,3023,224
299.12,3039,224
299.91,3039,226
300.71,3039,225
301.50,3054,225
302.30,3054,226
303.06,3070,226
303.87,3070,225
304.68,3070,227
305.49,3085,225
306.30,3101,222
307.11,3085,217
307.92,3101,216
308.73,3116,214
309.54,3132,211
310.35,3163,211
311.16,3163,180
311.97,3163,203
312.76,3194,210
313.55,3194,187
314.34,3226,210
315.13,3241,210
315.92,3288,222
316.71,3381,221
317.49,3381,217
318.28,3459,221
319.07,3413,213
319.86,3413,164
320.65,3568,221
321.44,3537,228
322.24,3553,226
323.03,3428,226
323.82,3335,226
324.62,3257,225
325.41,3194,223
326.20,1776,233
326.99,1776,230
327.78,1792,232
328.57,1792,231
329.37,1807,233
330.16,1807,233
330.95,1823,232
331.74,1838,231
332.58,1854,230
333.41,1854,229
334.25,1870,229
335.08,1885,229
335.92,1885,228
336.75,1901,230
337.59,1916,228
338.42,1932,228
339.26,1932,229
340.09,1963,230
340.93,1979,230
341.69,1994,229
342.48,2010,230
343.28,2041,229
344.07,2057,230
344.86,2072,229
345.65,2088,229
346.45,2119,231
347.24,2135,230
348.03,2150,231
348.82,2135,228
349.62,2135,221
350.41,1948,229
351.24,1932,231
351.96,1932,233
352.68,1948,229
353.39,1823,227
354.11,1807,230
354.83,1776,230
355.55,1776,229
356.27,1776,231
356.99,1792,231
357.70,1792,229
358.42,1823,229
359.14,2041,225
359.93,2041,233
0.72,2057,231
1.51,2057,230
2.30,2057,220
3.09,1948,227
3.88,1948,230
4.67,1948,230
5.46,1963,220
6.25,2166,214
7.04,1838,210
7.83,1807,193
8.62,1807,197
9.41,1776,210
10.20,1760,184
11.00,1745,171
11.79,1745,190
12.58,1745,206
13.38,1698,184
14.17,1651,210
14.97,1667,210
15.76,1636,211
16.55,1620,210
17.35,1605,210
18.14,1605,211
18.97,1589,211
19.76,1573,213
20.54,1573,212
21.33,1542,212
22.12,1527,218
22.90,1589,215
23.69,1589,223
24.47,1651,216
25.26,1714,216
26.05,1464,212
26.83,1418,222
27.62,1386,230
28.42,1402,227
29.22,1402,229
30.01,1418,227
30.81,1776,227
31.61,1776,232
32.40,1776,222
33.20,2072,232
33.99,2057,231
34.79,2041,232
35.59,2041,230
36.38,2025,232
37.18,2010,232
37.94,1994,230
38.73,1979,229
39.53,1979,224
40.32,1106,232
41.11,1121,227
41.90,1184,233
42.70,1184,221
43.49,1916,216
44.28,1901,223
45.07,1916,221
45.87,1901,223
46.66,1901,229
47.49,1527,221
48.26,1527,223
49.03,1916,228
49.80,1854,227
50.57,1854,225
51.34,2197,231
52.11,2197,233
52.88,2181,219
53.65,2259,213
54.42,2290,212
55.19,2275,213
55.96,2259,214
56.76,2212,214
57.55,2244,214
58.35,2244,214
59.14,2181,219
59.93,2181,216
60.72,2197,218
61.52,2181,218
62.31,1480,217
63.10,1012,217
63.89,1012,231
64.69,1012,218
65.48,2119,230
66.28,2150,231
67.09,2135,228
67.89,2135,229
68.70,2135,226
69.51,2150,220
70.31,2150,214
71.12,2166,213
71.92,1542,218
72.73,1542,218
73.54,2181,213
74.34,1075,225
75.15,1075,225
75.94,2212,212
76.69,2212,203
77.43,2212,210
78.18,2212,187
78.93,3132,212
79.68,3148,212
80.42,2244,210
81.17,2244,210
81.92,2244,210
82.67,2244,218
83.41,2259,227
84.16,2259,229
84.96,2244,229
85.75,1651,225
86.55,1948,216
87.34,2290,222
88.13,2306,227
88.92,2306,225
89.72,2322,225
90.51,2337,226
91.30,2368,226
92.09,2384,225
92.89,2384,224
93.68,2415,225
94.48,1246,226
95.29,1246,224
96.09,2462,219
96.90,1340,225
97.70,1324,229
98.51,2540,215
99.31,2555,225
100.12,2571,224
100.92,2602,227
101.73,2618,231
102.53,2571,223
103.34,2493,221
104.10,2446,222
104.92,2415,223
105.74,2400,224
106.56,2431,226
107.38,2446,227
108.20,2477,227
109.02,2493,227
109.84,2540,226
110.66,2555,228
111.48,2602,226
112.30,2633,225
113.12,2664,223
113.95,2711,224
114.74,2742,224
115.53,2774,214
116.32,2041,212
117.11,2025,214
117.90,2025,215
118.69,2041,213
119.48,2025,214
120.27,2010,214
121.06,1994,215
121.85,1994,216
122.64,1994,215
123.43,1994,214
124.21,1994,214
124.98,1994,215
125.76,1994,216
126.54,1979,217
127.31,1994,216
128.09,1994,217
128.86,1994,216
129.64,1979,215
130.42,1994,218
131.19,1994,217
131.97,1994,216
132.73,1994,216
133.52,1994,216
134.32,2010,216
135.11,2010,217
135.90,2010,216
136.70,2010,216
137.49,2010,216
138.29,2025,217
139.08,2025,215
139.87,2041,215
140.67,2041,214
141.46,2057,214
142.58,2057,213
143.37,2072,213
144.16,2088,211
144.95,2088,212
145.74,2103,211
146.53,2103,210
147.32,2119,211
148.11,2119,211
148.90,2135,211
149.69,2150,212
150.48,2166,210
151.27,2181,211
152.06,2212,211
152.88,2228,206
153.70,2259,180
154.52,2228,145
155.34,2228,100
156.16,2119,87
156.97,2041,87
157.79,2057,71
158.61,1979,96
159.43,1885,93
160.25,65,84
161.07,1807,109
161.83,1792,109
162.62,1745,126
163.42,1698,212
164.21,1714,214
165.00,1729,206
165.80,1745,187
166.59,1792,171
167.39,1776,193
168.18,1807,174
168.97,1823,206
169.77,1854,168
170.56,1885,174
171.39,1901,145
172.19,1932,151
172.99,1963,151
173.79,1994,190
174.59,2025,126
175.39,2041,132
176.18,2135,142
176.98,2103,138
177.78,2166,213
178.58,2228,226
179.38,2275,224
180.18,1885,168
180.98,1870,228
181.79,1870,233
182.59,4348,211
183.40,4410,216
184.21,95,93
185.01,95,113
185.82,3865,116
186.62,65,116
187.43,3849,145
188.24,3631,122
189.04,3849,210
189.85,3849,164
190.64,4831,214
191.43,4815,218
192.23,2462,216
193.02,2477,222
193.81,2462,222
194.61,2462,224
195.40,2462,223
196.20,2540,220
196.99,2462,224
197.78,2446,227
198.58,2446,225
199.37,2446,224
200.20,2431,224
201.00,2431,224
201.80,2368,216
202.60,2322,218
203.40,2322,224
204.20,2322,215
204.99,2337,219
205.79,2540,220
206.59,2836,218
207.39,2836,214
208.19,1994,219
208.99,1994,223
209.79,1994,220
210.57,1994,219
211.34,1994,219
212.12,1994,219
212.90,2010,219
213.67,2010,220
214.45,2025,220
215.22,2025,221
216.00,2025,222
216.78,2041,223
217.55,2041,221
218.33,2057,222
219.13,2057,222
219.93,2072,224
220.72,2072,225
221.52,2088,224
222.32,2088,223
223.11,2103,223
223.91,2119,225
224.70,2135,225
225.50,2150,221
226.30,3943,221
227.09,3958,213
227.89,5267,219
228.68,5298,220
229.47,5330,220
230.25,5376,219
231.04,5408,210
231.83,3678,214
232.62,3724,215
233.40,3833,213
234.19,3958,213
234.98,4130,212
235.77,4207,212
236.55,4348,216
237.34,4410,221
238.16,4441,221
238.95,4488,221
239.74,4535,223
240.53,4582,220
241.32,4644,222
242.11,2353,216
242.91,2322,230
243.70,2290,225
244.49,2244,228
245.28,2259,232
246.07,2212,228
246.86,2181,227
247.61,2181,231
248.41,2197,232
249.20,2228,229
250.00,2244,221
250.80,2664,219
251.59,1994,227
252.39,1963,224
253.18,1963,222
253.98,1916,222
254.78,1901,223
255.57,1885,220
256.37,1854,221
257.13,1854,220
257.91,1885,221
258.68,1932,219
259.46,1823,219
260.24,1792,221
261.02,1776,221
261.79,1792,220
262.57,2135,211
263.35,1745,212
264.13,1807,217
264.90,1714,220
265.68,1714,216
266.51,1714,216
267.30,1714,215
268.09,1636,212
268.88,1589,161
269.67,1636,210
270.46,1714,213
271.25,1745,213
272.04,1667,206
272.83,1636,174
273.62,1667,148
274.41,1667,210
275.20,1776,213
275.99,1745,216
276.80,1745,216
277.60,1776,216
278.41,1792,214
279.22,1870,218
280.02,1870,223
280.83,1838,226
281.63,1838,222
282.44,1823,222
283.25,1807,221
284.05,1807,219
284.86,1792,218
285.62,1792,217
286.44,1760,217
287.26,1792,214
288.08,1807,212
288.90,1854,212
289.72,2259,210
290.53,2244,223
291.35,2244,225
292.17,2244,223
292.99,2244,223
293.81,2275,223
294.63,2290,221
295.46,2431,213
296.25,2976,215
297.04,3023,217
297.83,3007,221
298.62,3023,224
299.41,3039,224
300.20,3039,227
300.99,3039,226
301.78,3054,225
302.57,3054,227
303.36,3070,227
304.15,3070,227
304.94,3070,229
305.72,3085,227
306.50,3101,222
307.28,3085,215
308.06,3101,215
308.84,3116,212
309.63,3148,211
310.41,3179,211
311.19,3163,211
311.97,3163,210
312.75,3210,210
313.53,3226,190
314.28,3257,203
315.07,3241,213
315.87,3303,216
316.66,3381,222
317.45,3397,216
318.25,3444,223
319.04,3413,213
319.84,3584,158
320.63,3553,220
321.42,3537,227
322.22,3537,223
323.01,3413,225
323.80,3319,226
324.59,3241,226
325.39,3179,218
326.18,1776,233
326.97,1776,230
327.77,1792,234
328.56,1792,232
329.36,1807,232
330.15,1807,232
330.94,1823,231
331.74,1838,227
332.53,1838,230
333.32,1854,230
334.19,1870,228
335.06,1885,227
335.93,1885,228
336.80,1916,230
337.67,1916,230
338.53,1932,230
339.40,1948,228
340.27,1963,229
341.14,1979,229
342.01,2010,228
342.88,2025,231
343.67,2041,230
344.46,2057,230
345.26,2072,231
346.05,2103,231
346.84,2119,229
347.64,2135,231
348.43,2150,232
349.23,2135,227
350.02,2119,216
350.81,1932,231
351.61,1932,232
352.40,1932,233
352.40,1963,226
353.18,1823,231
353.96,1792,231
354.74,1792,231
355.52,1776,229
356.30,1776,230
357.08,1792,231
357.86,1807,229
358.64,1823,229
359.42,2041,230
0.20,2041,232
0.98,2057,231
1.78,2072,233
2.57,1963,221
3.36,1948,227
4.15,1948,229
4.94,1948,230
5.73,2150,218
6.51,1854,212
7.30,1854,210
8.09,1854,135
8.88,1807,197
9.67,1776,193
10.46,1760,193
11.26,1714,210
12.06,1714,203
12.85,1698,211
13.65,1683,203
14.45,1667,211
15.24,1651,210
16.04,1636,211
16.83,1636,212
17.63,1620,211
18.43,1589,211
19.22,1573,211
20.02,1589,211
20.82,1558,211
21.61,1558,212
22.40,1542,218
23.19,1573,219
23.98,1605,221
24.77,1667,217
25.55,1714,218
26.34,1449,213
27.13,1418,221
27.92,1386,228
28.71,1386,229
29.50,1402,227
30.33,1418,228
31.09,1760,231
31.84,1760,232
32.60,1792,217
33.36,2072,231
34.12,2057,232
34.87,2041,232
35.63,2025,230
36.39,2010,231
37.15,2010,230
37.90,1994,230
38.66,1979,231
39.45,1979,220
40.25,1106,230
41.04,1121,224
41.84,1184,233
42.64,1184,221
43.44,1916,218
44.23,1916,226
45.03,1916,222
45.83,1901,224
46.63,1901,229
47.42,1527,225
48.22,1527,221
48.98,1916,229
49.80,1854,226
50.62,1854,222
51.44,2197,234
52.26,2181,230
53.08,2212,218
53.89,2275,214
54.71,1901,211
55.53,2212,213
56.35,2228,214
57.17,2212,217
57.99,2244,214
58.82,2212,214
59.60,2166,218
60.38,2197,217
61.16,2181,218
61.94,2166,218
62.72,1464,220
63.50,1012,223
64.28,1012,232
65.06,2150,221
65.84,2135,234
66.62,2150,231
67.40,2135,228
67.94,2135,230
68.74,2135,226
69.53,2150,221
70.33,2166,213
71.13,2166,213
71.92,1527,221
72.72,1542,215
73.51,2181,210
74.31,1075,225
75.11,1075,221
75.90,2181,211
76.70,2212,211
77.46,2197,210
78.22,3132,211
78.99,3148,211
79.75,3163,211
80.51,2275,168
81.28,2259,210
82.04,2275,210
82.81,2259,218
83.57,2244,228
84.33,2259,228
85.10,2244,224
85.86,1651,225
86.69,1948,221
87.48,2290,223
88.27,2306,227
89.06,2306,228
89.85,2337,225
90.64,2337,223
91.43,2353,224
92.22,2384,225
93.01,2400,226
93.80,2415,220
94.59,1231,226
95.38,1246,220
96.18,1355,215
97.00,1324,225
97.82,1324,227
98.64,2540,220
99.46,2555,224
100.28,2587,224
101.09,2618,228
101.91,2602,229
102.73,2540,223
103.55,2493,223
104.37,2446,221
105.19,2400,223
105.95,2400,224
106.77,2431,225
107.59,2462,223
108.42,2477,225
109.24,2509,225
110.06,2524,226
110.88,2571,227
111.70,2602,226
112.52,2633,225
113.35,2664,223
114.17,2711,223
114.99,2742,225
115.79,2041,210
116.58,2041,213
117.37,2025,213
118.16,2025,215
118.95,2025,214
119.74,2010,214
120.53,2010,214
121.32,1994,214
122.11,1994,215
122.90,1994,215
123.69,1994,216
124.48,1994,216
125.28,1994,216
126.06,1994,215
126.83,1994,217
127.61,1979,217
128.39,1994,216
129.16,1994,215
129.94,1994,218
130.71,1994,215
131.49,1994,217
132.27,1994,217
133.04,1994,217
133.82,1994,214
134.61,2010,214
135.40,2010,215
136.20,2010,216
136.99,2025,217
137.78,2025,215
138.57,2025,217
139.37,2025,215
140.16,2041,215
140.95,2041,215
141.74,2057,215
142.54,2057,213
143.33,2072,211
144.09,2072,211
144.88,2088,211
145.68,2103,211
146.47,2103,211
147.26,2119,211
148.06,2135,211
148.85,2150,211
149.65,2166,212
150.44,2166,212
151.23,2181,212
152.03,2197,210
152.82,2212,211
153.65,2259,210
154.49,2228,129
155.33,2119,87
156.17,2103,80
157.01,2010,84
157.85,1979,116
158.68,1948,129
159.52,1932,113
160.36,1838,109
161.20,1807,87
162.04,1776,129
162.88,1745,126
163.67,1698,213
164.47,1714,212
165.26,1729,211
166.06,1745,211
166.86,1760,161
167.65,1807,197
168.45,1823,171
169.24,1823,168
170.04,1854,164
170.84,1885,158
171.63,1916,142
172.43,1948,155
173.19,1963,174
173.98,1994,119
174.78,2057,161
175.57,2041,132
176.36,2103,151
177.16,2135,126
177.95,2212,217
178.75,2228,225
179.54,2275,222
180.33,1885,212
181.13,1870,232
181.92,1870,230
182.75,4379,216
183.55,4426,213
184.36,155,96
185.16,117,93
185.96,3849,129
186.76,3849,145
187.57,3833,168
188.37,3880,155
189.17,3849,210
189.97,4831,168
190.78,4815,216
191.58,4815,219
192.37,2462,220
193.17,2477,221
193.96,2477,223
194.76,2462,226
195.56,2462,221
196.36,2446,219
197.15,2462,224
197.95,2446,225
198.75,2446,224
199.55,2431,223
200.34,2431,225
201.14,2415,222
201.90,2322,217
202.70,2322,219
203.51,2322,221
204.31,2337,219
205.11,2353,219
205.91,2540,219
206.72,2836,226
207.52,1994,217
208.32,1994,221
209.12,1979,222
209.93,1994,222
210.73,1994,219
211.56,1994,221
212.35,2010,220
213.13,2010,221
213.92,2010,221
214.71,2010,221
215.49,2025,221
216.28,2025,222
217.06,2041,220
217.85,2041,224
218.64,2057,221
219.42,2057,224
220.21,2072,224
221.00,2072,223
221.79,2088,224
222.59,2103,222
223.38,2103,225
224.17,2119,224
224.97,2135,225
225.76,3927,218
226.56,3927,216
227.35,5252,214
228.14,5283,218
228.94,5314,221
229.73,5345,220
230.53,5376,218
231.34,5080,210
232.14,3662,215
232.95,3787,214
233.75,3880,214
234.56,4020,213
235.36,4145,211
236.17,4317,212
236.97,4363,215
237.78,4426,220
238.58,4472,219
239.39,4504,220
240.19,4550,221
240.94,4597,222
241.68,4659,220
242.43,2337,225
243.18,2306,227
243.93,2275,225
244.67,2244,229
245.42,2228,234
246.17,2181,226
246.92,2181,230
247.66,2181,230
248.41,2212,232
249.24,2228,232
250.03,2649,222
250.82,1994,220
251.61,1979,226
252.40,1963,224
253.19,1932,221
253.98,1916,223
254.77,1885,222
255.56,1854,217
256.35,1854,222
257.14,1870,222
257.93,1901,219
258.72,1901,218
259.51,1823,219
260.31,1792,218
261.10,1776,219
261.89,1792,219
262.69,2368,211
263.48,1745,214
264.28,1792,218
265.07,1729,217
265.86,1729,216
266.66,1714,216
267.45,1714,215
268.20,1620,212
268.99,1605,210
269.79,1651,211
270.58,1714,213
271.38,1745,210
272.17,1651,174
272.97,1651,145
273.76,1651,200
274.56,1776,206
275.35,1745,212
276.15,1745,217
276.94,1745,214
277.86,1760,216
278.65,1823,215
279.44,1885,218
280.23,1854,224
281.02,1838,227
281.81,1823,221
282.61,1823,224
283.40,1807,223
284.19,1792,218
284.98,1792,220
285.77,1776,218
286.56,1776,217
287.35,1792,216
288.17,1838,212
289.00,1854,212
289.82,2228,216
290.64,2244,224
291.46,2244,220
292.29,2244,224
293.11,2259,225
293.93,2275,222
294.75,2290,219
295.58,2415,212
296.40,3007,215
297.16,3007,216
297.95,3023,222
298.75,3023,226
299.54,3039,226
300.33,3039,228
301.13,3039,226
301.92,3054,226
302.72,3054,224
303.51,3054,226
304.30,3070,226
305.10,3070,229
305.89,3085,227
306.68,3101,221
307.47,3085,215
308.26,3101,216
309.05,3132,212
309.84,3132,211
310.63,3163,210
311.42,3194,211
312.21,3210,210
313.00,3210,210
313.79,3210,210
314.58,3210,180
315.37,3257,214
316.16,3303,218
316.96,3381,222
317.75,3397,216
318.55,3459,223
319.35,3413,213
320.15,3568,187
320.94,3600,218
321.74,3537,226
322.54,3522,224
323.34,3413,224
324.13,3319,225
324.93,3241,225
325.69,3194,220
326.48,1776,230
327.28,1776,231
328.07,1792,233
328.86,1792,234
329.66,1807,233
330.45,1807,232
331.25,1823,232
332.04,1823,229
332.83,1854,230
333.63,1854,229
334.42,1870,229
335.25,1885,228
336.06,1885,227
336.86,1901,229
337.67,1916,229
338.48,1932,229
339.29,1948,230
340.09,1963,228
340.90,1979,229
341.71,1994,230
342.52,2025,228
343.32,2041,230
344.13,2057,230
344.92,2072,231
345.66,2088,231
346.40,2119,230
347.13,2135,228
347.87,2150,232
348.61,2135,228
349.35,2135,220
350.09,1932,228
350.83,1932,231
351.56,1932,234
352.30,1963,229
353.04,1823,228
353.80,1792,230
354.60,1792,231
355.39,1776,233
356.19,1776,230
356.98,1792,233
357.78,1807,228
358.57,1823,229
359.37,2041,230
0.16,2041,231
0.96,2057,233
1.75,2057,230
2.55,2041,220
3.34,1963,226
4.12,1948,231
4.90,1948,229
5.67,1948,217
6.45,2166,211
7.23,1870,174
8.01,1823,171
8.79,1807,151
9.57,1776,210
10.34,1745,200
11.12,1745,187
11.90,1698,184
12.69,1698,210
13.48,1683,203
14.27,1667,211
15.07,1651,211
15.86,1636,210
16.65,1620,210
17.44,1605,210
18.23,1589,211
19.02,1589,210
19.82,1573,210
20.61,1573,211
21.40,1542,213
22.20,1527,218
22.99,1573,215
23.79,1589,223
24.58,1651,215
25.37,1714,217
26.17,1433,211
26.96,1449,222
27.76,1402,229
28.55,1402,230
29.34,1402,228
30.14,1418,226
30.93,1776,229
31.69,1760,233
32.49,1792,220
33.29,2072,231
34.09,2057,231
34.89,2041,228
35.69,2041,231
36.49,2025,232
37.29,2010,230
38.09,1994,231
38.89,1979,229
39.69,1979,223
40.49,1090,230
41.32,1121,227
42.11,1168,230
42.90,1199,224
43.69,1932,214
44.48,1916,226
45.27,1901,222
46.05,1901,224
46.84,1901,230
47.63,1527,222
48.42,1527,222
49.21,1916,228
50.00,1854,229
50.79,1854,224
51.58,2181,232
52.37,2197,232
53.16,2197,221
53.95,2212,214
54.74,2228,211
55.54,2244,214
56.33,2244,216
57.12,2228,217
57.91,2244,213
58.70,2212,215
59.49,2166,217
60.28,2197,216
61.06,2181,218
61.84,2166,218
62.62,1480,218
63.40,1012,220
64.18,1012,231
64.97,2135,220
65.75,2135,235
66.53,2150,231
67.31,2135,228
68.09,2135,229
68.87,2135,229
69.66,2150,219
70.45,2166,214
71.25,2166,213
72.04,1542,222
72.83,1542,215
73.62,2197,210
74.42,1075,226
75.21,1075,220
76.00,2212,212
76.79,2197,212
77.59,2306,180
78.38,3148,211
79.17,3132,212
79.98,3163,211
80.78,2244,180
81.59,2244,211
82.40,2244,210
83.21,2244,221
84.01,2244,225
84.82,2259,230
85.63,2244,224
86.44,1651,224
87.24,1963,221
88.05,2290,225
88.80,2306,227
89.58,2306,225
90.36,2337,226
91.15,2353,224
91.93,2368,226
92.71,2384,225
93.49,2400,225
94.27,2415,220
95.05,1246,227
95.84,1262,218
96.62,1355,217
97.40,1324,223
98.15,1324,230
98.94,2540,220
99.74,2555,225
100.53,2587,226
101.32,2618,227
102.11,2602,228
102.91,2540,221
103.70,2477,222
104.49,2446,223
105.28,2400,225
106.08,2400,224
106.87,2431,226
107.66,2462,226
108.46,2493,225
109.27,2524,225
110.07,2540,224
110.87,2587,225
111.68,2602,224
112.48,2649,226
113.29,2680,224
114.09,2711,225
114.89,2758,224
115.70,2041,203
116.50,2041,213
117.29,2041,214
118.08,2010,215
118.88,2041,212
119.67,2010,215
120.46,2010,216
121.25,2010,215
122.05,1994,215
122.84,1994,215
123.63,1994,214
124.42,1979,214
125.22,1994,216
126.01,1994,217
126.84,1994,217
127.64,1994,216
128.44,1994,216
129.24,1979,217
130.04,1994,217
130.84,1979,217
131.64,1994,215
132.44,1994,217
133.24,1994,216
134.04,1994,216
134.84,2010,215
135.64,2010,214
136.43,2010,216
137.22,2025,217
138.02,2025,217
138.81,2025,214
139.61,2041,215
140.40,2041,216
141.20,2041,215
141.99,2057,214
142.79,2072,214
143.58,2072,211
144.38,2072,211
145.17,2088,212
145.96,2103,211
146.75,2119,211
147.54,2119,210
148.34,2135,210
149.13,2150,211
149.92,2150,211
150.71,2166,210
151.50,2181,211
152.29,2197,210
153.09,2259,187
153.88,2244,187
154.67,2244,96
155.47,2212,80
156.29,2103,71
157.10,2057,96
157.92,1963,129
158.74,1932,87
159.55,1916,103
160.37,50,113
161.18,1807,100
162.00,1760,119
162.82,1745,138
163.63,1698,215
164.45,1714,211
165.25,1729,210
166.04,1745,210
166.83,1776,193
167.62,1792,171
168.41,1823,187
169.20,1838,180
169.99,1854,164
170.78,1885,177
171.57,1916,171
172.36,1932,142
173.15,1948,135
173.94,1994,148
174.74,2025,164
175.54,2057,158
176.33,2103,142
177.13,2135,151
177.92,2212,218
178.72,2228,227
179.51,2275,222
180.31,1870,214
181.10,1870,233
181.90,1870,231
182.69,4363,216
183.49,4457,212
184.24,80,87
185.06,3833,90
185.88,3880,119
186.70,140,122
187.52,3678,177
188.34,3865,177
189.16,3849,211
189.98,4862,171
190.80,4815,214
191.62,4815,220
192.44,2477,220
193.26,2477,220
194.09,2477,223
194.88,2462,224
195.67,2477,222
196.45,2446,219
197.24,2446,226
198.03,2446,226
198.82,2431,222
199.61,2431,223
200.40,2431,225
201.18,2431,221
201.97,2353,217
202.76,2306,221
203.55,2306,224
204.35,2337,216
205.14,2368,216
205.94,2540,220
206.73,2836,226
207.53,1994,216
208.32,1979,220
209.12,1994,220
209.91,1994,222
210.71,1994,220
211.50,1994,220
212.30,1994,220
213.05,2010,221
213.84,2010,219
214.63,2025,220
215.42,2025,222
216.21,2025,220
217.00,2041,221
217.80,2041,221
218.59,2057,223
219.38,2057,223
220.17,2072,224
220.96,2072,223
221.75,2088,222
222.58,2088,222
223.37,2103,224
224.16,2119,225
224.95,2135,226
225.74,3927,218
226.53,3958,219
227.31,5236,215
228.10,5283,220
228.89,5314,219
229.68,5345,220
230.47,5392,217
231.26,5065,171
232.05,3678,214
232.84,3787,214
233.64,3896,214
234.43,4067,211
235.23,4161,211
236.02,4317,214
236.82,4363,215
237.61,4426,220
238.41,4472,222
239.20,4504,221
240.00,4566,222
240.79,4597,222
241.54,4659,222
242.32,2337,227
243.10,2306,228
243.87,2259,225
244.65,2244,229
245.43,2228,234
246.21,2181,227
246.99,2181,231
247.77,2197,231
248.54,2212,232
249.32,2228,229
250.10,2649,225
250.92,1994,223
251.71,1979,226
252.50,1963,222
253.29,1932,224
254.08,1916,223
254.87,1885,221
255.65,1854,219
256.44,1854,223
257.23,1870,220
258.02,1916,219
258.81,1838,219
259.60,1823,221
260.39,1776,219
261.19,1776,219
262.00,1792,217
262.80,2135,210
263.61,1760,214
264.41,1729,217
265.22,1714,218
266.02,1714,217
266.83,1698,217
267.63,1714,214
268.44,1605,168
269.24,1620,210
270.03,1667,211
270.84,1745,214
271.65,1667,211
272.46,1651,145
273.27,1636,113
274.08,1651,210
274.89,1760,210
275.70,1760,212
276.51,1745,215
277.32,1760,213
278.13,1776,217
278.94,1854,214
279.70,1870,223
280.49,1854,224
281.28,1838,225
282.08,1823,224
282.87,1823,223
283.66,1807,220
284.45,1792,219
285.24,1776,218
286.03,1776,218
286.83,1776,214
287.62,1823,215
288.41,1854,212
289.24,1885,214
290.05,2259,221
290.87,2244,228
291.68,2244,217
292.49,2244,224
293.31,2259,223
294.12,2275,224
294.94,2322,212
295.75,3007,210
296.56,3007,214
297.38,3007,217
298.19,3023,223
298.98,3039,224
299.79,3023,226
300.59,3039,226
301.40,3039,226
302.21,3054,228
303.02,3054,226
303.82,3070,227
304.63,3070,226
305.44,3070,229
306.25,3101,226
307.05,3085,219
307.86,3101,214
308.62,3116,215
309.41,3132,212
310.20,3163,211
311.00,3163,210
311.79,3194,210
312.58,3194,197
313.37,3210,210
314.16,3241,180
314.95,3241,210
315.75,3288,219
316.54,3381,217
317.33,3381,220
318.16,3413,217
318.95,3475,218
319.74,3413,213
320.53,3584,217
321.32,3537,222
322.11,3553,226
322.89,3459,225
323.68,3366,227
324.47,3288,225
325.26,3210,226
326.05,1776,229
326.84,1776,231
327.63,1792,233
328.43,1792,234
329.22,1792,233
330.02,1807,233
330.81,1823,231
331.61,1823,232
332.40,1838,232
333.20,1854,230
333.99,1870,229
334.79,1885,227
335.58,1885,229
336.38,1901,231
337.43,1916,230
338.22,1932,229
339.02,1932,230
339.81,1963,228
340.60,1979,228
341.40,1994,227
342.19,2010,229
342.99,2025,230
343.78,2041,231
344.57,2057,230
345.37,2088,229
346.16,2103,232
346.99,2135,230
347.75,2150,228
348.51,2135,231
349.27,2119,227
350.03,1948,225
350.79,1932,232
351.55,1932,233
352.31,1948,232
353.07,1838,220
353.83,1807,229
354.59,1792,231
355.35,1776,232
356.15,1776,230
356.94,1776,231
357.74,1792,230
358.53,1807,228
359.32,1854,217
0.12,2041,232
0.91,2041,231
1.71,2057,231
2.50,2057,227
3.29,1963,228
4.09,1948,230
4.88,1948,231
5.68,1948,227
6.46,2150,221
7.23,1823,164
8.01,1854,190
8.79,1807,193
9.56,1776,184
10.34,1760,187
11.11,1745,161
11.89,1714,190
12.67,1714,203
13.44,1698,210
14.22,1667,210
15.05,1667,193
15.81,1636,210
16.56,1636,210
17.32,1605,212
18.08,1620,211
18.83,1589,210
19.59,1573,211
20.34,1573,212
21.10,1558,212
21.86,1527,216
22.61,1542,211
23.37,1589,227
24.16,1636,217
24.95,1683,217
25.75,1745,212
26.54,1433,222
27.34,1386,227
28.13,1402,227
28.93,1402,228
29.72,1402,227
30.52,1776,215
31.31,1760,235
32.11,1776,228
32.90,2072,229
33.69,2072,231
34.48,2057,233
35.28,2041,230
36.07,2025,232
36.86,2010,231
37.65,1994,231
38.45,1979,231
39.24,1979,229
40.03,1106,229
40.82,1106,231
41.62,1184,228
42.41,1184,229
43.17,1215,217
43.96,1885,222
44.76,1901,225
45.55,1901,220
46.34,1916,228
47.14,1932,225
47.93,1527,231
48.73,1916,222
49.52,1916,227
50.31,1854,229
51.11,2181,216
51.90,2197,233
52.86,2197,228
53.65,2197,214
54.44,2244,215
55.23,1916,212
56.02,2228,215
56.81,2212,215
57.61,2212,216
58.40,2244,214
59.19,2197,216
59.98,2166,218
60.77,2212,216
61.56,2166,217
62.36,2166,219
63.11,1480,226
63.86,1012,230
64.61,1012,232
65.36,2103,230
66.11,2135,234
66.86,2150,231
67.61,2135,227
68.36,2119,225
69.11,2135,225
69.86,2166,215
70.61,2166,212
71.36,2166,212
72.15,1527,227
72.95,1558,193
73.74,1059,212
74.54,1075,227
75.33,1075,214
76.13,2181,213
76.92,2212,211
77.72,2197,211
78.51,2197,212
79.31,3148,211
80.10,2212,211
80.89,2212,210
81.69,2228,211
82.50,2259,212
83.30,2244,224
84.10,2259,226
84.90,2244,231
85.71,2244,215
86.51,1651,225
87.31,1932,219
88.11,2290,226
88.92,2306,227
89.72,2322,226
90.52,2337,226
91.32,2353,227
92.11,2368,225
92.91,2384,224
93.70,2400,225
94.50,1215,217
95.29,1231,229
96.09,2462,217
96.88,1355,222
97.68,1324,227
98.47,1324,226
99.27,2540,224
100.03,2571,225
100.82,2571,225
101.62,2618,228
102.41,2571,226
103.20,2524,222
104.00,2477,221
104.79,2431,222
105.59,2400,224
106.38,2415,227
107.17,2431,225
107.97,2462,226
108.76,2493,227
109.59,2524,225
110.38,2555,225
111.16,2571,224
111.95,2618,227
112.74,2649,226
113.52,2680,225
114.31,2727,224
115.09,2774,221
115.88,2041,211
116.67,2025,212
117.45,2025,214
118.24,2010,215
119.04,2026,212
119.86,2010,216
120.67,2010,216
121.49,1994,215
122.30,1994,216
123.12,1994,216
123.93,1994,215
124.75,1994,215
125.56,1994,216
126.38,1994,217
127.19,1994,215
128.01,1979,216
128.80,1994,216
129.59,1994,216
130.39,1979,216
131.18,1994,216
131.98,1994,217
132.77,1994,217
133.57,1994,216
134.36,2010,215
135.16,2010,216
135.95,2010,216
136.75,2010,217
137.54,2026,218
138.37,2026,216
139.16,2026,216
139.94,2041,215
140.73,2041,215
141.51,2041,213
142.30,2057,214
143.08,2072,213
143.87,2072,212
144.65,2088,211
145.44,2104,212
146.22,2104,211
147.01,2119,211
147.81,2119,210
148.60,2135,210
149.40,2150,213
150.19,2166,211
150.98,2181,211
151.78,2181,211
152.57,2213,210
153.37,2213,164
154.16,2244,193
154.95,2150,100
155.75,2150,80
156.54,2057,90
157.61,1994,77
158.41,1963,87
159.20,1901,93
160.00,1885,119
160.80,1839,96
161.60,1839,126
162.39,1745,135
163.19,1698,210
163.99,1698,214
164.79,1714,211
165.58,1745,211
166.38,1761,190
167.14,1776,190
167.93,1792,174
168.72,1839,190
169.51,1839,171
170.30,1854,168
171.09,1885,158
171.87,1916,142
172.66,1948,132
173.45,1963,148
174.24,1994,148
175.03,2088,122
175.82,2057,138
176.62,2088,135
177.41,2135,177
178.21,2213,224
179.00,2244,223
179.79,2291,216
180.59,1870,222
181.38,1870,234
182.18,1885,224
182.97,4379,217
183.76,4473,129
184.56,141,96
185.35,3818,106
186.15,3849,148
186.94,3849,161
187.73,3647,164
188.52,3865,210
189.31,3849,190
190.10,4847,210
190.88,4815,217
191.67,4815,220
192.46,2478,220
193.25,2478,223
194.04,2478,226
194.83,2462,222
195.62,2462,222
196.42,2446,220
197.23,2462,225
198.03,2446,226
198.83,2431,224
199.63,2446,223
200.44,2431,227
201.24,2415,217
202.04,2337,219
202.84,2306,221
203.65,2322,221
204.45,2353,216
205.28,2524,215
206.07,2556,221
206.86,2836,226
207.65,1994,217
208.44,1994,220
209.23,1994,221
210.03,1994,220
210.82,1994,221
211.61,1994,221
212.40,2010,220
213.19,2010,221
213.98,2010,222
214.77,2026,221
215.55,2026,222
216.33,2041,220
217.11,2041,221
217.89,2041,222
218.67,2041,223
219.45,2057,222
220.23,2072,223
221.01,2072,222
221.79,2088,223
222.57,2104,224
223.35,2119,226
224.11,2119,224
224.91,2135,225
225.72,3927,218
226.52,3943,215
227.32,5252,217
228.12,5283,221
228.93,5314,221
229.73,5345,220
230.53,5377,215
231.33,5049,164
232.14,3678,214
232.94,3787,214
233.77,3912,212
234.56,4052,212
235.35,4176,211
236.14,4301,213
236.93,4379,217
237.72,4426,220
238.51,4473,221
239.30,4520,221
240.09,4566,222
240.88,4613,220
241.67,4660,218
242.46,2338,226
243.26,2306,228
244.02,2244,226
244.79,2244,231
245.55,2213,232
246.31,2182,227
247.07,2182,229
247.84,2197,233
248.60,2213,231
249.36,2229,228
250.12,2665,226
250.89,1995,226
251.65,1964,225
252.45,1964,221
253.24,1932,222
254.04,1917,223
254.83,1886,221
255.62,1854,218
256.42,1854,224
257.21,1870,220
258.01,1917,219
258.80,1854,220
259.59,1823,223
260.39,1777,217
261.18,1777,219
262.01,1792,215
262.81,2135,211
263.62,1761,214
264.42,1730,218
265.22,1714,217
266.02,1714,217
266.83,1714,217
267.63,1714,214
268.43,1621,210
269.23,1621,210
270.04,1683,212
270.84,1745,215
271.63,1667,200
272.48,1652,187
273.32,1636,161
274.17,1667,211
275.01,1761,212
275.86,1745,213
276.70,1761,215
277.55,1745,214
278.39,1777,214
279.24,1886,216
280.08,1870,221
280.93,1854,225
281.69,1839,226
282.49,1823,221
283.28,1823,224
284.08,1808,221
284.88,1792,219
285.68,1777,218
286.47,1777,217
287.27,1777,213
288.07,1823,214
288.87,1839,212
289.66,1886,213
290.46,2244,223
291.25,2244,226
292.05,2229,219
292.86,2244,224
293.66,2260,223
294.46,2291,224
295.26,2353,212
296.07,3023,211
296.87,3008,215
297.67,3008,219
298.47,3023,222
299.28,3023,225
300.08,3039,227
300.88,3039,227
301.67,3039,225
302.46,3055,225
303.25,3055,226
304.04,3070,227
304.83,3070,228
305.61,3070,228
306.40,3101,226
307.19,3101,216
307.98,3101,215
308.77,3117,213
309.56,3133,211
310.35,3164,210
311.15,3179,211
311.94,3210,210
312.74,3179,171
313.54,3210,197
314.34,3226,210
315.13,3242,200
315.93,3273,220
316.73,3397,219
317.53,3382,220
318.32,3429,217
319.12,3475,217
319.88,3413,213
320.67,3600,217
321.47,3538,223
322.26,3569,225
323.06,3444,226
323.85,3366,225
324.65,3288,226
325.44,3210,226
326.24,1777,229
327.03,1777,230
327.83,1792,234
328.62,1792,234
329.41,1808,232
330.22,1808,232
331.04,1823,231
331.85,1823,231
332.67,1839,229
333.48,1854,230
334.30,1870,228
335.11,1870,229
335.93,1886,232
336.74,1901,228
337.56,1917,227
338.37,1932,228
339.16,1948,230
339.96,1964,229
340.75,1979,228
341.55,1995,230
342.35,2010,230
343.14,2026,229
343.94,2041,229
344.73,2073,230
345.53,2088,229
346.33,2104,229
347.12,2135,230
347.92,2151,228
348.68,2135,230
349.44,2119,226
350.20,1948,226
350.96,1932,231
351.72,1932,235
352.48,1948,233
353.25,1823,225
354.01,1808,231
354.77,1792,231
355.53,1777,230
356.29,1777,231
357.05,1792,229
357.88,1792,230
358.67,1808,229
359.46,2041,221
0.25,2041,232
1.04,2041,232
1.83,2057,229
2.62,2057,226
3.41,1948,227
4.20,1948,230
4.99,1948,228
5.78,1948,221
6.57,2151,216
7.36,1839,151
8.14,1823,177
8.92,1808,187
9.70,1761,210
10.48,1745,210
11.26,1730,190
12.04,1714,187
12.82,1683,177
13.60,1683,193
14.38,1667,210
15.16,1652,210
15.94,1636,210
16.70,1636,210
17.48,1605,211
18.25,1589,211
19.03,1589,211
19.81,1574,211
20.58,1574,211
21.36,1558,212
22.13,1527,217
22.91,1558,211
23.69,1589,225
24.46,1652,218
25.24,1683,217
26.07,1465,211
26.86,1434,223
27.65,1387,229
28.44,1402,228
29.23,1402,228
30.02,1418,228
30.81,1761,223
31.60,1761,234
32.39,1777,225
33.18,2088,232
33.97,2057,232
34.76,2057,232
35.56,2041,231
36.35,2026,231
37.15,2010,232
37.94,1994,231
38.73,1994,230
39.52,1979,228
40.32,1106,230
41.11,1106,225
41.90,1168,230
42.69,1184,224
43.49,1932,212
44.28,1916,225
45.04,1901,223
45.85,1901,219
46.65,1916,228
47.46,1527,218
48.27,1527,228
49.07,1916,228
49.88,1854,227
50.68,1854,226
51.49,2181,228
52.30,2197,234
53.10,2197,223
53.91,2244,215
54.74,2275,214
55.53,2213,212
56.32,2228,214
57.11,2213,215
57.90,2213,213
58.69,2228,214
59.48,2181,216
60.27,2166,216
61.06,2197,216
61.85,2166,218
62.64,2166,214
63.43,1480,218
64.22,1013,231
64.99,1013,226
65.77,2135,232
66.54,2150,232
67.31,2135,228
68.09,2135,227
68.86,2135,228
69.64,2150,222
70.41,2166,215
71.18,2166,212
71.96,1542,212
72.73,1542,225
73.53,2197,210
74.33,1075,220
75.12,1075,228
75.92,2197,210
76.72,2181,212
77.51,2181,211
78.31,2213,212
79.10,2213,211
79.90,3132,212
80.70,2244,211
81.49,2228,211
82.29,2244,212
82.90,2244,214
83.69,2244,226
84.48,2244,227
85.27,2244,231
86.06,1652,220
86.85,1652,222
87.64,1963,214
88.43,2291,226
89.22,2306,227
90.01,2322,225
90.80,2337,227
91.59,2353,225
92.42,2368,224
93.19,2384,225
93.97,2400,223
94.74,1246,222
95.51,1246,227
96.29,2462,217
97.06,1340,221
97.84,1324,227
98.61,1340,224
99.38,2556,225
100.16,2571,224
100.93,2587,227
101.72,2633,231
102.52,2571,223
103.31,2524,223
104.11,2478,222
104.91,2431,222
105.70,2400,223
106.50,2415,223
107.29,2446,224
108.09,2462,226
108.89,2493,225
109.68,2524,228
110.48,2556,226
111.24,2587,224
112.02,2618,223
112.79,2649,224
113.57,2680,224
114.35,2727,224
115.13,2774,220
115.90,2041,210
116.68,2041,212
117.46,2026,213
118.24,2026,216
119.01,2026,211
119.79,2010,215
120.62,1994,216
121.44,1994,217
122.25,1994,214
123.07,1994,216
123.88,1994,217
124.70,1994,214
125.51,1994,217
126.33,1994,217
127.14,1994,217
127.96,1979,216
128.77,1994,216
129.59,1994,217
130.39,1994,216
131.19,1994,216
131.98,1994,216
132.78,1994,216
133.58,1994,216
134.37,1994,216
135.17,2010,215
135.96,2010,215
136.76,2010,216
137.56,2010,218
138.35,2026,216
139.15,2026,217
139.91,2041,216
140.70,2041,215
141.49,2041,215
142.28,2057,214
143.07,2057,213
143.86,2072,213
144.65,2088,212
145.44,2088,211
146.23,2104,211
147.02,2104,210
147.81,2135,210
148.60,2135,211
149.43,2135,212
150.24,2150,211
151.06,2166,210
151.87,2181,211
152.68,2213,211
153.49,2228,158
154.31,2244,171
155.12,2197,84
155.93,2166,90
156.74,2119,74
157.56,2041,54
158.37,2026,96
159.16,1901,119
159.96,1854,93
160.75,1823,100
161.55,1792,126
162.35,1761,151
163.14,1698,193
163.94,1698,215
164.73,1714,210
165.53,1729,211
166.33,1761,210
167.12,1776,193
167.92,1792,184
168.68,1823,151
169.47,1854,200
170.27,1885,168
171.06,1885,151
171.85,1916,158
172.65,1963,161
173.44,1979,135
174.24,1994,158
175.03,2041,129
175.82,2057,119
176.62,2104,155
177.41,2135,180
178.20,2213,223
178.99,2244,226
179.78,2291,215
180.57,1885,222
181.36,1870,235
182.15,1885,226
182.94,4363,218
183.73,4473,155
184.52,3802,103
185.31,110,116
186.10,3834,119
186.89,3865,161
187.79,3693,168
188.58,3865,210
189.38,3849,190
190.17,4831,213
190.96,4831,217
191.76,4815,220
192.55,2462,220
193.35,2462,221
194.14,2478,224
194.93,2462,223
195.73,2493,223
196.52,2446,223
197.31,2446,227
198.10,2446,224
198.90,2431,223
199.69,2431,223
200.48,2431,226
201.28,2415,221
202.07,2322,217
202.87,2306,219
203.66,2322,221
204.45,2337,218
205.25,2540,214
206.04,2540,220
206.83,2836,226
207.62,1994,216
208.42,1979,221
209.21,1994,221
210.00,1994,221
210.80,1994,220
211.59,1994,219
212.39,2010,220
213.18,2010,220
213.97,2010,221
214.77,2026,219
215.56,2026,222
216.39,2041,221
217.16,2041,223
217.94,2041,220
218.71,2057,221
219.48,2057,224
220.26,2072,223
221.03,2072,225
221.81,2088,223
222.58,2104,224
223.35,2104,224
224.13,2119,226
224.90,2135,226
225.69,3943,221
226.51,3943,216
227.32,5252,216
228.14,5283,221
228.96,5330,220
229.77,5361,221
230.59,5377,213
231.40,3693,193
232.22,3678,215
233.04,3787,215
233.85,3912,213
234.67,4067,211
235.46,4192,212
236.25,4317,215
237.05,4379,218
237.84,4426,220
238.63,4473,220
239.43,4519,220
240.22,4566,222
241.02,4628,221
241.81,4675,216
242.60,2337,229
243.40,2291,227
244.19,2244,227
244.98,2244,229
245.76,2213,232
246.53,2181,226
247.31,2181,232
248.09,2197,231
248.87,2213,230
249.64,2228,225
250.42,2665,225
251.20,1994,226
251.98,1963,225
252.75,1948,222
253.53,1932,223
254.32,1916,226
255.13,1885,220
255.93,1854,221
256.74,1854,220
257.55,1885,221
258.35,1916,219
259.16,1823,220
259.96,1807,218
260.77,1776,219
261.58,1792,216
262.38,1807,212
263.19,1745,210
263.95,1792,216
264.74,1714,219
265.54,1714,216
266.33,1714,217
267.12,1714,216
267.91,1636,211
268.71,1589,164
269.50,1636,212
270.29,1667,213
271.08,1745,214
271.88,1667,210
272.67,1636,177
273.50,1652,151
274.32,1651,206
275.13,1760,212
275.95,1745,214
276.77,1745,215
277.58,1776,214
278.40,1807,213
279.21,1885,218
280.03,1870,223
280.85,1854,228
281.66,1823,222
282.48,1823,224
283.27,1807,223
284.07,1792,219
284.86,1792,217
285.66,1776,216
286.46,1776,217
287.26,1792,214
288.05,1823,212
288.85,1854,210
289.65,2259,211
290.45,2244,225
291.24,2244,224
292.04,2244,223
292.94,2259,223
293.73,2275,224
294.53,2290,221
295.32,2431,212
296.11,3007,214
296.90,3023,217
297.70,3007,222
298.49,3023,224
299.28,3039,225
300.07,3039,225
300.87,3039,227
301.66,3054,227
302.49,3054,226
303.30,3070,227
304.12,3070,225
304.93,3070,229
305.74,3085,226
306.55,3101,223
307.37,3085,214
308.18,3101,216
308.99,3101,213
309.80,3148,210
310.62,3179,211
311.43,3194,211
312.23,3194,210
313.02,3179,190
313.82,3210,151
314.61,3241,206
315.40,3257,214
316.19,3303,217
316.99,3381,220
317.78,3397,218
318.57,3428,223
319.36,3413,214
320.16,3584,200
320.95,3584,220
321.75,3537,226
322.55,3537,222
323.34,3413,225
324.14,3319,227
324.94,3241,227
325.73,3194,217
326.53,1776,232
327.32,1776,230
328.12,1792,235
328.92,1792,233
329.71,1807,233
330.51,1823,232
331.30,1823,231
332.11,1838,230
332.92,1854,231
333.73,1854,229
334.54,1870,229
335.35,1885,229
336.16,1901,227
336.97,1916,229
337.78,1916,228
338.59,1932,228
339.40,1948,229
340.21,1963,228
341.04,1979,229
341.83,1994,230
342.62,2025,230
343.41,2041,229
344.20,2057,230
344.99,2072,230
345.78,2103,230
346.57,2119,229
347.36,2135,229
348.15,2150,231
348.94,2119,229
349.73,2119,217
350.52,1932,232
351.27,1932,233
352.01,1932,232
352.76,1963,227
353.51,1807,225
354.26,1792,229
355.00,1776,230
355.75,1776,231
356.50,1776,231
357.25,1792,230
357.99,1807,229
358.74,1823,227
359.54,2025,231
0.32,2041,232
1.09,2057,231
1.87,2057,232
2.65,1963,220
3.42,1948,228
4.20,1948,229
4.97,1948,228
5.75,2135,217
6.53,1932,197
7.30,1823,193
8.08,1792,161
8.91,1807,180
9.70,1776,211
10.49,1760,187
11.28,1729,210
12.07,1714,164
12.86,1683,210
13.65,1698,210
14.44,1683,164
15.23,1667,212
16.02,1636,210
16.81,1620,211
17.60,1605,211
18.40,1589,211
19.17,1573,212
19.93,1573,211
20.70,1558,212
21.47,1558,211
22.23,1527,217
23.00,1589,217
23.76,1605,220
24.53,1651,217
25.30,1714,217
26.06,1464,212
26.83,1402,221
27.59,1402,229
28.38,1402,231
29.18,1402,230
29.97,1418,226
30.76,1776,233
31.56,1776,231
32.35,1792,218
33.15,2072,231
33.94,2057,231
34.73,2041,233
35.53,2025,231
36.32,2025,233
37.15,1994,232
37.95,1994,232
38.76,1979,231
39.56,1979,222
40.36,1106,232
41.16,1121,226
41.97,1184,232
42.77,1199,221
43.57,1916,218
44.37,1916,225
45.18,1916,219
45.98,1901,223
46.77,1901,228
47.55,1511,223
48.33,1527,223
49.11,1916,227
49.89,1854,227
50.67,1854,224
51.45,2197,231
52.23,2197,231
53.01,2197,220
53.79,2212,214
54.57,2228,211
55.35,2244,212
56.11,2228,214
56.90,2181,216
57.70,2244,213
58.49,2197,214
59.28,2181,217
60.08,2181,217
60.87,2181,217
61.67,2166,218
62.46,1480,217
63.25,1480,217
64.05,1012,232
64.84,1028,220
65.67,2119,232
66.48,2150,232
67.30,2135,228
68.11,2135,226
68.92,2135,226
69.73,2150,221
70.55,2166,213
71.36,2166,213
72.17,1527,216
72.98,1542,221
73.80,2197,210
74.61,1075,222
75.40,1075,226
76.15,2181,211
76.90,2181,211
77.65,2197,210
78.40,3116,210
79.15,3132,210
79.91,3148,212
80.66,2212,193
81.41,2244,211
82.16,2244,193
82.91,2259,218
83.66,2244,227
84.45,2259,228
85.25,2244,230
86.04,1651,224
86.84,1651,218
87.64,2290,219
88.44,2290,226
89.23,2306,226
90.03,2322,227
90.83,2337,226
91.63,2353,225
92.42,2368,225
93.22,2384,225
94.01,2415,224
94.78,1246,226
95.55,1246,227
96.32,2462,224
97.09,1340,223
97.86,1324,227
98.63,1340,218
99.40,2540,224
100.17,2571,225
100.94,2602,227
101.71,2618,230
102.48,2555,222
103.27,2509,223
104.06,2462,221
104.86,2415,222
105.65,2400,225
106.44,2415,226
107.24,2446,224
108.03,2477,224
108.83,2493,227
109.62,2540,225
110.41,2555,226
111.21,2587,224
112.00,2618,225
112.76,2664,224
113.56,2696,224
114.35,2742,223
115.15,2774,215
115.95,2041,213
116.74,2025,212
117.54,2025,214
118.33,2025,214
119.13,2025,213
119.93,2010,215
120.72,2010,215
121.52,1994,215
122.28,1994,217
123.09,1994,215
123.89,1979,216
124.70,1994,216
125.51,1994,215
126.31,1994,216
127.12,1994,217
127.92,1994,216
128.73,1994,217
129.54,1979,217
130.34,1994,217
131.15,1994,217
131.94,1994,216
132.73,1994,217
133.53,1994,216
134.32,2010,215
135.11,2010,216
135.91,2025,214
136.70,2010,216
137.50,2025,219
138.29,2025,216
139.08,2041,216
139.88,2041,214
140.67,2041,213
141.46,2057,214
142.27,2057,213
143.07,2057,213
143.88,2072,212
144.69,2088,212
145.49,2088,211
146.30,2103,211
147.10,2119,210
147.91,2135,210
148.72,2150,211
149.52,2150,211
150.33,2166,212
151.09,2181,211
151.92,2181,211
152.75,2212,210
153.59,2243,148
154.42,2275,138
155.25,2166,93
156.08,2134,106
156.91,2025,77
157.74,2010,109
158.58,1947,113
159.41,1901,80
160.24,1885,113
161.07,1854,100
161.86,1807,113
162.65,1729,158
163.44,1698,214
164.23,1714,214
165.02,1729,211
165.82,1745,211
166.61,1745,206
167.40,1776,187
168.19,1807,171
168.98,1838,197
169.77,1854,184
170.56,1885,200
171.35,1901,184
172.15,1916,138
172.94,1963,193
173.73,1979,145
174.52,2025,138
175.32,2041,158
176.11,2088,168
176.90,2119,164
177.69,2212,212
178.49,2212,227
179.28,2275,224
180.04,1885,193
180.84,1869,227
181.65,1869,230
182.45,1885,212
183.25,4410,215
184.05,65,96
184.86,80,109
185.66,80,132
186.46,3864,126
187.26,3833,171
188.07,3864,126
188.87,3864,211
189.70,3849,164
190.49,4846,215
191.28,4815,218
192.07,2462,216
192.86,2477,222
193.65,2477,224
194.45,2462,225
195.24,2462,222
196.03,2555,221
196.82,2462,223
197.61,2446,228
198.40,2446,225
199.19,2431,222
199.98,2431,226
200.77,2431,222
201.56,2353,216
202.35,2321,217
203.14,2306,225
203.93,2321,217
204.72,2337,219
205.51,2540,218
206.30,2836,218
207.09,2836,215
207.88,1979,220
208.67,1994,222
209.48,1994,221
210.29,1994,219
211.10,1994,220
211.91,1994,218
212.72,2010,221
213.53,2010,220
214.34,2025,221
215.15,2025,219
215.96,2025,222
216.77,2041,222
217.58,2041,221
218.37,2041,221
219.16,2056,224
219.95,2072,222
220.74,2072,223
221.53,2072,222
222.32,2088,222
223.11,2103,224
223.90,2119,225
224.69,2134,226
225.48,2150,220
226.27,3927,220
227.06,3958,211
227.89,5267,219
228.68,5298,221
229.46,5330,221
230.25,5361,220
231.04,5049,210
231.82,3677,212
232.61,3724,214
233.39,3833,212
234.18,3974,212
234.97,4098,213
235.75,4238,211
236.54,4348,216
237.34,4394,220
238.14,4457,220
238.93,4488,221
239.73,4535,220
240.53,4581,219
241.32,4644,220
242.12,2353,218
242.91,2306,230
243.71,2275,226
244.51,2243,228
245.30,2243,232
246.10,2212,226
246.86,2166,229
247.63,2181,230
248.41,2197,230
249.18,2212,231
249.95,2243,217
250.73,2680,217
251.50,1979,224
252.28,1963,224
253.05,1963,224
253.82,1916,222
254.60,1916,222
255.37,1869,216
256.16,1854,223
256.95,1869,220
257.75,1901,221
258.54,1916,218
259.33,1823,222
260.12,1791,220
260.92,1776,221
261.71,1791,220
262.50,2384,211
263.29,1745,211
264.09,1823,215
264.88,1729,218
265.68,1729,215
266.48,1714,220
267.27,1714,216
268.07,1620,211
268.87,1604,210
269.66,1636,210
270.46,1698,213
271.25,1682,211
272.05,1651,197
272.85,1651,138
273.64,1651,197
274.44,1698,206
275.20,1760,212
276.00,1745,216
276.81,1745,215
277.61,1760,217
278.41,1807,214
279.21,1885,218
280.02,1854,224
280.82,1838,226
281.62,1838,222
282.42,1823,224
283.23,1807,222
284.03,1807,219
284.86,1791,218
285.70,1776,218
286.55,1776,216
287.39,1791,213
288.23,1838,213
289.07,1838,212
289.92,2259,214
290.76,2243,224
291.60,2243,223
292.44,2243,223
293.29,2243,221
294.13,2275,225
294.92,2306,221
295.72,2415,211
296.51,3007,213
297.31,3007,217
298.11,3023,221
298.90,3007,224
299.70,3023,226
300.49,3038,225
301.29,3038,226
302.09,3054,227
302.88,3054,225
303.68,3070,227
304.44,3070,228
305.20,3070,228
305.97,3101,225
306.73,3085,222
307.49,3116,215
308.26,3101,214
309.02,3116,213
309.79,3132,210
310.55,3163,197
311.31,3163,210
312.08,3179,197
312.84,3210,210
313.64,3194,184
314.43,3225,200
315.23,3288,214
316.02,3303,217
316.81,3381,221
317.60,3397,217
318.40,3459,225
319.19,3412,215
319.98,3568,210
320.77,3553,220
321.57,3537,226
322.36,3506,221
323.16,3412,227
323.96,3303,226
324.75,3225,227
325.55,1760,217
326.35,1776,232
327.14,1776,231
327.94,1791,233
328.73,1791,232
329.53,1807,232
330.33,1823,232
331.12,1823,232
331.92,1838,232
332.68,1838,229
333.54,1854,228
334.40,1869,227
335.25,1885,232
336.11,1901,229
336.97,1916,229
337.83,1916,228
338.69,1932,228
339.55,1947,228
340.40,1963,229
341.26,1979,229
342.12,1994,228
342.91,2025,232
343.70,2041,231
344.49,2056,231
345.28,2072,230
346.07,2088,231
346.86,2119,230
347.66,2134,232
348.45,2150,234
349.24,2119,228
350.03,1963,216
350.82,1932,231
351.61,1932,232
352.40,1932,235
353.12,1963,228
353.83,1807,227
354.55,1791,230
355.27,1791,232
355.99,1791,230
356.70,1776,233
357.42,1791,232
358.14,1807,229
358.86,1838,227
359.57,2041,232
0.29,2041,233
1.09,2056,234
1.89,2056,232
2.68,1963,220
3.48,1947,229
4.28,1947,230
5.07,1947,229
5.87,1963,217
6.66,2166,211
7.46,1823,197
8.26,1823,168
9.05,1791,151
9.85,1760,184
10.61,1745,161
11.40,1729,200
12.20,1714,177
12.99,1698,211
13.78,1682,193
14.57,1682,203
15.37,1651,197
16.16,1636,210
16.95,1636,211
17.74,1604,211
18.54,1589,210
19.33,1573,211
20.16,1573,212
20.95,1558,213
21.73,1542,210
22.52,1527,216
23.31,1589,217
24.10,1604,219
24.88,1651,217
25.67,1714,217
26.46,1449,213
27.25,1464,220
28.03,1402,228
28.82,1402,229
29.61,1402,227
30.35,1417,227
31.08,1776,230
31.82,1776,232
32.56,1776,219
33.30,2072,233
34.03,2056,232
34.77,2041,231
35.51,2041,232
36.25,2025,229
36.98,2010,231
37.72,1994,231
38.48,1978,233
39.27,1978,221
40.07,1106,231
40.86,1121,225
41.65,1183,231
42.45,1199,224
43.24,1916,217
44.04,1916,225
44.83,1916,220
45.62,1900,223
46.42,1916,229
47.21,1526,224
48.04,1542,222
48.87,1916,230
49.70,1854,226
50.53,1854,224
51.36,2181,232
52.19,2181,230
53.01,2197,218
53.84,2275,213
54.67,1916,211
55.50,2243,214
56.33,2275,214
57.16,2197,217
57.95,2243,213
58.75,2212,215
59.54,2165,218
60.34,2165,215
61.14,2165,217
61.93,2165,219
62.73,1480,219
63.52,1012,221
64.32,1012,228
65.12,2134,220
65.91,2134,231
66.71,2150,232
67.40,2134,229
68.17,2134,229
68.94,2134,224
69.71,2150,219
70.48,2165,212
71.25,2165,212
72.02,1526,221
72.79,1542,217
73.56,2181,200
74.33,1074,226
75.10,1074,222
75.87,2181,211
76.70,2181,210
77.51,2197,210
78.33,3132,211
79.14,3132,213
79.95,3147,210
80.76,2243,184
81.58,2243,210
82.39,2259,200
83.20,2259,220
84.01,2243,227
84.83,2259,230
85.64,2243,223
86.43,1651,226
87.22,1963,218
88.02,2290,224
88.81,2306,225
89.60,2306,227
90.40,2337,226
91.19,2337,224
91.99,2352,225
92.78,2384,225
93.57,2399,224
94.37,2415,223
95.16,1246,228
95.96,1230,221
96.75,2462,217
97.54,1339,223
98.33,1324,227
99.12,2539,220
99.91,2555,224
100.70,2586,223
101.49,2617,225
102.28,2586,230
103.07,2539,222
103.86,2493,222
104.65,2430,221
105.47,2415,223
106.24,2399,223
107.02,2415,224
107.79,2462,225
108.56,2477,225
109.34,2508,226
110.11,2539,227
110.89,2571,225
111.66,2602,225
112.43,2633,224
113.21,2664,222
113.98,2711,225
114.78,2742,222
115.57,2056,210
116.37,2041,212
117.16,2025,214
117.95,2025,213
118.74,2025,212
119.54,2010,215
120.33,2010,215
121.12,2010,215
121.91,2010,214
122.71,1994,216
123.50,1994,216
124.30,1963,215
125.11,1994,216
125.92,1978,215
126.73,1994,216
127.54,1994,217
128.35,1994,216
129.15,1994,217
129.96,1994,216
130.77,1994,217
131.58,1994,216
132.39,1994,216
133.20,1994,218
133.96,2010,216
134.76,1994,217
135.57,2010,217
136.37,2010,216
137.17,2010,218
137.97,2025,216
138.78,2025,217
139.58,2041,215
140.38,2041,214
141.18,2041,213
141.99,2056,215
142.79,2056,213
143.62,2072,213
144.41,2072,211
145.20,2087,211
145.99,2103,212
146.78,2103,212
147.57,2119,211
148.36,2134,210
149.15,2134,210
149.94,2150,211
150.73,2165,210
151.52,2181,210
152.31,2197,190
153.11,2228,206
153.92,2243,138
154.72,2197,119
155.53,2150,93
156.34,2134,93
157.14,1994,74
157.95,1978,106
158.75,1947,80
159.56,1978,109
160.37,1854,119
161.17,1823,113
161.98,1776,126
162.73,1729,135
163.52,1698,215
164.32,1713,211
165.11,1729,211
165.90,1745,210
166.70,1776,168
167.49,1791,197
168.29,1807,180
169.08,1823,171
169.87,1854,161
170.67,1900,151
171.46,1916,158
172.43,1932,155
173.22,1963,187
174.01,1978,168
174.80,2041,129
175.59,2056,171
176.38,2072,132
177.17,2119,135
177.96,2212,219
178.75,2228,224
179.54,2290,224
180.33,1885,215
181.12,1869,233
181.92,1869,231
182.74,4363,216
183.56,4457,212
184.38,193,80
185.20,129,109
186.02,3849,126
186.83,3880,135
187.65,3755,151
188.47,3864,210
189.29,3849,210
190.11,4877,164
190.93,4831,215
191.69,4815,219
192.48,2462,220
193.28,2477,221
194.07,2462,223
194.86,2462,223
195.66,2493,221
196.45,2446,220
197.25,2462,223
198.04,2446,226
198.83,2430,223
199.63,2430,225
200.42,2430,226
201.25,2430,220
202.02,2337,216
202.80,2321,218
203.57,2306,223
204.34,2321,216
205.11,2508,216
205.89,2539,221
206.66,2836,225
207.43,1994,215
208.20,1994,221
208.98,1994,221
209.75,1994,221
210.55,1994,222
211.36,1994,220
212.16,2010,221
212.97,2010,222
213.77,2010,220
214.58,2025,221
215.38,2025,221
216.19,2025,221
216.99,2041,221
217.80,2041,221
218.60,2041,220
219.41,2056,222
220.17,2056,223
220.96,2072,223
221.76,2072,222
222.55,2087,223
223.34,2103,224
224.14,2119,225
224.93,2134,225
225.73,3927,217
226.52,3942,217
227.31,5251,214
228.11,5283,220
228.90,5314,220
229.73,5345,221
230.52,5376,217
231.30,5080,210
232.09,3677,213
232.88,3755,214
233.66,3911,214
234.45,4020,211
235.23,4145,211
236.02,4301,213
236.81,4363,216
237.59,4425,218
238.38,4457,221
239.18,4503,220
239.99,4550,223
240.79,4597,220
241.60,4659,219
242.40,2337,227
243.21,2306,228
244.01,2259,226
244.82,2243,228
245.62,2228,236
246.43,2181,227
247.23,2165,229
248.04,2181,230
248.84,2212,231
249.64,2228,229
250.43,2649,222
251.23,1994,222
252.03,1978,227
252.82,1963,224
253.62,1932,224
254.41,1916,223
255.21,1885,221
256.01,1854,219
256.80,1854,222
257.60,1869,222
258.40,1900,220
259.17,1854,218
259.95,1823,221
260.72,1776,219
261.49,1776,221
262.26,1791,219
263.04,2134,212
263.81,1745,216
264.58,1729,217
265.35,1713,216
266.13,1713,217
266.90,1713,218
267.73,1713,216
268.52,1620,210
269.31,1604,210
270.10,1682,211
270.89,1714,214
271.68,1682,210
272.48,1636,164
273.27,1636,177
274.06,1651,171
274.85,1760,211
275.64,1745,212
276.43,1745,217
277.22,1760,212
278.03,1776,216
278.83,1885,213
279.64,1869,218
280.45,1854,224
281.25,1838,226
282.06,1823,222
282.86,1823,225
283.67,1807,223
284.48,1791,218
285.28,1791,217
286.09,1791,218
286.85,1776,215
287.64,1807,214
288.43,1854,211
289.22,1869,213
290.01,2259,220
290.80,2243,225
291.58,2243,221
292.37,2243,227
293.16,2259,221
293.95,2275,222
294.74,2306,215
295.53,2415,210
296.33,3023,214
297.12,3007,218
297.92,3023,222
298.71,3023,223
299.50,3038,226
300.30,3038,226
301.09,3054,225
301.89,3054,226
302.68,3054,226
303.47,3070,227
304.27,3070,227
305.06,3070,228
305.85,3101,226
306.66,3116,221
307.46,3101,215
308.27,3101,215
309.08,3116,211
309.88,3132,211
310.69,3179,210
311.49,3179,210
312.30,3194,187
313.11,3210,168
313.91,3210,210
314.72,3225,168
315.47,3272,217
316.26,3303,217
317.06,3381,223
317.85,3397,218
318.64,3475,220
319.44,3412,216
320.23,3631,211
321.03,3553,220
321.82,3537,223
322.61,3490,224
323.41,3381,226
324.20,3303,225
325.03,3225,227
325.82,1760,222
326.61,1776,231
327.40,1776,231
328.19,1791,232
328.98,1791,232
329.78,1807,232
330.57,1823,234
331.36,1823,230
332.15,1838,229
332.94,1854,231
333.73,1869,229
334.52,1869,230
335.39,1885,230
336.27,1885,229
337.14,1916,229
338.02,1932,229
338.89,1932,228
339.77,1963,228
340.64,1963,229
341.52,1994,229
342.39,1994,229
343.27,2025,231
344.14,2041,230
344.90,2056,229
345.61,2088,230
346.32,2103,231
347.03,2119,229
347.74,2150,227
348.45,2150,232
349.17,2119,226
349.88,1963,223
350.59,1932,229
351.30,1932,232
352.01,1947,232
352.72,1885,220
353.51,1807,227
354.30,1791,231
355.09,1776,230
355.88,1776,230
356.67,1776,231
357.46,1791,230
358.26,1807,229
359.05,1838,222
359.84,2041,233
0.63,2041,232
1.42,2056,231
2.21,2056,231
3.00,1963,227
3.80,1947,228
4.61,1947,232
5.41,1947,226
6.21,2150,221
7.01,1854,210
7.82,1869,171
8.62,1807,158
9.42,1776,177
10.22,1760,203
11.03,1729,184
11.83,1745,197
12.63,1714,210
13.43,1682,210
14.22,1682,203
15.02,1667,211
15.82,1636,187
16.61,1636,210
17.41,1604,211
18.20,1620,211
19.00,1589,212
19.80,1573,211
20.59,1573,212
21.39,1558,212
22.19,1527,214
22.95,1542,211
23.70,1573,224
24.46,1636,217
25.22,1682,217
25.97,1745,215
26.73,1449,219
27.48,1402,226
28.24,1402,228
29.00,1402,228
29.75,1402,228
30.51,1417,219
31.34,1760,234
32.13,1776,232
32.91,2088,225
33.70,2072,232
34.49,2056,231
35.27,2041,231
36.06,2025,231
36.84,2010,231
37.63,1994,229
38.42,1979,231
39.20,1979,230
39.99,1106,227
40.79,1090,230
41.59,1137,225
42.38,1168,231
43.18,1199,217
43.98,1916,223
44.77,1916,226
45.57,1885,219
46.36,1901,227
47.16,1916,228
47.96,1527,230
48.75,1916,217
49.55,1916,231
50.31,1854,229
51.07,1869,217
51.84,2197,236
52.60,2181,227
53.36,2212,213
54.13,2259,215
54.89,1916,211
55.66,2243,217
56.42,2212,214
57.18,2228,216
57.95,2212,214
58.71,2181,216
59.54,2181,217
60.36,2181,216
61.17,2166,216
61.99,2166,219
62.80,1480,226
63.62,1012,227
64.43,1012,232
65.25,2134,227
66.06,2134,235
66.88,2150,229
67.69,2135,229
68.51,2135,228
69.31,2135,224
70.10,2150,217
70.90,2181,213
71.69,2166,211
72.48,1527,224
73.28,1542,210
74.07,1075,211
74.87,1075,227
75.66,1075,216
76.45,2181,210
77.25,2197,210
78.04,3132,211
78.83,3132,211
79.58,3148,211
80.32,2212,203
81.07,2228,203
81.82,2259,210
82.57,2244,210
83.31,2244,223
84.06,2244,227
84.81,2244,232
85.56,2244,216
86.30,1651,228
87.05,1948,219
87.88,2290,225
88.67,2306,225
89.46,2322,226
90.25,2322,224
91.04,2353,226
91.83,2368,226
92.62,2384,222
93.41,2384,225
94.20,2415,215
94.99,1246,227
95.78,2446,216
96.57,1340,222
97.50,1324,226
98.30,1324,228
99.09,2540,224
99.89,2571,224
100.69,2587,225
101.49,2618,227
102.28,2587,226
103.08,2524,222
103.88,2477,223
104.68,2431,220
105.47,2400,224
106.27,2415,226
107.03,2431,224
107.85,2462,223
108.67,2493,225
109.49,2524,226
110.31,2555,225
111.13,2587,226
111.94,2618,225
112.76,2633,224
113.58,2680,226
114.40,2727,223
115.22,2758,221
116.04,2041,210
116.83,2041,213
117.62,2025,214
118.41,2010,215
119.20,2025,212
119.99,2010,216
120.78,2010,215
121.58,1994,216
122.37,1994,216
123.16,1979,216
123.95,1994,217
124.74,1994,214
125.53,1994,216
126.32,1994,216
127.10,1994,217
127.87,1979,216
128.65,1979,216
129.43,1994,216
130.20,1994,217
130.98,1994,216
131.75,1994,217
132.53,1994,217
133.31,1994,216
134.08,2010,217
134.86,2010,215
135.66,2010,216
136.45,2010,216
137.24,2025,217
138.03,2025,218
138.82,2025,215
139.61,2025,215
140.39,2025,213
141.18,2041,212
141.97,2041,213
142.76,2072,213
143.55,2072,213
144.34,2103,212
145.14,2088,210
145.93,2103,211
146.73,2103,211
147.52,2103,210
148.31,2135,210
149.11,2150,211
149.90,2166,212
150.70,2166,211
151.49,2181,211
152.28,2212,213
153.08,2212,200
153.87,2244,161
154.66,2181,122
155.46,2135,100
156.27,2088,93
157.07,2057,100
157.87,1979,122
158.67,1948,103
159.48,1916,132
160.28,1854,90
161.08,1807,100
161.88,1776,135
162.69,1714,174
163.49,1698,215
164.29,1714,210
165.11,1714,211
165.93,1745,210
166.76,1776,203
167.58,1792,180
168.40,1807,164
169.22,1870,193
170.04,1870,145
170.86,1916,155
171.69,1916,187
172.51,1948,109
173.33,1994,142
174.13,1979,168
174.92,2041,148
175.71,2057,174
176.50,2088,142
177.29,2119,129
178.08,2212,222
178.87,2244,225
179.66,2290,217
180.45,1870,218
181.24,1870,232
182.03,1870,226
182.82,4363,218
183.65,4457,161
184.45,3802,106
185.25,3865,87
186.05,3880,126
186.85,3896,142
187.65,3615,158
188.45,3849,210
189.25,3849,211
190.05,4847,210
190.85,4815,216
191.65,4815,219
192.45,2477,222
193.24,2477,221
194.04,2477,225
194.83,2462,224
195.63,2462,222
196.43,2462,224
197.23,2462,226
198.02,2446,225
198.82,2431,223
199.62,2431,223
200.42,2431,227
201.21,2415,219
202.01,2322,218
202.90,2306,220
203.69,2322,220
204.49,2337,217
205.28,2540,215
206.07,2540,220
206.87,2836,225
207.66,1994,218
208.46,1979,222
209.25,1994,221
210.04,1979,220
210.84,1994,219
211.63,1994,221
212.46,1994,220
213.25,2010,223
214.03,2025,221
214.82,2025,221
215.61,2025,221
216.39,2041,220
217.18,2041,222
217.96,2041,221
218.75,2057,222
219.54,2057,222
220.32,2072,222
221.11,2072,222
221.91,2088,222
222.70,2103,224
223.50,2103,225
224.29,2135,224
225.08,2135,223
225.88,3927,221
226.67,3958,216
227.47,5236,218
228.26,5283,221
229.05,5314,220
229.85,5361,222
230.64,5392,215
231.43,3678,200
232.22,3709,214
233.01,3802,213
233.80,3911,213
234.59,4067,212
235.38,4207,211
236.17,4348,214
236.96,4379,217
237.75,4441,222
238.54,4472,221
239.33,4519,220
240.12,4566,222
240.95,4628,221
241.74,4675,218
242.52,2337,230
243.31,2290,226
244.10,2244,226
244.88,2244,229
245.67,2212,230
246.45,2166,226
247.24,2166,230
248.03,2197,231
248.81,2212,231
249.60,2228,227
250.39,2664,225
251.19,1994,226
251.98,1963,224
252.78,1963,222
253.58,1932,223
254.38,1916,224
255.17,1885,220
255.97,1854,220
256.77,1854,221
257.57,1885,219
258.36,1932,220
259.16,1838,222
259.91,1807,222
260.69,1776,219
261.47,1776,217
262.25,1807,212
263.03,2400,197
263.81,1760,214
264.59,1729,218
265.37,1714,216
266.15,1714,217
266.93,1714,217
267.71,1683,212
268.49,1620,200
269.29,1620,211
270.14,1683,212
271.00,1729,214
271.85,1651,193
272.71,1651,145
273.56,1636,161
274.42,1667,211
275.27,1776,212
276.13,1745,212
276.98,1745,216
277.84,1745,213
278.69,1760,217
279.49,1885,215
280.28,1870,222
281.08,1854,225
281.87,1838,224
282.66,1823,223
283.46,1807,221
284.25,1807,220
285.05,1792,218
285.84,1792,219
286.63,1776,217
287.43,1776,216
288.22,1823,213
289.01,1838,210
289.76,1885,213
290.52,2244,222
291.27,2244,226
292.02,2244,220
292.78,2244,225
293.53,2259,223
294.29,2275,224
295.04,2400,211
295.79,3007,211
296.55,3007,213
297.30,3007,218
298.06,3023,222
298.85,3039,224
299.65,3039,227
300.44,3039,225
301.23,3054,225
302.03,3054,226
302.82,3070,226
303.62,3070,230
304.41,3070,226
305.20,3070,228
306.00,3101,224
306.79,3085,219
307.86,3101,214
308.65,3101,214
309.44,3148,210
310.23,3148,210
311.02,3163,211
311.81,3179,210
312.61,3210,210
313.40,3194,193
314.19,3210,210
314.98,3241,193
315.77,3288,221
316.56,3381,217
317.35,3381,220
318.15,3413,219
318.94,3475,216
319.74,3413,212
320.54,3553,216
321.34,3537,224
322.13,3553,225
322.93,3444,225
323.73,3366,226
324.53,3288,225
325.32,3210,226
326.12,1776,231
326.88,1776,233
327.67,1792,233
328.47,1792,234
329.26,1792,232
330.05,1807,232
330.85,1823,234
331.64,1823,231
332.44,1838,229
333.23,1854,229
334.02,1854,228
334.82,1870,230
335.61,1885,228
336.40,1901,227
337.20,1916,227
338.00,1932,228
338.80,1932,230
339.60,1963,229
340.40,1963,228
341.21,1994,229
342.01,2010,229
342.81,2025,230
343.61,2041,229
344.41,2057,231
345.21,2088,232
346.00,2104,231
346.78,2119,230
347.56,2150,228
348.33,2135,230
349.11,2135,229
349.89,1948,227
350.67,1932,233
351.45,1932,233
352.23,1948,231
353.00,1839,221
353.78,1807,230
354.56,1792,232
355.31,1776,232
356.10,1776,232
356.89,1792,231
357.69,1792,230
358.48,1823,228
359.27,2041,219
0.06,2041,233
0.85,2041,231
1.64,2057,231
2.44,2057,227
3.23,1948,226
4.02,1948,227
4.85,1948,229
5.62,1948,227
6.40,2150,219
7.17,1870,184
7.95,1823,190
8.72,1807,161
9.50,1792,203
10.27,1761,210
11.05,1745,190
11.82,1745,210
12.60,1714,210
13.37,1698,206
14.16,1683,211
14.94,1667,210
15.72,1652,210
16.51,1620,212
17.29,1605,210
18.07,1589,210
18.85,1589,212
19.63,1574,213
20.41,1574,212
21.20,1542,211
21.98,1542,217
22.76,1605,210
23.51,1589,224
24.30,1636,217
25.09,1683,217
25.89,1745,211
26.68,1433,222
27.47,1387,227
28.26,1402,226
29.05,1402,228
29.84,1418,227
30.64,1761,216
31.43,1761,237
32.22,1776,229
33.05,2072,230
33.82,2072,231
34.60,2057,233
35.37,2026,232
36.15,2026,231
36.92,2010,230
37.70,1994,230
38.47,1979,232
39.25,1979,228
40.02,1106,231
40.80,1106,231
41.57,1184,229
42.36,1184,226
43.15,1215,214
43.95,1916,226
44.74,1916,223
45.53,1901,219
46.32,1901,226
47.12,1916,223
47.91,1527,228
48.70,1916,223
49.49,1916,226
50.29,1854,228
51.08,2166,220
51.87,2197,237
52.66,2197,227
53.46,2244,214
54.25,2228,217
55.04,1916,212
55.84,2244,215
56.63,2213,215
57.43,2181,215
58.22,2213,216
59.01,2197,214
59.81,2181,218
60.60,2181,216
61.40,2166,219
62.19,2166,216
62.97,1480,223
63.76,1013,229
64.55,1013,230
65.34,2135,231
66.12,2135,234
66.91,2150,229
67.70,2135,228
68.49,2135,227
69.27,2135,223
70.06,2166,214
70.89,2166,213
71.68,2166,210
72.47,1527,225
73.25,2166,211
74.04,1075,218
74.83,1075,228
75.62,1090,211
76.41,2181,211
77.20,2197,212
77.98,2213,212
78.77,3132,211
79.56,3148,212
80.36,2228,211
81.13,2228,210
81.89,2244,211
82.66,2259,214
83.43,2244,225
84.20,2259,226
84.96,2244,231
85.73,1652,218
86.50,1652,226
87.27,1963,217
88.03,2291,226
88.80,2306,226
89.56,2322,228
90.38,2337,222
91.19,2353,225
92.01,2368,225
92.83,2384,223
93.65,2400,223
94.46,1246,221
95.28,1246,226
96.10,2462,220
96.92,1340,224
97.73,1324,227
98.55,1340,221
99.38,2540,225
100.17,2571,226
100.96,2602,224
101.74,2618,231
102.53,2571,224
103.32,2524,222
104.11,2462,223
104.90,2415,223
105.69,2384,222
106.47,2415,227
107.26,2431,226
108.05,2462,227
108.84,2493,227
109.63,2524,226
110.43,2556,225
111.22,2587,224
112.02,2618,224
112.81,2649,224
113.61,2696,225
114.40,2727,224
115.20,2774,218
115.99,2041,213
116.79,2026,213
117.58,2026,215
118.37,2026,215
119.20,2026,214
120.03,2010,215
120.86,2010,215
121.69,1994,215
122.52,1994,215
123.35,1994,216
124.18,1994,215
125.01,1979,215
125.84,1994,217
126.67,1994,217
127.50,1994,217
128.33,1994,216
129.12,1994,216
129.91,1979,216
130.70,1994,217
131.49,1994,215
132.28,1994,217
133.06,1994,217
133.85,1994,216
134.64,1994,214
135.43,2010,215
136.22,2010,216
137.01,2026,215
137.80,2026,216
138.58,2026,216
139.36,2026,215
140.13,2041,214
140.91,2041,215
141.69,2041,213
142.47,2057,215
143.25,2073,213
144.03,2073,212
144.80,2073,211
145.58,2088,213
146.36,2135,193
147.11,2119,211
147.90,2119,200
148.69,2135,211
149.49,2151,211
150.28,2166,211
151.07,2166,211
151.86,2182,210
152.65,2197,210
153.44,2244,197
154.24,2244,174
155.03,2166,71
155.82,2151,87
156.65,2073,100
157.48,2010,103
158.32,1932,113
159.15,1901,93
159.98,50,96
160.82,1808,96
161.65,1808,142
162.49,1745,164
163.32,1699,193
164.15,1714,214
164.99,1730,211
165.82,1745,210
166.61,1761,210
167.37,1777,177
168.13,1808,164
168.90,1839,210
169.66,1854,155
170.42,1854,174
171.18,1901,142
171.94,1917,187
172.70,1964,142
173.47,1964,145
174.23,81,135
174.99,2026,135
175.78,2057,148
176.57,2104,142
177.36,2166,210
178.16,2213,225
178.95,2260,226
179.74,2291,214
180.53,1870,225
181.32,1870,233
182.11,1886,220
182.91,4364,216
183.70,35,122
184.49,65,109
185.32,73,126
186.14,3849,142
186.95,3865,148
187.77,3662,142
188.59,3865,211
189.41,3849,210
190.22,4847,211
191.04,4816,218
191.86,4816,218
192.68,2478,222
193.49,2462,222
194.31,2478,224
195.10,2462,224
195.89,2493,221
196.68,2447,222
197.47,2462,226
198.26,2447,224
199.05,2431,224
199.85,2431,224
200.64,2431,226
201.43,2416,218
202.22,2322,219
203.01,2306,221
203.80,2322,222
204.59,2353,217
205.39,2540,216
206.18,2540,218
206.98,2836,224
207.77,1995,218
208.57,1979,221
209.36,1995,222
210.16,1995,220
210.95,1995,221
211.75,1995,221
212.54,2010,221
213.34,2010,222
214.13,2010,219
214.92,2026,223
215.71,2026,220
216.49,2041,222
217.28,2041,221
218.07,2041,221
218.86,2057,222
219.65,2057,220
220.44,2073,223
221.22,2073,223
222.01,2088,222
222.80,2104,223
223.62,2119,224
224.41,2119,223
225.20,2151,227
225.99,3943,222
226.78,3959,217
227.57,5252,219
228.35,5283,221
229.14,5315,219
229.93,5361,221
230.72,5392,216
231.51,3678,210
232.30,3709,214
232.94,3803,214
233.73,3927,212
234.53,4052,211
235.32,4177,212
236.12,4317,216
236.91,4379,216
237.71,4426,220
238.50,4473,220
239.30,4520,220
240.09,4566,221
240.89,4613,219
241.68,4676,217
242.44,2338,229
243.24,2306,227
244.05,2244,226
244.85,2244,231
245.65,2213,233
246.46,2182,229
247.26,2182,229
248.07,2197,233
248.87,2213,232
249.67,2229,227
250.48,2665,223
251.28,1995,226
252.11,1964,223
252.90,1964,222
253.69,1932,222
254.48,1917,225
255.27,1870,220
256.06,1854,221
256.84,1854,222
257.63,1886,221
258.42,1917,218
259.21,1839,221
260.00,1808,222
260.79,1777,219
261.58,1777,219
262.36,1807,214
263.14,1745,210
263.91,1761,215
264.69,1729,218
265.47,1714,216
266.25,1714,217
267.03,1714,217
267.81,1683,212
268.58,1620,203
269.36,1605,210
270.14,1683,211
270.93,1729,213
271.74,1667,211
272.55,1636,168
273.36,1652,132
274.17,1667,210
274.98,1761,211
275.79,1745,213
276.60,1745,215
277.41,1761,215
278.22,1776,214
279.03,1885,218
279.84,1870,221
280.60,1854,225
281.39,1839,223
282.18,1823,223
282.98,1823,222
283.77,1807,220
284.56,1792,219
285.35,1776,217
286.14,1776,217
286.93,1792,216
287.73,1823,212
288.52,1854,212
289.31,1885,212
290.10,2259,221
290.92,2244,225
291.73,2244,219
292.55,2244,224
293.37,2259,223
294.19,2306,223
295.00,2384,212
295.82,2992,212
296.64,3023,214
297.46,3008,219
298.27,3023,224
299.09,3039,226
299.88,3039,225
300.70,3039,226
301.53,3054,224
302.35,3054,226
303.17,3070,228
304.00,3070,228
304.82,3070,228
305.65,3085,225
306.47,3116,225
307.29,3085,217
308.12,3101,214
308.94,3116,214
309.74,3132,212
310.53,3148,211
311.32,3179,210
312.10,3210,210
312.89,3179,161
313.68,3210,187
314.47,3210,210
315.26,3288,211
316.05,3288,221
316.83,3381,220
317.62,3381,218
318.41,3428,222
319.20,3428,213
319.99,3413,174
320.79,3568,217
321.58,3537,226
322.37,3553,223
323.16,3428,226
323.96,3350,227
324.75,3272,227
325.54,3194,224
326.33,1776,233
327.13,1776,231
327.92,1792,232
328.71,1792,233
329.57,1807,232
330.43,1807,231
331.28,1823,230
332.14,1823,230
333.00,1838,229
333.86,1854,228
334.72,1870,230
335.58,1885,229
336.43,1885,228
337.29,1901,228
338.15,1916,230
338.91,1932,229
339.71,1948,229
340.50,1963,229
341.30,1979,229
342.09,1994,227
342.89,2025,230
343.68,2025,230
344.48,2057,232
345.27,2072,231
346.07,2088,230
346.86,2103,227
347.66,2135,229
348.49,2150,232
349.20,2135,228
349.90,2119,220
350.61,1948,228
351.32,1932,230
352.02,1932,231
352.73,1963,228
353.43,1823,228
354.14,1792,229
354.85,1792,231
355.55,1776,231
356.26,1776,231
357.06,1792,230
357.86,1792,231
358.66,1823,228
359.45,2041,229
0.25,2041,233
1.05,2057,231
1.85,2057,233
2.65,1963,221
3.45,1948,227
4.24,1948,230
5.04,1948,229
5.84,2135,217
6.59,2166,211
7.36,1870,168
8.14,1854,197
8.91,1776,145
9.68,1776,210
10.45,1792,184
11.23,1729,210
12.00,1729,203
12.77,1698,177
13.54,1714,203
14.32,1667,206
15.09,1636,211
15.89,1636,211
16.69,1620,203
17.49,1605,210
18.30,1605,211
19.10,1589,210
19.90,1573,212
20.70,1573,211
21.50,1542,213
22.30,1527,217
23.11,1589,221
23.91,1605,219
24.71,1667,216
25.50,1714,216
26.30,1449,214
27.10,1418,221
27.89,1402,230
28.69,1402,230
29.49,1402,226
30.29,1418,227
31.09,1776,230
31.89,1776,230
32.68,1776,217
33.48,2072,231
34.28,2057,229
35.04,2041,232
35.83,2025,231
36.62,2025,231
37.42,2010,232
38.21,1994,231
39.00,1979,228
39.79,1106,219
40.58,1106,231
41.37,1121,225
42.17,1184,232
42.96,1199,221
43.75,1916,219
44.51,1916,224
45.30,1916,221
46.10,1901,224
46.89,1901,228
47.68,1527,226
48.47,1542,221
49.27,1916,231
50.06,1854,227
50.85,1854,222
51.64,2197,234
52.44,2181,231
53.23,2197,219
54.02,2275,216
54.81,1916,211
55.61,2259,214
56.40,2228,215
57.20,2181,215
57.99,2212,214
58.79,2212,215
59.58,2181,218
60.38,2197,217
61.17,2166,217
61.97,2166,219
62.76,1480,222
63.56,1012,222
64.34,1012,231
65.11,2150,221
65.89,2135,233
66.66,2150,232
67.44,2135,228
68.21,2135,228
68.99,2135,225
69.76,2150,220
70.54,2150,214
71.31,2166,212
72.09,1542,220
72.89,1542,216
73.68,2181,211
74.48,1075,226
75.27,1075,222
76.07,2181,210
76.86,2197,211
77.66,2212,212
78.45,2212,210
79.25,2212,211
80.04,2228,211
80.84,2228,211
81.63,2228,212
82.40,2244,212
83.16,2244,218
83.93,2244,225
84.69,2259,230
85.46,2244,226
86.22,1651,224
86.99,1932,217
87.75,2290,223
88.52,2306,226
89.28,2322,226
90.05,2322,223
90.81,2337,224
91.61,2353,225
92.42,2384,223
93.22,2400,225
94.03,2400,224
94.83,1231,225
95.64,1246,225
96.44,2462,218
97.25,1340,224
98.05,1324,227
98.86,2540,217
99.66,2555,226
100.47,2571,225
101.22,2618,227
102.02,2602,230
102.81,2555,223
103.61,2493,222
104.40,2462,223
105.20,2415,222
105.99,2400,226
106.79,2415,225
107.58,2446,225
108.38,2477,226
109.17,2509,226
109.97,2540,225
110.80,2571,227
111.59,2602,225
112.37,2633,227
113.16,2664,226
113.94,2711,223
114.73,2742,225
115.51,2774,211
116.30,2041,213
117.08,2025,213
117.87,2010,215
118.65,2025,214
119.44,2010,215
120.24,2010,215
121.03,2010,217
121.82,1994,215
122.62,1994,215
123.41,1994,216
124.20,1963,216
124.99,1994,217
125.78,1994,217
126.57,1979,216
127.37,1994,216
128.16,1994,217
128.95,1979,216
129.71,1994,216
130.50,1994,217
131.30,1994,218
132.09,1994,217
132.89,1994,217
133.68,1994,217
134.48,2010,216
135.27,2010,215
136.07,2010,215
136.86,2010,216
137.66,2025,216
138.45,2025,217
139.28,2041,216
140.10,2041,214
140.91,2041,215
141.73,2057,215
142.54,2057,213
143.36,2072,213
144.17,2072,212
144.99,2088,211
145.80,2088,211
146.62,2103,211
147.43,2119,210
148.25,2135,164
149.04,2150,210
149.84,2150,211
150.64,2166,212
151.45,2181,210
152.25,2197,210
153.05,2212,210
153.85,2244,177
154.65,2212,155
155.45,2150,90
156.26,2135,103
157.06,2057,87
157.86,50,87
158.66,2025,100
159.45,1901,106
160.25,1870,119
161.04,80,109
161.84,1792,148
162.63,1745,122
163.43,1698,213
164.22,1714,213
165.02,1729,211
165.81,1729,200
166.61,1760,210
167.40,1776,148
168.23,1823,203
169.00,1823,155
169.78,1854,171
170.55,1885,142
171.32,1901,151
172.09,1916,158
172.87,1948,158
173.64,1979,142
174.41,2041,151
175.18,2041,145
175.96,2057,142
176.73,2088,132
177.53,2166,212
178.32,2228,225
179.12,2275,223
179.91,2290,206
180.71,1870,227
181.50,1870,236
182.30,1885,216
183.09,4410,214
183.89,50,103
184.68,50,103
185.48,3880,87
186.27,3849,151
187.06,3849,132
187.88,3646,171
188.70,3865,210
189.52,3849,190
190.34,4831,214
191.16,4815,217
191.97,4815,216
192.79,2477,220
193.61,2477,221
194.43,2477,224
195.25,2462,224
196.07,2493,223
196.86,2462,222
197.63,2446,228
198.41,2446,225
199.18,2446,226
199.95,2431,223
200.72,2431,226
201.50,2431,218
202.27,2322,218
203.04,2306,223
203.81,2322,220
204.59,2337,217
205.36,2524,217
206.15,2555,217
206.95,2836,222
207.74,1979,219
208.54,1979,221
209.33,1994,221
210.13,1994,220
210.92,1994,220
211.72,1994,220
212.51,2010,221
213.31,2010,221
214.10,2010,220
214.90,2025,222
215.69,2025,221
216.50,2041,222
217.31,2041,221
218.11,2041,221
218.92,2057,222
219.73,2057,222
220.54,2072,223
221.35,2072,224
222.16,2088,223
222.96,2103,225
223.77,2103,224
224.58,2119,225
225.34,2135,223
226.11,3943,219
226.89,3958,216
227.66,5252,220
228.43,5283,220
229.20,5314,219
229.98,5361,220
230.75,5376,212
231.52,3678,212
232.29,3709,214
233.07,3802,214
233.84,3943,213
234.67,4067,212
235.46,4207,211
236.25,4348,214
237.05,4395,219
237.84,4441,220
238.63,4488,219
239.42,4535,220
240.21,4582,221
241.00,4628,220
241.80,4675,214
242.59,2322,232
243.38,2290,226
244.17,2244,226
244.96,2244,231
245.76,2212,230
246.55,2166,227
247.34,2181,231
248.13,2197,232
248.93,2212,232
249.72,2244,222
250.51,2664,222
251.30,1994,227
252.10,1963,225
252.89,1948,222
253.65,1932,223
254.45,1916,224
255.26,1870,217
256.06,1854,221
256.87,1854,221
257.67,1885,220
258.48,1901,218
259.28,1823,219
260.09,1807,221
260.89,1776,220
261.70,1776,219
262.50,1807,210
263.30,1745,213
264.09,1823,217
264.89,1714,218
265.68,1729,215
266.48,1714,218
267.27,1714,217
268.07,1636,213
268.86,1620,187
269.66,1636,213
270.45,1714,212
271.25,1760,211
272.04,1651,180
272.84,1651,135
273.69,1667,168
274.53,1683,211
275.38,1745,212
276.23,1745,214
277.08,1745,214
277.92,1760,217
278.77,1807,214
279.62,1885,217
280.47,1854,222
281.31,1838,226
282.16,1838,221
282.92,1823,224
283.72,1807,222
284.51,1807,220
285.31,1792,219
286.10,1776,217
286.90,1776,215
287.69,1792,213
288.49,1854,213
289.28,1870,213
290.08,2259,214
290.87,2244,225
291.67,2228,220
292.58,2244,223
293.37,2259,223
294.16,2275,223
294.95,2306,219
295.74,2415,212
296.53,3023,216
297.33,3023,216
298.12,3007,222
298.91,3023,222
299.70,3038,226
300.49,3038,225
301.28,3038,226
302.08,3054,226
302.88,3054,226
303.68,3070,228
304.49,3070,226
305.29,3070,228
306.09,3101,224
306.89,3101,220
307.69,3101,214
308.49,3101,214
309.30,3116,210
310.10,3163,211
310.90,3179,211
311.69,3179,206
312.49,3210,206
313.28,3194,203
314.08,3210,210
314.87,3241,164
315.67,3272,218
316.46,3303,216
317.26,3381,220
318.05,3397,215
318.85,3475,221
319.64,3412,215
320.44,3615,214
321.27,3537,221
322.06,3537,226
322.85,3459,224
323.65,3397,227
324.44,3303,226
325.23,3210,224
326.02,1760,224
326.81,1776,232
327.60,1791,233
328.40,1791,232
329.19,1791,232
329.98,1807,233
330.77,1823,232
331.60,1823,230
332.42,1838,230
333.25,1838,229
334.07,1869,229
334.90,1869,228
335.72,1885,229
336.55,1901,229
337.37,1916,228
338.20,1932,228
339.02,1947,230
339.85,1963,229
340.64,1979,229
341.44,1994,230
342.23,2010,229
343.03,2025,230
343.83,2041,230
344.62,2056,230
345.42,2072,231
346.21,2103,229
347.01,2134,229
347.81,2150,229
348.60,2134,232
349.40,2134,227
350.16,1947,223
350.88,1932,231
351.60,1932,232
352.32,1947,232
353.04,1838,218
353.76,1807,229
354.49,1791,230
355.21,1776,232
355.93,1776,230
356.65,1791,230
357.37,1791,230
358.09,1807,227
358.92,1854,220
359.71,2041,234
0.50,2041,233
1.29,2056,231
2.08,2056,230
2.87,1947,225
3.66,1947,229
4.45,1947,229
5.24,1947,227
6.03,2150,221
6.82,1838,187
7.61,1823,171
8.40,1807,138
9.20,1776,190
9.99,1760,200
10.79,1745,184
11.59,1745,210
12.39,1745,184
13.18,1698,171
13.98,1667,197
14.78,1667,210
15.58,1636,210
16.37,1620,211
17.17,1620,210
17.92,1604,212
18.71,1589,211
19.49,1589,211
20.28,1558,210
21.07,1558,211
21.86,1542,215
22.64,1542,213
23.43,1573,227
24.22,1636,217
25.01,1682,216
25.79,1729,214
26.58,1433,220
27.41,1386,226
28.20,1402,230
28.99,1402,228
29.78,1417,229
30.57,1417,217
31.36,1760,232
32.15,1776,231
32.94,2072,225
33.73,2072,231
34.52,2056,231
35.31,2041,229
36.10,2025,231
36.89,2010,229
37.67,2010,232
38.44,1979,231
39.22,1979,230
40.00,1106,231
40.78,1106,231
41.55,1137,228
42.33,1184,231
43.11,1215,216
43.89,1916,223
44.66,1916,225
45.44,1916,220
46.23,1901,225
47.02,1916,225
47.81,1527,233
48.60,1916,219
49.39,1916,227
50.18,1854,228
50.97,1869,216
51.76,2197,237
52.55,2181,228
53.34,2212,215
54.13,2243,215
54.92,1916,214
55.75,2212,215
56.54,2228,216
57.33,2181,214
58.12,2228,213
58.91,2181,216
59.70,2181,218
60.49,2181,215
61.28,2197,217
62.07,2166,218
62.86,1464,225
63.65,1012,227
64.44,1012,229
65.23,2150,228
65.99,2134,234
66.76,2150,228
67.52,2134,228
68.28,2134,227
69.05,2134,226
69.81,2150,216
70.58,2166,212
71.34,2166,212
72.10,1542,226
72.87,1558,210
73.63,1075,211
74.43,1075,228
75.24,1075,216
76.05,2181,211
76.86,2197,212
77.67,2197,210
78.48,2197,211
79.28,3147,212
80.09,2212,211
80.90,2228,210
81.71,2243,212
82.52,2243,211
83.33,2259,222
84.13,2243,226
84.92,2243,231
85.71,2243,219
86.50,1651,225
87.29,1963,223
88.08,2290,227
88.87,2306,225
89.66,2321,225
90.45,2337,224
91.24,2353,225
92.03,2368,224
92.82,2384,223
93.61,2399,225
94.37,2415,219
95.13,1230,227
95.89,1246,220
96.65,1355,217
97.41,1324,225
98.17,1324,227
98.93,2540,220
99.69,2555,225
100.45,2586,225
101.21,2602,226
101.97,2602,230
102.77,2524,222
103.57,2493,224
104.36,2431,222
105.16,2399,225
105.96,2399,225
106.75,2415,226
107.55,2462,226
108.34,2477,227
109.14,2524,225
109.94,2540,227
110.73,2571,225
111.53,2602,225
112.32,2649,224
113.11,2664,224
113.89,2711,225
114.68,2742,222
115.47,2072,206
116.26,2041,211
117.04,2025,212
117.83,2010,214
118.62,2025,214
119.41,2010,214
120.19,2010,215
120.98,2010,216
121.81,1994,215
122.63,1994,215
123.44,1994,216
124.26,1979,215
125.07,1994,216
125.89,1994,217
126.70,1994,217
127.52,1994,217
128.33,1994,217
129.15,1994,217
129.96,1994,217
130.78,1994,215
131.58,1994,216
132.38,1994,217
133.17,1994,218
133.97,1994,216
134.77,2010,216
135.56,2010,216
136.36,2010,216
137.15,2010,216
137.95,2025,216
138.75,2025,217
139.54,2041,215
140.34,2041,215
141.10,2041,215
141.89,2056,213
142.68,2056,212
143.47,2072,212
144.26,2072,211
145.05,2088,210
145.84,2103,211
146.63,2103,211
147.42,2119,210
148.21,2134,197
149.00,2134,212
149.79,2150,211
150.62,2166,211
151.42,2166,211
152.22,2197,211
153.02,2212,190
153.82,2259,193
154.62,2212,116
155.41,2134,116
156.21,2103,87
157.01,2041,80
157.81,2010,109
158.61,1963,103
159.41,1885,122
160.21,1901,93
161.01,80,96
161.80,1776,145
162.60,1745,142
163.40,1698,215
164.19,1714,212
164.99,1729,210
165.78,1745,211
166.58,1760,210
167.38,1791,177
168.17,1823,190
168.97,1838,193
169.73,1854,161
170.55,1885,148
171.36,1901,177
172.18,1932,158
173.00,1963,168
173.81,1963,161
174.63,2025,119
175.44,2041,180
176.26,2088,161
177.08,2150,151
177.89,2212,217
178.71,2228,225
179.53,2275,224
180.33,1885,213
181.14,1869,230
181.94,1869,232
182.74,4379,217
183.55,4426,213
184.35,95,103
185.16,72,109
185.96,3849,116
186.76,3849,145
187.57,3802,168
188.37,3864,210
189.16,3849,212
189.95,4862,164
190.75,4815,215
191.54,4815,221
192.33,2462,218
193.13,2477,218
193.92,2462,223
194.72,2462,224
195.51,2462,223
196.30,2508,221
197.10,2446,223
197.89,2446,225
198.68,2431,224
199.46,2431,222
200.23,2431,226
201.01,2415,226
201.79,2337,214
202.57,2321,218
203.34,2306,225
204.12,2337,218
204.90,2353,218
205.68,2540,221
206.45,2836,221
207.23,1994,212
208.06,1979,220
208.85,1994,222
209.64,1994,221
210.43,1994,220
211.22,1994,219
212.01,1994,222
212.80,2010,219
213.59,2010,221
214.38,2025,222
215.17,2025,221
215.96,2025,222
216.75,2041,220
217.65,2041,221
218.44,2041,223
219.24,2056,221
220.03,2072,223
220.82,2072,225
221.61,2072,223
222.41,2088,223
223.20,2103,226
223.99,2119,226
224.78,2134,227
225.58,2150,215
226.37,3942,218
227.17,5236,210
227.96,5267,220
228.76,5298,220
229.55,5345,220
230.34,5376,219
231.13,5049,211
231.93,3662,215
232.72,3740,214
233.51,3849,214
234.30,4005,212
235.10,4114,211
235.89,4285,210
236.69,4348,215
237.48,4410,221
238.27,4441,220
239.06,4503,220
239.85,4550,219
240.64,4581,220
241.43,4644,220
242.22,2353,222
243.01,2306,231
243.80,2275,227
244.59,2243,229
245.38,2243,236
246.21,2197,225
246.98,2166,229
247.76,2181,229
248.53,2212,231
249.30,2212,230
250.08,2649,221
250.85,2010,216
251.63,1979,226
252.40,1963,224
253.17,1947,222
253.95,1916,221
254.72,1901,222
255.51,1854,217
256.32,1854,222
257.13,1869,219
257.94,1901,221
258.75,1901,219
259.56,1823,222
260.36,1776,220
261.17,1776,220
261.98,1791,218
262.79,2384,212
263.60,1745,214
264.41,1745,216
265.17,1714,218
265.96,1714,216
266.76,1714,218
267.55,1714,216
268.34,1620,211
269.14,1620,203
269.93,1667,212
270.73,1714,214
271.52,1682,212
272.31,1651,168
273.11,1651,161
273.90,1636,210
274.73,1698,212
275.53,1760,213
276.33,1745,216
277.13,1760,216
277.93,1760,216
278.73,1854,214
279.53,1885,218
280.33,1854,223
281.13,1838,225
281.93,1823,222
282.73,1823,223
283.53,1807,220
284.32,1791,217
285.17,1791,220
286.02,1776,217
286.87,1776,216
287.72,1823,214
288.57,1838,212
289.41,1885,211
290.26,2243,218
291.11,2243,225
291.96,2228,220
292.81,2243,226
293.66,2259,223
294.41,2275,224
295.20,2321,215
296.00,2431,211
296.79,3007,214
297.58,3007,218
298.38,3023,221
299.17,3023,224
299.97,3038,225
300.76,3038,227
301.55,3054,227
302.35,3054,226
303.14,3070,228
303.97,3070,227
304.76,3070,229
305.54,3070,228
306.33,3101,224
307.12,3085,218
307.90,3101,214
308.69,3101,214
309.47,3147,211
310.26,3132,210
311.05,3163,210
311.83,3194,210
312.62,3210,210
313.42,3194,203
314.22,3210,210
315.01,3225,210
315.81,3288,221
316.61,3397,218
317.40,3381,221
318.20,3412,217
318.99,3475,219
319.79,3412,214
320.59,3631,216
321.38,3537,224
322.18,3553,225
322.94,3444,225
323.73,3366,225
324.53,3272,225
325.32,3194,225
326.11,1776,229
326.90,1776,231
327.70,1791,233
328.49,1791,231
329.28,1807,231
330.07,1807,231
330.87,1823,231
331.66,1838,232
332.49,1838,232
333.30,1854,229
334.12,1854,230
334.93,1885,229
335.74,1885,230
336.55,1901,229
337.37,1916,229
338.18,1932,230
338.99,1947,230
339.80,1963,229
340.62,1979,230
341.43,1994,229
342.23,2010,229
343.02,2025,230
343.82,2041,229
344.61,2072,230
345.40,2088,230
346.19,2103,229
346.99,2134,229
347.78,2150,230
348.57,2134,230
349.36,2103,225
350.16,1947,227
350.95,1932,232
351.74,1932,232
352.46,1947,232
353.19,1838,223
353.91,1807,229
354.64,1791,231
355.36,1776,230
356.09,1776,231
356.81,1791,232
357.54,1791,230
358.26,1823,229
358.99,2041,218
359.71,2041,233
0.51,2041,232
1.31,2056,232
2.11,2056,228
2.91,1947,226
3.71,1947,230
4.51,1947,229
5.31,1947,227
6.11,2150,221
6.91,1885,197
7.71,1838,171
8.51,1807,193
9.31,1776,168
10.10,1760,210
10.89,1729,187
11.69,1745,210
12.48,1714,210
13.27,1682,210
14.06,1667,210
14.86,1651,210
15.65,1636,211
16.44,1636,210
17.23,1604,210
18.03,1589,211
18.82,1573,211
19.62,1573,212
20.40,1558,210
21.18,1558,212
21.96,1527,219
22.74,1542,212
23.52,1589,223
24.30,1636,217
25.08,1698,216
25.86,1745,210
26.64,1433,223
27.42,1386,230
28.20,1402,226
28.96,1402,228
29.75,1417,229
30.54,1776,220
31.33,1760,236
32.12,1776,229
32.91,2072,233
33.70,2072,232
34.49,2056,231
35.28,2041,231
36.07,2025,231
36.86,2010,231
37.65,1994,230
38.48,1979,230
39.27,1979,229
40.06,1106,229
40.85,1106,228
41.64,1184,229
42.43,1184,227
43.21,1215,213
44.00,1916,224
44.79,1916,225
45.58,1885,221
46.37,1901,228
47.16,1932,221
47.96,1527,225
48.74,1916,223
49.52,1916,225
50.30,1854,228
51.08,2181,220
51.86,2197,236
52.64,2197,224
53.42,2243,214
54.20,2243,215
54.98,1916,211
55.76,2243,215
56.54,2212,215
57.30,2212,216
58.09,2228,213
58.89,2181,217
59.68,2166,216
60.47,2166,216
61.26,2166,218
62.06,2166,216
62.85,1480,221
63.64,1012,231
64.43,1012,227
65.23,2134,230
66.02,2150,233
66.82,2150,226
67.64,2134,228
68.45,2134,228
69.27,2134,221
70.08,2166,215
70.90,2212,212
71.71,1542,210
72.53,1542,225
73.34,2181,210
74.16,1075,216
74.97,1075,228
75.79,1090,211
76.59,2197,211
77.34,2197,211
78.10,3132,210
78.85,3132,212
79.60,3132,212
80.36,3179,174
81.11,2243,145
81.87,2243,210
82.62,2259,213
83.37,2243,226
84.13,2259,227
84.88,2243,233
85.64,1651,216
86.43,1651,225
87.23,1932,218
88.02,2290,227
88.81,2306,225
89.60,2321,225
90.40,2337,225
91.19,2353,225
91.98,2368,226
92.77,2384,225
93.57,2399,225
94.36,1246,218
95.16,1230,227
95.96,2462,217
96.77,1355,220
97.57,1324,225
98.37,1339,227
99.17,2555,222
99.98,2555,225
100.78,2586,223
101.58,2633,228
102.38,2586,225
103.19,2540,222
103.99,2477,222
104.79,2431,222
105.55,2399,225
106.31,2415,224
107.07,2431,224
107.83,2462,227
108.59,2493,225
109.35,2508,226
110.11,2540,225
110.87,2571,224
111.63,2618,225
112.39,2649,224
113.15,2680,224
113.95,2711,225
114.75,2758,224
115.54,2041,206
116.34,2041,213
117.14,2025,215
117.93,2025,215
118.73,2025,211
119.52,2010,216
120.32,2010,216
121.12,2010,214
121.91,1994,215
122.71,1994,217
123.50,1994,215
124.32,1947,216
125.13,1994,215
125.95,1994,215
126.77,1994,215
127.58,1994,216
128.40,1979,216
129.21,1994,216
130.03,1979,217
130.85,1994,216
131.66,1994,215
132.48,1994,217
133.27,1994,216
134.06,1994,214
134.86,2010,216
135.65,2010,216
136.44,2010,214
137.24,2025,216
138.03,2025,216
138.83,2025,215
139.62,2025,213
140.41,2025,214
141.21,2041,215
142.00,2056,214
142.76,2056,213
143.56,2072,212
144.35,2072,212
145.15,2088,212
145.95,2088,211
146.74,2119,210
147.54,2119,206
148.33,2134,174
149.13,2150,211
149.93,2166,211
150.72,2166,211
151.52,2181,211
152.27,2197,212
153.06,2212,193
153.85,2259,184
154.64,2228,109
155.43,2150,122
156.22,2088,96
157.01,2041,87
157.80,2010,84
158.59,1963,77
159.38,1885,100
160.17,1838,122
160.96,1791,93
161.79,1760,135
162.58,1729,148
163.37,1698,214
164.16,1714,211
164.95,1729,211
165.74,1745,210
166.53,1776,200
167.32,1791,168
168.11,1807,177
168.90,1823,210
169.69,1854,190
170.48,1885,171
171.27,1901,145
172.08,1947,164
172.89,1963,151
173.70,1994,174
174.51,2025,116
175.32,2057,119
176.13,2088,155
176.94,2119,145
177.75,2181,215
178.56,2228,226
179.37,2275,225
180.18,1885,211
180.94,1870,231
181.76,1870,230
182.57,4379,214
183.39,4426,215
184.21,95,96
185.02,3833,96
185.84,3833,126
186.65,3880,135
187.47,3802,168
188.29,3880,164
189.10,3880,210
189.92,3833,174
190.75,4831,216
191.54,4815,220
192.33,2462,218
193.12,2477,218
193.91,2477,224
194.70,2477,225
195.49,2493,221
196.28,2462,220
197.07,2446,224
197.86,2446,225
198.65,2431,224
199.44,2446,223
200.23,2431,228
201.05,2431,224
201.88,2337,217
202.70,2322,219
203.52,2306,224
204.34,2322,215
205.17,2368,218
205.99,2540,219
206.81,2836,223
207.63,1994,213
208.46,1994,219
209.28,1979,220
210.04,1994,221
210.82,1994,221
211.59,1994,219
212.37,2010,220
213.15,2010,220
213.92,2010,219
214.70,2010,221
215.47,2025,221
216.25,2025,220
217.03,2041,221
217.80,2041,222
218.58,2057,221
219.41,2057,224
220.20,2072,222
220.99,2072,223
221.78,2088,223
222.57,2103,224
223.36,2103,225
224.15,2119,225
224.94,2135,226
225.73,3927,217
226.52,3943,218
227.31,5252,214
228.10,5267,220
228.89,5298,220
229.68,5345,220
230.48,5376,219
231.27,5049,210
232.06,3678,214
232.86,3802,213
233.65,3880,214
234.45,4020,213
235.24,4161,211
236.03,4301,213
236.83,4363,217
237.62,4410,220
238.38,4457,220
239.18,4519,220
239.97,4550,219
240.77,4613,220
241.57,4659,219
242.36,2337,228
243.16,2306,227
243.95,2244,226
244.75,2244,230
245.55,2228,235
246.34,2181,228
247.14,2181,229
247.90,2197,229
248.69,2212,234
249.48,2228,229
250.27,2649,227
251.06,1994,224
251.85,1979,223
252.64,1963,224
253.43,1932,222
254.22,1916,224
255.01,1885,221
255.80,1854,219
256.59,1854,220
257.38,1885,223
258.18,1916,218
258.99,1838,218
259.79,1823,221
260.59,1776,219
261.40,1792,218
262.20,1807,217
263.01,2384,210
263.81,1760,214
264.61,1729,217
265.42,1714,214
266.22,1714,220
267.01,1714,218
267.81,1714,213
268.60,1620,210
269.40,1636,210
270.20,1683,213
270.99,1729,213
271.79,1667,210
272.58,1636,119
273.38,1636,174
274.18,1667,212
274.97,1760,212
275.77,1745,214
276.53,1729,215
277.35,1760,215
278.17,1776,216
278.99,1885,217
279.81,1854,223
280.63,1854,227
281.44,1838,222
282.26,1823,223
283.08,1807,221
283.90,1807,220
284.72,1792,219
285.54,1792,215
286.34,1776,216
287.16,1776,213
287.97,1823,212
288.79,1854,212
289.61,1885,211
290.42,2244,222
291.24,2228,226
292.05,2244,222
292.87,2244,224
293.69,2259,225
294.50,2290,221
295.32,2431,212
296.11,3023,215
296.91,3007,215
297.70,3007,221
298.50,3023,223
299.30,3039,227
300.09,3039,225
300.89,3039,226
301.68,3054,227
302.48,3054,225
303.28,3070,226
304.07,3070,227
304.87,3070,228
305.63,3085,226
306.42,3101,225
307.21,3070,216
308.00,3101,214
308.79,3116,215
309.58,3148,211
310.37,3194,210
311.16,3163,210
311.95,3179,211
312.74,3194,193
313.53,3210,197
314.32,3226,164
315.15,3272,212
315.94,3303,220
316.73,3381,222
317.52,3381,217
318.31,3459,224
319.10,3413,214
319.88,3568,164
320.67,3568,221
321.46,3537,229
322.25,3537,222
323.04,3413,224
323.83,3319,227
324.63,3241,227
325.43,3194,219
326.22,1776,233
327.02,1760,229
327.82,1792,234
328.61,1792,234
329.41,1807,233
330.20,1823,232
331.00,1823,232
331.80,1838,231
332.59,1838,231
333.39,1854,231
334.14,1870,230
334.98,1885,229
335.83,1901,230
336.67,1916,229
337.51,1916,230
338.36,1932,230
339.20,1948,229
340.05,1963,230
340.89,1979,228
341.73,1994,228
342.58,2010,228
343.42,2041,229
344.25,2057,231
344.99,2072,230
345.73,2088,229
346.47,2119,230
347.21,2150,229
347.95,2150,232
348.70,2119,227
349.44,2119,219
350.18,1932,228
350.92,1932,231
351.66,1932,231
352.40,1963,227
352.94,1807,229
353.73,1792,230
354.53,1792,230
355.32,1776,232
356.11,1776,231
356.91,1792,231
357.70,1807,230
358.50,1823,227
359.29,2041,229
0.08,2041,234
0.88,2057,231
1.67,2057,231
2.46,1979,220
3.26,1948,227
4.05,1948,231
4.85,1948,230
5.65,1948,216
6.44,2150,211
7.24,1838,161
8.03,1807,158
8.83,1792,193
9.63,1792,210
10.42,1745,203
11.22,1760,161
12.01,1714,210
12.80,1745,193
13.59,1683,210
14.38,1651,210
15.17,1636,210
15.96,1636,210
16.76,1620,206
17.55,1605,211
18.34,1589,211
19.13,1573,211
19.92,1558,210
20.71,1558,212
21.50,1542,212
22.27,1527,217
23.05,1558,213
23.82,1589,223
24.59,1651,217
25.37,1714,217
26.14,1449,211
26.92,1449,221
27.69,1386,230
28.46,1402,226
29.24,1402,227
30.01,1418,228
30.80,1760,221
31.58,1760,234
32.36,1776,224
33.14,2072,231
33.92,2057,231
34.70,2057,231
35.48,2025,230
36.26,2025,231
37.04,2010,230
37.82,1994,230
38.60,1979,230
39.38,1979,230
40.14,1106,232
40.93,1106,229
41.73,1184,229
42.52,1184,227
43.31,1215,214
44.11,1916,224
44.90,1916,222
45.70,1901,219
46.49,1901,228
47.28,1948,220
48.08,1527,231
48.87,1916,226
49.70,1870,226
50.50,1854,229
51.31,2181,221
52.11,2197,235
52.91,2181,225
53.71,2212,213
54.52,2244,215
55.32,1901,212
56.12,2244,216
56.92,2244,215
57.73,2212,215
58.53,2212,215
59.32,2212,216
60.07,2181,216
60.82,2181,216
61.57,2181,217
62.32,2166,216
63.07,1480,226
63.83,1012,230
64.58,1012,228
65.33,2103,228
66.08,2135,233
66.83,2150,229
67.58,2135,228
68.33,2135,226
69.12,2150,224
69.92,2166,215
70.71,2166,212
71.50,2181,211
72.30,1542,223
73.09,2181,190
73.89,1075,213
74.68,1075,229
75.47,1075,213
76.27,2181,211
77.06,2181,203
77.86,3132,211
78.64,3132,210
79.41,3148,212
80.19,3163,203
80.97,2228,211
81.74,2244,210
82.52,2244,210
83.29,2244,224
84.07,2259,226
84.85,2244,230
85.62,2244,217
86.40,1651,226
87.19,1932,219
87.99,2290,226
88.78,2306,227
89.58,2322,225
90.38,2337,224
91.18,2353,226
91.97,2368,226
92.77,2384,224
93.57,2384,224
94.37,2415,216
95.16,1231,227
95.96,1246,215
96.72,1355,220
97.50,1324,224
98.27,1324,226
99.05,2540,223
99.83,2556,224
100.60,2587,225
101.38,2602,227
102.15,2587,226
102.93,2540,219
103.71,2478,222
104.48,2431,223
105.26,2400,223
106.09,2400,226
106.89,2431,226
107.69,2446,227
108.49,2478,226
109.29,2509,225
110.09,2540,226
110.88,2571,226
111.68,2602,225
112.48,2649,224
113.28,2680,224
114.08,2711,222
114.88,2758,223
115.68,2057,211
116.47,2026,213
117.27,2026,214
118.06,2010,215
118.85,2026,212
119.65,2010,214
120.44,2010,217
121.24,1994,216
122.03,1994,215
122.82,1994,215
123.62,1994,217
124.41,1963,216
125.20,1994,216
126.01,1994,216
126.81,1994,216
127.62,1994,217
128.43,1994,216
129.23,1994,216
130.04,1979,217
130.84,1994,217
131.65,1979,217
132.46,1994,216
133.26,1994,215
134.07,1994,217
134.86,2010,216
135.65,2010,216
136.44,2026,216
137.23,2010,217
138.02,2010,215
138.81,2026,216
139.60,2041,215
140.39,2041,214
141.18,2041,213
141.97,2057,213
142.76,2072,212
143.55,2072,212
144.34,2088,212
145.13,2088,211
145.93,2104,210
146.72,2119,211
147.51,2119,210
148.31,2135,210
149.10,2150,211
149.90,2166,211
150.69,2166,211
151.48,2181,211
152.28,2197,211
153.07,2228,211
153.87,2228,193
154.72,2181,122
155.56,2119,109
156.41,2135,58
157.25,2026,96
158.10,1979,132
158.94,1916,80
159.79,1854,90
160.63,1854,103
161.48,1792,135
162.32,1776,135
163.17,1729,135
163.96,1698,218
164.75,1714,210
165.54,1745,210
166.33,1761,211
167.12,1776,180
167.91,1823,158
168.70,1823,180
169.49,1823,200
170.28,1870,168
171.07,1885,161
171.86,1916,135
172.65,1948,158
173.44,1963,151
174.23,1994,148
175.03,2057,145
175.82,2057,171
176.61,2088,164
177.41,2135,155
178.20,2213,224
179.00,2244,224
179.79,2291,217
180.58,1870,222
181.38,1854,234
182.17,1885,226
182.97,4379,216
183.78,65,119
184.58,87,109
185.39,53,96
186.19,3865,132
187.00,3896,119
187.80,3615,138
188.61,3865,210
189.41,3849,210
190.22,4831,211
191.02,4815,216
191.83,4815,219
192.63,2478,220
193.42,2462,222
194.21,2462,223
195.00,2462,224
195.79,2478,221
196.58,2462,223
197.37,2446,226
198.16,2446,226
198.95,2431,224
199.74,2431,225
200.53,2431,224
201.32,2431,217
202.15,2322,216
202.95,2306,224
203.75,2322,218
204.55,2353,218
205.35,2540,219
206.15,2556,217
206.95,2836,222
207.75,1994,219
208.55,1979,222
209.35,1994,221
210.15,1994,220
210.95,1994,220
211.74,1994,221
212.56,2010,220
213.38,2010,222
214.20,2010,220
215.02,2026,220
215.84,2041,221
216.65,2041,220
217.47,2041,220
218.29,2057,221
219.11,2057,223
219.93,2072,223
220.75,2072,224
221.54,2072,221
222.33,2088,222
223.13,2104,223
223.92,2119,225
224.72,2135,225
225.51,2135,220
226.31,3943,221
227.10,3958,212
227.90,5252,220
228.69,5299,222
229.49,5330,221
230.28,5361,219
231.07,5408,211
231.85,3662,214
232.62,3724,214
233.40,3818,214
234.18,3958,211
234.95,4099,212
235.73,4270,213
236.50,4348,215
237.28,4395,220
238.06,4441,219
238.83,4488,221
239.61,4535,220
240.40,4582,221
241.19,4628,220
241.99,2353,220
242.78,2322,230
243.57,2275,227
244.37,2244,227
245.16,2244,233
245.96,2197,226
246.75,2166,229
247.54,2181,231
248.34,2213,231
249.13,2228,231
249.88,2649,218
250.67,2665,215
251.47,1979,227
252.26,1963,224
253.06,1963,224
253.85,1916,221
254.65,1901,222
255.44,1870,217
256.24,1854,221
257.03,1870,221
257.83,1901,220
258.62,1901,219
259.45,1823,221
260.24,1792,220
261.02,1776,219
261.81,1792,219
262.60,2135,211
263.38,1761,212
264.17,1807,216
264.95,1729,217
265.74,1714,217
266.53,1714,217
267.31,1714,214
268.10,1636,212
268.89,1605,184
269.69,1652,211
270.50,1714,214
271.30,1683,213
272.10,1636,180
272.90,1652,158
273.71,1652,164
274.51,1698,210
275.31,1761,213
276.11,1745,216
276.92,1761,213
277.72,1761,216
278.51,1807,214
279.30,1885,219
280.10,1854,224
280.89,1839,226
281.68,1839,221
282.48,1823,224
283.27,1807,222
284.07,1807,219
284.86,1792,219
285.65,1776,217
286.45,1761,216
287.24,1807,215
288.07,1839,211
288.87,1839,211
289.68,2259,212
290.48,2244,224
291.28,2244,222
292.09,2244,224
292.89,2244,224
293.70,2275,224
294.50,2306,221
295.30,2431,211
296.11,3008,214
296.91,3023,217
297.73,3023,222
298.52,3023,223
299.31,3023,225
300.10,3039,224
300.89,3039,226
301.68,3054,225
302.48,3054,228
303.27,3070,226
304.06,3070,225
304.85,3070,227
305.64,3085,227
306.43,3101,223
307.47,3085,216
308.27,3101,215
309.06,3117,212
309.86,3132,211
310.66,3179,211
311.45,3179,210
312.25,3179,210
313.04,3210,187
313.84,3210,193
314.64,3210,200
315.43,3272,214
316.23,3288,221
316.99,3382,223
317.78,3397,218
318.58,3428,221
319.37,3413,213
320.16,3584,145
320.96,3600,221
321.75,3537,226
322.55,3522,222
323.34,3413,228
324.13,3335,225
324.93,3241,225
325.72,3195,220
326.55,1776,231
327.34,1776,232
328.13,1792,233
328.92,1792,235
329.71,1807,232
330.50,1823,234
331.30,1823,231
332.09,1839,232
332.88,1854,229
333.67,1854,230
334.46,1870,230
335.25,1885,229
336.04,1901,228
336.87,1901,228
337.70,1916,229
338.53,1932,230
339.36,1948,229
340.19,1963,228
341.03,1979,228
341.86,1994,227
342.69,2026,230
343.52,2041,229
344.35,2057,230
345.18,2072,230
345.94,2088,230
346.66,2119,229
347.38,2135,229
348.10,2150,234
348.82,2135,226
349.54,2135,217
350.27,1932,229
350.99,1932,232
351.71,1932,233
352.43,1963,228
353.15,1823,229
353.87,1792,232
354.70,1792,231
355.49,1776,230
356.28,1776,230
357.07,1792,233
357.86,1792,229
358.65,1823,228
359.44,2041,232
0.23,2041,233
1.02,2057,231
1.81,2057,232
2.60,1963,221
3.39,1948,228
4.19,1948,229
4.97,1948,230
5.75,1963,218
6.53,2150,210
7.31,1823,203
8.09,1807,174
8.87,1776,174
9.65,1761,210
10.43,1745,171
11.21,1729,210
11.99,1745,210
12.77,1698,210
13.53,1683,210
14.36,1667,210
15.19,1667,210
16.03,1620,211
16.86,1620,210
17.69,1605,212
18.52,1589,210
19.35,1574,211
20.18,1558,210
21.02,1558,212
21.85,1542,211
22.68,1527,218
23.51,1589,215
24.30,1589,223
25.09,1652,217
25.88,1714,217
26.67,1464,211
27.46,1433,220
28.25,1402,229
29.04,1402,228
29.83,1402,229
30.62,1418,225
31.41,1776,227
32.20,1761,234
33.00,1776,222
33.75,2072,229
34.49,2057,233
35.24,2041,230
35.99,2041,231
36.74,2026,230
37.48,2010,232
38.23,1994,231
38.98,1979,231
39.73,1979,227
40.47,1106,229
41.22,1106,226
42.01,1184,232
42.81,1184,224
43.60,1932,214
44.40,1916,225
45.20,1901,223
45.99,1901,222
46.79,1901,229
47.58,1527,220
48.38,1527,225
49.18,1916,230
49.97,1854,228
50.77,1854,229
51.57,2181,228
52.33,2181,233
53.09,2197,223
53.85,2244,216
54.61,2228,215
55.37,2275,211
56.13,2228,214
56.89,2244,216
57.65,2197,214
58.41,2213,214
59.17,2181,217
59.93,2166,217
60.72,2197,218
61.51,2166,219
62.30,1480,213
63.09,1480,219
63.88,1013,230
64.67,1028,225
65.46,2135,231
66.25,2150,234
67.04,2135,229
67.83,2135,227
68.62,2135,226
69.41,2150,220
70.21,2150,215
71.01,2166,213
71.80,1542,214
72.60,1542,223
73.40,2197,211
74.19,1075,221
74.99,1075,228
75.78,2213,193
76.58,2181,211
77.38,2197,211
78.17,3132,210
78.97,3132,211
79.76,3148,212
80.55,2259,210
81.33,2228,203
82.12,2244,212
82.91,2259,216
83.70,2259,226
84.48,2259,226
85.27,2244,230
86.06,1652,222
86.85,1667,219
87.63,2291,218
88.42,2306,225
89.25,2306,225
90.02,2322,226
90.80,2337,225
91.57,2353,225
92.34,2368,224
93.12,2384,225
93.89,2400,225
94.67,1231,226
95.44,1246,227
96.21,2462,222
96.99,1340,225
97.76,1324,224
98.55,1340,218
99.35,2556,223
100.14,2571,226
100.94,2602,225
101.74,2618,231
102.53,2556,222
103.33,2509,223
104.12,2462,221
104.92,2415,222
105.72,2400,224
106.51,2415,226
107.31,2446,225
108.07,2478,224
108.86,2493,227
109.65,2540,227
110.44,2556,226
111.23,2602,224
112.02,2618,226
112.81,2665,225
113.60,2696,224
114.39,2743,224
115.18,2774,214
115.97,2041,213
116.76,2026,213
117.59,2026,213
118.38,2026,215
119.17,2010,213
119.96,2010,215
120.75,2010,215
121.54,1994,215
122.33,1994,216
123.12,1994,217
123.91,1963,215
124.70,1994,215
125.49,1994,216
126.28,1994,216
127.07,1994,217
127.89,1994,215
128.70,1979,215
129.52,1994,217
130.34,1994,216
131.15,1994,216
131.97,1994,217
132.78,1994,216
133.60,1994,216
134.42,2010,215
135.23,2010,215
136.05,2010,215
136.84,2010,216
137.63,2026,216
138.43,2026,215
139.22,2041,214
140.01,2041,213
140.81,2041,214
141.60,2057,213
142.40,2057,212
143.19,2072,213
143.98,2072,212
144.78,2088,212
145.57,2088,212
146.40,2104,211
147.19,2119,210
147.98,2119,171
148.77,2150,210
149.56,2150,210
150.35,2166,210
151.14,2166,211
151.93,2197,211
152.72,2197,210
153.51,2244,155
154.30,2244,161
155.09,2166,103
155.88,2104,84
156.70,2057,87
157.51,1994,93
158.33,1948,96
159.15,1916,100
159.96,65,84
160.78,1839,113
161.59,1776,145
162.41,1761,145
163.23,1698,210
164.04,1714,213
164.86,1745,211
165.65,1745,206
166.44,1761,210
167.23,1792,161
168.02,1807,180
168.81,1823,158
169.60,1854,177
170.39,1885,161
171.18,1901,174
171.97,1916,197
172.76,1948,168
173.55,1994,180
174.34,2010,151
175.17,2057,155
175.96,2057,164
176.74,2103,171
177.53,2150,211
178.32,2212,223
179.11,2259,224
179.89,2306,211
180.68,1870,228
181.47,1870,233
182.26,1885,218
183.04,4379,215
183.83,35,93
184.66,3818,106
185.48,35,74
186.30,3833,113
187.12,3849,161
187.94,3662,122
188.76,3849,210
189.57,3849,177
190.39,4862,211
191.21,4815,217
192.03,4815,215
192.85,2477,219
193.67,2477,223
194.46,2462,225
195.24,2462,223
196.02,2462,220
196.80,2462,222
197.58,2446,227
198.36,2446,225
199.14,2431,223
199.92,2431,224
200.70,2431,226
201.48,2462,217
202.26,2337,218
203.04,2306,223
203.80,2322,220
204.59,2462,217
205.39,2540,216
206.18,2555,218
206.97,2836,219
207.77,1979,218
208.56,1979,222
209.36,1994,221
210.15,1994,221
210.94,1994,220
211.74,1994,220
212.53,1994,220
213.36,2010,221
214.16,2025,223
214.96,2025,220
215.76,2025,222
216.56,2041,220
217.36,2041,222
218.15,2041,222
218.95,2057,222
219.75,2072,223
220.55,2072,223
221.35,2088,222
222.15,2088,222
222.95,2103,224
223.75,2119,224
224.54,2135,225
225.34,2150,223
226.14,3943,222
226.93,3958,213
227.73,5267,222
228.52,5283,221
229.32,5330,220
230.12,5361,222
230.91,5408,212
231.71,3662,210
232.58,3709,213
233.37,3818,214
234.17,3927,212
234.96,4098,211
235.75,4207,211
236.54,4348,216
237.34,4410,219
238.13,4441,221
238.92,4488,221
239.71,4550,219
240.51,4582,220
241.30,4628,221
242.13,2353,215
242.89,2322,230
243.65,2275,223
244.41,2244,228
245.17,2244,232
245.93,2212,229
246.70,2181,228
247.46,2181,232
248.22,2212,231
248.98,2212,230
249.74,2244,219
250.50,2664,220
251.29,1979,227
252.09,1963,225
252.88,1963,223
253.68,1916,221
254.48,1901,224
255.27,1870,217
256.07,1854,222
256.86,1870,220
257.66,1901,220
258.46,1901,219
259.25,1823,220
260.05,1792,219
260.81,1776,220
261.61,1792,220
262.42,2103,212
263.22,1745,214
264.02,1823,217
264.82,1714,217
265.63,1714,215
266.43,1714,217
267.23,1714,216
268.03,1636,211
268.84,1605,203
269.64,1651,210
270.44,1714,214
271.24,1683,211
272.05,1636,200
272.85,1651,174
273.65,1667,126
274.45,1745,210
275.26,1745,212
276.06,1745,215
276.86,1760,214
277.66,1760,217
278.47,1792,214
279.27,1885,216
280.06,1854,225
280.86,1838,226
281.65,1823,221
282.45,1823,223
283.25,1807,223
284.05,1807,219
284.84,1792,219
285.64,1776,218
286.44,1776,216
287.24,1792,214
288.03,1838,212
288.83,1870,211
289.58,2244,214
290.39,2244,225
291.19,2244,221
292.00,2244,224
292.81,2244,225
293.61,2275,222
294.42,2306,219
295.22,2415,213
296.03,3023,213
296.84,3023,218
297.64,3023,222
298.45,3023,225
299.25,3039,223
300.05,3039,227
300.86,3054,226
301.66,3054,227
302.46,3054,225
303.26,3070,227
304.07,3070,228
304.87,3070,228
305.67,3085,224
306.47,3116,222
307.28,3085,214
308.08,3101,213
308.87,3132,211
309.66,3132,212
310.46,3179,193
311.25,3194,206
312.04,3179,187
312.84,3210,184
313.63,3210,211
314.43,3257,206
315.22,3272,215
316.01,3303,216
316.81,3381,224
317.60,3397,216
318.39,3459,224
319.19,3413,214
319.98,3615,210
320.78,3568,220
321.58,3537,227
322.38,3491,223
323.17,3413,225
323.97,3319,225
324.77,3226,226
325.57,1776,218
326.36,1776,231
327.16,1792,231
327.95,1792,232
328.82,1792,233
329.69,1807,232
330.55,1823,232
331.42,1823,229
332.29,1838,231
333.16,1854,229
334.03,1854,232
334.90,1870,229
335.76,1885,230
336.63,1901,230
337.50,1901,230
338.33,1916,228
339.12,1932,228
339.91,1963,228
340.70,1963,229
341.49,1979,230
342.28,2010,228
343.08,2025,230
343.87,2041,231
344.66,2057,229
345.45,2072,230
346.24,2103,228
347.03,2119,229
347.82,2135,230
348.51,2150,231
349.21,2135,228
349.90,1963,221
350.60,1932,231
351.29,1932,230
351.99,1932,231
352.68,1963,224
353.38,1807,228
354.07,1792,230
354.77,1776,231
355.46,1776,232
356.22,1776,229
357.01,1792,230
357.81,1807,229
358.60,1838,224
359.39,2041,231
0.19,2041,232
0.98,2057,232
1.78,2072,229
2.57,1963,224
3.36,1948,229
4.16,1948,230
4.95,1948,230
5.78,2150,222
6.60,1870,180
7.41,1823,116
8.23,1807,126
9.04,1792,193
9.86,1776,210
10.67,1745,206
11.49,1776,206
12.30,1714,197
13.12,1714,184
13.93,1667,210
14.75,1667,200
15.55,1651,210
16.33,1636,211
17.11,1605,211
17.89,1605,210
18.67,1605,211
19.45,1573,210
20.23,1558,210
21.01,1558,212
21.79,1542,213
22.57,1542,215
23.35,1589,224
24.13,1620,218
24.88,1667,217
25.67,1745,216
26.47,1433,216
27.26,1402,223
28.05,1402,227
28.85,1402,229
29.64,1402,226
30.44,1418,224
31.23,1760,232
32.02,1776,232
32.82,2088,220
33.61,2072,232
34.44,2057,232
35.21,2041,231
35.98,2025,232
36.75,2010,230
37.52,2010,230
38.29,1994,232
39.06,1979,232
39.83,1106,222
40.60,1106,232
41.37,1137,226
42.14,1184,231
42.91,1199,220
43.71,1916,221
44.51,1916,225
45.30,1916,218
46.10,1901,223
46.90,1916,230
47.69,1527,232
48.49,1542,218
49.28,1916,231
50.08,1854,228
50.88,1854,221
51.67,2197,236
52.47,2197,229
53.22,2212,219
54.01,2212,215
54.81,1901,212
55.60,2259,215
56.39,2244,216
57.19,2212,216
57.98,2228,214
58.78,2228,215
59.57,2166,216
60.36,2166,219
61.16,2181,217
61.95,2166,218
62.78,1480,221
63.54,1012,220
64.29,1012,233
65.05,2150,221
65.81,2135,232
66.57,2150,231
67.32,2135,227
68.08,2135,227
68.84,2135,226
69.60,2150,220
70.35,2166,215
71.11,2166,214
71.90,1542,219
72.69,1542,217
73.49,2197,206
74.28,1075,226
75.07,1075,225
75.87,2197,212
76.66,2181,211
77.46,2197,211
78.25,2212,212
79.04,3148,211
79.84,3148,211
80.63,2228,212
81.43,2228,211
82.21,2244,212
82.99,2244,217
83.77,2244,225
84.55,2259,229
85.33,2244,228
86.11,1636,223
86.89,1651,217
87.67,2275,221
88.45,2306,227
89.23,2306,225
90.01,2322,225
90.80,2337,224
91.57,2353,225
92.35,2368,224
93.12,2384,224
93.89,2415,224
94.67,1246,226
95.44,1246,224
96.22,2462,221
96.99,1340,224
97.76,1324,228
98.54,1340,217
99.31,2555,225
100.14,2571,226
100.93,2602,225
101.72,2618,232
102.51,2555,221
103.30,2509,225
104.09,2462,223
104.88,2415,221
105.67,2384,223
106.46,2431,225
107.25,2446,227
108.04,2477,227
108.83,2493,225
109.62,2540,226
110.43,2571,225
111.23,2587,226
112.04,2633,225
112.85,2664,224
113.65,2711,224
114.46,2742,222
115.26,2774,213
116.07,2041,213
116.88,2025,213
117.68,2025,215
118.49,2025,214
119.25,2010,214
120.06,2010,216
120.86,2010,215
121.67,1994,217
122.48,1994,217
123.28,1994,215
124.09,1994,215
124.89,1994,216
125.70,1994,215
126.51,1994,216
127.31,1994,217
128.12,1994,216
128.91,1979,215
129.70,1994,216
130.50,1994,217
131.29,1994,216
132.08,1994,217
132.88,1994,217
133.67,1994,216
134.47,2010,215
135.26,2010,215
136.05,2010,215
136.85,2025,216
137.64,2010,216
138.43,2025,216
139.24,2041,216
140.04,2041,215
140.85,2041,213
141.66,2057,214
142.46,2057,213
143.27,2057,213
144.07,2072,212
144.88,2088,211
145.69,2088,211
146.49,2103,210
147.30,2119,211
148.06,2135,210
148.85,2135,211
149.65,2150,212
150.44,2166,210
151.23,2181,210
152.03,2197,211
152.82,2212,210
153.62,2244,148
154.41,2244,109
155.20,2135,119
156.00,2119,84
156.79,2041,87
157.97,1994,96
158.76,1932,87
159.55,1885,109
160.34,1870,142
161.13,80,103
161.92,1776,142
162.71,1729,148
163.50,1698,215
164.29,1714,211
165.08,1729,210
165.87,1760,190
166.66,1776,190
167.46,1792,171
168.27,1807,155
169.08,1838,210
169.89,1854,177
170.70,1885,171
171.51,1901,168
172.31,1916,155
173.12,1963,132
173.93,1979,155
174.74,2072,145
175.55,2072,145
176.36,2072,158
177.12,2119,109
177.92,2212,216
178.71,2228,226
179.51,2275,224
180.31,1870,212
181.11,1870,232
181.90,1870,229
182.70,4395,217
183.50,4426,213
184.30,50,90
185.09,3911,96
185.89,3865,109
186.68,3849,122
187.50,3849,161
188.32,3865,177
189.14,3849,210
189.96,4847,206
190.78,4831,215
191.59,4800,219
192.41,2462,219
193.23,2477,220
194.05,2477,222
194.87,2462,223
195.69,2462,223
196.48,2493,221
197.28,2462,225
198.09,2446,226
198.89,2431,223
199.69,2431,224
200.50,2431,225
201.30,2431,224
202.11,2337,219
202.91,2322,218
203.71,2306,222
204.52,2322,215
205.32,2524,215
206.11,2540,220
206.91,2836,225
207.70,1994,217
208.50,1994,221
209.30,1994,222
210.10,1994,220
210.89,1994,220
211.69,1994,220
212.49,2010,220
213.29,2010,219
214.08,2010,222
214.88,2025,222
215.67,2025,222
216.44,2041,222
217.22,2041,221
217.99,2041,220
218.76,2057,222
219.54,2057,221
220.31,2072,222
221.09,2072,223
221.86,2088,222
222.63,2103,224
223.41,2103,225
224.18,2119,224
224.97,2135,227
225.75,3927,218
226.52,3958,216
227.30,5252,215
228.08,5283,220
228.85,5314,221
229.63,5345,222
230.40,5392,216
231.18,5049,164
231.96,3678,214
232.73,3787,215
233.51,3896,212
234.31,4052,213
235.11,4176,211
235.90,4332,214
236.70,4395,215
237.50,4426,221
238.29,4472,218
239.09,4519,221
239.88,4566,221
240.68,4613,220
241.48,4659,219
242.27,2337,226
243.07,2306,229
243.83,2259,226
244.63,2244,228
245.44,2228,233
246.24,2181,226
247.04,2181,232
247.84,2197,231
248.65,2212,231
249.45,2228,228
250.25,2649,225
251.05,1994,225
251.86,1963,226
252.66,1963,225
253.49,1932,222
254.30,1916,223
255.12,1885,223
255.93,1854,219
256.74,1854,221
257.55,1885,222
258.37,1916,219
259.18,1838,219
259.99,1823,222
260.80,1776,219
261.62,1776,219
262.43,1792,216
263.22,2384,210
264.02,1760,215
264.81,1729,217
265.61,1714,216
266.41,1714,217
267.21,1714,217
268.00,1714,213
268.80,1605,210
269.60,1620,211
270.40,1683,211
271.19,1729,214
271.99,1667,184
272.75,1620,161
273.53,1651,161
274.30,1667,210
275.08,1760,211
275.86,1745,214
276.63,1745,216
277.41,1760,214
278.18,1776,217
278.96,1870,216
279.74,1870,221
280.51,1854,224
281.29,1838,225
282.08,1823,223
282.87,1823,221
283.67,1807,221
284.46,1792,218
285.25,1792,219
286.05,1776,216
286.84,1776,212
287.64,1807,216
288.43,1854,211
289.22,1870,211
290.02,2259,220
290.81,2244,226
291.61,2244,219
292.42,2244,224
293.23,2259,226
294.04,2275,222
294.85,2337,212
295.66,2992,211
296.46,3007,215
297.27,3007,218
298.08,3023,224
298.89,3039,225
299.70,3039,226
300.51,3039,225
301.27,3039,227
302.08,3054,227
302.88,3054,225
303.69,3070,228
304.50,3070,227
305.30,3070,228
306.11,3101,225
306.91,3101,218
307.72,3101,214
308.53,3101,215
309.33,3148,211
310.14,3148,212
310.93,3148,210
311.72,3179,210
312.51,3179,180
313.30,3194,197
314.09,3210,210
314.88,3241,206
315.67,3288,221
316.46,3381,217
317.25,3381,219
318.04,3413,217
318.83,3475,217
319.62,3413,214
320.42,3584,217
321.21,3537,224
322.01,3553,228
322.80,3459,224
323.59,3366,227
324.39,3272,226
325.18,3210,226
325.98,1776,229
326.77,1776,232
327.56,1776,232
328.36,1792,235
329.15,1807,234
329.94,1807,230
330.77,1823,232
331.60,1823,229
332.44,1838,232
333.27,1854,229
334.10,1854,230
334.93,1870,230
335.76,1885,228
336.59,1901,227
337.43,1916,230
338.26,1932,227
339.09,1932,229
339.85,1948,229
340.64,1979,229
341.44,1994,228
342.23,2010,227
343.02,2025,229
343.81,2041,229
344.61,2057,231
345.40,2088,232
346.19,2103,230
346.98,2119,230
347.78,2150,229
348.57,2150,231
349.36,2119,225
350.07,1963,223
350.77,1932,231
351.48,1932,232
352.18,1948,231
352.89,1963,219
353.59,1807,229
354.30,1792,232
355.00,1776,231
355.71,1776,229
356.41,1776,231
357.12,1792,230
357.91,1807,230
358.71,1854,220
359.50,2041,231
0.30,2041,231
1.10,2057,231
1.89,2072,231
2.69,1963,226
3.48,1948,230
4.28,1948,231
5.08,1948,228
5.87,2150,220
6.67,1916,174
7.76,1854,164
8.55,1823,135
9.34,1776,145
10.13,1760,200
10.92,1776,203
11.71,1729,211
12.49,1714,168
13.28,1698,187
14.07,1683,211
14.86,1667,210
15.65,1636,211
16.44,1636,211
17.27,1620,212
18.03,1605,212
18.79,1589,211
19.55,1573,211
20.31,1558,211
21.07,1558,212
21.84,1527,213
22.60,1542,213
23.36,1573,226
24.12,1620,218
24.88,1683,215
25.64,1729,217
26.43,1433,219
27.23,1402,225
28.02,1402,227
28.82,1402,229
29.62,1418,230
30.41,1418,222
31.21,1760,235
32.00,1760,230
32.80,2088,223
33.60,2072,232
34.39,2057,231
35.19,2041,231
35.95,2025,231
36.71,2010,230
37.48,2010,231
38.24,1994,229
39.00,1979,231
39.77,1106,222
40.53,1106,231
41.30,1137,224
42.06,1184,231
42.82,1199,221
43.59,1916,223
44.35,1916,225
45.18,1901,219
45.97,1901,224
46.75,1916,231
47.54,1527,228
48.33,1542,217
49.12,1916,230
49.90,1854,230
50.69,1854,220
51.48,2181,235
52.27,2197,231
53.05,2212,215
53.84,2275,216
54.63,1901,212
55.43,2259,214
56.22,2212,215
57.02,2212,215
57.82,2228,215
58.61,2212,215
59.41,2166,217
60.20,2181,217
61.00,2166,217
61.80,2166,219
62.59,1480,223
63.39,1012,223
64.14,1012,230
64.91,2150,223
65.69,2119,234
66.46,2150,231
67.24,2134,227
68.01,2134,226
68.79,2134,228
69.56,2166,217
70.34,2181,213
71.11,2166,214
71.89,1527,223
72.66,1542,215
73.49,2197,210
74.31,1075,225
75.12,1075,222
75.94,2197,210
76.76,2181,211
77.57,2197,210
78.39,2212,211
79.20,2212,210
80.02,2212,211
80.84,2243,210
81.65,2243,212
82.47,2243,212
83.26,2243,218
84.06,2259,228
84.85,2243,231
85.65,2243,225
86.45,1651,227
87.24,1932,219
88.04,2290,225
88.83,2290,225
89.63,2321,227
90.43,2337,226
91.22,2337,225
92.02,2368,225
92.77,2384,226
93.52,2384,224
94.27,2399,223
95.01,1246,226
95.76,1246,222
96.51,2462,216
97.26,1324,223
98.01,1324,228
98.76,2540,219
99.50,2555,226
100.25,2586,227
101.00,2602,227
101.83,2602,229
102.62,2540,222
103.41,2493,223
104.20,2446,221
104.99,2399,224
105.78,2399,225
106.56,2431,224
107.35,2431,225
108.14,2477,224
108.93,2508,225
109.72,2540,225
110.51,2571,225
111.31,2602,225
112.13,2633,226
112.95,2680,226
113.77,2711,223
114.59,2758,224
115.41,2041,211
116.22,2041,213
117.04,2025,215
117.86,2025,215
118.68,2025,212
119.50,2010,215
120.32,2010,217
121.12,1994,215
121.96,1994,215
122.79,1994,214
123.63,1994,216
124.46,1994,214
125.30,1994,217
126.13,1979,216
126.97,1994,216
127.80,1979,216
128.64,1994,216
129.47,1979,217
130.31,1994,216
131.07,1994,217
131.86,1994,217
132.66,1994,217
133.45,2010,217
134.24,1994,215
135.03,2010,216
135.83,2010,216
136.62,2010,216
137.41,2025,219
138.20,2025,216
139.00,2025,216
139.79,2025,214
140.62,2041,214
141.41,2041,214
142.19,2057,212
142.98,2072,212
143.77,2072,213
144.56,2088,212
145.34,2103,211
146.13,2119,210
146.92,2119,210
147.71,2135,210
148.49,2135,210
149.28,2135,211
150.07,2166,211
150.89,2166,211
151.71,2181,210
152.53,2212,211
153.35,2212,203
154.17,2244,193
154.99,2197,126
155.81,50,80
156.63,2072,80
157.45,1994,100
158.27,1963,113
159.09,1932,96
159.85,1885,119
160.64,1823,119
161.44,1792,106
162.23,1760,126
163.02,1698,210
163.81,1698,216
164.61,1714,211
165.40,1760,211
166.19,1760,190
166.98,1776,193
167.78,1792,174
168.57,1838,168
169.40,1854,174
170.22,1870,177
171.03,1932,177
171.85,1932,151
172.67,1932,119
173.48,1963,135
174.30,1994,155
175.11,2041,164
175.93,2057,164
176.75,2103,158
177.56,2181,187
178.38,2212,225
179.17,2259,225
179.96,2290,216
180.75,1870,223
181.54,1854,232
182.33,1885,221
183.12,4363,216
183.91,4488,145
184.70,110,100
185.49,3849,145
186.28,3849,135
187.07,3849,158
187.86,3615,135
188.66,3849,210
189.45,3849,184
190.25,4831,211
191.04,4815,217
191.83,4800,217
192.62,2477,219
193.42,2462,221
194.21,2477,224
195.00,2462,225
195.79,2540,221
196.59,2446,222
197.38,2446,226
198.21,2446,225
199.01,2431,224
199.81,2431,224
200.61,2431,225
201.41,2415,219
202.21,2322,219
203.01,2306,224
203.81,2322,218
204.61,2462,217
205.41,2540,217
206.21,2555,217
207.01,2836,223
207.80,1994,219
208.59,1979,221
209.39,1994,222
210.18,1994,219
210.97,1994,218
211.76,1994,221
212.56,1994,219
213.35,2010,220
214.14,2010,220
214.93,2025,222
215.73,2025,221
216.52,2041,222
217.47,2041,221
218.27,2041,221
219.06,2057,224
219.86,2057,223
220.65,2072,223
221.45,2072,223
222.24,2088,223
223.04,2103,226
223.83,2119,225
224.63,2119,225
225.42,2150,224
226.22,3927,222
227.02,3958,215
227.79,5252,220
228.57,5283,220
229.34,5330,220
230.11,5376,220
230.89,5408,210
231.66,3678,210
232.44,3709,216
233.21,3802,213
233.98,3927,213
234.76,4083,212
235.53,4239,212
236.32,4348,215
237.11,4395,219
237.91,4441,221
238.70,4488,221
239.49,4535,220
240.29,4582,221
241.08,4628,221
241.88,4675,215
242.67,2322,230
243.46,2290,228
244.26,2244,226
245.05,2244,229
245.84,2212,231
246.62,2166,228
247.39,2166,228
248.17,2197,231
248.95,2212,231
249.73,2228,224
250.50,2649,221
251.28,1994,225
252.06,1963,225
252.84,1948,224
253.61,1932,222
254.39,1916,225
255.14,1885,217
255.93,1854,221
256.72,1854,221
257.51,1885,222
258.30,1916,217
259.09,1823,219
259.89,1792,221
260.68,1776,220
261.47,1776,218
262.26,1807,211
263.05,1745,200
263.84,1807,217
264.67,1714,219
265.46,1714,218
266.25,1714,217
267.04,1714,217
267.83,1714,212
268.62,1605,197
269.40,1636,211
270.19,1683,214
270.98,1714,214
271.77,1667,197
272.56,1636,126
273.35,1651,145
274.14,1683,210
274.96,1745,212
275.79,1745,212
276.61,1745,215
277.43,1760,216
278.26,1807,215
279.08,1885,217
279.91,1870,224
280.73,1838,226
281.55,1838,224
282.38,1823,223
283.20,1823,221
283.95,1807,219
284.74,1792,219
285.53,1792,219
286.32,1776,218
287.11,1776,214
287.90,1823,212
288.70,1854,211
289.49,1870,210
290.28,2244,222
291.07,2244,225
291.86,2228,221
292.65,2244,224
293.44,2275,223
294.23,2290,221
295.03,2431,212
295.82,3007,214
296.61,3007,216
297.40,3007,219
298.20,3023,224
298.99,3039,225
299.78,3023,225
300.57,3039,226
301.37,3054,227
302.16,3054,226
302.95,3054,228
303.79,3070,227
304.62,3070,226
305.46,3085,227
306.30,3101,225
307.13,3085,216
307.97,3101,215
308.80,3116,216
309.64,3132,211
310.48,3163,212
311.31,3148,210
312.15,3163,184
312.91,3210,168
313.70,3210,193
314.50,3210,210
315.29,3257,193
316.08,3288,220
316.87,3381,220
317.67,3381,218
318.46,3428,221
319.25,3475,214
320.04,3413,210
320.84,3584,217
321.63,3537,226
322.46,3553,228
323.25,3428,227
324.04,3350,225
324.83,3257,225
325.62,3194,224
326.41,1776,231
327.20,1776,230
327.99,1792,233
328.78,1792,233
329.57,1807,233
330.36,1807,231
331.15,1823,231
331.94,1838,233
332.73,1838,229
333.51,1854,231
334.30,1870,229
335.09,1885,231
335.88,1885,228
336.66,1901,230
337.45,1916,230
338.24,1932,230
339.03,1948,229
339.81,1963,229
340.60,1979,230
341.40,1994,229
342.20,2010,229
342.99,2025,230
343.79,2041,230
344.58,2057,232
345.38,2088,229
346.17,2103,231
346.97,2135,231
347.76,2150,230
348.56,2135,228
349.35,2119,225
350.15,1932,227
350.95,1932,230
351.69,1932,233
352.44,1948,233
353.18,1823,223
353.92,1807,228
354.67,1792,231
355.41,1776,231
356.16,1776,231
356.90,1792,232
357.64,1792,231
358.39,1807,228
359.13,2041,220
359.93,2041,232
0.71,2041,231
1.49,2057,233
2.27,2057,225
3.05,1948,228
3.83,1948,230
4.61,1948,229
5.39,1948,226
6.17,2150,219
6.95,1838,180
7.73,1870,177
8.51,1792,197
9.31,1776,161
10.10,1760,210
10.90,1729,210
11.69,1729,210
12.48,1714,210
13.27,1683,177
14.07,1683,210
14.86,1636,211
15.65,1651,211
16.44,1636,210
17.24,1605,211
18.03,1605,212
18.86,1589,211
19.69,1558,211
20.51,1558,211
21.34,1542,211
22.17,1542,218
22.99,1558,212
23.82,1589,226
24.64,1636,218
25.47,1698,217
26.30,1745,211
27.12,1433,224
27.95,1386,230
28.77,1402,226
29.55,1402,229
30.34,1418,227
31.12,1760,217
31.91,1760,236
32.69,1776,227
33.48,2072,229
34.26,2057,232
35.05,2057,231
35.83,2041,232
36.62,2025,231
37.40,2010,231
37.61,1994,232
38.41,1979,230
39.20,1979,229
40.00,1090,231
40.80,1090,228
41.59,1168,229
42.39,1184,229
43.18,1215,214
43.98,1916,225
44.78,1916,223
45.57,1901,219
46.37,1901,229
47.13,1916,221
47.94,1527,229
48.74,1916,226
49.55,1870,226
50.36,1854,226
51.16,2166,224
51.97,2197,233
52.77,2197,225
53.58,2212,212
54.39,2275,215
55.19,1916,211
56.00,2212,216
56.83,2259,214
57.62,2244,213
58.41,2212,215
59.20,2181,215
59.99,2166,217
60.78,2166,218
61.56,2181,218
62.35,2181,215
63.14,1480,222
63.93,1012,233
64.72,1012,225
65.51,2135,229
66.31,2150,234
67.10,2150,229
67.90,2135,227
68.69,2135,227
69.48,2150,223
70.28,2166,214
71.07,2166,212
71.87,1542,214
72.66,1542,226
73.45,2181,210
74.25,1075,220
75.04,1075,226
75.79,2181,210
76.54,2212,210
77.29,2228,211
78.03,3132,211
78.78,3132,212
79.53,3148,213
80.28,3163,184
81.03,2228,177
81.78,2244,158
82.52,2259,215
83.27,2244,225
84.02,2259,226
84.85,2244,232
85.64,1651,223
86.43,1651,222
87.22,2290,219
88.01,2290,227
88.80,2306,225
89.58,2322,225
90.37,2337,225
91.16,2353,226
91.95,2384,225
92.74,2384,223
93.53,2400,224
94.32,1231,226
95.13,1246,227
95.94,2462,223
96.75,1340,225
97.56,1324,226
98.37,1340,218
99.18,2540,224
99.99,2571,224
100.80,2602,226
101.61,2618,231
102.42,2555,225
103.23,2509,224
103.99,2462,223
104.81,2415,222
105.63,2400,225
106.45,2415,225
107.27,2446,224
108.09,2477,225
108.91,2509,226
109.73,2524,226
110.55,2555,224
111.37,2587,226
112.19,2618,225
113.01,2664,224
113.76,2696,222
114.55,2742,221
115.35,2774,214
116.14,2041,213
116.93,2041,215
117.73,2025,213
118.52,2025,216
119.32,2010,213
120.11,2010,216
120.90,2010,216
121.70,1994,216
122.49,1994,216
123.28,1994,216
124.08,1979,215
124.89,1994,216
125.69,1994,217
126.49,1979,216
127.30,1994,217
128.10,1994,216
128.91,1979,218
129.71,1994,217
130.51,1994,217
131.32,1979,216
132.12,1994,217
132.91,1994,216
133.71,1994,216
134.50,1994,215
135.30,2010,215
136.10,2010,215
136.89,2010,218
137.69,2025,217
138.48,2025,217
139.28,2025,215
140.08,2041,216
140.87,2041,213
141.67,2072,213
142.47,2057,214
143.26,2072,211
144.05,2072,213
144.84,2088,212
145.63,2088,212
146.42,2103,210
147.20,2119,193
147.99,2119,210
148.78,2135,210
149.57,2150,212
150.36,2166,212
151.15,2181,212
151.95,2197,210
152.77,2212,211
153.58,2259,164
154.40,2244,151
155.22,2150,116
156.03,2103,67
156.85,2057,77
157.66,1994,84
158.48,1979,84
159.30,1932,96
160.11,1885,126
160.93,1792,96
161.72,1776,113
162.52,1729,103
163.31,1698,212
164.11,1714,212
164.91,1729,211
165.70,1745,210
166.50,1776,200
167.29,1792,200
168.09,1807,164
168.89,1823,155
169.68,1854,171
170.48,1885,155
171.23,1901,187
172.05,1916,132
172.86,1948,148
173.68,1979,148
174.50,2010,129
175.32,2041,135
176.13,2072,145
176.95,2103,164
177.77,2181,213
178.59,2228,227
179.40,2259,221
180.22,1885,138
181.04,1870,230
181.83,1870,233
182.62,1885,213
183.41,4426,216
184.20,35,96
184.99,35,109
185.79,3865,103
186.58,3833,145
187.37,3818,168
188.16,3880,142
188.95,3849,210
189.74,3865,206
190.53,4847,214
191.33,4815,218
192.12,2462,215
192.92,2477,218
193.72,2462,221
194.51,2462,224
195.31,2462,224
196.10,2555,221
196.90,2462,224
197.70,2462,228
198.49,2446,224
199.29,2446,226
200.05,2431,226
200.84,2431,225
201.63,2384,215
202.42,2322,217
203.21,2306,225
204.00,2322,217
204.79,2337,219
205.58,2540,222
206.37,2836,216
207.16,2836,215
207.95,1994,219
208.74,1994,222
209.57,1994,221
210.36,1994,220
211.14,1994,221
211.93,2010,221
212.72,2010,221
213.50,2010,221
214.29,2025,222
215.07,2025,223
215.86,2025,222
216.65,2041,222
217.43,2041,221
218.22,2057,222
219.02,2057,222
219.82,2057,222
220.61,2072,222
221.41,2088,224
222.20,2088,222
223.00,2103,223
223.79,2119,225
224.59,2135,226
225.38,2135,221
226.18,3943,220
226.97,3958,214
227.77,5252,220
228.53,5283,220
229.31,5330,222
230.08,5376,222
230.86,5408,211
231.64,3662,212
232.42,3724,214
233.19,3849,214
233.97,3927,213
234.75,4067,214
235.53,4223,213
236.30,4332,216
237.08,4395,219
237.91,4441,221
238.70,4488,222
239.49,4535,221
240.28,4582,222
241.07,4628,221
241.86,2368,214
242.64,2322,229
243.43,2290,225
244.22,2244,225
245.01,2244,230
245.80,2212,230
246.59,2181,228
247.39,2181,230
248.18,2197,232
248.97,2212,231
249.76,2244,222
250.55,2664,220
251.34,1979,224
252.13,1963,223
252.92,1963,223
253.71,1932,225
254.50,1916,224
255.29,1885,221
256.08,1854,220
256.87,1854,221
257.69,1885,220
258.51,1916,219
259.33,1823,219
260.15,1823,222
260.97,1776,219
261.79,1792,220
262.61,1807,212
263.43,1745,211
264.25,1776,216
265.07,1729,218
265.89,1729,217
266.68,1714,216
267.47,1714,216
268.26,1636,211
269.05,1605,206
269.84,1636,210
270.63,1683,213
271.42,1745,211
272.21,1636,187
273.00,1651,161
273.79,1620,190
274.58,1667,211
275.37,1760,211
276.20,1745,214
276.97,1745,214
277.75,1760,217
278.52,1776,215
279.29,1885,218
280.07,1870,224
280.84,1838,227
281.62,1838,222
282.39,1823,225
283.16,1823,223
283.94,1807,219
284.71,1792,220
285.50,1792,218
286.29,1760,217
287.09,1776,214
287.88,1807,213
288.67,1854,212
289.47,1885,210
290.26,2244,223
291.06,2244,225
291.85,2244,221
292.64,2259,225
293.44,2275,224
294.23,2290,222
294.99,2431,211
295.78,3023,213
296.58,3007,216
297.37,3007,220
298.16,3007,223
298.95,3023,223
299.75,3039,226
300.54,3039,226
301.33,3054,227
302.12,3054,226
302.92,3054,226
303.71,3070,225
304.54,3070,227
305.36,3070,227
306.17,3101,225
306.99,3085,218
307.81,3085,214
308.62,3101,213
309.44,3148,211
310.25,3163,210
311.07,3194,210
311.89,3210,200
312.70,3194,193
313.52,3194,200
314.31,3210,193
315.11,3257,210
315.90,3288,222
316.70,3381,222
317.50,3397,218
318.29,3428,221
319.09,3428,214
319.88,3428,171
320.68,3568,219
321.48,3537,227
322.27,3553,224
323.07,3428,224
323.83,3350,225
324.62,3272,225
325.42,3194,223
326.21,1776,233
327.00,1776,233
327.79,1792,234
328.59,1792,233
329.38,1792,232
330.17,1823,231
330.96,1823,230
331.76,1838,231
332.55,1838,230
333.38,1854,229
334.18,1870,229
334.97,1885,230
335.77,1885,228
336.57,1901,229
337.37,1916,229
338.16,1932,230
338.96,1948,228
339.76,1963,229
340.56,1979,229
341.35,1994,229
342.15,2010,230
342.95,2041,229
343.75,2057,231
344.54,2072,231
345.34,2088,230
346.14,2103,231
346.93,2135,227
347.73,2166,232
348.52,2135,228
349.32,2135,219
350.12,1948,228
350.91,1932,229
351.71,1932,234
352.40,1948,230
353.17,1823,226
353.94,1792,230
354.71,1792,230
355.48,1776,231
356.25,1792,230
357.02,1792,232
357.79,1776,230
358.56,1823,227
359.33,2041,226
0.10,2041,233
0.87,2041,231
1.70,2057,231
2.51,2025,223
3.33,1948,228
4.14,1948,230
4.95,1948,227
5.76,1948,222
6.58,2150,214
7.39,1838,210
8.20,1807,148
9.01,1792,190
9.83,1776,193
10.64,1745,180
11.43,1729,210
12.22,1729,210
13.02,1714,168
13.81,1683,197
14.60,1651,171
15.40,1667,210
16.19,1636,211
16.99,1620,210
17.78,1605,211
18.57,1605,211
19.37,1573,211
20.16,1573,210
20.95,1558,211
21.69,1558,212
22.43,1542,218
23.17,1589,213
23.91,1589,224
24.65,1651,217
25.40,1714,217
26.14,1464,210
26.88,1433,223
27.62,1386,232
28.36,1402,226
29.10,1402,228
29.89,1418,227
30.69,1760,223
31.49,1776,234
32.29,1776,225
33.09,2072,231
33.89,2057,231
34.69,2041,229
35.49,2025,231
36.29,2025,231
37.09,2010,231
37.89,1994,231
38.69,1979,229
39.49,1979,229
40.28,1106,232
41.08,1121,227
41.87,1184,232
42.66,1184,223
43.45,1916,216
44.25,1916,225
45.04,1901,222
45.83,1901,222
46.62,1916,231
47.42,1542,219
48.21,1527,224
49.00,1916,228
49.81,1854,224
50.62,1854,226
51.43,2181,228
52.24,2197,233
53.05,2197,222
53.86,2212,212
54.67,2244,212
55.48,2228,213
56.29,2275,214
57.10,2212,214
57.91,2212,215
58.70,2181,213
59.49,2181,217
60.28,2212,215
61.07,2166,217
61.86,2166,218
62.65,1480,215
63.44,1012,218
64.23,1012,230
65.02,1028,221
65.81,2119,232
66.60,2135,233
67.39,2135,227
67.86,2135,227
68.65,2135,225
69.44,2150,222
70.23,2166,212
71.02,2166,211
71.81,1542,217
72.60,1542,220
73.39,2181,211
74.18,1075,225
74.97,1075,223
75.76,2181,211
76.55,2212,212
77.34,2212,211
78.18,3132,211
79.01,3148,211
79.85,3148,211
80.69,2228,210
81.52,2244,211
82.36,2259,212
83.19,2259,217
84.03,2244,224
84.87,2259,229
85.70,2244,226
86.54,1651,226
87.30,1948,217
88.09,2275,223
88.89,2290,226
89.68,2322,225
90.47,2322,223
91.26,2353,226
92.06,2368,227
92.85,2384,225
93.64,2400,225
94.43,2415,223
95.23,1231,228
96.02,1246,225
96.85,2462,219
97.64,1340,225
98.42,1308,225
99.21,2540,216
100.00,2555,225
100.79,2587,226
101.57,2602,227
102.36,2602,230
103.15,2555,221
103.94,2493,222
104.72,2431,220
105.51,2400,223
106.30,2400,226
107.06,2431,224
107.83,2446,226
108.59,2477,226
109.35,2509,225
110.12,2540,225
110.88,2571,224
111.65,2602,227
112.41,2633,223
113.17,2664,225
113.94,2711,223
114.70,2742,224
115.50,2758,210
116.29,2041,214
117.09,2041,213
117.88,2026,215
118.67,2026,214
119.46,2026,215
120.26,2010,216
121.05,2010,214
121.84,1994,216
122.63,1994,216
123.43,1994,216
124.22,1963,215
125.05,1994,215
125.86,1994,215
126.68,1979,216
127.49,1994,216
128.30,1994,215
129.11,1979,216
129.93,1979,217
130.74,1994,217
131.55,1994,215
132.36,1994,216
133.18,1994,217
133.99,2010,216
134.79,2010,215
135.58,2010,215
136.38,2010,215
137.17,2010,217
137.96,2026,217
138.75,2026,216
139.55,2026,215
140.34,2041,216
141.13,2041,214
141.92,2041,213
142.72,2072,213
143.51,2072,212
144.27,2072,211
145.07,2088,212
145.86,2088,212
146.66,2104,212
147.46,2135,210
148.25,2135,210
149.05,2135,210
149.84,2166,210
150.64,2166,211
151.44,2197,210
152.23,2181,212
153.03,2213,210
153.79,2213,151
154.58,2259,132
155.37,2197,87
156.16,2104,80
156.95,2041,109
157.74,1994,80
158.53,1948,96
159.32,1901,90
160.11,95,96
160.90,80,96
161.69,1776,148
162.48,1745,129
163.27,1698,211
164.06,1714,214
164.86,1714,210
165.65,1745,210
166.44,1761,190
167.24,1776,190
168.03,1807,203
168.83,1823,210
169.62,1870,168
170.41,1870,151
171.21,1901,132
172.00,1901,148
172.94,1963,200
173.74,1979,187
174.53,2010,158
175.33,2057,116
176.13,2072,171
176.92,2104,132
177.72,2150,211
178.51,2228,225
179.31,2275,225
180.11,2306,210
180.90,1870,227
181.70,1870,235
182.49,1885,217
183.29,4410,215
184.09,3802,80
184.89,3849,96
185.69,3865,96
186.49,3865,135
187.29,3865,138
188.09,3600,135
188.89,3849,210
189.69,3849,155
190.49,4847,212
191.29,4815,217
192.12,4815,215
192.91,2478,221
193.70,2478,221
194.49,2462,225
195.28,2462,224
196.07,2556,220
196.86,2446,222
197.65,2446,227
198.44,2446,223
199.23,2431,223
200.02,2431,226
200.81,2431,224
201.60,2431,216
202.39,2322,219
203.18,2322,225
203.97,2322,219
204.76,2337,217
205.55,2540,218
206.34,2556,215
207.13,2836,221
207.92,1994,221
208.71,1994,220
209.50,1979,220
210.29,1994,221
211.05,1994,220
211.86,1994,218
212.66,2010,221
213.47,2010,222
214.28,2026,219
215.08,2026,220
215.89,2026,223
216.69,2041,221
217.50,2041,222
218.31,2057,221
219.11,2057,223
219.92,2057,222
220.75,2072,223
221.54,2072,222
222.33,2088,224
223.12,2104,225
223.91,2119,223
224.70,2135,225
225.49,2150,222
226.28,3927,221
227.07,3958,213
227.86,5252,221
228.65,5299,220
229.44,5330,219
230.23,5361,223
231.02,5392,211
231.82,3678,213
232.61,3709,214
233.40,3818,213
234.20,3943,213
234.99,4083,211
235.79,4254,211
236.58,4348,215
237.37,4395,219
238.17,4457,219
238.96,4488,220
239.75,4535,221
240.52,4582,219
241.30,4628,221
242.07,2353,215
242.84,2322,232
243.62,2275,226
244.39,2244,227
245.17,2244,233
245.94,2213,228
246.71,2166,229
247.49,2181,231
248.26,2197,229
249.09,2228,232
249.88,2244,219
250.67,2665,220
251.46,1994,226
252.25,1963,223
253.04,1963,223
253.83,1932,223
254.62,1916,224
255.41,1885,217
256.20,1854,219
256.99,1870,220
257.78,1885,220
258.57,1901,219
259.36,1823,220
260.15,1807,219
260.94,1776,220
261.73,1792,217
262.52,1807,210
263.31,1745,212
264.10,1807,217
264.89,1729,219
265.68,1714,215
266.47,1714,220
267.26,1714,217
268.05,1636,211
268.84,1620,210
269.64,1636,211
270.43,1714,213
271.22,1745,211
272.02,1667,210
272.81,1652,151
273.61,1652,132
274.40,1683,210
275.19,1761,211
275.99,1745,216
276.78,1745,216
277.76,1761,218
278.55,1792,212
279.34,1885,219
280.13,1870,225
280.92,1839,227
281.71,1839,221
282.49,1823,224
283.28,1807,222
284.07,1807,219
284.86,1792,219
285.65,1776,219
286.44,1776,215
287.24,1792,213
288.06,1854,211
288.87,1854,213
289.69,2259,214
290.51,2244,224
291.32,2244,222
292.14,2244,223
292.95,2259,222
293.77,2275,226
294.59,2306,218
295.40,2415,212
296.22,3008,215
297.01,3008,215
297.80,3023,223
298.60,3023,224
299.39,3039,225
300.18,3039,225
300.97,3039,225
301.77,3054,225
302.56,3054,227
303.35,3070,225
304.14,3070,227
304.94,3070,229
305.73,3085,225
306.56,3085,222
307.36,3101,214
308.17,3101,216
308.97,3117,213
309.77,3132,211
310.58,3163,210
311.38,3179,212
312.19,3210,210
312.99,3226,193
313.79,3210,210
314.60,3241,193
315.40,3272,217
316.19,3304,216
316.98,3382,223
317.78,3413,216
318.57,3460,223
319.36,3413,214
320.16,3569,213
320.95,3553,221
321.75,3537,226
322.54,3491,222
323.33,3397,225
324.13,3304,226
324.92,3226,227
325.71,1776,222
326.50,1776,232
327.30,1776,229
328.09,1792,232
328.88,1792,231
329.67,1807,232
330.47,1823,232
331.26,1823,230
332.05,1839,233
332.84,1854,229
333.64,1854,231
334.43,1870,228
335.23,1885,228
336.06,1901,230
336.88,1916,228
337.71,1932,230
338.54,1932,229
339.37,1963,228
340.19,1963,230
341.02,1994,230
341.85,2010,229
342.68,2026,230
343.50,2041,232
344.33,2057,231
345.16,2072,230
345.89,2104,231
346.63,2135,230
347.36,2150,229
348.09,2150,233
348.83,2119,227
349.56,1963,223
350.30,1932,231
351.03,1932,231
351.76,1948,232
352.50,1963,218
353.23,1807,230
354.02,1792,229
354.82,1776,229
355.61,1776,231
356.41,1792,232
357.21,1792,231
358.01,1807,229
358.80,1839,219
359.60,2041,233
0.40,2041,231
1.20,2057,230
1.99,2072,230
2.79,1963,225
3.55,1948,228
4.38,1948,230
5.21,1948,226
6.04,2150,222
6.87,1885,151
7.70,1839,171
8.52,1792,193
9.35,1776,171
10.18,1761,210
11.01,1745,161
11.84,1729,210
12.67,1698,203
13.50,1698,211
14.29,1683,180
15.08,1683,200
15.87,1652,211
16.66,1636,211
17.45,1605,210
18.25,1620,211
19.04,1574,212
19.83,1574,212
20.62,1558,212
21.41,1558,212
22.20,1527,214
22.79,1542,213
23.59,1589,226
24.38,1636,218
25.18,1683,217
25.98,1745,216
26.78,1433,217
27.57,1402,226
28.37,1402,229
29.17,1402,228
29.97,1402,228
30.76,1433,219
31.56,1761,235
32.32,1776,231
33.07,2088,226
33.82,2072,232
34.57,2057,231
35.32,2041,232
36.07,2026,233
36.82,2010,230
37.57,2010,229
38.32,1994,232
39.07,1979,231
39.82,1106,228
40.57,1106,228
41.37,1137,226
42.16,1184,232
42.95,1215,218
43.74,1916,224
44.53,1916,225
45.32,1916,219
46.12,1901,226
46.91,1916,228
47.70,1527,229
48.49,1916,217
49.28,1916,230
50.07,1854,228
50.86,1870,217
51.68,2181,236
52.50,2181,228
53.32,2213,217
54.14,2259,214
54.96,1916,213
55.77,2259,214
56.59,2213,214
57.41,2213,215
58.23,2244,215
59.05,2197,213
59.87,2166,218
60.66,2181,217
61.43,2166,217
62.19,2166,218
62.96,1480,225
63.73,1013,224
64.49,1013,229
65.26,2135,226
66.02,2135,234
66.79,2150,230
67.56,2135,228
68.32,2135,228
69.09,2135,225
69.85,2166,219
70.64,2166,215
71.44,2166,213
72.23,1542,224
73.03,1542,212
73.82,2212,193
74.62,1075,227
75.41,1075,218
76.21,2197,211
77.00,2181,212
77.80,2197,210
78.59,3132,212
79.38,2197,211
80.15,2228,210
80.93,2228,210
81.70,2275,211
82.47,2259,211
83.24,2244,222
84.02,2259,225
84.79,2244,233
85.56,2244,221
86.33,1636,227
87.11,1948,220
87.88,2290,224
88.68,2306,226
89.47,2306,226
90.27,2322,226
91.06,2337,225
91.85,2368,227
92.64,2384,225
93.44,2400,225
94.23,2415,218
95.02,1246,227
95.81,1262,217
96.61,1355,219
97.40,1324,226
97.94,1340,226
98.73,2540,222
99.53,2571,224
100.32,2587,225
101.11,2618,228
101.91,2602,226
102.70,2540,222
103.50,2462,222
104.29,2446,223
105.08,2400,225
105.88,2415,224
106.67,2431,227
107.50,2462,225
108.35,2493,226
109.20,2524,225
110.06,2540,226
110.91,2571,226
111.76,2618,224
112.61,2649,225
113.46,2680,223
114.31,2711,223
115.17,2758,224
116.02,2041,210
116.87,2041,214
117.67,2041,214
118.47,2025,215
119.26,2025,211
120.06,2010,215
120.86,2010,215
121.66,2010,215
122.45,1994,215
123.25,1994,215
124.05,1994,216
124.85,1994,216
125.64,1994,215
126.44,1994,217
127.20,1994,217
127.96,1994,216
128.72,1994,216
129.48,1994,216
130.24,1994,217
131.00,1994,218
131.75,1994,219
132.51,1994,216
133.27,1994,217
134.03,2010,217
134.79,2010,216
135.55,2010,215
136.38,2025,216
137.20,2025,217
138.01,2025,217
138.83,2025,216
139.65,2041,214
140.46,2041,213
141.28,2041,215
142.09,2057,214
142.91,2057,214
143.73,2072,212
144.54,2088,211
145.36,2088,211
146.15,2103,212
146.94,2103,210
147.74,2119,210
148.53,2135,210
149.33,2135,212
150.12,2150,211
150.92,2181,210
151.71,2181,211
152.51,2197,211
153.30,2197,158
154.10,2290,210
154.89,2244,96
155.68,2166,96
156.47,2103,80
157.26,2135,87
158.05,1979,84
158.84,1916,90
159.63,1916,135
160.41,80,71
161.20,1792,135
161.99,1729,132
162.78,1729,142
163.57,1698,216
164.36,1714,211
165.16,1745,211
165.95,1760,177
166.74,1776,210
167.53,1792,158
168.32,1807,206
169.11,1854,168
169.89,1870,171
170.68,1885,161
171.47,1916,171
172.26,1932,129
173.05,1994,148
173.84,1979,122
174.63,2010,135
175.42,2057,155
176.22,2103,148
177.01,2119,151
177.81,2212,221
178.60,2228,225
179.40,2290,221
180.19,1885,216
180.99,1870,234
181.78,1870,231
182.58,4363,218
183.37,4457,212
184.16,95,109
185.00,3849,96
185.83,3833,122
186.67,3865,135
187.50,3833,168
188.34,3865,171
189.17,3849,210
190.01,3865,168
190.84,4831,215
191.68,4815,218
192.51,2462,220
193.35,2462,220
194.11,2462,224
194.91,2462,223
195.72,2493,221
196.52,2462,221
197.32,2462,229
198.12,2446,226
198.93,2446,223
199.73,2431,222
200.53,2431,224
201.33,2431,221
202.14,2337,218
202.94,2322,217
203.77,2322,222
204.56,2353,217
205.35,2477,215
206.14,2540,222
206.93,2836,226
207.72,1994,215
208.52,1994,221
209.31,1994,221
210.10,1994,221
210.89,1994,219
211.68,1994,220
212.47,1994,222
213.26,2010,219
214.04,2010,220
214.82,2010,221
215.60,2025,222
216.38,2025,222
217.16,2041,220
217.94,2041,222
218.72,2057,221
219.50,2057,223
220.28,2072,222
221.06,2072,221
221.84,2088,223
222.59,2103,224
223.38,2103,224
224.18,2119,223
224.97,2135,226
225.77,3927,218
226.56,3943,217
227.36,5252,216
228.15,5267,220
228.95,5314,220
229.74,5345,219
230.54,5376,218
231.33,5080,200
232.16,3678,213
232.93,3771,213
233.71,3880,214
234.48,4036,212
235.25,4192,212
236.02,4332,213
236.80,4363,218
237.57,4426,221
238.34,4457,219
239.11,4519,220
239.89,4566,221
240.66,4613,222
241.46,4659,219
242.25,2337,226
243.04,2306,229
243.84,2275,224
244.63,2244,229
245.42,2244,236
246.21,2181,227
247.00,2166,231
247.79,2197,232
248.59,2212,230
249.38,2228,229
250.17,2649,223
250.93,1994,224
251.72,1979,224
252.52,1963,224
253.31,1948,222
254.11,1916,223
254.90,1885,221
255.70,1854,219
256.49,1838,219
257.29,1885,219
258.08,1916,219
258.88,1838,218
259.67,1823,222
260.50,1776,218
261.29,1776,219
262.07,1792,218
262.86,2119,211
263.65,1760,213
264.43,1729,216
265.22,1714,216
266.00,1714,218
266.79,1714,217
267.58,1714,214
268.36,1605,206
269.15,1620,210
269.94,1667,211
270.79,1729,214
271.64,1667,211
272.48,1651,187
273.33,1651,129
274.18,1667,211
275.03,1760,211
275.88,1760,213
276.73,1745,215
277.57,1760,213
278.42,1760,219
279.27,1885,213
280.03,1870,219
280.83,1854,222
281.62,1838,225
282.42,1823,221
283.22,1823,220
284.02,1807,219
284.81,1792,218
285.61,1792,217
286.41,1776,217
287.21,1776,214
288.00,1823,216
288.80,1838,211
289.60,1885,214
290.39,2244,219
291.17,2244,228
291.96,2244,219
292.74,2244,225
293.53,2259,224
294.31,2275,224
295.10,2322,213
295.88,3007,210
296.67,3007,214
297.45,3007,219
298.24,3023,222
299.04,3039,223
299.83,3039,225
300.62,3039,224
301.41,3039,224
302.20,3054,224
302.99,3070,225
303.77,3070,227
304.56,3070,227
305.35,3070,227
306.14,3101,225
306.93,3085,218
307.72,3085,214
308.51,3116,216
309.31,3163,211
310.11,3163,211
310.90,3179,197
311.70,3163,210
312.50,3210,203
313.30,3210,187
314.10,3210,210
314.90,3241,187
315.69,3288,220
316.49,3381,217
317.29,3381,219
318.08,3413,217
318.87,3475,217
319.66,3413,214
320.45,3584,217
321.24,3537,225
322.03,3568,225
322.83,3459,226
323.62,3381,223
324.41,3272,225
325.20,3194,225
325.99,1776,231
326.78,1776,233
327.57,1776,234
328.36,1792,233
329.16,1792,232
329.95,1807,233
330.75,1823,232
331.54,1823,232
332.34,1838,231
333.13,1854,229
333.93,1870,229
334.72,1885,229
335.52,1885,229
336.31,1901,229
337.47,1916,229
338.27,1932,231
339.06,1948,231
339.86,1963,230
340.66,1979,228
341.45,1994,228
342.25,2010,229
343.04,2025,229
343.84,2041,231
344.64,2057,230
345.43,2088,231
346.23,2103,231
346.99,2135,228
347.72,2150,228
348.46,2135,232
349.19,2119,226
349.92,1948,227
350.66,1932,230
351.39,1932,234
352.13,1948,232
352.86,1838,223
353.59,1807,229
354.33,1792,231
355.06,1776,232
355.89,1776,230
356.68,1776,231
357.47,1792,229
358.26,1807,228
359.05,2025,222
359.84,2041,233
0.64,2041,232
1.43,2057,232
2.22,2057,227
3.01,1948,228
3.80,1948,228
4.59,1948,231
5.38,1963,227
6.20,2150,218
7.03,1885,190
7.85,1885,171
8.67,1792,193
9.49,1776,184
10.32,1760,203
11.14,1745,210
11.96,1714,203
12.78,1714,190
13.61,1698,211
14.43,1698,210
15.19,1651,210
15.97,1636,211
16.74,1620,210
17.52,1620,210
18.30,1605,211
19.07,1573,211
19.85,1573,211
20.62,1558,211
21.40,1558,212
22.18,1527,216
22.95,1573,212
23.73,1589,226
24.56,1651,217
25.35,1714,215
26.14,1760,210
26.93,1464,222
27.72,1386,229
28.51,1402,228
29.30,1402,227
30.09,1418,226
30.88,1760,221
31.67,1760,235
32.46,1776,228
33.25,2072,229
34.05,2057,232
34.82,2041,231
35.58,2041,234
36.35,2025,232
37.12,2010,231
37.88,1994,231
38.65,1979,231
39.41,1963,228
40.18,1106,231
40.95,1106,227
41.71,1184,230
42.48,1184,225
43.24,1231,213
44.03,1916,223
44.83,1916,224
45.62,1916,218
46.41,1901,228
47.21,1916,219
48.00,1527,227
48.80,1916,226
49.59,1854,227
50.38,1854,227
51.18,2181,225
51.97,2197,234
52.86,2197,226
53.65,2197,214
54.45,2259,214
55.24,2275,210
56.03,2244,214
56.83,2244,215
57.62,2212,215
58.42,2197,215
59.21,2181,214
60.00,2181,216
60.80,2181,216
61.59,2166,218
62.39,2181,216
63.15,1480,221
63.91,1012,228
64.67,1012,225
65.43,2119,230
66.19,2150,235
66.95,2135,230
67.71,2135,229
68.47,2135,227
69.23,2150,223
69.99,2166,214
70.75,2166,212
71.54,1527,212
72.34,1542,226
73.13,2166,210
73.93,1075,217
74.73,1075,227
75.53,2181,210
76.32,2197,214
77.12,2181,212
77.92,2197,212
78.72,2212,212
79.51,2228,211
80.31,2243,211
81.07,2243,212
81.85,2243,214
82.62,2259,216
83.40,2243,224
84.18,2259,227
84.95,2243,232
85.73,1651,221
86.50,1651,220
87.28,2290,215
88.06,2290,226
88.83,2306,226
89.61,2321,224
90.40,2337,226
91.21,2353,226
92.01,2368,225
92.82,2384,225
93.63,2399,224
94.43,1246,222
95.24,1246,227
96.04,2462,220
96.85,1339,225
97.66,1324,226
98.46,1339,220
99.27,2540,226
100.06,2571,223
100.86,2602,227
101.65,2602,230
102.45,2571,222
103.25,2508,221
104.05,2462,222
104.84,2415,223
105.64,2399,225
106.44,2415,226
107.24,2446,226
108.03,2462,228
108.83,2493,227
109.59,2524,225
110.41,2555,226
111.22,2586,225
112.04,2633,225
112.85,2664,223
113.67,2695,223
114.48,2742,222
115.30,2773,216
116.11,2041,212
116.93,2041,215
117.74,2025,213
118.56,2010,214
119.39,2010,213
120.19,2010,216
121.00,2010,215
121.80,2010,215
122.60,1994,217
123.40,1994,216
124.21,1994,216
125.01,1994,215
125.81,1994,215
126.61,1994,216
127.42,1994,214
128.22,1994,215
129.02,1994,216
129.81,1994,216
130.61,1994,217
131.40,1994,216
132.19,1994,215
132.99,1994,217
133.78,1994,215
134.58,1994,214
135.37,2010,216
136.16,2025,215
136.96,2025,217
137.75,2010,216
138.54,2025,216
139.34,2025,215
140.15,2041,215
140.95,2025,215
141.75,2056,214
142.55,2056,212
143.36,2072,213
144.16,2072,213
144.96,2072,212
145.76,2088,211
146.57,2103,212
147.37,2119,211
148.20,2134,177
148.99,2150,211
149.78,2166,211
150.57,2166,212
151.36,2166,210
152.15,2181,211
152.95,2197,210
153.74,2243,193
154.53,2228,164
155.32,2181,93
156.11,2134,84
156.90,2072,93
157.50,2041,96
158.30,1979,90
159.09,1916,96
159.89,1869,109
160.69,1869,96
161.49,1776,142
162.28,1760,148
163.08,1698,210
163.88,1698,214
164.68,1714,211
165.47,1745,212
166.27,1776,206
167.03,1791,206
167.83,1807,180
168.64,1823,180
169.44,1838,168
170.24,1854,151
171.04,1885,161
171.85,1916,151
172.65,1963,142
173.45,2025,138
174.25,1994,155
175.06,2025,142
175.86,2072,161
176.69,2103,148
177.48,2150,193
178.27,2212,225
179.06,2243,225
179.85,2290,214
180.64,1869,222
181.43,1869,233
182.22,1885,224
183.01,4363,216
183.80,4457,142
184.59,50,100
185.38,3864,113
186.17,3849,119
186.99,3849,161
187.81,3662,145
188.63,3864,210
189.45,3849,210
190.27,4846,212
191.09,4831,215
191.91,4815,219
192.73,2477,221
193.55,2462,221
194.37,2462,224
195.19,2462,223
195.98,2524,220
196.74,2446,220
197.51,2446,227
198.27,2462,224
199.03,2446,225
199.80,2431,225
200.56,2431,226
201.33,2431,218
202.09,2321,217
202.85,2306,224
203.62,2321,221
204.38,2321,216
205.17,2540,217
205.96,2540,221
206.75,2836,225
207.54,1994,217
208.33,1979,221
209.12,1994,221
209.92,1994,219
210.71,1994,219
211.50,1994,219
212.29,2010,220
213.08,2010,221
213.87,2025,218
214.66,2025,221
215.47,2025,221
216.27,2025,221
217.08,2041,222
217.89,2041,222
218.69,2056,223
219.50,2056,222
220.30,2072,224
221.11,2072,224
221.92,2088,222
222.72,2103,224
223.53,2103,222
224.32,2119,224
225.11,2134,226
225.91,3927,220
226.70,3942,217
227.49,5252,215
228.28,5283,220
229.08,5314,220
229.87,5361,222
230.66,5392,218
231.45,3677,184
232.25,3677,214
233.04,3802,214
233.80,3911,214
234.59,4036,212
235.39,4176,212
236.18,4316,214
236.97,4394,217
237.77,4426,220
238.56,4472,219
239.36,4503,222
240.15,4566,221
240.94,4613,222
241.74,4659,218
242.53,2337,227
243.36,2290,227
244.12,2259,225
244.87,2243,229
245.63,2228,234
246.39,2181,228
247.15,2181,230
247.90,2197,234
248.66,2212,232
249.42,2228,228
250.18,2649,226
250.93,1994,227
251.69,1979,226
252.48,1963,225
253.28,1932,224
254.07,1916,224
254.87,1885,220
255.67,1854,220
256.47,1854,220
257.26,1885,220
258.06,1916,218
258.86,1838,219
259.66,1823,222
260.45,1776,219
261.25,1776,220
262.00,1791,216
262.82,1745,210
263.64,1760,214
264.46,1729,219
265.28,1714,215
266.10,1714,216
266.92,1714,218
267.74,1714,213
268.56,1620,210
269.38,1604,210
270.20,1667,212
271.02,1745,213
271.85,1667,210
272.66,1667,132
273.48,1651,145
274.29,1667,211
275.10,1776,213
275.91,1745,213
276.73,1745,216
277.54,1760,214
278.35,1776,216
279.16,1869,216
279.98,1869,221
280.79,1854,225
281.58,1838,224
282.38,1823,223
283.17,1807,222
283.97,1807,221
284.77,1791,220
285.56,1776,218
286.36,1776,217
287.15,1791,214
287.95,1807,214
288.75,1854,212
289.54,1885,212
290.34,2243,225
291.10,2243,227
291.91,2228,218
292.71,2243,225
293.52,2275,225
294.33,2290,224
295.13,2384,213
295.94,3007,213
296.74,3007,214
297.55,3007,219
298.36,3023,225
299.16,3038,223
299.97,3038,225
300.80,3038,225
301.60,3054,225
302.40,3054,225
303.20,3054,227
304.00,3070,226
304.80,3070,227
305.60,3070,229
306.40,3101,224
307.20,3085,218
308.00,3101,215
308.80,3116,215
309.60,3163,211
310.39,3147,210
311.18,3163,211
311.98,3163,197
312.77,3225,193
313.56,3194,210
314.36,3210,211
315.15,3257,203
315.95,3272,222
316.74,3381,221
317.53,3381,218
318.33,3412,219
319.12,3459,215
319.91,3412,211
320.71,3599,217
321.50,3537,225
322.30,3568,227
323.10,3444,226
323.90,3350,224
324.69,3272,226
325.49,3210,227
326.29,1776,230
327.09,1776,232
327.88,1791,233
328.68,1791,232
329.47,1807,233
330.27,1807,230
331.06,1823,232
331.86,1823,229
332.65,1838,230
333.45,1854,232
334.24,1869,230
335.04,1885,229
335.83,1901,228
336.63,1901,228
337.42,1916,229
338.22,1932,228
339.02,1947,232
339.81,1963,228
340.61,1979,230
341.40,1994,228
342.19,2010,230
342.98,2025,229
343.78,2041,229
344.57,2072,231
345.36,2088,230
346.15,2103,230
346.95,2134,230
347.74,2166,232
348.53,2134,229
349.31,2119,223
350.08,1947,227
350.86,1932,231
351.64,1932,230
352.42,1947,230
353.19,1823,226
353.97,1791,230
354.75,1791,230
355.53,1776,231
356.30,1776,230
357.08,1791,233
357.91,1791,228
358.70,1823,228
359.49,2041,225
0.28,2041,233
1.07,2041,232
1.86,2056,232
2.64,2056,221
3.43,1963,227
4.22,1947,230
5.01,1947,228
5.80,1947,223
6.59,2166,213
7.38,1838,187
8.16,1823,187
8.93,1807,197
9.71,1776,177
10.49,1791,210
11.27,1776,161
12.04,1714,210
12.82,1698,211
13.60,1682,210
14.38,1667,211
15.15,1651,200
15.93,1636,210
16.73,1620,210
17.51,1604,210
18.29,1604,212
19.07,1573,213
19.85,1573,210
20.63,1558,211
21.41,1558,211
22.19,1527,217
22.97,1589,215
23.75,1589,224
24.53,1651,217
25.31,1714,217
26.07,1449,212
26.86,1433,223
27.66,1386,232
28.45,1386,229
29.24,1402,228
30.03,1417,227
30.83,1776,224
31.62,1760,235
32.41,1776,224
33.20,2088,232
34.00,2056,230
34.79,2041,232
35.62,2041,231
36.38,2025,231
37.13,2010,231
37.89,1994,230
38.65,1979,230
39.41,1979,227
40.16,1106,232
40.92,1106,228
41.68,1184,230
42.44,1184,225
43.19,1932,213
43.95,1916,224
44.75,1916,224
45.56,1901,220
46.36,1916,230
47.17,1916,217
47.98,1527,227
48.78,1916,226
49.59,1869,225
50.39,1854,227
51.20,2197,226
52.01,2197,234
52.81,2197,225
53.62,2243,214
54.41,2275,215
55.20,2259,210
56.00,2212,213
56.79,2243,215
57.58,2212,215
58.37,2243,215
59.17,2181,215
59.96,2181,217
60.75,2197,215
61.54,2181,219
62.34,2181,216
63.13,1464,224
63.96,1012,231
64.73,1012,227
65.51,2119,232
66.28,2150,232
67.06,2134,229
67.83,2134,228
68.61,2134,227
69.38,2134,222
70.16,2150,214
70.93,2166,213
71.71,2166,210
72.48,1542,225
73.27,2181,210
74.07,1075,217
74.86,1075,226
75.66,1090,211
76.45,2197,212
77.25,2181,213
78.04,2212,212
78.84,2212,211
79.63,3147,211
80.43,2228,211
81.22,2243,210
82.02,2243,211
82.43,2259,211
83.23,2243,224
84.02,2259,225
84.82,2243,232
85.62,1651,216
86.41,1651,226
87.21,1963,218
88.00,2290,226
88.80,2306,228
89.60,2321,226
90.39,2337,224
91.19,2353,226
91.98,2368,226
92.80,2384,225
93.61,2399,224
94.43,1246,218
95.25,1246,230
96.06,2462,218
96.88,1355,224
97.69,1324,228
98.51,1339,224
99.33,2540,223
100.14,2571,226
100.96,2586,224
101.75,2633,229
102.54,2571,225
103.34,2524,222
104.13,2477,221
104.92,2431,221
105.71,2399,225
106.51,2415,223
107.30,2431,224
108.09,2462,224
108.88,2493,225
109.68,2524,225
110.47,2540,227
111.27,2586,226
112.06,2618,224
112.86,2649,224
113.65,2680,224
114.44,2711,223
115.24,2758,222
116.03,2041,212
116.83,2025,213
117.62,2025,215
118.41,2025,215
119.21,2041,211
120.00,2010,216
120.79,2010,216
121.61,2010,216
122.42,1994,215
123.24,1994,215
124.06,1994,216
124.87,1994,214
125.69,1994,216
126.50,1994,218
127.32,1994,216
128.14,1994,216
128.95,1979,216
129.77,1994,218
130.60,1994,216
131.39,1994,216
132.18,1994,216
132.97,1994,217
133.76,1994,216
134.55,2010,215
135.33,2010,215
136.12,2010,216
136.91,2010,215
137.70,2025,218
138.49,2010,216
139.28,2025,215
140.08,2025,215
140.86,2041,214
141.63,2056,214
142.41,2056,214
143.19,2072,212
143.97,2072,212
144.74,2072,211
145.52,2088,211
146.30,2088,211
147.08,2119,213
147.85,2134,211
148.63,2134,203
149.38,2166,210
150.20,2166,212
151.02,2166,211
151.84,2197,211
152.66,2228,200
153.48,2212,193
154.30,2243,177
155.12,2212,84
155.94,2103,84
156.76,2072,103
157.58,1994,93
158.40,1979,106
159.23,1885,119
160.02,1932,113
160.81,1807,106
161.60,1776,106
162.39,1745,132
163.18,1698,197
163.97,1698,216
164.76,1729,211
165.55,1745,211
166.34,1776,210
167.13,1776,180
167.92,1791,190
168.71,1838,180
169.52,1854,200
170.32,1885,148
171.13,1885,113
171.94,1916,187
172.74,1963,145
173.55,1979,122
174.35,2010,155
175.16,2041,116
175.97,2072,158
176.77,2103,148
177.58,2134,210
178.34,2212,225
179.13,2259,225
179.93,2306,211
180.72,1869,225
181.51,1869,234
182.30,1885,218
183.10,4379,216
183.89,4472,109
184.68,3849,103
185.47,3849,119
186.27,3849,126
187.06,3864,142
188.01,3646,148
188.80,3849,197
189.59,3864,210
190.38,4846,213
191.17,4815,217
191.96,4815,219
192.74,2477,221
193.53,2462,221
194.32,2477,226
195.11,2477,223
195.90,2540,221
196.69,2446,222
197.48,2446,229
198.27,2446,225
199.07,2431,222
199.86,2431,224
200.65,2431,225
201.45,2431,216
202.24,2321,218
203.04,2306,223
203.83,2337,220
204.62,2353,218
205.42,2540,217
206.21,2571,217
207.01,2836,219
207.81,1994,218
208.60,1994,222
209.40,1994,222
210.19,1994,221
210.99,1994,220
211.78,1994,220
212.58,2010,220
213.37,2010,221
214.17,2010,221
214.96,2025,222
215.76,2025,222
216.55,2041,223
217.34,2041,222
218.12,2041,221
218.91,2056,223
219.70,2056,224
220.49,2072,222
221.27,2088,225
222.06,2088,225
222.85,2103,226
223.64,2119,225
224.42,2119,226
225.21,2134,223
226.01,3942,223
226.81,3958,214
227.62,5252,221
228.42,5283,220
229.22,5330,221
230.03,5361,220
230.83,5407,211
231.64,3677,211
232.44,3709,213
233.24,3802,213
234.05,3927,211
234.85,4067,211
235.64,4207,211
236.44,4348,215
237.23,4394,220
238.03,4441,221
238.82,4488,220
239.62,4535,219
240.41,4581,219
241.21,4628,221
242.00,2353,215
242.80,2337,229
243.59,2290,227
244.39,2243,227
245.15,2259,233
245.93,2212,231
246.70,2166,228
247.48,2181,230
248.26,2197,232
249.04,2212,230
249.81,2243,222
250.59,2664,222
251.37,1994,226
252.15,1963,223
252.92,1963,222
253.70,1932,222
254.53,1901,225
255.33,1869,216
256.13,1854,221
256.93,1854,220
257.73,1885,220
258.53,1901,220
259.33,1823,220
260.13,1791,220
260.93,1776,220
261.73,1791,218
262.53,2134,211
263.33,1745,211
264.12,1807,216
264.92,1714,218
265.71,1729,215
266.51,1714,217
267.31,1729,218
268.10,1636,212
268.90,1620,177
269.69,1636,211
270.49,1698,212
271.29,1682,212
272.08,1651,180
272.88,1636,155
273.64,1651,168
274.46,1682,210
275.28,1776,211
276.10,1745,215
276.92,1745,215
277.74,1760,215
278.56,1791,213
279.38,1885,218
280.20,1854,224
281.02,1854,229
281.84,1838,221
282.66,1823,225
283.45,1807,221
284.24,1791,219
285.04,1791,220
285.83,1776,217
286.62,1776,217
287.41,1791,214
288.21,1838,212
289.00,1854,211
289.79,2259,213
290.58,2243,226
291.38,2243,222
292.17,2243,223
292.97,2243,224
293.77,2275,222
294.56,2306,219
295.36,2431,214
296.16,3007,215
296.95,3007,217
297.75,3007,222
298.54,3023,224
299.34,3038,225
300.14,3038,227
300.93,3038,227
301.73,3054,224
302.48,3054,226
303.29,3070,228
304.11,3070,225
304.92,3070,231
305.73,3085,227
306.55,3085,222
307.36,3085,217
308.18,3101,214
308.99,3116,213
309.80,3132,211
310.62,3147,211
311.43,3194,210
312.22,3210,187
313.01,3225,174
313.81,3210,187
314.60,3225,193
315.39,3257,213
316.18,3303,217
316.98,3381,223
317.77,3397,216
318.56,3459,222
319.35,3412,214
320.15,3568,187
320.94,3568,220
321.73,3537,226
322.52,3522,222
323.32,3412,227
324.11,3319,227
324.90,3241,227
325.69,3194,220
326.49,1776,235
327.28,1776,230
328.07,1791,233
328.86,1791,232
329.66,1807,231
330.45,1807,233
331.25,1823,231
332.08,1838,229
332.92,1838,230
333.75,1854,229
334.59,1869,230
335.42,1885,229
336.26,1901,231
337.09,1916,229
337.93,1916,230
338.76,1932,228
339.60,1947,230
340.43,1963,229
341.22,1979,229
342.01,1994,230
342.80,2025,230
343.59,2041,230
344.38,2056,229
345.17,2072,229
345.97,2088,231
346.76,2119,231
347.55,2134,232
348.34,2150,231
349.13,2119,228
349.92,2134,217
350.72,1932,230
351.47,1932,229
352.22,1932,233
352.97,1963,228
353.72,1823,227
354.47,1791,229
355.22,1791,230
355.97,1776,230
356.72,1776,231
357.47,1791,231
358.22,1807,229
358.97,1823,228
359.76,2025,229
0.53,2041,232
1.29,2056,232
2.06,2056,229
2.83,1963,219
3.59,1947,227
4.36,1947,232
5.12,1963,230
5.89,1963,217
6.66,2150,211
7.42,1838,168
8.19,1838,177
8.98,1807,187
9.77,1776,168
10.56,1776,206
11.35,1729,180
12.14,1714,210
12.93,1698,210
13.73,1682,193
14.52,1667,210
15.31,1651,210
16.10,1636,210
16.89,1636,193
17.68,1620,210
18.48,1604,211
19.27,1573,211
20.06,1558,210
20.85,1558,212
21.64,1558,213
22.43,1527,218
23.21,1573,217
24.00,1589,220
24.79,1651,217
25.58,1714,217
26.37,1464,212
27.16,1417,225
27.95,1386,229
28.75,1402,229
29.55,1402,229
30.34,1417,226
31.14,1776,229
31.94,1760,234
32.74,1791,219
33.54,2072,233
34.34,2056,229
35.13,2041,232
35.93,2025,231
36.73,2025,231
37.40,2010,231
38.15,1994,230
38.91,1979,231
39.66,1979,221
40.42,1106,232
41.17,1121,226
41.93,1184,231
42.68,1199,222
43.44,1916,217
44.19,1916,226
44.95,1901,219
45.70,1901,225
46.49,1916,230
47.31,1527,225
48.13,1542,221
48.95,1916,230
49.77,1854,227
50.59,1854,222
51.40,2197,234
52.22,2197,232
53.04,2212,218
53.86,2259,216
54.68,1916,211
55.50,2259,214
56.29,2243,216
57.09,2259,214
57.89,2228,214
58.68,2212,217
59.48,2166,215
60.28,2181,218
61.08,2181,217
61.88,2166,219
62.68,1464,218
63.47,1012,221
64.27,1012,231
65.07,2150,220
65.82,2134,233
66.60,2150,231
67.37,2134,226
68.15,2134,228
68.93,2134,224
69.70,2166,219
70.48,2166,214
71.25,2181,211
72.03,1527,220
72.81,1542,218
73.58,2166,210
74.36,1075,223
75.16,1075,222
75.91,2197,197
76.65,2212,210
77.40,2181,193
78.15,3147,210
78.89,3147,211
79.64,3147,212
80.38,2228,193
81.13,2228,211
81.88,2259,210
82.62,2259,219
83.37,2243,226
84.16,2259,227
84.96,2243,227
85.76,1636,227
86.55,1916,217
87.35,2290,223
88.15,2306,226
88.95,2306,227
89.75,2321,226
90.55,2321,224
91.34,2353,225
92.14,2384,223
92.94,2384,226
93.69,2399,223
94.54,1230,226
95.39,1246,225
96.24,2462,221
97.09,1339,224
97.94,1324,229
98.78,2524,215
99.63,2555,223
100.48,2571,223
101.33,2602,228
102.18,2618,231
103.03,2555,223
103.82,2493,222
104.60,2462,221
105.38,2415,225
106.16,2399,224
106.94,2415,226
107.72,2446,225
108.50,2462,225
109.28,2508,224
110.06,2524,227
110.84,2571,224
111.62,2602,226
112.40,2633,226
112.94,2664,225
113.73,2711,223
114.53,2742,224
115.32,2773,213
116.11,2041,212
116.91,2025,214
117.70,2025,215
118.50,2025,215
119.29,2010,214
120.08,2010,216
120.88,2010,216
121.67,2010,215
122.47,1994,214
123.29,1994,215
124.11,1979,215
124.94,1994,217
125.76,1994,216
126.58,1994,216
127.40,1994,216
128.22,1994,216
129.04,1979,217
129.87,1994,216
130.69,1994,217
131.51,1994,215
132.30,1994,216
133.09,1994,217
133.88,2010,215
134.67,1994,216
135.46,2010,216
136.25,2010,215
137.05,2025,213
137.84,2025,216
138.63,2025,216
139.42,2025,215
140.21,2041,216
141.00,2041,214
141.80,2041,212
142.59,2056,213
143.38,2072,214
144.17,2072,214
144.96,2103,211
145.75,2088,210
146.53,2103,210
147.32,2103,211
148.11,2119,210
148.90,2134,211
149.69,2150,211
150.48,2166,211
151.28,2166,211
152.08,2197,211
152.87,2212,210
153.67,2259,168
154.46,2212,145
155.26,2181,145
156.05,2166,74
156.85,80,93
157.64,1963,80
158.44,1916,113
159.23,1901,122
160.03,1854,109
160.79,1807,90
161.58,1791,135
162.38,1745,177
163.17,1698,211
163.96,1714,212
164.76,1729,210
165.55,1745,210
166.35,1776,193
167.14,1791,177
167.93,1807,171
168.73,1823,206
169.52,1854,164
170.35,1901,190
171.16,1901,135
171.98,1932,177
172.79,1963,145
173.60,1979,158
174.41,2072,119
175.23,2056,142
176.04,2072,158
176.85,2103,142
177.66,2166,213
178.48,2212,226
179.29,2275,225
180.08,2337,161
180.89,1869,229
181.69,1869,233
182.50,1885,214
183.31,4410,213
184.11,65,148
184.92,102,100
185.72,3818,109
186.53,65,96
187.34,3849,203
188.14,3615,158
188.95,3849,211
189.71,3880,180
190.50,4815,213
191.30,4815,218
192.09,2462,215
192.88,2477,220
193.68,2462,224
194.47,2462,226
195.27,2462,224
196.06,2508,221
196.85,2446,223
197.65,2446,229
198.44,2431,223
199.27,2431,222
200.07,2431,225
200.87,2431,224
201.67,2384,215
202.47,2321,219
203.27,2306,225
204.06,2337,218
204.86,2353,220
205.66,2540,219
206.46,2836,217
207.26,2836,215
208.06,1994,219
208.86,1979,220
209.65,1994,222
210.45,1994,219
211.24,1994,221
212.03,1994,220
212.82,2010,220
213.62,2010,220
214.41,2010,219
215.20,2025,222
215.99,2025,221
216.79,2041,221
217.58,2041,222
218.33,2041,222
219.12,2056,223
219.92,2072,223
220.71,2072,223
221.51,2072,223
222.30,2088,222
223.10,2103,225
223.89,2119,225
224.69,2134,226
225.48,2134,218
226.28,3942,220
227.07,3958,212
227.90,5267,221
228.69,5298,221
229.48,5330,218
230.27,5376,221
231.06,5407,210
231.85,3662,215
232.63,3709,213
233.42,3849,214
234.21,3974,212
235.00,4114,212
235.79,4270,212
236.58,4348,215
237.38,4410,219
238.18,4457,221
238.97,4488,221
239.77,4535,220
240.57,4581,219
241.37,4644,220
242.16,2353,218
242.96,2321,230
243.76,2275,225
244.56,2243,226
245.35,2243,232
246.15,2197,228
246.91,2166,229
247.70,2181,231
248.50,2212,231
249.29,2212,232
250.08,2243,218
250.87,2664,219
251.67,1979,224
252.46,1963,224
253.25,1947,221
254.04,1916,222
254.84,1916,224
255.63,1869,218
256.42,1838,220
257.22,1869,219
258.02,1901,222
258.82,1901,219
259.62,1823,219
260.42,1791,219
261.21,1776,219
262.01,1791,218
262.81,2384,212
263.61,1745,213
264.41,1823,217
265.21,1714,218
266.01,1714,217
266.80,1714,218
267.60,1714,214
268.39,1620,212
269.18,1604,206
269.98,1651,211
270.77,1714,214
271.57,1698,211
272.36,1651,158
273.15,1651,148
273.95,1667,184
274.74,1714,210
275.54,1745,215
276.33,1745,216
277.12,1745,215
277.91,1760,218
278.70,1823,215
279.49,1869,218
280.27,1854,224
281.06,1838,228
281.85,1823,220
282.64,1823,225
283.43,1807,221
284.22,1791,219
285.01,1791,218
285.83,1760,217
286.64,1776,216
287.46,1791,213
288.27,1854,211
289.09,1885,211
289.90,2259,215
290.72,2243,226
291.53,2243,220
292.35,2243,225
293.16,2243,224
293.98,2275,224
294.81,2321,217
295.60,2431,211
296.39,3007,215
297.18,3007,216
297.97,3023,222
298.76,3038,224
299.56,3038,226
300.35,3038,225
301.14,3038,224
301.93,3054,225
302.72,3054,226
303.51,3070,227
304.31,3070,227
305.12,3070,228
305.93,3101,223
306.74,3101,222
307.55,3101,215
308.36,3101,214
309.16,3116,212
309.97,3132,211
310.78,3147,212
311.59,3163,193
312.40,3210,210
313.21,3210,174
313.97,3210,210
314.76,3272,177
315.56,3288,218
316.35,3303,215
317.14,3381,222
317.94,3397,216
318.73,3475,221
319.53,3412,215
320.32,3584,214
321.11,3537,222
321.91,3537,224
322.70,3475,225
323.53,3381,226
324.32,3303,226
325.11,3210,226
325.90,1776,225
326.69,1776,233
327.48,1776,232
328.28,1791,233
329.07,1791,232
329.86,1807,231
330.65,1823,230
331.44,1823,232
332.23,1838,231
333.03,1854,230
333.86,1854,228
334.69,1869,229
335.52,1885,229
336.35,1901,229
337.18,1916,229
338.00,1916,229
338.83,1932,230
339.66,1963,230
340.49,1963,229
341.32,1994,229
342.15,2010,229
342.91,2025,230
343.70,2041,230
344.50,2057,229
345.29,2088,229
346.08,2103,232
346.88,2135,228
347.67,2150,228
348.47,2135,232
349.26,2103,227
350.05,1948,223
350.85,1932,231
351.64,1932,232
352.40,1948,232
353.15,1963,220
353.90,1807,227
354.65,1792,231
355.40,1776,231
356.15,1776,231
356.90,1792,231
357.65,1792,232
358.40,1807,230
359.15,1838,221
359.90,2041,234
0.65,2041,230
1.45,2057,231
2.22,2057,230
2.98,1963,225
3.75,1948,229
4.52,1948,230
5.28,1948,227
6.05,2150,222
6.81,1932,180
7.58,1823,174
8.35,1807,151
9.11,1776,164
9.88,1760,161
10.64,1745,210
11.44,1714,193
12.23,1698,210
13.03,1683,210
13.83,1683,171
14.62,1667,174
15.42,1636,211
16.21,1636,210
17.01,1605,210
17.81,1605,212
18.60,1605,212
19.40,1589,211
20.20,1558,210
20.97,1558,212
21.75,1542,212
22.52,1542,215
23.29,1589,224
24.07,1605,217
24.84,1667,217
25.62,1729,216
26.39,1449,216
27.16,1402,222
27.94,1402,229
28.71,1402,229
29.50,1402,228
30.30,1418,224
31.11,1760,233
31.91,1776,229
32.71,2088,218
33.51,2072,232
34.32,2057,231
35.12,2041,231
35.92,2025,231
36.72,2025,230
37.53,2010,230
38.33,1994,230
39.13,1979,232
39.93,1106,222
40.72,1106,233
41.52,1121,226
42.32,1184,228
43.11,1199,219
43.91,1916,221
44.70,1916,226
45.50,1916,219
46.30,1901,226
47.09,1916,230
47.89,1527,227
48.65,1542,220
49.40,1916,231
50.14,1854,227
50.89,1870,220
51.64,2197,235
52.39,2181,229
53.13,2212,216
53.88,2228,214
54.63,1916,214
55.38,2259,216
56.12,2244,217
56.87,2259,214
57.66,2212,214
58.45,2197,214
59.25,2166,217
60.04,2181,216
60.83,2181,217
61.63,2166,217
62.42,1480,224
63.22,1012,225
64.01,1012,231
64.80,2150,223
65.60,2119,233
66.39,2150,229
67.61,2135,229
68.40,2135,229
69.20,2135,228
69.99,2150,217
70.78,2166,213
71.58,2166,212
72.37,1527,222
73.17,1542,215
73.96,2197,190
74.75,1075,228
75.55,1075,224
76.34,2181,210
77.13,2181,206
77.89,2197,211
78.66,3116,211
79.42,3132,211
80.18,3148,211
80.95,3179,187
81.71,2244,197
82.48,2244,210
83.24,2244,219
84.00,2244,227
84.77,2259,231
85.53,2244,223
86.36,1651,226
87.15,1932,220
87.94,2290,226
88.73,2306,224
89.52,2322,227
90.31,2337,225
91.10,2353,225
91.89,2368,226
92.68,2384,226
93.47,2400,225
94.26,2415,221
95.05,1246,225
95.85,1246,220
96.63,2462,218
97.41,1324,225
98.19,1324,228
98.97,2540,220
99.75,2555,226
100.53,2587,225
101.31,2602,227
102.09,2602,230
102.87,2556,221
103.65,2493,222
104.43,2446,222
105.18,2400,222
106.00,2400,225
106.81,2415,224
107.63,2462,224
108.45,2478,226
109.26,2509,225
110.08,2540,227
110.89,2556,225
111.71,2602,224
112.53,2633,225
113.34,2665,224
114.16,2711,225
114.99,2758,223
115.78,2057,197
116.57,2026,212
117.36,2026,214
118.15,2026,216
118.94,2026,214
119.73,2026,215
120.52,1994,216
121.31,1994,217
122.10,1994,216
122.89,1994,215
123.68,1994,215
124.48,1979,215
125.26,1994,216
126.04,1979,214
126.82,1994,217
127.60,1994,217
128.38,1979,217
129.16,1979,217
129.94,1994,218
130.72,1994,217
131.50,1994,215
132.28,1994,216
133.06,1994,216
133.81,1994,216
134.64,2010,216
135.48,2010,215
136.31,2010,215
137.14,2026,219
137.97,2026,216
138.81,2026,217
139.64,2041,215
140.47,2041,215
141.30,2041,214
142.14,2057,213
142.97,2057,213
143.77,2072,211
144.56,2072,212
145.36,2088,212
146.15,2104,211
146.94,2119,211
147.73,2104,210
148.53,2150,206
149.32,2135,211
150.11,2150,210
150.90,2181,211
151.70,2181,210
152.49,2197,212
153.29,2228,145
154.08,2244,171
154.87,2213,113
155.66,2150,116
156.45,2072,80
157.24,2026,113
158.02,1994,119
158.81,1932,106
159.60,1885,100
160.39,1823,122
161.18,80,96
161.97,1761,126
162.77,1729,142
163.57,1698,215
164.36,1714,211
165.16,1745,211
165.96,1745,210
166.75,1776,210
167.55,1792,203
168.34,1823,184
169.14,1823,200
169.94,1854,177
170.73,1901,148
171.53,1932,177
172.61,1932,151
173.40,1963,145
174.19,1994,168
174.98,2010,119
175.77,2057,168
176.56,2072,142
177.35,2119,122
178.14,2213,219
178.93,2244,223
179.72,2291,220
180.51,1885,219
181.30,1870,232
182.10,1870,228
182.93,4363,216
183.76,4441,210
184.59,110,126
185.42,80,93
186.25,3834,142
187.07,3849,174
187.90,3818,138
188.73,3849,210
189.56,3880,190
190.39,4831,210
191.22,4831,218
192.01,4815,220
192.81,2462,220
193.60,2462,219
194.40,2478,223
195.20,2462,225
195.99,2462,221
196.79,2446,222
197.58,2462,225
198.38,2446,226
199.18,2431,223
199.97,2431,225
200.77,2431,226
201.53,2431,219
202.29,2322,219
203.06,2306,220
203.82,2322,221
204.58,2322,216
205.35,2540,214
206.11,2556,222
206.88,2836,225
207.64,1994,217
208.40,1994,221
209.17,1994,221
209.93,1994,220
210.72,1994,220
211.54,1994,220
212.36,2010,221
213.18,2010,221
214.00,2026,221
214.82,2026,220
215.64,2026,221
216.46,2041,222
217.28,2041,222
218.10,2041,222
218.92,2057,222
219.74,2057,223
220.53,2072,222
221.33,2088,223
222.12,2088,223
222.92,2088,223
223.72,2103,224
224.51,2135,225
225.31,2135,225
226.10,3927,221
226.90,3943,217
227.70,5236,217
228.49,5283,222
229.29,5314,220
230.05,5345,221
230.83,5392,215
231.60,3678,180
232.38,3693,214
233.16,3771,214
233.94,3927,214
234.71,4036,212
235.49,4207,212
236.27,4301,213
237.05,4379,217
237.82,4426,223
238.60,4472,220
239.43,4519,221
240.20,4566,222
240.98,4613,219
241.75,4659,218
242.52,2337,227
243.30,2306,225
244.07,2259,228
244.85,2244,229
245.62,2212,234
246.39,2181,225
247.17,2181,228
247.94,2197,230
248.73,2212,232
249.53,2228,230
250.32,2664,223
251.12,1994,223
251.92,1979,226
252.71,1963,224
253.51,1932,223
254.30,1916,223
255.10,1885,221
255.90,1870,218
256.69,1854,220
257.49,1885,221
258.25,1916,218
259.03,1838,219
259.81,1823,223
260.59,1776,218
261.37,1776,218
262.15,1792,218
262.93,2384,211
263.71,1745,214
264.49,1729,216
265.27,1714,218
266.05,1729,217
266.83,1714,215
267.59,1714,215
268.38,1620,193
269.18,1605,177
269.97,1683,211
270.76,1729,213
271.55,1667,212
272.35,1651,145
273.14,1651,126
273.93,1651,210
274.72,1760,211
275.52,1745,213
276.31,1745,214
277.50,1745,213
278.29,1760,218
279.09,1854,215
279.88,1870,220
280.67,1854,225
281.47,1838,227
282.26,1823,222
283.06,1823,222
283.85,1807,221
284.64,1792,218
285.44,1792,220
286.23,1776,217
287.02,1792,214
287.83,1823,214
288.63,1854,212
289.44,1870,212
290.25,2259,218
291.05,2244,226
291.86,2228,222
292.66,2244,225
293.47,2259,222
294.28,2275,224
295.08,2353,213
295.89,2431,211
296.69,3023,214
297.48,3007,219
298.27,3023,225
299.06,3023,225
299.85,3039,224
300.64,3039,224
301.43,3039,225
302.22,3054,226
303.01,3054,226
303.80,3070,227
304.59,3070,227
305.38,3070,230
306.21,3101,225
306.98,3101,220
307.76,3101,217
308.53,3101,214
309.30,3101,211
310.08,3132,210
310.85,3179,210
311.63,3163,197
312.40,3210,210
313.17,3241,197
313.95,3226,210
314.72,3226,187
315.51,3272,218
316.31,3350,216
317.10,3381,222
317.90,3397,218
318.70,3459,221
319.49,3413,215
320.29,3584,215
321.08,3537,223
321.88,3568,224
322.68,3459,223
323.47,3366,227
324.27,3303,227
325.06,3226,224
325.85,1776,225
326.64,1776,230
327.43,1776,232
328.22,1792,233
329.01,1792,233
329.80,1807,233
330.59,1823,230
331.38,1823,230
332.17,1838,231
332.96,1854,229
333.75,1854,229
334.58,1870,228
335.42,1885,229
336.26,1901,228
337.10,1916,230
337.94,1932,229
338.78,1932,229
339.61,1963,230
340.45,1963,230
341.29,1994,229
342.13,2010,228
342.97,2025,230
343.81,2041,229
344.61,2057,230
345.33,2088,229
346.06,2103,230
346.78,2135,229
347.51,2150,228
348.23,2135,232
348.96,2119,227
349.68,1948,224
350.41,1932,230
351.13,1932,232
351.86,1948,234
352.58,1870,218
353.33,1807,229
354.12,1792,232
354.92,1776,229
355.71,1776,230
356.50,1792,232
357.30,1792,230
358.09,1807,231
358.89,1838,220
359.68,2041,232
0.47,2041,232
1.27,2057,230
2.06,2057,230
2.85,1963,228
3.64,1948,230
4.44,1948,231
5.23,1948,229
6.02,2150,222
6.82,1854,210
7.61,1807,155
8.41,1807,168
9.20,1792,177
9.99,1776,193
10.79,1745,187
11.58,1760,210
12.37,1714,210
13.17,1683,210
13.96,1667,210
14.76,1651,211
15.56,1667,210
16.35,1620,211
17.15,1620,210
17.94,1605,211
18.74,1589,211
19.54,1573,210
20.33,1573,211
21.13,1558,213
21.89,1542,214
22.66,1542,212
23.44,1589,227
24.21,1620,217
24.98,1683,216
25.76,1745,212
26.53,1449,220
27.31,1402,225
28.08,1418,227
28.85,1402,228
29.63,1418,227
30.40,1418,220
31.23,1760,235
32.02,1760,230
32.80,2088,225
33.59,2072,231
34.38,2057,231
35.16,2041,232
35.95,2025,232
36.73,2010,230
37.52,1994,231
38.31,1979,233
39.09,1979,231
39.88,1106,229
40.68,1106,230
41.47,1137,224
42.27,1168,232
43.06,1215,220
43.85,1916,221
44.64,1916,225
45.44,1901,219
46.23,1901,228
47.02,1916,229
47.81,1527,229
48.61,1916,217
49.40,1916,231
50.20,1854,228
50.98,1870,217
51.76,2197,235
52.54,2181,228
53.32,2212,215
54.10,2275,216
54.88,1916,213
55.66,2244,214
56.44,2197,214
57.22,2212,215
58.00,2244,213
58.78,2212,215
59.57,2166,218
60.40,2181,216
61.23,2166,218
62.06,2166,217
62.89,1464,225
63.72,1012,226
64.54,1012,229
65.37,2135,227
66.20,2150,235
67.03,2150,227
67.86,2135,228
68.69,2135,229
69.49,2135,225
70.28,2150,216
71.08,2166,213
71.87,2166,211
72.66,1527,222
73.45,1542,210
74.25,1059,211
75.04,1075,229
75.83,1075,213
76.62,2197,210
77.42,2197,211
78.21,2197,211
79.01,2228,210
79.79,3132,211
80.57,2244,210
81.35,2228,190
82.13,2244,211
82.91,2259,211
83.69,2244,224
84.47,2244,229
85.25,2244,229
86.03,2228,216
86.81,1651,225
87.59,1963,218
88.34,2290,224
89.13,2306,225
89.93,2322,225
90.72,2337,223
91.51,2353,226
92.31,2368,224
93.10,2384,226
93.90,2384,224
94.69,1246,216
95.48,1246,227
96.28,2462,216
97.07,1355,221
97.40,1324,226
98.18,1340,224
98.95,2540,223
99.73,2555,225
100.51,2571,225
101.28,2633,228
102.06,2587,226
102.83,2524,225
103.61,2477,222
104.39,2431,221
105.16,2400,223
105.94,2415,225
106.73,2431,223
107.56,2462,226
108.40,2493,226
109.23,2524,226
110.06,2555,225
110.89,2571,225
111.73,2618,223
112.56,2649,223
113.39,2680,223
114.22,2727,223
115.06,2758,222
115.89,2041,210
116.69,2025,212
117.48,2025,215
118.28,2010,216
119.07,2025,212
119.86,2010,216
120.65,2010,215
121.45,1994,216
122.24,1994,215
123.03,1994,216
123.82,1994,215
124.62,1963,214
125.41,1979,216
126.24,1994,218
127.01,1994,215
127.79,1979,217
128.56,1979,217
129.33,1979,216
130.11,1994,216
130.88,1994,216
131.66,1994,217
132.43,1994,217
133.20,1994,217
133.98,2010,217
134.75,2010,216
135.54,2010,215
136.38,2010,214
137.21,2025,217
138.05,2025,216
138.89,2025,215
139.72,2041,216
140.56,2041,215
141.39,2057,214
142.23,2057,212
143.07,2072,213
143.90,2072,212
144.74,2088,212
145.50,2103,213
146.29,2103,211
147.09,2119,197
147.88,2135,210
148.67,2150,193
149.46,2150,211
150.26,2150,211
151.05,2166,211
151.84,2181,211
152.63,2197,210
153.43,2212,184
154.22,2244,148
155.05,2197,96
155.84,2150,119
156.62,2072,87
157.41,1994,84
158.20,1948,119
158.99,1948,119
159.77,1870,93
160.56,1854,122
161.35,1792,109
162.14,1745,145
162.92,1698,126
163.71,1698,215
164.50,1714,211
165.30,1729,211
166.11,1760,210
166.91,1776,206
167.71,1807,193
168.51,1854,200
169.32,1838,184
170.12,1870,190
170.92,1885,171
171.72,1916,151
172.53,1948,145
173.33,1963,142
174.13,1994,119
174.93,2072,122
175.72,2057,151
176.52,2103,171
177.32,2135,168
178.11,2212,223
178.91,2244,224
179.70,2290,218
180.50,1870,221
181.30,1870,232
182.09,1870,226
182.89,4363,217
183.65,4472,180
184.48,3833,96
185.31,80,119
186.15,3849,151
186.98,3849,145
187.81,3646,187
188.64,3865,210
189.47,3849,210
190.30,4893,184
191.14,4815,217
191.97,4815,218
192.80,2462,223
193.60,2477,220
194.39,2477,224
195.19,2462,223
195.98,2493,221
196.77,2446,222
197.56,2446,227
198.36,2446,227
199.15,2431,225
199.94,2431,224
200.73,2431,227
201.53,2431,219
202.32,2337,216
202.76,2322,222
203.56,2322,220
204.35,2353,216
205.15,2524,216
205.95,2555,220
206.74,2836,228
207.54,1994,218
208.33,1979,221
209.13,1979,221
209.93,1994,221
210.72,1994,219
211.52,1994,221
212.31,2010,220
213.08,2010,220
213.86,2025,221
214.63,2025,220
215.40,2025,221
216.18,2041,222
216.95,2041,223
217.73,2041,222
218.50,2056,222
219.27,2056,221
220.05,2072,224
220.82,2072,223
221.61,2088,224
222.40,2103,222
223.20,2103,224
223.99,2119,224
224.78,2134,226
225.58,3942,221
226.37,3942,215
227.17,5252,216
227.96,5267,219
228.75,5314,221
229.55,5345,221
230.34,5376,217
231.13,3677,174
231.96,3677,214
232.80,3771,213
233.63,3911,214
234.46,4051,212
235.29,4161,212
236.13,4348,213
236.96,4379,218
237.79,4426,222
238.62,4472,219
239.46,4519,221
240.29,4566,221
241.05,4613,221
241.84,4659,218
242.64,2337,228
243.43,2290,226
244.22,2259,226
245.01,2243,228
245.81,2228,234
246.60,2181,227
247.39,2181,229
248.18,2197,231
248.98,2212,232
249.77,2228,229
250.60,2664,225
251.39,1994,227
252.18,1979,225
252.97,1963,225
253.76,1932,223
254.55,1916,223
255.34,1885,222
256.13,1854,217
256.92,1854,220
257.71,1869,220
258.50,1916,218
259.29,1838,219
260.09,1823,224
260.86,1776,219
261.62,1776,220
262.39,1807,216
263.16,2384,211
263.93,1760,215
264.69,1729,218
265.46,1714,217
266.23,1714,215
267.00,1714,218
267.76,1714,214
268.53,1620,211
269.28,1604,184
270.11,1667,212
270.94,1729,213
271.77,1682,211
272.60,1636,168
273.43,1651,151
274.25,1667,210
275.08,1776,212
275.91,1760,213
276.74,1745,215
277.57,1760,213
278.40,1776,216
279.23,1854,215
280.02,1869,221
280.81,1854,224
281.60,1838,225
282.39,1823,222
283.18,1823,222
283.97,1807,221
284.76,1791,218
285.55,1776,218
286.34,1776,218
287.13,1776,215
287.92,1823,214
288.72,1854,211
289.53,1869,213
290.33,2243,220
291.14,2243,226
291.95,2243,222
292.75,2243,225
293.56,2259,223
294.36,2290,223
295.17,2353,213
295.98,3007,213
296.78,3007,214
297.59,3007,218
298.38,3023,224
299.18,3038,226
299.97,3038,226
300.77,3038,227
301.57,3038,224
302.36,3054,223
303.16,3054,227
303.95,3070,227
304.75,3070,228
305.55,3070,227
306.34,3101,225
307.14,3101,218
307.76,3101,214
308.55,3101,214
309.34,3132,211
310.13,3147,210
310.92,3179,206
311.71,3179,174
312.50,3210,184
313.29,3225,210
314.08,3225,203
314.87,3241,190
315.66,3272,222
316.45,3381,217
317.24,3381,218
318.03,3412,218
318.83,3475,217
319.62,3397,214
320.41,3584,217
321.21,3537,225
322.00,3553,225
322.80,3444,225
323.59,3366,226
324.38,3272,226
325.18,3194,225
325.97,1776,229
326.76,1776,231
327.56,1791,231
328.35,1791,233
329.15,1807,233
329.95,1807,232
330.74,1823,231
331.54,1838,232
332.33,1838,231
333.13,1854,231
333.93,1869,231
334.72,1885,229
335.52,1885,228
336.32,1901,228
337.17,1916,230
338.02,1932,229
338.88,1947,231
339.73,1963,229
340.58,1979,229
341.43,1994,228
342.28,2010,230
343.13,2025,230
343.99,2056,230
344.84,2072,230
345.69,2088,230
346.52,2103,231
347.25,2134,229
347.98,2150,229
348.71,2134,230
349.44,2103,225
350.17,1947,227
350.91,1932,230
351.64,1932,233
352.37,1947,234
353.10,1823,226
353.83,1807,229
354.56,1791,231
355.35,1776,231
356.15,1776,231
356.94,1791,233
357.74,1791,231
358.54,1823,229
359.34,2041,223
0.13,2041,231
0.93,2056,230
1.73,2056,230
2.53,2056,224
3.32,1947,228
4.12,1947,231
4.88,1947,229
5.66,1947,224
6.43,2150,217
7.21,1838,193
7.99,1838,171
8.76,1807,180
9.54,1776,203
10.31,1745,177
11.09,1745,210
11.87,1729,187
12.64,1729,145
13.42,1698,210
14.25,1682,206
15.01,1682,200
15.77,1636,210
16.53,1620,210
17.29,1604,210
18.05,1589,210
18.81,1573,212
19.57,1573,210
20.33,1558,210
21.09,1542,211
21.85,1526,217
22.61,1573,212
23.41,1589,225
24.21,1635,218
25.00,1713,216
25.80,1745,212
26.60,1433,222
27.39,1386,228
28.19,1402,230
28.98,1402,228
29.78,1417,226
30.58,1776,221
31.37,1776,236
32.17,1776,227
32.93,2072,230
33.72,2056,230
34.51,2041,232
35.30,2041,230
36.09,2025,231
36.88,2010,231
37.67,1994,231
38.46,1978,230
39.25,1963,229
40.04,1106,229
40.83,1106,227
41.62,1183,229
42.45,1183,226
43.24,1230,213
44.03,1916,225
44.82,1900,223
45.61,1900,222
46.40,1916,228
47.19,1916,220
47.98,1526,227
48.77,1916,224
49.56,1854,226
50.35,1854,227
51.14,2181,224
51.94,2197,232
52.72,2181,225
53.50,2228,214
54.28,2275,215
55.06,1916,210
55.84,2212,217
56.61,2212,215
57.39,2197,215
58.17,2197,215
58.95,2165,215
59.73,2165,217
60.51,2165,216
61.27,2181,216
62.06,2165,217
62.85,1480,224
63.64,1012,231
64.43,1012,228
65.22,2134,231
66.01,2150,235
66.80,2150,227
67.59,2134,227
68.38,2134,225
69.17,2134,223
69.96,2165,215
70.79,2165,211
71.58,1542,211
72.37,1526,227
73.16,2181,212
73.95,1074,217
74.74,1074,228
75.53,1090,211
76.32,2181,211
77.11,2181,211
77.90,2197,212
78.69,3147,210
79.48,2228,211
80.28,2228,210
81.07,2228,211
81.86,2243,211
82.65,2243,211
83.44,2243,225
84.23,2259,225
85.01,2243,232
85.80,1635,217
86.59,1651,223
87.38,2290,214
88.17,2290,223
88.96,2306,226
89.76,2321,227
90.54,2337,228
91.32,2352,225
92.10,2368,225
92.88,2384,223
93.66,2399,225
94.43,1230,219
95.21,1230,227
95.99,2462,220
96.77,1355,223
97.55,1324,228
98.33,1324,223
99.13,2539,223
99.92,2571,225
100.71,2586,225
101.50,2633,230
102.29,2555,223
103.08,2508,223
103.87,2462,220
104.66,2430,222
105.45,2399,223
106.24,2415,225
107.03,2446,225
107.82,2462,225
108.65,2493,226
109.46,2524,225
110.28,2555,225
111.09,2586,225
111.90,2617,224
112.71,2649,223
113.53,2680,226
114.34,2726,223
115.15,2773,221
115.96,2041,211
116.78,2041,213
117.59,2025,214
118.38,2010,215
119.18,2025,213
119.97,2010,215
120.77,1994,216
121.57,1994,214
122.37,1994,216
123.16,1994,214
123.96,1994,214
124.76,1994,215
125.56,1994,217
126.35,1994,217
127.15,1994,214
127.86,1978,217
128.65,1994,216
129.45,1978,216
130.24,1994,216
131.04,1994,217
131.83,1994,216
132.63,1994,216
133.42,2010,216
134.22,2010,215
135.01,2010,216
135.81,2010,216
136.60,2010,216
137.43,2025,216
138.26,2025,218
139.09,2041,214
139.91,2041,216
140.74,2041,214
141.57,2056,213
142.40,2056,213
143.23,2072,213
144.06,2072,211
144.88,2087,212
145.71,2087,210
146.54,2103,210
147.34,2119,212
148.14,2150,211
148.93,2134,210
149.73,2150,211
150.53,2165,211
151.33,2181,211
152.12,2181,211
152.92,2197,210
153.72,2212,161
154.52,2259,200
155.31,2150,106
156.11,2181,71
156.86,2072,96
157.65,2025,71
158.44,1963,96
159.23,1932,96
160.02,1932,103
160.81,1823,113
161.60,1791,103
162.39,1791,129
163.18,1698,210
163.97,1698,213
164.76,1729,210
165.55,1745,211
166.38,1760,184
167.20,1791,200
168.01,1807,161
168.83,1823,197
169.64,1838,193
170.46,1869,168
171.27,1900,164
172.09,1916,142
172.90,1963,174
173.72,1994,187
174.53,1994,129
175.35,2056,113
176.15,2072,168
176.95,2119,138
177.74,2150,210
178.54,2212,225
179.34,2259,225
180.13,2290,211
180.93,1869,225
181.72,1869,234
182.52,1885,222
183.32,4410,214
184.11,110,116
184.91,3818,119
185.67,3895,122
186.43,3849,145
187.19,3895,158
187.95,3630,135
188.71,3864,211
189.47,3864,206
190.23,4846,211
190.99,4815,219
191.75,4815,218
192.51,2462,220
193.27,2477,223
194.03,2477,223
194.86,2462,225
195.68,2462,220
196.49,2446,221
197.31,2446,226
198.13,2446,226
198.94,2430,222
199.76,2430,223
200.57,2430,225
201.39,2415,218
202.21,2321,219
203.02,2306,222
203.84,2321,220
204.63,2352,218
205.42,2539,217
206.22,2555,219
207.01,2836,223
207.80,1994,218
208.60,1978,221
209.39,1978,221
210.19,1994,221
210.98,1994,218
211.77,2010,219
212.57,1994,221
213.36,2010,220
214.16,2010,222
214.94,2010,219
215.72,2025,221
216.50,2025,221
217.28,2041,221
218.06,2041,222
218.83,2056,223
219.61,2056,222
220.39,2072,221
221.17,2072,221
221.95,2087,222
222.73,2103,224
223.49,2103,224
224.31,2119,227
225.13,2134,224
225.95,3942,222
226.77,3958,215
227.59,5251,219
228.40,5283,220
229.22,5329,219
230.04,5361,221
230.86,5407,214
231.68,3677,211
232.50,3708,214
233.30,3802,214
234.09,3911,213
234.89,4067,212
235.68,4238,212
236.47,4347,214
237.27,4394,220
238.06,4425,221
238.86,4472,220
239.65,4519,219
240.44,4581,221
241.24,4628,221
242.03,4675,215
242.82,2321,229
243.58,2290,226
244.35,2243,226
245.11,2243,233
245.87,2212,231
246.64,2181,230
247.40,2181,231
248.17,2197,230
248.93,2212,231
249.69,2243,224
250.46,2664,223
251.22,1994,226
251.98,1963,226
252.77,1963,221
253.57,1932,221
254.36,1916,224
255.15,1869,220
255.95,1854,222
256.74,1854,219
257.54,1900,221
258.33,1916,220
259.12,1823,220
259.92,1807,220
260.71,1776,220
261.54,1791,218
262.33,1823,211
263.11,1745,212
263.90,1823,216
264.69,1729,217
265.47,1729,216
266.26,1713,217
267.04,1713,217
267.83,1667,211
268.62,1604,148
269.40,1635,210
270.19,1713,213
270.98,1745,212
271.80,1667,200
272.62,1635,145
273.44,1651,171
274.26,1667,212
275.08,1776,213
275.89,1745,216
276.71,1745,214
277.53,1776,216
278.35,1791,215
279.17,1885,217
279.99,1869,224
280.79,1854,227
281.58,1838,221
282.38,1823,224
283.17,1807,221
283.96,1807,221
284.76,1791,218
285.55,1776,218
286.35,1776,217
287.14,1791,213
287.93,1838,212
288.73,1838,210
289.52,2259,211
290.35,2243,224
291.18,2243,223
292.01,2243,222
292.84,2243,223
293.67,2259,226
294.50,2290,220
295.32,2430,213
296.15,3023,211
296.98,3023,214
297.81,3007,222
298.64,3023,224
299.47,3038,223
300.26,3038,227
301.05,3038,227
301.84,3054,226
302.63,3054,226
303.42,3069,227
304.21,3069,226
305.00,3069,228
305.79,3085,226
306.58,3101,223
307.37,3085,215
308.16,3101,215
308.95,3116,212
309.74,3147,211
310.53,3147,211
311.33,3178,210
312.12,3194,210
312.91,3194,210
313.71,3194,210
314.50,3241,210
315.30,3288,211
316.09,3303,219
316.88,3381,222
317.68,3381,216
318.47,3443,222
319.30,3412,212
320.09,3428,148
320.88,3553,218
321.67,3537,227
322.46,3553,222
323.25,3412,226
324.05,3319,225
324.84,3241,226
325.63,3194,223
326.42,1776,232
327.21,1776,232
328.00,1791,235
328.79,1791,232
329.64,1807,232
330.50,1807,234
331.35,1823,233
332.21,1838,231
333.06,1838,232
333.92,1854,230
334.77,1869,230
335.63,1885,230
336.48,1885,230
337.34,1900,229
338.19,1916,227
338.98,1932,229
339.78,1947,230
340.57,1963,229
341.37,1978,230
342.17,2010,227
342.97,2010,229
343.76,2041,229
344.56,2056,228
345.36,2072,230
346.16,2087,229
346.95,2119,230
347.75,2134,229
348.54,2150,232
349.23,2134,227
349.92,2087,219
350.62,1947,228
351.31,1932,232
352.00,1932,234
352.69,1963,229
353.38,1823,229
354.07,1791,228
354.77,1791,230
355.46,1776,232
356.15,1776,231
356.94,1791,231
357.73,1807,231
358.53,1823,228
359.32,2041,228
0.11,2041,231
0.91,2056,231
1.70,2056,231
2.50,1978,220
3.29,1947,227
4.08,1947,231
4.88,1947,229
5.67,2150,216
6.47,2150,211
7.28,1823,155
8.08,1823,158
8.89,1791,161
9.69,1776,197
10.50,1776,200
11.30,1729,190
12.11,1729,210
12.91,1698,210
13.72,1698,190
14.52,1651,210
15.33,1635,210
16.09,1635,211
16.87,1635,211
17.64,1620,210
18.42,1604,211
19.20,1573,212
19.97,1558,210
20.75,1542,212
21.52,1542,211
22.30,1542,218
23.08,1573,217
23.85,1589,221
24.63,1667,217
25.43,1713,217
26.22,1448,212
27.02,1417,224
27.81,1386,227
28.60,1402,228
29.40,1402,226
30.19,1417,227
30.99,1776,229
31.78,1760,233
32.57,1776,223
33.37,2072,232
34.16,2056,232
34.95,2041,232
35.71,2041,234
36.48,2025,232
37.24,2010,230
38.00,1994,232
38.77,1978,231
39.53,1963,223
40.30,1106,232
41.06,1121,227
41.82,1183,230
42.59,1183,223
43.35,1916,215
44.11,1916,225
44.92,1900,222
45.72,1900,222
46.53,1900,231
47.33,1526,221
48.14,1526,225
48.94,1916,228
49.75,1854,226
50.55,1854,227
51.36,2181,230
52.16,2197,232
52.97,2197,224
53.77,2212,212
54.56,2243,213
55.36,2275,214
56.15,2212,216
56.94,2181,214
57.74,2197,214
58.53,2212,216
59.33,2166,216
60.12,2166,216
60.91,2181,218
61.71,2181,218
62.50,1480,214
63.29,1012,216
64.07,1012,232
64.84,1012,222
65.62,2134,232
66.40,2150,236
67.17,2134,228
67.95,2134,229
68.72,2134,227
69.50,2134,223
70.28,2166,214
71.05,2181,212
71.83,1527,213
72.59,1542,223
73.38,2181,211
74.18,1075,221
74.97,1075,225
75.76,2181,211
76.56,2181,214
77.35,2212,211
78.15,2212,212
78.94,2212,212
79.73,2228,211
80.53,2228,211
81.32,2212,211
82.15,2243,213
82.91,2243,214
83.67,2243,223
84.43,2259,226
85.19,2243,232
85.95,1651,222
86.71,1651,221
87.47,2290,216
88.23,2290,227
88.99,2306,226
89.75,2321,225
90.51,2337,225
91.31,2353,225
92.09,2368,226
92.86,2384,225
93.64,2399,227
94.42,1246,221
95.19,1246,228
95.97,2462,221
96.74,1339,222
97.52,1324,225
98.30,1339,223
99.07,2555,224
99.85,2571,224
100.64,2602,227
101.44,2618,230
102.23,2571,223
103.03,2508,223
103.83,2462,222
104.63,2415,222
105.42,2399,225
106.22,2415,226
107.02,2431,225
107.82,2462,225
108.61,2493,226
109.41,2524,224
110.17,2555,226
110.99,2586,226
111.81,2633,223
112.63,2664,225
113.45,2695,225
114.27,2727,224
115.08,2773,219
115.90,2056,212
116.72,2041,213
117.54,2025,214
118.36,2025,214
119.18,2010,212
119.97,2010,215
120.77,1994,215
121.58,1994,216
122.38,1994,214
123.18,1994,215
123.98,1994,214
124.79,1994,217
125.59,1994,215
126.39,1979,216
127.19,1979,217
128.00,1994,217
128.80,1994,216
129.60,1994,216
130.40,1994,216
131.19,1994,218
131.99,1994,217
132.79,1994,217
133.58,1994,217
134.38,2010,215
135.17,2010,216
135.97,2010,216
136.77,2025,215
137.56,2025,219
138.36,2025,216
139.16,2025,216
139.96,2041,214
140.76,2041,215
141.56,2056,214
142.36,2056,213
143.16,2072,212
143.95,2072,212
144.75,2088,212
145.55,2088,200
146.35,2103,211
147.15,2119,211
147.95,2134,210
148.78,2134,211
149.60,2150,211
150.41,2166,211
151.23,2181,210
152.05,2197,211
152.86,2228,210
153.68,2228,129
154.49,2275,158
155.31,2197,90
156.13,2103,77
156.94,2056,71
157.76,2025,84
158.55,1979,100
159.35,1916,106
160.14,1916,100
160.94,1838,109
161.74,1776,132
162.54,1729,168
163.33,1698,211
164.13,1714,213
164.93,1729,210
165.73,1760,211
166.52,1760,210
167.32,1791,177
168.07,1791,164
168.86,1823,161
169.65,1854,193
170.44,1885,168
171.23,1901,174
172.02,1932,155
172.81,1947,161
173.60,1979,138
174.39,2025,145
175.18,2025,129
175.97,2088,119
176.76,2103,145
177.59,2150,211
178.38,2212,225
179.17,2259,225
179.96,2306,168
180.75,1869,228
181.54,1869,234
182.34,1885,215
183.13,4379,215
183.92,4472,103
184.71,3818,116
185.50,3833,135
186.29,3849,132
187.08,3849,210
187.90,3646,116
188.72,3849,210
189.54,3849,168
190.36,4831,216
191.18,4815,218
191.99,4815,215
192.81,2477,217
193.63,2462,223
194.45,2493,226
195.27,2462,226
196.09,2540,220
196.85,2462,225
197.66,2446,226
198.47,2446,223
199.28,2431,225
200.09,2431,226
200.90,2431,225
201.70,2431,218
202.51,2321,214
203.32,2306,223
204.13,2321,216
204.94,2337,220
205.75,2540,219
206.51,2555,217
207.30,2851,218
208.10,1994,219
208.89,1979,222
209.68,1994,220
210.48,1994,221
211.27,1994,220
212.07,1994,220
212.86,2010,220
213.65,2010,220
214.45,2010,221
215.24,2025,221
216.03,2025,222
216.80,2041,223
217.56,2041,220
218.33,2041,223
219.10,2056,224
219.87,2072,223
220.63,2072,223
221.40,2088,223
222.17,2088,223
222.94,2103,223
223.70,2119,226
224.47,2134,225
225.22,2134,221
226.05,3942,220
226.89,3958,213
227.72,5267,218
228.55,5283,220
229.38,5330,219
230.22,5361,223
231.05,5407,210
231.88,3662,213
232.71,3724,214
233.55,3833,214
234.38,3942,214
235.17,4083,212
235.96,4270,211
236.75,4348,215
237.54,4394,219
238.33,4441,222
239.12,4488,221
239.92,4535,222
240.71,4581,220
241.50,4628,221
242.29,2353,216
243.08,2321,230
243.87,2275,224
244.66,2243,227
245.42,2259,231
246.19,2197,229
246.95,2166,228
247.71,2181,233
248.48,2212,231
249.24,2212,231
250.01,2243,217
250.77,2680,218
251.53,1994,226
252.30,1963,224
253.06,1947,223
253.85,1932,223
254.63,1901,224
255.40,1869,217
256.18,1854,221
256.96,1869,221
257.74,1901,220
258.51,1901,218
259.29,1823,220
260.07,1791,221
260.85,1776,220
261.62,1791,219
262.40,2134,210
263.15,1745,215
263.94,1791,217
264.74,1729,218
265.53,1729,216
266.32,1714,217
267.12,1729,215
267.91,1636,210
268.71,1620,210
269.50,1651,210
270.29,1714,214
271.09,1714,211
271.88,1651,180
272.68,1636,145
273.50,1636,151
274.32,1682,210
275.14,1776,213
275.96,1745,217
276.78,1745,216
277.59,1760,217
278.41,1791,214
279.23,1885,218
280.05,1854,222
280.87,1838,227
281.69,1838,222
282.48,1823,222
283.28,1807,220
284.07,1791,218
284.87,1791,219
285.67,1776,217
286.47,1776,217
287.26,1776,214
288.06,1854,211
288.86,1854,212
289.66,2259,215
290.45,2243,225
291.25,2243,222
292.58,2243,224
293.37,2243,222
294.17,2259,223
294.96,2306,219
295.75,2415,211
296.55,3007,214
297.34,3023,217
298.14,3007,220
298.93,3023,225
299.72,3038,226
300.52,3038,226
301.31,3038,225
302.14,3054,225
302.94,3054,226
303.75,3070,226
304.55,3070,226
305.35,3070,227
306.15,3085,225
306.96,3101,221
307.76,3085,217
308.56,3101,215
309.36,3116,213
310.17,3163,211
310.97,3163,210
311.76,3210,187
312.56,3210,211
313.35,3225,164
314.15,3194,203
314.95,3225,210
315.75,3257,214
316.54,3303,216
317.34,3381,223
318.14,3397,217
318.94,3475,222
319.73,3412,214
320.53,3568,210
321.29,3568,219
322.08,3537,226
322.88,3506,224
323.67,3397,225
324.46,3303,225
325.26,3241,227
326.05,1776,217
326.85,1776,231
327.64,1776,232
328.43,1791,231
329.23,1791,233
330.02,1807,233
330.85,1823,233
331.64,1823,230
332.44,1838,231
333.23,1854,229
334.03,1854,231
334.82,1870,229
335.62,1885,230
336.41,1901,229
337.21,1901,228
338.00,1916,229
338.80,1932,230
339.59,1948,228
340.38,1963,228
341.18,1979,228
341.97,1994,227
342.77,2025,228
343.57,2041,229
344.36,2057,231
345.16,2072,231
345.95,2103,229
346.75,2119,229
347.55,2150,231
348.34,2150,231
349.14,2119,227
349.89,2119,216
350.60,1948,228
351.32,1932,231
352.03,1932,233
352.74,1963,225
353.45,1823,229
354.17,1792,228
354.88,1792,231
355.59,1776,232
356.30,1776,231
357.02,1792,230
357.73,1807,229
358.48,1838,224
359.30,2041,232
0.11,2041,230
0.93,2041,230
1.75,2072,232
2.57,1963,224
3.38,1932,228
4.20,1948,231
5.02,1948,228
5.84,2150,217
6.65,1854,210
7.47,1838,197
8.26,1823,171
9.05,1776,190
9.85,1760,210
10.64,1760,203
11.43,1729,210
12.22,1698,184
13.02,1714,206
13.81,1667,206
14.60,1667,190
15.39,1667,203
16.19,1636,211
16.98,1620,211
17.77,1605,212
18.54,1589,210
19.30,1573,210
20.07,1573,211
20.84,1558,211
21.61,1542,212
22.37,1542,215
23.14,1573,223
23.91,1605,216
24.68,1667,217
25.44,1714,215
26.21,1449,216
27.01,1418,222
27.80,1402,228
28.59,1402,230
29.38,1402,228
30.17,1418,223
30.96,1776,233
31.74,1776,229
32.53,2088,221
33.32,2072,233
34.11,2057,230
34.90,2041,230
35.69,2025,230
36.51,2010,231
37.30,2010,231
38.09,1979,231
38.87,1979,230
39.66,1106,224
40.45,1106,231
41.24,1137,227
42.03,1168,231
42.82,1199,220
43.60,1916,222
44.39,1916,225
45.18,1901,219
45.97,1901,226
46.79,1916,230
47.62,1527,229
48.44,1542,217
49.26,1916,230
50.08,1854,228
50.91,1854,218
51.73,2197,234
52.55,2197,230
53.37,2197,213
54.20,2244,214
55.02,1901,213
55.78,2244,216
56.57,2244,214
57.37,2212,214
58.16,2228,214
58.95,2212,216
59.74,2166,216
60.54,2166,217
61.33,2166,217
62.12,2166,217
62.91,1480,226
63.71,1012,225
64.50,1012,230
65.33,2150,226
66.09,2135,233
66.84,2150,230
67.60,2135,229
68.36,2135,229
69.12,2135,226
69.87,2150,217
70.63,2166,213
71.39,2166,212
72.15,1527,223
72.90,1542,214
73.66,2181,193
74.45,1075,228
75.23,1075,221
76.01,2181,211
76.79,2197,211
77.57,2197,211
78.35,2197,210
79.14,3132,213
79.92,2212,211
80.70,2228,210
81.48,2228,210
82.26,2275,212
83.04,2259,220
83.80,2244,225
84.59,2259,231
85.39,2244,224
86.18,1651,225
86.97,1948,222
87.76,2290,226
88.56,2306,226
89.35,2322,225
90.14,2322,226
90.93,2353,226
91.73,2353,225
92.52,2384,226
93.35,2384,226
94.12,2415,221
94.90,1231,226
95.67,1246,222
96.44,2462,216
97.22,1324,223
97.99,1324,228
98.77,2540,219
99.54,2555,225
100.31,2571,225
101.09,2602,227
101.86,2602,229
102.65,2540,223
103.44,2493,221
104.24,2446,223
105.03,2415,222
105.82,2400,226
106.61,2431,226
107.41,2462,227
108.20,2477,225
108.99,2509,227
109.78,2524,224
110.58,2571,225
111.37,2602,226
112.47,2633,223
113.27,2680,223
114.06,2711,223
114.86,2742,224
115.65,2774,210
116.45,2041,213
117.24,2025,214
118.04,2025,216
118.83,2025,214
119.63,2010,214
120.42,2010,216
121.22,2010,214
122.01,1994,215
122.80,1994,216
123.58,1994,216
124.37,1979,215
125.16,1994,215
125.95,1994,215
126.73,1994,218
127.52,1979,215
128.31,1994,216
129.10,1994,217
129.88,1979,217
130.67,1979,217
131.47,1994,216
132.26,1994,216
133.05,1994,217
133.85,2010,215
134.64,2010,216
135.43,2010,216
136.22,2010,214
137.01,2010,216
137.80,2025,218
138.60,2025,216
139.39,2025,216
140.18,2041,215
140.97,2041,214
141.80,2057,214
142.64,2057,212
143.47,2072,211
144.30,2072,212
145.14,2088,211
145.97,2103,212
146.81,2103,211
147.64,2103,210
148.47,2135,211
149.31,2135,210
150.14,2150,211
150.93,2166,212
151.72,2181,211
152.51,2181,211
153.30,2212,206
154.09,2275,197
154.88,2212,119
155.68,2166,100
156.47,2103,96
157.26,2041,90
158.05,1979,109
158.84,1979,113
159.63,1885,129
160.42,1854,106
161.21,1792,113
162.01,1760,164
162.80,1729,122
163.59,1698,215
164.38,1714,212
165.18,1729,210
165.97,1745,210
166.76,1776,190
167.55,1776,203
168.35,1807,184
169.14,1823,180
169.93,1854,164
170.74,1901,210
171.54,1916,148
172.35,1932,190
173.16,1979,142
173.97,1994,158
174.77,2025,148
175.58,2057,138
176.39,2088,142
177.20,2135,164
178.00,2212,217
178.81,2228,224
179.56,2275,222
180.36,1885,212
181.17,1870,232
181.97,1885,231
182.77,4363,215
183.58,4441,212
184.38,3818,93
185.19,3849,100
185.99,3849,135
186.79,3880,142
187.60,3865,142
188.40,3849,164
189.23,3849,210
190.02,4847,193
190.81,4831,216
191.60,4815,220
192.39,2462,219
193.18,2477,220
193.96,2462,224
194.75,2477,225
195.54,2462,221
196.33,2462,221
197.12,2446,225
197.91,2446,227
198.71,2431,225
199.50,2446,223
200.30,2431,223
201.09,2431,224
201.88,2337,217
202.68,2306,220
203.47,2306,224
204.27,2337,217
205.06,2353,216
205.85,2540,220
206.65,2836,222
207.44,1994,215
208.19,1979,221
208.98,1994,223
209.78,1994,220
210.57,1994,219
211.36,1994,220
212.15,1994,221
212.95,2010,220
213.74,2010,221
214.53,2010,220
215.32,2025,219
216.12,2025,222
216.91,2041,221
217.83,2041,220
218.62,2057,224
219.41,2057,223
220.21,2072,223
221.00,2072,221
221.79,2088,224
222.58,2103,224
223.37,2103,225
224.16,2119,224
224.96,2135,228
225.75,2150,215
226.54,3943,218
227.34,5252,212
228.13,5267,221
228.93,5298,219
229.72,5345,221
230.51,5376,219
231.31,5049,210
232.10,3678,213
232.90,3740,213
233.69,3896,212
234.48,4005,211
235.28,4130,212
236.07,4270,212
236.83,4379,217
237.63,4410,220
238.42,4457,219
239.22,4504,221
240.01,4550,221
240.81,4597,222
241.60,4659,220
242.40,2337,224
243.19,2306,230
243.99,2275,224
244.78,2244,229
245.58,2244,232
246.37,2197,226
247.14,2166,228
247.92,2197,230
248.69,2212,230
249.47,2228,229
250.24,2649,222
251.02,1994,219
251.79,1979,225
252.57,1963,222
253.34,1932,223
254.12,1916,222
254.89,1885,222
255.68,1854,218
256.47,1838,220
257.27,1885,220
258.06,1901,220
258.85,1885,217
259.65,1823,222
260.44,1776,219
261.24,1776,220
262.03,1792,217
262.82,2135,211
263.62,1745,214
264.41,1745,216
265.20,1714,216
266.00,1729,217
266.79,1714,217
267.59,1714,214
268.39,1620,210
269.18,1620,210
269.98,1667,210
270.77,1745,214
271.57,1683,211
272.37,1651,158
273.16,1651,168
273.96,1667,210
274.75,1776,211
275.56,1745,212
276.38,1745,216
277.19,1760,214
278.00,1776,217
278.82,1807,214
279.63,1870,220
280.45,1854,224
281.26,1838,226
282.07,1838,222
282.89,1807,222
283.70,1807,220
284.49,1792,218
285.29,1792,218
286.10,1776,216
286.90,1792,215
287.70,1823,214
288.51,1854,211
289.31,1885,213
290.12,2259,219
290.92,2244,223
291.72,2244,220
292.53,2244,226
293.33,2244,221
294.12,2275,224
294.92,2306,213
295.71,3023,203
296.51,3007,214
297.31,3007,217
298.10,3023,223
298.90,3023,225
299.69,3039,227
300.49,3039,227
301.29,3039,225
302.08,3054,226
302.88,3070,227
303.63,3070,229
304.42,3070,226
305.21,3070,228
306.00,3101,225
306.79,3085,219
307.58,3101,216
308.38,3101,214
309.17,3132,212
309.96,3163,211
310.75,3163,210
311.54,3179,210
312.33,3210,211
313.16,3210,210
313.95,3241,210
314.74,3241,161
315.53,3272,220
316.32,3319,216
317.11,3381,220
317.89,3413,217
318.68,3475,220
319.47,3413,214
320.26,3600,214
321.05,3537,223
321.84,3553,226
322.63,3459,224
323.43,3381,227
324.22,3303,225
325.02,3210,227
325.81,1776,228
326.61,1776,232
327.40,1776,233
328.20,1792,233
328.99,1792,232
329.79,1807,232
330.58,1823,232
331.38,1823,231
332.14,1838,229
332.98,1854,228
333.83,1854,230
334.67,1870,229
335.52,1885,229
336.36,1901,228
337.21,1916,229
338.05,1916,231
338.90,1932,229
339.74,1963,229
340.59,1963,229
341.43,1994,227
342.23,2010,229
343.02,2025,229
343.82,2041,232
344.61,2057,230
345.40,2072,229
346.20,2103,230
346.99,2119,229
347.79,2150,226
348.58,2135,232
349.37,2135,228
350.17,1948,224
350.96,1932,230
351.75,1932,232
352.47,1948,230
353.19,1885,220
353.91,1807,229
354.63,1792,232
355.35,1792,231
356.08,1776,229
356.80,1776,231
357.52,1792,230
358.24,1807,228
358.96,1854,219
359.68,2041,232
0.47,2041,231
1.25,2057,231
2.03,2072,231
2.81,1963,224
3.59,1948,228
4.37,1948,229
5.15,1948,228
5.93,2150,221
6.71,1838,151
7.49,1838,164
8.27,1807,171
9.05,1792,193
9.88,1776,206
10.67,1745,206
11.46,1714,211
12.25,1714,168
13.04,1683,184
13.83,1667,206
14.63,1651,211
15.42,1636,206
16.21,1620,210
17.00,1605,211
17.79,1605,212
18.58,1589,211
19.37,1573,210
20.18,1558,212
20.98,1542,211
21.79,1527,216
22.60,1558,212
23.40,1589,227
24.21,1636,216
25.01,1683,216
25.82,1729,216
26.63,1464,219
27.43,1402,227
28.24,1402,228
29.00,1402,228
29.81,1418,225
30.61,1418,218
31.42,1760,235
32.22,1776,231
33.03,2057,226
33.83,2072,232
34.64,2057,232
35.44,2041,233
36.25,2025,230
37.05,2010,230
37.86,1994,230
38.66,1994,233
39.45,1979,231
40.24,1106,228
41.03,1106,230
41.82,1168,226
42.61,1184,229
43.40,1199,216
44.19,1916,224
44.98,1916,224
45.77,1901,219
46.56,1901,229
47.35,1916,225
48.18,1527,230
48.95,1916,223
49.73,1916,225
50.50,1854,227
51.27,2166,220
52.05,2197,235
52.82,2181,227
53.60,2244,214
54.37,2259,214
55.14,1916,213
55.92,2244,215
56.69,2212,214
57.48,2212,214
58.28,2212,215
59.07,2181,215
59.87,2181,217
60.67,2181,217
61.47,2166,216
62.26,2166,216
63.06,1464,222
63.86,1012,230
64.66,1028,227
65.45,2135,231
66.25,2150,233
67.00,2135,227
67.78,2135,225
68.55,2135,226
69.33,2150,223
70.11,2166,215
70.89,2181,212
71.66,1527,215
72.44,1542,223
73.22,2212,213
74.00,1059,221
74.77,1075,229
75.55,2181,210
76.38,2197,211
77.21,2181,184
78.04,3132,211
78.87,3132,213
79.70,3132,211
80.53,2244,190
81.35,2306,174
82.18,2290,203
83.01,2259,215
83.84,2244,225
84.67,2259,229
85.50,2244,229
86.29,1651,225
87.09,1651,217
87.88,2275,220
88.68,2290,224
89.48,2306,227
90.28,2322,226
91.07,2337,224
91.87,2337,225
92.67,2368,225
93.47,2400,226
94.26,2415,225
95.06,1231,226
95.81,1246,225
96.58,2462,218
97.36,1340,223
98.13,1324,226
98.90,2540,216
99.68,2555,225
100.45,2571,224
101.23,2602,227
102.00,2618,230
102.77,2555,223
103.55,2509,223
104.32,2462,224
105.11,2415,224
105.90,2400,224
106.70,2431,226
107.49,2446,225
108.28,2477,225
109.08,2509,225
109.87,2540,227
110.67,2571,225
111.46,2602,225
112.25,2633,223
113.05,2664,225
113.84,2711,223
114.63,2742,224
115.43,2789,212
116.22,2041,211
117.02,2025,214
117.82,1994,216
118.62,2025,213
119.41,2010,212
120.21,2010,215
121.01,2010,216
121.81,1994,215
122.60,1994,215
123.40,1994,216
124.15,1979,215
124.94,1994,215
125.72,1979,216
126.51,1994,216
127.30,1994,215
128.09,1994,216
128.87,1994,217
129.66,1979,215
130.45,1994,218
131.24,1994,216
132.02,1994,218
132.81,1994,215
133.64,2010,216
134.47,2010,216
135.30,2010,215
136.14,2025,214
136.97,2025,216
137.80,2025,216
138.63,2025,215
139.46,2041,214
140.29,2041,214
141.13,2041,214
141.96,2056,214
142.79,2056,212
143.59,2072,211
144.38,2072,212
145.18,2088,210
145.97,2088,211
146.76,2119,211
147.55,2119,211
148.35,2150,197
149.14,2150,210
149.93,2150,211
150.72,2166,210
151.52,2181,211
152.31,2197,210
153.11,2212,210
153.92,2243,174
154.72,2243,119
155.53,2181,103
156.34,2119,71
157.14,2025,106
157.95,1994,80
158.75,1932,96
159.56,1963,96
160.37,1885,126
161.17,1854,138
161.98,1760,129
162.77,1729,132
163.56,1698,214
164.35,1714,213
165.14,1729,210
165.93,1760,211
166.72,1776,210
167.51,1791,193
168.30,1807,174
169.09,1823,210
169.88,1854,197
170.67,1869,158
171.46,1932,168
172.26,1963,168
173.06,1963,145
173.87,1979,119
174.67,2025,119
175.47,2025,132
176.27,2072,109
177.08,2119,164
177.88,2197,215
178.68,2212,225
179.48,2275,223
180.29,1885,211
181.09,1869,232
181.88,1869,229
182.67,4363,215
183.47,4426,213
184.26,35,103
185.05,80,119
185.85,3818,145
186.64,3896,138
187.44,3864,168
188.23,3849,155
189.02,3849,210
189.82,3864,193
190.61,4846,215
191.36,4815,218
192.15,2462,216
192.95,2477,220
193.74,2462,223
194.53,2462,224
195.33,2462,223
196.12,2524,221
196.92,2462,223
197.71,2446,225
198.50,2446,223
199.30,2431,223
200.09,2431,226
200.92,2431,224
201.72,2384,215
202.53,2337,218
203.33,2306,223
204.13,2321,218
204.93,2353,220
205.74,2540,222
206.54,2820,217
207.34,2836,214
208.14,1994,219
208.95,1979,221
209.75,1994,220
210.55,1994,220
211.31,1994,220
212.08,1994,218
212.84,2010,221
213.60,2010,220
214.37,2010,220
215.13,2025,219
215.90,2025,221
216.66,2041,222
217.42,2041,220
218.19,2041,222
218.95,2056,222
219.70,2072,222
220.49,2072,222
221.29,2088,224
222.08,2088,223
222.87,2103,224
223.67,2119,224
224.46,2134,228
225.26,2150,219
226.05,3942,220
226.84,3974,214
227.64,5252,219
228.43,5298,220
229.26,5330,221
230.06,5376,221
230.87,5392,212
231.67,3662,214
232.47,3709,214
233.27,3818,214
234.08,3958,211
234.88,4067,212
235.68,4254,211
236.48,4348,215
237.29,4410,219
238.09,4441,220
238.89,4488,222
239.68,4535,221
240.48,4581,220
241.27,4628,221
242.06,2353,218
242.85,2321,229
243.65,2290,226
244.44,2243,227
245.23,2243,232
246.02,2212,230
246.82,2181,227
247.61,2181,232
248.37,2197,232
249.16,2212,230
249.96,2243,222
250.75,2664,220
251.54,1994,227
252.34,1963,223
253.13,1963,221
253.93,1932,224
254.72,1916,224
255.51,1885,218
256.31,1854,220
257.10,1869,220
257.93,1885,220
258.70,1916,218
259.47,1838,220
260.24,1791,220
261.01,1776,220
261.78,1776,221
262.55,1791,213
263.32,1729,210
264.09,1791,215
264.86,1729,220
265.63,1729,216
266.40,1714,218
267.19,1714,216
267.98,1714,211
268.78,1604,210
269.57,1636,212
270.36,1714,211
271.16,1745,212
271.95,1651,210
272.75,1651,148
273.54,1651,155
274.33,1682,211
275.13,1760,213
275.92,1745,215
276.71,1745,214
277.52,1760,215
278.32,1776,217
279.13,1885,217
279.94,1854,223
280.74,1854,228
281.55,1823,223
282.35,1823,225
283.16,1807,221
283.97,1807,220
284.77,1791,219
285.58,1776,219
286.38,1776,216
287.18,1807,213
287.99,1823,214
288.79,1854,212
289.59,1885,210
290.39,2243,222
291.20,2243,225
292.00,2243,222
292.80,2243,223
293.60,2275,225
294.41,2290,221
295.21,2431,212
296.00,3007,213
296.79,3007,213
297.59,3007,222
298.38,3023,224
299.17,3023,225
299.97,3038,225
300.76,3038,225
301.56,3054,225
302.35,3054,229
303.14,3070,227
303.94,3070,225
304.73,3070,228
305.52,3085,229
306.33,3101,224
307.13,3085,216
307.94,3101,216
308.75,3116,214
309.55,3132,211
310.36,3163,210
311.16,3194,211
311.97,3210,210
312.78,3210,210
313.58,3225,210
314.39,3225,193
315.15,3241,212
315.94,3288,219
316.74,3381,221
317.53,3397,217
318.32,3475,221
319.12,3412,212
319.91,3412,161
320.71,3584,220
321.50,3537,227
322.29,3553,225
323.09,3412,228
323.88,3319,224
324.71,3241,225
325.50,3179,221
326.29,1776,233
327.08,1776,231
327.87,1791,232
328.66,1791,233
329.45,1807,232
330.24,1823,232
331.03,1823,233
331.82,1838,231
332.61,1838,231
333.40,1854,231
334.20,1869,231
335.07,1885,230
335.95,1901,230
336.82,1901,228
337.70,1916,229
338.57,1932,229
339.45,1947,230
340.32,1963,230
341.20,1979,229
342.07,1994,229
342.95,2010,231
343.82,2041,231
344.58,2056,232
345.29,2072,230
346.00,2088,230
346.71,2119,231
347.42,2150,228
348.13,2150,232
348.85,2134,226
349.56,1947,216
350.27,1932,230
350.98,1932,234
351.69,1932,233
352.40,1963,229
353.15,1823,229
353.94,1791,230
354.73,1791,228
355.53,1776,231
356.32,1776,232
357.11,1791,232
357.90,1807,230
358.69,1823,226
359.48,2041,232
0.28,2041,230
1.07,2056,231
1.86,2072,231
2.65,1963,222
3.44,1963,227
4.24,1947,230
5.03,1947,228
5.82,2103,218
6.61,1838,180
7.41,1854,177
8.20,1823,174
8.99,1807,158
9.78,1776,210
10.58,1745,190
11.37,1729,187
12.13,1714,206
12.92,1698,190
13.72,1698,197
14.51,1667,210
15.31,1636,210
16.10,1636,200
16.90,1620,211
17.69,1604,213
18.49,1589,211
19.28,1573,212
20.08,1573,211
20.87,1558,212
21.70,1542,214
22.48,1542,213
23.25,1573,222
24.03,1620,219
24.80,1667,216
25.58,1729,216
26.35,1449,217
27.13,1402,221
27.90,1402,228
28.68,1386,229
29.45,1402,229
30.23,1417,223
31.03,1776,234
31.85,1776,231
32.67,2088,221
33.48,2072,233
34.30,2056,232
35.12,2041,231
35.94,2025,230
36.76,2025,232
37.58,2010,233
38.39,1994,230
39.21,1979,230
40.03,1106,224
40.79,1106,229
41.59,1137,224
42.39,1184,232
43.18,1215,220
43.98,1916,222
44.78,1916,226
45.58,1916,218
46.38,1916,225
47.18,1916,228
47.97,1526,228
48.77,1916,217
49.57,1916,231
50.36,1854,228
51.13,1869,217
51.91,2197,235
52.68,2197,230
53.45,2212,217
54.22,2259,215
55.00,1916,213
55.77,2243,216
56.54,2212,215
57.31,2197,215
58.09,2228,214
58.86,2212,214
59.66,2165,217
60.49,2197,216
61.32,2197,218
62.15,2181,217
62.98,1480,225
63.81,1012,227
64.65,1012,231
65.48,2134,230
66.31,2150,234
67.14,2150,229
67.97,2134,229
68.80,2134,228
69.60,2134,224
70.40,2165,216
71.20,2181,212
71.99,2197,210
72.79,1542,225
73.59,1558,210
74.39,1059,211
75.19,1074,227
75.99,1074,216
76.78,2197,211
77.58,2197,211
78.38,2212,211
79.13,3147,210
79.89,3132,213
80.65,2212,200
81.41,2228,210
82.17,2243,211
82.93,2259,211
83.69,2243,223
84.45,2243,227
85.21,2243,230
85.97,2243,217
86.73,1651,228
87.49,1963,219
88.32,2290,224
89.11,2306,226
89.90,2321,225
90.69,2337,228
91.48,2352,226
92.27,2368,225
93.07,2384,225
93.86,2399,225
94.65,1246,217
95.44,1246,228
96.23,2446,215
97.02,1339,220
97.40,1324,225
98.17,1339,226
98.95,2539,225
99.72,2571,226
100.50,2586,224
101.27,2617,227
102.05,2571,225
102.82,2539,223
103.60,2477,223
104.37,2430,222
105.15,2399,225
105.92,2415,224
106.71,2430,226
107.56,2462,224
108.40,2477,226
109.25,2524,227
110.09,2555,225
110.94,2571,225
111.78,2602,226
112.63,2649,222
113.47,2680,224
114.32,2711,225
115.16,2758,224
116.01,2041,211
116.84,2041,213
117.63,2025,214
118.42,2025,216
119.21,2025,213
120.00,2010,215
120.79,2010,217
121.59,1994,216
122.38,1994,216
123.17,1994,215
123.96,1994,216
124.75,1963,213
125.54,1978,216
126.34,1994,217
127.09,1994,214
127.84,1994,216
128.59,1994,216
129.34,1994,216
130.09,1994,216
130.83,1994,217
131.58,1994,219
132.33,1994,217
133.08,1994,215
133.83,1994,215
134.58,2010,216
135.34,2010,215
136.17,2010,216
137.00,2025,216
137.84,2025,216
138.67,2025,214
139.50,2041,215
140.33,2025,213
141.16,2056,215
141.99,2056,213
142.83,2056,213
143.66,2072,214
144.49,2087,212
145.32,2087,211
146.11,2103,210
146.90,2119,211
147.70,2119,210
148.49,2134,210
149.28,2165,211
150.07,2165,211
150.86,2165,211
151.65,2181,211
152.45,2197,212
153.24,2212,210
154.03,2243,145
154.82,2212,142
155.61,2181,100
156.40,2134,80
157.19,2025,61
157.98,1947,90
158.77,1932,113
159.55,95,77
160.34,80,103
161.13,1823,126
161.92,1791,119
162.71,1745,177
163.50,1682,214
164.29,1713,213
165.13,1729,211
165.96,1745,210
166.80,1791,187
167.63,1791,164
168.47,1807,174
169.30,1823,171
170.14,1885,151
170.97,1869,174
171.81,1900,113
172.64,1932,161
173.48,1963,168
174.27,2010,126
175.06,2025,151
175.85,2041,126
176.65,2072,135
177.44,2103,145
178.23,2165,214
179.02,2212,227
179.81,2275,224
180.60,1885,210
181.40,1869,231
182.19,1869,231
182.98,4363,215
183.77,4425,214
184.55,95,87
185.32,95,122
186.10,3849,96
186.88,3849,122
187.65,3818,190
188.43,3864,168
189.20,3849,211
189.98,3849,151
190.76,4846,214
191.53,4815,219
192.31,2462,217
193.10,2477,218
193.90,2462,223
194.70,2462,226
195.49,2462,223
196.29,2524,221
197.09,2462,223
197.89,2446,228
198.69,2446,225
199.49,2446,226
200.28,2430,225
201.08,2430,223
201.88,2352,216
202.61,2321,218
203.40,2306,225
204.19,2321,217
204.99,2352,219
205.78,2539,220
206.57,2836,218
207.36,2836,214
208.15,1994,218
208.94,1994,221
209.74,1994,221
210.53,1994,219
211.32,1994,221
212.11,1994,221
212.90,2010,220
213.69,2010,220
214.48,2010,220
215.27,2025,220
216.06,2025,220
216.84,2041,223
217.63,2041,221
218.42,2056,222
219.21,2056,222
220.00,2072,223
220.79,2072,222
221.58,2087,220
222.38,2087,222
223.18,2103,224
223.97,2119,226
224.77,2134,226
225.57,2150,215
226.37,3942,218
227.17,3989,210
227.97,5267,220
228.76,5298,220
229.56,5329,219
230.36,5376,220
231.16,5064,210
231.95,3677,212
232.73,3740,215
233.52,3849,213
234.30,3958,211
235.09,4129,212
235.87,4238,212
236.66,4347,216
237.44,4410,221
238.23,4457,222
239.01,4503,222
239.80,4550,220
240.63,4597,220
241.42,4644,221
242.20,2352,221
242.99,2321,230
243.77,2259,225
244.56,2243,227
245.34,2243,234
246.13,2196,228
246.91,2165,230
247.70,2181,230
248.48,2212,230
249.27,2227,230
250.07,2648,220
250.87,1994,219
251.67,1978,225
252.46,1962,225
253.26,1947,223
254.06,1931,223
254.86,1885,222
255.66,1869,217
256.46,1853,221
257.25,1869,221
258.05,1900,221
258.85,1885,219
259.60,1822,219
260.39,1791,219
261.18,1775,219
261.97,1791,218
262.76,2399,212
263.55,1744,215
264.33,1775,216
265.12,1713,217
265.91,1713,217
266.70,1713,219
267.49,1713,215
268.28,1620,210
269.11,1620,203
269.91,1666,211
270.72,1729,214
271.52,1666,211
272.32,1651,158
273.12,1651,132
273.93,1666,168
274.73,1760,211
275.53,1744,213
276.33,1744,215
277.14,1744,212
277.94,1760,218
278.73,1822,214
279.53,1869,219
280.33,1853,225
281.12,1838,227
281.92,1822,222
282.72,1822,222
283.52,1807,222
284.32,1791,219
285.12,1791,217
285.91,1775,216
286.71,1775,214
287.51,1822,213
288.27,1853,212
289.09,1885,212
289.90,2243,221
290.72,2243,226
291.53,2243,220
292.35,2243,225
293.16,2259,222
293.98,2274,223
294.79,2321,213
295.61,3007,211
296.42,3022,213
297.24,3007,217
298.07,3022,223
298.86,3038,225
299.65,3038,223
300.44,3038,225
301.23,3053,224
302.02,3053,226
302.82,3053,226
303.61,3069,226
304.40,3069,227
305.19,3069,230
305.98,3100,226
306.77,3085,218
307.83,3100,215
308.62,3116,214
309.42,3131,211
310.21,3131,211
311.01,3178,210
311.80,3163,210
312.60,3178,193
313.39,3194,210
314.19,3209,210
314.98,3241,197
315.78,3287,222
316.57,3381,218
317.36,3381,220
318.16,3428,220
318.96,3474,215
319.75,3412,212
320.55,3599,218
321.35,3537,227
322.15,3568,227
322.95,3443,226
323.75,3350,225
324.54,3272,225
325.34,3194,225
326.14,1775,232
326.94,1775,231
327.73,1775,234
328.52,1791,231
329.31,1791,234
330.10,1807,233
330.89,1822,229
331.69,1838,231
332.48,1838,230
333.27,1853,231
334.06,1853,228
334.85,1885,230
335.64,1885,230
336.44,1900,228
337.29,1916,229
338.14,1931,231
338.99,1947,229
339.84,1962,229
340.69,1978,228
341.55,1994,229
342.40,2009,229
343.25,2040,231
344.10,2056,231
344.95,2072,231
345.80,2087,232
346.60,2118,231
347.34,2134,229
348.07,2165,231
348.81,2134,228
349.55,2118,220
350.28,1931,228
351.02,1931,231
351.75,1931,230
352.49,1947,228
353.23,1822,228
353.96,1791,230
354.70,1791,229
355.50,1775,231
356.29,1775,230
357.08,1791,231
357.87,1791,230
358.66,1822,229
359.45,2040,228
0.25,2040,232
1.04,2056,232
1.83,2056,231
2.62,1962,221
3.41,1947,230
4.20,1947,231
5.03,1947,229
5.82,1947,217
6.60,2165,211
7.39,1853,187
8.17,1822,164
8.96,1807,129
9.74,1760,210
10.53,1729,210
11.31,1744,210
12.10,1713,210
12.88,1698,200
13.67,1666,206
14.47,1666,210
15.25,1682,210
16.03,1635,210
16.81,1620,210
17.59,1604,211
18.37,1604,211
19.14,1588,210
19.92,1573,211
20.70,1557,212
21.48,1557,211
22.26,1542,216
23.04,1588,216
23.80,1588,223
24.59,1651,216
25.39,1713,218
26.18,1464,212
26.98,1433,224
27.77,1386,231
28.57,1401,228
29.36,1401,229
30.16,1417,228
30.95,1775,225
31.75,1760,234
32.54,1775,224
33.37,2072,230
34.13,2056,232
34.88,2040,231
35.64,2040,233
36.40,2025,232
37.15,2009,230
37.91,1994,231
38.66,1978,230
39.42,1978,227
40.18,1105,231
40.93,1105,228
41.69,1183,231
42.48,1183,225
43.28,1230,212
44.07,1916,224
44.87,1916,224
45.67,1900,220
46.47,1900,226
47.26,1916,219
48.06,1526,227
48.86,1916,225
49.66,1869,226
50.45,1853,227
51.25,2196,225
52.01,2196,232
52.82,2181,225
53.62,2227,214
54.43,2227,215
55.24,1916,211
56.04,2212,217
56.85,2212,214
57.65,2196,213
58.46,2243,214
59.27,2196,217
60.07,2165,217
60.88,2165,215
61.67,2181,217
62.40,2181,217
63.14,1479,223
63.87,1012,231
64.60,1012,228
65.34,2118,230
66.07,2150,235
66.81,2150,227
67.54,2134,228
68.27,2134,228
69.01,2150,225
69.74,2165,217
70.53,2165,213
71.33,2165,211
72.12,1542,224
72.92,2181,211
73.72,1074,214
74.52,1074,229
75.31,1074,214
76.11,2181,211
76.91,2196,212
77.71,2196,210
78.50,2196,210
79.30,3147,211
80.06,2212,187
80.85,2243,210
81.65,2227,210
82.44,2243,213
83.23,2259,225
84.02,2259,225
84.82,2243,233
85.61,2259,215
86.40,1651,226
87.19,1947,220
87.99,2290,227
88.78,2305,226
89.54,2321,226
90.33,2337,227
91.13,2352,224
91.92,2368,224
92.71,2383,224
93.50,2399,224
94.30,1246,217
95.09,1230,225
95.88,1246,215
96.67,1355,220
97.47,1323,223
98.26,1323,225
99.06,2539,221
99.85,2570,225
100.65,2586,226
101.44,2617,227
102.23,2586,226
103.03,2539,221
103.82,2477,223
104.62,2430,222
105.41,2399,223
106.20,2414,224
107.00,2430,225
107.79,2461,227
108.58,2492,226
109.39,2524,226
110.19,2539,225
111.00,2570,225
111.81,2601,225
112.61,2648,223
113.42,2679,225
114.22,2726,223
115.03,2757,224
115.84,2056,210
116.64,2040,212
117.45,2025,214
118.21,2025,216
119.00,2009,212
119.80,2009,215
120.59,2009,216
121.38,2009,215
122.18,1994,214
122.97,1994,216
123.77,1994,214
124.56,1994,216
125.35,1978,217
126.15,1994,216
126.94,1994,216
127.54,1978,217
128.33,1994,216
129.12,1978,217
129.91,1994,218
130.70,1994,216
131.49,1978,217
132.29,1994,219
133.08,1994,217
133.87,2009,216
134.66,1994,215
135.45,2025,215
136.24,2025,216
137.03,2009,217
137.84,2025,216
138.64,2025,217
139.45,2025,216
140.26,2040,216
141.06,2040,213
141.87,2056,213
142.67,2056,213
143.48,2072,214
144.29,2072,212
145.09,2087,212
145.90,2103,212
146.69,2103,210
147.48,2118,211
148.28,2134,206
149.07,2134,211
149.86,2150,210
150.66,2165,210
151.45,2181,211
152.25,2196,211
153.04,2212,210
153.83,2274,206
154.63,2181,109
155.42,2212,119
156.25,2072,84
157.07,2025,126
157.88,1994,87
158.70,1947,116
159.52,1916,90
160.33,1885,106
161.15,1791,80
161.96,1760,174
162.78,1729,151
163.60,1698,216
164.41,1713,211
165.23,1729,211
166.02,1760,200
166.83,1791,184
167.63,1791,197
168.44,1807,190
169.25,1838,193
170.05,1853,180
170.86,1885,158
171.66,1931,138
172.47,1962,148
173.28,1962,155
174.08,2009,135
174.89,2056,106
175.64,2040,132
176.43,2103,135
177.22,2118,171
178.01,2212,220
178.80,2227,226
179.59,2290,222
180.39,1885,217
181.18,1869,233
181.97,1869,231
182.76,4363,217
183.55,4441,210
184.34,95,106
185.21,87,126
186.02,3848,155
186.83,3864,132
187.65,3770,148
188.46,3880,203
189.27,3848,210
190.08,4846,187
190.89,4815,214
191.70,4815,220
192.52,2461,220
193.33,2477,219
194.14,2461,224
194.94,2461,224
195.74,2461,222
196.53,2461,220
197.33,2446,226
198.12,2446,227
198.92,2430,224
199.71,2446,223
200.51,2430,226
201.30,2430,220
202.10,2321,218
202.89,2321,218
203.69,2321,224
204.45,2321,216
205.25,2508,217
206.04,2539,220
206.84,2835,224
207.64,1994,216
208.44,1994,221
209.23,1994,221
210.03,1994,221
210.83,1994,220
211.63,1994,220
212.42,2009,221
213.22,2009,220
214.02,2009,221
214.81,2009,222
215.59,2025,221
216.38,2025,223
217.16,2040,222
217.95,2040,220
218.73,2056,221
219.52,2056,222
220.30,2072,222
221.09,2072,222
221.87,2087,223
222.66,2087,223
223.46,2103,224
224.25,2118,224
225.05,2134,224
225.84,3926,219
226.63,3942,218
227.43,5251,215
228.22,5267,219
229.02,5313,220
229.81,5360,221
230.60,5391,217
231.40,5064,184
232.19,3708,215
232.94,3770,213
233.74,3895,213
234.53,4035,213
235.33,4176,210
236.13,4332,214
236.93,4378,216
237.72,4425,219
238.52,4472,221
239.32,4519,222
240.12,4565,220
240.91,4612,220
241.71,4659,218
242.46,2337,228
243.25,2305,226
244.04,2243,227
244.83,2243,229
245.62,2212,234
246.41,2181,226
247.20,2181,230
247.99,2196,232
248.78,2212,231
249.57,2243,227
250.36,2664,225
251.15,1994,226
251.94,1978,223
252.73,1962,225
253.53,1931,221
254.32,1916,225
255.12,1885,220
255.91,1853,220
256.71,1853,221
257.50,1885,222
258.30,1916,219
259.09,1822,219
259.89,1822,223
260.68,1775,218
261.47,1775,220
262.26,1807,214
263.06,2383,210
263.85,1791,214
264.64,1729,219
265.43,1729,217
266.23,1713,216
267.02,1713,217
267.81,1666,212
268.60,1588,206
269.40,1635,210
270.19,1682,213
270.95,1729,213
271.78,1651,184
272.61,1635,151
273.44,1651,155
274.27,1666,211
275.10,1760,212
275.92,1744,214
276.75,1744,215
277.58,1760,216
278.41,1775,214
279.24,1885,215
280.07,1869,223
280.90,1838,227
281.69,1838,223
282.48,1823,222
283.27,1807,222
284.06,1807,218
284.85,1791,218
285.64,1776,218
286.43,1760,217
287.22,1776,213
288.01,1838,212
288.80,1838,212
289.59,2259,206
290.39,2243,224
291.21,2228,225
292.03,2243,222
292.86,2243,223
293.68,2259,222
294.50,2306,221
295.32,2430,212
296.14,3023,214
296.96,3023,215
297.79,3023,221
298.61,3023,222
299.43,3038,223
300.19,3038,224
301.01,3038,226
301.83,3054,227
302.65,3054,227
303.47,3069,227
304.29,3069,227
305.10,3069,229
305.92,3069,229
306.74,3101,223
307.56,3085,217
308.38,3101,215
309.20,3116,212
309.99,3147,211
310.78,3163,210
311.58,3163,210
312.37,3178,206
313.17,3194,180
313.96,3194,211
314.76,3241,197
315.55,3256,212
316.35,3288,220
317.14,3381,221
317.94,3381,218
318.73,3459,221
319.52,3412,213
320.32,3412,161
321.11,3568,220
321.91,3537,225
322.71,3553,226
323.51,3428,226
324.30,3334,224
325.10,3256,226
325.90,3194,223
326.70,1776,233
327.49,1776,232
328.29,1791,235
329.05,1791,232
329.85,1807,233
330.65,1807,230
331.45,1823,230
332.25,1838,231
333.05,1838,229
333.86,1854,230
334.66,1869,230
335.46,1885,230
336.26,1900,229
337.06,1900,229
337.86,1916,229
338.66,1932,230
339.45,1947,228
340.24,1947,230
341.03,1978,227
341.82,1994,229
342.61,2010,230
343.39,2041,230
344.18,2041,232
344.97,2072,231
345.76,2087,230
346.55,2119,230
347.34,2134,229
348.13,2165,230
348.84,2134,227
349.55,2134,220
350.26,1947,227
350.97,1932,231
351.68,1932,232
352.38,1963,230
353.09,1823,229
353.80,1791,228
354.51,1791,230
355.22,1776,231
355.93,1776,231
356.72,1791,230
357.51,1791,229
358.31,1823,228
359.10,2025,227
359.89,2041,232
0.68,2041,230
1.48,2056,231
2.27,2025,222
3.06,1947,227
3.85,1947,229
4.65,1947,228
5.44,1947,220
6.23,2165,215
7.03,1838,171
7.84,1823,164
8.64,1791,164
9.44,1776,193
10.25,1745,174
11.05,1729,210
11.86,1729,210
12.66,1713,187
13.46,1745,184
14.27,1667,210
15.07,1698,210
15.90,1635,210
16.66,1620,210
17.42,1604,211
18.18,1604,210
18.94,1589,211
19.70,1573,212
20.47,1558,211
21.23,1558,211
21.99,1542,218
22.75,1573,213
23.51,1589,224
24.27,1651,217
25.06,1698,218
25.86,1464,187
26.65,1433,223
27.45,1386,230
28.25,1402,226
29.04,1402,227
29.84,1417,228
30.63,1776,221
31.43,1760,233
32.23,1776,226
33.02,2072,231
33.82,2056,231
34.57,2041,230
35.39,2041,233
36.20,2025,232
37.02,2010,231
37.84,1994,230
38.66,1979,232
39.47,1979,229
40.29,1106,233
41.11,1106,228
41.93,1184,231
42.74,1184,225
43.56,1215,212
44.38,1916,225
45.13,1916,225
45.88,1901,219
46.62,1901,226
47.37,1916,219
48.12,1527,232
48.87,1916,224
49.62,1916,226
50.37,1854,230
51.11,2166,221
51.86,2197,234
52.61,2197,226
53.40,2228,215
54.20,2228,215
54.99,1916,213
55.79,2228,215
56.59,2212,215
57.38,2212,214
58.18,2243,214
58.97,2181,215
59.77,2166,219
60.57,2181,217
61.36,2166,219
62.16,2181,217
62.92,1480,224
63.68,1012,230
64.45,1012,228
65.21,2134,228
65.97,2150,236
66.74,2150,230
67.50,2134,227
68.27,2134,226
69.03,2134,223
69.79,2166,216
70.56,2166,213
71.32,2181,211
72.15,1542,226
72.94,2181,210
73.73,1075,214
74.52,1075,229
75.31,1090,212
76.10,2166,212
76.88,2197,212
77.67,2197,212
78.46,2197,210
79.25,2228,211
80.04,2212,213
80.83,2228,212
81.63,2228,210
82.45,2243,214
83.27,2243,223
84.09,2259,226
84.91,2243,233
85.73,1651,215
86.55,1651,227
87.37,1947,220
88.19,2290,225
89.01,2306,228
89.83,2321,227
90.65,2337,225
91.40,2353,225
92.21,2368,224
93.01,2384,225
93.82,2399,225
94.63,1230,216
95.44,1246,226
96.24,2462,216
97.05,1339,220
97.86,1324,226
98.67,1339,228
99.47,2555,225
100.28,2571,225
101.07,2586,225
101.86,2618,230
102.65,2571,225
103.44,2524,223
104.23,2477,224
105.02,2431,222
105.80,2399,223
106.59,2415,227
107.38,2431,224
108.17,2462,226
108.96,2493,226
109.75,2524,226
110.55,2540,224
111.34,2586,226
112.13,2618,224
112.92,2649,223
113.71,2680,225
114.50,2727,225
115.29,2758,222
116.08,2041,212
116.87,2025,212
117.66,2041,214
118.45,2025,215
119.24,2025,212
120.03,2010,214
120.80,2010,216
121.57,1994,217
122.33,1994,216
123.10,1994,215
123.87,1994,215
124.64,1963,216
125.41,1994,216
126.18,1994,216
126.94,1994,217
127.71,1994,217
128.48,1979,217
129.23,1994,216
130.02,1994,217
130.82,1994,217
131.61,1994,218
132.40,1994,217
133.19,1994,216
133.99,1994,215
134.78,2010,216
135.57,2010,214
136.36,2010,216
137.16,2025,218
137.95,2025,217
138.74,2025,215
139.59,2041,215
140.43,2041,215
141.28,2056,214
142.13,2041,214
142.97,2072,212
143.82,2072,211
144.66,2072,212
145.51,2088,212
146.36,2103,211
147.20,2119,210
148.05,2134,210
148.84,2134,211
149.65,2150,210
150.45,2166,210
151.26,2166,210
152.07,2197,211
152.88,2212,211
153.68,2243,164
154.49,2259,164
155.30,2228,64
156.11,2150,129
156.91,2134,84
157.72,2025,90
158.48,1963,77
159.27,1947,96
160.07,1916,103
160.86,1838,122
161.65,1776,135
162.44,1714,135
163.24,1698,210
164.03,1714,215
164.82,1729,211
165.61,1745,210
166.41,1760,206
167.20,1776,210
168.02,1791,129
168.81,1823,200
169.60,1838,148
170.39,1854,171
171.18,1901,155
171.97,1932,113
172.77,1932,151
173.56,2010,174
174.35,2010,177
175.14,2041,129
175.93,2072,145
176.72,2103,122
177.51,2150,210
178.31,2228,225
179.10,2259,224
179.90,2290,213
180.70,1869,226
181.49,1869,234
182.29,1885,221
183.08,4379,215
183.88,110,103
184.68,95,142
185.47,3849,119
186.27,3849,126
187.02,3833,190
187.84,3631,151
188.65,3864,210
189.47,3849,174
190.29,4831,213
191.11,4831,217
191.92,4800,217
192.74,2477,220
193.56,2462,224
194.38,2493,225
195.19,2462,226
196.01,2508,223
196.83,2462,222
197.62,2446,225
198.40,2446,222
199.19,2446,223
199.98,2431,225
200.77,2431,227
201.55,2415,217
202.34,2321,218
203.13,2306,223
203.92,2321,217
204.70,2337,219
205.49,2540,217
206.29,2555,215
207.09,2836,220
207.88,1994,220
208.68,1994,221
209.47,1994,220
210.27,1994,221
211.06,1994,220
211.86,2010,220
212.65,2010,222
213.45,2010,221
214.24,2010,220
215.04,2025,220
215.80,2025,222
216.59,2025,221
217.38,2041,222
218.17,2041,221
218.96,2056,222
219.75,2056,224
220.54,2072,221
221.33,2088,224
222.12,2088,223
222.91,2103,222
223.70,2119,224
224.49,2134,225
225.29,2150,222
226.08,3927,222
226.87,3958,214
227.66,5252,221
228.45,5298,221
229.24,5330,221
230.03,5361,221
230.82,5407,211
231.61,3677,213
232.40,3709,214
233.19,3833,214
233.98,3974,213
234.77,4067,212
235.56,4254,211
236.36,4348,216
237.15,4394,220
237.94,4441,221
238.73,4488,221
239.53,4535,222
240.32,4581,221
241.11,4628,221
241.90,2353,217
242.70,2321,230
243.49,2275,224
244.28,2243,227
245.06,2243,234
245.84,2212,229
246.62,2181,229
247.40,2181,231
248.18,2197,230
248.97,2228,230
249.75,2243,218
250.53,2664,218
251.31,1979,227
252.09,1963,225
252.87,1963,223
253.66,1932,223
254.49,1916,223
255.32,1869,218
256.15,1854,221
256.98,1854,220
257.81,1901,221
258.64,1901,220
259.47,1823,220
260.30,1791,220
261.13,1776,219
261.96,1791,218
262.79,2134,211
263.58,1745,213
264.37,1807,216
265.17,1714,217
265.96,1729,217
266.75,1698,216
267.54,1714,215
268.34,1636,211
269.13,1620,193
269.92,1651,210
270.71,1714,215
271.51,1729,214
272.30,1651,151
273.10,1651,132
273.91,1651,180
274.71,1682,210
275.52,1745,211
276.33,1745,217
277.13,1745,213
277.94,1760,215
278.74,1807,213
279.55,1885,219
280.36,1854,223
281.16,1838,227
281.97,1838,221
282.73,1823,224
283.52,1807,222
284.32,1807,218
285.11,1791,220
285.90,1776,218
286.69,1776,216
287.49,1776,212
288.28,1838,212
289.07,1854,210
289.86,2259,211
290.66,2243,226
291.45,2243,222
292.43,2243,222
293.22,2259,222
294.01,2275,224
294.80,2306,220
295.59,2415,212
296.38,3007,213
297.16,3007,216
297.95,3023,219
298.74,3023,226
299.53,3038,224
300.32,3038,226
301.11,3038,226
301.91,3054,225
302.72,3054,226
303.52,3054,228
304.33,3070,227
305.14,3070,227
305.94,3085,227
306.75,3101,223
307.55,3085,217
308.36,3101,215
309.17,3116,213
309.97,3147,211
310.78,3179,211
311.54,3163,190
312.33,3210,210
313.13,3210,168
313.92,3210,210
314.71,3225,210
315.50,3241,213
316.30,3288,220
317.09,3381,221
317.88,3397,216
318.67,3444,221
319.47,3412,213
320.26,3428,161
321.09,3584,218
321.88,3537,229
322.67,3568,223
323.46,3412,226
324.25,3335,224
325.04,3257,225
325.82,3194,222
326.61,1760,232
327.40,1791,231
328.19,1791,234
328.98,1791,231
329.77,1807,232
330.56,1807,231
331.36,1823,231
332.17,1838,231
332.97,1838,230
333.78,1854,230
334.58,1869,229
335.39,1885,229
336.19,1885,230
337.00,1901,229
337.80,1916,228
338.61,1932,229
339.41,1947,230
340.17,1963,230
340.97,1979,229
341.76,1994,228
342.56,2010,227
343.35,2041,231
344.15,2056,230
344.94,2072,232
345.74,2088,230
346.53,2103,230
347.33,2134,230
348.12,2150,230
348.92,2134,227
349.72,2103,224
350.44,1947,227
351.16,1932,232
351.87,1932,234
352.59,1947,230
353.31,1823,227
354.03,1791,229
354.75,1791,230
355.47,1776,231
356.18,1776,231
356.90,1791,231
357.62,1791,231
358.41,1823,228
359.20,2041,222
360.00,2041,234
0.79,2041,232
1.58,2056,232
2.37,2056,225
3.17,1947,228
3.96,1947,230
4.75,1947,228
5.54,1963,225
6.34,2150,218
7.13,1854,180
7.76,1823,184
8.56,1823,155
9.35,1776,187
10.15,1776,171
10.94,1776,197
11.74,1745,187
12.53,1714,203
13.33,1682,210
14.12,1667,180
14.92,1667,210
15.71,1636,210
16.51,1604,203
17.30,1604,211
18.12,1604,211
18.93,1573,210
19.75,1573,210
20.57,1558,213
21.39,1558,212
22.20,1527,216
23.02,1573,211
23.84,1573,225
24.66,1636,216
25.47,1714,217
26.29,1745,211
27.08,1464,223
27.87,1386,228
28.67,1386,228
29.46,1402,227
30.25,1417,229
31.04,1760,221
31.84,1760,235
32.63,1776,224
33.42,2088,230
34.21,2072,230
35.01,2056,229
35.80,2041,233
36.59,2025,231
37.34,2010,231
38.09,1994,231
38.84,1979,232
39.59,1979,228
40.34,1106,229
41.10,1106,228
41.85,1184,230
42.60,1184,225
43.35,1215,214
44.10,1916,224
44.85,1916,223
45.61,1901,220
46.41,1901,228
47.22,1527,217
48.02,1527,228
48.82,1916,226
49.63,1854,226
50.43,1854,228
51.24,2166,224
52.04,2197,234
52.84,2197,224
53.65,2243,213
54.45,2275,214
55.28,2259,211
56.07,2228,215
56.86,2259,214
57.65,2197,213
58.44,2212,213
59.23,2181,217
60.01,2166,216
60.80,2181,215
61.59,2166,217
62.38,2166,216
63.17,1480,220
63.96,1012,230
64.75,1028,225
65.54,2119,231
66.34,2150,233
67.13,2134,230
67.92,2134,230
68.72,2134,227
69.51,2150,221
70.31,2166,215
71.10,2181,211
71.89,1527,215
72.69,1542,223
73.48,2197,210
74.24,1075,221
75.05,1075,227
75.85,2197,211
76.66,2197,211
77.47,2197,212
78.28,2228,211
79.08,3132,211
79.89,3147,212
80.70,2228,212
81.51,2228,210
82.31,2243,212
83.12,2259,214
83.94,2243,225
84.73,2259,227
85.52,2243,230
86.31,1651,222
87.10,1651,220
87.89,2290,218
88.68,2290,224
89.47,2306,226
90.26,2321,227
91.05,2337,226
91.84,2353,225
92.63,2368,225
93.42,2384,222
94.17,2399,224
94.92,1246,224
95.67,1246,227
96.42,2462,221
97.17,1339,224
97.93,1324,227
98.68,1339,218
99.43,2555,223
100.18,2571,224
100.93,2602,226
101.68,2602,231
102.44,2555,222
103.23,2508,222
104.03,2462,222
104.82,2415,221
105.61,2399,223
106.40,2415,226
107.20,2446,224
107.99,2477,225
108.78,2508,227
109.57,2540,224
110.37,2555,225
111.16,2602,225
111.99,2633,225
112.79,2649,225
113.60,2711,225
114.40,2742,224
115.20,2774,213
116.01,2041,212
116.81,2041,213
117.62,2025,214
118.42,2025,213
119.22,2025,213
120.03,2010,215
120.83,2010,214
121.62,1994,217
122.42,1994,215
123.23,1994,216
124.03,1979,214
124.83,1994,216
125.64,1994,217
126.44,1979,216
127.25,1994,216
128.05,1994,216
128.85,1979,216
129.66,1979,215
130.46,1994,217
131.25,1994,217
132.05,1994,217
132.84,1994,217
133.64,1994,214
134.44,2010,216
135.23,2010,214
136.03,2010,215
136.82,2010,215
137.62,2025,217
138.42,2025,216
139.21,2025,216
140.01,2041,215
140.80,2041,214
141.62,2057,214
142.43,2057,213
143.25,2072,213
144.07,2072,213
144.88,2088,210
145.70,2103,211
146.51,2103,211
147.33,2119,211
148.15,2119,211
148.96,2135,211
149.78,2150,211
150.57,2181,212
151.37,2166,212
152.18,2197,211
152.98,2212,210
153.78,2259,148
154.59,2228,145
155.39,2135,93
156.20,2135,80
157.00,2025,106
157.80,1994,116
158.61,1948,103
159.41,1885,116
160.21,1838,122
161.00,1823,103
161.79,1760,116
162.59,1760,135
163.38,1683,214
164.17,1714,213
164.96,1745,210
165.75,1745,197
166.54,1776,200
167.34,1792,197
168.13,1807,200
168.92,1823,187
169.75,1854,171
170.55,1901,148
171.35,1901,190
172.15,1932,135
172.95,1963,122
173.75,1994,145
174.56,2025,116
175.36,2041,155
176.16,2072,151
176.96,2119,148
177.76,2166,215
178.56,2228,225
179.38,2275,223
180.22,1885,212
181.07,1870,230
181.91,1870,232
182.75,4363,215
183.60,4426,213
184.44,110,84
185.29,95,145
186.13,3833,129
186.97,3927,132
187.82,3818,193
188.66,3865,187
189.45,3865,211
190.24,3865,177
191.04,4815,214
191.83,4815,221
192.62,2462,219
193.41,2477,219
194.21,2477,224
195.00,2462,225
195.79,2462,222
196.58,2555,219
197.38,2462,224
198.17,2446,227
198.96,2431,225
199.72,2431,225
200.49,2431,227
201.25,2431,222
202.02,2337,216
202.78,2322,217
203.55,2306,223
204.31,2322,216
205.08,2509,217
205.84,2540,221
206.61,2836,221
207.37,1994,211
208.20,1994,220
208.99,1994,221
209.78,1994,221
210.57,1994,220
211.36,1994,220
212.15,1994,219
212.93,2010,222
213.72,2010,220
214.51,2025,221
215.30,2025,222
216.09,2025,221
216.88,2041,220
217.50,2041,223
218.30,2057,223
219.09,2057,222
219.89,2057,222
220.69,2072,224
221.48,2088,225
222.28,2088,224
223.07,2103,225
223.87,2119,225
224.67,2135,227
225.46,2150,218
226.26,3943,220
227.02,3974,212
227.82,5267,220
228.63,5298,222
229.43,5330,221
230.23,5361,220
231.03,5065,210
231.84,3662,213
232.64,3724,214
233.44,3833,213
234.24,3974,211
235.05,4098,211
235.85,4254,211
236.68,4348,215
237.47,4395,220
238.26,4441,221
239.05,4488,221
239.84,4535,221
240.63,4582,221
241.42,4628,221
242.21,2353,218
243.00,2322,229
243.79,2290,225
244.58,2244,227
245.37,2244,232
246.16,2197,230
246.92,2166,230
247.68,2181,228
248.44,2197,232
249.20,2212,229
249.96,2244,220
250.73,2649,219
251.49,1994,226
252.25,1963,222
253.01,1963,222
253.77,1932,224
254.53,1916,224
255.32,1870,219
256.12,1854,220
256.91,1870,221
257.71,1885,221
258.51,1916,219
259.31,1823,221
260.10,1792,221
260.90,1776,219
261.70,1792,219
262.50,1823,212
263.29,1760,212
264.09,1823,217
264.88,1714,217
265.67,1729,215
266.46,1714,216
267.25,1714,216
268.04,1636,211
268.83,1605,164
269.61,1636,206
270.40,1714,214
271.19,1729,213
271.98,1636,190
272.77,1636,164
273.56,1651,177
274.39,1683,211
275.22,1745,212
276.04,1745,215
276.87,1745,212
277.70,1760,216
278.52,1823,214
279.35,1885,217
280.17,1854,223
281.00,1838,227
281.83,1838,222
282.65,1823,222
283.48,1807,221
284.28,1792,218
285.10,1792,220
285.93,1776,219
286.75,1760,217
287.57,1776,214
288.39,1823,213
289.22,1854,212
290.04,2259,213
290.86,2244,227
291.68,2228,220
292.51,2244,223
293.33,2259,222
294.12,2275,225
294.91,2306,217
295.70,2431,213
296.49,3007,214
297.28,3007,217
298.07,3007,221
298.86,3023,225
299.65,3039,226
300.44,3039,226
301.23,3039,225
302.02,3054,226
302.81,3054,227
303.64,3070,228
304.43,3070,227
305.21,3070,228
306.00,3085,226
306.79,3101,222
307.58,3085,215
308.36,3101,216
309.15,3116,213
309.94,3148,211
310.73,3163,210
311.51,3194,193
312.30,3179,210
313.09,3241,203
313.88,3194,174
314.68,3226,210
315.47,3272,214
316.26,3303,217
317.05,3381,221
317.85,3397,216
318.64,3475,225
319.43,3413,214
320.22,3600,211
321.02,3553,220
321.81,3537,226
322.60,3491,223
323.39,3397,223
324.19,3319,227
324.98,3226,227
325.77,1776,219
326.56,1776,231
327.36,1776,232
328.15,1792,234
328.94,1792,232
329.73,1807,233
330.53,1823,230
331.32,1823,231
332.11,1838,229
332.93,1854,230
333.75,1854,229
334.56,1870,230
335.38,1885,229
336.20,1901,229
337.02,1916,230
337.84,1916,227
338.66,1932,230
339.47,1948,229
340.29,1963,230
341.11,1979,229
341.90,2010,229
342.69,2025,231
343.49,2041,229
344.28,2057,230
345.07,2088,231
345.87,2103,230
346.66,2119,231
347.46,2150,228
348.25,2150,232
349.04,2119,226
349.84,1963,219
350.63,1932,230
351.42,1932,234
352.18,1948,234
352.94,1963,221
353.70,1807,230
354.46,1792,231
355.22,1792,231
355.99,1776,230
356.75,1776,232
357.51,1792,230
358.27,1807,228
359.03,1838,223
359.79,2041,232
0.62,2041,232
1.38,2057,231
2.14,2057,232
2.90,1963,225
3.66,1948,230
4.42,1948,230
5.18,1948,229
5.94,2135,221
6.70,1854,190
7.46,1854,155
8.22,1807,193
8.98,1776,206
9.77,1776,190
10.56,1745,211
11.36,1729,193
12.15,1714,210
12.94,1698,210
13.74,1683,210
14.53,1667,210
15.33,1636,203
16.12,1620,211
16.91,1636,212
17.71,1605,211
18.50,1605,210
19.29,1589,211
20.08,1573,210
20.88,1542,211
21.67,1542,214
22.46,1542,214
23.26,1573,224
24.05,1636,217
24.85,1683,214
25.64,1729,215
26.43,1433,217
27.23,1402,222
28.02,1402,229
28.81,1402,229
29.60,1418,228
30.38,1418,220
31.17,1760,234
31.96,1776,229
32.75,2088,223
33.53,2072,233
34.32,2057,231
35.11,2041,231
35.90,2025,230
36.68,2025,230
37.47,2010,230
38.26,1994,232
39.05,1979,232
39.85,1106,229
40.64,1106,231
41.43,1137,228
42.23,1184,229
43.02,1199,219
43.82,1916,223
44.61,1916,224
45.40,1885,218
46.20,1901,227
46.99,1916,228
47.78,1527,228
48.58,1916,217
49.37,1916,231
50.17,1854,228
50.97,1854,217
51.76,2181,235
52.56,2181,228
53.35,2212,215
54.15,2290,216
54.95,1916,213
55.74,2244,216
56.54,2228,214
57.30,2228,216
58.09,2244,214
58.89,2197,215
59.68,2166,218
60.47,2181,216
61.27,2166,217
62.06,2181,216
62.86,1480,223
63.65,1012,229
64.44,1012,231
65.24,2135,228
66.03,2150,233
66.86,2150,228
67.62,2135,227
68.37,2135,228
69.13,2135,225
69.89,2166,218
70.64,2181,211
71.40,2181,211
72.15,1542,223
72.91,1542,210
73.67,1075,206
74.42,1075,229
75.18,1075,214
75.98,2166,174
76.79,2181,193
77.59,3132,210
78.40,3132,212
79.21,3132,214
80.01,3163,210
80.82,3179,164
81.62,2244,203
82.43,2275,211
83.24,2244,222
84.04,2259,227
84.85,2244,231
85.60,2244,218
86.39,1651,228
87.19,1948,220
87.98,2290,227
88.77,2306,225
89.57,2322,226
90.36,2337,225
91.16,2353,226
91.95,2368,224
92.74,2384,223
93.54,2400,228
94.33,2415,217
95.16,1231,227
95.95,1246,216
96.73,1355,218
97.52,1324,226
98.31,1324,227
99.09,2540,223
99.88,2571,224
100.66,2587,227
101.45,2618,227
102.24,2587,227
103.02,2540,224
103.81,2493,222
104.61,2446,222
105.40,2400,223
106.20,2415,226
106.99,2431,225
107.78,2462,227
108.57,2493,227
109.37,2524,224
110.16,2540,225
110.95,2571,224
111.74,2602,223
112.54,2633,226
113.33,2680,223
114.09,2711,223
114.88,2758,225
115.68,2041,211
116.47,2041,212
117.26,2025,213
118.06,2010,215
118.85,2025,213
119.65,2010,213
120.44,2010,214
121.23,2010,215
122.03,1994,216
122.82,1994,217
123.61,1994,214
124.42,1994,214
125.22,1979,215
126.03,1994,216
126.84,1994,217
127.64,1994,216
128.45,1979,215
129.25,1979,218
130.06,1994,217
130.87,1994,216
131.67,1994,217
132.48,1994,217
133.27,1994,217
134.07,2010,216
134.86,2010,216
135.66,2010,215
136.46,2010,214
137.26,2025,218
138.05,2025,217
138.85,2025,215
139.65,2041,214
140.45,2041,214
141.24,2041,213
142.04,2056,214
142.76,2056,212
143.56,2072,213
144.35,2072,212
145.15,2088,211
145.95,2088,212
146.74,2103,210
147.54,2134,210
148.33,2134,210
149.13,2166,210
149.93,2150,211
150.72,2166,210
151.52,2181,211
152.28,2197,210
153.11,2228,203
153.94,2243,151
154.78,2197,155
155.61,2134,93
156.44,2072,71
157.27,2072,84
158.10,1994,93
158.93,1932,90
159.77,1901,84
160.60,1854,129
161.43,1807,109
162.23,1791,151
163.02,1760,142
163.82,1698,215
164.61,1714,212
165.40,1745,210
166.19,1745,212
166.99,1776,197
167.78,1791,200
168.57,1823,203
169.36,1838,200
170.16,1869,174
170.95,1901,168
171.75,1901,197
172.53,1932,168
173.30,1947,148
174.08,1979,193
174.86,2025,184
175.63,2056,171
176.41,2103,148
177.18,2119,151
177.96,2212,220
178.74,2228,227
179.51,2290,222
180.29,1885,214
181.09,1869,232
181.91,1885,229
182.72,4363,217
183.54,4441,212
184.35,65,96
185.17,3833,145
185.98,3833,135
186.80,3864,148
187.61,3631,145
188.43,3880,193
189.24,3849,210
190.06,4846,168
190.89,4831,216
191.68,4815,220
192.47,2462,219
193.26,2462,219
194.05,2477,225
194.84,2462,224
195.63,2462,221
196.42,2462,221
197.21,2446,225
198.00,2446,224
198.79,2431,224
199.58,2431,224
200.38,2431,226
201.17,2415,221
201.97,2337,219
202.76,2321,219
203.55,2321,221
204.34,2321,217
205.14,2524,216
205.93,2555,221
206.72,2836,223
207.51,1994,216
208.31,1979,220
209.10,1994,222
209.90,1994,222
210.70,1994,220
211.51,1994,221
212.31,1994,220
213.11,2010,221
213.91,2025,220
214.72,2025,219
215.52,2025,221
216.32,2025,221
217.12,2041,222
217.93,2041,221
218.73,2056,221
219.56,2056,223
220.35,2072,222
221.14,2072,223
221.93,2088,223
222.72,2103,224
223.51,2103,222
224.30,2119,224
225.09,2134,226
225.88,3927,218
226.67,3942,217
227.46,5252,215
228.25,5267,221
229.04,5314,221
229.83,5345,221
230.62,5392,216
231.41,5065,210
232.20,3709,213
232.99,3787,214
233.78,3880,213
234.57,4020,212
235.36,4161,212
236.15,4301,213
236.94,4363,217
237.73,4410,219
238.49,4457,222
239.28,4519,221
240.08,4550,220
240.87,4597,222
241.66,4659,220
242.46,2337,227
243.25,2306,229
244.05,2259,226
244.84,2243,228
245.63,2228,234
246.43,2181,227
247.22,2181,230
247.83,2181,229
248.62,2212,234
249.42,2228,229
250.21,2649,225
251.00,1994,222
251.79,1979,225
252.59,1963,224
253.38,1932,224
254.17,1916,222
254.96,1885,222
255.76,1869,219
256.55,1854,220
257.35,1885,221
258.14,1916,219
258.94,1885,218
259.73,1823,222
260.52,1776,219
261.31,1776,220
262.11,1807,219
262.90,2384,212
263.69,1745,214
264.48,1729,216
265.28,1714,218
266.07,1714,215
266.83,1714,215
267.63,1714,212
268.42,1604,210
269.22,1620,180
270.02,1667,212
270.81,1714,213
271.61,1667,211
272.40,1651,168
273.20,1651,158
274.00,1667,212
274.79,1760,212
275.59,1745,214
276.35,1745,216
277.18,1760,214
278.02,1760,217
278.85,1885,216
279.68,1869,222
280.51,1854,225
281.35,1838,226
282.18,1823,223
283.01,1823,222
283.84,1807,220
284.68,1791,219
285.51,1791,218
286.30,1776,219
287.11,1776,215
287.91,1791,214
288.72,1854,212
289.53,1869,214
290.33,2243,218
291.14,2243,227
291.94,2243,219
292.75,2243,225
293.56,2243,225
294.36,2275,225
295.17,2353,213
295.96,3023,210
296.76,3023,215
297.55,3007,217
298.35,3023,223
299.15,3023,225
299.95,3038,225
300.74,3038,226
301.54,3054,227
302.34,3054,225
303.14,3054,226
303.93,3070,226
304.73,3070,226
305.52,3070,228
306.32,3101,226
307.12,3101,217
307.92,3101,215
308.72,3101,214
309.52,3132,211
310.32,3163,211
311.12,3179,211
311.92,3163,210
312.72,3210,184
313.52,3194,210
314.32,3225,211
315.11,3257,184
315.90,3288,222
316.70,3381,218
317.49,3381,221
318.28,3412,218
319.08,3475,216
319.87,3412,213
320.67,3584,216
321.46,3537,225
322.25,3568,226
323.05,3459,224
323.84,3350,224
324.63,3288,227
325.43,3210,226
326.22,1776,232
327.02,1776,232
327.82,1791,233
328.61,1791,233
329.41,1807,232
330.20,1807,232
331.00,1823,232
331.80,1823,233
332.59,1838,231
333.39,1854,231
334.15,1869,227
334.95,1885,231
335.75,1885,228
336.55,1901,228
337.35,1916,230
338.15,1932,229
338.95,1947,230
339.75,1947,230
340.55,1963,229
341.35,1994,230
342.15,2010,228
342.95,2025,232
343.78,2056,231
344.56,2056,231
345.35,2088,231
346.13,2103,230
346.91,2134,230
347.70,2150,228
348.48,2134,230
349.27,2119,226
350.05,1947,228
350.83,1932,231
351.62,1932,232
352.40,1947,232
352.94,1823,224
353.74,1807,230
354.53,1791,232
355.33,1776,230
356.13,1776,229
356.92,1791,231
357.72,1791,230
358.51,1823,229
359.31,2041,221
0.11,2041,232
0.90,2056,231
1.70,2056,232
2.46,2056,225
3.24,1947,228
4.01,1947,229
4.79,1947,229
5.57,1963,226
6.34,2150,221
7.12,1823,177
7.89,1823,158
8.67,1791,184
9.45,1776,177
10.22,1760,187
11.00,1760,180
11.83,1745,174
12.62,1714,190
13.41,1682,203
14.20,1667,206
14.99,1667,200
15.78,1636,210
16.58,1636,210
17.37,1604,211
18.16,1604,212
18.95,1573,211
19.74,1573,212
20.53,1558,210
21.32,1542,211
22.11,1511,218
22.90,1573,212
23.69,1589,225
24.48,1651,217
25.27,1698,216
26.06,1745,211
26.85,1433,223
27.64,1386,228
28.43,1402,229
29.22,1402,228
30.01,1417,226
30.80,1776,220
31.58,1760,234
32.36,1776,227
33.14,2088,230
33.92,2056,233
34.70,2056,230
35.48,2041,230
36.26,2025,234
37.04,2010,231
37.82,1994,231
38.60,1994,231
39.38,1979,226
40.17,1106,233
40.96,1106,229
41.75,1184,227
42.54,1184,225
43.33,1215,214
44.12,1916,224
44.92,1901,225
45.71,1885,218
46.50,1901,229
47.29,1932,221
48.08,1527,230
48.87,1916,228
49.66,1854,226
50.44,1854,229
51.21,2166,222
51.99,2197,234
52.77,2197,226
53.54,2212,214
54.32,2228,214
55.09,1916,212
55.87,2228,214
56.65,2212,216
57.42,2212,213
58.20,2228,213
59.00,2181,216
59.82,2166,218
60.64,2166,217
61.46,2181,217
62.28,2166,216
63.10,1480,224
63.91,1012,230
64.73,1028,228
65.55,2134,229
66.37,2150,234
67.19,2134,226
68.01,2134,229
68.80,2134,226
69.59,2150,221
70.38,2166,215
71.17,2166,212
71.96,1527,213
72.75,1542,227
73.55,2197,211
74.34,1075,220
75.13,1075,230
75.92,2181,190
76.71,2197,211
77.50,2197,200
78.29,3132,210
79.05,3116,211
79.82,3132,213
80.58,2228,193
81.34,2259,210
82.11,2243,210
82.87,2259,212
83.64,2243,224
84.40,2259,229
85.16,2243,232
85.93,1651,221
86.69,1651,221
87.48,2290,215
88.27,2290,225
89.07,2306,226
89.86,2321,226
90.65,2337,226
91.45,2353,225
92.24,2368,225
93.04,2384,223
93.83,2399,226
94.62,1246,222
95.42,1246,229
96.21,2462,222
97.01,1339,222
97.83,1324,228
98.65,1339,221
99.47,2540,226
100.29,2571,225
101.11,2602,226
101.92,2618,231
102.74,2571,223
103.56,2524,222
104.38,2462,221
105.20,2415,223
106.02,2399,223
106.85,2415,224
107.61,2446,226
108.36,2462,226
109.12,2493,226
109.88,2524,226
110.63,2555,227
111.39,2586,225
112.14,2618,223
112.90,2649,224
113.66,2680,224
114.41,2727,225
115.17,2758,218
115.97,2041,212
116.76,2041,212
117.56,2025,214
118.35,2025,214
119.14,2025,211
119.94,2010,216
120.73,1994,216
121.53,1994,215
122.32,1994,215
123.11,1994,215
123.91,1994,215
124.70,1994,216
125.49,1994,217
126.29,1994,217
127.10,1994,215
127.90,1994,216
128.70,1994,217
129.50,1994,216
130.31,1994,218
131.11,1994,216
131.91,1994,215
132.71,1994,218
133.52,1994,216
134.32,1994,216
135.15,2010,215
135.94,2025,215
136.72,2025,216
137.51,2025,218
138.30,2025,215
139.08,2025,216
139.87,2041,214
140.65,2041,214
141.44,2041,212
142.23,2056,214
143.01,2056,212
143.80,2072,212
144.60,2072,212
145.40,2088,212
146.19,2103,212
146.99,2103,210
147.79,2134,200
148.58,2134,210
149.38,2150,211
150.17,2166,211
150.97,2166,210
151.77,2166,211
152.56,2212,210
153.36,2228,184
154.12,2228,187
154.91,2166,100
155.71,2150,84
156.50,2072,80
157.29,2041,90
158.08,1963,87
158.88,95,80
159.67,1885,109
160.46,1823,96
161.25,1791,126
162.05,1823,122
162.84,1714,142
163.67,1698,215
164.48,1714,211
165.30,1745,210
166.11,1760,210
166.92,1776,168
167.73,1807,184
168.55,1823,206
169.36,1838,210
170.17,1885,155
170.98,1916,164
171.80,1916,193
172.61,1932,164
173.41,1963,142
174.20,2010,158
175.00,2025,155
175.79,2056,168
176.58,2088,116
177.38,2150,142
178.17,2212,222
178.97,2243,225
179.76,2275,215
180.55,1885,221
181.35,1869,235
182.14,1885,229
182.93,4363,217
183.74,4426,197
184.54,3802,100
185.35,180,100
186.16,3849,119
186.96,3849,132
187.77,3662,158
188.57,3864,210
189.38,3864,193
190.19,4846,211
190.99,4831,217
191.80,4815,218
192.55,2462,221
193.34,2477,220
194.14,2477,226
194.93,2462,224
195.73,2462,219
196.52,2462,221
197.32,2446,227
198.11,2446,226
198.91,2431,223
199.70,2431,224
200.50,2431,226
201.29,2415,218
202.08,2353,218
202.87,2321,222
203.66,2321,222
204.45,2477,217
205.24,2524,215
206.03,2555,217
206.82,2836,224
207.61,1994,216
208.40,1979,221
209.19,1994,221
209.98,1979,220
210.77,1994,221
211.56,1994,220
212.37,2010,221
213.18,2010,221
213.99,2010,219
214.80,2025,222
215.61,2025,220
216.41,2025,221
217.22,2041,221
218.03,2041,221
218.84,2056,223
219.65,2056,222
220.46,2072,223
221.26,2088,223
222.05,2088,223
222.84,2103,223
223.63,2119,224
224.42,2134,224
225.21,2134,225
226.00,3927,222
226.79,3958,216
227.58,5252,220
228.37,5283,221
229.16,5314,221
229.95,5361,220
230.78,5407,211
231.57,3662,211
232.35,3708,214
233.14,3833,214
233.93,3958,212
234.71,4067,213
235.50,4223,213
236.28,4347,215
237.07,4394,219
237.86,4441,221
238.64,4488,221
239.43,4534,221
240.22,4581,221
241.03,4628,221
241.83,2368,215
242.64,2337,229
243.45,2290,225
244.25,2243,228
245.06,2243,230
245.86,2212,227
246.67,2181,229
247.48,2181,232
248.28,2197,231
249.09,2212,230
249.85,2243,220
250.64,2664,218
251.44,1994,226
252.23,1963,226
253.02,1947,223
253.82,1932,222
254.61,1916,224
255.41,1869,218
256.20,1838,221
256.99,1869,221
257.79,1900,219
258.58,1900,218
259.37,1823,221
260.16,1791,218
260.95,1776,221
261.74,1791,219
262.53,2119,211
263.32,1745,213
264.11,1745,216
264.90,1729,218
265.69,1729,217
266.48,1713,217
267.27,1713,215
268.06,1620,211
268.85,1620,197
269.70,1651,210
270.55,1713,215
271.40,1698,212
272.25,1651,177
273.10,1651,116
273.94,1635,184
274.79,1682,210
275.64,1745,212
276.49,1745,216
277.34,1745,214
278.19,1760,218
278.95,1807,213
279.74,1885,219
280.54,1854,224
281.33,1838,228
282.12,1823,220
282.92,1823,225
283.71,1807,223
284.51,1807,219
285.30,1791,218
286.09,1776,218
286.89,1776,217
287.68,1791,215
288.51,1854,212
289.31,1854,212
290.12,2259,215
290.92,2243,225
291.72,2243,222
292.52,2243,223
293.33,2259,223
294.13,2275,225
294.93,2306,221
295.73,2430,211
296.54,3023,214
297.34,3007,215
298.13,3023,221
298.93,3038,223
299.72,3038,225
300.52,3038,226
301.32,3038,226
302.12,3054,227
302.91,3054,226
303.71,3069,226
304.51,3069,225
305.31,3069,227
306.10,3085,226
306.90,3101,222
307.61,3085,214
308.40,3101,215
309.20,3132,212
309.99,3147,211
310.78,3194,210
311.58,3163,210
312.37,3178,197
313.17,3194,180
313.96,3210,193
314.75,3241,206
315.55,3288,217
316.34,3303,215
317.17,3381,222
317.96,3397,218
318.75,3459,222
319.54,3397,214
320.33,3584,211
321.12,3553,219
321.92,3537,224
322.71,3506,222
323.50,3397,227
324.29,3319,227
325.08,3225,227
325.87,1776,220
326.66,1776,232
327.45,1776,232
328.25,1791,233
329.04,1791,234
329.83,1807,232
330.63,1823,232
331.42,1823,231
332.22,1838,230
333.01,1838,228
333.80,1854,228
334.60,1869,230
335.39,1885,229
336.19,1900,231
337.01,1916,229
337.82,1932,229
338.64,1932,230
339.45,1963,228
340.27,1963,229
341.08,1994,230
341.90,2010,228
342.71,2025,228
343.53,2041,230
344.34,2056,230
345.16,2072,229
345.91,2103,230
346.64,2119,230
347.38,2150,229
348.11,2150,232
348.84,2119,226
349.58,1947,221
350.31,1932,231
351.05,1932,233
351.78,1932,231
352.51,1963,224
353.25,1807,229
353.98,1791,232
354.81,1791,230
355.60,1776,231
356.39,1776,232
357.18,1791,230
357.97,1807,230
358.76,1838,223
359.56,2041,234
0.35,2041,232
1.14,2056,233
1.93,2072,232
2.72,1963,225
3.51,1947,226
4.31,1947,232
5.09,1947,228
5.87,2150,221
6.65,1854,203
7.43,1838,210
8.21,1823,200
8.98,1791,158
9.76,1776,210
10.54,1745,210
11.32,1713,184
12.10,1729,161
12.88,1713,184
13.64,1682,210
14.43,1667,210
15.23,1651,206
16.02,1620,210
16.82,1604,211
17.61,1604,210
18.41,1604,211
19.20,1589,211
20.00,1573,211
20.79,1558,211
21.59,1542,214
22.38,1542,216
22.97,1589,222
23.76,1620,218
24.55,1667,217
25.34,1713,217
26.13,1433,214
26.92,1417,223
27.72,1402,230
28.51,1402,230
29.30,1402,226
30.09,1417,224
30.88,1776,233
31.67,1760,231
32.47,1791,217
33.27,2072,233
34.07,2056,233
34.87,2041,231
35.67,2025,229
36.47,2025,231
37.26,2010,231
38.06,1994,232
38.86,1978,231
39.66,1978,219
40.46,1106,230
41.26,1121,225
42.02,1183,230
42.81,1199,221
43.61,1916,219
44.40,1916,226
45.19,1916,218
45.99,1900,224
46.78,1916,230
47.58,1526,224
48.37,1526,222
49.16,1916,229
49.96,1854,226
50.75,1854,223
51.58,2181,233
52.34,2197,231
53.09,2212,219
53.85,2243,215
54.61,1900,211
55.36,2243,214
56.12,2243,215
56.87,2212,216
57.63,2243,214
58.39,2212,216
59.14,2181,217
59.90,2165,217
60.70,2212,219
61.51,2165,219
62.31,1480,217
63.12,1012,220
63.92,1012,229
64.73,1028,219
65.53,2134,231
66.34,2150,233
67.14,2134,228
67.95,2134,227
68.75,2134,227
69.56,2150,221
70.32,2165,213
71.12,2181,212
71.91,1526,217
72.71,1542,219
73.51,2181,211
74.31,1074,226
75.10,1074,227
75.90,2181,210
76.70,2181,211
77.50,2212,210
78.29,2212,211
79.09,2212,212
79.89,3163,211
80.64,2212,203
81.38,2228,212
82.13,2243,211
82.88,2275,216
83.62,2259,225
84.37,2259,225
85.11,2243,230
85.86,1635,224
86.61,1651,217
87.35,2275,223
88.10,2306,226
88.89,2306,225
89.72,2321,226
90.55,2337,224
91.39,2352,225
92.22,2368,226
93.05,2399,226
93.88,2415,223
94.71,1246,226
95.54,1246,224
96.38,2462,221
97.21,1339,223
98.04,1324,229
98.84,1339,215
99.63,2555,224
100.43,2571,223
101.22,2602,226
102.02,2602,231
102.81,2555,222
103.61,2493,223
104.40,2446,222
105.20,2415,222
105.99,2399,225
106.79,2415,224
107.58,2446,224
108.37,2477,224
109.16,2493,227
109.95,2539,226
110.74,2571,225
111.53,2602,225
112.32,2633,226
113.10,2649,224
113.89,2711,223
114.68,2742,223
115.47,2773,213
116.26,2041,213
117.05,2025,214
117.88,2010,214
118.67,2025,213
119.46,1994,215
120.25,2010,216
121.04,1994,216
121.83,1994,215
122.63,1994,215
123.42,1994,216
124.21,1978,215
125.00,1994,216
125.79,1994,216
126.58,1994,216
127.61,1994,217
128.41,1978,216
129.20,1978,216
130.00,1994,215
130.80,1994,217
131.60,1978,216
132.39,1994,216
133.19,1994,216
133.99,1994,217
134.79,2010,215
135.58,2010,217
136.38,2010,214
137.14,2010,217
137.95,2025,216
138.75,2025,217
139.56,2025,214
140.37,2041,214
141.17,2041,215
141.98,2056,214
142.78,2056,213
143.59,2072,212
144.40,2072,213
145.20,2087,211
146.01,2087,212
146.84,2103,211
147.63,2119,210
148.42,2134,210
149.21,2134,211
150.00,2150,211
150.79,2165,210
151.59,2181,211
152.38,2197,211
153.17,2212,211
153.96,2275,164
154.75,2306,142
155.54,2181,135
156.33,2087,87
157.12,2010,80
157.92,2072,77
158.71,1963,122
159.50,1916,113
160.29,1885,116
161.09,65,90
161.88,1791,135
162.67,1745,155
163.46,1698,216
164.26,1713,211
165.05,1729,212
165.81,1745,203
166.63,1760,200
167.44,1791,210
168.26,1807,161
169.07,1823,164
169.89,1854,155
170.70,1869,177
171.52,1900,161
172.33,1932,138
173.15,1963,180
173.96,1978,145
174.78,2025,184
175.61,2041,155
176.40,2072,155
177.18,2103,132
177.97,2212,216
178.76,2228,225
179.55,2275,225
180.33,1885,212
181.12,1869,232
181.91,1869,230
182.70,4363,216
183.48,4410,211
184.27,50,113
185.10,57,129
185.91,3833,109
186.71,3849,142
187.52,3802,145
188.33,3880,168
189.13,3849,200
189.94,3849,164
190.74,4831,214
191.55,4815,220
192.36,2462,218
193.16,2462,219
193.97,2477,222
194.76,2462,226
195.56,2462,222
196.37,2462,221
197.17,2446,224
197.97,2446,227
198.77,2446,224
199.58,2430,224
200.38,2430,225
201.18,2430,222
201.98,2352,217
202.79,2321,219
203.59,2306,224
204.42,2321,217
205.21,2352,216
206.00,2539,221
206.79,2836,222
207.58,1994,213
208.37,1994,221
209.17,1994,221
209.96,1994,220
210.75,1994,220
211.54,1994,220
212.33,1994,220
213.12,2010,220
213.91,2010,221
214.67,2025,221
215.43,2025,220
216.19,2025,221
216.95,2041,222
217.71,2041,223
218.47,2056,220
219.23,2056,224
219.99,2072,223
220.75,2072,223
221.51,2087,224
222.27,2087,225
223.06,2103,225
223.86,2119,223
224.66,2134,226
225.45,3927,216
226.25,3958,216
227.05,5236,215
227.85,5267,219
228.65,5314,220
229.45,5345,220
230.24,5376,218
231.04,5064,164
231.84,3662,215
232.76,3755,214
233.55,3880,214
234.34,4005,212
235.13,4160,212
235.92,4316,213
236.71,4363,216
237.51,4425,219
238.30,4457,220
239.09,4503,221
239.88,4550,219
240.67,4597,221
241.46,4659,221
242.29,2352,226
243.08,2306,227
243.86,2259,226
244.65,2243,230
245.43,2228,235
246.22,2181,227
247.00,2181,230
247.79,2197,230
248.57,2212,232
249.36,2228,231
250.14,2649,225
250.93,1994,223
251.73,1978,225
252.53,1963,225
253.32,1947,223
254.12,1916,223
254.92,1885,223
255.72,1854,220
256.51,1854,221
257.31,1885,219
258.11,1900,220
258.91,1885,220
259.70,1823,222
260.50,1791,217
261.26,1776,220
262.05,1791,217
262.84,2384,212
263.63,1745,215
264.42,1729,217
265.21,1713,217
265.99,1713,217
266.78,1713,217
267.57,1713,214
268.36,1620,210
269.15,1620,210
269.94,1667,211
270.77,1698,213
271.57,1667,210
272.38,1651,142
273.18,1651,158
273.98,1651,210
274.78,1760,211
275.59,1760,213
276.39,1745,215
277.19,1776,213
277.99,1760,217
278.80,1885,214
279.60,1869,222
280.39,1854,224
281.19,1838,226
281.98,1823,222
282.78,1823,223
283.58,1807,222
284.38,1791,219
285.17,1776,219
285.97,1776,218
286.77,1776,214
287.57,1823,213
288.36,1854,212
289.16,1885,212
289.92,2243,220
290.72,2243,225
291.53,2228,219
292.33,2243,226
293.13,2259,225
293.93,2290,223
294.74,2321,213
295.54,2430,210
296.34,3023,214
297.14,3007,217
297.95,3023,222
298.75,3038,222
299.58,3038,225
300.39,3038,225
301.20,3038,225
302.02,3054,225
302.83,3054,227
303.64,3069,227
304.45,3069,228
305.26,3069,228
306.07,3101,225
306.89,3101,219
307.70,3085,215
308.51,3101,214
309.31,3132,212
310.11,3178,210
310.90,3163,210
311.70,3210,193
312.50,3194,210
313.30,3241,193
314.09,3210,212
314.89,3225,193
315.69,3272,218
316.49,3381,217
317.28,3381,222
318.08,3412,217
318.84,3459,219
319.64,3412,215
320.43,3599,215
321.23,3537,222
322.03,3537,225
322.83,3459,223
323.62,3397,225
324.42,3303,225
325.22,3210,227
326.02,1760,228
326.81,1776,232
327.61,1776,234
328.41,1791,231
329.20,1791,231
329.99,1807,232
330.78,1823,231
331.57,1823,233
332.36,1838,229
333.16,1854,229
333.95,1869,231
334.74,1869,228
335.53,1885,230
336.32,1900,228
337.11,1916,227
337.97,1932,227
338.76,1932,228
339.56,1963,230
340.35,1978,228
341.14,1994,229
341.94,2010,230
342.73,2025,229
343.53,2041,230
344.32,2056,231
345.11,2087,229
345.91,2103,231
346.70,2119,230
347.49,2150,229
348.27,2134,232
349.04,2119,227
349.82,1947,225
350.60,1932,233
351.38,1932,233
352.15,1947,232
352.93,1838,220
353.71,1807,229
354.49,1791,231
355.26,1791,231
356.04,1776,232
356.83,1791,231
357.62,1791,229
358.41,1807,229
359.20,1854,217
359.99,2041,233
0.78,2041,231
1.57,2056,230
2.36,2056,229
3.15,1947,226
3.94,1947,229
4.73,1947,230
5.52,1947,229
6.31,2150,220
7.09,1854,210
7.86,1838,151
8.64,1791,168
9.42,1776,180
10.20,1760,210
10.97,1745,177
11.75,1729,210
12.53,1713,174
13.31,1745,187
14.08,1667,210
14.86,1651,210
15.65,1635,210
16.42,1635,211
17.18,1635,210
17.95,1604,211
18.72,1604,211
19.49,1573,212
20.25,1573,211
21.02,1558,212
21.79,1526,217
22.56,1558,210
23.32,1573,226
24.09,1620,218
24.85,1682,217
25.64,1745,211
26.44,1433,222
27.23,1386,226
28.02,1402,225
28.81,1402,228
29.61,1417,227
30.40,1745,217
31.19,1760,234
31.98,1776,231
32.78,2087,232
33.57,2072,231
34.40,2056,233
35.21,2041,230
36.03,2025,231
36.84,2010,231
37.65,1994,229
38.46,1994,233
39.28,1978,228
40.09,1106,231
40.90,1106,231
41.71,1183,229
42.53,1183,227
43.34,1215,215
44.14,1916,223
44.94,1916,225
45.73,1900,218
46.53,1900,227
47.33,1916,222
48.12,1526,230
48.92,1916,225
49.71,1916,228
50.51,1854,228
51.31,2165,221
52.10,2197,237
52.90,2181,225
53.66,2228,214
54.45,2259,215
55.25,1916,212
56.04,2228,216
56.83,2228,214
57.62,2197,214
58.42,2212,214
59.21,2197,215
60.00,2181,218
60.79,2181,218
61.59,2165,217
62.38,2181,219
63.17,1480,222
63.95,1012,229
64.72,1012,227
65.50,2134,232
66.28,2150,234
67.06,2150,225
67.83,2134,229
68.61,2134,227
69.39,2134,223
70.17,2165,214
70.94,2165,213
71.72,2165,210
72.51,1526,226
73.31,2181,210
74.10,1074,215
74.90,1074,226
75.70,1090,211
76.49,2181,212
77.29,2197,211
78.08,2212,211
78.88,2212,211
79.68,2212,211
80.47,2212,211
81.27,2243,211
82.03,2243,212
82.79,2243,213
83.55,2243,224
84.31,2259,227
85.07,2243,232
85.83,1651,217
86.60,1651,224
87.36,1963,216
88.12,2275,225
88.88,2306,226
89.64,2321,225
90.40,2337,224
91.23,2352,227
92.02,2368,225
92.80,2384,224
93.59,2399,223
94.38,1246,221
95.16,1230,227
95.95,2462,217
96.73,1355,225
97.52,1324,226
98.31,1324,222
99.09,2539,223
99.88,2571,223
100.68,2586,223
101.47,2633,231
102.27,2571,223
103.06,2524,221
103.85,2477,221
104.64,2430,223
105.44,2399,225
106.23,2415,225
107.02,2430,224
107.81,2462,225
108.61,2493,225
109.40,2524,225
110.19,2555,227
111.01,2586,224
111.84,2617,224
112.66,2649,225
113.48,2695,223
114.30,2726,225
115.13,2773,219
115.95,2041,211
116.77,2025,213
117.59,2025,214
118.42,2010,215
119.24,2025,213
120.04,2010,216
120.85,2010,215
121.67,2010,215
122.48,1994,217
123.29,1994,215
124.10,1994,215
124.92,1963,216
125.73,1994,217
126.54,1978,218
127.35,1994,217
128.17,1994,217
128.98,1994,216
129.77,1978,216
130.56,1994,216
131.36,1994,216
132.15,1994,216
132.94,1994,217
133.74,1994,216
134.53,2010,215
135.33,2010,215
136.12,2010,215
136.91,2010,216
137.71,2025,218
138.50,2025,215
139.29,2025,214
140.07,2041,215
140.85,2041,215
141.63,2056,214
142.41,2056,213
143.19,2056,213
143.97,2056,212
144.75,2072,212
145.53,2087,211
146.31,2103,211
147.09,2103,211
147.87,2103,200
148.63,2134,211
149.44,2150,210
150.24,2165,211
151.05,2181,210
151.86,2181,211
152.66,2197,197
153.47,2243,210
154.27,2243,206
155.08,2165,132
155.89,2181,84
156.69,2103,84
157.50,1994,80
158.33,1963,100
159.12,1916,119
159.91,1900,96
160.70,1838,119
161.49,1791,126
162.28,1776,103
163.07,1698,193
163.86,1698,216
164.65,1729,211
165.44,1729,210
166.23,1745,210
167.02,1776,210
167.81,1807,184
168.60,1823,193
169.40,1854,203
170.19,1869,158
170.98,1885,171
171.78,1916,142
172.57,1947,122
173.37,1963,158
174.16,1994,168
174.95,2041,155
175.75,2072,142
176.54,2134,132
177.30,2119,180
178.09,2212,222
178.89,2243,224
179.68,2290,217
180.47,1885,222
181.26,1869,233
182.06,1885,226
182.85,4363,218
183.64,4472,187
184.43,3818,100
185.23,50,93
186.02,3833,122
186.85,3849,138
187.66,3630,171
188.48,3864,210
189.29,3849,210
190.10,4846,211
190.91,4831,217
191.73,4815,221
192.54,2462,220
193.35,2477,222
194.16,2477,222
194.98,2462,227
195.79,2462,220
196.59,2462,221
197.37,2446,225
198.15,2446,226
198.93,2446,224
199.71,2430,224
200.49,2430,225
201.27,2430,221
202.05,2352,218
202.83,2306,219
203.61,2321,221
204.39,2321,216
205.17,2539,217
205.93,2555,220
206.73,2836,224
207.52,1994,217
208.32,1978,222
209.12,1994,219
209.91,1994,220
210.71,1994,221
211.50,1994,219
212.30,2010,220
213.10,2010,220
213.89,2010,221
214.69,2025,221
215.45,2025,220
216.24,2025,219
217.03,2041,223
217.82,2056,222
218.61,2056,223
219.40,2056,222
220.19,2072,225
220.98,2087,222
221.77,2087,223
222.56,2087,223
223.35,2103,224
224.14,2119,225
224.93,2134,225
225.76,3942,218
226.60,3942,217
227.43,5251,216
228.26,5267,219
229.09,5314,223
229.93,5361,221
230.76,5392,216
231.59,5064,171
232.42,3693,214
233.26,3786,213
234.09,3911,213
234.88,4036,212
235.68,4160,212
236.47,4316,215
237.27,4379,217
238.07,4425,220
238.86,4472,221
239.66,4519,220
240.45,4550,220
241.25,4612,221
242.05,4659,220
242.84,2337,227
243.64,2306,226
244.44,2259,226
245.17,2243,230
245.90,2228,235
246.63,2181,226
247.36,2181,230
248.09,2197,230
248.83,2212,233
249.56,2228,229
250.29,2649,225
251.02,1994,226
251.75,1963,226
252.48,1963,223
253.27,1932,222
254.06,1900,225
254.86,1885,222
255.65,1854,220
256.44,1854,222
257.24,1885,222
258.03,1916,217
258.83,1838,219
259.62,1823,222
260.41,1776,218
261.21,1760,220
262.00,1807,214
262.97,1745,211
263.77,1776,216
264.56,1713,220
265.36,1713,217
266.16,1713,216
266.95,1713,216
267.75,1713,212
268.54,1620,206
269.34,1635,210
270.14,1682,213
270.93,1729,214
271.73,1667,211
272.53,1651,135
273.34,1651,158
274.15,1667,211
274.96,1760,210
275.77,1745,215
276.58,1745,215
277.38,1760,214
278.19,1776,214
279.00,1885,216
279.81,1869,222
280.62,1854,226
281.43,1838,223
282.26,1823,222
283.05,1823,222
283.84,1807,221
284.63,1791,219
285.42,1776,216
286.21,1776,217
287.00,1791,212
287.79,1823,213
288.58,1854,213
289.37,1885,211
290.16,2243,223
290.95,2243,226
291.74,2243,218
292.57,2243,224
293.41,2259,224
294.24,2290,224
295.07,2399,212
295.90,3023,213
296.74,3023,214
297.57,3007,219
298.40,3023,224
299.23,3038,226
300.07,3038,224
300.90,3038,226
301.70,3054,226
302.48,3054,228
303.25,3070,228
304.03,3070,225
304.81,3070,227
305.58,3085,228
306.36,3101,225
307.13,3085,217
307.91,3101,216
308.69,3117,213
309.46,3132,211
310.24,3163,211
311.07,3179,210
311.86,3179,210
312.65,3210,193
313.44,3195,197
314.23,3210,203
315.02,3226,210
315.81,3288,222
316.60,3382,219
317.39,3382,216
318.18,3428,220
318.97,3460,212
319.76,3413,197
320.55,3584,217
321.35,3537,227
322.14,3553,226
322.94,3428,226
323.74,3350,225
324.53,3272,225
325.33,3210,223
326.12,1776,232
326.92,1776,228
327.72,1792,234
328.51,1792,233
329.31,1807,230
330.07,1807,233
330.94,1823,231
331.81,1823,231
332.68,1839,231
333.55,1854,231
334.42,1870,230
335.29,1885,230
336.16,1885,228
337.03,1901,229
337.90,1916,229
338.77,1932,229
339.64,1932,229
340.47,1963,229
341.26,1979,230
342.05,1994,230
342.84,2010,227
343.63,2026,228
344.42,2057,231
345.22,2072,230
346.01,2088,230
346.80,2104,229
347.59,2135,230
348.38,2150,229
349.17,2135,227
349.97,2072,222
350.68,1932,229
351.39,1932,232
352.10,1932,232
352.81,1948,230
353.52,1823,229
354.23,1792,229
354.94,1792,231
355.65,1776,230
356.36,1776,231
357.07,1792,231
357.78,1792,229
358.54,1823,228
359.34,2026,225
0.14,2041,233
0.93,2057,231
1.73,2057,230
2.53,2057,223
3.33,1948,226
4.13,1948,231
4.93,1948,231
5.72,1948,220
6.52,2166,215
7.32,1854,168
7.97,1807,151
8.76,1792,177
9.55,1776,187
10.35,1761,210
11.14,1745,210
11.93,1729,210
12.72,1714,210
13.51,1683,210
14.30,1667,210
15.10,1652,200
15.89,1652,211
16.68,1620,211
17.48,1605,210
18.26,1605,211
19.04,1605,210
19.83,1574,211
20.61,1558,212
21.39,1542,212
22.17,1527,217
22.95,1558,213
23.73,1589,225
24.52,1667,216
25.30,1714,216
26.08,1449,210
26.88,1418,222
27.68,1387,231
28.47,1402,226
29.27,1402,230
30.07,1418,228
30.87,1761,222
31.66,1761,233
32.46,1776,224
33.26,2072,231
34.06,2057,232
34.85,2041,232
35.65,2041,228
36.45,2026,233
37.24,2010,230
38.02,1994,230
38.81,1979,231
39.59,1979,225
40.38,1106,230
41.16,1122,225
41.95,1184,233
42.73,1184,226
43.52,1231,213
44.30,1916,225
45.09,1901,225
45.89,1901,221
46.65,1916,229
47.41,1527,217
48.18,1527,227
48.94,1916,226
49.70,1854,227
50.46,1854,229
51.22,2197,228
51.98,2181,233
52.75,2197,224
53.51,2228,213
54.27,2244,214
55.07,2275,212
55.86,2244,216
56.66,2213,215
57.45,2197,215
58.25,2213,215
59.04,2166,216
59.84,2197,217
60.63,2166,216
61.43,2181,217
62.22,2166,214
63.02,1480,220
63.81,1013,232
64.61,1013,226
65.43,2135,231
66.25,2150,233
67.06,2135,229
67.88,2135,226
68.70,2135,227
69.52,2150,221
70.34,2166,215
71.16,2181,212
71.97,1527,213
72.79,1527,223
73.61,2181,211
74.44,1075,218
75.21,1075,229
75.98,2213,210
76.75,2197,212
77.52,2181,211
78.29,2197,211
79.05,3148,210
79.82,2228,206
80.59,2228,211
81.36,2228,211
82.13,2244,211
82.90,2275,214
83.70,2244,224
84.50,2259,227
85.30,2244,231
86.09,1652,219
86.89,1652,221
87.69,2275,216
88.49,2291,227
89.29,2306,226
90.09,2322,225
90.88,2337,226
91.68,2353,224
92.48,2368,225
93.23,2384,225
93.99,2415,225
94.76,1246,221
95.52,1246,227
96.28,2462,221
97.04,1340,223
97.81,1324,225
98.57,1340,221
99.33,2556,224
100.09,2571,227
100.86,2602,224
101.62,2618,231
102.45,2556,221
103.24,2509,223
104.03,2462,222
104.83,2415,223
105.62,2400,226
106.41,2415,224
107.20,2446,226
107.99,2462,226
108.78,2509,226
109.58,2540,227
110.37,2571,224
111.16,2587,223
111.96,2633,222
112.79,2665,227
113.63,2696,225
114.46,2727,224
115.30,2774,216
116.13,2041,211
116.97,2026,212
117.80,2026,213
118.64,2026,214
119.47,2026,214
120.31,2010,216
121.14,1994,216
121.90,1994,216
122.68,1994,215
123.46,1994,215
124.24,1979,215
125.02,1994,216
125.80,1994,216
126.57,1994,218
127.35,1994,218
128.13,1994,215
128.91,1994,217
129.69,1994,217
130.47,1979,215
131.26,1994,217
132.05,1994,216
132.84,1994,217
133.64,1994,218
134.43,2010,215
135.22,2010,215
136.01,2010,215
136.80,2010,216
137.59,2010,218
138.39,2026,214
139.18,2041,215
139.97,2041,216
140.76,2041,214
141.58,2057,215
142.39,2057,213
143.21,2072,212
144.02,2088,211
144.84,2072,211
145.65,2104,212
146.47,2104,211
147.28,2119,211
148.10,2150,177
148.91,2135,211
149.73,2150,210
150.52,2166,212
151.34,2166,211
152.16,2181,210
152.99,2213,190
153.81,2259,193
154.63,2197,126
155.45,2150,109
156.27,2135,87
157.09,2119,87
157.92,2010,93
158.74,1963,90
159.56,1916,80
160.32,110,122
161.11,1807,74
161.91,1776,122
162.70,1745,103
163.50,1698,215
164.29,1714,212
165.09,1745,212
165.88,1745,200
166.68,1776,190
167.47,1792,193
168.27,1823,164
169.06,1823,171
169.86,1839,161
170.69,1916,200
171.52,1916,151
172.34,1932,155
173.17,1994,135
174.00,1979,109
174.83,2010,129
175.66,2057,193
176.49,2104,135
177.31,2104,103
178.14,2213,214
178.97,2228,226
179.77,2275,222
180.59,1885,211
181.41,1870,228
182.23,1870,231
183.05,4348,214
183.87,4426,213
184.70,95,100
185.52,3833,93
186.34,3833,106
187.16,3849,145
187.98,3833,193
188.80,3865,142
189.56,3865,210
190.36,3833,145
191.15,4831,215
191.95,4815,219
192.74,2462,219
193.54,2477,219
194.33,2462,224
195.13,2462,225
195.92,2462,221
196.72,2462,220
197.51,2462,225
198.31,2446,227
199.14,2431,223
199.88,2431,224
200.63,2431,225
201.37,2415,223
202.11,2337,217
202.85,2322,217
203.60,2306,223
204.34,2322,216
205.08,2353,218
205.82,2540,220
206.57,2820,220
207.31,1994,213
208.10,1979,220
208.90,1979,222
209.70,1994,222
210.49,1994,219
211.29,1994,221
212.09,1994,220
212.89,1994,221
213.69,2010,221
214.49,2025,221
215.28,2025,222
216.08,2025,221
216.88,2041,221
217.58,2041,222
218.37,2057,223
219.17,2057,222
219.96,2072,223
220.76,2072,223
221.55,2088,224
222.35,2103,224
223.14,2103,224
223.94,2119,225
224.73,2135,227
225.53,2150,218
226.32,3943,220
227.15,3974,211
227.95,5267,223
228.75,5298,221
229.56,5330,218
230.36,5376,220
231.16,5049,210
231.96,3662,213
232.76,3740,214
233.56,3849,213
234.37,3958,212
235.17,4114,211
235.97,4223,212
236.77,4363,215
237.56,4410,220
238.36,4441,220
239.15,4488,220
239.95,4535,221
240.74,4582,220
241.54,4644,220
242.33,2353,218
243.13,2322,228
243.92,2275,227
244.72,2244,228
245.51,2259,233
246.31,2212,228
247.07,2181,229
247.83,2181,231
248.60,2197,233
249.36,2212,231
250.12,2244,218
250.88,2680,218
251.64,1979,226
252.40,1963,225
253.17,1948,222
253.93,1916,221
254.69,1916,227
255.49,1870,218
256.28,1838,221
257.07,1870,219
257.86,1885,220
258.65,1901,218
259.44,1823,221
260.22,1807,220
261.01,1776,221
261.80,1792,219
262.59,2150,212
263.38,1745,212
264.17,1807,216
264.96,1729,218
265.75,1729,216
266.55,1714,218
267.34,1714,215
268.14,1636,210
268.93,1605,210
269.73,1636,211
270.52,1714,214
271.32,1683,211
272.11,1636,174
272.91,1651,155
273.70,1651,132
274.50,1698,211
275.30,1760,213
276.10,1745,214
276.91,1745,213
277.71,1776,216
278.51,1792,213
279.31,1885,217
280.11,1870,224
280.91,1854,226
281.72,1838,221
282.52,1823,224
283.32,1807,221
284.15,1807,219
284.95,1776,219
285.75,1776,218
286.55,1776,216
287.35,1792,214
288.15,1823,212
288.94,1854,211
289.74,2259,211
290.54,2244,224
291.34,2244,221
292.14,2244,222
292.94,2259,225
293.77,2275,224
294.56,2306,223
295.35,2415,213
296.15,3007,214
296.94,3023,215
297.73,3023,223
298.52,3023,226
299.31,3023,226
300.10,3039,227
300.90,3039,227
301.69,3054,225
302.48,3054,226
303.27,3070,227
304.08,3070,225
304.88,3070,228
305.69,3085,226
306.49,3101,223
307.30,3085,216
308.10,3101,217
308.91,3116,212
309.71,3132,210
310.52,3148,210
311.32,3163,210
312.13,3163,210
312.89,3210,211
313.68,3210,210
314.48,3210,210
315.27,3257,213
316.07,3288,219
316.86,3381,220
317.66,3381,217
318.45,3459,222
319.25,3413,214
320.04,3444,138
320.84,3600,221
321.63,3537,227
322.46,3506,223
323.25,3428,225
324.04,3319,224
324.84,3241,226
325.63,3194,221
326.42,1776,232
327.21,1776,231
328.00,1792,235
328.79,1792,231
329.59,1807,231
330.38,1807,231
331.17,1823,230
331.96,1838,230
332.80,1838,228
333.64,1854,229
334.48,1870,230
335.32,1885,230
336.16,1885,228
337.01,1916,229
337.85,1916,230
338.69,1932,228
339.53,1948,228
340.37,1963,229
341.21,1979,228
341.97,2010,230
342.76,2010,228
343.56,2025,230
344.35,2041,228
345.14,2072,231
345.93,2088,230
346.73,2119,231
347.52,2135,229
348.31,2150,233
349.10,2135,228
349.90,2057,217
350.69,1932,229
351.52,1932,231
352.25,1932,232
352.99,1963,229
353.72,1807,226
354.46,1792,231
355.19,1792,231
355.93,1776,230
356.66,1776,230
357.40,1792,231
358.13,1807,231
358.87,1823,230
359.60,2041,231
0.39,2041,232
1.15,2057,230
1.92,2057,232
2.68,1963,221
3.45,1948,225
4.21,1948,229
4.98,1948,229
5.74,2150,218
6.51,2166,212
7.27,1838,168
8.04,1823,161
8.80,1792,193
9.56,1776,190
10.36,1760,193
11.15,1745,211
11.95,1698,197
12.74,1714,193
13.54,1714,210
14.33,1667,197
15.13,1651,211
15.92,1636,211
16.72,1620,211
17.51,1589,211
18.31,1589,211
19.10,1558,212
19.89,1573,212
20.68,1573,212
21.47,1542,211
22.26,1542,215
23.05,1573,219
23.85,1604,218
24.64,1667,216
25.43,1714,217
26.22,1433,215
27.01,1402,221
27.80,1402,230
28.59,1402,229
29.38,1402,226
30.18,1417,224
30.97,1760,232
31.76,1760,232
32.55,2072,218
33.35,2072,233
34.14,2056,231
34.93,2041,231
35.72,2025,230
36.52,2025,231
37.31,2010,231
37.97,1994,232
38.77,1979,234
39.56,1106,221
40.36,1090,230
41.16,1121,226
41.95,1168,229
42.75,1199,220
43.54,1916,221
44.34,1916,226
45.14,1916,218
45.93,1901,225
46.73,1916,230
47.52,1527,229
48.33,1527,217
49.14,1916,228
49.95,1854,227
50.76,1854,219
51.57,2197,235
52.38,2197,230
53.19,2212,217
54.00,2275,215
54.81,1916,213
55.62,2243,215
56.43,2212,214
57.22,2212,214
58.01,2259,213
58.81,2212,214
59.60,2166,216
60.39,2181,217
61.18,2197,217
61.98,2166,219
62.77,1464,225
63.56,1012,227
64.35,1012,229
65.15,2150,226
65.94,2150,233
66.73,2150,230
67.49,2134,227
68.26,2134,228
69.02,2134,227
69.79,2166,216
70.55,2166,214
71.32,2166,211
72.08,1542,226
72.85,1542,212
73.61,1075,210
74.38,1075,227
75.14,1075,217
75.93,2212,211
76.73,2197,210
77.54,3132,210
78.34,3116,211
79.14,3147,212
79.95,3147,210
80.75,2243,148
81.56,2243,177
82.36,2259,193
83.16,2259,222
83.97,2243,225
84.77,2259,231
85.60,2243,219
86.39,1651,229
87.18,1963,220
87.97,2290,226
88.76,2306,227
89.55,2321,225
90.33,2321,227
91.12,2353,225
91.91,2368,225
92.70,2384,225
93.49,2399,225
94.28,2415,217
95.08,1230,227
95.86,1246,218
96.64,1355,219
97.42,1324,223
98.20,1324,227
98.98,2540,220
99.76,2571,223
100.54,2586,224
101.32,2618,228
102.10,2602,228
102.88,2540,223
103.66,2493,220
104.42,2431,222
105.22,2399,224
106.03,2399,224
106.83,2431,225
107.63,2462,226
108.44,2493,226
109.24,2508,227
110.05,2540,224
110.85,2571,225
111.65,2602,226
112.46,2633,224
113.26,2680,225
114.09,2711,224
114.88,2758,222
115.67,2041,210
116.46,2025,212
117.25,2041,213
118.04,2010,215
118.82,2025,212
119.61,2010,215
120.40,2010,216
121.19,2010,216
121.98,1994,216
122.77,1994,215
123.56,1994,214
124.35,1994,215
125.15,1994,215
125.94,1994,215
126.74,1994,216
127.53,1979,217
128.33,1994,217
129.12,1979,217
129.92,1994,218
130.71,1994,215
131.51,1994,216
132.30,1994,217
133.05,1994,216
133.85,1994,216
134.64,2010,214
135.44,2010,216
136.24,2025,217
137.03,2010,217
137.83,2025,215
138.62,2025,216
139.42,2025,215
140.22,2041,213
141.01,2041,214
141.81,2056,213
142.76,2056,213
143.55,2072,213
144.34,2072,213
145.13,2103,211
145.92,2103,211
146.71,2103,210
147.49,2134,203
148.28,2134,206
149.07,2150,212
149.86,2166,211
150.65,2166,211
151.44,2197,211
152.23,2197,211
153.05,2212,210
153.86,2243,184
154.68,2228,119
155.50,2181,100
156.31,80,71
157.13,2072,96
157.94,1979,87
158.76,1901,90
159.58,1932,116
160.39,1854,96
161.21,1854,109
162.01,1776,161
162.81,1714,135
163.60,1698,215
164.40,1714,212
165.19,1714,211
165.99,1760,184
166.78,1791,203
167.58,1791,197
168.37,1807,197
169.17,1823,210
169.96,1869,161
170.76,1885,171
171.55,1916,164
172.36,1932,138
173.18,1963,193
173.99,1994,119
174.80,2025,155
175.62,2056,161
176.43,2088,135
177.25,2150,119
178.06,2212,219
178.87,2228,225
179.69,2290,221
180.50,1885,216
181.29,1854,232
182.12,1869,229
182.96,4363,218
183.79,4441,211
184.62,50,93
185.46,3818,113
186.29,3864,138
187.13,50,132
187.96,3818,145
188.79,3864,180
189.63,3864,210
190.46,4846,210
191.25,4831,216
192.05,4815,219
192.84,2462,221
193.64,2477,220
194.44,2477,224
195.23,2462,224
196.03,2462,222
196.82,2446,221
197.62,2446,225
198.42,2446,227
199.21,2430,223
200.01,2430,222
200.80,2430,225
201.55,2415,220
202.29,2337,219
203.04,2306,220
203.79,2306,222
204.54,2337,216
205.28,2352,217
206.03,2555,222
206.78,2836,226
207.53,1994,216
208.27,1994,221
209.02,1994,221
209.82,1994,222
210.60,1994,221
211.37,1994,221
212.15,2010,220
212.93,2010,222
213.71,2010,220
214.48,2025,222
215.26,2025,221
216.04,2041,222
216.82,2041,220
217.59,2041,220
218.37,2056,221
219.16,2056,221
219.96,2072,223
220.75,2072,223
221.55,2087,223
222.35,2103,223
223.14,2103,223
223.94,2119,225
224.73,2134,227
225.53,3927,215
226.33,3942,218
227.12,5236,213
227.92,5267,221
228.67,5298,221
229.50,5345,220
230.33,5392,216
231.16,5064,210
231.99,3677,215
232.82,3755,216
233.65,3864,213
234.48,4005,212
235.31,4129,211
236.14,4301,212
236.97,4379,216
237.80,4410,219
238.63,4457,222
239.42,4503,221
240.21,4550,220
241.00,4597,221
241.79,4644,220
242.58,2352,223
243.36,2306,230
244.15,2275,225
244.94,2243,228
245.73,2228,236
246.52,2181,227
247.31,2165,228
247.65,2181,228
248.45,2212,233
249.24,2228,230
250.04,2633,223
250.83,1994,220
251.63,1978,225
252.42,1963,222
253.22,1947,224
254.01,1916,223
254.81,1885,224
255.60,1869,219
256.40,1838,219
257.16,1869,221
257.96,1900,220
258.77,1885,218
259.57,1823,220
260.37,1776,221
261.18,1776,220
261.98,1776,218
262.79,2384,212
263.59,1745,213
264.39,1776,217
265.20,1713,217
266.00,1729,216
266.79,1713,218
267.58,1729,214
268.38,1620,210
269.17,1604,210
269.96,1651,210
270.75,1713,214
271.55,1682,211
272.34,1651,142
273.13,1651,119
273.92,1667,174
274.72,1760,211
275.51,1745,212
276.30,1745,217
277.09,1745,215
277.88,1760,219
278.67,1807,213
279.46,1885,219
280.25,1854,224
281.05,1838,229
281.84,1823,221
282.63,1823,223
283.42,1807,222
284.21,1791,218
285.00,1791,218
285.79,1776,219
286.63,1791,215
287.46,1807,214
288.30,1854,214
289.14,1838,212
289.97,2243,217
290.81,2243,226
291.64,2243,219
292.48,2243,223
293.32,2259,224
294.15,2275,223
294.99,2321,218
295.78,2430,212
296.57,3007,214
297.36,3007,217
298.15,3023,222
298.94,3023,224
299.73,3023,224
300.52,3038,225
301.31,3038,224
302.10,3054,226
302.89,3054,225
303.68,3069,225
304.47,3069,227
305.26,3069,228
306.08,3101,225
306.90,3085,220
307.72,3101,214
308.54,3101,214
309.36,3116,212
310.18,3147,210
311.00,3178,210
311.82,3194,210
312.64,3178,210
313.46,3210,210
314.28,3210,200
315.07,3210,171
315.87,3241,218
316.66,3303,215
317.46,3381,223
318.25,3397,217
319.05,3475,221
319.84,3412,215
320.64,3584,211
321.43,3553,218
322.23,3537,224
323.02,3475,224
323.82,3381,226
324.62,3303,227
325.41,3241,226
326.20,1776,221
326.99,1776,231
327.78,1776,232
328.57,1791,232
329.35,1791,231
330.14,1807,231
330.93,1823,232
331.72,1823,228
332.51,1838,229
333.30,1838,230
334.13,1869,230
334.91,1869,230
335.70,1885,227
336.48,1900,228
337.27,1916,229
338.05,1916,229
338.84,1932,229
339.62,1963,229
340.41,1963,228
341.19,1994,229
341.98,2010,227
342.76,2025,229
343.56,2041,230
344.36,2056,229
345.15,2072,230
345.95,2103,230
346.75,2134,229
347.54,2150,231
348.34,2150,234
349.13,2119,226
349.93,1963,221
350.73,1932,230
351.52,1932,231
352.32,1947,232
352.72,1963,223
353.51,1807,229
354.31,1791,231
355.10,1791,231
355.89,1776,231
356.68,1791,229
357.48,1791,232
358.27,1807,229
359.06,1838,222
359.85,2041,231
0.65,2041,232
1.44,2056,231
2.27,2072,230
3.03,1963,224
3.79,1947,229
4.55,1947,233
5.31,1947,228
6.07,2150,220
6.84,1854,184
7.60,1838,155
8.36,1807,190
9.12,1776,197
9.88,1760,210
10.64,1745,197
11.43,1745,211
12.23,1745,197
13.02,1713,190
13.82,1667,210
14.62,1667,211
15.41,1635,211
16.21,1635,210
17.00,1635,210
17.80,1604,211
18.60,1589,212
19.39,1573,211
20.19,1589,212
20.95,1558,211
21.76,1542,213
22.56,1542,211
23.37,1573,224
24.18,1635,218
24.98,1682,217
25.79,1745,214
26.59,1433,220
27.40,1386,226
28.21,1402,226
29.01,1402,230
29.82,1402,226
30.65,1417,219
31.43,1760,235
32.22,1776,231
33.00,2087,224
33.78,2072,232
34.57,2056,232
35.35,2041,232
36.14,2025,234
36.92,2010,230
37.70,1994,231
38.49,1994,231
39.27,1978,231
40.06,1106,226
40.86,1106,230
41.65,1137,226
42.45,1183,229
43.25,1215,217
44.04,1916,224
44.84,1916,222
45.63,1900,219
46.43,1900,227
47.23,1916,228
48.02,1526,230
48.82,1916,220
49.58,1916,229
50.37,1854,229
51.17,2181,216
51.96,2197,235
52.75,2197,228
53.55,2212,215
54.34,2259,217
55.14,1916,214
55.93,2259,216
56.72,2228,215
57.52,2212,215
58.31,2212,215
59.13,2165,214
59.89,2165,217
60.65,2197,216
61.40,2165,218
62.16,2181,217
62.92,1480,223
63.68,1012,230
64.44,1012,228
65.20,2119,229
65.95,2150,234
66.71,2150,228
67.47,2134,228
68.26,2134,229
69.05,2150,226
69.85,2165,216
70.64,2165,212
71.43,2165,211
72.22,1542,226
73.02,2212,193
73.81,1074,216
74.60,1074,230
75.39,1090,212
76.19,2181,211
76.98,2197,211
77.77,2212,210
78.55,3132,211
79.32,3147,213
80.10,2243,210
80.88,2243,210
81.66,2259,210
82.43,2259,210
83.21,2243,226
83.99,2259,226
84.77,2243,229
85.54,1635,219
86.32,1651,225
87.15,1963,215
87.94,2290,226
88.73,2306,226
89.52,2321,225
90.31,2337,226
91.10,2352,225
91.89,2368,224
92.68,2384,224
93.47,2399,224
94.26,1246,222
95.05,1230,227
95.84,2462,220
96.67,1339,224
97.49,1324,226
98.30,1339,224
99.12,2539,225
99.94,2571,226
100.75,2602,225
101.57,2633,232
102.38,2571,226
103.20,2524,222
104.02,2462,220
104.83,2430,222
105.65,2399,225
106.44,2415,226
107.27,2430,224
108.11,2462,226
108.94,2493,227
109.77,2524,226
110.60,2555,225
111.44,2586,226
112.27,2633,223
113.10,2649,225
113.93,2680,225
114.77,2726,223
115.60,2773,218
116.36,2041,211
117.15,2025,213
117.95,2025,214
118.74,2025,217
119.53,2010,211
120.32,2010,215
121.12,2010,216
121.91,1994,217
122.70,1994,216
123.49,1994,214
124.29,1994,216
125.08,1994,215
125.91,1994,217
126.67,1994,216
127.43,1994,217
128.19,1978,216
128.95,1994,216
129.71,1994,217
130.48,1994,217
131.24,1994,216
132.00,1994,216
132.76,1994,217
133.52,1994,215
134.28,1994,215
135.07,2010,214
135.89,2010,215
136.72,2010,216
137.54,2025,218
138.36,2025,216
139.18,2025,216
140.01,2041,215
140.83,2056,214
141.65,2041,214
142.47,2056,213
143.30,2072,213
144.12,2072,212
144.88,2103,212
145.67,2103,211
146.47,2103,211
147.26,2119,211
148.05,2134,190
148.84,2150,211
149.64,2150,212
150.43,2165,211
151.22,2165,212
152.01,2197,211
152.81,2212,210
153.60,2228,168
154.43,2275,158
155.22,2181,87
156.00,2134,87
156.79,2072,87
157.58,2041,93
158.37,1963,109
159.15,110,74
159.94,1885,109
160.73,1869,122
161.52,1776,113
162.30,1745,142
163.09,1713,211
163.88,1698,214
164.70,1729,211
165.52,1745,210
166.34,1760,177
167.16,1776,203
167.98,1807,184
168.80,1807,164
169.62,1838,187
170.44,1869,174
171.26,1885,151
172.08,1916,135
172.90,1932,129
173.66,1963,145
174.45,2041,129
175.25,2025,168
176.04,2072,145
176.83,2103,138
177.62,2165,184
178.42,2212,226
179.21,2259,226
180.00,2290,213
180.79,1869,224
181.59,1854,233
182.38,1885,222
183.21,4394,216
184.01,4472,132
184.81,3802,116
185.61,35,122
186.41,3849,148
187.21,3864,197
188.01,3662,164
188.81,3864,210
189.61,3849,210
190.41,4846,212
191.21,4831,218
192.01,4815,217
192.80,2477,220
193.59,2462,222
194.39,2477,224
195.18,2462,222
195.97,2493,221
196.76,2462,222
197.56,2462,226
198.35,2462,224
199.14,2430,227
199.93,2430,224
200.73,2430,225
201.52,2462,218
202.32,2321,218
203.11,2306,223
203.91,2321,219
204.70,2462,217
205.49,2539,218
206.28,2555,220
207.08,2836,226
207.87,1994,219
208.66,1978,220
209.45,1994,222
210.25,1994,220
211.04,1994,221
211.84,1994,219
212.61,1994,221
213.39,2010,220
214.16,2025,223
214.93,2025,220
215.71,2025,221
216.48,2025,220
217.26,2041,221
218.03,2056,222
218.80,2056,222
219.58,2056,222
220.35,2072,224
221.18,2087,224
221.97,2087,223
222.76,2103,223
223.55,2119,225
224.34,2119,224
225.13,2134,227
225.91,3927,220
226.70,3958,215
227.49,5236,219
228.28,5283,222
229.07,5314,221
229.86,5361,220
230.66,5407,215
231.44,3677,180
232.23,3693,214
233.01,3786,214
233.79,3958,213
234.58,4067,214
235.36,4192,213
236.15,4347,214
236.93,4379,217
237.71,4425,220
238.50,4472,220
239.28,4519,221
240.04,4566,221
240.83,4612,221
241.62,4659,219
242.41,2337,226
243.20,2306,227
243.99,2243,226
244.78,2243,230
245.57,2228,234
246.36,2181,227
247.15,2165,230
247.94,2197,232
248.73,2212,232
249.56,2243,229
250.35,2664,225
251.14,1994,225
251.93,1978,224
252.72,1963,223
253.51,1932,223
254.29,1916,223
255.08,1885,220
255.87,1854,219
256.66,1854,223
257.45,1885,221
258.24,1916,219
259.04,1838,220
259.82,1823,222
260.59,1776,219
261.37,1776,220
262.15,1791,215
262.92,2384,212
263.70,1760,217
264.47,1729,217
265.25,1713,215
266.03,1729,216
266.80,1713,216
267.58,1713,214
268.34,1620,161
269.13,1620,210
269.93,1667,211
270.72,1729,214
271.51,1667,210
272.30,1651,135
273.10,1651,155
273.89,1635,210
274.68,1776,210
275.47,1745,214
276.27,1745,215
277.06,1760,214
278.19,1776,217
278.98,1885,215
279.77,1869,219
280.56,1854,224
281.35,1838,223
282.14,1823,223
282.92,1823,225
283.71,1807,222
284.50,1791,218
285.29,1791,218
286.08,1776,218
286.87,1791,214
287.67,1823,215
288.48,1838,212
289.28,1869,213
290.09,2243,220
290.90,2228,224
291.70,2243,220
292.51,2243,224
293.31,2259,225
294.12,2275,224
294.93,2321,213
295.73,3023,210
296.54,3007,215
297.30,3007,217
298.09,3023,225
298.89,3023,224
299.68,3038,226
300.47,3038,226
301.26,3038,225
302.06,3054,228
302.85,3069,227
303.64,3069,225
304.43,3085,226
305.23,3069,227
306.02,3101,226
306.85,3085,220
307.64,3101,213
308.42,3101,214
309.21,3147,212
310.00,3132,211
310.78,3163,210
311.57,3194,171
312.35,3194,210
313.14,3178,206
313.93,3210,184
314.71,3225,190
315.50,3272,219
316.30,3381,216
317.09,3381,220
317.89,3428,217
318.68,3475,218
319.47,3412,213
320.26,3599,217
321.06,3537,224
321.85,3537,226
322.64,3443,226
323.43,3366,226
324.23,3288,227
325.02,3210,227
325.81,1760,228
326.61,1776,232
327.40,1776,233
328.20,1791,233
329.00,1791,233
329.79,1807,230
330.59,1823,230
331.38,1823,231
332.18,1838,230
332.98,1854,229
333.77,1869,229
334.57,1869,230
335.36,1885,230
336.20,1901,230
337.04,1916,229
337.88,1932,229
338.72,1947,229
339.56,1963,228
340.41,1979,229
341.25,1994,229
342.09,2010,230
342.93,2025,229
343.77,2041,232
344.61,2056,229
345.44,2088,229
346.20,2103,228
346.96,2134,230
347.72,2150,229
348.48,2134,228
349.24,2119,225
350.00,1947,228
350.76,1932,230
351.52,1932,233
352.28,1947,233
353.04,1838,226
353.80,1807,227
354.60,1791,232
355.40,1776,228
356.19,1776,231
356.99,1791,231
357.79,1791,230
358.58,1823,229
359.38,2041,221
0.17,2041,231
0.97,2041,233
1.77,2056,231
2.56,2056,225
3.36,1963,228
4.12,1947,231
4.88,1947,229
5.65,1947,224
6.41,2150,218
7.17,1823,168
7.94,1854,145
8.70,1791,187
9.47,1776,210
10.23,1760,197
10.99,1745,206
11.76,1745,210
12.52,1698,211
13.35,1698,210
14.14,1667,210
14.93,1651,174
15.72,1636,187
16.51,1620,210
17.30,1604,211
18.09,1589,212
18.88,1589,211
19.67,1589,211
20.46,1558,211
21.25,1558,211
22.04,1542,216
22.79,1558,212
23.59,1589,225
24.38,1651,218
25.18,1698,217
25.98,1745,211
26.78,1433,223
27.57,1402,229
28.37,1402,228
29.17,1402,230
29.97,1417,229
30.76,1776,220
31.56,1760,235
32.32,1776,228
33.11,2072,230
33.90,2056,233
34.69,2056,231
35.48,2041,231
36.27,2025,231
37.05,2010,232
37.84,1994,233
38.63,1994,230
39.42,1979,226
40.21,1106,230
41.00,1106,230
41.83,1168,230
42.62,1184,226
43.41,1230,214
44.20,1916,223
44.99,1901,224
45.78,1901,220
46.58,1916,228
47.37,1932,220
48.16,1527,229
48.95,1916,226
49.74,1854,224
50.53,1854,229
51.32,2181,225
52.13,2197,233
52.93,2181,224
53.74,2212,213
54.55,2275,213
55.35,2243,211
56.16,2243,215
56.96,2212,217
57.77,2212,215
58.58,2197,215
59.38,2181,215
60.19,2166,220
60.95,2197,216
61.70,2166,219
62.45,2166,214
63.20,1480,220
63.95,1012,228
64.70,1028,225
65.45,2119,232
66.20,2150,233
66.95,2150,226
67.70,2134,229
68.45,2134,229
69.20,2150,221
70.03,2166,215
70.82,2181,213
71.61,1527,214
72.40,1542,222
73.19,2181,206
73.98,1075,221
74.77,1075,226
75.56,2181,210
76.35,2181,212
77.14,2212,210
77.93,3132,210
78.72,3132,212
79.52,3147,213
80.31,2228,210
81.10,2243,211
81.89,2243,210
82.68,2243,215
83.47,2243,226
84.25,2259,227
85.04,2243,231
85.83,1651,223
86.62,1667,218
87.41,2290,221
88.20,2290,225
89.00,2306,226
89.82,2321,225
90.64,2337,226
91.46,2353,225
92.28,2384,225
93.10,2384,224
93.91,2399,224
94.73,1246,223
95.55,1246,228
96.37,2462,221
97.19,1339,224
98.01,1324,227
98.80,1339,218
99.59,2555,227
100.38,2571,224
101.17,2602,225
101.96,2618,232
102.75,2555,223
103.55,2493,222
104.34,2462,224
105.13,2415,222
105.92,2399,224
106.71,2415,224
107.50,2446,223
108.33,2477,227
109.10,2508,225
109.88,2524,226
110.65,2571,225
111.42,2586,225
112.19,2633,224
112.97,2664,223
113.74,2695,224
114.51,2742,225
115.28,2773,215
116.06,2025,212
116.83,2025,213
117.63,2025,215
118.43,2025,212
119.22,2010,212
120.02,2010,215
120.82,2010,215
121.61,1994,215
122.41,1994,216
123.20,1994,215
124.00,1963,215
124.80,1994,216
125.59,1994,215
126.39,1994,217
127.15,1979,215
127.95,1994,217
128.76,1994,216
129.56,1979,218
130.36,1994,217
131.16,1994,215
131.97,1994,217
132.77,1994,217
133.57,1994,216
134.37,2010,215
135.18,2010,215
135.98,2010,214
136.81,2025,216
137.61,2025,217
138.42,2025,216
139.22,2025,215
140.02,2041,215
140.82,2041,215
141.63,2056,215
142.43,2056,213
143.23,2056,212
144.03,2072,212
144.84,2088,213
145.64,2088,211
146.44,2103,211
147.24,2103,210
148.03,2119,210
148.83,2134,210
149.63,2150,210
150.42,2166,210
151.22,2166,211
152.01,2212,210
152.81,2197,211
153.61,2243,184
154.40,2243,151
155.20,2166,103
155.96,2134,100
156.76,2025,93
157.57,2088,100
158.37,1963,87
159.17,1916,119
159.97,1885,122
160.78,1854,100
161.58,1776,119
162.38,1745,129
163.18,1698,210
163.99,1714,214
164.79,1714,210
165.62,1745,210
166.41,1760,203
167.19,1776,203
167.98,1791,193
168.77,1823,187
169.55,1854,168
170.34,1869,145
171.12,1932,151
171.91,1963,119
172.70,1947,155
173.48,1963,174
174.27,1994,145
175.06,2025,138
175.85,2072,132
176.65,2103,93
177.44,2150,210
178.24,2228,225
179.03,2259,224
179.83,2290,212
180.62,1869,224
181.42,1869,234
182.21,1885,221
183.01,4410,216
183.80,50,109
184.59,3802,113
185.41,3833,119
186.23,3864,122
187.05,3849,177
187.87,3631,135
188.69,3849,210
189.50,3849,187
190.32,4831,213
191.14,4831,217
191.96,4815,217
192.78,2477,220
193.60,2462,222
194.43,2462,225
195.22,2462,224
196.00,2555,220
196.79,2446,223
197.58,2446,225
198.36,2446,225
199.15,2446,223
199.93,2431,225
200.72,2431,225
201.51,2415,217
202.29,2321,218
203.08,2306,224
203.87,2321,220
204.66,2493,218
205.46,2524,217
206.25,2555,217
207.05,2836,221
207.84,1994,218
208.64,1994,222
209.43,1979,220
210.23,1994,221
211.02,1994,220
211.82,1994,222
212.61,2010,220
213.40,2010,221
214.19,2010,220
214.98,2025,222
215.77,2025,219
216.56,2025,220
217.35,2041,221
218.14,2056,221
218.93,2056,225
219.72,2056,222
220.51,2072,223
221.30,2072,224
222.09,2088,223
222.92,2103,222
223.71,2103,224
224.50,2119,224
225.29,2134,223
226.08,3927,223
226.87,3958,214
227.66,5252,221
228.45,5283,222
229.24,5314,219
230.03,5361,221
230.82,5392,213
231.61,3662,211
232.40,3693,214
233.19,3818,214
233.98,3958,212
234.77,4067,212
235.56,4223,211
236.35,4332,215
237.14,4379,219
237.93,4441,221
238.72,4472,221
239.51,4535,222
240.30,4581,219
241.09,4628,220
241.88,4675,215
242.66,2321,229
243.44,2290,225
244.22,2243,228
245.00,2243,231
245.78,2212,230
246.56,2181,228
247.34,2181,231
248.12,2197,232
248.90,2212,232
249.68,2243,222
250.46,2664,219
251.26,1994,227
252.05,1963,225
252.84,1963,222
253.63,1932,222
254.42,1901,224
255.21,1885,220
256.00,1854,221
256.79,1854,222
257.58,1885,219
258.37,1901,218
259.16,1838,220
259.95,1791,220
260.74,1776,220
261.53,1776,219
262.32,1807,212
263.11,1745,212
263.90,1791,217
264.69,1729,218
265.48,1729,216
266.27,1714,217
267.06,1714,217
267.85,1698,211
268.64,1604,210
269.43,1651,211
270.22,1698,213
271.07,1714,213
271.91,1651,158
272.76,1651,148
273.60,1651,142
274.45,1682,211
275.29,1760,212
276.14,1745,215
276.98,1745,214
277.83,1760,217
278.67,1776,214
279.52,1885,218
280.32,1854,224
281.11,1838,227
281.91,1838,222
282.70,1823,222
283.49,1807,220
284.29,1807,219
285.08,1791,219
285.88,1776,219
286.67,1776,217
287.46,1791,214
288.26,1823,211
289.05,1854,212
289.84,2259,211
290.64,2243,225
291.45,2243,224
292.25,2228,223
293.05,2243,222
293.85,2259,222
294.66,2306,220
295.46,2415,212
296.26,3023,213
297.06,3023,215
297.87,3007,219
298.67,3023,224
299.47,3038,224
300.26,3038,226
301.06,3038,225
301.85,3054,225
302.64,3054,226
303.43,3070,226
304.23,3070,226
305.02,3070,228
305.81,3085,226
306.60,3101,223
307.40,3085,217
308.19,3101,216
308.98,3116,212
309.77,3163,210
310.57,3147,210
311.36,3179,197
312.15,3179,206
312.95,3210,200
313.74,3225,197
314.54,3210,151
315.33,3241,212
316.12,3288,216
316.92,3381,222
317.71,3397,216
318.54,3459,223
319.33,3412,213
320.12,3584,210
320.91,3568,220
321.70,3537,225
322.49,3537,223
323.29,3412,226
324.08,3319,225
324.87,3241,225
325.66,3194,219
326.45,1776,235
327.24,1776,230
328.03,1791,234
328.82,1791,231
329.62,1807,231
330.41,1823,230
331.20,1823,231
332.00,1838,231
332.79,1838,230
333.59,1854,230
334.38,1869,230
335.17,1885,230
335.97,1901,229
336.76,1916,229
337.90,1916,230
338.69,1932,229
339.49,1947,228
340.28,1979,228
341.07,1979,230
341.87,2010,230
342.66,2025,229
343.46,2041,229
344.25,2056,231
345.04,2072,231
345.84,2103,231
346.63,2119,230
347.46,2134,229
348.21,2150,233
348.95,2119,227
349.70,1963,219
350.45,1932,230
351.20,1932,232
351.94,1947,232
352.69,1963,223
353.44,1823,228
354.19,1791,230
354.93,1776,231
355.68,1776,230
356.47,1776,230
357.26,1791,229
358.06,1807,228
358.85,1838,225
359.64,2041,232
0.44,2041,231
1.23,2056,232
2.03,2072,233
2.82,1963,224
3.61,1947,228
4.41,1947,230
5.20,1947,227
6.00,2150,221
6.79,1885,210
7.59,1823,142
8.38,1807,184
9.17,1791,210
9.96,1760,210
10.76,1745,177
11.55,1729,211
12.34,1714,210
13.13,1682,210
13.93,1667,210
14.72,1667,210
15.51,1651,211
16.30,1636,211
17.08,1620,210
17.87,1604,210
18.66,1589,211
19.44,1589,211
20.23,1558,212
21.01,1573,211
21.80,1542,212
22.59,1542,214
23.37,1589,223
24.16,1620,217
24.99,1667,217
25.78,1729,216
26.57,1433,217
27.36,1402,223
28.15,1402,225
28.94,1402,229
29.74,1417,228
30.53,1417,224
31.32,1760,237
32.11,1776,230
32.90,2088,222
33.69,2072,232
34.48,2056,231
35.24,2041,229
36.01,2025,231
36.77,2025,231
37.53,2010,230
38.30,1979,231
39.06,1979,229
39.83,1106,220
40.59,1106,230
41.35,1121,225
42.12,1184,231
42.88,1199,221
43.67,1916,220
44.47,1916,225
45.28,1916,219
46.08,1901,225
46.88,1901,230
47.68,1527,226
48.49,1527,220
49.29,1916,228
50.09,1854,225
50.89,1854,220
51.70,2197,235
52.50,2181,230
53.33,2197,220
54.12,2228,216
54.91,2243,212
55.70,2228,212
56.49,2212,214
57.28,2212,215
58.08,2197,215
58.87,2243,213
59.66,2181,215
60.45,2181,216
61.24,2166,218
62.03,2181,219
62.82,1480,218
63.59,1012,220
64.35,1012,232
65.12,1028,219
65.89,2134,231
66.66,2150,232
67.42,2134,227
68.19,2134,227
68.96,2134,227
69.73,2150,222
70.49,2150,214
71.26,2181,212
72.01,1527,219
72.80,1542,220
73.60,2181,211
74.39,1075,223
75.18,1075,226
75.98,2181,212
76.77,2197,211
77.57,2197,213
78.36,2212,211
79.15,2228,211
79.95,2212,211
80.74,2212,212
81.57,2243,213
82.33,2228,213
83.08,2259,216
83.84,2243,226
84.60,2259,229
85.36,2243,229
86.11,1651,224
86.87,1667,217
87.63,2290,221
88.39,2306,224
89.14,2306,226
89.90,2321,226
90.69,2337,224
91.51,2353,226
92.34,2384,225
93.16,2384,225
93.98,2415,224
94.80,1230,227
95.63,1246,225
96.45,2462,220
97.27,1339,225
98.09,1324,227
98.92,1339,217
99.74,2555,224
100.50,2571,223
101.30,2602,226
102.09,2602,233
102.89,2555,222
103.69,2508,223
104.49,2462,223
105.28,2415,223
106.08,2399,225
106.88,2415,226
107.68,2446,225
108.47,2477,225
109.27,2493,225
110.06,2524,226
110.84,2555,228
111.63,2602,226
112.41,2633,225
113.19,2664,224
113.97,2695,223
114.76,2742,224
115.54,2773,215
116.32,2041,212
117.10,2041,212
117.89,2025,215
118.67,2025,214
119.47,2010,213
120.29,2010,215
121.11,1994,216
121.93,1994,217
122.75,1994,216
123.57,1994,215
124.38,1994,214
125.20,1994,215
126.02,1994,216
126.84,1994,216
127.66,1994,216
128.48,1994,216
129.27,1979,218
130.06,1979,216
130.86,1994,217
131.65,1979,217
132.44,1994,217
133.24,1994,217
134.03,1994,215
134.83,2010,216
135.62,2010,217
136.41,2010,216
137.21,2010,216
138.00,2025,216
138.80,2025,216
139.58,2041,216
140.35,2041,215
141.13,2041,215
141.91,2057,215
142.68,2057,213
143.46,2072,213
144.23,2088,212
145.01,2072,211
145.79,2088,211
146.56,2119,211
147.34,2119,210
148.17,2150,210
148.96,2135,211
149.75,2150,212
150.54,2166,211
151.33,2166,211
152.12,2197,211
152.91,2197,210
153.70,2244,168
154.49,2275,151
155.28,2135,106
156.07,2072,61
156.86,2057,106
157.79,2010,96
158.59,1963,87
159.38,1916,90
160.18,1870,109
160.98,1807,96
161.78,1776,155
162.57,1760,129
163.37,1698,212
164.17,1698,213
164.97,1714,210
165.76,1745,210
166.56,1745,210
167.32,1792,180
168.12,1823,187
168.93,1823,210
169.73,1838,168
170.53,1870,168
171.33,1901,164
172.14,1932,151
172.94,1948,148
173.74,1979,142
174.54,2025,122
175.35,2041,145
176.15,2088,122
176.98,2103,155
177.77,2166,211
178.56,2228,226
179.35,2259,225
180.14,2275,200
180.93,1870,228
181.72,1870,234
182.51,1885,215
183.30,4410,214
184.09,95,96
184.88,95,126
185.67,80,142
186.47,3849,168
187.25,3849,168
188.02,3631,126
188.80,3865,210
189.58,3849,187
190.35,4847,214
191.13,4815,217
191.90,4800,216
192.68,2462,220
193.46,2477,223
194.23,2509,222
195.01,2462,224
195.80,2509,221
196.62,2446,224
197.43,2446,228
198.25,2446,223
199.07,2431,224
199.88,2431,224
200.70,2431,224
201.51,2400,216
202.33,2322,220
203.15,2306,226
203.96,2322,217
204.78,2322,218
205.61,2540,220
206.40,2555,214
207.19,2836,218
207.98,1979,218
208.77,1994,222
209.56,1994,220
210.35,1994,220
211.14,1994,220
211.93,1994,218
212.72,1994,220
213.51,2010,221
214.30,2010,221
215.10,2025,222
215.89,2025,221
216.68,2041,221
217.47,2041,222
218.26,2041,220
219.05,2057,223
219.83,2057,223
220.62,2072,223
221.41,2088,222
222.20,2088,226
222.99,2103,223
223.78,2119,225
224.57,2135,225
225.38,2150,222
226.18,3943,221
226.99,3958,212
227.80,5252,219
228.60,5298,221
229.41,5330,221
230.21,5376,221
231.02,5408,212
231.83,3678,212
232.63,3709,214
233.44,3818,214
234.24,3958,212
235.03,4067,212
235.83,4223,211
236.62,4348,216
237.41,4410,221
238.21,4441,220
239.00,4488,220
239.80,4535,221
240.59,4582,220
241.38,4628,221
242.18,2353,217
242.97,2322,231
243.76,2275,226
244.54,2244,228
245.31,2244,233
246.09,2197,228
246.87,2181,228
247.64,2181,229
248.42,2213,230
249.19,2228,231
249.97,2649,217
250.75,2665,217
251.52,1979,226
252.30,1963,226
253.10,1948,224
253.90,1916,222
254.69,1901,225
255.49,1870,218
256.29,1854,222
257.08,1870,221
257.88,1901,220
258.67,1901,219
259.47,1823,220
260.27,1792,221
261.06,1776,219
261.86,1792,219
262.58,2135,212
263.37,1745,213
264.17,1823,217
264.96,1714,217
265.75,1714,216
266.55,1714,216
267.34,1714,215
268.14,1636,211
268.93,1605,203
269.72,1652,210
270.52,1729,214
271.31,1683,212
272.10,1652,168
272.90,1652,161
273.71,1667,197
274.51,1698,203
275.31,1745,213
276.11,1745,215
276.92,1745,214
277.72,1761,217
278.52,1823,213
279.32,1870,217
280.13,1854,223
280.93,1839,225
281.72,1823,221
282.51,1823,222
283.31,1807,222
284.10,1792,219
284.90,1792,219
285.69,1776,218
286.49,1776,215
287.28,1792,215
288.08,1854,211
288.87,1854,212
289.67,2259,216
290.46,2244,224
291.29,2228,220
292.12,2244,226
292.95,2259,226
293.77,2275,223
294.60,2306,216
295.43,2431,212
296.26,3008,214
297.09,3008,218
297.92,3023,223
298.74,3039,224
299.57,3039,227
300.40,3039,227
301.23,3039,228
302.04,3054,228
302.86,3054,225
303.67,3070,227
304.48,3070,228
305.29,3070,228
306.11,3101,225
306.92,3101,222
307.73,3085,215
308.54,3101,215
309.36,3101,210
310.17,3132,210
310.97,3148,174
311.77,3163,190
312.56,3210,211
313.36,3195,210
314.16,3210,210
314.95,3272,171
315.75,3288,220
316.54,3382,215
317.34,3366,223
318.14,3397,217
318.93,3475,222
319.73,3413,216
320.49,3631,213
321.28,3553,223
322.08,3553,224
322.87,3460,223
323.66,3382,226
324.46,3304,225
325.25,3210,226
326.05,1776,226
326.84,1776,233
327.63,1792,233
328.43,1792,233
329.22,1807,231
330.05,1807,233
330.86,1823,233
331.67,1823,230
332.48,1839,231
333.29,1854,229
334.10,1854,230
334.90,1885,227
335.71,1885,231
336.52,1901,228
337.33,1916,228
338.14,1916,230
338.95,1948,229
339.74,1963,230
340.54,1979,227
341.33,1994,229
342.13,2010,230
342.93,2026,231
343.72,2041,231
344.52,2057,230
345.31,2088,229
346.11,2104,229
346.91,2135,229
347.70,2150,229
348.50,2150,230
349.26,2119,227
350.00,1948,226
350.73,1932,231
351.47,1932,234
352.21,1948,232
352.95,1839,219
353.68,1807,231
354.42,1792,230
355.16,1776,231
355.90,1776,229
356.63,1776,229
357.37,1792,230
358.20,1807,228
358.99,1854,217
359.78,2041,232
0.57,2041,232
1.36,2057,232
2.15,2072,228
2.95,1963,228
3.74,1948,228
4.53,1948,230
5.32,1948,226
6.11,2150,222
6.90,1854,190
7.65,1823,171
8.44,1823,158
9.24,1792,206
10.03,1776,174
10.82,1729,193
11.62,1714,210
12.41,1714,210
13.21,1683,197
14.00,1667,210
14.79,1652,210
15.59,1667,210
16.38,1620,211
17.17,1605,211
17.95,1620,211
18.73,1589,210
19.51,1589,211
20.29,1558,210
21.07,1542,212
21.85,1527,216
22.63,1558,211
23.41,1589,227
24.19,1620,216
24.97,1683,217
25.75,1745,214
26.54,1433,219
27.33,1387,225
28.12,1402,225
28.91,1402,229
29.70,1418,228
30.49,1433,218
31.29,1761,234
32.08,1761,227
32.87,2072,226
33.66,2072,232
34.45,2057,231
35.24,2041,231
36.03,2026,233
36.85,2010,230
37.67,1994,231
38.49,1994,233
39.31,1979,231
40.13,1106,228
40.94,1106,229
41.76,1153,226
42.58,1168,227
43.40,1215,216
44.22,1916,223
45.04,1916,224
45.84,1901,217
46.60,1901,226
47.37,1916,228
48.13,1527,231
48.89,1916,217
49.65,1916,230
50.42,1854,230
51.18,1870,216
51.94,2197,237
52.70,2197,230
53.47,2212,215
54.23,2228,214
54.99,1916,214
55.78,2259,216
56.58,2228,216
57.37,2197,215
58.16,2212,214
58.96,2181,216
59.75,2181,218
60.55,2181,218
61.34,2181,216
62.13,2166,219
62.93,1480,226
63.72,1012,227
64.51,1012,231
65.27,2135,228
66.03,2135,234
66.79,2150,230
67.55,2135,227
68.31,2135,228
69.08,2135,226
69.84,2166,217
70.60,2166,211
71.36,2166,212
72.12,1527,223
72.88,1542,212
73.67,2212,203
74.48,1075,227
75.29,1075,217
76.10,2181,213
76.91,2197,211
77.72,2197,210
78.53,2212,212
79.34,2212,212
80.15,2212,212
80.96,2244,211
81.77,2228,212
82.58,2244,211
83.33,2259,220
84.12,2259,227
84.92,2259,231
85.71,2243,221
86.50,1651,226
87.30,1916,219
88.09,2290,224
88.89,2306,227
89.68,2321,223
90.47,2337,225
91.27,2337,225
92.06,2353,225
92.86,2384,225
93.62,2399,225
94.39,2415,221
95.15,1230,226
95.91,1246,220
96.67,2462,215
97.44,1324,224
98.20,1324,228
98.96,2540,220
99.72,2555,226
100.49,2571,225
101.25,2618,227
102.05,2602,228
102.85,2540,222
103.64,2493,221
104.44,2446,223
105.24,2399,222
106.03,2399,224
106.83,2431,226
107.62,2462,225
108.42,2477,225
109.22,2493,226
110.01,2540,226
110.81,2571,226
111.57,2602,224
112.39,2633,225
113.21,2664,226
114.03,2695,224
114.85,2742,224
115.67,2789,210
116.48,2041,212
117.30,2025,213
118.12,2025,216
118.94,2025,214
119.76,2010,215
120.58,2010,214
121.38,2010,215
122.17,1994,215
122.95,1994,215
123.74,1994,214
124.53,1963,215
125.31,1994,216
126.10,1994,217
126.88,1979,215
127.67,1994,216
128.46,1979,217
129.24,1994,218
130.03,1994,216
130.82,1994,216
131.61,1994,217
132.41,1994,218
133.20,1994,216
133.99,1994,215
134.79,2010,216
135.58,2010,216
136.38,2010,215
137.17,2010,217
137.96,2025,217
138.76,2025,216
139.55,2025,214
140.34,2041,215
141.15,2041,214
141.96,2056,214
142.77,2056,213
143.58,2072,212
144.39,2072,213
145.20,2088,212
146.01,2103,211
146.82,2119,210
147.63,2119,210
148.44,2134,203
149.25,2134,212
150.04,2150,211
150.87,2166,212
151.70,2181,210
152.53,2197,210
153.36,2228,210
154.19,2243,177
155.01,2243,109
155.84,2150,113
156.67,2056,84
157.50,2072,61
158.33,1994,96
159.16,1932,103
159.96,1885,129
160.75,1869,135
161.55,1807,119
162.34,1760,109
163.13,1745,138
163.92,1698,216
164.72,1714,212
165.51,1729,210
166.30,1745,206
167.09,1776,203
167.89,1791,148
168.68,1807,158
169.48,1854,184
170.24,1854,138
171.01,1901,184
171.77,1916,168
172.53,1932,132
173.30,1963,164
174.06,1979,126
174.83,2072,145
175.59,2103,132
176.35,2072,151
177.12,2134,145
177.88,2212,220
178.64,2228,227
179.46,2290,222
180.28,1885,217
181.10,1869,233
181.92,1885,229
182.74,4363,218
183.55,4426,211
184.37,110,113
185.19,87,93
186.01,3849,135
186.83,3849,122
187.65,3662,151
188.48,3880,210
189.27,3864,210
190.06,4846,211
190.85,4815,217
191.64,4815,220
192.43,2462,220
193.22,2477,220
194.01,2477,225
194.80,2477,223
195.59,2462,221
196.38,2462,221
197.17,2446,224
197.96,2446,227
198.78,2446,222
199.60,2446,222
200.42,2431,225
201.24,2431,220
202.06,2353,219
202.88,2321,221
203.70,2321,223
204.52,2321,217
205.34,2493,217
206.16,2555,221
206.98,2836,227
207.73,1994,216
208.52,1979,222
209.32,1994,222
210.11,1994,220
210.90,1994,219
211.70,1994,218
212.49,1994,219
213.29,2010,220
214.08,2010,222
214.87,2025,219
215.67,2025,222
216.46,2025,221
217.29,2041,222
218.06,2041,223
218.84,2056,222
219.61,2056,223
220.38,2072,224
221.16,2072,224
221.93,2088,222
222.71,2103,226
223.48,2103,224
224.25,2119,226
225.03,2134,226
225.80,3927,218
226.59,3942,217
227.37,5252,216
228.15,5283,221
228.93,5314,220
229.71,5345,222
230.49,5392,216
231.27,5049,210
232.05,3677,216
232.83,3771,214
233.61,3911,213
234.39,4051,212
235.17,4161,211
235.93,4285,214
236.72,4363,216
237.52,4410,220
238.31,4472,220
239.10,4503,221
239.90,4566,220
240.69,4613,222
241.49,4659,219
242.28,2337,227
243.07,2306,230
243.87,2259,225
244.66,2243,229
245.49,2228,233
246.29,2181,225
247.10,2166,229
247.90,2197,231
248.70,2212,231
249.50,2228,230
250.31,2649,225
251.11,1979,224
251.91,1979,224
252.71,1963,223
253.52,1932,223
254.32,1916,225
255.11,1885,219
255.88,1854,221
256.66,1838,220
257.43,1885,221
258.20,1916,219
258.98,1838,220
259.75,1823,222
260.53,1776,218
261.30,1776,220
262.07,1807,215
262.85,2368,210
263.62,1760,215
264.41,1729,217
265.21,1714,216
266.00,1714,217
266.80,1714,216
267.60,1714,213
268.40,1604,197
269.19,1620,197
269.99,1682,211
270.79,1729,214
271.59,1667,210
272.38,1620,145
273.18,1651,155
273.94,1667,211
274.75,1760,211
275.55,1745,213
276.36,1745,215
277.17,1760,216
277.97,1776,216
278.78,1885,217
279.58,1869,221
280.39,1854,226
281.20,1838,225
282.00,1823,224
282.81,1823,222
283.60,1807,221
284.46,1791,219
285.32,1791,218
286.17,1776,218
287.03,1776,213
287.89,1807,213
288.75,1854,212
289.61,1885,212
290.47,2243,220
291.32,2243,227
292.18,2243,221
293.04,2243,225
293.84,2259,222
294.64,2290,221
295.43,2415,213
296.23,2992,211
297.03,3007,215
297.82,3023,219
298.62,3023,223
299.41,3038,223
300.21,3038,225
301.01,3038,226
301.80,3054,226
302.60,3054,225
303.36,3070,228
304.12,3070,227
304.88,3070,227
305.64,3085,229
306.40,3101,226
307.16,3085,217
307.92,3101,215
308.68,3101,214
309.44,3132,211
310.20,3132,203
310.96,3163,210
311.72,3163,210
312.52,3210,210
313.31,3210,210
314.11,3210,210
314.90,3241,197
315.69,3288,223
316.49,3381,219
317.28,3381,217
318.08,3428,220
318.87,3475,216
319.66,3412,211
320.46,3584,218
321.25,3537,226
322.04,3568,225
322.83,3444,226
323.63,3350,225
324.42,3272,226
325.21,3194,226
326.01,1776,233
326.80,1776,229
327.60,1791,233
328.39,1776,233
329.18,1807,232
329.98,1807,233
330.77,1823,231
331.56,1823,228
332.40,1838,229
333.24,1854,230
334.09,1869,229
334.93,1869,227
335.77,1885,227
336.61,1901,229
337.45,1916,229
338.29,1932,229
339.14,1947,229
339.98,1963,229
340.82,1979,227
341.65,1994,229
342.44,2010,229
343.23,2041,229
344.02,2056,229
344.81,2072,230
345.60,2088,230
346.40,2103,230
347.19,2134,231
347.98,2166,229
348.77,2134,229
349.56,2119,225
350.35,1947,228
351.14,1932,232
351.85,1932,231
352.56,1947,231
353.27,1823,222
353.98,1807,230
354.69,1791,231
355.41,1776,232
356.12,1776,232
356.83,1791,232
357.54,1791,229
358.25,1823,230
358.96,2025,220
359.72,2041,232
0.54,2056,229
1.36,2056,232
2.18,2056,227
3.00,1947,226
3.82,1947,230
4.63,1947,228
5.45,1963,226
6.27,2150,218
7.09,1838,174
7.91,1807,171
8.73,1807,151
9.56,1791,187
10.35,1776,180
11.14,1714,200
11.93,1714,210
12.72,1698,193
13.51,1682,197
14.31,1667,210
15.10,1651,211
15.89,1651,211
16.68,1636,211
17.47,1604,210
18.26,1589,210
19.05,1589,211
19.83,1558,211
20.61,1558,211
21.39,1558,212
22.17,1527,217
22.95,1573,212
23.73,1589,226
24.51,1636,216
25.29,1682,217
26.07,1745,212
26.85,1464,223
27.63,1386,229
28.38,1402,225
29.18,1402,228
29.97,1417,226
30.77,1776,218
31.57,1760,237
32.37,1776,229
33.16,2072,230
33.96,2072,233
34.76,2056,233
35.56,2041,232
36.35,2025,230
37.15,2010,229
37.43,1994,229
38.22,1994,231
39.01,1979,230
39.80,1106,231
40.59,1106,230
41.38,1184,229
42.18,1184,227
42.97,1215,214
43.76,1916,225
44.55,1916,224
45.34,1901,219
46.13,1901,229
46.92,1916,223
47.75,1527,230
48.59,1916,224
49.42,1916,224
50.25,1854,228
51.08,2197,220
51.92,2197,235
52.75,2197,224
53.58,2212,214
54.41,2243,214
55.25,1916,213
56.08,2243,215
56.87,2212,216
57.67,2197,215
58.46,2212,212
59.26,2181,217
60.06,2181,217
60.86,2212,218
61.65,2181,217
62.45,2166,217
63.25,1480,225
64.05,1012,230
64.84,1012,228
65.64,2134,231
66.43,2150,233
67.20,2150,229
67.98,2134,228
68.75,2134,226
69.52,2134,224
70.30,2150,215
71.07,2181,212
71.85,2181,210
72.62,1542,223
73.39,2212,171
74.17,1075,216
74.94,1075,228
75.73,1090,212
76.51,2197,210
77.28,2197,187
78.06,3132,211
78.84,3132,211
79.61,3147,212
80.39,3147,206
81.16,2228,174
81.94,2275,190
82.72,2243,211
83.49,2243,225
84.27,2259,229
85.06,2243,233
85.86,1651,217
86.65,1651,223
87.45,1963,217
88.25,2290,226
89.05,2306,225
89.84,2321,224
90.64,2337,226
91.44,2353,225
92.24,2368,226
93.03,2384,225
93.83,2399,225
94.59,1246,221
95.36,1246,229
96.14,2462,217
96.91,1355,221
97.68,1324,226
98.46,1324,223
99.23,2540,226
100.01,2571,225
100.78,2586,226
101.55,2618,231
102.33,2571,222
103.10,2524,222
103.93,2477,222
104.73,2431,221
105.54,2399,224
106.34,2415,227
107.14,2431,224
107.94,2462,226
108.75,2493,227
109.55,2524,227
110.35,2555,226
111.15,2586,227
111.96,2618,226
112.76,2649,226
113.55,2680,224
114.35,2727,226
115.14,2758,223
115.94,2041,211
116.74,2041,213
117.54,2041,213
118.33,2025,218
119.13,2025,212
119.93,2010,215
120.73,2010,213
121.52,1994,214
122.32,1994,215
123.07,1994,214
123.89,1994,215
124.71,1963,214
125.53,1994,216
126.35,1994,215
127.17,1994,217
127.99,1994,217
128.81,1979,216
129.63,1994,215
130.45,1994,217
131.27,1994,216
132.09,1994,216
132.92,1994,216
133.71,1994,216
134.50,2010,216
135.29,2010,216
136.08,2010,215
136.87,2010,216
137.66,2010,217
138.45,2025,215
139.24,2025,216
140.03,2025,215
140.82,2041,214
141.61,2056,215
142.40,2056,213
143.19,2056,213
143.99,2072,212
144.78,2072,212
145.57,2088,211
146.37,2103,211
147.16,2119,210
147.96,2119,210
148.75,2134,211
149.54,2150,212
150.34,2166,211
151.13,2166,211
151.88,2181,211
152.70,2212,210
153.52,2212,142
154.34,2275,210
155.16,2166,80
155.98,2134,84
156.79,95,96
157.61,2025,93
158.43,1994,84
159.25,50,74
160.07,1885,103
160.89,1823,119
161.69,1791,119
162.48,1776,129
163.27,1698,180
164.06,1698,215
164.85,1713,193
165.64,1745,211
166.43,1760,210
167.22,1791,210
168.01,1807,177
168.80,1823,210
169.59,1838,177
170.38,1854,184
171.18,1900,168
171.97,1916,177
172.76,1963,132
173.55,1978,158
174.34,2025,129
175.13,2056,145
175.91,2056,158
176.70,2103,155
177.49,2134,190
178.28,2228,225
179.07,2259,223
179.86,2290,212
180.66,1869,226
181.47,1869,234
182.27,1885,219
183.08,4410,215
183.88,80,119
184.69,72,116
185.49,3880,103
186.30,3849,132
187.10,3849,168
187.91,3677,138
188.71,3849,200
189.52,3849,174
190.28,4846,213
191.07,4815,219
191.87,4799,216
192.66,2477,219
193.45,2462,223
194.25,2477,226
195.04,2462,224
195.84,2524,221
196.63,2462,223
197.42,2446,226
198.22,2446,223
199.01,2430,223
199.81,2430,225
200.63,2430,226
201.45,2415,216
202.27,2321,218
203.09,2306,223
203.91,2321,216
204.72,2462,217
205.54,2539,219
206.36,2851,213
207.18,2836,218
208.00,1978,218
208.82,1978,220
209.61,1994,221
210.37,1994,220
211.13,1994,221
211.89,1994,221
212.65,1994,220
213.41,2010,221
214.17,2010,221
214.93,2025,221
215.69,2025,221
216.45,2041,222
217.21,2041,223
217.97,2041,221
218.77,2056,222
219.56,2072,223
220.36,2072,224
221.15,2087,222
221.94,2087,223
222.74,2103,224
223.53,2119,223
224.33,2134,225
225.12,2150,220
225.91,3927,221
226.71,3958,213
227.50,5251,221
228.33,5298,220
229.16,5329,220
229.99,5376,220
230.83,5407,211
231.66,3662,212
232.49,3724,214
233.32,3849,213
234.15,3958,213
234.98,4067,212
235.82,4238,212
236.65,4347,216
237.48,4410,219
238.28,4457,221
239.08,4488,221
239.87,4534,222
240.67,4581,219
241.47,4628,222
242.26,2352,216
243.06,2337,232
243.85,2275,224
244.65,2243,226
245.45,2243,233
246.24,2212,226
247.04,2165,228
247.76,2181,230
248.55,2197,231
249.35,2212,231
250.14,2243,220
250.93,2649,220
251.73,1978,225
252.52,1963,224
253.32,1963,222
254.11,1932,222
254.90,1916,225
255.70,1885,218
256.49,1838,220
257.32,1854,220
258.06,1885,221
258.81,1916,219
259.55,1823,221
260.29,1791,221
261.04,1776,220
261.78,1791,218
262.53,2150,210
263.27,1729,212
264.01,1807,217
264.76,1713,217
265.50,1713,214
266.29,1713,217
267.08,1713,215
267.88,1620,210
268.67,1604,210
269.46,1651,210
270.26,1713,212
271.05,1729,212
271.85,1667,151
272.64,1651,126
273.43,1651,142
274.23,1682,211
275.02,1760,213
275.82,1745,215
276.66,1745,214
277.49,1760,217
278.33,1791,215
279.16,1885,217
280.00,1854,226
280.83,1838,228
281.67,1838,223
282.50,1823,223
283.34,1807,222
284.17,1807,220
285.01,1791,218
