Angle_deg,Distance_mm,Intensity
120.10,2098,218
120.89,2098,227
121.68,1319,230
122.47,1319,222
123.26,2270,218
124.05,1413,226
124.85,1428,223
125.64,2020,211
126.43,2005,213
127.22,2192,222
128.01,2176,227
128.80,2176,228
129.59,2161,224
130.39,1740,229
131.18,1755,214
131.98,2114,221
132.78,2098,223
133.57,2052,226
134.37,2270,215
135.16,2379,230
135.96,2379,220
136.76,2363,228
137.55,2363,231
138.35,2348,228
139.10,2348,226
139.89,2332,227
140.68,2317,219
141.47,1148,227
142.26,2317,221
143.05,2317,219
143.85,1631,225
144.64,2301,223
145.43,2285,226
146.22,2285,225
147.01,2285,222
147.80,2270,224
148.63,2270,220
149.46,2239,219
150.29,2270,221
151.12,1179,223
151.95,1179,226
152.78,1662,223
153.61,1989,218
154.44,1989,222
155.27,2005,222
156.10,2005,222
156.93,2005,220
157.76,2270,216
158.55,2270,215
159.35,2270,217
160.14,2270,217
160.94,2285,218
161.73,2285,216
162.53,2285,217
163.32,1927,217
164.12,1927,222
164.91,1927,221
165.71,1943,219
166.50,1709,221
167.30,1927,215
168.06,1989,222
168.85,2005,218
169.64,2363,212
170.43,2083,214
171.22,2098,214
172.01,1257,214
172.80,1241,225
173.59,1272,213
174.38,2130,214
175.17,1350,217
175.96,1335,224
176.75,1350,213
177.58,2192,214
178.37,2472,213
179.16,2504,213
179.95,2223,212
180.74,2535,212
181.53,2550,213
182.31,2270,212
183.10,2597,212
183.89,2613,212
184.68,2628,212
185.47,2332,212
186.26,2472,211
187.06,2379,214
187.86,2379,220
188.67,2348,222
189.47,2363,220
190.27,2395,220
191.08,2410,219
191.88,2426,219
192.69,2457,219
193.49,2488,219
194.29,2504,219
195.10,2519,218
195.90,2566,217
196.69,2582,217
197.47,2613,216
198.24,2644,218
199.02,1989,210
199.80,1989,210
200.58,2753,212
201.35,2769,218
202.13,2815,218
202.91,1880,217
203.69,2098,217
204.46,2083,217
205.24,2098,225
206.07,2098,225
206.86,2098,225
207.65,2083,226
208.44,2083,224
209.23,2083,227
210.02,2083,226
210.80,2067,225
211.59,2067,227
212.38,2067,230
213.17,2067,229
213.96,2067,229
214.75,2067,230
215.54,2067,229
216.33,2067,231
217.12,2067,231
217.91,2067,228
218.70,2067,230
219.49,2067,231
220.29,2067,230
221.08,2067,231
221.87,2067,229
222.66,2067,230
223.45,2083,229
224.24,2083,228
225.03,2083,229
225.84,2098,228
226.64,2098,229
227.45,2098,225
228.26,2114,225
229.07,2114,223
229.87,2114,222
230.68,2130,224
231.49,2130,222
232.30,2145,222
233.10,2161,220
233.91,2161,220
234.74,2176,216
235.53,2130,214
236.32,2192,230
237.11,2207,227
237.90,2924,217
238.69,2176,214
239.47,2192,211
240.26,2971,222
241.05,3002,222
241.84,3018,221
242.63,3034,222
243.42,3049,220
244.21,3080,210
244.97,3111,210
245.73,3049,214
246.49,3158,211
247.25,3174,223
248.01,1646,221
248.78,1491,217
249.54,1491,220
250.30,1491,215
251.06,2472,151
251.82,2722,228
252.58,2659,225
253.37,2597,217
254.17,2410,215
254.96,2285,229
255.76,2239,230
256.56,2207,228
257.35,2176,226
258.15,2145,226
258.94,2114,228
259.74,2098,224
260.54,2083,228
261.33,2067,229
262.13,2052,226
262.94,1849,216
263.73,1849,217
264.52,1989,217
265.32,1958,228
266.11,1958,229
266.90,1989,227
267.69,2036,221
268.48,1615,222
269.27,1600,233
270.07,1615,233
270.86,4125,151
271.65,4109,214
272.48,4187,216
273.33,4171,211
274.18,4140,218
275.03,4125,217
275.88,4125,219
276.73,4125,145
277.58,4093,218
278.43,4078,215
279.28,4561,212
280.13,4561,225
280.98,4545,215
281.83,3891,213
282.62,2223,231
283.41,2207,234
284.20,2207,231
285.00,2207,231
285.79,2192,230
286.58,2207,231
287.37,2192,231
288.16,2192,231
288.95,2192,233
289.75,2192,234
290.54,2192,234
291.33,2192,220
292.13,1943,219
292.91,1927,217
293.68,1927,219
294.46,1911,219
295.24,1911,214
296.02,1911,217
296.79,2192,225
297.57,2254,226
298.35,2597,232
299.13,2597,232
299.90,1771,219
300.68,1771,220
301.51,1787,213
302.34,2628,219
303.17,2644,230
304.00,2644,230
304.83,2659,229
305.66,2659,229
306.49,2675,229
307.32,2691,229
308.15,2706,227
308.98,2706,227
309.81,2722,218
310.64,2379,216
311.43,2379,219
312.23,2379,220
313.02,2815,222
313.82,2847,225
314.61,2909,216
315.41,3579,223
316.20,3657,224
317.00,3704,225
317.79,1958,217
318.59,1943,222
319.38,1958,217
320.18,5122,223
320.94,5169,222
321.73,5200,222
322.53,5247,222
323.32,4904,223
324.11,3501,217
324.90,3548,218
325.70,3673,217
326.49,3844,214
327.28,3984,215
328.07,4156,217
328.87,4218,220
329.66,4265,225
330.48,4327,225
331.28,4374,223
332.08,4421,225
332.88,4468,223
333.68,4530,224
334.48,4577,224
335.27,4639,224
336.07,4701,224
336.87,4764,214
337.67,2208,225
338.47,2192,225
339.27,2161,227
340.06,2130,223
340.86,2099,224
341.65,2083,227
342.45,2067,226
343.25,2036,225
344.05,2021,224
344.84,1989,222
345.64,1989,220
346.44,1958,221
347.24,1943,219
348.03,1943,219
348.83,2675,216
349.58,2644,221
350.36,2613,219
351.13,2597,221
351.91,2582,220
352.69,2566,218
353.47,2052,218
354.24,2036,219
355.02,2036,216
355.80,2052,215
356.58,2473,215
357.35,2021,215
358.13,2036,214
358.96,2021,214
359.73,2021,215
0.49,2410,213
1.26,1989,215
2.03,2379,211
2.80,2052,215
3.56,2067,213
4.33,2254,211
5.10,1678,216
5.87,1709,203
6.63,2005,213
7.40,2223,212
7.97,1989,212
8.76,1724,210
9.56,1678,212
10.35,1678,190
11.14,1678,212
11.94,1709,218
12.73,1787,217
13.53,1787,218
14.32,1802,216
15.11,1849,210
15.91,1943,218
16.70,1927,218
17.49,1912,219
18.28,1912,219
19.08,1896,218
19.87,1896,217
20.66,1880,215
21.46,1880,216
22.25,1880,216
23.05,1771,211
23.84,1802,210
24.63,1974,212
25.43,1974,180
26.22,2332,221
27.01,2348,217
27.80,2379,210
28.59,2395,217
29.38,3127,217
30.17,3127,226
30.96,3127,223
31.75,3143,224
32.54,3158,224
33.33,3158,224
34.12,3174,224
34.91,3174,224
35.70,3190,223
36.49,3205,223
37.28,3221,226
38.07,3236,224
38.86,3252,223
39.65,3252,213
40.44,3252,122
41.23,3299,138
42.02,3299,168
42.81,3299,119
43.60,3345,129
44.39,3361,122
45.18,3408,126
45.98,3439,132
46.76,3439,148
47.54,3486,220
48.32,3564,230
49.10,3564,227
49.88,3610,219
50.66,3610,210
51.44,3797,213
52.22,3751,217
53.00,3766,228
53.78,3673,219
54.56,3579,216
55.32,3517,217
56.11,2909,217
56.91,2893,222
57.70,3330,214
58.49,1989,214
59.28,1989,232
60.08,2005,230
60.87,2021,232
61.66,2036,232
62.45,2052,233
63.25,2052,231
64.04,2067,231
64.87,2083,231
65.67,2099,234
66.47,2114,232
67.27,2130,232
68.07,2145,231
68.87,2161,229
69.67,2192,230
70.47,2208,230
71.27,2223,231
72.07,2254,229
72.87,2270,230
73.67,2286,230
74.46,2317,230
75.23,2332,226
75.99,2363,229
76.76,2395,229
77.53,2410,230
78.30,2395,225
79.06,2379,230
79.83,2239,215
80.60,2208,225
81.37,2223,224
82.13,2317,232
82.90,2099,223
83.66,2067,230
84.45,2067,230
85.25,2067,229
86.04,2067,230
86.83,2099,226
87.62,2301,230
88.42,2317,230
89.21,2317,232
90.00,2332,232
90.79,2317,221
91.59,2223,227
92.38,2223,229
93.18,2223,227
93.97,2426,220
94.76,2130,180
95.55,2099,129
96.34,2067,119
97.13,2036,155
97.92,2052,119
98.71,2021,113
99.50,1989,129
100.29,1958,129
101.08,1974,135
101.87,1974,129
102.66,1912,158
103.45,1880,174
104.25,297,129
105.04,1865,161
105.83,297,187
106.63,216,214
107.42,209,213
108.22,205,214
109.01,1849,214
109.80,243,171
110.60,236,211
111.39,232,215
112.43,230,216
113.22,1662,215
114.02,1662,219
114.81,1678,215
115.60,1989,217
116.40,2005,231
117.19,2021,224
117.99,2379,219
118.78,2363,224
119.57,2348,228
120.37,2114,224
121.16,2099,224
121.99,1319,229
122.79,1319,213
123.60,1413,218
124.40,1397,226
125.20,1428,219
126.00,2021,212
126.81,2192,214
127.61,2192,225
128.41,2176,228
129.21,2176,228
130.02,2161,218
130.82,1740,229
131.61,2130,217
132.40,2114,225
133.20,2067,223
133.99,2052,224
134.78,2317,219
135.58,2395,232
136.37,2379,223
137.17,2363,228
137.96,2363,228
138.75,2348,227
139.55,2332,228
140.34,2332,227
141.13,1148,221
141.91,1163,226
142.68,2317,223
143.46,1631,217
144.24,1647,219
145.02,2286,224
145.79,2286,223
146.57,2286,225
147.35,2270,224
148.13,2254,222
148.90,2270,220
149.68,2270,219
150.47,2270,221
151.29,1179,225
152.10,1179,221
152.92,1662,221
153.74,1989,219
154.55,1989,224
155.37,1989,222
156.18,1989,222
157.00,2005,220
157.82,2005,216
158.63,2005,216
159.45,2254,217
160.24,2270,215
161.03,2286,216
161.83,2286,216
162.62,2270,215
163.41,1927,219
164.21,1927,221
165.00,1927,222
165.80,1943,218
166.59,1709,221
167.38,1958,221
168.18,1989,221
168.97,2021,218
169.76,2067,216
170.54,2083,214
171.32,2099,216
172.10,1241,218
172.88,1257,226
173.66,2130,213
174.44,2130,213
175.22,1335,219
176.00,1350,226
176.78,2457,212
177.56,2161,213
178.34,2504,212
179.10,2504,213
179.92,2519,213
180.74,2535,212
181.56,2551,212
182.38,2597,212
183.20,2613,211
184.02,2613,211
184.84,2628,213
185.66,2348,211
186.48,2472,212
187.30,2395,217
188.12,2379,225
188.95,2363,220
189.74,2379,219
190.53,2395,221
191.32,2426,220
192.11,2441,219
192.90,2472,220
193.69,2488,219
194.48,2519,219
195.27,2550,218
196.06,2566,217
196.85,2597,219
197.64,2628,217
198.43,2659,214
199.26,1989,211
200.09,2020,142
200.92,2753,218
201.75,2800,217
202.58,1880,214
203.40,2130,218
204.23,2067,215
205.06,2114,223
205.89,2098,226
206.72,2098,224
207.55,2098,226
208.34,2083,226
209.13,2083,226
209.93,2083,227
210.72,2067,227
211.51,2067,227
212.31,2067,226
213.10,2067,229
213.90,2067,230
214.69,2067,230
215.48,2067,228
216.28,2067,229
217.07,2067,228
217.43,2067,228
218.22,2067,227
219.01,2067,229
219.80,2067,229
220.59,2067,230
221.38,2067,231
222.17,2067,229
222.96,2083,230
223.75,2083,229
224.54,2083,229
225.33,2083,229
226.12,2098,228
226.91,2098,227
227.73,2098,227
228.55,2114,227
229.37,2114,224
230.19,2130,223
231.01,2130,223
231.83,2130,222
232.65,2161,223
233.47,2161,221
234.29,2161,221
235.11,2161,216
235.93,2161,220
236.69,2192,232
237.48,2924,218
238.28,2192,197
239.07,2192,212
239.86,2971,217
240.65,2987,222
241.45,3002,223
242.24,3018,221
243.03,3049,222
243.82,3065,216
244.62,2956,211
245.41,3096,216
246.21,3018,213
246.97,3158,219
247.74,3189,218
248.50,1646,216
249.26,1491,220
250.03,1491,219
250.79,2457,168
251.56,2737,218
252.32,2691,229
253.08,2659,225
253.85,2426,210
254.61,2301,221
255.40,2270,229
256.19,2223,227
256.99,2192,229
257.78,2161,224
258.57,2130,227
259.37,2098,225
260.16,2098,226
260.96,2067,228
261.75,2052,228
262.54,2052,218
263.34,1849,217
264.13,1849,214
264.88,1974,224
265.68,1958,228
266.47,1958,228
267.27,2005,221
268.07,2052,216
268.87,1615,228
269.66,1600,235
270.46,1615,227
271.26,4187,161
272.06,4187,215
272.85,3860,184
273.65,4156,217
274.44,4140,218
275.27,4125,219
276.10,4109,214
276.93,4093,180
277.76,4093,218
278.59,4078,180
279.41,4561,222
280.24,4561,225
281.07,3891,221
281.90,2207,221
282.73,2223,232
283.56,2207,230
284.35,2207,228
285.14,2207,230
285.93,2207,231
286.72,2192,231
287.51,2192,231
288.30,2192,233
289.09,2192,233
289.88,2192,232
290.67,2192,233
291.46,2176,219
292.25,1943,218
293.04,1927,220
293.84,1911,220
294.63,1911,217
295.43,1896,216
296.22,2145,214
297.01,2239,231
297.80,2317,216
298.60,2597,230
299.39,2613,229
300.18,1771,220
300.97,1771,220
301.77,2301,213
302.56,2628,224
303.39,2644,230
304.19,2644,230
304.99,2659,229
305.79,2675,230
306.59,2675,229
307.39,2691,229
308.19,2706,226
308.99,2706,226
309.79,2426,214
310.59,2363,217
311.39,2379,218
312.19,2410,217
312.98,2815,225
313.77,2862,223
314.57,3548,213
315.36,3595,224
316.15,3673,225
316.95,3719,222
317.74,1958,221
318.54,1958,219
319.33,5106,213
320.12,5138,222
320.92,5184,223
321.71,5231,220
322.50,5262,215
323.30,4904,221
324.09,3501,219
324.89,3579,219
325.69,3735,217
326.49,3906,214
327.28,4015,214
328.08,4187,221
328.88,4249,223
329.68,4296,226
330.47,4327,224
331.27,4390,227
332.02,4436,225
332.86,4499,223
333.71,4545,225
334.55,4608,224
335.39,4670,224
336.23,4717,222
337.08,2239,218
337.92,2207,225
338.76,2176,227
339.60,2161,225
340.45,2114,223
341.29,2098,225
342.12,2083,226
342.91,2052,225
343.70,2036,223
344.49,2005,223
345.28,1989,222
346.07,1958,220
346.87,1958,221
347.66,1943,220
348.45,1958,216
349.24,2644,218
350.03,2628,220
350.82,2613,218
351.61,2597,222
352.33,2566,220
353.06,2550,218
353.78,2067,218
354.51,2052,218
355.23,2067,214
355.96,2052,215
356.68,2036,216
357.41,2067,215
358.13,2052,213
358.86,2441,213
359.58,2052,215
0.33,2052,215
1.12,1989,213
1.91,2036,212
2.70,2005,212
3.49,2052,211
4.28,1678,211
5.07,1678,215
5.86,2005,211
6.65,2239,213
7.44,2270,213
8.23,2067,211
9.02,1709,213
9.85,1678,211
10.64,1678,193
11.43,1662,213
12.22,1709,217
13.01,1802,215
13.80,1787,218
14.60,1802,213
15.39,1943,210
16.18,1927,218
16.97,1927,218
17.76,1927,218
18.55,1911,218
19.34,1896,217
20.10,1896,216
20.87,1896,216
21.63,1880,215
22.39,1880,215
23.16,1771,213
23.92,1802,210
24.69,1974,211
25.45,2317,210
26.21,2332,221
26.98,2348,215
27.74,2379,212
28.53,2410,215
29.34,3127,221
30.14,3127,223
30.95,3127,224
31.76,3143,223
32.56,3158,225
33.37,3158,226
34.17,3174,223
34.98,3190,224
35.79,3190,224
36.59,3205,223
37.40,3221,226
38.19,3252,223
38.98,3236,223
39.77,3236,193
40.56,3252,151
41.35,3283,126
42.14,3314,168
42.94,3330,119
43.73,3330,116
44.52,3377,132
45.31,60,96
46.10,3377,158
46.89,3470,211
47.68,3501,223
48.47,3564,228
49.27,3579,226
50.06,3626,214
50.85,3610,210
51.64,3813,216
52.44,3766,222
53.23,3766,226
54.02,3642,218
54.81,3564,217
55.61,3486,216
56.40,2909,222
57.19,2909,221
57.99,3330,214
58.78,1989,222
59.58,1989,231
60.38,2005,232
61.18,2021,232
61.97,2036,231
62.77,2052,232
63.57,2067,232
64.37,2067,231
65.16,2083,231
65.96,2099,234
66.76,2114,231
67.53,2145,231
68.30,2161,231
69.07,2176,230
69.84,2192,231
70.61,2208,231
71.38,2239,230
72.15,2254,229
72.92,2270,227
73.69,2301,229
74.46,2317,228
75.23,2348,227
76.06,2363,227
76.85,2395,228
77.63,2410,229
78.42,2379,224
79.20,2379,231
79.99,2223,219
80.77,2208,224
81.56,2239,224
82.34,2317,231
83.13,2099,226
83.91,2067,229
84.70,2067,231
85.50,2067,231
86.30,2083,231
87.09,2114,223
87.89,2301,231
88.69,2317,232
89.49,2317,232
90.28,2332,229
91.08,2239,220
91.88,2223,228
92.68,2223,229
93.47,2223,224
94.27,2426,216
95.03,2130,122
95.84,2099,106
96.64,2067,142
97.45,2052,132
98.25,2021,126
99.06,1989,135
99.86,1958,135
100.67,1974,109
101.47,1943,142
102.28,1912,126
103.08,1912,138
103.89,1880,168
104.69,1849,145
105.48,1849,132
106.27,229,158
107.06,222,215
107.85,219,213
108.64,210,213
109.42,1849,212
110.21,202,184
111.00,209,213
111.79,219,218
112.58,224,215
113.37,1647,216
114.16,1662,219
114.96,1912,210
115.75,2021,226
116.55,2005,231
117.35,2021,218
118.15,2379,228
118.94,2363,225
119.74,2332,223
120.54,2099,227
121.34,1319,218
122.13,1319,225
122.93,2270,220
123.69,1413,225
124.49,1413,223
125.30,1444,215
126.10,2021,214
126.90,2192,217
127.70,2192,226
128.51,2176,226
129.31,2161,227
130.11,1740,219
130.91,1740,225
131.72,2130,220
132.52,2114,226
133.35,2052,226
134.14,2052,223
134.93,2332,222
135.72,2395,231
136.51,2379,225
137.30,2363,228
138.10,2348,228
138.89,2348,226
139.68,2332,227
140.47,2332,230
141.26,1148,223
142.05,1163,223
142.94,2301,226
143.73,1631,223
144.53,1647,215
145.32,2286,226
146.11,2286,227
146.91,2286,223
147.70,2286,224
148.50,2270,223
149.29,2270,221
150.08,2270,220
150.88,2270,217
151.67,1163,227
152.46,1195,219
153.24,1662,218
154.02,1989,220
154.80,1989,224
155.58,1989,224
156.36,2005,222
157.14,2005,218
157.92,2005,217
158.70,2005,215
159.48,2286,216
160.26,2286,215
161.04,2270,217
161.83,2301,216
162.62,2286,214
163.41,1927,220
164.20,1927,221
164.99,1927,223
165.78,1943,216
166.58,1709,220
167.37,1958,220
168.16,2005,221
168.95,2021,216
169.74,2083,215
170.53,2083,216
171.33,2083,215
172.14,1257,221
172.94,1257,224
173.75,2130,215
174.55,2426,211
175.36,1335,219
176.16,1335,225
176.97,2176,214
177.77,2176,215
178.58,2208,213
179.38,2208,213
180.19,2239,212
180.98,2551,211
181.81,2566,213
182.64,2582,212
183.47,2286,211
184.30,2628,211
185.13,2628,212
185.95,2348,212
186.78,2426,213
187.61,2410,218
188.44,2363,222
189.27,2363,221
190.10,2379,220
190.90,2410,219
191.69,2426,219
192.49,2441,219
193.28,2473,219
194.07,2488,218
194.87,2519,219
195.66,2551,218
196.46,2566,217
197.25,2597,218
198.04,2628,216
198.84,2660,213
199.63,1989,211
200.42,1989,135
201.20,2753,216
201.98,2800,219
202.76,1880,215
203.54,2130,218
204.32,2067,213
205.10,2114,227
205.88,2099,224
206.66,2099,225
207.44,2099,227
208.22,2083,228
209.00,2083,227
209.79,2083,227
210.56,2083,227
211.34,2067,227
212.11,2067,227
212.88,2067,229
213.66,2067,231
214.43,2067,228
215.21,2067,230
215.98,2067,230
216.75,2067,229
217.53,2067,229
218.30,2067,230
219.09,2067,232
219.88,2067,230
220.68,2067,232
221.47,2067,230
222.27,2067,229
223.06,2067,230
223.86,2083,230
224.65,2083,229
225.45,2099,229
226.24,2083,229
227.04,2099,228
227.83,2099,225
228.66,2114,225
229.46,2114,225
230.26,2130,225
231.06,2130,224
231.86,2145,223
232.66,2145,222
233.45,2161,222
234.25,2176,220
235.05,2130,214
235.85,2192,224
236.65,2192,233
237.45,2925,219
238.24,2192,210
239.04,2192,214
239.83,2971,219
240.63,2987,223
241.43,3003,220
242.23,3034,221
243.02,3049,218
243.82,3065,216
244.62,2940,211
245.42,3096,215
246.21,3034,211
247.01,3158,220
247.61,3190,215
248.40,1491,216
249.20,1491,218
249.99,1491,218
250.79,2457,168
251.58,2738,223
252.38,2691,229
253.17,2628,223
253.97,2426,212
254.76,2301,223
255.56,2270,230
256.35,2223,227
257.18,2192,229
257.98,2161,223
258.78,2130,227
259.58,2114,225
260.38,2099,228
261.18,2067,228
261.97,2052,228
262.77,2036,215
263.57,1849,215
264.37,1880,214
265.17,1974,228
265.97,1958,229
266.76,1958,227
267.55,2005,219
268.35,2067,213
269.14,1615,229
269.94,1615,236
270.73,1615,220
271.53,4156,203
272.32,4156,216
273.12,3875,193
273.91,4156,219
274.71,4125,218
275.50,4125,217
276.29,4109,213
277.10,4094,211
277.90,4078,217
278.71,3907,142
279.51,4561,224
280.32,4577,224
281.12,3891,221
281.93,2208,225
282.73,2208,230
283.54,2208,229
284.34,2208,231
285.15,2208,230
285.95,2208,232
286.75,2192,230
287.55,2208,234
288.35,2192,232
289.15,2192,233
289.95,2192,233
290.74,2192,231
291.54,2208,221
292.34,1927,217
293.14,1927,221
293.94,1912,219
294.74,1912,217
295.53,1912,216
296.32,2161,216
297.12,2239,232
297.91,2597,221
298.71,2597,232
299.50,2597,223
300.30,1771,221
301.09,1771,220
301.89,2301,214
302.68,2628,227
303.48,2644,231
304.27,2644,230
305.06,2660,230
305.87,2675,229
306.67,2691,229
307.48,2691,228
308.29,2706,229
309.09,2706,224
309.90,2395,214
310.70,2363,220
311.51,2379,220
312.32,2395,213
313.12,2815,223
313.93,2862,222
314.72,3548,217
315.51,3610,223
316.31,3673,225
317.10,3719,218
317.90,1943,222
318.69,1958,220
319.49,5122,216
320.28,5138,221
321.08,5185,222
321.87,5216,221
322.67,4920,213
323.46,4888,219
324.29,3501,219
325.08,3610,217
325.87,3735,216
326.66,3907,216
327.45,4047,214
328.24,4187,219
329.03,4249,224
329.82,4296,227
330.61,4343,228
331.40,4390,225
332.19,4436,223
332.98,4499,225
333.78,4561,223
334.66,4608,222
335.55,4670,223
336.43,4733,224
337.31,2239,223
338.20,2192,225
339.08,2176,226
339.97,2145,224
340.85,2130,225
341.73,2099,227
342.62,2067,226
343.50,2052,226
344.25,2021,225
344.99,2005,223
345.73,1989,223
346.47,1974,223
347.21,1958,222
347.95,1927,220
348.70,1943,216
349.44,2660,217
350.18,2628,221
350.92,2597,219
351.66,2597,220
352.40,2566,218
352.68,2551,216
353.47,2021,217
354.27,2036,216
355.06,2036,214
355.86,2473,215
356.65,2052,215
357.45,1989,215
358.24,2426,214
359.04,2426,214
359.83,2052,214
0.63,2036,215
1.42,2005,214
2.21,1989,213
3.03,1989,212
3.86,1989,212
4.68,1678,211
5.50,1678,213
6.32,2021,212
7.15,2239,212
7.97,1989,213
8.79,2067,211
9.61,1693,214
10.44,1678,206
11.26,1678,168
12.02,1678,215
12.81,1724,213
13.61,1787,217
14.40,1787,217
15.19,1802,213
15.99,1943,214
16.78,1943,220
17.58,1927,221
18.37,1927,218
19.16,1912,217
19.96,1896,219
20.75,1896,218
21.58,1880,216
22.34,1880,214
23.09,1880,212
23.85,1771,214
24.61,1818,168
25.36,1974,212
26.12,2332,215
26.87,2348,221
27.63,1943,211
28.39,2379,216
29.14,2410,213
29.90,3127,223
30.70,3127,224
31.47,3143,223
32.23,3158,223
33.00,3158,225
33.77,3158,223
34.53,3174,223
35.30,3190,224
36.06,3205,224
36.83,3205,224
37.60,3236,226
38.36,3252,222
39.13,3236,219
39.89,3267,168
40.68,3299,190
41.48,3299,142
42.27,3314,132
43.06,3330,116
43.86,3345,142
44.65,3392,100
45.45,3377,96
46.24,3408,151
47.03,3455,214
47.83,3564,227
48.62,3564,230
49.45,3579,226
50.22,3610,211
50.99,3610,126
51.76,3829,216
52.53,3766,225
53.30,3751,220
54.07,3642,218
54.84,3548,216
55.61,3486,215
56.38,2909,222
57.15,2909,217
57.92,2909,213
58.71,1989,228
59.51,2005,231
60.30,2021,233
61.10,2021,231
61.90,2036,230
62.69,2052,231
63.49,2067,233
64.28,2067,231
65.08,2099,232
65.88,2099,232
66.67,2130,232
67.47,2145,233
68.23,2161,230
69.03,2176,229
69.82,2192,229
70.62,2208,228
71.42,2223,230
72.22,2254,229
73.01,2270,227
73.81,2301,228
74.61,2317,227
75.41,2348,229
76.20,2379,229
77.00,2395,227
77.76,2410,228
78.55,2379,226
79.34,2379,228
80.13,2223,219
80.92,2208,224
81.71,2239,222
82.49,2317,226
83.28,2083,227
84.07,2067,228
84.86,2067,228
85.65,2067,229
86.44,2083,229
87.23,2114,219
88.02,2301,231
88.82,2317,231
89.61,2317,229
90.41,2332,231
91.20,2239,223
92.00,2223,229
92.79,2223,229
93.59,2223,220
94.38,2410,214
95.18,2130,171
95.97,2114,113
96.76,2067,142
97.54,2052,122
98.31,106,109
99.09,1989,135
99.87,2005,148
100.64,1958,151
101.42,1927,168
102.19,310,142
102.97,1912,168
103.75,1896,164
104.52,1865,142
105.30,1849,119
106.06,323,174
106.85,216,215
107.64,216,212
108.43,216,213
109.22,1865,211
110.01,1958,180
110.79,229,214
111.58,229,218
112.37,229,215
113.16,1662,217
113.95,1662,220
114.74,1927,200
115.57,2021,225
116.36,2005,231
117.15,2021,214
117.94,2379,224
118.73,2348,228
119.52,2348,223
120.32,2099,227
121.11,1319,221
121.90,1304,229
122.69,2286,223
123.48,1413,227
124.27,1413,224
125.07,1444,213
125.90,2021,213
126.73,2208,220
127.57,2192,225
128.40,2176,227
129.23,2161,226
130.06,1740,222
130.89,1740,221
131.72,2130,223
132.56,2114,226
133.39,2052,227
134.22,2052,217
135.01,2332,226
135.80,2395,228
136.60,2379,226
137.39,2363,228
138.18,2348,227
138.97,2348,226
139.77,2332,226
140.56,2332,227
141.35,1148,226
142.14,1163,220
142.94,2301,225
143.73,1631,224
144.56,2286,218
145.35,2286,225
146.14,2286,225
146.93,2286,228
147.72,2270,224
148.51,2270,224
149.31,2270,223
150.10,2270,220
150.89,2239,215
151.68,1179,226
152.47,1631,216
153.26,1662,218
154.06,1989,221
154.86,1989,221
155.66,1989,221
156.47,1989,220
157.27,2005,216
158.07,2270,218
158.87,2286,216
159.67,2286,215
160.47,2270,216
161.28,2270,217
162.08,2286,218
162.88,1927,213
163.68,1927,221
164.47,1927,223
165.27,1943,222
166.06,1943,213
166.85,1709,219
167.64,1974,220
168.44,1989,221
169.23,2083,212
170.02,2067,213
170.81,2083,214
171.61,2099,213
172.40,1257,220
173.19,1257,222
173.98,2130,215
174.77,2130,211
175.56,1335,218
176.35,1350,223
177.14,2457,212
177.94,2192,215
178.73,2208,214
179.52,2208,213
180.31,2519,212
181.10,2551,212
181.89,2254,212
182.68,2582,211
183.47,2597,210
184.27,2317,213
185.06,2628,213
185.85,2363,210
186.64,2395,211
187.44,2410,219
188.23,2363,223
189.02,2363,219
189.81,2379,219
190.61,2410,221
191.40,2426,220
192.16,2441,217
192.96,2473,216
193.75,2488,219
194.55,2519,219
195.35,2551,219
196.15,2582,217
196.94,2597,218
197.74,2628,217
198.54,2660,212
199.34,1989,211
200.13,2005,145
200.93,2753,217
201.73,2800,219
202.55,1880,217
203.36,2130,219
204.18,2067,214
204.99,2114,226
205.81,2099,224
206.62,2099,226
207.44,2099,225
208.25,2083,227
209.07,2083,227
209.88,2083,228
210.70,2067,226
211.49,2067,226
212.28,2067,228
213.07,2067,228
213.86,2067,228
214.65,2067,228
215.44,2067,232
216.22,2067,228
217.01,2067,231
217.80,2067,230
218.59,2067,230
219.38,2067,231
220.17,2067,229
220.97,2067,230
221.77,2067,230
222.56,2067,229
223.36,2083,230
224.16,2083,231
224.96,2083,230
225.75,2099,230
226.55,2099,229
227.35,2099,228
228.15,2099,227
228.94,2099,225
229.74,2114,224
230.50,2130,225
231.30,2130,224
232.11,2145,224
232.91,2145,224
233.71,2161,224
234.51,2176,221
235.32,2145,214
236.12,2176,225
236.92,2192,233
237.72,2925,220
238.53,2192,212
239.33,2192,212
240.16,2971,220
240.91,2987,223
241.65,3003,223
242.40,3034,223
243.15,3049,219
243.89,3065,213
244.64,2987,210
245.38,3096,216
246.13,3034,211
246.88,3158,221
247.62,1662,216
248.37,1506,215
249.16,1491,221
249.96,1491,217
250.76,2441,187
251.55,2722,225
252.35,2691,226
253.15,2582,221
253.95,2410,213
254.75,2286,226
255.55,2254,228
256.34,2208,227
257.14,2192,227
257.94,2145,226
258.69,2114,228
259.49,2099,224
260.30,2083,226
261.10,2067,227
261.90,2052,227
262.70,2036,213
263.51,1849,216
264.31,1865,212
265.11,1974,229
265.91,1958,228
266.72,1974,227
267.52,2021,219
268.32,1615,214
269.15,1615,230
269.98,1600,232
270.82,1631,217
271.65,4125,210
272.48,4187,217
273.31,4156,187
274.14,4156,218
274.97,4140,218
275.81,4109,218
276.64,4109,212
277.47,4094,214
278.26,4078,217
279.06,3907,164
279.85,4561,225
280.65,4561,223
281.45,3891,221
282.25,2208,230
283.04,2208,231
283.84,2208,232
284.64,2208,233
285.44,2208,231
286.23,2192,232
287.03,2192,231
287.79,2192,234
288.59,2192,232
289.40,2192,233
290.20,2192,233
291.00,2192,229
291.80,1943,218
292.61,1943,217
293.41,1912,218
294.21,1912,218
295.01,1912,215
295.82,1912,217
296.62,2208,218
297.45,2239,230
298.24,2597,227
299.03,2597,232
299.82,2613,219
300.61,1756,222
301.40,1771,218
302.20,2301,217
302.99,2628,229
303.78,2644,230
304.57,2660,230
305.36,2660,228
306.15,2675,230
306.94,2691,229
307.73,2691,227
308.52,2706,230
309.31,2722,222
310.10,2395,215
310.89,2379,219
311.68,2379,218
312.47,2815,215
313.26,2831,223
314.05,2878,221
314.84,3548,219
315.63,3626,225
316.42,3688,224
317.22,3719,214
318.01,1958,222
318.81,1958,219
319.61,5122,220
320.41,5153,222
321.20,5200,224
322.00,5247,222
322.80,4920,216
323.60,4888,215
324.39,3517,217
325.19,3626,219
325.99,3782,216
326.78,3922,216
327.57,4125,215
328.36,4203,221
329.15,4265,227
329.94,4312,224
330.74,4359,225
331.53,4405,225
332.32,4452,223
333.11,4514,223
333.90,4561,225
334.69,4639,223
335.48,4686,225
336.32,4748,219
337.16,2239,227
338.00,2192,226
338.84,2176,223
339.68,2130,225
340.51,2114,225
341.35,2083,226
342.19,2067,224
343.03,2036,226
343.87,2020,225
344.71,1989,225
345.50,1989,222
346.24,1958,223
346.98,1943,221
347.71,1927,220
348.45,2691,218
349.19,2644,219
349.93,2628,222
350.67,2597,221
351.41,2582,220
352.14,2566,219
352.88,2083,215
353.62,2052,217
354.38,2020,216
355.17,2036,216
355.96,2488,215
356.76,2020,214
357.55,2457,215
358.34,2052,212
359.13,2426,213
359.92,2036,215
0.71,1989,213
1.51,2379,213
2.30,1989,214
3.09,1989,212
3.92,2285,211
4.73,1662,215
5.55,1693,211
6.36,2254,211
7.17,2239,212
7.99,2254,212
8.80,1865,210
9.62,1693,213
10.43,1678,203
11.24,1678,211
12.06,1693,219
12.87,1802,215
13.66,1787,217
14.45,1802,215
15.25,1833,211
16.04,1943,219
16.84,1927,218
17.63,1927,219
18.43,1911,218
19.22,1911,216
20.02,1896,218
20.81,1896,215
21.61,1880,218
22.40,1880,215
23.15,1787,211
23.94,1787,211
24.74,1943,203
25.53,1974,212
26.32,2317,220
27.11,2348,218
27.91,1958,210
28.70,2379,219
29.49,3127,216
30.28,3127,224
31.08,3127,223
31.87,3143,225
32.69,3158,224
33.44,3158,224
34.19,3174,222
34.93,3189,224
35.68,3189,223
36.43,3205,223
37.18,3221,224
37.93,3236,223
38.68,3267,223
39.42,3236,216
40.17,3283,180
40.92,3267,158
41.72,3299,135
42.52,3345,109
43.31,3330,126
44.11,60,113
44.90,3361,116
45.70,3408,126
46.49,3408,135
47.29,3470,220
48.08,3563,229
48.88,3563,228
49.67,3595,223
50.47,3626,211
51.22,3797,200
52.00,3844,215
52.78,3782,225
53.55,3688,218
54.33,3595,218
55.11,3517,217
55.89,3486,212
56.67,2909,223
57.45,2956,212
58.22,2909,215
59.00,1989,229
59.78,2005,233
60.61,2020,231
61.38,2020,231
62.16,2036,231
62.93,2052,231
63.70,2067,232
64.48,2083,234
65.25,2098,231
66.03,2098,233
66.80,2130,232
67.57,2145,233
68.35,2161,231
69.12,2192,231
69.92,2192,232
70.72,2223,231
71.51,2239,229
72.31,2254,229
73.10,2285,228
73.90,2301,228
74.69,2332,229
75.49,2348,228
76.28,2379,227
77.08,2410,228
77.87,2395,227
78.67,2395,226
79.42,2379,226
80.20,2223,220
80.98,2207,227
81.76,2254,224
82.54,2301,222
83.32,2083,229
84.11,2067,229
84.89,2067,231
85.67,2067,229
86.45,2083,228
87.23,2301,218
88.01,2301,231
88.80,2317,231
89.59,2317,231
90.38,2332,231
91.16,2223,224
91.95,2223,229
92.74,2207,228
93.53,2223,217
94.32,2426,210
95.11,2114,151
95.89,2067,119
96.68,60,119
97.47,2036,106
98.26,2067,122
99.05,216,116
99.84,270,132
100.64,337,174
101.43,330,148
102.22,1911,161
103.01,337,158
103.80,330,164
104.59,1849,122
105.39,337,180
106.18,323,211
106.97,216,215
107.77,202,214
108.56,202,211
109.35,202,197
110.14,1927,161
110.93,229,213
111.72,229,216
112.51,229,212
113.30,1662,215
114.09,1662,218
114.88,2036,193
115.67,2020,227
116.46,2005,232
117.29,2020,212
118.08,2379,223
118.87,2363,226
119.66,2348,219
120.45,2098,226
121.24,1319,226
122.02,1319,227
122.81,2270,222
123.60,1413,226
124.39,1413,223
125.18,2207,211
125.97,1989,214
126.80,2192,220
127.62,2176,227
128.43,2161,228
129.25,2130,225
130.07,1740,225
130.89,1740,219
131.70,2130,221
132.52,2114,225
133.34,2052,227
134.16,2067,216
134.97,2348,229
135.79,2394,222
136.58,2379,231
137.39,2363,227
138.19,2348,228
139.00,2332,227
139.81,2332,228
140.62,2332,223
141.42,1147,227
142.23,1163,216
143.04,2316,226
143.85,1631,226
144.65,2301,221
145.46,2285,226
146.21,2285,226
147.00,2285,226
147.80,2270,224
148.59,2270,223
149.38,2270,221
150.17,2270,220
150.97,1179,217
151.76,1179,225
152.55,1662,219
153.34,2270,213
154.14,1989,220
154.93,1989,221
155.75,2005,219
156.54,2005,218
157.33,2005,216
158.11,2270,217
158.90,2285,216
159.69,2285,218
160.48,2285,217
161.27,2270,217
162.06,2285,218
162.84,1927,218
163.63,1927,219
164.42,1927,222
165.21,1942,222
166.02,1709,216
166.82,1709,214
167.63,1974,220
168.44,2005,223
169.25,2067,214
170.05,2363,213
170.86,2098,213
171.67,2379,212
172.48,1257,222
173.28,1241,216
174.09,2129,216
174.84,1366,215
175.63,1335,223
176.43,1335,221
177.22,2472,215
178.01,2457,214
178.80,2503,212
179.60,2503,214
180.39,2503,214
181.18,2550,212
181.97,2566,213
182.77,2597,211
183.56,2613,212
184.35,2301,211
185.17,2613,213
185.99,2519,212
186.81,2441,214
187.63,2394,220
188.45,2363,222
189.27,2363,220
190.09,2394,219
190.91,2410,221
191.73,2426,219
192.55,2457,219
193.37,2488,219
194.16,2503,217
194.95,2535,219
195.74,2550,218
196.53,2581,218
197.32,2613,218
198.11,2644,217
198.91,1989,206
199.70,1989,211
200.49,2737,213
201.28,2753,216
202.07,2815,218
202.86,1880,219
203.66,2129,219
204.45,2067,216
205.24,2114,226
206.04,2098,226
206.83,2098,225
207.62,2098,227
208.41,2083,225
209.20,2083,228
209.99,2083,226
210.79,2067,228
211.58,2067,228
212.37,2067,227
213.16,2067,229
213.94,2067,228
214.72,2067,228
215.49,2067,229
216.27,2067,230
217.05,2067,231
217.83,2067,229
218.61,2067,230
219.39,2067,230
220.16,2067,229
220.94,2067,231
221.72,2067,231
222.51,2067,229
223.30,2067,227
224.09,2083,231
224.89,2083,231
225.68,2083,227
226.47,2098,230
227.26,2098,226
228.05,2098,225
228.84,2114,226
229.64,2114,222
230.43,2129,224
231.22,2145,223
232.02,2145,221
232.84,2161,222
233.67,2161,221
234.49,2176,218
235.31,2145,215
236.13,2192,231
236.96,2207,223
237.78,2924,215
238.60,2192,214
239.42,2955,203
240.25,2987,221
241.07,3002,221
241.87,3018,222
242.66,3033,221
243.44,3065,220
244.23,2955,210
245.02,3111,213
245.81,3049,211
246.59,3158,214
247.38,3174,221
248.17,1646,223
248.96,1490,219
249.74,1490,220
250.53,1506,211
251.32,2737,211
252.11,2722,229
252.90,2659,226
253.70,2581,213
254.49,2316,214
255.28,2270,227
256.07,2238,228
256.86,2207,229
257.65,2176,226
258.45,2129,227
259.24,2114,226
260.03,2098,227
260.83,2083,227
261.63,2067,226
262.44,2036,223
263.24,1849,215
264.04,1849,216
264.85,1989,220
265.65,1958,228
266.46,1958,227
267.26,1989,224
268.06,2051,219
268.87,1615,224
269.67,1599,235
270.46,1615,231
271.25,3485,151
272.04,4109,215
272.83,4187,212
273.62,4156,215
274.41,4140,217
275.21,4124,218
276.00,4109,218
276.79,3267,126
277.58,4093,217
278.37,4078,213
279.16,4561,217
279.95,4561,225
280.74,3906,214
281.54,2207,211
282.33,2207,229
283.12,2207,230
283.91,2207,231
284.71,2207,232
285.50,2207,232
286.29,2192,231
287.08,2192,233
287.88,2192,233
288.67,2192,233
289.46,2192,235
290.30,2192,237
291.13,2192,218
291.97,1927,217
292.81,1927,220
293.64,1927,218
294.48,1911,220
295.31,1911,215
296.15,1911,216
296.99,2207,226
297.82,2254,223
298.66,2597,232
299.42,2597,232
300.20,1771,219
300.97,1755,222
301.75,1787,213
302.53,2628,220
303.31,2628,227
304.08,2644,229
304.86,2659,230
305.64,2659,231
306.42,2675,229
307.19,2690,228
307.97,2706,228
308.76,2706,226
309.55,2722,217
310.35,2379,215
311.14,2363,219
311.93,2379,219
312.72,2815,221
313.52,2846,224
314.31,2909,218
315.10,3579,222
315.89,3657,224
316.69,3704,224
317.48,1958,217
318.27,1958,221
319.06,1974,216
319.85,5122,222
320.65,5153,223
321.44,5200,222
322.23,5247,222
323.02,4904,222
323.81,3517,217
324.60,3548,219
325.40,3657,217
326.19,3813,215
326.98,3953,216
327.78,4140,215
328.58,4218,222
329.37,4265,224
330.17,4311,226
330.96,4358,226
331.76,4421,225
332.55,4467,222
333.35,4530,224
334.14,4561,223
334.94,4639,223
335.73,4701,223
336.53,4763,218
337.90,2207,226
338.69,2192,227
339.48,2161,227
340.27,2145,225
341.06,2098,225
341.85,2083,227
342.64,2067,226
343.43,2051,223
344.22,2020,224
345.01,2005,223
345.80,1974,223
346.59,1958,223
347.39,1942,222
348.12,1927,221
348.86,2659,219
349.59,2644,218
350.32,2613,220
351.06,2597,220
351.79,2550,221
352.53,2566,219
353.26,2051,216
353.99,2051,218
354.73,2051,216
355.46,2067,214
356.25,1974,215
357.05,2005,215
357.84,2005,215
358.64,2051,215
359.44,2410,213
0.24,2005,215
1.03,2067,214
1.83,2379,213
2.63,1958,211
3.43,2051,213
4.22,2285,211
5.02,1677,216
5.81,1677,210
6.58,2270,212
7.36,2254,212
8.13,1958,212
8.90,1911,210
9.68,1693,212
10.45,1677,158
11.23,1662,211
12.00,1693,221
12.77,1802,213
13.55,1787,217
14.32,1802,215
15.15,1833,211
15.92,1942,219
16.70,1927,217
17.47,1927,219
18.24,1911,218
19.02,1911,217
19.79,1896,217
20.57,1896,217
21.34,1880,217
22.11,1880,215
22.89,1802,210
23.66,1787,210
24.45,1958,211
25.25,1958,210
26.04,2332,222
26.84,2348,217
27.64,2379,211
28.44,2394,215
29.23,3127,217
30.03,3127,224
30.83,3127,223
31.63,3142,222
32.42,3142,223
33.22,3158,223
33.97,3174,224
34.79,3174,224
35.60,3189,222
36.42,3205,223
37.24,3220,223
38.05,3236,224
38.87,3267,222
39.68,3236,215
40.50,3252,145
41.32,3267,145
42.13,3298,168
42.95,3314,132
43.78,3330,132
44.56,3376,122
45.35,3361,132
46.13,3407,155
46.91,3439,142
47.70,3470,220
48.48,3563,232
49.27,3579,228
50.05,3610,219
50.83,3610,210
51.62,3797,214
52.40,3750,218
52.79,3782,225
53.59,3673,218
54.38,3595,218
55.18,3517,218
55.98,2909,215
56.78,2909,224
57.57,3330,213
58.37,1989,214
59.17,1989,232
59.97,2005,233
60.76,2020,233
61.56,2036,232
62.31,2036,231
63.13,2052,233
63.95,2067,231
64.77,2083,232
65.59,2098,230
66.41,2114,230
67.23,2130,234
68.05,2145,231
68.87,2161,229
69.69,2192,230
70.51,2207,230
71.33,2223,232
72.16,2254,229
72.95,2270,229
73.74,2301,228
74.53,2317,229
75.32,2332,228
76.11,2363,227
76.90,2395,229
77.69,2410,229
78.48,2395,223
79.27,2379,230
80.06,2379,214
80.85,2207,223
81.64,2223,225
82.39,2317,232
83.14,2098,222
83.89,2067,227
84.64,2067,229
85.39,2067,229
86.15,2067,231
86.90,2083,225
87.65,2301,229
88.40,2317,231
89.15,2317,231
89.90,2332,233
90.66,2317,223
91.47,2223,226
92.27,2223,229
93.08,2223,228
93.88,2410,220
94.69,2098,145
95.49,2130,100
96.30,2052,126
97.10,2036,155
97.91,2036,119
98.71,2020,132
99.52,1974,135
100.32,323,138
101.11,309,148
101.90,302,126
102.69,1927,151
103.48,323,151
104.27,330,138
105.06,1849,158
105.85,337,161
106.64,216,213
107.43,209,215
108.22,192,213
109.01,1849,214
109.77,216,203
110.57,229,210
111.36,235,219
112.16,225,215
112.96,1646,213
113.75,1662,217
114.55,1678,216
115.34,2020,217
116.14,2005,233
116.94,2020,227
117.73,2379,221
118.53,2379,222
119.28,2348,226
120.07,2098,222
120.87,2098,225
121.66,1319,228
122.45,1319,216
123.25,1413,217
124.04,1413,223
124.84,1413,220
125.63,2020,213
126.42,2176,214
127.22,2192,224
128.01,2176,228
128.80,2161,229
129.59,2161,219
130.38,1740,231
131.17,2130,215
131.96,2114,222
132.75,2052,223
133.54,2052,226
134.33,2301,221
135.12,2395,234
135.91,2379,221
136.70,2363,228
137.49,2363,228
138.29,2348,227
139.12,2332,227
139.95,2332,228
140.79,1148,222
141.62,1163,227
142.45,2317,225
143.28,1631,219
144.11,1631,218
144.94,2301,224
145.78,2285,225
146.61,2285,224
147.44,2285,225
148.24,2270,222
149.04,2270,220
149.83,2270,221
150.63,2270,222
151.43,1179,224
152.22,1179,222
153.02,1662,221
153.81,1989,218
154.61,1989,223
155.41,1989,221
156.20,2005,220
157.00,2005,216
157.94,2005,217
158.73,2254,218
159.53,2270,217
160.32,2270,218
161.11,2285,216
161.90,2285,215
162.70,2285,215
163.49,1927,220
164.28,1927,221
165.07,1943,221
165.87,1943,216
166.66,1709,222
167.46,1974,218
168.29,1989,220
169.11,2005,214
169.94,2083,212
170.76,2083,215
171.59,2098,215
172.41,1241,218
173.24,1241,225
174.06,2130,213
174.89,2145,211
175.71,1335,220
176.54,1335,225
177.34,2192,213
178.14,2192,214
178.93,2488,213
179.73,2207,214
180.53,2519,212
181.32,2535,213
182.12,2566,212
182.91,2582,212
183.71,2597,212
184.51,2613,212
185.30,2628,213
186.10,2582,211
186.86,2441,212
187.62,2410,217
188.39,2363,223
189.15,2348,220
189.91,2379,221
190.68,2395,221
191.44,2410,218
192.21,2441,218
192.97,2472,221
193.73,2488,220
194.50,2519,220
195.26,2550,217
196.09,2582,217
196.88,2597,218
197.66,2628,218
198.45,2659,213
199.24,1989,210
200.02,1989,168
200.81,2753,216
201.59,2800,218
202.38,1880,213
203.17,2114,218
203.95,2067,214
204.74,2098,223
205.53,2098,227
206.32,2098,224
207.12,2098,225
207.91,2098,225
208.70,2083,226
209.50,2083,228
210.29,2083,226
211.09,2083,227
211.88,2067,226
212.67,2067,228
213.47,2067,230
214.26,2067,227
215.06,2067,229
215.85,2067,229
216.64,2067,229
217.43,2067,229
218.22,2067,229
219.01,2067,230
219.79,2067,229
220.58,2067,231
221.37,2067,230
222.16,2067,229
222.95,2067,230
223.74,2067,229
224.57,2083,228
225.37,2083,228
226.17,2083,226
226.97,2098,225
227.77,2098,227
228.57,2098,224
229.37,2114,226
230.17,2130,223
230.97,2130,223
231.77,2145,222
232.57,2145,220
233.37,2161,220
234.16,2176,220
234.95,2161,216
235.75,2145,218
236.54,2192,232
237.33,2207,215
238.13,2924,211
238.92,2192,214
239.72,2971,213
240.51,2987,222
241.30,3002,222
242.10,3018,222
242.89,3034,221
243.68,3065,220
244.47,2940,212
245.27,3111,215
246.06,3034,212
246.85,3158,216
247.65,3189,220
248.44,1646,221
249.24,1491,219
250.03,1491,219
250.82,1506,206
251.62,2737,214
252.41,2706,228
253.20,2659,223
253.99,2582,210
254.78,2317,218
255.57,2270,229
256.36,2223,228
257.15,2207,227
257.95,2161,224
258.74,2130,230
259.53,2098,227
260.32,2098,227
261.11,2067,226
261.90,2052,228
262.65,2036,220
263.44,1849,216
264.24,1849,215
265.03,1974,222
265.82,1958,228
266.62,1958,225
267.41,2005,224
268.21,2052,218
269.00,1615,228
269.79,1615,236
270.59,1615,228
271.38,4125,129
272.17,4125,214
272.98,4171,184
273.79,4156,217
274.60,4140,219
275.41,4125,219
276.22,4109,216
277.02,4093,180
277.83,4093,217
278.64,4078,210
279.45,4561,219
280.26,4577,225
281.07,3891,220
281.83,2207,218
282.62,2223,232
283.42,2207,231
284.21,2207,231
285.00,2207,230
285.80,2207,232
286.59,2192,232
287.39,2192,233
288.18,2192,232
288.97,2192,230
289.77,2192,234
290.56,2192,237
291.39,2192,218
292.18,1927,218
292.96,1927,220
293.75,1927,218
294.54,1911,219
295.32,1896,217
296.11,1911,216
296.89,2239,232
297.68,2254,217
298.47,2597,233
299.25,2613,226
300.04,1771,220
300.84,1771,222
301.65,2301,212
302.45,2628,222
303.26,2644,230
304.06,2644,228
304.87,2659,230
305.67,2675,229
306.48,2675,229
307.28,2691,228
308.09,2706,229
308.89,2706,228
309.70,2410,212
310.46,2363,216
311.25,2379,220
312.05,2395,217
312.84,2815,225
313.63,2847,224
314.43,3548,213
315.22,3595,223
316.02,3673,224
316.81,3704,226
317.60,1958,221
318.40,1943,221
319.19,5106,212
319.98,5138,224
320.77,5169,224
321.57,5216,222
322.36,5247,217
323.15,4888,223
323.95,3517,220
324.74,3610,219
325.54,3704,217
326.33,3875,216
327.12,4000,215
327.92,4171,219
328.71,4234,223
329.51,4280,226
330.35,4327,225
331.20,4374,226
332.04,4436,223
332.89,4483,224
333.73,4545,223
334.58,4592,223
335.42,4654,225
336.27,4717,224
337.11,2239,217
337.96,2207,226
338.80,2192,225
339.56,2161,226
340.35,2130,224
341.15,2098,225
341.94,2083,227
342.73,2067,224
343.52,2036,224
344.32,2005,225
345.11,1989,223
345.90,1958,223
346.69,1958,221
347.49,1943,219
348.28,2691,218
349.11,2659,219
349.87,2644,220
350.63,2613,221
351.39,2582,218
352.15,2566,219
352.91,2550,218
353.68,2052,217
354.44,2067,218
355.20,2052,214
355.96,2020,214
356.72,2488,215
357.48,1974,215
358.27,1989,213
359.06,2052,215
359.86,2067,217
0.65,2395,213
1.44,2020,214
2.24,1989,213
3.03,1974,212
3.83,2020,212
4.62,2301,203
5.41,1678,214
6.21,2005,210
7.00,1974,212
7.47,2254,213
8.27,1989,211
9.06,1693,212
9.86,1678,210
10.66,1678,184
11.45,1678,214
12.25,1709,216
13.04,1787,216
13.84,1787,218
14.64,1802,213
15.43,1943,212
16.23,1943,219
17.02,1927,219
17.83,1927,220
18.65,1911,218
19.46,1896,217
20.27,1896,217
21.08,1880,216
21.90,1880,216
22.71,1865,214
23.52,1771,211
24.33,1802,203
25.15,1974,213
25.96,2332,215
26.76,2332,220
27.55,2363,213
28.35,2379,213
29.14,2410,214
29.93,3111,223
30.72,3127,224
31.52,3143,224
32.31,3143,224
33.10,3158,224
33.89,3174,224
34.69,3174,226
35.48,3189,222
36.27,3205,225
37.02,3205,223
37.77,3221,226
38.52,3252,223
39.27,3236,220
40.02,3252,200
40.78,3267,148
41.53,3314,116
42.28,3314,145
43.03,3314,119
43.78,3345,122
44.53,3376,132
45.33,3376,113
46.13,3392,161
46.94,3470,213
47.74,3563,224
48.54,3563,228
49.34,3579,226
50.15,3626,212
50.95,3610,148
51.75,3828,215
52.55,3766,223
53.36,3719,220
54.16,3626,218
54.99,3548,218
55.78,3470,216
56.57,2909,221
57.36,2909,216
58.15,3361,214
58.94,1989,227
59.73,1989,232
60.52,2005,233
61.31,2020,232
62.10,2036,233
62.89,2052,233
63.68,2067,233
64.47,2067,232
65.26,2098,232
66.06,2114,232
66.85,2130,232
67.64,2145,231
68.44,2161,232
69.23,2176,233
70.03,2192,232
70.82,2207,228
71.61,2239,229
72.41,2254,229
73.20,2285,229
73.96,2301,227
74.73,2317,228
75.49,2348,226
76.26,2379,229
77.03,2410,227
77.80,2395,229
78.56,2379,226
79.33,2379,228
80.10,2223,220
80.87,2207,225
81.63,2254,222
82.40,2317,224
83.19,2083,228
83.98,2067,230
84.77,2067,230
85.56,2067,230
86.35,2083,229
87.14,2114,218
87.93,2301,232
88.72,2317,231
89.51,2317,232
90.30,2332,230
91.09,2223,224
91.88,2223,229
92.67,2207,229
93.47,2223,219
94.28,2426,213
95.08,2130,138
95.88,2098,135
96.68,2098,96
97.49,2052,145
98.29,2005,103
99.09,1989,113
99.89,1974,126
100.70,2005,100
101.50,387,129
102.30,323,155
103.09,330,158
103.89,1880,155
104.68,337,122
105.47,1849,142
106.26,216,200
107.06,216,213
107.85,216,212
108.64,209,211
109.43,1849,210
110.23,310,168
111.02,243,212
111.78,243,218
112.59,236,214
113.39,1662,216
114.20,1662,219
115.01,1943,210
115.81,2005,227
116.62,2020,232
117.42,2036,214
118.23,2379,224
119.04,2363,226
119.84,2348,220
120.65,2098,227
121.44,1319,221
122.25,1319,229
123.05,2270,221
123.86,1413,227
124.67,1413,225
125.48,1444,214
126.28,2020,212
127.09,2192,218
127.90,2192,226
128.71,2176,227
129.51,2161,227
130.32,1740,221
131.11,1740,222
131.91,2130,220
132.70,2114,224
133.50,2052,227
134.30,2067,220
135.09,2348,223
135.89,2395,225
136.68,2379,229
137.48,2363,229
138.28,2363,228
139.07,2348,228
139.87,2332,226
140.66,2317,227
141.43,1148,225
142.20,1163,220
142.97,2301,225
143.74,1631,225
144.51,2301,217
145.29,2285,223
146.06,2270,223
146.83,2285,226
147.60,2285,224
148.37,2270,223
149.14,2270,222
149.93,2254,218
150.74,2270,215
151.54,1179,225
152.35,1662,217
153.16,1662,215
153.96,1989,222
154.77,1989,224
155.57,1989,223
156.38,2005,220
157.19,2005,218
157.99,2005,219
158.80,2005,215
159.59,2285,217
160.39,2270,216
161.18,2270,215
161.98,2285,216
162.78,1943,213
163.57,1927,220
164.37,1927,222
165.16,1943,222
165.96,1709,214
166.76,1709,217
167.55,1974,222
168.35,2005,222
169.15,2067,215
169.94,2083,214
170.72,2083,214
171.51,2098,213
172.30,1241,220
173.08,1257,221
173.87,2098,214
174.65,1366,212
175.44,1335,223
176.23,1350,221
177.01,2161,214
177.80,2176,215
178.63,2192,212
179.43,2192,212
180.23,2239,212
181.03,2519,212
181.83,2566,212
182.63,2254,211
183.43,2301,211
184.23,2628,212
185.03,2332,213
185.83,2348,211
186.63,2488,212
187.43,2395,217
188.22,2348,223
189.02,2363,219
189.81,2379,220
190.61,2395,218
191.41,2410,221
192.20,2457,217
193.00,2472,220
193.79,2488,217
194.59,2519,218
195.39,2550,219
196.18,2582,218
196.98,2597,217
197.74,2628,217
198.59,2675,210
199.43,1989,210
200.28,2737,211
201.13,2769,216
201.97,2800,220
202.82,1880,220
203.66,2130,223
204.51,2083,213
205.36,2114,227
206.20,2098,225
207.05,2098,226
207.87,2098,226
208.66,2083,226
209.45,2083,225
210.24,2083,226
211.03,2083,227
211.82,2067,227
212.61,2067,228
213.40,2067,228
214.19,2067,230
214.98,2067,229
215.77,2067,230
216.56,2067,230
217.36,2067,231
218.11,2067,231
218.87,2067,229
219.62,2067,230
220.37,2067,232
221.13,2067,231
221.88,2067,230
222.64,2067,230
223.39,2083,230
224.14,2083,229
224.90,2083,226
225.65,2083,226
226.41,2098,228
227.20,2098,227
227.99,2114,227
228.78,2114,226
229.57,2114,225
230.36,2130,223
231.15,2130,223
231.94,2145,223
232.73,2145,219
233.52,2161,221
234.31,2161,220
235.10,2161,214
235.93,2192,226
236.72,2192,232
237.51,2924,219
238.30,2192,210
239.09,2192,212
239.88,2971,220
240.67,2987,223
241.46,3018,222
242.25,3034,221
243.04,3049,221
243.83,3065,211
244.62,2971,211
245.41,3096,215
246.19,3018,210
246.96,3158,220
247.74,3189,216
248.52,1491,215
249.30,1491,220
250.07,1491,217
250.85,2472,193
251.63,2722,222
252.41,2675,225
253.18,2582,220
253.96,2410,212
254.75,2301,226
255.57,2270,228
256.39,2223,227
257.21,2192,228
258.03,2161,224
258.85,2114,226
259.66,2114,225
260.48,2083,225
261.30,2067,228
262.12,2052,229
262.94,2036,214
263.76,1849,216
264.56,1880,212
265.35,1974,226
266.14,1958,230
266.93,1974,226
267.72,2020,219
268.51,1631,213
269.30,1615,230
270.09,1615,235
270.88,1631,218
271.67,4125,211
272.46,4171,216
273.25,4171,177
274.04,4156,218
274.84,4140,217
275.65,4125,218
276.45,4109,212
277.25,4093,213
278.05,4078,218
278.86,3906,145
279.66,4561,223
280.46,4561,225
281.26,3891,220
282.07,2207,229
282.87,2223,231
283.67,2207,230
284.49,2207,231
285.32,2207,231
286.14,2207,230
286.96,2192,230
287.78,2192,233
288.61,2192,232
289.43,2192,234
290.25,2192,233
291.07,2192,227
291.90,2176,218
292.72,1943,219
293.48,1911,220
294.27,1911,220
295.07,1911,216
295.86,1911,216
296.65,2207,217
297.44,2239,231
298.24,2597,223
299.03,2613,230
299.82,2597,218
300.61,1755,220
301.41,1771,219
302.20,2301,214
302.99,2628,227
303.80,2644,231
304.60,2659,230
305.41,2659,230
306.22,2675,228
307.03,2691,230
307.83,2691,226
308.64,2706,228
309.45,2722,226
310.26,2379,215
311.06,2363,219
311.87,2379,218
312.66,2800,216
313.46,2831,225
314.25,2878,222
315.05,3563,220
315.85,3626,223
316.64,3688,225
317.44,3735,215
318.23,1943,223
319.03,1958,219
319.83,5122,221
320.62,5153,222
321.42,5184,223
322.18,5231,223
322.97,4919,220
323.77,3517,214
324.56,3517,216
325.35,3641,217
326.14,3797,215
326.94,3922,216
327.73,4125,214
328.52,4202,222
329.31,4265,228
330.11,4312,225
330.90,4358,226
331.73,4405,225
332.57,4452,223
333.40,4514,224
334.24,4577,225
335.08,4623,223
335.91,4686,222
336.75,4764,220
337.58,2207,226
338.42,2192,227
339.26,2161,227
340.09,2145,226
340.93,2114,226
341.73,2098,225
342.53,2067,225
343.32,2052,224
344.12,2020,223
344.92,2005,223
345.72,1989,224
346.51,1958,219
347.31,1943,219
348.11,1927,219
348.91,2659,216
349.70,2644,219
350.50,2628,218
351.26,2613,220
351.98,2597,218
352.70,2566,217
353.42,2067,216
354.14,2052,217
354.86,2036,215
355.58,2020,215
356.30,2020,214
357.02,2005,214
357.74,1989,214
358.46,2426,213
359.18,2036,217
359.98,2020,215
0.77,2052,216
1.56,2395,211
2.36,2036,213
3.15,2036,214
3.94,2317,212
4.73,1693,215
5.52,1693,211
6.31,2254,212
7.11,2270,212
7.90,2254,211
8.69,1943,210
9.49,1693,211
10.29,1678,197
11.08,1678,210
11.88,1693,220
12.68,1787,214
13.48,1787,218
14.27,1802,216
15.07,1833,211
15.87,1943,218
16.67,1943,219
17.46,1927,220
18.26,1911,219
19.02,1896,217
19.80,1896,217
20.57,1880,216
21.35,1880,216
22.13,1865,214
22.90,1802,210
23.68,1771,212
24.45,1958,203
25.23,1958,211
26.01,2317,221
26.78,2348,219
27.56,1943,211
28.35,2395,218
29.14,3127,212
29.93,3127,224
30.72,3127,225
31.51,3127,223
32.30,3158,222
33.10,3158,224
33.89,3174,222
34.68,3189,225
35.47,3189,224
36.26,3205,223
37.05,3221,223
37.65,3236,225
38.44,3267,223
39.24,3236,216
40.03,3252,168
40.82,3267,145
41.62,3299,148
42.41,3314,122
43.21,3330,116
44.00,3345,116
44.79,75,100
45.59,3408,132
46.38,3423,142
47.18,3470,218
47.98,3563,229
48.77,3563,227
49.57,3595,223
50.36,3610,211
51.16,3797,210
51.95,3750,215
52.75,3797,226
53.54,3704,219
54.34,3595,217
55.13,3517,218
55.93,3470,211
56.73,2909,224
57.52,3002,211
58.31,2909,214
59.10,1989,232
59.89,2005,233
60.68,2020,232
61.48,2020,232
62.27,2036,231
63.06,2052,233
63.85,2067,233
64.64,2083,230
65.43,2098,233
66.22,2114,230
67.02,2130,232
67.83,2145,231
68.63,2161,234
69.43,2176,231
70.23,2207,231
71.04,2223,231
71.84,2239,229
72.64,2254,228
73.44,2285,230
74.25,2317,230
75.05,2332,228
75.84,2348,226
76.62,2379,229
77.39,2410,227
78.17,2395,228
78.95,2379,227
79.72,2379,223
80.50,2207,221
81.27,2207,226
82.05,2301,226
82.83,2317,218
83.60,2083,228
84.38,2067,230
85.14,2067,231
85.93,2067,229
86.73,2083,229
87.52,2270,220
88.31,2301,231
89.11,2317,230
89.90,2332,231
90.70,2317,233
91.49,2223,226
92.28,2208,229
93.08,2223,230
93.87,2410,217
94.71,2145,210
95.50,2099,151
96.28,106,119
97.07,2083,164
97.85,2021,126
98.64,2005,103
99.42,2067,129
100.21,1943,116
100.99,1943,132
101.78,1912,126
102.56,1912,145
103.35,1896,171
104.15,1896,168
104.93,337,138
105.71,337,126
106.49,216,210
107.27,222,215
108.05,205,213
108.82,1849,211
109.60,1880,180
110.38,176,210
111.16,202,214
111.94,215,217
112.72,222,216
113.51,1662,217
114.30,1662,220
115.10,1974,168
115.89,2005,231
116.69,2005,229
117.48,2332,212
118.28,2379,223
119.07,2363,226
119.87,2348,218
120.66,2099,226
121.46,1319,227
122.25,1319,227
123.08,2270,224
123.86,1413,228
124.65,1413,223
125.43,2239,212
126.21,2005,212
126.99,2192,220
127.78,2192,226
128.56,2176,227
129.34,2161,229
130.12,1740,222
130.91,1740,220
131.69,2130,222
132.49,2114,224
133.29,2052,228
134.08,2067,218
134.88,2332,225
135.68,2395,224
136.48,2363,230
137.27,2363,227
138.07,2348,229
138.87,2348,227
139.67,2332,226
140.46,2332,227
141.26,1148,228
142.02,1163,219
142.84,2317,223
143.66,1631,226
144.47,2286,218
145.29,2286,227
146.11,2286,225
146.93,2270,223
147.75,2270,224
148.57,2239,221
149.38,2270,222
150.20,2270,219
151.02,1179,215
151.85,1179,226
152.64,1647,216
153.42,1662,214
154.21,1989,223
155.00,1989,224
155.78,1989,223
156.57,1989,221
157.35,2021,218
158.14,2005,217
158.93,2005,215
159.71,2270,216
160.50,2270,215
161.29,2301,216
162.08,2301,215
162.88,1927,213
163.67,1927,220
164.47,1927,222
165.26,1927,222
166.06,1709,214
166.85,1709,218
167.65,1974,220
168.44,2005,221
169.24,2067,215
170.03,2083,214
170.82,2083,214
171.64,2099,213
172.47,1257,223
173.29,1257,219
174.11,2130,215
174.93,1366,214
175.76,1335,222
176.58,1350,222
177.40,2176,216
178.22,2192,214
179.05,2488,212
179.87,2208,214
180.66,2239,213
181.46,2239,212
182.26,2566,213
183.06,2582,212
183.86,2301,211
184.66,2317,212
185.45,2348,212
186.25,2551,210
187.05,2410,214
187.85,2395,222
188.65,2348,222
189.45,2363,220
190.25,2395,220
191.04,2410,221
191.84,2426,219
192.63,2457,218
193.42,2488,217
194.22,2504,219
195.01,2519,220
195.81,2566,218
196.60,2582,219
197.39,2613,217
198.19,2644,216
198.98,1989,151
199.78,1989,197
200.57,2753,211
201.37,2769,218
202.16,2815,217
202.95,1880,217
203.74,2099,219
204.54,2067,217
205.33,2099,227
206.12,2099,224
206.91,2099,226
207.71,2099,226
208.50,2083,227
209.25,2083,226
210.04,2083,227
210.83,2083,227
211.62,2067,226
212.41,2067,228
213.20,2067,228
213.99,2067,230
214.78,2067,231
215.57,2067,229
216.36,2067,227
217.15,2067,231
217.94,2067,229
218.77,2067,231
219.56,2067,232
220.35,2067,230
221.14,2067,231
221.93,2067,228
222.72,2083,231
223.52,2083,231
224.31,2083,229
225.10,2083,229
225.89,2099,228
226.68,2099,227
227.47,2099,226
228.26,2114,227
229.07,2114,226
229.88,2114,223
230.69,2130,222
231.50,2145,224
232.31,2145,223
233.11,2161,222
233.92,2161,223
234.73,2176,219
235.54,2145,216
236.35,2192,233
237.16,2208,221
237.92,2925,215
238.71,2192,214
239.51,2971,210
240.30,2987,223
241.09,3003,222
241.89,3018,221
242.68,3049,220
243.48,3065,219
244.27,2987,211
245.06,3080,213
245.86,3049,212
246.65,3158,213
247.40,3174,222
248.18,1647,221
248.96,1491,219
249.74,1491,220
250.52,1522,211
251.30,2722,212
252.09,2706,228
252.87,2660,226
253.65,2582,214
254.43,2410,214
255.21,2286,229
255.99,2239,228
256.78,2208,230
257.59,2176,224
258.39,2130,224
259.20,2114,228
260.00,2099,224
260.81,2083,229
261.61,2052,228
262.42,2036,223
263.22,1849,215
264.03,1849,217
264.83,1989,219
265.64,1958,229
266.40,1958,227
267.19,1989,225
267.99,2036,219
268.78,1615,224
269.58,1600,233
270.37,1615,232
271.17,3486,151
271.96,4140,215
272.76,4187,213
273.55,4156,216
274.35,4156,219
275.14,4125,219
275.97,4109,218
276.77,3267,132
277.57,4094,218
278.37,4078,213
279.17,4577,216
279.97,4561,224
280.76,3891,215
281.56,2208,212
282.36,2223,231
283.16,2208,231
283.96,2208,229
284.76,2208,231
285.55,2208,230
286.37,2192,231
287.20,2208,231
288.02,2192,233
288.84,2192,233
289.66,2192,233
290.49,2192,235
291.31,2192,222
292.13,1927,216
292.95,1927,218
293.78,1927,217
294.60,1912,217
295.36,1896,215
296.16,1912,215
296.95,2239,229
297.75,2270,223
298.55,2597,234
299.35,2597,229
300.14,1771,218
300.94,1771,221
301.74,1771,211
302.54,2628,218
303.33,2644,229
304.13,2660,228
304.92,2660,227
305.72,2675,229
306.51,2675,228
307.31,2691,226
308.11,2706,228
308.90,2722,227
309.70,2738,214
310.49,2363,216
311.29,2379,219
312.09,2395,219
312.88,2815,223
313.68,2847,224
314.47,2909,214
315.26,3595,221
316.06,3657,224
316.85,3704,224
317.65,1958,217
318.44,1943,223
319.24,1958,212
320.03,5122,221
320.83,5169,222
321.62,5200,222
322.42,5262,219
323.21,4904,225
324.00,3517,219
324.80,3595,218
325.59,3688,216
326.39,3844,215
327.19,3984,215
327.99,4171,217
328.78,4234,221
329.58,4281,226
330.38,4327,226
331.18,4374,225
331.97,4421,225
332.77,4468,224
333.53,4546,223
334.36,4592,224
335.19,4655,222
336.02,4717,222
336.85,2239,213
337.68,2208,226
338.51,2192,227
339.34,2161,227
340.17,2130,225
341.00,2083,225
341.83,2083,226
342.66,2067,224
343.49,2021,223
344.28,2021,225
345.07,1989,224
345.86,1974,221
346.65,1958,223
347.44,1943,220
348.23,1912,219
349.02,2660,222
349.81,2644,220
350.60,2613,220
351.39,2582,221
352.18,2582,219
352.61,2551,219
353.40,2021,216
354.20,2052,218
354.99,2021,216
355.78,2083,214
356.58,2021,215
357.37,2036,217
358.17,1974,214
358.96,2005,214
359.75,2441,212
0.55,2410,212
1.34,2021,215
2.13,2021,214
2.89,1989,213
3.66,2052,213
4.42,2301,211
5.18,1678,214
5.95,2052,174
6.71,2254,212
7.48,1958,212
8.24,1989,211
9.00,1693,203
9.77,1678,210
10.53,1678,174
11.36,1662,213
12.15,1693,217
12.94,1787,217
13.73,1787,220
14.52,1802,214
15.31,1927,210
16.10,1943,219
16.89,1943,219
17.68,1927,218
18.47,1912,217
19.26,1896,217
20.05,1896,217
20.85,1896,215
21.64,1880,216
22.44,1865,215
23.23,1771,212
24.02,1787,211
24.81,1974,210
25.61,1989,174
26.40,2332,221
27.19,2348,214
27.98,2379,211
28.78,2395,217
29.57,3127,218
30.33,3127,225
31.08,3127,223
31.83,3143,224
32.58,3158,223
33.33,3158,223
34.08,3174,225
34.83,3190,224
35.58,3190,224
36.33,3205,225
37.08,3221,225
37.83,3236,224
38.58,3267,221
39.41,3236,214
40.20,3267,168
40.99,3299,109
41.78,3299,164
42.57,3314,116
43.36,3330,126
44.15,3392,113
44.94,3423,109
45.73,3423,96
46.52,3408,148
47.31,3486,221
48.10,3564,231
48.90,3564,228
49.69,3610,218
50.48,3610,211
51.27,3782,215
52.06,3751,218
52.85,3766,227
53.64,3673,218
54.43,3595,219
55.22,3501,217
56.01,2909,216
56.80,2909,223
57.59,2925,212
58.38,1989,213
59.18,1989,230
59.97,2005,233
60.77,2021,233
61.57,2036,230
62.36,2036,231
63.16,2052,231
63.95,2067,233
64.75,2083,231
65.55,2099,232
66.34,2114,231
67.14,2130,234
67.90,2161,230
68.69,2161,232
69.48,2192,230
70.27,2208,228
71.06,2223,230
71.85,2239,230
72.64,2270,229
73.43,2286,228
74.22,2317,229
75.01,2332,227
75.80,2363,227
76.59,2395,229
77.38,2410,230
78.16,2395,224
78.93,2379,229
79.71,2348,214
80.49,2208,224
81.27,2223,226
82.04,2317,232
82.82,2099,223
83.60,2067,229
84.38,2067,230
85.15,2067,232
85.93,2067,229
86.72,2099,226
87.52,2301,231
88.31,2301,230
89.11,2317,232
89.91,2332,232
90.70,2254,219
91.50,2223,229
92.29,2223,228
93.09,2223,226
93.89,2410,221
94.68,2161,138
95.48,2161,96
96.28,2130,129
97.07,2052,109
97.85,2005,109
98.64,1989,151
99.43,1989,132
100.21,1958,119
101.00,1958,122
101.78,1912,129
102.57,1896,158
103.36,1880,151
104.14,1865,168
104.93,1865,174
105.76,1865,142
106.57,216,213
107.39,209,213
108.20,199,213
109.01,1849,214
109.82,256,168
110.64,229,212
111.45,236,217
112.26,232,218
113.07,1662,216
113.89,1662,220
114.70,1678,215
115.50,1989,219
116.30,2005,231
117.09,2021,223
117.89,2379,224
118.69,2363,225
119.48,2348,227
120.28,2099,226
121.07,2099,223
121.87,1319,229
122.67,2286,216
123.46,1413,220
124.26,1413,224
125.02,1428,220
125.81,2021,214
126.60,2192,216
127.39,2192,222
128.18,2176,226
128.97,2161,229
129.76,2161,218
130.55,1740,228
131.34,2130,219
132.13,2114,223
132.92,2052,223
133.71,2052,226
134.53,2301,222
135.35,2395,232
136.16,2379,224
136.98,2363,229
137.80,2363,227
138.61,2348,227
139.43,2332,226
140.24,2332,227
141.06,1163,222
141.88,1163,226
142.69,2317,226
143.51,1631,219
144.31,1647,218
145.11,2286,223
145.90,2286,227
146.70,2286,227
147.50,2270,223
148.29,2270,226
149.09,2270,222
149.88,2270,219
150.68,2254,220
151.48,1163,225
152.27,1179,220
153.07,1662,217
153.83,2005,215
154.63,2005,223
155.44,1989,221
156.24,1989,221
157.04,2005,218
157.84,2270,217
158.65,2270,216
159.45,2286,216
160.25,2270,215
161.05,2270,217
161.86,2286,218
162.66,2286,216
163.45,1927,219
164.24,1927,222
165.04,1927,222
165.83,1943,217
166.62,1693,223
167.42,1958,219
168.21,1989,219
169.01,2020,217
169.80,2083,213
170.59,2083,215
171.39,2098,215
172.18,1241,217
172.97,1257,224
173.76,2114,214
174.56,2130,213
175.35,1350,219
176.14,1335,225
176.94,2457,211
177.73,2176,214
178.53,2192,213
179.32,2223,212
180.11,2519,212
180.91,2535,212
181.70,2550,212
182.49,2566,211
183.28,2550,211
184.06,2628,212
184.85,2628,215
185.64,2550,210
186.43,2488,212
187.21,2410,216
188.00,2379,226
188.79,2363,219
189.58,2379,220
190.36,2410,220
191.15,2426,217
191.97,2441,221
192.76,2457,220
193.55,2488,218
194.34,2519,219
195.13,2550,216
195.92,2566,217
196.72,2597,216
197.51,2613,218
198.30,2659,214
199.09,1989,211
199.88,1989,210
200.67,2753,216
201.46,2800,218
202.28,1880,212
203.10,2098,216
203.92,2067,214
204.74,2114,225
205.56,2098,225
206.37,2098,226
207.19,2098,226
208.01,2098,226
208.83,2083,226
209.65,2083,228
210.47,2067,228
211.27,2067,227
212.05,2067,228
212.83,2067,227
213.61,2067,228
214.39,2067,229
215.17,2067,230
215.95,2067,229
216.73,2067,230
217.51,2067,230
218.29,2067,230
219.07,2067,231
219.85,2067,231
220.64,2067,231
221.43,2067,230
222.22,2067,228
223.01,2083,229
223.80,2083,231
224.59,2083,230
225.38,2083,228
226.17,2098,231
226.96,2098,228
227.75,2098,227
228.54,2114,227
229.33,2114,225
230.16,2130,225
230.95,2130,225
231.73,2145,225
232.52,2145,225
233.31,2161,223
234.09,2161,222
234.88,2161,218
235.66,2145,219
236.45,2192,230
237.24,2924,216
238.02,2924,210
238.81,2192,211
239.61,2956,216
240.40,2987,221
241.20,3002,222
241.99,3018,222
242.78,3049,220
243.57,3065,217
244.37,2956,211
245.16,3111,215
245.95,3034,212
246.74,3158,220
247.54,3189,217
248.33,1662,217
249.09,1491,221
249.88,1491,219
250.68,2441,155
251.47,2737,219
252.26,2691,229
253.06,2659,223
253.85,2410,190
254.65,2301,220
255.44,2270,231
256.23,2223,227
257.03,2192,228
257.82,2161,223
258.61,2130,228
259.40,2114,227
260.19,2098,226
260.98,2083,227
261.77,2052,226
262.56,2036,218
263.35,1849,216
264.14,1849,213
264.93,1974,224
265.72,1958,229
266.51,1958,229
267.30,2005,220
268.09,2052,216
268.89,1615,229
269.68,1600,236
270.48,1631,226
271.28,4156,197
272.08,4125,215
272.87,4187,158
273.67,4140,218
274.47,4140,217
275.27,4125,217
276.06,4109,215
276.86,4093,210
277.76,4093,217
278.55,4109,164
279.35,4561,221
280.14,4561,225
280.93,3891,222
281.72,2207,222
282.52,2223,232
283.31,2207,232
284.10,2207,231
284.89,2207,231
285.69,2207,233
286.48,2192,230
287.31,2192,231
288.12,2192,232
288.94,2192,230
289.75,2192,234
290.56,2192,229
291.37,2192,219
292.19,1927,215
293.00,1927,219
293.81,1927,220
294.62,1911,217
295.44,1911,215
296.25,2176,214
297.05,2239,235
297.85,2597,217
298.64,2597,231
299.44,2597,227
300.24,1755,220
301.03,1771,219
301.83,2301,213
302.62,2628,224
303.42,2644,230
304.22,2659,229
305.01,2659,230
305.81,2675,228
306.57,2691,228
307.40,2691,229
308.23,2706,227
309.07,2722,228
309.90,2426,212
310.73,2363,218
311.56,2379,219
312.39,2395,214
313.22,2815,224
314.06,2862,224
314.89,3548,215
315.72,3610,223
316.55,3673,225
317.34,3719,221
318.13,1958,220
318.92,1958,220
319.71,5106,215
320.50,5153,222
321.29,5184,223
322.08,5231,223
322.87,5262,213
323.66,4904,220
324.45,3517,220
325.24,3595,217
326.04,3735,217
326.83,3875,216
327.63,4062,215
328.42,4202,220
329.21,4249,224
330.00,4296,224
330.80,4343,227
331.59,4390,223
332.38,4436,221
333.17,4499,223
333.97,4561,224
334.76,4608,224
335.56,4670,224
336.36,4732,223
337.17,2239,222
337.97,2207,226
338.77,2176,226
339.57,2145,225
340.38,2130,227
341.18,2098,225
341.98,2067,226
342.78,2052,227
343.59,2020,225
344.39,2005,223
345.18,1989,222
345.93,1974,223
346.67,1943,223
347.42,1943,220
348.17,1927,219
348.92,2659,221
349.66,2613,219
350.41,2613,218
351.16,2582,219
351.91,2582,219
352.65,2566,214
353.40,2052,217
354.23,2020,216
355.02,1958,214
355.81,2488,216
356.60,2020,215
357.39,2472,213
358.18,2441,214
358.97,2005,215
359.76,2036,214
0.55,2052,214
1.34,1989,214
2.13,2036,212
2.92,1989,213
3.71,1974,211
4.50,1693,212
5.30,1693,212
6.09,2270,211
6.88,2207,213
7.68,1989,212
8.47,1911,210
9.27,1693,215
10.06,1662,211
10.85,1678,193
11.65,1678,217
12.44,1802,214
13.20,1787,216
13.99,1787,218
14.79,1802,212
15.58,1927,217
16.37,1927,219
17.16,1927,221
17.96,1911,218
18.75,1896,218
19.54,1896,218
20.33,1880,217
21.13,1880,216
21.92,1880,214
22.58,1865,212
23.37,1787,213
24.16,1927,210
24.95,1958,214
25.74,2332,217
26.53,2348,221
27.31,1943,212
28.10,2379,216
28.89,2441,211
29.68,3127,223
30.47,3127,223
31.26,3143,222
32.06,3158,221
32.84,3158,223
33.61,3174,222
34.39,3174,225
35.17,3189,223
35.94,3205,225
36.72,3205,222
37.49,3221,227
38.27,3252,223
39.05,3236,217
39.82,3252,171
40.60,3314,145
41.36,3314,161
42.15,3314,132
42.95,3330,119
43.74,3361,113
44.53,3361,135
45.32,3376,122
46.12,3439,151
46.91,3470,215
47.70,3563,224
48.49,3563,227
49.29,3579,224
50.08,3626,211
50.88,3797,148
51.69,3844,216
52.49,3766,225
53.30,3704,222
54.11,3626,217
54.91,3548,218
55.72,3486,215
56.52,2909,222
57.33,2909,217
58.14,2909,214
58.94,1989,228
59.75,1989,232
60.54,2005,232
61.32,2020,232
62.10,2036,232
62.88,2052,231
63.66,2067,232
64.44,2083,231
65.23,2098,231
66.01,2098,232
66.79,2130,233
67.57,2130,231
68.35,2161,232
69.13,2176,230
69.88,2192,231
70.67,2207,229
71.47,2239,230
72.26,2254,229
73.05,2270,227
73.85,2301,227
74.64,2317,228
75.44,2348,229
76.23,2379,228
77.02,2395,227
77.82,2410,229
78.61,2379,225
79.44,2379,229
80.20,2223,218
80.95,2207,224
81.71,2238,221
82.47,2316,228
83.23,2083,227
83.98,2067,229
84.74,2067,230
85.50,2067,229
86.26,2083,230
87.01,2114,219
87.77,2301,229
88.56,2316,232
89.36,2316,230
90.15,2332,231
90.95,2238,223
91.75,2223,229
92.54,2223,231
93.34,2223,221
94.13,2426,214
94.93,2129,113
95.73,2114,132
96.52,2036,145
97.32,2067,122
97.94,90,106
98.74,2036,113
99.54,2005,155
100.34,323,135
101.14,330,135
101.94,333,142
102.73,1880,145
103.53,372,135
104.33,372,132
105.13,347,161
105.93,216,203
106.73,216,216
107.53,209,212
108.34,205,213
109.15,1849,212
109.96,216,190
110.77,222,211
111.58,225,217
112.38,227,216
113.19,1662,215
114.00,1662,218
114.81,1677,190
115.62,2005,226
116.43,2020,230
117.26,2020,215
118.05,2379,226
118.84,2363,225
119.63,2348,224
120.42,2098,226
121.21,1319,219
122.00,1319,227
122.79,2270,220
123.58,1412,224
124.37,1412,222
125.16,1428,214
125.95,2005,211
126.74,2192,218
127.55,2192,225
128.35,2176,227
129.16,2161,228
129.97,1740,220
130.77,1740,224
131.58,2129,221
132.38,2114,225
133.19,2051,226
134.00,2051,222
134.80,2332,224
135.61,2394,229
136.37,2379,228
137.16,2363,230
137.95,2348,228
138.74,2348,227
139.53,2332,227
140.32,2332,225
141.11,1163,226
141.90,1163,223
142.69,2316,226
143.48,1631,225
144.27,2301,218
145.06,2285,225
145.86,2285,225
146.65,2285,225
147.45,2270,223
148.24,2270,224
149.03,2270,222
149.82,2270,222
150.62,2270,215
151.41,1179,227
152.20,1194,216
152.99,1662,216
153.79,2005,222
154.58,1989,221
155.37,2005,219
156.19,2005,217
157.02,2005,216
157.84,2270,217
158.66,2270,216
159.48,2285,217
160.31,2254,216
161.13,2270,218
161.95,2285,217
162.77,2316,212
163.60,1927,222
164.42,1911,222
165.18,1942,222
165.98,1942,213
166.79,1709,217
167.59,1974,221
168.39,2005,219
169.20,2067,213
170.00,2083,212
170.81,2083,215
171.61,2098,214
172.41,1257,221
173.22,1257,223
174.02,2410,215
174.85,1350,211
175.64,1335,221
176.43,1335,224
177.22,2176,213
178.01,2192,213
178.80,2503,213
179.58,2519,213
180.37,2535,213
181.16,2535,214
181.95,2566,212
182.74,2301,211
183.53,2597,212
184.33,2628,211
185.14,2628,216
185.94,2550,211
186.75,2394,212
187.56,2394,218
188.36,2363,225
189.17,2363,220
189.97,2379,219
190.78,2410,218
191.59,2426,219
192.39,2441,218
193.20,2472,219
193.96,2488,217
194.74,2519,219
195.53,2550,218
196.31,2566,218
197.09,2597,217
197.88,2628,216
198.66,2659,211
199.45,1989,211
200.23,2753,174
201.01,2768,219
201.80,2800,218
202.58,1880,217
203.37,2129,223
204.16,2067,215
204.95,2098,225
205.74,2098,225
206.53,2098,226
207.32,2098,225
208.11,2083,228
208.90,2083,228
209.69,2083,227
210.48,2067,225
211.27,2067,227
212.06,2067,229
212.85,2067,229
213.65,2067,230
214.46,2067,229
215.26,2067,230
216.06,2067,231
216.86,2067,228
217.67,2067,230
218.47,2067,230
219.27,2067,230
220.07,2067,230
220.88,2067,229
221.68,2067,231
222.48,2067,230
223.28,2083,229
224.07,2083,230
224.87,2083,229
225.67,2083,228
226.46,2098,229
227.26,2098,229
228.05,2114,227
228.85,2114,225
229.65,2114,226
230.44,2129,224
231.24,2129,225
232.00,2145,224
232.82,2161,222
233.63,2161,220
234.45,2176,220
235.26,2129,215
236.08,2192,225
236.89,2192,231
237.71,2924,219
238.52,2192,212
239.34,2192,212
240.15,2971,222
240.97,2987,222
241.77,3018,223
242.55,3033,222
243.32,3049,220
244.10,3080,213
244.88,3033,210
245.66,3111,212
246.43,3065,210
247.21,3174,222
247.99,1646,220
248.77,1506,217
249.54,1490,220
250.32,1490,215
251.11,2457,180
251.91,2722,229
252.70,2675,227
253.50,2581,220
254.30,2410,213
255.09,2285,228
255.89,2254,228
256.68,2207,228
257.48,2192,225
258.28,2145,224
259.07,2114,227
259.87,2114,224
260.66,2083,228
261.46,2067,226
262.26,2051,225
263.06,1864,214
263.86,1849,215
264.66,1989,214
265.46,1974,226
266.26,1958,227
267.06,1989,225
267.86,2036,218
268.66,1615,221
269.46,1599,230
270.29,1615,233
271.09,1631,212
271.90,4109,213
272.70,4187,216
273.50,4156,211
274.31,4156,218
275.11,4140,217
275.92,4124,215
276.72,4109,197
277.52,4093,217
278.33,4078,216
279.13,4576,174
279.92,4561,224
280.72,4561,220
281.51,3891,216
282.31,2207,231
283.11,2207,232
283.90,2207,230
284.70,2207,233
285.49,2207,230
286.29,2192,232
287.09,2192,231
287.88,2192,233
288.68,2192,232
289.44,2192,232
290.23,2192,231
291.02,2192,225
291.81,1943,218
292.60,1927,218
293.39,1911,219
294.18,1911,217
294.97,1911,214
295.76,1896,216
296.55,2192,220
297.34,2254,230
298.13,2597,227
298.96,2597,231
299.77,1771,216
300.59,1755,222
301.40,1771,217
302.21,2301,216
303.02,2628,229
303.84,2644,230
304.65,2659,229
305.46,2659,230
306.27,2675,228
307.09,2691,229
307.90,2691,227
308.69,2706,229
309.48,2722,223
310.28,2395,214
311.07,2363,219
311.86,2379,217
312.66,2800,216
313.45,2831,224
314.25,2893,222
315.04,3548,220
315.83,3626,223
316.63,3688,223
317.42,3735,214
318.21,1958,222
319.00,1958,220
319.80,5122,222
320.59,5153,224
321.38,5184,225
322.17,5231,223
322.97,4919,219
323.76,4888,216
324.55,3517,218
325.34,3626,218
326.14,3750,216
326.93,3938,215
327.76,4078,213
328.55,4202,222
329.34,4265,226
330.13,4296,227
330.92,4343,226
331.71,4405,224
332.50,4452,224
333.29,4499,223
334.08,4561,223
334.87,4623,223
335.66,4686,224
336.45,4732,221
337.50,2239,225
338.29,2207,225
339.09,2176,225
339.88,2145,228
340.67,2130,226
341.47,2098,226
342.26,2067,226
343.06,2052,225
343.85,2020,226
344.64,2005,223
345.44,1989,224
346.23,1958,223
347.03,1943,221
347.79,1943,221
348.56,1927,219
349.32,2659,219
350.08,2628,220
350.84,2613,219
351.61,2582,218
352.37,2566,218
353.13,2566,217
353.89,2036,215
354.66,2067,215
355.42,2005,216
356.22,2020,215
357.01,2067,214
357.81,2067,215
358.60,2052,215
359.39,2426,216
0.19,2052,213
0.98,2036,214
1.78,1989,213
2.57,2020,212
3.36,2020,212
4.16,2020,212
4.95,1693,214
5.74,1678,214
6.51,2020,212
7.29,2254,212
8.06,2192,211
8.83,1943,210
9.61,1709,213
10.38,1678,206
11.16,1678,210
11.93,1678,216
12.70,1771,214
13.48,1787,217
14.25,1802,217
15.04,1818,212
15.81,1943,215
16.57,1927,219
17.34,1927,220
18.11,1911,218
18.88,1911,220
19.64,1896,218
20.41,1880,217
21.18,1880,215
21.95,1880,215
22.71,1865,211
23.48,1787,213
24.23,1989,210
25.02,1974,212
25.82,2332,219
26.61,2332,220
27.40,1943,211
28.20,2395,218
28.99,2457,210
29.79,3127,225
30.58,3127,223
31.37,3143,222
32.17,3158,223
32.96,3158,223
33.79,3174,224
34.58,3174,224
35.36,3189,225
36.15,3205,225
36.94,3221,222
37.72,3236,225
38.51,3252,223
39.29,3236,218
40.08,3252,180
40.87,3267,168
41.65,3267,151
42.44,3345,171
43.24,3345,142
44.03,3345,109
44.83,3376,116
45.62,3392,116
46.41,3408,135
47.21,3470,217
48.00,3563,229
48.80,3563,229
49.59,3595,226
50.38,3657,210
51.18,3797,193
51.97,3844,216
52.72,3797,223
53.51,3704,220
54.31,3626,219
55.10,3532,216
55.89,3486,215
56.69,2909,222
57.48,2909,213
58.28,2940,213
59.07,1989,229
59.86,2005,233
60.66,2020,230
61.45,2020,232
62.28,2036,231
63.05,2052,231
63.83,2067,232
64.60,2083,230
65.37,2098,232
66.15,2114,232
66.92,2130,232
67.70,2145,230
68.47,2161,231
69.24,2176,231
70.02,2192,231
70.79,2223,231
71.58,2239,229
72.38,2254,229
73.17,2285,228
73.97,2301,229
74.77,2332,228
75.56,2348,228
76.36,2379,228
77.15,2410,227
77.95,2410,228
78.75,2379,226
79.54,2379,224
80.34,2207,220
81.10,2207,224
81.91,2270,223
82.71,2317,223
83.52,2083,230
84.33,2067,230
85.13,2067,231
85.94,2067,229
86.74,2083,230
87.55,2270,218
88.36,2301,232
89.16,2317,232
89.97,2332,232
90.80,2332,229
91.56,2223,223
92.31,2207,229
93.07,2223,230
93.83,2410,215
94.59,2426,184
95.34,2130,135
96.10,2083,116
96.86,2067,138
97.62,2067,103
98.37,2020,93
99.13,1974,113
99.88,337,132
100.68,330,193
101.48,340,138
102.28,325,155
103.08,1927,145
103.88,1865,151
104.68,372,168
105.48,354,203
106.28,216,210
107.08,216,216
107.88,216,213
108.68,1849,210
109.44,1880,187
110.26,256,210
111.08,229,215
111.90,229,216
112.72,222,214
113.54,1662,216
114.35,1662,217
115.17,1974,206
115.99,2020,230
116.81,2020,231
117.63,2363,212
118.45,2379,225
119.28,2363,224
120.09,2348,216
120.91,2098,227
121.72,1319,227
122.53,1319,225
123.34,2270,221
124.16,1413,226
124.97,1413,222
125.78,2052,211
126.59,2005,213
127.41,2192,222
128.22,2176,227
129.02,2176,229
129.81,2161,227
130.61,1740,227
131.40,1740,218
132.19,2130,220
132.99,2114,225
133.78,2036,227
134.58,2067,214
135.37,2363,229
136.16,2379,222
136.96,2363,231
137.75,2363,227
138.54,2348,227
139.31,2348,228
140.07,2332,228
140.84,2332,221
141.61,1148,229
142.38,2317,217
143.14,2317,222
143.91,1631,226
144.68,2301,220
145.45,2285,228
146.21,2285,224
146.98,2285,225
147.73,2270,224
148.52,2270,223
149.32,2270,220
150.11,2270,221
150.90,1179,221
151.70,1179,226
152.49,1662,223
153.29,1989,215
154.08,1989,222
154.87,1989,222
155.67,2005,220
156.46,2005,220
157.29,2270,215
158.08,2270,215
158.86,2286,217
159.65,2286,217
160.44,2286,216
161.22,2286,216
162.01,2286,218
162.79,1927,215
163.58,1927,221
164.37,1927,221
165.15,1943,222
165.94,1709,218
166.74,1724,213
167.58,1974,219
168.41,2005,221
169.25,2067,215
170.08,2083,214
170.92,2379,215
171.75,2395,211
172.59,1241,221
173.42,1257,217
174.26,2130,214
175.09,1350,216
175.93,1335,225
176.69,1350,218
177.48,2176,214
178.28,2488,214
179.07,2208,213
179.86,2519,214
180.66,2519,211
181.45,2551,213
182.25,2566,212
183.04,2582,211
183.83,2597,212
184.63,2628,213
185.42,2597,214
186.25,2504,210
187.04,2426,214
187.82,2395,221
188.61,2363,225
189.40,2379,219
190.18,2379,218
190.97,2410,218
191.75,2426,219
192.54,2457,217
193.33,2473,218
194.11,2504,219
194.90,2519,219
195.69,2551,220
196.47,2582,217
197.25,2613,216
198.03,2644,217
198.81,2675,171
199.59,1989,212
200.37,2738,210
201.15,2769,216
201.93,2800,219
202.71,1880,218
203.49,2130,221
204.27,2067,214
205.03,2099,226
205.82,2099,225
206.62,2099,227
207.41,2099,225
208.20,2083,227
209.00,2083,225
209.79,2083,228
210.59,2083,228
211.38,2067,227
212.17,2067,225
212.97,2067,228
213.76,2067,226
214.55,2067,229
215.34,2067,231
216.13,2067,229
216.92,2067,229
217.71,2067,230
218.50,2067,230
219.29,2067,229
220.08,2067,230
220.87,2067,230
221.66,2067,229
222.45,2067,230
223.24,2083,228
224.03,2083,228
224.82,2083,229
225.62,2083,228
226.41,2099,227
227.20,2099,227
228.00,2114,223
228.79,2114,226
229.59,2114,223
230.38,2130,221
231.17,2130,220
231.97,2145,222
232.76,2161,221
233.51,2161,220
234.30,2161,219
235.10,2130,215
235.89,2192,225
236.68,2208,234
237.48,2925,219
238.27,2192,211
239.07,2192,212
239.86,2971,222
240.65,2987,222
241.45,3018,222
242.24,3034,222
243.04,3049,221
243.82,3065,216
244.59,2956,211
245.37,3096,214
246.15,3034,210
246.92,3158,224
247.70,1662,217
248.47,1491,217
249.25,1491,220
250.03,1491,218
250.80,2473,145
251.58,2722,226
252.37,2691,225
253.16,2597,220
253.96,2410,212
254.75,2286,225
255.54,2254,228
256.34,2208,228
257.13,2192,228
257.93,2145,226
258.72,2114,226
259.51,2114,225
260.31,2083,228
261.10,2067,228
262.47,2052,227
263.27,1849,213
264.06,1849,217
264.86,1896,214
265.66,1974,228
266.45,1958,230
267.25,1974,225
268.04,2021,219
268.84,1631,218
269.64,1600,233
270.43,1615,234
271.23,1631,214
272.03,4125,212
272.82,4187,216
273.60,4171,206
274.39,4140,217
275.18,4125,217
275.96,4125,216
276.75,4109,177
277.53,4094,216
278.32,4078,216
279.11,4592,164
279.89,4561,224
280.68,4561,218
281.47,3891,218
282.26,2208,231
283.06,2208,231
283.85,2208,232
284.64,2208,234
285.44,2208,231
286.23,2192,231
287.03,2192,231
287.82,2192,233
288.61,2192,232
289.41,2192,232
290.20,2192,235
290.99,2192,223
291.80,1943,219
292.60,1927,219
293.41,1927,220
294.22,1912,219
295.02,1896,217
295.83,1912,218
296.63,2192,221
297.44,2254,230
298.25,2597,227
299.05,2597,230
299.86,1771,217
300.62,1756,221
301.43,1771,216
302.23,2628,217
303.04,2644,229
303.85,2644,229
304.65,2660,230
305.46,2660,229
306.26,2675,229
307.07,2691,231
307.88,2706,227
308.68,2706,226
309.49,2722,221
310.28,2363,214
311.07,2379,221
311.87,2395,219
312.66,2800,221
313.45,2831,225
314.25,2893,219
315.04,3579,223
315.84,3642,224
316.63,3704,225
317.42,1958,216
318.22,1943,223
319.01,1958,218
319.80,5122,225
320.60,5153,221
321.39,5200,223
322.19,5247,221
322.99,4904,221
323.79,3517,216
324.58,3532,216
325.38,3657,218
326.18,3813,214
326.98,3953,216
327.77,4125,216
328.57,4218,220
329.33,4265,225
330.15,4312,226
330.98,4359,225
331.80,4421,226
332.63,4468,225
333.45,4530,224
334.28,4592,224
335.10,4639,223
335.93,4701,223
336.75,4764,216
337.58,2223,227
338.40,2192,226
339.23,2161,226
340.02,2130,225
340.81,2099,226
341.60,2083,225
342.39,2067,225
343.18,2052,225
343.97,2021,224
344.76,1989,223
345.55,1974,222
346.34,1958,223
347.13,1943,222
347.92,1943,219
348.72,2660,217
349.50,2644,219
350.28,2628,218
351.06,2597,219
351.84,2582,219
352.62,2566,218
353.40,2036,216
354.18,2021,217
354.96,2036,216
355.74,2021,215
356.52,2473,215
357.30,2052,215
358.06,2036,214
358.86,2036,214
359.65,1989,216
0.45,2021,213
1.25,2395,214
2.04,2005,212
2.84,2036,211
3.63,2021,213
4.43,2286,213
5.23,1678,217
6.02,1678,210
6.82,2270,213
7.40,2254,212
8.17,2192,211
8.93,1802,210
9.70,1693,212
10.47,1678,171
11.23,1678,211
12.00,1693,219
12.76,1802,215
13.53,1802,217
14.30,1802,214
15.06,1834,211
15.83,1943,218
16.63,1927,219
17.41,1927,219
18.18,1912,220
18.96,1912,218
19.74,1896,218
20.51,1896,217
21.29,1880,214
22.06,1865,213
22.84,1771,211
23.62,1802,211
24.39,1958,212
25.17,1958,180
25.96,2332,222
26.76,2348,217
27.55,2379,211
28.35,2410,216
29.15,3127,217
29.95,3127,224
30.74,3127,223
31.54,3143,223
32.34,3158,224
33.14,3158,226
33.93,3174,224
34.73,3174,221
35.52,3190,225
36.31,3205,223
37.09,3221,224
37.88,3236,225
38.67,3267,223
39.45,3236,215
40.24,3267,171
41.02,3314,174
41.81,3314,164
42.60,3330,151
43.38,3330,119
44.17,3377,113
45.00,3392,116
45.80,3408,122
46.60,3423,138
47.40,3486,220
48.20,3564,228
49.00,3564,227
49.80,3610,218
50.60,3610,210
51.40,3813,212
52.20,3751,217
53.00,3782,227
53.80,3673,219
54.59,3595,217
55.39,3517,217
56.18,2909,213
56.98,2909,223
57.78,3330,213
58.58,2909,212
59.37,1989,231
60.17,2005,233
60.97,2021,234
61.77,2036,230
62.56,2052,232
63.36,2052,230
64.11,2067,231
64.89,2083,231
65.66,2099,232
66.44,2114,233
67.22,2130,231
68.00,2145,231
68.77,2161,229
69.55,2176,230
70.33,2208,231
71.11,2223,230
71.88,2239,230
72.66,2270,228
73.49,2286,228
74.28,2301,228
75.07,2332,228
75.86,2363,229
76.65,2379,229
77.44,2410,228
78.23,2395,227
79.02,2379,228
79.81,2379,219
80.60,2208,223
81.39,2223,226
82.18,2317,228
82.65,2099,218
83.44,2083,229
84.24,2067,230
85.03,2067,230
85.82,2067,230
86.61,2083,229
87.41,2301,223
88.20,2301,233
88.99,2317,232
89.78,2317,232
90.58,2332,230
91.37,2223,225
92.17,2223,227
92.97,2223,228
93.78,2426,219
94.58,2130,190
95.38,2083,109
96.18,2067,103
96.99,2052,129
97.79,2021,119
98.59,1989,113
99.39,1974,109
100.20,151,106
101.00,1927,119
101.83,1943,132
102.62,1943,126
103.41,1912,158
104.20,323,161
104.99,1880,145
105.78,387,138
106.57,202,210
107.36,209,216
108.15,212,213
108.94,1849,210
109.73,216,203
110.52,222,210
111.31,225,214
112.08,227,216
112.84,228,214
113.61,1662,217
114.38,1678,219
115.15,1958,200
115.91,2005,231
116.68,2005,230
117.45,2379,213
118.22,2379,223
118.98,2363,226
119.75,2332,218
120.51,2099,228
121.30,1319,226
122.09,1319,228
122.88,2270,224
123.67,1413,228
124.46,1413,224
125.25,1444,210
126.04,2021,212
126.83,2208,218
127.62,2192,225
128.41,2176,226
129.20,2161,227
130.03,1740,229
130.82,1740,220
131.61,2114,219
132.40,2099,227
133.19,2052,228
133.98,2067,215
134.77,2348,227
135.56,2395,224
136.35,2363,229
137.14,2363,228
137.93,2348,230
138.72,2348,229
139.51,2332,227
140.33,2332,225
141.15,1148,227
141.97,1163,217
142.79,2301,224
143.61,1631,226
144.43,2301,219
145.25,2286,222
146.07,2286,225
146.89,2270,223
147.71,2286,223
148.53,2270,221
149.28,2270,222
150.10,2270,219
150.93,1179,216
151.75,1179,226
152.57,1662,220
153.39,1678,214
154.22,1989,223
155.04,1989,224
155.86,1989,221
156.68,1989,219
157.51,2005,217
158.33,2005,214
159.13,2286,215
159.92,2270,216
160.71,2286,216
161.50,2286,215
162.29,2286,217
163.08,1927,214
163.87,1927,221
164.66,1927,223
165.45,1943,220
166.24,1709,216
167.03,1709,214
167.82,1974,221
168.65,2005,221
169.45,2083,215
170.25,2083,213
171.05,2083,214
171.85,2099,211
172.65,1241,222
173.44,1257,217
174.24,2145,214
175.04,1350,215
175.84,1335,222
176.64,1350,217
177.44,2176,213
178.24,2488,213
179.08,2208,214
179.91,2208,213
180.75,2239,212
181.58,2551,213
182.42,2566,212
183.25,2286,211
184.09,2613,211
184.92,2628,212
185.76,2332,212
186.59,2363,210
187.43,2410,215
188.19,2395,221
188.98,2363,220
189.78,2363,219
190.57,2395,219
191.36,2395,219
192.15,2441,221
192.95,2457,219
193.74,2488,218
194.53,2519,220
195.32,2535,217
196.12,2566,220
196.91,2597,218
197.71,2628,217
198.49,2628,216
199.26,1974,180
200.04,1989,210
200.82,2738,214
201.59,2784,218
202.37,2800,218
203.14,1880,215
203.92,2099,215
204.70,2083,219
205.47,2114,227
206.25,2099,225
207.05,2099,226
207.85,2083,227
208.64,2083,226
209.44,2083,227
210.24,2083,227
211.03,2067,227
211.83,2067,227
212.62,2067,229
213.42,2067,228
214.22,2067,229
215.01,2067,230
215.81,2067,229
216.57,2067,228
217.36,2067,229
218.15,2067,229
218.94,2067,228
219.73,2067,230
220.52,2067,229
221.31,2067,232
222.10,2067,229
222.89,2083,230
223.68,2083,229
224.47,2083,229
225.26,2083,228
226.09,2099,227
226.86,2099,227
227.64,2099,225
228.41,2114,225
229.18,2114,224
229.95,2114,223
230.73,2130,221
231.50,2145,222
232.27,2161,222
233.04,2161,221
233.82,2161,220
234.59,2176,216
235.39,2145,217
236.19,2192,230
236.98,2208,218
237.78,2925,213
238.58,2192,214
239.37,2971,211
240.17,2987,223
240.96,3003,224
241.76,3018,221
242.56,3049,221
243.35,3065,220
244.15,2956,213
244.91,3112,214
245.71,3034,211
246.51,3158,214
247.31,3190,219
248.11,1647,218
248.91,1491,219
249.71,1491,221
250.51,1506,203
251.31,2738,214
252.11,2706,230
252.91,2660,226
253.71,2582,210
254.53,2301,216
255.33,2270,228
256.14,2239,228
256.94,2192,227
257.74,2161,225
258.55,2130,226
259.35,2099,226
260.16,2099,228
260.96,2067,229
261.76,2052,228
262.57,2052,220
263.37,1849,215
264.16,1849,215
264.95,1974,223
265.75,1974,227
266.54,1958,228
267.33,1989,222
268.13,2052,218
268.92,1615,228
269.72,1600,234
270.51,1615,227
271.30,4156,161
272.10,4125,215
272.89,4171,210
273.68,4156,219
274.49,4140,218
275.30,4125,218
276.11,4125,215
276.92,4094,168
277.73,4078,217
278.54,4078,177
279.35,4561,219
280.16,4561,225
280.97,3907,220
281.78,2208,219
282.59,2223,234
283.38,2208,232
284.21,2208,231
285.03,2208,230
285.86,2208,232
286.69,2192,233
287.51,2192,234
288.34,2192,231
289.16,2192,232
289.99,2192,234
290.82,2192,230
291.64,1943,217
292.47,1927,217
293.26,1912,218
294.05,1912,220
294.85,1912,219
295.64,1912,217
296.43,1912,215
297.23,2239,235
298.02,2582,216
298.82,2597,230
299.61,2597,227
300.40,1771,220
301.20,1771,220
301.99,2317,212
302.78,2628,224
303.57,2644,229
304.37,2660,231
305.16,2660,228
305.95,2675,229
306.75,2675,228
307.54,2691,229
308.34,2706,230
309.13,2722,227
309.92,2426,213
310.72,2363,217
311.51,2379,219
312.30,2410,215
313.09,2815,223
313.88,2862,223
314.67,3548,214
315.46,3610,222
316.25,3673,225
317.04,3704,222
317.83,1958,220
318.62,1958,222
319.41,5122,215
320.20,5138,221
320.99,5185,222
321.82,5231,222
322.61,5262,216
323.40,4888,223
324.19,3517,219
324.98,3595,217
325.77,3735,218
326.56,3875,215
327.35,4016,215
328.14,4187,217
328.93,4234,223
329.72,4296,226
330.51,4327,225
331.30,4390,225
332.12,4436,223
332.94,4483,225
333.76,4546,223
334.58,4608,224
335.40,4670,224
336.22,4733,222
337.04,2239,217
337.86,2208,226
338.68,2176,226
339.50,2161,226
340.32,2130,223
341.07,2099,226
341.86,2083,225
342.66,2067,224
343.45,2036,223
344.24,2021,224
345.04,1989,222
345.83,1989,221
346.63,1958,220
347.42,1943,219
348.21,1943,219
349.01,2660,220
349.80,2660,220
350.63,2613,220
351.39,2582,221
352.15,2582,222
352.91,2582,217
353.67,2067,216
354.43,2021,219
355.20,2052,217
355.96,2504,214
356.72,2036,214
357.48,2052,214
358.24,1989,215
359.00,2441,215
359.79,2021,215
0.57,2036,215
1.34,1943,212
2.12,2036,213
2.90,2021,213
3.67,1989,211
4.45,2301,211
5.22,1678,217
6.00,1693,180
6.78,2270,212
7.55,1989,212
8.33,1974,211
9.09,1912,210
9.88,1693,211
10.68,1678,197
11.47,1678,213
12.26,1693,218
13.06,1802,214
13.85,1787,218
14.65,1818,215
15.44,1865,212
16.23,1943,219
17.03,1927,219
17.82,1912,219
18.65,1912,218
19.40,1912,217
20.14,1896,218
20.89,1896,216
21.64,1880,216
22.39,1865,215
23.13,1771,211
23.88,1802,210
24.63,1974,212
25.38,1989,177
26.12,2332,220
26.87,2348,215
27.66,2410,212
28.45,2410,219
29.25,3127,217
30.04,3127,223
30.83,3143,225
31.63,3143,225
32.42,3158,222
33.22,3158,224
34.01,3174,224
34.80,3174,224
35.60,3190,223
36.39,3205,223
37.18,3221,225
37.97,3236,224
38.76,3267,224
39.55,3236,213
40.34,3252,168
41.13,3314,148
41.92,3299,142
42.71,3345,119
43.50,3345,129
44.29,3361,161
45.08,75,109
45.87,3392,158
46.70,3439,187
47.49,3486,219
48.27,3564,229
49.06,3564,229
49.85,3610,217
50.63,3626,203
51.42,3797,213
52.20,3751,218
52.99,3782,227
53.78,3673,220
54.56,3595,215
55.35,3517,218
56.15,2909,217
56.94,2909,222
57.74,3314,214
58.53,1989,215
59.32,1989,230
60.12,2005,231
60.91,2021,235
61.71,2036,230
62.50,2036,230
63.29,2052,230
64.09,2067,233
64.88,2083,231
65.67,2099,232
66.48,2114,230
67.29,2130,231
68.10,2145,229
68.91,2161,231
69.72,2192,231
70.52,2208,231
71.33,2223,231
72.14,2239,230
72.95,2270,229
73.76,2301,229
74.57,2317,227
75.37,2348,227
76.14,2363,228
76.91,2395,227
77.68,2426,229
78.45,2379,223
79.22,2379,231
79.99,2223,214
80.76,2207,224
81.53,2223,224
82.30,2317,231
83.07,2098,224
83.84,2067,230
84.67,2067,230
85.46,2067,230
86.25,2083,229
87.04,2098,229
87.83,2301,231
88.62,2301,233
89.41,2317,231
90.20,2332,230
90.99,2254,220
91.78,2223,228
92.57,2223,230
93.36,2223,226
94.15,2426,220
94.95,2130,142
95.74,2145,119
96.54,2052,132
97.34,2052,132
98.13,2020,126
98.93,1974,142
99.72,1958,119
100.52,1989,142
101.32,1943,158
102.11,1927,119
102.91,1896,145
103.67,1880,119
104.46,1865,158
105.26,337,145
106.05,283,151
106.84,202,213
107.64,202,215
108.43,209,214
109.23,1849,214
110.02,202,211
110.81,209,212
111.61,219,218
112.40,217,214
112.94,1646,215
113.73,1662,220
114.53,1677,215
115.32,2005,220
116.11,2005,231
116.90,2020,223
117.70,2379,224
118.49,2363,226
119.28,2348,226
120.07,2114,224
120.87,2098,224
121.66,1303,227
122.46,1319,215
123.26,1412,220
124.06,1412,226
124.86,1428,220
125.66,2020,211
126.46,2207,213
127.25,2192,222
128.05,2176,227
128.85,2161,227
129.65,2161,221
130.45,1740,229
131.25,2129,216
132.01,2098,222
132.80,2067,223
133.60,2051,226
134.39,2301,220
135.18,2379,233
135.98,2379,221
136.77,2363,229
137.57,2363,227
138.36,2348,229
139.15,2332,227
139.95,2332,228
140.74,1147,218
141.57,1163,227
142.38,2301,224
143.20,2316,216
144.01,1646,220
144.82,2285,223
145.63,2285,226
146.45,2285,223
147.26,2285,221
148.07,2285,223
148.88,2270,222
149.70,2270,219
150.51,2270,220
151.30,1179,225
152.09,1179,223
152.89,1662,223
153.68,1989,219
154.47,1989,224
155.27,1989,225
156.06,1989,222
156.86,2005,223
157.65,1989,216
158.44,2005,216
159.24,2285,216
160.03,2285,215
160.79,2285,217
161.59,2301,216
162.38,2270,216
163.18,1927,219
163.98,1927,221
164.77,1942,219
165.57,1942,221
166.36,1709,220
167.16,1958,215
167.96,1989,222
168.75,2005,217
169.55,2067,214
170.34,2083,215
171.16,2098,216
171.97,1257,218
172.79,1257,222
173.61,2129,214
174.42,2129,213
175.24,1335,218
176.05,1335,227
176.87,2457,212
177.69,2176,214
178.50,2192,215
179.32,2207,212
180.11,2535,211
180.93,2550,212
181.74,2550,212
182.56,2270,211
183.38,2597,210
184.19,2581,210
185.01,2597,213
185.82,2348,211
186.64,2457,212
187.46,2394,215
188.27,2363,224
189.09,2348,220
189.88,2379,219
190.68,2394,220
191.47,2426,219
192.27,2441,217
193.07,2457,217
193.87,2503,218
194.66,2503,220
195.46,2550,218
196.26,2581,216
197.06,2597,217
197.85,2628,218
198.65,2659,213
199.41,1989,210
200.19,1989,177
200.96,2768,216
201.74,2800,218
202.52,1880,215
203.29,2129,220
204.07,2067,213
204.84,2114,227
205.62,2098,226
206.40,2098,225
207.17,2098,225
207.95,2083,228
208.78,2083,227
209.57,2083,226
210.35,2083,226
211.14,2067,228
211.93,2067,228
212.71,2067,229
213.50,2067,228
214.28,2067,229
215.07,2067,228
215.86,2067,230
216.64,2067,231
217.43,2067,229
218.22,2067,230
219.02,2067,230
219.81,2067,230
220.61,2067,229
221.41,2067,231
222.21,2067,229
223.00,2083,231
223.80,2083,230
224.60,2083,230
225.40,2083,227
226.19,2098,227
226.99,2098,228
227.75,2098,228
228.54,2114,225
229.33,2114,225
230.12,2114,223
230.91,2129,224
231.70,2145,222
232.48,2161,220
233.27,2161,220
234.06,2176,220
234.85,2145,216
235.64,2161,224
236.43,2192,235
237.26,2924,221
238.05,2192,210
238.84,2192,213
239.63,2971,221
240.42,2987,224
241.21,3002,224
242.01,3018,223
242.80,3049,221
243.59,3065,216
244.38,2955,211
245.17,3111,216
245.96,3018,210
246.75,3158,220
247.55,3189,218
248.34,1506,216
249.14,1490,221
249.94,1490,218
250.73,2457,210
251.53,2737,220
252.32,2690,226
253.12,2659,221
253.92,2426,211
254.71,2301,224
255.51,2270,231
256.27,2223,227
257.06,2192,227
257.85,2161,223
258.64,2114,226
259.43,2098,227
260.22,2098,226
261.01,2067,227
261.80,2051,226
262.59,2036,216
263.38,1849,214
264.17,1864,212
264.96,1974,226
265.79,1958,229
266.58,1958,227
267.37,2005,222
268.16,2051,217
268.95,1615,229
269.74,1599,234
270.53,1615,223
271.32,4171,171
272.11,4156,215
272.90,4171,184
273.69,4156,218
274.48,4140,217
275.27,4124,218
276.10,4109,214
276.93,4093,200
277.76,4078,215
278.59,4078,171
279.42,4561,220
280.24,4561,225
281.07,3891,222
281.90,2207,221
282.73,2223,232
283.56,2207,231
284.39,2207,232
285.19,2207,230
286.00,2207,232
286.80,2207,232
287.61,2192,232
288.41,2192,234
289.22,2192,230
290.02,2192,235
290.83,2192,231
291.63,2192,219
292.44,1927,219
293.24,1911,217
294.05,1911,217
294.85,1911,218
295.64,1911,214
296.43,1927,215
297.22,2254,232
298.01,2316,217
298.80,2597,230
299.59,2613,228
300.38,1771,220
301.17,1755,220
301.96,2301,213
302.75,2628,223
303.54,2644,231
304.33,2644,230
305.12,2659,229
305.91,2675,230
306.70,2675,229
307.49,2690,228
308.28,2706,228
309.07,2722,226
309.86,2426,212
310.65,2363,217
311.44,2379,219
312.23,2394,217
313.02,2815,224
313.82,2862,224
314.62,3532,214
315.41,3594,222
316.21,3657,224
317.01,3704,222
317.80,1958,221
318.60,1958,220
319.39,5106,212
320.19,5137,224
320.99,5169,222
321.78,5184,221
322.58,5247,218
323.34,4904,222
324.13,3517,220
324.93,3563,217
325.72,3688,216
326.51,3828,214
327.31,3984,215
328.10,4156,218
328.90,4218,222
329.69,4280,227
330.48,4327,226
331.28,4374,225
332.07,4436,224
332.90,4483,225
333.73,4545,224
334.56,4592,223
335.38,4654,223
336.21,4717,223
337.04,2254,213
337.87,2223,226
338.70,2192,227
339.53,2161,224
340.35,2129,226
341.18,2098,227
342.01,2083,226
342.80,2051,224
343.60,2036,223
344.39,2020,223
345.19,1989,223
345.99,1974,221
346.79,1958,222
347.58,1942,219
348.38,1927,218
349.18,2675,218
349.98,2644,218
350.77,2613,221
351.57,2597,219
352.36,2581,220
353.09,2566,216
353.82,2051,216
354.55,2067,217
355.28,2067,216
356.01,2083,216
356.75,2036,216
357.48,2083,214
358.21,2067,214
358.94,2051,216
359.67,2067,214
0.40,2036,213
1.23,2394,214
1.99,2036,212
2.74,2051,214
3.50,2036,212
4.26,2301,210
5.02,1677,215
5.77,1974,210
6.53,2254,212
7.29,2254,214
8.05,2005,212
8.80,1709,211
9.56,1693,211
10.35,1662,168
11.15,1646,212
11.94,1693,217
12.74,1787,216
13.54,1787,218
14.33,1802,214
15.13,1864,211
15.92,1942,219
16.72,1927,216
17.52,1911,219
18.31,1911,219
19.11,1911,218
19.87,1896,218
20.70,1880,217
21.54,1880,216
22.37,1880,215
23.20,1771,212
24.03,1802,211
24.87,1958,211
25.70,1974,158
26.53,2332,222
27.36,2348,215
28.20,2394,211
29.03,2394,216
29.86,3127,219
30.59,3127,225
31.32,3127,223
32.05,3142,224
32.78,3142,223
33.51,3158,223
34.25,3174,224
34.98,3189,224
35.71,3189,223
36.44,3205,224
37.17,3220,226
37.90,3236,224
38.69,3267,222
39.49,3252,212
40.28,3252,177
41.08,3298,132
41.88,3298,145
42.68,3330,116
43.47,90,135
44.27,3376,119
45.07,3376,100
45.87,3392,126
46.66,3423,197
47.46,3485,221
48.21,3563,230
49.00,3579,228
49.79,3610,217
50.58,3626,211
51.37,3828,214
52.16,3766,218
52.95,3766,226
53.74,3657,219
54.53,3563,216
55.32,3485,218
56.11,2909,221
56.90,2909,222
57.73,3330,212
58.52,1989,219
59.31,2005,232
60.10,2005,232
60.89,2020,231
61.68,2036,232
62.47,2051,232
63.26,2051,229
64.05,2067,232
64.84,2083,232
65.63,2098,231
66.42,2114,231
67.50,2129,231
68.29,2161,230
69.09,2161,231
69.88,2192,230
70.67,2207,230
71.47,2238,231
72.26,2254,230
73.06,2270,230
73.85,2301,230
74.64,2316,227
75.44,2348,229
76.23,2379,227
77.02,2394,228
77.79,2410,229
78.55,2379,223
79.32,2379,229
80.09,2223,219
80.86,2207,226
81.62,2238,222
82.39,2316,229
83.16,2083,229
83.93,2067,230
84.69,2067,229
85.46,2067,230
86.25,2083,230
87.04,2114,221
87.83,2301,232
88.62,2316,231
89.41,2316,232
90.20,2332,231
90.99,2223,223
91.78,2223,231
92.57,2223,231
93.36,2223,221
94.15,2426,214
94.94,2161,126
95.74,2114,100
96.54,2051,138
97.35,75,142
98.15,2020,145
98.95,1974,106
99.75,1974,145
100.56,1958,145
101.36,1911,109
102.16,1942,145
102.96,1896,174
103.77,1880,177
104.57,1864,171
105.36,1849,138
106.18,229,210
107.00,222,216
107.82,225,212
108.64,213,210
109.46,1864,210
110.28,1927,184
111.10,243,216
111.92,236,216
112.74,232,213
113.56,1646,217
114.38,1662,220
115.14,1927,210
115.93,2020,231
116.73,2020,231
117.52,2394,211
118.31,2379,224
119.10,2363,229
119.90,2348,218
120.69,2098,226
121.48,1303,225
122.27,1319,226
123.07,2270,223
123.86,1397,228
124.69,1412,224
125.48,2238,213
126.26,2005,214
127.05,2192,221
127.84,2176,226
128.62,2176,231
129.41,2161,226
130.19,1740,225
130.98,1740,217
131.77,2129,222
132.55,2114,224
133.34,2051,227
134.14,2067,217
134.95,2348,227
135.76,2394,224
136.57,2363,228
137.38,2348,228
138.19,2348,228
138.99,2348,227
139.80,2332,229
140.61,2332,224
141.42,1147,228
142.23,1163,216
143.04,2301,224
143.80,1615,226
144.59,2285,222
145.39,2285,225
146.18,2285,225
146.97,2270,224
147.77,2285,224
148.56,2270,222
149.36,2270,222
150.15,2270,220
150.94,1179,217
151.74,1179,225
152.53,1662,220
153.36,2270,212
154.15,1989,223
154.93,1989,221
155.72,2005,222
156.51,2005,219
157.29,2270,215
158.08,2005,217
158.86,2285,215
159.65,2285,216
160.44,2270,217
161.22,2301,217
162.01,2301,217
162.80,1927,213
163.60,1927,221
164.39,1927,221
165.19,1942,221
165.99,1709,214
166.79,1709,214
167.58,1958,221
168.38,2005,221
169.18,2067,215
169.98,2083,216
170.77,2083,214
171.57,2098,213
172.76,1241,221
173.55,1257,219
174.35,2129,216
175.14,1366,212
175.93,1335,223
176.72,1335,222
177.52,2176,215
178.31,2192,213
179.10,2207,213
179.89,2223,211
180.69,2238,212
181.48,2535,213
182.31,2566,212
183.07,2597,210
183.83,2301,212
184.59,2628,211
185.35,2628,212
186.11,2535,210
186.88,2379,213
187.64,2394,219
188.40,2363,224
189.16,2363,220
189.92,2379,219
190.68,2410,222
191.47,2426,220
192.26,2441,219
193.06,2472,220
193.85,2503,219
194.64,2519,217
195.44,2550,219
196.23,2581,218
197.03,2613,218
197.82,2628,218
198.61,2659,206
199.41,1989,212
200.20,2737,210
200.99,2768,217
201.80,2800,219
202.60,1880,217
203.41,2129,221
204.22,2067,213
205.02,2114,228
205.83,2098,224
206.63,2098,225
207.44,2098,225
208.25,2083,228
209.05,2083,226
209.86,2083,225
210.65,2067,227
211.44,2067,227
212.22,2067,229
213.01,2067,228
213.80,2067,229
214.59,2067,230
215.37,2067,231
216.16,2067,230
216.95,2067,230
217.74,2067,229
218.52,2067,230
219.31,2067,231
220.14,2067,231
220.93,2067,229
221.72,2067,231
222.51,2067,231
223.30,2083,228
224.09,2083,231
224.88,2083,231
225.67,2083,230
226.46,2098,228
227.25,2098,227
228.04,2098,228
228.83,2114,227
229.62,2114,227
230.38,2129,227
231.15,2129,224
231.91,2145,223
232.67,2145,222
233.44,2161,223
234.20,2161,220
234.97,2145,217
235.73,2192,224
236.49,2192,232
237.26,2924,218
238.02,2192,184
238.78,2192,214
239.59,2971,218
240.39,2987,221
241.20,3002,223
242.01,3018,222
242.81,3049,220
243.62,3065,217
244.42,2940,212
245.23,3096,215
246.04,3033,210
246.84,3158,219
247.65,3189,217
248.48,1662,216
249.27,1490,219
250.06,1490,220
250.85,2488,148
251.64,2737,218
252.43,2690,229
253.22,2659,222
254.01,2426,187
254.80,2301,220
255.59,2270,229
256.38,2223,228
257.17,2192,227
257.96,2161,225
258.74,2129,229
259.52,2098,227
260.30,2098,227
261.08,2067,227
261.86,2051,226
262.64,2036,219
263.42,1849,216
264.20,1849,214
264.98,1974,226
265.76,1958,229
266.54,1958,227
267.30,2005,222
268.09,2051,218
268.89,1615,228
269.68,1599,232
270.47,1615,229
271.27,4124,135
272.06,4124,215
272.86,4187,193
273.65,4156,217
274.44,4140,218
275.24,4124,216
276.03,4109,216
276.86,4093,171
277.66,4078,215
278.46,4078,193
279.26,4561,220
280.06,4576,224
280.86,3891,219
281.65,2207,217
282.45,2223,232
283.25,2207,231
284.05,2207,231
284.85,2207,231
285.65,2207,231
286.45,2192,230
287.29,2192,232
288.12,2192,233
288.96,2192,232
289.79,2192,231
290.63,2192,231
291.46,2207,220
292.30,1927,218
293.13,1927,219
293.97,1927,221
294.80,1911,217
295.64,1911,216
296.40,1942,214
297.19,2223,231
297.99,2301,217
298.78,2597,231
299.57,2597,229
300.36,1771,219
301.16,1771,221
301.95,2301,213
302.74,2628,224
303.53,2644,229
304.33,2644,228
305.12,2659,229
305.92,2675,231
306.72,2675,227
307.53,2690,227
308.33,2706,226
309.13,2722,225
309.93,2441,213
310.74,2363,218
311.54,2379,219
312.34,2394,217
313.14,2815,223
313.95,2862,223
314.75,3563,215
315.54,3610,224
316.34,3672,224
317.13,3704,221
317.93,1958,221
318.73,1958,221
319.53,5106,215
320.32,5137,223
321.12,5184,222
321.92,5231,222
322.72,5262,214
323.51,4888,220
324.31,3517,220
325.06,3610,217
325.86,3735,217
326.65,3875,215
327.45,4046,214
328.25,4187,220
329.05,4234,225
329.84,4280,225
330.64,4343,227
331.44,4389,224
332.24,4436,222
333.03,4498,223
333.83,4545,224
334.62,4608,224
335.48,4670,223
336.33,4732,224
337.19,2238,222
338.05,2207,226
338.90,2176,225
339.76,2161,225
340.61,2114,225
341.47,2098,229
342.33,2067,226
343.18,2036,224
344.04,2020,223
344.83,2005,221
345.53,1989,223
346.24,1974,222
346.94,1942,221
347.65,1942,221
348.35,1927,217
349.06,2659,218
349.76,2628,220
350.47,2613,218
351.17,2581,218
351.88,2566,217
352.58,2566,216
353.37,2020,216
354.17,2020,215
354.96,1989,214
355.76,2488,214
356.56,2472,215
357.36,2005,215
358.15,2020,215
358.95,2005,216
359.75,2005,214
0.55,2020,214
1.34,2020,213
2.14,1989,213
2.93,1958,210
3.75,1989,211
4.56,1677,214
5.38,1693,212
6.20,2270,211
7.01,1974,213
7.83,2254,214
8.64,1911,210
9.46,1693,214
10.28,1646,203
11.09,1662,210
11.91,1693,219
12.74,1818,214
13.53,1787,218
14.32,1787,215
15.11,1818,213
15.90,1942,220
16.69,1927,219
17.48,1927,219
18.27,1911,220
19.06,1911,218
19.85,1896,218
20.64,1896,216
21.43,1880,217
22.23,1880,214
23.01,1833,210
23.79,1771,211
24.57,1958,211
25.35,1974,210
26.13,2332,220
26.90,2348,217
27.68,1974,210
28.46,2394,216
29.24,3127,215
30.02,3127,225
30.80,3127,222
31.56,3142,223
32.35,3158,225
33.14,3158,221
33.93,3174,224
34.72,3189,225
35.51,3189,224
36.30,3205,225
37.09,3220,224
37.88,3236,227
38.67,3267,223
39.46,3236,215
40.25,3252,184
41.08,3298,158
41.87,3330,184
42.66,3330,142
43.45,3345,100
44.24,3361,116
45.03,3376,126
45.82,3376,100
46.61,3423,145
47.40,3485,220
48.19,3563,230
48.98,3563,228
49.77,3610,219
50.57,3610,211
51.40,3813,212
52.23,3844,214
53.07,3797,225
53.90,3688,219
54.73,3579,215
55.56,3501,216
56.39,2909,213
57.22,2893,222
58.06,3330,213
58.89,2909,216
59.72,1989,231
60.48,2005,232
61.23,2020,232
61.98,2020,230
62.73,2051,233
63.48,2051,233
64.23,2067,232
64.98,2083,233
65.73,2098,231
66.48,2114,233
67.23,2129,232
67.98,2145,231
68.73,2161,232
69.56,2192,231
70.35,2207,230
71.14,2223,231
71.93,2238,230
72.72,2270,228
73.51,2285,230
74.31,2316,228
75.10,2332,228
75.89,2363,228
76.68,2379,227
77.47,2410,228
78.26,2394,226
79.05,2379,229
79.82,2363,218
80.58,2207,220
81.35,2223,226
82.12,2316,231
82.88,2098,219
83.65,2083,227
84.41,2067,231
85.18,2067,230
85.95,2067,229
86.71,2083,227
87.48,2301,224
88.24,2316,233
89.04,2316,230
89.83,2332,233
90.63,2316,227
91.43,2223,227
92.23,2223,229
93.02,2223,229
93.82,2410,220
94.62,2145,161
95.42,2114,109
96.21,2067,96
97.01,2036,135
97.86,105,126
98.65,2020,116
99.45,1989,145
100.24,372,119
101.04,1958,145
101.83,1927,135
102.63,1927,142
103.42,1896,193
104.22,1927,135
105.01,1864,145
105.81,323,129
106.60,229,212
107.36,222,215
108.14,219,214
108.92,1849,212
109.70,202,197
110.48,195,180
111.26,212,215
112.03,220,219
112.81,224,212
113.59,1662,218
114.37,1662,221
115.15,1942,210
115.93,2005,230
116.73,2005,229
117.53,2379,214
118.32,2379,223
119.12,2348,229
119.92,2332,216
120.72,2098,228
121.51,1319,228
122.31,1319,225
123.11,2254,221
123.91,1412,228
124.70,1428,222
125.50,2238,212
126.25,1989,213
127.04,2192,223
127.83,2192,224
128.62,2176,228
129.41,2161,226
130.20,1740,224
130.99,1740,218
131.78,2129,222
132.57,2114,225
133.36,2051,227
134.15,2067,217
134.94,2348,225
135.77,2394,223
136.54,2379,229
137.32,2363,227
138.09,2348,228
138.86,2348,228
139.63,2332,227
140.41,2332,227
141.18,1147,226
141.95,1163,217
142.72,2301,227
143.50,1631,225
144.27,2301,220
145.07,2285,224
145.87,2285,224
146.66,2285,223
147.46,2285,223
148.26,2270,223
149.06,2270,221
149.85,2270,220
150.65,2270,216
151.45,1179,226
152.25,1662,215
153.04,1662,215
153.84,1989,220
154.59,1989,223
155.41,1989,221
156.22,1989,220
157.04,2005,216
157.86,2270,216
158.67,2270,215
159.49,2285,217
160.30,2285,217
161.12,2285,217
161.94,2285,219
162.75,2301,214
163.57,1927,219
164.36,1927,221
165.15,1943,221
165.95,1943,213
166.74,1709,217
167.53,1974,223
168.32,2005,222
169.12,2036,214
169.91,2083,214
170.70,2098,214
171.49,2098,213
172.29,1257,221
173.08,1257,224
173.87,2114,214
174.66,2441,210
175.46,1350,219
176.25,1335,224
177.05,2176,213
177.84,2192,213
178.64,2488,213
179.43,2223,213
180.23,2519,213
181.02,2535,212
181.82,2566,211
182.61,2285,211
183.40,2582,211
184.22,2628,211
185.03,2644,215
185.85,2348,211
186.67,2441,211
187.48,2395,217
188.30,2363,224
189.11,2348,221
189.93,2379,220
190.75,2410,219
191.56,2426,219
192.38,2441,218
193.21,2472,218
194.00,2488,218
194.79,2519,218
195.58,2550,218
196.37,2566,217
197.16,2597,218
197.95,2628,218
198.74,2659,213
199.53,1989,211
200.32,1989,148
201.11,2753,217
201.90,2800,217
202.50,1880,215
203.30,2114,220
204.09,2067,215
204.89,2114,222
205.69,2098,223
206.49,2098,226
207.28,2098,228
208.08,2098,226
208.88,2083,228
209.68,2083,228
210.47,2083,227
211.27,2067,226
212.03,2067,226
212.82,2067,228
213.62,2067,228
214.41,2067,229
215.20,2067,229
215.99,2067,230
216.79,2067,230
217.58,2067,231
218.37,2067,232
219.16,2067,229
219.96,2067,229
220.75,2067,232
221.55,2067,228
222.34,2067,231
223.13,2083,229
223.92,2083,229
224.71,2083,230
225.50,2083,228
226.29,2098,228
227.08,2098,228
227.87,2098,227
228.66,2114,227
229.45,2114,226
230.24,2129,224
231.04,2129,226
231.83,2145,224
232.62,2145,221
233.41,2161,222
234.20,2176,222
234.99,2145,218
235.77,2161,223
236.56,2192,230
237.35,2924,219
238.14,2192,211
238.93,2192,213
239.72,2971,219
240.52,2987,223
241.31,3002,223
242.11,3033,222
242.90,3049,220
243.69,3049,213
244.48,2955,210
245.28,3080,217
246.07,3033,211
246.86,3174,221
247.65,1646,216
248.45,1490,217
249.24,1490,219
249.99,1490,218
250.78,2457,210
251.58,2722,225
252.37,2690,228
253.17,2581,221
253.96,2410,212
254.76,2285,226
255.55,2270,229
256.35,2223,227
257.14,2192,227
257.94,2145,224
258.73,2129,226
259.52,2114,227
260.31,2083,226
261.10,2067,227
261.89,2051,228
262.68,1864,214
263.47,1849,217
264.26,1911,211
265.05,1974,228
265.84,1942,228
266.63,1974,228
267.42,2020,220
268.21,1615,216
269.00,1599,230
269.85,1615,233
270.70,1631,214
271.54,4109,212
272.39,4187,218
273.24,4171,206
274.09,4140,218
274.94,4124,218
275.79,4124,218
276.63,4109,193
277.48,4093,215
278.33,4078,217
279.09,4592,180
279.88,4561,224
280.68,4561,222
281.47,3891,218
282.27,2207,230
283.06,2223,232
283.86,2207,233
284.65,2207,232
285.45,2207,230
286.24,2192,232
287.04,2192,232
287.83,2192,231
288.62,2192,233
289.43,2192,233
290.23,2192,232
291.04,2192,224
291.84,2192,219
292.65,1927,218
293.45,1927,219
294.26,1911,218
295.06,1911,215
295.87,1911,217
296.67,2207,220
297.48,2254,227
298.28,2613,229
299.08,2597,233
299.87,1771,216
300.67,1771,223
301.47,1771,217
302.27,2644,214
303.06,2628,228
303.86,2644,231
304.66,2644,228
305.46,2675,229
306.25,2675,229
307.05,2690,227
307.94,2706,226
308.73,2706,227
309.53,2722,220
310.32,2379,215
311.11,2379,220
311.91,2379,219
312.70,2800,217
313.50,2831,223
314.29,2909,220
315.08,3563,222
315.88,3641,223
316.67,3688,224
317.50,1958,214
318.29,1958,222
319.08,1974,217
319.87,5122,223
320.66,5153,223
321.45,5200,222
322.25,5231,222
323.04,4904,222
323.83,3532,215
324.62,3548,219
325.41,3672,216
326.20,3797,216
326.99,3937,215
327.78,4109,214
328.58,4218,220
329.37,4265,226
330.17,4311,226
330.96,4358,226
331.76,4421,225
332.55,4452,224
333.35,4514,224
334.14,4576,224
334.94,4639,224
335.73,4701,225
336.52,4763,219
337.36,2223,225
338.20,2192,227
339.04,2161,225
339.88,2145,225
340.72,2114,227
341.56,2083,225
342.40,2067,226
343.24,2036,224
344.08,2020,224
344.92,1989,223
345.76,1974,223
346.55,1958,224
347.29,1942,222
348.04,1927,218
348.78,2659,220
349.53,2644,219
350.27,2628,223
351.02,2597,220
351.76,2597,219
352.51,2566,218
353.25,2036,217
354.00,2051,216
354.74,2051,216
355.53,2503,215
356.33,2005,215
357.12,2051,216
357.92,2005,213
358.72,2020,214
359.51,2441,213
0.31,1974,214
1.10,1989,214
1.90,2083,214
2.70,2005,213
3.49,1958,213
4.29,1989,211
5.05,1662,215
5.82,1709,211
6.58,2005,212
7.35,2254,212
8.12,2254,211
8.89,1833,210
9.65,1677,212
10.42,1677,211
11.19,1677,210
11.96,1693,218
12.72,1802,214
13.49,1787,217
14.28,1802,217
15.08,1833,210
15.88,1942,218
16.68,1942,220
17.48,1927,219
18.28,1911,217
19.08,1911,218
19.88,1896,217
20.68,1880,217
21.48,1880,217
22.28,1880,215
23.08,1818,210
23.91,1787,212
24.70,1958,212
25.49,1974,211
26.28,2332,221
27.07,2348,218
27.86,2379,210
28.65,2410,217
29.44,3127,216
30.23,3127,225
31.02,3127,220
31.81,3142,225
32.60,3158,224
33.39,3158,222
34.16,3174,224
34.92,3174,223
35.69,3189,224
36.46,3205,222
37.23,3220,224
37.99,3236,225
38.76,3267,223
39.53,3236,216
40.30,3267,171
41.06,3298,151
41.83,3298,132
42.59,3345,142
43.38,3330,100
44.18,3376,119
44.97,45,116
45.76,3392,116
46.55,3407,155
47.35,3470,220
48.14,3563,229
48.93,3563,228
49.72,3594,220
50.52,3610,212
51.31,3766,210
52.14,3797,215
52.91,3797,227
53.69,3688,219
54.46,3594,217
55.23,3517,216
56.01,2909,212
56.78,2909,223
57.56,3314,212
58.33,2909,215
59.10,1989,231
59.88,2005,232
60.65,2020,232
61.44,2020,230
62.24,2036,233
63.05,2051,231
63.85,2067,232
64.65,2083,233
65.46,2098,232
66.26,2114,232
67.07,2129,231
67.87,2145,230
68.67,2161,231
69.48,2176,231
70.28,2207,232
71.07,2223,231
71.86,2238,229
72.66,2270,229
73.45,2285,229
74.24,2316,229
75.04,2332,228
75.83,2363,227
76.63,2379,228
77.42,2410,225
78.21,2394,226
79.01,2379,227
79.80,2379,222
80.59,2207,221
81.37,2207,226
82.14,2270,225
82.92,2316,219
83.70,2083,229
84.48,2067,229
85.25,2067,230
86.03,2067,229
86.81,2083,227
87.59,2301,220
88.36,2301,232
89.14,2316,229
89.93,2332,230
90.70,2316,230
91.46,2223,226
92.23,2223,230
93.00,2207,228
93.77,2426,216
94.53,2161,151
95.30,2098,126
96.07,2051,135
96.84,2083,132
97.60,2051,145
98.37,1989,122
99.13,1974,129
99.92,310,132
100.71,303,142
101.50,320,151
102.29,1942,142
103.08,1927,129
103.86,350,155
104.65,336,177
105.44,329,180
106.23,216,211
107.02,216,214
107.81,216,213
108.64,216,211
109.44,216,177
110.25,216,210
111.05,222,214
111.85,225,217
112.66,220,211
113.46,1662,216
114.27,1662,220
115.07,2020,203
115.87,2020,230
116.68,2005,230
117.48,2332,213
118.27,2363,222
119.06,2363,226
119.86,2348,216
120.65,2083,228
121.44,1319,227
122.24,1319,227
123.03,2270,223
123.83,1413,226
124.62,1413,220
125.41,2207,210
126.21,2005,213
127.00,2207,220
127.76,2192,226
128.55,2161,227
129.35,2161,226
130.14,1740,227
130.93,1755,219
131.72,2114,221
132.52,2098,223
133.31,2036,227
134.10,2052,218
134.89,2348,227
135.69,2379,223
136.48,2379,228
137.31,2363,227
138.11,2348,229
138.91,2348,227
139.71,2332,227
140.51,2332,223
141.31,1148,227
142.11,1163,219
142.91,2301,226
143.71,1631,227
144.51,2285,220
145.31,2301,225
146.11,2285,225
146.90,2270,224
147.69,2285,223
148.49,2270,221
149.28,2270,222
150.07,2254,221
150.87,1179,217
151.66,1179,227
152.46,1662,219
153.25,2285,213
154.04,1989,221
154.84,1989,221
155.63,1989,220
156.42,1989,218
157.24,2005,216
158.07,2270,218
158.89,2270,216
159.71,2270,217
160.53,2285,217
161.36,2270,218
162.18,2301,218
163.00,1927,215
163.82,1927,220
164.65,1927,220
165.47,1943,223
166.23,1709,215
167.00,1724,215
167.78,1974,220
168.55,2005,221
169.32,2083,214
170.10,2083,213
170.87,2098,214
171.65,2379,213
172.42,1257,223
173.19,1257,219
173.97,2130,213
174.74,1366,213
175.53,1335,220
176.32,1350,225
177.12,2176,214
177.91,2488,214
178.70,2504,215
179.50,2519,213
180.29,2550,213
181.09,2550,212
181.88,2566,213
182.67,2582,214
183.47,2597,213
184.26,2628,211
185.05,2628,215
185.87,2550,210
186.70,2457,214
187.52,2395,219
188.34,2363,222
189.16,2363,220
189.99,2379,220
190.81,2410,220
191.63,2426,218
192.45,2441,221
193.28,2472,219
194.10,2504,220
194.86,2519,220
195.64,2550,218
196.41,2582,218
197.19,2597,220
197.97,2644,217
198.74,2675,203
199.52,1989,211
200.29,2737,210
201.07,2769,216
201.85,2800,220
202.62,1880,216
203.40,2130,222
204.23,2067,214
205.02,2114,229
205.81,2098,225
206.60,2098,226
207.39,2098,226
208.18,2083,226
208.97,2083,227
209.76,2083,228
210.55,2067,227
211.34,2067,228
212.13,2067,229
212.92,2067,229
213.71,2067,228
214.50,2067,230
215.30,2067,232
216.09,2067,230
216.88,2067,231
217.68,2067,231
218.47,2067,232
219.27,2067,229
220.06,2067,229
220.85,2067,231
221.65,2067,231
222.44,2067,229
223.20,2083,228
224.00,2083,230
224.79,2083,228
225.59,2083,227
226.39,2098,227
227.18,2098,225
227.98,2114,226
228.77,2114,225
229.57,2114,222
230.37,2130,221
231.16,2130,223
231.96,2145,221
232.97,2145,220
233.76,2161,221
234.55,2176,219
235.34,2145,215
236.13,2192,228
236.92,2207,226
237.71,2924,219
238.50,2192,213
239.29,2192,211
240.08,2987,221
240.87,2987,222
241.66,3018,222
242.45,3034,221
243.22,3049,221
243.99,3049,211
244.76,3034,210
245.53,3065,212
246.30,3049,210
247.08,3174,223
247.85,1646,222
248.62,1491,217
249.39,1491,219
250.16,1506,216
250.93,2457,184
251.72,2706,226
252.52,2675,225
253.31,2582,217
254.11,2410,213
254.91,2285,227
255.70,2239,229
256.50,2207,228
257.29,2176,224
258.09,2145,227
258.89,2114,230
259.68,2114,224
260.48,2083,225
261.27,2067,227
262.08,2036,227
262.90,1849,215
263.71,1849,216
264.52,1943,218
265.34,1974,225
266.15,1958,226
266.97,1989,226
267.78,2052,220
268.59,1615,225
269.41,1600,232
270.22,1615,232
271.01,1646,184
271.84,4125,216
272.68,4187,214
273.51,4156,212
274.34,4156,217
275.17,4125,218
276.01,4125,218
276.84,3267,138
277.67,4093,217
278.50,4078,215
279.34,4577,213
280.17,4561,226
280.96,4561,216
281.76,3906,212
282.55,2207,230
283.35,2207,231
284.15,2207,230
284.94,2207,233
285.74,2207,234
286.53,2207,231
287.33,2192,232
288.13,2192,233
288.92,2192,234
289.72,2192,234
290.48,2192,233
291.27,2192,218
292.06,1927,218
292.85,1927,220
293.64,1927,221
294.43,1911,221
295.22,1896,216
296.01,1911,218
296.80,2239,224
297.59,2254,226
298.38,2597,230
299.17,2597,231
300.00,1771,218
300.82,1771,221
301.63,1802,213
302.45,2628,221
303.27,2644,230
304.08,2644,229
304.90,2659,230
305.71,2675,229
306.53,2675,229
307.35,2691,229
308.16,2691,228
308.98,2706,227
309.77,2722,218
310.56,2363,215
311.36,2363,219
312.15,2395,220
312.94,2800,222
313.74,2847,224
314.53,2909,217
315.33,3579,222
316.12,3657,224
316.91,3688,224
317.71,1974,219
318.50,1943,221
319.29,1974,214
320.08,5122,223
320.88,5169,223
321.67,5184,222
322.46,5247,221
323.26,4904,222
324.05,3517,217
324.85,3548,217
325.64,3673,217
326.43,3828,215
327.23,3969,215
328.02,4156,215
328.84,4202,222
329.65,4265,225
330.46,4327,225
331.27,4374,225
332.08,4421,224
332.89,4483,224
333.71,4514,224
334.52,4592,223
335.33,4654,225
336.14,4701,224
336.95,4764,216
337.76,2223,226
338.55,2192,227
339.34,2161,226
340.14,2130,224
340.93,2114,226
341.72,2083,224
342.51,2052,226
343.31,2036,224
344.10,2020,223
344.89,2005,223
345.68,1974,221
346.48,1974,223
347.27,1943,222
348.06,1943,219
348.81,2659,221
349.56,2644,220
350.31,2628,221
351.06,2597,220
351.81,2582,218
352.57,2566,219
353.32,2052,217
354.07,2020,218
354.82,2098,216
355.57,2067,214
356.32,2488,217
357.15,2020,214
357.94,2457,213
358.73,2036,214
359.52,2426,213
0.31,2036,215
1.10,2410,213
1.89,2052,212
2.68,2020,212
3.47,2020,213
4.26,2020,211
5.05,1662,217
5.84,2005,200
6.63,2270,213
7.40,2254,212
8.18,2052,211
8.95,2052,206
9.72,1693,212
10.50,1646,210
11.27,1662,210
12.05,1693,220
12.82,1787,214
13.59,1787,219
14.37,1802,215
15.14,1818,210
15.94,1943,217
16.72,1927,219
17.50,1927,219
18.28,1911,218
19.06,1911,218
19.84,1896,216
20.62,1880,216
21.40,1880,216
22.18,1865,214
22.96,1771,211
23.74,1787,212
24.52,1958,212
25.31,1958,211
26.10,2332,220
26.89,2348,217
27.68,2379,210
28.47,2395,217
29.26,3127,214
30.05,3127,223
30.84,3127,224
31.63,3143,224
32.42,3158,224
33.21,3158,224
34.00,3174,225
34.79,3189,224
35.58,3189,224
36.37,3205,223
37.16,3221,225
37.95,3236,225
38.74,3252,222
39.54,3236,217
40.33,3252,193
41.12,3283,126
41.91,3345,155
42.70,3330,126
43.49,90,119
44.28,3423,148
45.07,3376,122
45.87,3376,109
46.66,3423,138
47.45,3486,220
48.25,3563,228
49.04,3563,227
49.84,3595,221
50.63,3610,212
51.42,3797,211
52.22,3797,216
53.01,3782,227
53.80,3688,219
54.59,3610,218
55.38,3517,218
56.17,2909,212
56.96,2909,224
57.75,3314,213
58.54,2924,214
59.33,1989,232
60.12,2005,232
60.91,2020,232
61.70,2036,231
62.49,2036,231
63.32,2052,232
64.08,2067,233
64.84,2083,232
65.60,2098,231
66.36,2114,232
67.12,2130,232
67.88,2145,230
68.64,2161,232
69.40,2176,231
70.16,2207,229
70.92,2223,230
71.68,2239,230
72.48,2270,227
73.28,2285,229
74.07,2317,227
74.87,2332,228
75.66,2363,227
76.46,2379,229
77.25,2410,228
78.05,2395,227
78.84,2379,227
79.64,2379,220
80.43,2207,221
81.23,2207,226
81.99,2317,229
82.75,2317,218
83.52,2083,229
84.28,2067,230
85.05,2067,230
85.81,2067,230
86.58,2083,227
87.34,2301,221
88.11,2301,232
88.87,2317,230
89.64,2332,230
90.40,2317,228
91.22,2223,227
92.02,2223,229
92.81,2207,229
93.61,2410,219
94.41,2161,122
95.21,2098,135
96.00,2067,106
96.80,2036,113
97.60,2005,93
98.40,2067,119
99.19,2036,158
99.99,283,132
100.82,350,138
101.61,343,129
102.41,1896,155
103.20,310,135
103.99,1865,135
104.78,1849,148
105.58,350,155
106.37,256,210
107.16,202,214
107.95,195,213
108.75,1849,212
109.54,151,171
110.33,176,210
111.14,202,216
111.94,215,216
112.75,215,213
113.56,1662,216
114.37,1662,219
115.17,2020,210
115.98,2005,231
116.79,2005,230
117.60,2379,215
118.40,2379,225
119.21,2348,226
120.04,2114,216
120.82,2098,228
121.61,1319,225
122.39,1319,224
123.17,2270,222
123.96,1413,226
124.74,1428,223
125.53,2207,210
126.31,2005,213
127.09,2176,221
127.88,2176,226
128.66,2176,228
129.45,2161,225
130.24,1740,227
131.04,1755,217
131.83,2114,221
132.62,2114,225
133.41,2052,228
134.21,2285,214
135.00,2379,230
135.79,2379,223
136.58,2379,228
137.38,2363,229
138.17,2348,228
138.96,2348,227
139.80,2332,229
140.63,2332,221
141.47,1148,226
142.31,2317,217
143.14,2301,222
143.98,1631,227
144.81,2301,221
145.65,2301,223
146.49,2285,224
147.32,2285,223
148.16,2270,225
148.95,2285,222
149.72,2270,221
150.49,2270,221
151.25,1179,223
152.02,1179,227
152.79,1646,220
153.56,1974,214
154.33,1989,222
155.10,1989,219
155.86,1989,220
156.63,2005,219
157.40,2005,215
157.97,2270,216
158.76,2020,216
159.56,2270,216
160.35,2285,215
161.14,2285,218
161.93,2301,217
162.73,1927,219
163.52,1927,220
164.31,1927,223
165.10,1943,222
165.90,1709,217
166.69,1958,215
167.49,1974,221
168.32,2005,220
169.16,2083,214
169.99,2083,215
170.82,2098,215
171.65,1257,212
172.49,1241,225
173.32,1272,213
174.15,2130,215
174.98,1366,217
175.82,1335,224
176.65,1350,213
177.44,2176,213
178.23,2472,212
179.02,2207,212
179.81,2519,212
180.60,2535,212
181.39,2551,212
182.18,2566,211
182.97,2566,210
183.76,2597,210
184.55,2628,213
185.34,2332,211
186.13,2488,213
187.40,2410,214
188.19,2379,223
188.98,2363,220
189.77,2379,218
190.56,2395,222
191.35,2410,221
192.13,2441,220
192.92,2473,218
193.71,2488,219
194.50,2519,219
195.29,2535,218
196.08,2566,214
196.87,2597,218
197.66,2628,217
198.46,2644,216
199.25,2005,211
200.04,1989,168
200.84,2753,215
201.63,2784,218
202.43,2815,216
203.22,2130,213
204.01,2067,215
204.81,2114,219
205.60,2099,225
206.36,2099,223
207.15,2099,227
207.95,2083,225
208.74,2083,227
209.53,2083,228
210.32,2083,228
211.12,2067,230
211.91,2067,227
212.70,2067,228
213.49,2067,230
214.29,2067,227
215.08,2067,231
215.91,2067,230
216.70,2067,232
217.49,2067,230
218.28,2067,231
219.07,2067,229
219.86,2067,229
220.65,2067,229
221.44,2067,227
222.23,2067,230
223.02,2067,229
223.81,2083,229
224.60,2083,230
225.40,2083,229
226.21,2099,228
227.01,2099,226
227.82,2099,226
228.63,2099,225
229.43,2114,224
230.24,2114,223
231.04,2130,224
231.85,2145,221
232.66,2145,222
233.46,2161,220
234.27,2161,219
235.03,2161,217
235.82,2145,220
236.62,2192,234
237.41,2925,214
238.20,2925,211
238.99,2192,214
239.79,2971,214
240.58,2987,222
241.37,3003,223
242.16,3018,221
242.96,3034,220
243.75,3065,222
244.58,2956,211
245.35,3112,215
246.13,3034,211
246.90,3158,217
247.67,3190,220
248.45,1647,219
249.22,1491,219
250.00,1491,220
250.77,1506,197
251.54,2738,214
252.32,2706,228
253.09,2644,225
253.88,2566,210
254.70,2317,218
255.51,2270,229
256.33,2223,226
257.15,2192,230
257.96,2161,224
258.78,2130,227
259.59,2114,228
260.41,2099,227
261.23,2067,227
262.04,2052,226
262.86,2052,220
263.66,1849,215
264.46,1849,213
265.25,1974,224
266.05,1958,228
266.84,1943,228
267.64,2005,222
268.43,2052,220
269.23,1615,229
270.02,1600,235
270.82,1615,227
271.61,4187,158
272.41,4109,215
273.21,4171,184
274.03,4156,216
274.84,4140,218
275.66,4125,218
276.48,4109,214
277.29,4094,168
278.11,4094,217
278.92,4078,203
279.74,4561,219
280.56,4561,223
281.37,3891,221
282.19,2208,220
282.98,2223,233
283.77,2208,232
284.57,2208,229
285.36,2208,230
286.15,2208,233
286.94,2192,230
287.74,2192,230
288.53,2192,233
289.32,2192,232
290.11,2192,234
290.91,2192,232
291.70,1927,217
292.47,1943,217
293.27,1927,221
294.06,1912,221
294.86,1912,220
295.65,1912,217
296.45,1912,214
297.24,2239,232
298.04,2301,216
298.83,2597,232
299.63,2597,228
300.42,1756,219
301.22,1771,222
302.02,2317,212
302.81,2628,226
303.59,2644,231
304.38,2660,229
305.17,2660,230
305.95,2675,230
306.74,2691,229
307.52,2691,228
308.31,2691,226
309.10,2722,227
309.88,2722,212
310.67,2363,217
311.47,2379,218
312.26,2410,216
313.06,2815,224
313.85,2862,224
314.64,3548,215
315.43,3595,225
316.23,3657,225
317.02,3704,224
317.81,1958,221
318.60,1943,221
319.40,5107,212
320.19,5122,224
320.98,5169,223
321.78,5216,220
322.57,5247,219
323.37,4904,224
324.17,3501,220
324.96,3564,217
325.76,3688,217
326.55,3844,215
327.35,4016,215
328.15,4171,217
328.94,4218,221
329.74,4281,228
330.50,4327,226
331.31,4374,225
332.13,4421,222
332.94,4483,223
333.75,4530,223
334.57,4592,222
335.38,4655,225
336.20,4701,223
337.01,2239,213
337.82,2208,226
338.64,2192,229
339.45,2161,225
340.28,2130,225
341.07,2114,226
341.86,2083,225
342.65,2067,226
343.44,2036,223
344.23,2005,223
345.02,1989,222
345.81,1974,221
346.60,1958,220
347.39,1958,220
348.18,1927,217
348.97,2644,217
349.76,2628,221
350.49,2597,221
351.22,2597,218
351.94,2582,220
352.67,2551,220
353.40,2052,215
354.13,2021,218
354.86,2067,216
355.59,2067,215
356.31,2488,215
357.04,2052,215
357.77,2067,214
358.52,1989,215
359.31,2036,215
0.11,2021,214
0.90,2052,213
1.69,2379,212
2.49,2021,215
3.28,2052,212
4.08,2301,213
4.87,1678,216
5.66,1693,180
6.46,2005,212
7.25,2239,213
7.86,2005,212
8.65,1896,203
9.44,1678,211
10.23,1678,187
11.02,1678,211
11.81,1693,218
12.60,1787,215
13.39,1787,220
14.18,1802,215
14.97,1834,210
15.76,1943,218
16.55,1927,219
17.34,1927,218
18.16,1912,219
18.98,1912,219
19.80,1896,218
20.62,1880,216
21.44,1880,215
22.26,1880,215
23.08,1771,211
23.90,1787,211
24.72,1974,211
25.54,1974,211
26.36,2332,222
27.12,2348,217
27.91,1927,211
28.71,2395,217
29.50,3127,215
30.29,3127,224
31.08,3127,222
31.88,3143,224
32.67,3143,224
33.46,3158,224
34.25,3174,225
35.05,3190,224
35.84,3190,222
36.67,3205,224
37.45,3221,225
38.22,3236,225
39.00,3252,221
39.78,3236,213
40.56,3267,174
41.33,3299,155
42.11,3299,171
42.89,3314,116
43.67,121,119
44.44,3377,132
45.22,3361,106
46.01,3392,122
46.80,3408,158
47.59,3486,223
48.38,3564,229
49.17,3579,227
49.96,3610,217
50.75,3610,210
51.54,3797,212
52.33,3751,217
53.12,3782,227
53.91,3673,220
54.70,3595,217
55.50,3517,218
56.29,2909,213
57.09,2893,222
57.88,3330,213
58.67,1989,213
59.46,1989,228
60.26,2005,231
61.05,2021,232
61.84,2036,232
62.63,2036,232
63.43,2052,233
64.22,2067,233
65.05,2083,232
65.84,2099,234
66.62,2114,233
67.41,2130,231
68.20,2145,232
68.98,2161,230
69.77,2192,231
70.55,2208,232
71.34,2223,229
72.13,2239,230
72.91,2270,228
73.70,2286,228
74.53,2317,227
75.30,2332,228
76.08,2363,229
76.85,2395,229
77.62,2410,229
78.40,2395,225
79.17,2379,230
79.95,2379,214
80.72,2208,223
81.49,2223,226
82.27,2317,231
83.04,2099,225
83.84,2067,230
84.64,2067,229
85.43,2067,231
86.23,2083,231
87.03,2099,226
87.82,2301,230
88.62,2317,230
89.41,2317,231
90.21,2332,232
91.01,2270,222
91.80,2223,228
92.60,2223,229
93.35,2223,230
94.11,2426,219
94.88,2099,145
95.64,2114,158
96.41,2067,210
97.17,2036,138
97.94,2052,93
98.70,2021,126
99.47,1974,116
100.23,1958,119
101.00,2005,126
101.76,1912,161
102.59,1896,126
103.38,1880,184
104.17,1912,132
104.96,350,151
105.75,343,158
106.54,216,213
107.32,216,214
108.11,202,213
108.90,1849,213
109.69,1943,161
110.48,202,212
111.27,222,218
112.03,225,215
112.85,1647,214
113.67,1662,218
114.49,1678,214
115.31,2021,221
116.13,2021,232
116.95,2021,221
117.77,2379,224
118.59,2332,223
119.41,2348,225
120.23,2099,225
121.05,2099,219
121.84,1319,227
122.64,2270,219
123.45,1413,224
124.25,1413,225
125.05,1444,217
125.86,2021,213
126.66,2176,216
127.47,2192,224
128.27,2176,227
129.07,2161,227
129.88,1740,216
130.68,1740,230
131.50,2130,218
132.29,2114,221
133.08,2052,227
133.87,2052,222
134.66,2317,221
135.45,2379,231
136.24,2379,225
137.03,2363,229
137.82,2348,229
138.61,2348,226
139.40,2332,230
140.19,2332,227
140.99,1148,224
141.82,1163,225
142.66,2301,226
143.49,1631,222
144.32,1647,216
145.15,2301,224
145.99,2286,223
146.82,2286,224
147.65,2270,223
148.48,2270,223
149.32,2270,222
150.15,2270,219
150.94,2270,216
151.72,1163,226
152.49,1195,218
153.27,1678,215
154.05,1989,222
154.83,1989,222
155.60,2005,222
156.38,2005,223
157.16,2005,219
157.94,2005,217
158.71,2005,217
159.49,2286,216
160.32,2286,217
161.11,2286,216
161.90,2301,217
162.69,1927,212
163.48,1927,221
164.27,1927,221
165.05,1943,220
165.84,1943,213
166.63,1709,216
167.42,1974,219
168.21,2005,222
169.00,2067,214
169.80,2067,214
170.62,2083,215
171.44,2083,215
172.26,1241,221
173.08,1257,222
173.90,2130,214
174.71,1382,212
175.53,1335,222
176.35,1335,221
177.17,2176,213
177.99,2192,215
178.81,2192,213
179.61,2504,212
180.40,2239,213
181.20,2535,212
181.99,2270,211
182.78,2597,211
183.57,2286,212
184.37,2628,211
185.16,2628,212
185.95,2551,211
186.74,2379,212
187.54,2395,220
188.33,2363,224
189.13,2363,219
189.92,2379,219
190.71,2410,220
191.50,2426,219
192.29,2457,219
193.08,2473,220
193.86,2488,217
194.65,2519,219
195.44,2551,217
196.23,2566,218
197.02,2613,218
197.81,2628,217
198.61,2660,193
199.41,1989,210
200.22,2738,211
201.02,2769,217
201.82,2815,219
202.62,1880,216
203.43,2130,220
204.23,2067,215
205.03,2114,225
205.83,2099,224
206.64,2099,227
207.44,2099,227
208.24,2083,227
209.03,2083,226
209.83,2083,227
210.62,2067,226
211.41,2067,227
212.20,2067,228
213.00,2067,229
213.79,2067,229
214.58,2067,230
215.37,2067,232
216.17,2067,231
216.96,2067,231
217.86,2067,231
218.65,2067,230
219.45,2067,231
220.24,2067,229
221.03,2067,230
221.83,2067,230
222.62,2067,229
223.42,2067,228
224.21,2083,229
225.00,2083,229
225.80,2099,229
226.59,2099,228
227.42,2099,225
228.22,2114,229
229.03,2114,225
229.83,2114,224
230.63,2130,223
231.43,2130,224
232.24,2145,222
233.04,2161,222
233.84,2161,220
234.64,2176,218
235.45,2145,216
236.25,2192,228
237.05,2192,231
237.85,2925,220
238.64,2192,211
239.44,2192,212
240.24,2971,220
241.03,2987,222
241.83,3018,220
242.62,3034,221
243.42,3049,220
244.22,3065,214
245.01,2956,206
245.81,3080,216
246.56,3034,211
247.31,3158,220
248.06,1647,217
248.80,1506,215
249.55,1491,220
250.30,1491,217
251.05,2457,151
251.80,2722,223
252.55,2675,225
253.29,2644,221
254.04,2410,210
254.79,2286,225
255.61,2270,227
256.40,2207,226
257.18,2192,227
257.97,2145,226
258.76,2130,227
259.55,2098,226
260.33,2083,225
261.12,2067,230
261.91,2052,226
262.70,2036,214
263.48,1849,217
264.27,1865,212
265.06,1974,228
265.86,1958,229
266.65,1974,226
267.45,2020,220
268.25,2052,214
269.04,1600,230
269.84,1615,235
270.63,1631,223
271.43,4156,168
272.23,4125,215
273.02,3891,155
273.82,4140,218
274.58,4125,218
275.40,4125,217
276.22,4109,213
277.04,4093,211
277.86,4093,218
278.68,3906,145
279.50,4561,222
280.32,4561,223
281.14,3891,221
281.96,2207,224
282.78,2223,233
283.60,2207,233
284.42,2207,232
285.22,2207,231
286.02,2207,232
286.82,2192,233
287.62,2192,231
288.42,2192,232
289.22,2192,230
290.02,2192,234
290.82,2192,230
291.62,2192,219
292.42,1927,218
293.22,1927,220
294.02,1911,219
294.81,1911,218
295.61,1911,214
296.40,2176,215
297.19,2238,235
297.98,2597,218
298.78,2597,234
299.57,2597,228
300.36,1771,220
301.15,1771,219
301.95,2301,213
302.74,2628,225
303.53,2644,230
304.32,2644,228
305.12,2659,230
305.91,2659,231
306.70,2675,232
307.50,2690,226
308.29,2690,228
309.09,2706,224
309.88,2441,213
310.67,2363,218
311.47,2379,219
312.26,2394,215
313.05,2815,226
313.84,2862,224
314.63,3548,215
315.42,3594,224
316.21,3672,225
317.00,3719,222
317.79,1958,219
318.58,1958,219
319.37,5106,216
320.16,5137,223
320.95,5184,224
321.74,5200,220
322.54,5262,215
323.33,4904,220
324.13,3501,218
324.92,3594,217
325.71,3735,217
326.50,3859,216
327.30,4031,216
328.09,4202,221
328.88,4234,225
329.67,4280,227
330.47,4327,226
331.26,4374,224
332.05,4436,223
332.91,4483,223
333.77,4545,223
334.63,4608,224
335.49,4670,224
336.35,4732,223
337.21,2238,219
338.07,2207,226
338.93,2176,225
339.79,2161,226
340.65,2129,225
341.51,2098,224
342.30,2083,226
343.09,2051,226
343.88,2036,223
344.67,2005,223
345.46,1989,222
346.25,1974,221
347.05,1942,218
347.84,1942,219
348.63,2690,218
349.42,2675,222
350.21,2628,219
351.00,2597,221
351.83,2581,220
352.53,2581,218
353.24,2566,215
353.94,2051,217
354.64,2020,216
355.35,2098,216
356.05,2503,215
356.76,2488,217
357.46,2020,214
358.16,2098,214
358.87,2426,214
359.57,2020,216
0.37,2410,213
1.18,2067,213
1.98,2051,214
2.79,1989,213
3.60,2083,211
4.40,1693,211
5.21,1677,215
6.01,2020,211
6.82,2270,212
7.63,2036,212
8.43,1989,212
9.24,1693,213
9.99,1693,210
10.78,1662,174
11.58,1693,216
12.37,1709,214
13.16,1787,217
13.96,1787,217
14.75,1802,212
15.55,1942,215
16.34,1942,218
17.13,1927,218
17.93,1911,219
18.72,1911,218
19.55,1896,217
20.31,1896,216
21.07,1880,217
21.83,1880,216
22.59,1864,214
23.35,1771,213
24.12,1802,193
24.88,1974,213
25.64,2332,216
26.40,2348,219
27.16,2379,211
27.92,2379,215
28.71,2426,213
29.53,3127,222
30.36,3127,224
31.18,3142,223
32.00,3142,224
32.82,3158,223
33.65,3158,223
34.47,3174,224
35.29,3189,223
36.11,3189,223
36.94,3205,225
37.76,3220,227
38.51,3252,223
39.30,3236,218
40.10,3267,161
40.89,3283,161
41.68,3330,116
42.48,3298,145
43.27,3361,145
44.07,3361,122
44.86,3407,129
45.65,75,109
46.45,3407,135
47.24,3470,217
48.04,3563,227
48.84,3563,228
49.65,3594,224
50.45,3626,211
51.25,3797,161
52.05,3797,217
52.86,3766,222
53.66,3719,220
54.46,3626,216
55.26,3547,217
56.07,3485,214
56.87,2908,223
57.66,2940,212
58.45,2924,217
59.25,1989,231
60.04,2004,233
60.83,2020,235
61.63,2020,231
62.42,2036,231
63.22,2051,232
64.01,2067,232
64.80,2082,232
65.60,2098,232
66.39,2113,231
67.19,2129,230
67.97,2145,233
68.74,2160,231
69.52,2176,232
70.30,2191,231
71.07,2223,230
71.85,2238,230
72.62,2254,229
73.40,2285,228
74.18,2301,227
74.95,2332,228
75.73,2347,226
76.52,2378,229
77.30,2410,226
78.07,2394,227
78.85,2378,226
79.63,2363,223
80.40,2207,220
81.18,2223,225
81.95,2316,227
82.73,2316,219
83.51,2082,229
84.28,2067,230
85.06,2067,232
85.86,2067,228
86.65,2082,229
87.45,2301,220
88.24,2301,231
89.03,2316,230
89.83,2316,231
90.62,2316,227
91.42,2223,226
92.21,2223,230
93.00,2223,229
93.80,2425,220
94.59,2113,168
95.38,2145,113
96.19,2067,116
96.99,2036,126
97.80,2020,119
98.61,2020,132
99.41,1989,151
100.22,1958,138
101.02,1942,122
101.83,1942,135
102.64,1942,155
103.44,1880,145
104.25,1864,135
105.04,1849,168
105.81,1849,168
106.59,150,206
107.36,256,214
108.13,188,213
108.91,1849,213
109.68,1895,177
110.46,283,211
111.23,269,215
112.00,229,216
112.78,1646,211
113.55,1662,219
114.38,1662,219
115.17,1926,211
115.96,2020,233
116.75,2020,230
117.54,2332,215
118.33,2363,223
119.12,2347,225
119.91,2113,217
120.70,2098,227
121.49,1319,226
122.28,1319,223
123.07,2269,219
123.87,1412,225
124.65,1412,223
125.43,2207,210
126.21,2191,211
126.99,2191,223
127.77,2191,226
128.55,2160,227
129.33,2160,227
130.11,1739,228
130.89,1755,216
131.67,2113,223
132.45,2113,225
133.20,2051,229
133.99,2269,215
134.79,2347,229
135.58,2394,221
136.38,2378,228
137.17,2347,228
137.97,2347,226
138.76,2347,229
139.56,2332,226
140.35,2316,223
141.15,1147,227
141.94,2316,219
142.97,2301,224
143.76,1630,225
144.55,2285,221
145.34,2285,225
146.13,2285,223
146.92,2285,224
147.72,2285,223
148.51,2254,221
149.30,2269,221
150.09,2269,221
150.88,1163,219
151.67,1178,225
152.46,1662,219
153.29,1989,213
154.11,1989,223
154.94,1989,222
155.76,2004,222
156.59,2004,220
157.41,2004,219
158.24,2004,217
159.06,2269,216
159.89,2285,216
160.71,2285,217
161.54,2285,215
162.30,2301,217
163.09,1926,216
163.89,1926,222
164.68,1926,222
165.47,1942,219
166.27,1708,218
167.06,1708,215
167.86,1973,220
168.65,2004,223
169.44,2067,215
170.24,2082,216
171.03,2082,215
171.86,2098,214
172.65,1241,223
173.43,1256,219
174.22,2129,216
175.01,1365,215
175.79,1334,224
176.58,1350,220
177.36,2176,213
178.15,2191,213
178.94,2191,213
179.72,2519,212
180.51,2534,213
181.31,2238,211
182.11,2565,212
182.92,2285,212
183.72,2254,210
184.52,2628,211
185.32,2612,213
186.13,2363,211
186.93,2441,213
187.73,2394,219
188.53,2363,225
189.34,2363,219
190.14,2394,218
190.93,2410,220
191.72,2425,219
192.52,2456,219
193.31,2488,218
194.10,2503,219
194.90,2534,220
195.69,2565,217
196.49,2581,220
197.28,2612,219
198.07,2628,217
198.87,2659,210
199.66,1989,212
200.49,2753,203
201.26,2768,217
202.04,2815,220
202.81,1880,217
203.58,2098,220
204.36,2067,216
205.13,2113,226
205.91,2098,225
206.68,2098,227
207.45,2098,226
208.23,2082,226
209.00,2082,227
209.79,2082,227
210.60,2067,228
211.40,2067,229
212.21,2067,230
213.02,2067,227
213.82,2067,230
214.63,2067,229
215.43,2067,230
216.24,2067,230
217.05,2067,230
217.85,2067,229
218.66,2067,231
219.45,2067,230
220.25,2067,231
221.04,2067,231
221.84,2067,230
222.64,2067,229
223.44,2067,229
224.23,2082,230
225.03,2082,228
225.83,2082,231
226.63,2098,230
227.42,2098,227
228.22,2098,229
229.01,2113,228
229.81,2113,226
230.61,2129,225
231.41,2129,224
232.21,2145,224
233.01,2160,222
233.81,2160,223
234.61,2176,221
235.41,2129,216
236.21,2191,228
237.01,2191,231
237.81,2924,219
238.64,2191,214
239.43,2207,211
240.22,2971,221
241.01,2986,223
241.80,3017,222
242.59,3033,220
243.38,3049,219
244.17,3017,211
244.96,2955,210
245.75,3095,212
246.54,3049,210
247.33,3173,222
247.76,1646,219
248.56,1490,216
249.35,1490,221
250.15,1506,216
250.95,2456,193
251.74,2721,228
252.54,2675,227
253.33,2581,220
254.13,2410,213
254.93,2285,228
255.72,2254,228
256.52,2207,229
257.28,2191,227
258.09,2145,226
258.89,2113,228
259.70,2113,226
260.51,2082,228
261.31,2067,227
262.12,2051,227
262.92,1864,214
263.73,1849,217
264.54,1911,213
265.34,1973,229
266.15,1958,230
266.98,1973,227
267.77,2036,219
268.56,1615,218
269.35,1599,231
270.14,1615,233
270.93,1630,214
271.72,4124,212
272.51,4171,217
273.30,4171,206
274.09,4155,218
274.88,4140,218
275.67,4124,217
276.47,4109,171
277.28,4093,216
278.08,4077,216
278.89,4592,177
279.69,4561,223
280.50,4561,221
281.30,3890,216
282.11,2207,231
282.91,2207,231
283.72,2207,231
284.52,2207,232
285.33,2207,232
286.09,2207,231
286.89,2191,231
287.70,2191,233
288.50,2191,231
289.30,2191,232
290.10,2191,232
290.91,2191,224
291.71,2191,218
292.51,1926,217
293.31,1911,219
294.12,1911,218
294.92,1911,214
295.75,1911,217
296.54,2176,219
297.33,2254,231
298.12,2597,229
298.91,2597,231
299.70,2597,217
300.50,1771,222
301.29,1771,219
302.08,2301,216
302.87,2643,230
303.66,2643,229
304.45,2659,230
305.24,2659,228
306.05,2675,229
306.86,2690,229
307.67,2706,228
308.48,2706,227
309.29,2721,223
310.09,2410,214
310.90,2378,220
311.71,2378,217
312.52,2799,217
313.33,2830,226
314.14,2893,220
314.90,3563,222
315.69,3625,224
316.49,3688,225
317.28,1973,215
318.07,1942,222
318.87,1958,218
319.66,5122,222
320.46,5153,221
321.25,5184,221
322.04,5231,222
322.84,4903,221
323.63,3516,214
324.42,3516,218
325.21,3657,217
326.01,3797,216
326.80,3953,216
327.60,4124,213
328.39,4202,221
329.19,4264,226
329.98,4311,226
330.78,4358,225
331.57,4405,224
332.37,4467,225
333.16,4514,224
333.95,4576,225
334.80,4639,222
335.66,4686,223
336.51,4748,221
337.37,2223,226
338.22,2192,226
339.08,2176,226
339.93,2145,225
340.79,2114,225
341.64,2098,227
342.50,2067,226
343.35,2036,227
344.14,2020,225
344.90,2005,223
345.67,1974,224
346.43,1958,223
347.19,1958,223
347.96,1942,220
348.72,2659,220
349.49,2628,221
350.25,2628,221
351.01,2613,218
351.78,2597,218
352.54,2550,219
353.37,2550,214
354.16,2036,216
354.95,2067,217
355.74,2051,214
356.53,2036,215
357.32,2020,215
358.11,2020,214
358.90,2005,215
359.69,2426,215
0.48,2441,213
1.27,2410,214
2.06,2005,215
2.86,2020,212
3.61,2036,213
4.35,2020,211
5.10,1677,214
5.85,1693,210
6.60,1989,212
7.34,1974,212
8.09,1927,211
8.84,1911,210
9.59,1693,214
10.33,1662,210
11.08,1677,210
11.87,1693,219
12.66,1787,213
13.46,1787,218
14.25,1802,217
15.04,1818,210
15.84,1942,218
16.63,1927,218
17.43,1927,219
18.22,1911,218
19.01,1911,218
19.81,1896,218
20.60,1880,217
21.39,1880,215
22.17,1864,215
22.94,1787,211
23.72,1771,211
24.50,1942,177
25.28,1974,211
26.05,2332,220
26.83,2348,218
27.61,1942,212
28.39,2394,217
29.16,3127,212
29.94,3127,221
30.77,3127,224
31.54,3142,225
32.32,3158,223
33.09,3158,222
33.86,3174,223
34.63,3189,224
35.41,3189,224
36.18,3205,226
36.95,3220,225
37.72,3236,226
38.50,3252,224
39.27,3236,215
40.06,3252,145
40.86,3267,145
41.65,3283,129
42.45,3298,132
43.25,120,116
44.05,3376,138
44.84,3361,129
45.64,105,138
46.44,3407,132
47.24,3454,219
48.03,3563,229
48.83,3563,229
49.59,3594,224
50.39,3610,211
51.20,3797,210
52.00,3844,216
52.80,3782,226
53.60,3688,219
54.41,3594,217
55.21,3532,217
56.01,3485,213
56.81,2909,224
57.62,2955,212
58.42,2909,218
59.25,1989,228
60.02,2005,232
60.80,2020,231
61.57,2020,232
62.34,2036,231
63.12,2051,231
63.89,2067,231
64.67,2083,232
65.44,2098,233
66.21,2098,231
66.99,2129,231
67.76,2145,231
68.55,2161,232
69.34,2176,231
70.14,2192,230
70.93,2223,228
71.72,2238,230
72.52,2254,229
73.31,2285,230
74.11,2301,229
74.90,2316,226
75.69,2363,226
76.49,2379,227
77.28,2410,226
78.07,2410,227
78.85,2379,227
79.62,2363,221
80.40,2207,220
81.18,2223,226
81.96,2316,226
82.73,2316,219
83.51,2083,227
84.29,2067,230
85.07,2067,230
85.84,2067,228
86.62,2083,228
87.45,2285,220
88.24,2301,231
89.03,2316,232
89.82,2332,231
90.61,2316,229
91.40,2223,225
92.19,2223,231
92.98,2223,229
93.77,2410,219
94.56,2129,190
95.35,2114,132
96.14,2083,122
96.94,2051,122
97.72,2051,122
98.50,2067,116
99.28,2020,113
100.06,1958,132
100.84,1942,126
101.61,105,126
102.39,1896,126
103.17,1880,155
103.95,323,129
104.73,1849,132
105.51,1849,171
106.27,243,210
107.09,229,217
107.91,222,212
108.73,1833,212
109.55,1911,184
110.37,202,210
111.18,215,217
112.00,229,218
112.82,1646,212
113.64,1646,219
114.46,1677,221
115.28,1989,212
116.08,2020,231
116.87,2005,230
117.66,2363,215
118.45,2379,223
119.24,2348,227
120.03,2348,217
120.82,2098,227
121.61,1319,228
122.40,1319,223
123.19,2285,220
123.98,1412,227
124.77,1412,224
125.56,2238,211
126.35,2020,212
127.15,2192,221
127.94,2176,227
128.73,2176,228
129.53,2161,225
130.32,1740,229
131.12,1740,216
131.91,2129,223
132.70,2098,225
133.50,2051,228
134.29,2083,214
135.08,2363,228
135.87,2379,223
136.67,2379,229
137.46,2363,230
138.25,2348,229
139.04,2348,228
139.84,2332,226
140.63,2332,220
141.42,1147,228
142.21,2316,217
143.01,2316,221
143.80,1631,225
144.56,2301,222
145.35,2285,226
146.15,2285,227
146.94,2270,222
147.73,2270,223
148.53,2270,223
149.32,2270,223
150.12,2270,222
150.91,1179,222
151.70,1179,227
152.50,1662,221
153.29,1989,214
154.08,1974,219
154.90,1989,222
155.71,2005,220
156.53,2005,217
157.35,2285,216
158.16,2270,217
158.98,2285,217
159.79,2254,216
160.61,2285,219
161.43,2285,216
162.24,2285,218
163.06,1927,216
163.85,1927,220
164.64,1927,223
165.43,1942,222
166.22,1709,215
167.01,1724,214
167.80,1974,220
168.59,2005,221
169.38,2083,215
170.17,2083,215
170.96,2098,216
171.75,2394,213
172.54,1241,223
173.33,1257,218
174.12,2129,215
174.92,1366,214
175.71,1335,222
176.50,1350,220
177.30,2176,213
178.09,2192,214
178.89,2503,213
179.68,2488,213
180.47,2550,211
181.27,2550,212
182.06,2270,212
182.89,2597,211
183.69,2597,212
184.49,2628,212
185.29,2613,212
186.09,2488,210
186.89,2379,213
187.69,2379,223
188.49,2363,222
189.29,2363,219
190.09,2394,219
190.89,2410,220
191.69,2426,217
192.48,2457,219
193.27,2488,217
194.07,2503,219
194.86,2535,219
195.65,2566,218
196.45,2581,217
197.24,2613,218
198.04,2644,218
198.83,1989,197
199.62,1989,211
200.42,2737,212
201.21,2768,217
202.01,2815,218
202.83,1880,217
203.65,2114,220
204.48,2067,215
205.30,2114,228
206.12,2098,223
206.94,2098,226
207.76,2083,226
208.58,2083,225
209.41,2083,226
210.23,2083,227
211.05,2083,227
211.85,2067,229
212.62,2067,228
213.40,2067,228
214.17,2067,229
214.94,2067,230
215.71,2067,230
216.49,2067,229
217.26,2051,229
218.03,2067,232
218.80,2067,231
219.58,2067,231
220.35,2067,232
221.15,2067,231
221.95,2067,229
222.74,2067,230
223.54,2083,230
224.34,2083,229
225.13,2083,229
225.93,2098,230
226.72,2098,231
227.52,2098,228
228.32,2098,226
229.11,2114,228
229.91,2114,226
230.67,2129,224
231.48,2145,223
232.28,2145,222
233.09,2161,223
233.90,2161,221
234.70,2161,219
235.51,2145,216
236.31,2192,228
237.12,2207,220
237.93,2940,214
238.73,2192,214
239.54,2971,211
240.30,2987,222
241.09,3002,223
241.88,3018,220
242.67,3033,221
243.46,3065,218
244.25,2955,210
245.03,3111,214
245.82,3049,211
246.61,3142,214
247.40,3189,220
248.19,1646,222
248.98,1490,219
249.78,1490,219
250.57,1506,210
251.37,2737,215
252.16,2706,229
252.95,2659,226
253.75,2581,214
254.54,2316,214
255.34,2270,228
256.13,2238,230
256.92,2207,227
257.72,2161,224
258.51,2129,227
259.30,2098,227
260.09,2098,224
260.89,2067,227
261.68,2051,226
262.47,2036,222
263.26,1849,216
264.06,1849,215
264.85,1989,221
265.64,1958,228
266.43,1958,226
267.23,1989,224
268.02,2051,218
268.82,1615,226
269.64,1599,233
270.45,1615,230
271.27,4124,148
272.08,4124,215
272.90,4171,211
273.71,4156,218
274.53,4156,217
275.34,4124,217
276.16,4109,217
276.97,3267,116
277.79,4093,217
278.62,4078,212
279.41,4561,218
280.20,4576,226
280.99,3891,218
281.78,2207,215
282.57,2223,231
283.37,2207,234
284.16,2207,231
284.95,2207,230
285.74,2207,234
286.53,2192,231
287.32,2192,230
288.11,2192,234
288.91,2192,231
289.72,2192,232
290.52,2192,235
291.32,2207,220
292.12,1927,218
292.93,1927,219
293.73,1911,217
294.53,1911,216
295.33,1911,215
296.14,1911,215
296.94,2238,230
297.73,2301,219
298.52,2597,231
299.32,2597,231
300.11,1771,220
300.91,1771,221
301.70,2301,212
302.50,2628,220
303.29,2644,231
304.09,2659,230
304.88,2659,229
305.68,2659,230
306.47,2675,228
307.43,2690,228
308.22,2706,227
309.01,2706,226
309.80,2737,214
310.59,2363,217
311.38,2363,220
312.18,2394,219
312.97,2815,222
313.76,2846,225
314.55,2909,213
315.34,3594,223
316.13,3657,226
316.92,3704,224
317.72,1958,221
318.51,1942,222
319.31,1974,213
320.11,5122,221
320.91,5169,222
321.70,5200,222
322.50,5247,219
323.30,4904,224
324.10,3501,220
324.89,3579,218
325.69,3688,219
326.45,3844,216
327.25,4015,214
328.04,4156,218
328.84,4234,223
329.64,4265,225
330.43,4327,226
331.23,4374,225
332.02,4421,224
332.82,4483,223
333.62,4530,223
334.41,4592,222
335.21,4654,225
335.97,4732,222
336.78,2238,214
337.59,2207,228
338.40,2192,226
339.21,2161,226
340.02,2129,224
340.84,2098,227
341.65,2083,226
342.46,2067,223
343.27,2036,225
344.08,2020,223
344.89,2005,224
345.68,1974,223
346.43,1958,221
347.18,1942,221
347.93,1927,217
348.68,2675,219
349.43,2628,218
350.19,2613,220
350.94,2597,222
351.69,2566,218
352.44,2550,219
353.19,2036,218
353.94,2051,216
354.74,2020,214
355.53,2488,215
356.33,2472,215
357.12,1989,213
357.91,2457,216
358.70,2441,215
359.50,2051,215
0.29,2005,212
1.08,2020,213
1.87,2020,212
2.67,1989,214
3.46,2067,212
4.25,2301,210
5.07,1677,214
5.88,2270,174
6.70,2020,213
7.52,1927,212
8.33,1942,211
9.15,1693,211
9.96,1662,211
10.78,1662,180
11.60,1677,213
12.41,1693,216
13.23,1787,217
14.06,1787,219
14.82,1802,215
15.58,1911,212
16.33,1942,217
17.09,1927,218
17.85,1911,218
18.61,1911,218
19.37,1880,218
20.13,1896,217
20.88,1880,216
21.64,1880,216
22.40,1880,215
22.97,1771,212
23.77,1787,210
24.56,1989,213
25.36,2332,210
26.16,2332,223
26.95,2332,215
27.75,2379,211
28.54,2410,218
29.34,3127,220
30.14,3127,223
30.93,3142,221
31.73,3142,223
32.49,3158,224
33.30,3158,225
34.12,3174,225
34.93,3189,225
35.74,3189,225
36.55,3205,225
37.37,3220,225
38.18,3236,224
38.99,3252,224
39.80,3236,211
40.62,3283,203
41.43,3283,142
42.22,3298,158
43.01,3314,106
43.81,75,113
44.60,75,109
45.39,3392,109
46.19,3407,148
46.98,3423,210
47.78,3485,220
48.57,3563,230
49.36,3579,227
50.16,3626,216
50.95,3610,211
51.74,3797,214
52.51,3750,220
53.27,3766,225
54.04,3657,221
54.81,3579,217
55.58,3485,217
56.34,2909,219
57.11,2909,224
57.88,3330,213
58.65,1989,217
59.41,1989,230
60.18,2005,231
60.94,2020,233
61.74,2036,232
62.55,2036,231
63.35,2067,231
64.15,2067,231
64.95,2083,231
65.76,2098,234
66.56,2114,232
67.36,2129,231
68.16,2161,230
68.97,2161,231
69.77,2192,230
70.60,2207,231
71.39,2223,231
72.18,2254,229
72.97,2270,230
73.76,2285,230
74.55,2316,228
75.34,2348,226
76.13,2363,226
76.92,2394,229
77.71,2410,230
78.50,2394,225
79.29,2379,231
80.08,2223,215
80.85,2207,223
81.61,2223,224
82.38,2316,232
83.15,2098,224
83.92,2083,228
84.68,2067,232
85.45,2067,232
86.22,2083,227
86.99,2098,224
87.75,2301,230
88.52,2316,232
89.28,2316,231
90.06,2332,229
90.83,2238,219
91.61,2223,229
92.39,2223,230
93.17,2223,228
93.94,2410,221
94.72,2161,142
95.50,2098,119
96.28,2051,122
97.05,2051,122
97.83,1989,96
98.66,1989,122
99.45,1989,129
100.24,175,129
101.03,350,148
101.82,336,155
102.61,1911,158
103.39,323,164
104.18,336,174
104.97,329,177
105.76,333,168
106.55,229,215
107.34,215,214
108.13,208,214
108.93,1849,213
109.74,202,210
110.54,215,211
111.34,222,218
112.15,225,217
112.95,1662,215
113.76,1662,216
114.56,1677,214
115.36,2020,223
116.17,2005,233
116.97,2020,223
117.76,2379,224
118.56,2363,223
119.35,2348,224
120.15,2098,226
120.95,2098,218
121.74,1303,228
122.54,2254,216
123.33,1412,221
124.13,1412,224
124.93,1428,220
125.72,2005,212
126.52,2207,217
127.90,2192,223
128.69,2176,226
129.48,2161,229
130.27,2161,217
131.06,1740,229
131.85,2129,217
132.64,2114,226
133.43,2051,224
134.22,2051,224
135.01,2332,222
135.80,2394,233
136.59,2379,221
137.38,2363,229
138.16,2363,227
138.93,2348,228
139.71,2348,226
140.49,2332,227
141.27,1147,221
142.04,1163,223
142.82,2301,225
143.60,1631,220
144.38,1631,217
145.15,2285,226
145.93,2285,223
146.72,2285,225
147.52,2285,223
148.31,2270,223
149.11,2270,223
149.91,2270,222
150.70,2270,222
151.50,1179,226
152.29,1179,219
153.09,1662,220
153.89,1989,220
154.68,1989,222
155.48,1989,222
156.27,2005,218
157.08,2005,217
157.90,2005,216
158.71,2254,217
159.52,2270,217
160.34,2285,217
161.15,2285,217
161.97,2285,218
162.78,2285,215
163.59,1927,219
164.41,1927,221
165.22,1927,220
166.04,1942,218
166.84,1709,221
167.65,1958,218
168.45,1989,219
169.25,2020,217
170.06,2379,214
170.86,2363,214
171.67,2379,215
172.47,1272,220
173.27,1257,225
174.08,2410,213
174.88,2410,213
175.67,1350,219
176.47,1335,225
177.26,2457,211
178.06,2192,214
178.86,2503,212
179.65,2503,213
180.45,2519,213
181.24,2550,214
182.04,2566,212
182.84,2566,211
183.63,2597,213
184.43,2597,213
185.19,2644,213
185.96,2566,212
186.74,2441,212
187.51,2426,216
188.28,2379,225
189.06,2363,220
189.83,2363,219
190.61,2394,219
191.38,2426,219
192.15,2441,219
192.93,2457,219
193.70,2488,219
194.53,2519,219
195.33,2535,215
196.14,2566,219
196.94,2597,217
197.74,2628,216
198.55,2659,215
199.35,1989,210
200.16,1989,177
200.96,2753,217
201.76,2784,219
202.57,1880,212
203.37,2129,217
204.16,2067,215
204.96,2114,222
205.75,2114,226
206.55,2098,224
207.35,2098,225
208.14,2083,226
208.94,2083,227
209.73,2083,229
210.53,2083,227
211.33,2067,228
212.12,2067,229
212.92,2067,227
213.68,2067,229
214.46,2067,229
215.23,2067,230
216.01,2067,229
216.79,2067,229
217.56,2067,229
218.34,2067,229
219.11,2067,228
219.89,2067,230
220.67,2067,229
221.44,2067,230
222.22,2067,229
223.02,2083,228
223.81,2083,229
224.61,2083,228
225.40,2083,228
226.19,2098,228
226.98,2098,227
227.78,2098,225
228.57,2114,225
229.36,2114,224
230.15,2129,223
230.95,2129,223
231.74,2145,221
232.50,2145,222
233.30,2161,220
234.09,2176,220
234.89,2145,216
235.69,2176,221
236.48,2192,230
237.28,2924,217
238.07,2192,190
238.87,2192,213
239.67,2971,218
240.46,2987,222
241.26,3002,221
242.02,3018,222
242.81,3049,219
243.61,3065,216
244.40,2955,210
245.19,3096,214
245.99,3033,212
246.78,3158,220
247.58,3189,216
248.37,1584,215
249.16,1490,219
249.96,1490,218
250.75,2457,135
251.54,2722,223
252.33,2690,226
253.12,2597,223
253.91,2410,211
254.70,2301,224
255.49,2270,231
256.28,2223,227
257.07,2192,228
257.86,2145,224
258.65,2114,226
259.44,2098,226
260.23,2083,226
261.02,2067,229
261.82,2051,228
262.63,2036,214
263.43,1849,216
264.23,1864,213
265.04,1974,226
265.84,1958,229
266.65,1958,227
267.45,2020,220
268.25,1631,213
269.06,1615,229
269.86,1615,232
270.65,1631,220
271.46,4156,211
272.27,4124,216
273.08,3859,210
273.89,4156,218
274.70,4140,219
275.51,4124,218
276.32,4109,210
277.13,4093,213
277.94,4078,217
278.75,3906,168
279.56,4561,224
280.35,4561,222
281.14,3891,220
281.93,2207,230
282.72,2223,231
283.51,2207,233
284.30,2207,232
285.09,2207,231
285.88,2207,233
286.67,2192,233
287.46,2192,234
288.25,2192,233
289.04,2192,233
289.83,2192,232
290.68,2192,224
291.52,2192,216
292.37,1942,219
293.21,1927,220
294.06,1911,219
294.90,1896,215
295.75,1911,218
296.59,2192,217
297.44,2238,230
298.28,2597,225
299.13,2597,232
299.93,2613,220
300.74,1771,221
301.54,1771,217
302.35,2301,216
303.16,2628,228
303.96,2644,231
304.77,2659,230
305.57,2659,229
306.38,2675,228
307.19,2690,229
307.99,2690,226
308.80,2706,229
309.56,2722,224
310.35,2410,214
311.15,2363,219
311.94,2379,219
312.73,2815,215
313.52,2831,224
314.32,2878,221
315.11,3548,219
315.90,3626,223
316.69,3688,226
317.49,3719,215
318.28,1958,221
319.11,1958,218
319.90,5106,219
320.69,5153,224
321.48,5184,222
322.27,5247,221
323.06,4919,215
323.84,4904,216
324.63,3517,220
325.42,3626,218
326.21,3750,216
327.00,3906,216
327.79,4109,213
328.59,4202,223
329.39,4249,226
330.19,4296,226
330.99,4343,226
331.79,4405,223
332.59,4452,223
333.40,4498,224
334.20,4561,224
335.00,4623,224
335.80,4670,223
336.60,4748,223
337.40,2223,223
338.15,2207,228
338.94,2176,225
339.74,2145,225
340.53,2114,224
341.33,2083,226
342.12,2067,226
342.92,2051,226
343.71,2020,223
344.51,2005,223
345.30,1989,224
346.10,1974,222
346.89,1942,222
347.72,1942,223
348.48,2675,217
349.25,2644,221
350.01,2628,220
350.77,2597,221
351.53,2581,220
352.30,2566,219
353.06,2566,214
353.82,2067,216
354.58,2067,216
355.35,2036,215
356.11,2488,216
356.91,1989,216
357.71,2051,215
358.50,2020,215
359.30,2426,214
0.10,2020,214
0.90,1989,214
1.69,2051,213
2.49,2020,211
3.29,2005,214
4.09,1989,211
4.88,1677,214
5.68,1693,213
6.43,2005,211
7.22,2270,212
8.01,1958,212
8.80,1927,211
9.59,1693,214
10.38,1662,203
11.17,1662,177
11.96,1677,217
12.75,1771,214
13.54,1787,216
14.33,1787,218
15.12,1818,212
15.95,1942,217
16.71,1942,220
17.47,1927,217
18.23,1911,220
18.99,1911,217
19.75,1911,216
20.51,1896,216
21.27,1896,216
22.03,1880,215
22.79,1833,212
23.55,1771,212
24.31,1896,210
25.10,1974,214
25.89,2332,218
26.69,2332,221
27.48,2348,211
28.28,2394,217
29.07,2426,211
29.87,3127,223
30.66,3127,222
31.46,3142,222
32.25,3158,223
33.05,3158,226
33.84,3174,222
34.63,3174,223
35.39,3189,224
36.16,3205,225
36.92,3220,222
37.68,3236,224
38.45,3252,224
39.21,3236,218
39.98,3252,210
40.74,3267,158
41.50,3283,151
42.27,3314,151
43.03,3330,116
43.78,3376,119
44.59,3361,106
45.39,3392,126
46.20,3408,145
47.01,3439,215
47.81,3532,227
48.62,3563,228
49.42,3579,226
50.23,3626,211
51.04,3626,122
51.84,3813,215
52.65,3766,223
53.48,3735,221
54.27,3626,219
55.06,3548,218
55.85,3486,216
56.64,2909,222
57.43,2909,214
58.23,2924,215
59.02,1989,228
59.81,2005,232
60.60,2020,234
61.39,2020,231
62.18,2036,233
62.97,2052,232
63.75,2067,231
64.53,2067,231
65.31,2098,231
66.09,2098,232
66.87,2114,231
67.65,2145,230
68.43,2161,229
69.21,2176,230
69.99,2192,230
70.77,2207,230
71.55,2239,232
72.30,2254,227
73.09,2270,228
73.89,2301,229
74.68,2317,227
75.48,2348,229
76.27,2379,228
77.07,2395,227
77.86,2410,228
78.66,2379,226
79.45,2379,230
80.25,2223,218
81.04,2207,225
81.87,2239,223
82.64,2317,231
83.41,2083,227
84.18,2067,230
84.95,2067,228
85.72,2067,228
86.48,2083,230
87.25,2099,220
88.02,2301,232
88.79,2317,234
89.56,2317,231
90.33,2332,233
91.13,2239,223
91.91,2223,230
92.69,2223,229
93.47,2223,222
94.25,2426,215
95.03,2130,151
95.80,2099,145
96.58,2083,103
97.36,2052,138
98.14,1989,100
98.92,106,109
99.70,1989,126
100.46,310,145
101.25,310,168
102.05,310,151
102.84,1912,168
103.64,1880,138
104.43,151,161
105.23,323,155
106.02,303,190
106.82,216,214
107.61,216,214
108.41,209,211
109.20,1849,212
109.99,189,155
110.80,216,212
111.60,222,218
112.41,225,215
113.22,1647,215
114.02,1662,219
114.83,1678,211
115.63,2021,224
116.44,2021,232
117.25,2021,220
118.05,2379,225
118.86,2363,221
119.65,2348,224
120.44,2099,226
121.24,2099,217
122.03,1319,229
122.82,2286,219
123.61,1413,225
124.41,1413,223
125.20,1444,217
125.99,2021,213
126.78,2208,216
127.58,2192,225
128.37,2176,229
129.13,2161,227
129.92,1740,219
130.72,1740,223
131.51,2114,219
132.30,2114,222
133.10,2052,227
133.89,2052,224
134.69,2332,221
135.48,2395,230
136.27,2379,227
137.07,2363,231
137.86,2348,229
138.69,2348,227
139.50,2348,227
140.32,2332,227
141.13,1148,223
141.94,1163,222
142.75,2317,225
143.57,1631,223
144.38,2301,215
145.19,2286,225
146.00,2270,224
146.82,2286,222
147.63,2254,223
148.42,2254,223
149.21,2270,220
150.01,2270,221
150.80,2270,217
151.60,1179,226
152.39,1195,216
153.19,1678,218
153.98,1989,219
154.78,2005,222
155.57,1989,222
156.37,2005,220
157.16,2005,218
157.90,2270,217
158.70,2270,214
159.49,2286,215
160.29,2270,218
161.09,2286,217
161.89,2286,217
162.68,2301,213
163.48,1927,223
164.28,1927,222
165.08,1943,221
165.87,1943,214
166.67,1709,218
167.46,1974,221
168.29,2005,223
169.12,2036,214
169.95,2363,213
170.78,2379,214
171.61,2099,215
172.43,1241,223
173.26,1257,222
174.09,2114,214
174.92,1366,212
175.75,1335,219
176.58,1350,223
177.38,2473,214
178.17,2192,213
178.97,2192,212
179.76,2504,213
180.55,2535,212
181.35,2239,212
182.14,2566,213
182.94,2582,212
183.73,2597,212
184.52,2613,212
185.32,2613,215
186.11,2488,211
186.90,2426,213
187.70,2395,218
188.51,2363,226
189.31,2363,221
190.11,2379,220
190.91,2410,221
191.72,2426,220
192.52,2457,219
193.32,2473,219
194.12,2488,218
194.93,2519,218
195.73,2551,217
196.53,2582,217
197.32,2597,219
198.11,2628,216
198.90,2660,211
199.69,1989,211
200.48,2738,210
201.26,2769,217
202.05,2800,221
202.84,1880,217
203.63,2130,221
204.42,2067,214
205.21,2114,226
206.04,2098,226
206.83,2098,223
207.62,2098,224
208.41,2083,227
209.20,2083,227
209.99,2083,227
210.79,2067,226
211.58,2067,226
212.37,2067,228
213.16,2067,227
213.95,2067,226
214.74,2067,229
215.53,2067,230
216.31,2067,230
217.09,2067,231
217.87,2067,228
218.65,2067,228
219.43,2067,230
220.21,2067,228
220.99,2067,229
221.77,2067,231
222.55,2067,232
223.33,2083,229
224.11,2083,227
224.87,2083,229
225.66,2098,228
226.45,2098,227
227.24,2098,228
228.03,2114,224
228.82,2114,224
229.60,2114,224
230.39,2130,224
231.18,2130,221
231.97,2145,221
232.76,2145,222
233.55,2161,220
234.38,2161,219
235.17,2130,215
235.96,2192,227
236.75,2192,234
237.54,2924,220
238.33,2192,211
239.13,2192,212
239.92,2971,220
240.71,2987,223
241.50,3002,223
242.29,3034,221
243.08,3049,221
243.87,3065,213
244.66,2956,210
245.46,3096,215
246.25,3049,211
247.04,3174,222
247.83,3189,214
248.63,1491,216
249.42,1491,220
250.21,1491,217
251.00,2472,200
251.80,2722,225
252.59,2691,225
253.39,2597,219
254.18,2410,211
254.98,2301,225
255.77,2270,230
256.56,2207,228
257.36,2192,227
258.15,2145,225
258.95,2114,227
259.74,2098,225
260.53,2098,228
261.33,2067,227
262.12,2052,229
262.90,2005,212
263.69,1849,216
264.48,1880,212
265.27,1974,228
266.06,1958,227
266.85,1974,226
267.65,2005,220
268.44,1615,214
269.23,1600,230
270.02,1615,233
270.81,1631,215
271.60,4125,212
272.39,4187,217
273.22,4156,206
274.06,4156,218
274.89,4140,218
275.72,4125,217
276.55,4109,210
277.39,4093,216
278.22,4093,217
279.05,3922,158
279.88,4561,223
280.72,4577,221
281.55,3891,218
282.30,2207,230
283.10,2207,231
283.89,2207,231
284.69,2207,232
285.49,2207,231
286.29,2192,232
287.08,2192,231
287.88,2192,232
288.68,2192,230
289.48,2192,232
290.27,2192,234
291.07,2192,224
291.87,1927,218
292.66,1927,219
293.45,1911,219
294.24,1911,220
295.03,1896,216
295.82,1896,219
296.60,2254,218
297.39,2254,230
298.18,2597,228
298.97,2597,232
299.76,1771,216
300.55,1771,221
301.35,1771,216
302.17,2644,215
302.98,2644,230
303.80,2644,228
304.61,2659,232
305.43,2659,229
306.24,2675,229
307.06,2691,230
307.87,2691,229
308.69,2706,228
309.50,2722,222
310.32,2379,215
311.11,2379,219
311.91,2395,219
312.70,2800,220
313.50,2831,224
314.30,2893,221
315.10,3563,222
315.89,3641,224
316.69,3688,224
317.49,1974,213
318.29,1943,222
319.08,1958,219
319.88,5122,223
320.68,5153,223
321.47,5200,222
322.26,5247,221
323.05,4919,221
323.84,3517,215
324.63,3548,219
325.42,3688,217
326.21,3782,216
327.00,3938,214
327.79,4140,214
328.58,4202,221
329.37,4265,228
330.20,4312,228
331.01,4358,225
331.82,4405,224
332.64,4452,223
333.45,4514,222
334.26,4577,224
335.07,4623,223
335.88,4686,223
336.69,4748,222
337.51,2223,226
338.32,2192,226
339.13,2161,224
339.92,2145,224
340.72,2114,224
341.51,2083,225
342.31,2067,227
343.11,2052,226
343.90,2020,225
344.70,2005,224
345.49,1989,223
346.29,1958,221
347.09,1958,219
347.88,1958,218
348.68,2675,218
349.44,2659,220
350.19,2628,222
350.93,2597,220
351.68,2582,220
352.43,2566,218
353.18,2020,218
353.92,2052,217
354.67,2020,217
355.42,2020,214
356.17,2020,216
356.91,1989,215
357.66,2067,214
358.49,2020,215
359.28,2426,215
0.07,2052,213
0.86,2052,213
1.65,2067,213
2.44,2067,213
3.23,2036,212
4.02,2052,213
4.81,1662,214
5.60,1693,213
6.39,2254,212
7.18,2254,212
7.79,2254,212
8.59,1927,210
9.38,1693,212
10.18,1678,200
10.98,1678,180
11.77,1678,217
12.57,1802,213
13.36,1787,218
14.16,1787,218
14.96,1818,212
15.75,1943,217
16.55,1943,219
17.31,1927,219
18.09,1927,219
18.86,1911,218
19.64,1911,217
20.42,1896,216
21.20,1880,217
21.97,1880,214
22.75,1865,211
23.53,1771,213
24.31,1958,171
25.08,1974,214
25.86,2332,219
26.69,2332,220
27.48,2379,211
28.27,2379,217
29.06,2457,212
29.85,3127,225
30.64,3127,224
31.43,3143,223
32.22,3143,225
33.01,3158,225
33.80,3174,225
34.59,3174,223
35.38,3189,224
36.17,3205,223
36.96,3221,224
37.76,3236,225
38.55,3267,225
39.34,3236,218
40.14,3252,203
40.93,3314,158
41.73,3314,135
42.52,3314,164
43.31,3345,138
44.11,3376,129
44.90,3392,155
45.65,3392,119
46.44,3408,135
47.23,3470,218
48.02,3548,226
48.81,3563,229
49.60,3579,226
50.39,3626,210
51.18,3782,142
51.97,3813,214
52.76,3782,225
53.55,3750,221
54.34,3626,220
55.17,3532,215
55.96,3486,215
56.75,2909,222
57.54,2909,216
58.33,3345,213
59.12,1989,228
59.91,2005,234
60.70,2005,230
61.49,2020,231
62.28,2036,230
63.07,2052,231
63.86,2067,232
64.66,2083,233
65.42,2098,233
66.19,2114,233
66.95,2130,234
67.71,2145,231
68.48,2161,230
69.24,2176,231
70.01,2192,229
70.77,2207,230
71.53,2239,232
72.30,2254,229
73.06,2270,230
73.85,2301,227
74.64,2332,227
75.44,2348,229
76.23,2379,229
77.02,2410,229
77.82,2410,229
78.61,2379,225
79.41,2379,229
80.20,2207,217
80.99,2207,227
81.79,2239,222
82.58,2317,229
83.33,2083,226
84.12,2067,231
84.92,2067,232
85.71,2067,231
86.50,2083,232
87.30,2114,219
88.09,2301,233
88.89,2317,231
89.68,2317,232
90.47,2332,230
91.27,2239,222
92.06,2223,230
92.89,2223,228
93.64,2223,222
94.40,2426,215
95.15,2114,142
95.90,2067,126
96.66,2083,100
97.41,2020,103
98.17,2052,96
98.92,1974,126
99.67,310,113
100.43,1958,129
101.18,337,116
102.01,1958,145
102.80,1911,206
103.60,1880,184
104.39,1865,158
105.18,323,142
105.98,323,184
106.77,229,213
107.57,229,214
108.36,222,212
109.15,1833,212
109.95,189,197
110.74,283,212
111.53,243,217
112.32,236,217
113.12,1646,216
113.91,1662,218
114.70,1678,210
115.50,2020,224
116.29,2005,234
117.09,2020,218
117.88,2379,226
118.67,2363,223
119.47,2348,225
120.26,2098,229
121.09,2098,218
121.92,1319,226
122.74,2270,218
123.57,1397,225
124.39,1413,223
125.22,1444,215
126.04,2020,213
126.87,2207,218
127.69,2192,225
128.52,2176,225
129.34,2161,229
130.17,1740,217
130.96,1740,227
131.76,2130,217
132.55,2114,223
133.35,2052,223
134.15,2052,222
134.95,2317,224
135.74,2395,229
136.54,2363,225
137.34,2363,228
138.14,2348,228
138.93,2348,229
139.73,2332,227
140.48,2332,228
141.27,1163,225
142.06,1163,223
142.85,2317,225
143.64,1631,221
144.43,2301,217
145.22,2285,226
146.01,2285,224
146.80,2285,227
147.59,2285,224
148.38,2285,223
149.17,2270,221
149.97,2270,219
150.76,2254,215
151.56,1179,226
152.35,1179,216
153.14,1662,218
153.93,1989,221
154.73,1989,222
155.52,2005,221
156.31,2005,219
157.10,2005,220
157.90,2005,216
158.69,2285,215
159.49,2270,216
160.29,2285,217
161.08,2301,215
161.88,2301,217
162.68,2036,212
163.47,1927,219
164.27,1927,221
165.06,1943,222
165.86,1943,213
166.66,1724,218
167.45,1974,220
168.25,2005,222
169.01,2067,213
169.84,2083,214
170.67,2083,212
171.51,2098,215
172.34,1257,222
173.17,1257,220
174.00,2130,215
174.83,1366,211
175.66,1335,222
176.50,1350,222
177.33,2176,213
178.16,2488,214
178.96,2504,214
179.73,2207,213
180.51,2223,211
181.28,2566,211
182.05,2270,212
182.83,2285,212
183.60,2597,211
184.38,2613,212
185.15,2597,212
185.92,2363,211
186.70,2379,213
187.47,2410,219
188.26,2363,224
189.05,2363,218
189.85,2379,220
190.64,2410,219
191.43,2426,221
192.23,2441,219
193.02,2488,218
193.82,2504,220
194.61,2519,219
195.40,2550,219
196.20,2582,218
196.99,2597,217
197.78,2644,217
198.59,2675,206
199.40,1989,211
200.21,2753,210
201.02,2769,218
201.83,2815,220
202.64,1880,217
203.45,2129,219
204.26,2067,215
205.07,2114,227
205.88,2098,223
206.69,2098,224
207.44,2098,225
208.23,2083,227
209.03,2083,226
209.82,2083,227
210.61,2083,228
211.41,2067,227
212.20,2067,231
213.00,2067,229
213.79,2067,228
214.58,2067,229
215.38,2067,231
216.17,2067,228
216.96,2067,230
217.79,2067,232
218.62,2067,231
219.45,2067,232
220.28,2067,228
221.11,2067,229
221.94,2067,229
222.77,2067,230
223.60,2083,229
224.43,2083,230
225.26,2083,229
226.09,2083,228
226.88,2098,228
227.63,2098,228
228.39,2098,227
229.14,2114,225
229.89,2114,223
230.65,2129,222
231.40,2129,223
232.16,2145,219
232.91,2161,222
233.66,2161,221
234.42,2161,218
235.17,2145,216
235.93,2192,228
236.72,2207,230
237.52,2924,220
238.31,2192,213
239.10,2192,211
239.90,2971,222
240.69,2987,221
241.49,3018,220
242.28,3033,220
243.07,3065,220
243.87,3065,213
244.66,2955,211
245.45,3080,214
246.24,3033,200
247.03,3174,222
247.82,1662,218
248.61,1490,218
249.40,1490,220
250.19,1506,214
250.98,2488,164
251.77,2722,224
252.56,2675,226
253.35,2597,219
254.14,2410,213
254.93,2285,227
255.72,2254,229
256.52,2207,226
257.31,2192,228
258.10,2145,225
258.90,2114,228
259.69,2114,226
260.49,2083,225
261.28,2067,227
262.07,2051,227
262.87,1849,212
263.66,1849,216
264.41,1896,212
265.20,1974,227
266.00,1958,230
266.79,1974,226
267.58,2020,220
268.38,1615,215
269.17,1599,231
269.97,1615,233
270.76,1631,215
271.55,4124,211
272.35,4171,217
273.14,3875,177
273.97,4156,218
274.78,4124,217
275.60,4124,218
276.41,4109,200
277.22,4093,215
278.03,4078,217
278.85,3922,148
279.66,4561,224
280.47,4561,220
281.28,3906,216
282.10,2207,229
282.91,2207,232
283.71,2207,229
284.52,2207,232
285.33,2207,233
286.14,2207,230
286.95,2191,231
287.76,2191,230
288.56,2191,232
289.37,2191,232
290.18,2191,235
290.99,2191,224
291.80,2191,218
292.61,1926,218
293.37,1926,218
294.17,1911,219
294.96,1911,216
295.76,1911,215
296.56,2176,218
297.35,2254,230
298.15,2597,228
298.94,2597,233
299.74,2612,216
300.54,1755,221
301.33,1771,217
302.13,2301,213
302.92,2628,228
303.72,2643,231
304.52,2659,229
305.32,2659,229
306.12,2675,229
306.92,2690,229
307.72,2690,226
308.52,2706,227
309.32,2721,223
310.12,2378,214
310.92,2378,220
311.72,2378,219
312.52,2799,218
313.31,2830,225
314.11,2893,221
314.90,3563,221
315.69,3641,224
316.48,3688,225
317.28,1958,214
318.07,1958,221
318.86,1958,219
319.65,5122,221
320.45,5153,223
321.24,5184,221
322.04,5246,222
322.83,4919,220
323.63,4903,214
324.42,3516,221
325.21,3641,217
326.00,3766,216
326.80,3984,215
327.59,4093,215
328.38,4202,221
329.17,4264,227
329.97,4311,225
330.76,4342,226
331.56,4405,225
332.40,4451,222
333.24,4514,223
334.09,4561,222
334.93,4623,224
335.77,4685,224
336.61,4763,222
337.45,2223,226
338.29,2207,225
339.14,2160,225
339.98,2145,225
340.82,2113,225
341.65,2082,225
342.44,2067,227
343.23,2051,224
344.02,2036,221
344.81,2004,222
345.60,1989,224
346.39,1958,219
347.18,1942,218
347.97,1926,219
348.76,2659,220
349.55,2659,222
350.34,2628,221
351.13,2612,216
351.85,2581,220
352.58,2565,219
353.30,2051,217
354.03,2098,218
354.75,2004,216
355.48,2020,215
356.20,2020,214
356.93,2488,214
357.65,2020,215
358.38,2036,214
359.10,2410,213
359.86,2036,216
0.67,2020,214
1.47,2004,213
2.28,2020,214
3.09,2051,211
3.89,2285,211
4.70,1677,215
5.50,1693,212
6.31,2238,211
7.12,2004,212
7.92,2254,212
8.73,2036,210
9.56,1693,213
10.35,1677,210
11.14,1677,206
11.93,1693,220
12.72,1802,214
13.51,1786,218
14.30,1802,216
15.09,1817,210
15.88,1942,218
16.67,1942,219
17.46,1926,219
18.25,1911,218
19.04,1911,219
19.80,1895,216
20.57,1880,216
21.33,1895,216
22.09,1880,216
22.86,1833,210
23.62,1771,212
24.39,1958,197
25.15,1973,211
25.91,2332,220
26.68,2347,218
27.44,1942,211
28.20,2378,215
28.99,3127,212
29.79,3127,223
30.58,3127,224
31.37,3142,223
32.16,3158,224
32.96,3158,225
33.75,3158,223
34.54,3189,224
35.33,3189,224
36.13,3205,224
36.92,3220,224
37.97,3236,223
38.76,3251,224
39.55,3236,216
40.34,3298,161
41.13,3267,135
41.92,3314,164
42.71,3314,168
43.50,3329,151
44.29,3360,142
45.08,3392,93
45.87,3407,148
46.66,3438,151
47.45,3485,221
48.24,3563,229
49.02,3563,227
49.81,3594,224
50.60,3625,212
51.39,3812,210
52.17,3812,217
52.96,3781,227
53.75,3688,221
54.54,3594,218
55.32,3532,217
56.11,3485,213
56.87,2908,224
57.67,2955,212
58.46,2924,215
59.26,1989,231
60.06,2004,234
60.85,2020,233
61.65,2020,233
62.44,2036,232
63.24,2051,231
64.04,2067,230
64.83,2082,232
65.63,2098,233
66.42,2113,232
67.18,2129,233
67.93,2145,232
68.69,2160,230
69.45,2191,230
70.21,2207,231
70.96,2223,230
71.72,2238,230
72.48,2269,228
73.24,2285,230
73.99,2316,227
74.75,2332,227
75.54,2363,230
76.36,2378,230
77.18,2410,226
78.00,2394,227
78.82,2378,227
79.64,2378,220
80.46,2207,221
81.28,2207,227
82.10,2316,228
82.92,2316,218
83.74,2082,228
84.56,2067,231
85.35,2067,232
86.15,2067,229
86.94,2082,229
87.74,2301,222
88.54,2301,230
89.33,2316,230
90.13,2316,234
90.92,2316,229
91.72,2223,226
92.52,2223,229
93.31,2207,228
94.11,2410,219
94.90,2160,164
95.66,2098,158
96.42,2036,103
97.17,2051,145
97.93,2051,116
98.69,90,113
99.45,1989,151
100.21,2004,138
100.97,1926,135
101.72,1926,155
102.48,1911,116
103.24,1880,151
104.06,1880,142
104.85,1864,168
105.63,401,119
106.42,202,210
107.21,202,215
108.00,208,212
108.78,1849,211
109.57,242,190
110.36,215,211
111.15,222,217
111.93,225,217
112.72,1646,212
113.51,1662,217
114.31,1662,222
115.10,1958,212
115.90,2020,231
116.70,2020,230
117.49,2378,215
118.29,2378,224
119.08,2347,226
119.88,2113,216
120.68,2098,228
121.47,1319,227
122.27,1319,228
123.03,2269,221
123.85,1412,228
124.67,1412,225
125.49,2238,211
126.31,2020,213
127.13,2191,223
127.95,2191,226
128.77,2176,229
129.59,2160,227
130.41,1739,228
131.23,1755,219
132.05,2113,222
132.87,2098,225
133.66,2051,227
134.45,2067,215
135.24,2347,228
136.03,2394,222
136.82,2363,229
137.61,2363,229
138.40,2347,229
139.19,2347,227
139.98,2332,224
140.77,2332,224
141.56,1147,228
142.36,1163,215
143.15,2316,223
143.95,1630,225
144.74,2301,219
145.53,2285,227
146.32,2285,225
147.12,2285,223
147.91,2269,222
148.70,2269,222
149.49,2269,221
150.29,2269,222
151.08,1178,218
151.84,1178,227
152.63,1662,219
153.42,1973,213
154.21,1989,223
155.00,1989,224
155.79,1989,222
156.58,2004,220
157.37,2004,218
158.16,2254,216
158.95,2020,216
159.74,2285,215
160.53,2285,215
161.36,2285,216
162.15,2285,215
162.94,1926,215
163.73,1926,220
164.52,1926,221
165.31,1942,222
166.10,1708,214
166.89,1708,214
167.68,1989,219
168.47,2004,221
169.26,2051,216
170.05,2082,213
170.84,2082,214
171.65,2113,214
172.46,1241,224
173.27,1256,218
174.08,2129,214
174.89,1365,214
175.70,1334,221
176.51,1350,220
177.32,2160,215
178.13,2160,213
178.94,2191,213
179.75,2223,213
180.51,2519,213
181.33,2550,212
182.15,2269,211
182.97,2581,211
183.79,2285,212
184.61,2628,212
185.42,2628,212
186.24,2550,210
187.06,2378,213
187.88,2410,220
188.70,2363,224
189.52,2363,219
190.32,2378,220
191.11,2410,219
191.90,2425,220
192.69,2441,217
193.48,2488,218
194.27,2503,219
195.05,2534,218
195.84,2565,219
196.63,2581,217
197.42,2612,218
198.21,2643,218
199.00,2675,171
199.80,1989,210
200.58,2753,211
201.35,2768,217
202.13,2799,217
202.91,1880,218
203.68,2129,219
204.46,2067,215
205.23,2113,227
206.01,2098,224
206.79,2098,227
207.56,2098,226
208.34,2082,227
209.14,2082,228
209.93,2082,225
210.73,2067,227
211.52,2082,227
212.31,2067,228
213.10,2067,229
213.90,2067,228
214.69,2067,231
215.48,2067,230
216.27,2067,230
217.07,2067,232
217.86,2067,229
218.66,2067,230
219.45,2067,230
220.24,2067,230
221.03,2067,231
221.82,2067,230
222.61,2067,228
223.39,2082,230
224.18,2082,232
224.97,2082,229
225.76,2082,229
226.55,2098,229
227.34,2098,228
228.14,2113,227
228.95,2113,225
229.75,2113,226
230.56,2129,227
231.37,2129,222
232.17,2145,224
232.98,2160,223
233.78,2160,221
234.59,2176,221
235.40,2129,216
236.20,2191,232
237.01,2191,224
237.80,2908,218
238.60,2191,214
239.39,2191,210
240.19,2971,222
240.99,2986,222
241.78,3002,222
242.58,3033,221
243.37,3064,220
244.17,3017,206
244.97,3017,210
245.76,3064,212
246.56,3064,197
247.32,3173,224
248.09,1646,222
248.87,1490,217
249.64,1490,220
250.41,1490,213
251.19,2456,187
251.96,2721,227
252.74,2659,223
253.51,2581,217
254.28,2394,214
255.06,2285,227
255.83,2254,228
256.66,2207,229
257.45,2176,226
258.23,2145,226
259.02,2113,228
259.81,2113,226
260.60,2082,228
261.38,2051,229
262.17,2036,226
262.96,1864,214
263.75,1849,215
264.53,1958,216
265.32,1973,226
266.11,1958,228
266.91,1989,226
267.70,2051,220
268.50,1615,221
269.30,1599,234
270.09,1615,233
270.89,1646,193
271.68,4109,215
272.48,4186,215
273.28,4155,213
274.07,4140,217
274.87,4140,218
275.63,4109,217
276.46,3282,113
277.30,4093,217
278.13,4077,215
278.96,4576,214
279.79,4561,225
280.63,4561,216
281.46,3906,212
282.29,2207,233
283.12,2207,233
283.96,2207,229
284.79,2207,231
285.61,2207,232
286.43,2191,231
287.24,2207,230
288.06,2191,235
288.88,2191,232
289.69,2191,233
290.51,2191,233
291.32,2191,222
292.14,2191,218
292.96,1926,217
293.77,1911,218
294.59,1911,217
295.39,1911,215
296.19,1911,215
296.98,2207,225
297.78,2254,226
298.58,2597,230
299.37,2597,232
300.17,1771,218
300.96,1771,223
301.76,1786,213
302.56,2628,217
303.35,2643,230
304.15,2643,229
304.90,2659,230
305.72,2675,230
306.53,2675,228
307.35,2690,229
308.17,2706,227
308.98,2706,226
309.80,2721,216
310.61,2363,215
311.43,2378,219
312.25,2378,220
313.06,2815,224
313.88,2846,223
314.71,2908,216
315.50,3579,224
316.29,3657,225
317.08,3703,223
317.87,1958,218
318.66,1958,222
319.45,1973,214
320.24,5137,223
321.03,5168,223
321.82,5200,222
322.61,5246,222
323.40,4903,222
324.19,3516,218
324.99,3579,217
325.78,3688,218
326.58,3812,215
327.38,3999,216
328.17,4155,218
328.97,4233,223
329.76,4264,229
330.56,4327,226
331.36,4358,225
332.15,4420,224
332.95,4483,222
333.71,4529,222
334.53,4592,225
335.34,4638,224
336.16,4701,222
336.98,4763,214
337.80,2223,227
338.61,2191,227
339.43,2160,226
340.25,2129,224
341.07,2098,226
341.88,2082,224
342.70,2067,223
343.53,2036,224
344.32,2020,223
345.11,1989,225
345.90,1973,222
346.69,1958,223
347.48,1926,220
348.27,1911,218
349.06,2675,217
349.85,2628,220
350.64,2612,217
351.43,2597,220
352.22,2597,221
352.40,2565,219
353.18,2051,215
353.95,2036,219
354.73,2082,215
355.51,2503,216
356.28,2051,214
357.06,2020,215
357.83,2020,216
358.61,2020,216
359.39,2004,214
0.16,2020,213
0.94,2036,214
1.74,2020,212
2.56,2020,214
3.38,2004,212
4.20,2301,211
5.02,1677,214
5.84,2269,184
6.65,2238,211
7.47,1989,212
8.29,1989,212
9.11,1926,210
9.93,1693,211
10.75,1677,187
11.51,1662,212
12.30,1708,217
13.10,1802,214
13.89,1786,217
14.68,1802,215
15.48,1895,210
16.27,1942,218
17.07,1926,220
17.86,1926,220
18.65,1911,219
19.45,1895,217
20.24,1895,217
21.03,1895,217
21.79,1880,216
22.56,1864,215
23.32,1771,211
24.08,1786,211
24.85,1958,210
25.61,1973,190
26.38,2332,222
27.14,2347,214
27.90,1942,211
28.67,2394,219
29.43,3127,217
30.22,3127,223
31.00,3142,223
31.78,3142,224
32.56,3158,224
33.34,3158,224
34.12,3173,225
34.90,3189,222
35.68,3189,224
36.46,3205,224
37.24,3220,225
38.02,3236,226
38.80,3267,223
39.56,3236,213
40.35,3251,148
41.15,3282,126
41.94,3282,161
42.73,3314,119
43.53,3329,122
44.32,3376,119
45.12,3376,113
45.91,3392,119
46.70,3407,138
47.50,3485,221
48.29,3563,230
49.08,3579,229
49.86,3594,220
50.63,3610,210
51.41,3781,213
52.19,3797,217
52.97,3797,227
53.74,3688,219
54.52,3594,218
55.30,3516,217
56.08,2908,213
56.85,2908,224
57.63,2955,213
58.42,2908,213
59.22,1989,232
60.01,2004,233
60.81,2020,231
61.61,2036,232
62.40,2036,232
63.20,2051,231
63.99,2067,232
64.79,2082,232
65.59,2098,231
66.38,2113,232
67.18,2129,230
67.90,2145,232
68.69,2160,230
69.49,2191,231
70.28,2207,230
71.07,2223,231
71.87,2238,229
72.66,2269,228
73.46,2285,228
74.25,2316,227
75.04,2332,227
75.84,2363,227
76.63,2378,228
77.46,2410,228
78.22,2394,225
78.97,2378,228
79.73,2363,221
80.49,2207,222
81.25,2207,225
82.00,2316,229
82.76,2098,218
83.52,2082,229
84.28,2067,229
85.03,2067,231
85.79,2067,229
86.58,2098,228
87.37,2269,224
88.17,2316,232
88.96,2316,233
89.75,2332,232
90.55,2316,227
91.34,2223,226
92.14,2223,230
92.93,2223,227
93.72,2425,219
94.52,2129,155
95.31,2082,119
96.10,2098,142
96.90,2082,132
97.69,2051,106
98.49,1989,100
99.29,1958,161
100.08,1973,109
100.88,1958,138
101.67,1926,184
102.47,1895,135
103.27,1895,168
104.06,90,122
104.86,1864,168
105.66,1849,113
106.47,215,210
107.29,215,213
108.10,215,213
108.91,1849,212
109.72,229,184
110.54,229,210
111.35,235,215
112.16,232,216
112.97,230,212
113.79,1662,218
114.60,1677,219
115.39,2020,212
116.18,2004,231
116.98,2020,229
117.77,2347,216
118.56,2378,224
119.36,2347,227
120.15,2113,217
120.95,2098,227
121.74,1319,228
122.53,1319,224
123.33,2285,221
124.12,1412,227
124.91,1412,223
125.69,2238,211
126.47,2004,212
127.25,2191,224
128.03,2191,226
128.81,2176,228
129.59,2160,228
130.37,1739,228
131.15,1755,215
131.93,2113,222
132.71,2082,226
133.49,2051,227
134.25,2067,214
135.07,2363,230
135.88,2394,223
136.70,2378,229
137.51,2363,228
138.33,2347,227
139.14,2347,227
139.96,2332,226
140.77,2332,223
141.59,1147,225
142.40,2316,216
143.22,2301,223
144.05,1630,225
144.84,2301,221
145.63,2285,228
146.42,2285,224
147.21,2285,224
148.00,2285,224
148.80,2269,225
149.59,2269,221
150.38,2269,221
151.17,1178,218
151.96,1178,226
152.75,1662,220
153.54,2269,213
154.34,1989,219
155.13,1989,221
155.93,1989,220
156.73,2005,220
157.52,2005,216
158.32,2005,216
159.11,2020,215
159.91,2285,217
160.71,2270,216
161.50,2285,216
162.30,2285,216
163.09,1927,215
163.88,1927,222
164.67,1927,221
165.46,1942,222
166.25,1709,215
167.04,1724,214
167.84,1974,221
168.63,2005,222
169.42,2067,214
170.21,2083,214
171.00,2083,216
171.79,2098,212
172.54,1241,223
173.33,1241,218
174.13,2114,216
174.92,1350,214
175.71,1335,223
176.51,1350,219
177.30,2176,213
178.10,2192,213
178.89,2503,215
179.68,2207,213
180.48,2535,212
181.27,2550,212
182.06,2270,211
182.88,2597,211
183.70,2301,212
184.52,2316,214
185.34,2628,214
186.16,2535,210
186.97,2410,214
187.79,2394,218
188.61,2363,224
189.43,2363,222
190.25,2379,220
191.07,2410,220
191.83,2426,220
192.62,2457,221
193.42,2488,217
194.21,2503,219
195.00,2535,218
195.80,2565,219
196.59,2581,218
197.39,2597,218
198.18,2643,218
198.97,2659,210
199.77,1989,211
200.56,2737,213
201.35,2784,218
202.17,2799,219
202.99,1880,217
203.81,2129,222
204.63,2067,215
205.45,2098,227
206.27,2098,227
207.09,2098,226
207.91,2098,227
208.73,2082,225
209.55,2082,229
210.37,2082,227
211.16,2067,226
211.92,2067,227
212.69,2067,228
213.45,2067,228
214.21,2067,227
214.98,2067,229
215.74,2067,229
216.51,2067,228
217.27,2067,230
218.03,2067,228
218.80,2067,230
219.56,2067,231
220.32,2067,231
221.11,2067,230
221.91,2067,230
222.70,2082,229
223.49,2082,229
224.29,2082,229
225.08,2082,231
225.88,2098,228
226.67,2098,227
227.46,2098,228
228.26,2113,228
229.05,2113,227
229.88,2129,224
230.68,2129,225
231.49,2129,224
232.29,2160,224
233.09,2160,225
233.89,2160,224
234.70,2176,218
235.50,2145,215
236.30,2191,231
237.10,2191,220
237.91,2924,215
238.71,2191,214
239.50,2971,212
240.28,2986,223
241.05,3002,224
241.83,3017,224
242.61,3033,220
243.38,3064,218
244.16,2971,210
244.93,3111,214
245.71,3033,212
246.49,3158,213
247.26,3189,221
248.04,1630,220
248.84,1490,217
249.64,1490,219
250.43,1521,190
251.23,2721,212
252.03,2706,230
252.82,2659,225
253.62,2581,212
254.41,2316,215
255.21,2269,228
256.01,2238,228
256.80,2191,229
257.60,2160,224
258.40,2129,228
259.20,2113,226
260.00,2098,224
260.80,2082,228
261.60,2051,228
262.40,2036,222
263.19,1849,216
263.99,1849,214
264.79,1973,223
265.59,1958,229
266.39,1958,228
267.19,2004,223
268.02,2020,217
268.81,1615,227
269.60,1599,233
270.39,1615,232
271.18,4155,145
271.97,4124,215
272.76,4171,210
273.55,4155,217
274.34,4140,218
275.13,4124,217
275.92,4109,218
276.71,4093,148
277.61,4093,218
278.41,4077,211
279.20,4561,219
280.00,4561,226
280.80,3890,218
281.60,2207,217
282.39,2223,231
283.19,2207,232
283.99,2207,231
284.79,2207,232
285.58,2207,232
286.38,2191,229
287.13,2191,231
287.95,2191,232
288.77,2191,233
289.59,2191,233
290.41,2191,234
291.23,2207,219
292.05,1942,217
292.87,1926,220
293.69,1911,219
294.51,1911,216
295.33,1926,215
296.15,1911,215
296.98,2238,231
297.77,2269,217
298.56,2597,232
299.35,2597,230
300.14,1771,220
300.93,1771,220
301.72,2301,212
302.51,2628,222
303.30,2643,229
304.09,2659,230
304.88,2659,229
305.67,2675,229
306.46,2675,229
307.28,2690,227
308.10,2706,226
308.92,2721,227
309.74,2441,211
310.56,2363,217
311.37,2378,220
312.19,2394,218
313.01,2815,225
313.83,2862,224
314.65,3547,212
315.47,3594,224
316.23,3672,224
317.02,3704,224
317.82,1958,220
318.61,1942,222
319.40,5106,212
320.20,5137,222
320.99,5169,223
321.79,5215,220
322.58,5247,219
323.37,4904,224
324.17,3501,219
324.96,3579,218
325.79,3704,219
326.58,3859,216
327.37,3984,215
328.16,4171,217
328.95,4234,223
329.74,4280,226
330.53,4327,226
331.32,4374,224
332.11,4436,224
332.90,4483,224
333.69,4545,224
334.48,4592,225
335.28,4654,224
336.08,4717,223
336.88,2238,213
337.69,2207,226
338.49,2192,225
339.29,2161,226
340.09,2129,226
340.89,2098,226
341.69,2067,225
342.50,2067,226
343.30,2036,224
344.10,2020,225
344.89,1989,225
345.64,1974,222
346.39,1958,223
347.13,1942,221
347.88,1942,219
348.63,2675,222
349.38,2628,217
350.13,2628,222
350.88,2581,222
351.62,2581,219
352.37,2550,218
353.12,2020,215
353.94,2051,217
354.73,2036,214
355.52,2005,215
356.31,2067,215
357.10,2020,215
357.89,2457,215
358.68,2005,215
359.47,2020,215
0.26,1974,214
1.05,2410,212
1.84,2020,212
2.63,2317,211
3.42,2005,212
4.23,2301,211
5.03,1678,216
5.84,1989,206
6.65,1989,212
7.46,1974,212
8.26,2005,211
9.07,1911,210
9.88,1693,211
10.69,1662,135
11.49,1631,211
12.30,1693,216
13.09,1787,213
13.88,1787,218
14.68,1802,214
15.47,1849,211
16.26,1943,219
17.05,1927,218
17.85,1927,218
18.64,1911,219
19.43,1911,218
20.22,1896,217
21.02,1896,216
21.81,1880,216
22.40,1880,214
23.17,1787,206
23.93,1802,210
24.70,1974,211
25.47,1943,203
26.23,2332,221
27.00,2348,216
27.76,2363,210
28.53,2395,217
29.30,3127,216
30.06,3127,224
30.83,3127,222
31.65,3143,226
32.45,3143,225
33.25,3158,225
34.05,3174,225
34.85,3189,224
35.65,3189,224
36.46,3205,224
37.26,3221,225
38.06,3236,224
38.86,3267,222
39.66,3236,215
40.46,3267,148
41.25,3283,164
42.05,3283,129
42.84,3314,113
43.64,3330,129
44.44,3345,119
45.23,3376,132
46.03,3408,119
46.82,3423,145
47.62,3470,221
48.42,3563,229
49.21,3563,228
50.01,3595,221
50.76,3610,211
51.52,3797,213
52.29,3813,216
53.05,3782,228
53.82,3688,219
54.58,3610,217
55.35,3517,217
56.11,2924,213
56.88,2909,226
57.64,2940,214
58.41,2909,215
59.17,1989,231
59.96,2005,232
60.76,2005,234
61.57,2036,231
62.37,2036,231
63.17,2052,232
63.98,2067,231
64.78,2083,231
65.59,2098,234
66.39,2114,234
67.19,2130,231
68.00,2145,229
68.80,2161,231
69.59,2176,230
70.39,2192,230
71.18,2223,231
71.98,2239,228
72.78,2270,229
73.57,2285,230
74.37,2317,230
75.16,2332,229
75.96,2363,227
76.76,2379,227
77.55,2410,226
78.35,2395,227
79.10,2379,228
79.84,2379,222
80.57,2223,220
81.31,2207,225
82.04,2285,226
82.78,2098,217
83.51,2083,227
84.25,2067,229
84.98,2067,231
85.72,2067,228
86.45,2083,227
87.19,2285,223
88.02,2301,233
88.81,2317,232
89.60,2332,232
90.39,2332,227
91.18,2223,225
91.97,2223,229
92.75,2223,228
93.54,2410,222
94.33,2145,151
95.12,2114,119
95.91,2083,126
96.70,2052,151
97.65,2083,90
98.44,2020,109
99.24,2067,126
100.03,310,129
100.82,316,151
101.61,333,142
102.41,335,155
103.20,329,168
103.99,1911,135
104.78,337,177
105.58,337,168
106.37,256,211
107.12,229,214
107.93,229,214
108.74,1833,212
109.55,175,200
110.36,256,193
111.17,256,216
111.98,229,219
112.79,1646,210
113.60,1662,217
114.41,1678,219
115.22,2020,214
116.03,2005,232
116.83,2020,226
117.62,2395,218
118.41,2379,222
119.20,2348,225
119.99,2098,219
120.78,2098,228
121.56,1319,229
122.35,1319,218
123.14,2270,216
123.93,1397,224
124.72,1428,222
125.51,2020,211
126.30,2207,213
127.12,2192,223
127.94,2176,227
128.76,2161,228
129.58,2161,224
130.40,1740,230
131.22,2130,215
132.04,2114,223
132.86,2098,221
133.68,2052,226
134.50,2285,217
135.32,2379,232
136.11,2379,221
136.93,2363,227
137.75,2348,229
138.57,2348,226
139.39,2332,227
140.21,2332,228
141.03,1163,217
141.85,1163,229
142.67,2317,224
143.49,2301,218
144.31,1631,223
145.13,2285,225
145.93,2285,225
146.72,2285,225
147.51,2270,226
148.30,2270,223
149.09,2270,223
149.88,2270,222
150.66,2270,221
151.45,1179,223
152.24,1179,220
153.03,1662,222
153.82,1989,217
154.61,1989,220
155.44,1989,220
156.23,2005,217
157.01,2005,218
157.80,2270,216
158.59,2270,216
159.38,2285,217
160.16,2285,218
160.95,2285,218
161.74,2301,217
162.53,2301,217
163.31,1927,220
164.10,1927,221
164.89,1927,221
165.71,1943,219
166.54,1709,223
167.36,1943,217
168.18,1974,222
169.00,2020,217
169.83,2083,212
170.65,2083,214
171.47,2379,215
172.29,1257,216
173.12,1257,224
173.94,2410,212
174.70,2130,212
175.49,1350,219
176.29,1335,225
177.08,1366,211
177.87,2192,214
178.66,2504,212
179.46,2207,213
180.25,2535,214
181.04,2550,212
181.83,2550,214
182.63,2582,211
183.42,2582,212
184.21,2597,214
185.00,2628,216
185.79,2597,212
186.58,2472,211
187.37,2395,216
188.16,2379,225
188.96,2363,220
189.75,2379,218
190.54,2395,220
191.33,2426,221
192.12,2441,221
192.91,2457,220
193.70,2488,219
194.51,2519,217
195.31,2519,216
196.12,2566,217
196.93,2597,217
197.74,2613,217
198.54,2659,214
199.35,1989,203
200.16,1989,168
200.97,2753,217
201.77,2784,218
202.58,1880,213
203.33,2098,217
204.12,2067,213
204.92,2114,221
205.71,2098,223
206.50,2098,224
207.29,2098,227
208.09,2083,225
208.88,2083,228
209.67,2083,227
210.46,2083,227
211.26,2067,227
212.05,2067,227
212.88,2067,228
213.67,2067,228
214.45,2067,228
215.24,2067,228
216.03,2067,230
216.82,2067,230
217.60,2067,229
218.39,2067,231
219.18,2067,229
219.97,2067,232
220.75,2067,230
221.54,2067,229
222.33,2083,229
223.13,2067,229
223.92,2083,228
224.72,2083,229
225.52,2083,228
226.31,2098,228
227.11,2098,227
227.90,2098,225
228.70,2114,224
229.50,2114,224
230.29,2130,225
231.09,2130,224
231.84,2145,223
232.62,2161,221
233.40,2161,221
234.18,2161,220
234.96,2161,216
235.74,2161,219
236.53,2192,233
237.31,2924,216
238.09,2940,212
238.87,2192,213
239.65,2971,215
240.43,2987,222
241.22,3002,224
242.01,3018,221
242.79,3049,222
243.58,3049,216
244.37,2940,213
245.16,3111,217
245.94,3034,212
246.73,3158,218
247.52,3189,218
248.31,1662,218
249.09,1491,220
249.88,1491,217
250.67,2441,171
251.46,2737,219
252.26,2706,229
253.05,2659,223
253.84,2441,210
254.63,2301,219
255.43,2270,228
256.22,2223,227
257.01,2192,228
257.80,2161,223
258.60,2130,226
259.39,2114,226
260.19,2098,226
260.99,2083,226
261.78,2052,227
262.58,2036,218
263.38,1849,215
264.17,1849,214
264.97,1974,225
265.76,1958,227
266.56,1958,226
267.36,2005,221
268.15,2052,216
268.95,1615,229
269.75,1615,235
270.56,1631,224
271.38,4156,190
272.19,4125,215
273.00,3844,164
273.81,4156,219
274.63,4140,218
275.44,4125,219
276.25,4109,215
277.06,4094,187
277.88,4094,216
278.69,4078,174
279.48,4561,220
280.27,4577,225
281.07,3891,221
281.86,2208,220
282.65,2208,233
283.44,2208,231
284.24,2208,231
285.03,2208,232
285.82,2208,233
286.61,2192,231
287.41,2192,233
288.20,2192,231
289.00,2192,231
289.81,2192,234
290.62,2192,233
291.43,2192,218
292.24,1927,217
293.05,1927,218
293.86,1927,221
294.67,1912,219
295.48,1912,215
296.29,1912,216
297.10,2239,231
297.91,2317,217
298.70,2597,232
299.51,2597,226
300.33,1756,219
301.14,1756,220
301.95,2301,212
302.77,2644,224
303.58,2644,228
304.40,2660,230
305.21,2660,231
306.02,2675,229
306.84,2675,226
307.65,2691,227
308.48,2706,227
309.27,2706,226
310.06,2426,212
310.85,2363,217
311.64,2379,220
312.43,2395,218
313.21,2815,223
314.00,2847,222
314.79,3548,212
315.58,3610,222
316.37,3657,224
317.16,3704,223
317.95,1958,220
318.75,1958,221
319.54,5107,212
320.34,5122,224
321.14,5169,223
321.93,5200,220
322.73,5247,220
323.52,4904,223
324.32,3517,218
325.12,3564,216
325.91,3704,215
326.71,3844,215
327.46,3984,214
328.25,4187,217
329.05,4234,223
329.84,4281,227
330.63,4327,227
331.42,4374,226
332.22,4436,225
333.01,4483,222
333.80,4546,225
334.59,4577,224
335.39,4655,223
336.18,4701,222
337.01,2254,213
337.83,2208,228
338.64,2192,228
339.46,2161,225
340.27,2130,224
341.09,2099,226
341.90,2083,226
342.72,2067,225
343.53,2036,223
344.35,2021,225
345.16,1989,224
345.98,1974,224
346.78,1958,224
347.52,1943,223
348.25,1927,219
348.99,2660,222
349.73,2644,220
350.46,2628,219
351.20,2597,219
351.93,2582,218
352.67,2566,218
353.41,2067,216
354.14,2067,217
354.88,2099,215
355.64,2067,216
356.44,2005,213
357.23,2021,214
358.03,2036,217
358.83,2021,215
359.63,1989,214
0.42,2036,213
1.22,2036,212
2.02,2052,212
2.82,1989,212
3.61,1974,212
4.41,2317,211
5.20,1678,217
6.00,1974,211
6.80,1974,213
7.60,1958,212
8.40,2223,211
9.20,1693,210
10.00,1693,211
10.80,1678,161
11.60,1678,212
12.40,1709,217
13.20,1802,216
14.00,1787,216
14.79,1802,214
15.55,1943,211
16.32,1943,219
17.08,1927,219
17.84,1927,219
18.61,1912,219
19.37,1912,217
20.14,1896,217
20.90,1880,215
21.66,1880,215
22.43,1865,215
23.19,1787,213
23.95,1787,210
24.74,1974,213
25.54,2332,210
26.33,2332,222
27.12,2348,216
27.92,2363,212
28.71,2395,219
29.51,3127,221
30.30,3127,224
31.09,3127,223
31.89,3143,222
32.68,3158,222
33.51,3158,224
34.29,3174,225
35.06,3190,224
35.84,3190,225
36.62,3205,223
37.39,3221,225
38.17,3252,224
38.94,3236,221
39.72,3252,211
40.50,3283,145
41.27,3299,145
42.05,3330,158
42.84,3314,135
43.63,3361,126
44.43,3361,109
45.22,3377,135
46.01,3392,177
46.81,3439,210
47.60,3486,222
48.40,3564,229
49.19,3579,227
49.98,3610,214
50.78,3610,210
51.57,3797,214
52.37,3751,219
53.16,3782,225
53.95,3657,219
54.74,3564,216
55.53,3501,218
56.32,2909,219
57.10,2909,221
57.89,3330,214
58.68,1989,219
59.47,2005,232
60.26,2005,230
61.05,2021,235
61.85,2036,230
62.64,2052,232
63.42,2067,230
64.21,2067,233
65.00,2083,234
65.78,2099,231
66.57,2114,233
67.35,2130,230
68.14,2161,231
68.93,2176,232
69.71,2192,230
70.50,2208,232
71.29,2223,228
72.08,2254,228
72.88,2270,231
73.67,2301,228
74.46,2317,227
75.26,2348,227
76.05,2379,227
76.85,2395,228
77.64,2410,228
78.43,2379,224
79.23,2379,230
80.02,2223,217
80.82,2208,222
81.59,2239,225
82.35,2317,231
83.12,2099,227
83.89,2067,228
84.65,2067,229
85.42,2067,228
86.18,2067,229
86.95,2099,221
87.72,2301,230
88.48,2301,231
89.25,2317,230
90.01,2332,231
90.79,2239,220
91.56,2223,226
92.34,2223,229
93.12,2223,228
93.89,2426,219
94.67,2114,113
95.44,2083,122
96.22,2099,113
97.00,2052,164
97.77,2005,84
98.55,1989,126
99.38,337,106
100.17,323,193
100.95,323,135
101.74,316,132
102.53,326,145
103.32,338,126
104.10,1865,138
104.89,323,148
105.68,106,174
106.47,161,216
107.25,188,214
108.04,195,212
108.87,1849,212
109.72,202,180
110.57,222,211
111.41,225,217
112.26,227,217
113.11,1662,216
113.96,1678,216
114.81,1678,211
115.66,2020,225
116.50,2005,232
117.35,2020,220
118.20,2379,225
118.96,2363,223
119.74,2348,223
120.51,2098,226
121.29,2098,218
122.07,1319,228
122.84,2285,217
123.62,1413,222
124.39,1413,223
125.17,1444,217
125.95,2020,213
126.72,2192,216
127.50,2192,224
128.30,2176,228
129.09,2161,227
129.89,1740,218
130.68,1740,226
131.47,2114,219
132.27,2114,224
133.06,2052,225
133.86,2052,222
134.65,2348,221
135.44,2395,230
136.24,2379,227
137.03,2363,228
137.82,2348,229
138.64,2348,227
139.46,2332,228
140.28,2332,229
141.10,1148,224
141.92,1148,223
142.73,2301,226
143.55,1631,222
144.37,2301,214
145.19,2285,226
146.01,2285,225
146.83,2285,225
147.63,2270,226
148.42,2270,222
149.22,2270,220
150.01,2270,221
150.80,2270,217
151.60,1179,227
152.39,1194,217
153.19,1662,217
153.98,1974,218
154.77,1989,221
155.57,2005,222
156.36,2005,218
157.19,2005,217
157.98,1989,216
158.76,2270,217
159.55,2285,215
160.34,2270,215
161.12,2270,216
161.91,2285,217
162.69,2301,214
163.48,1927,220
164.27,1927,222
165.05,1942,220
165.84,1942,214
166.63,1709,219
167.43,1974,221
168.24,2005,224
169.04,2051,212
169.84,2363,214
170.64,2083,215
171.45,2098,214
172.25,1241,220
173.05,1257,225
173.85,2114,214
174.66,2426,211
175.46,1335,220
176.26,1350,224
177.06,2457,214
177.85,2192,215
178.65,2488,214
179.45,2503,214
180.24,2519,213
181.04,2550,213
181.83,2566,213
182.63,2581,211
183.43,2581,212
184.22,2628,212
185.02,2613,213
185.78,2519,210
186.61,2488,212
187.45,2394,216
188.28,2379,223
189.11,2363,220
189.94,2379,219
190.78,2379,219
191.61,2426,218
192.44,2441,218
193.27,2457,218
194.11,2488,218
194.94,2519,220
195.73,2535,219
196.49,2581,218
197.26,2597,217
198.02,2628,217
198.78,2659,214
199.55,1989,210
200.31,2020,151
201.08,2753,218
201.84,2800,218
202.60,1880,216
203.37,2129,219
204.13,2067,213
204.92,2114,226
205.72,2098,224
206.51,2098,225
207.31,2098,224
208.11,2083,226
208.91,2083,226
209.70,2083,226
210.50,2067,227
211.30,2067,226
212.10,2067,228
212.89,2067,229
213.69,2067,229
214.45,2067,229
215.22,2067,231
216.00,2067,229
216.77,2067,229
217.54,2067,229
218.31,2067,231
219.09,2067,230
219.86,2067,229
220.63,2067,230
221.40,2067,229
222.18,2067,231
222.95,2067,228
223.78,2083,228
224.58,2083,228
225.39,2083,228
226.19,2098,228
226.99,2098,225
227.79,2098,224
228.60,2114,225
229.40,2113,223
230.20,2129,222
231.00,2129,221
231.81,2145,221
232.61,2160,220
233.41,2160,220
234.21,2176,219
235.00,2145,216
235.80,2191,220
236.60,2207,234
237.39,2924,218
238.19,2191,190
238.98,2191,214
239.78,2971,217
240.58,2986,223
241.37,3002,222
242.17,3017,221
242.93,3049,222
243.72,3064,217
244.51,2955,211
245.30,3111,216
246.09,3033,212
246.88,3158,218
247.67,3189,219
248.46,1630,214
249.25,1490,220
250.04,1490,219
250.83,2488,142
251.62,2721,220
252.45,2690,229
253.24,2659,224
254.03,2410,210
254.82,2285,221
255.61,2269,230
256.40,2223,227
257.19,2191,229
257.98,2145,223
258.77,2113,227
259.56,2113,225
260.35,2098,226
261.14,2067,228
261.94,2051,228
262.73,2036,215
263.53,1849,214
264.32,1864,213
265.11,1973,227
265.90,1958,229
266.70,1973,226
267.49,2020,219
268.28,2067,215
269.07,1615,228
269.87,1615,235
270.66,1630,221
271.42,4155,210
272.23,4186,217
273.03,3875,197
273.84,4155,218
274.64,4140,217
275.45,4124,218
276.25,4124,213
277.06,4093,212
277.86,4077,218
278.67,3906,158
279.47,4561,223
280.28,4561,224
281.08,3890,223
281.87,2207,226
282.66,2207,231
283.45,2207,232
284.24,2207,230
285.03,2207,232
285.82,2207,232
286.61,2207,232
287.40,2191,231
288.19,2191,234
288.98,2191,232
289.77,2191,234
290.56,2191,229
291.38,2207,217
292.20,1942,220
293.02,1926,220
293.84,1911,221
294.66,1895,219
295.47,1895,217
296.29,2160,215
297.11,2238,233
297.93,2597,222
298.75,2597,231
299.57,2612,222
300.37,1771,220
301.18,1771,219
301.98,2316,213
302.79,2628,229
303.60,2643,231
304.40,2659,231
305.21,2659,231
306.01,2675,230
306.82,2675,228
307.63,2690,229
308.43,2706,228
309.24,2721,227
309.99,2410,213
310.78,2363,220
311.58,2378,220
312.37,2394,213
313.16,2815,225
313.96,2862,224
314.75,3547,217
315.55,3625,224
316.34,3672,223
317.13,3719,219
317.93,1958,221
318.72,1958,220
319.55,5106,217
320.34,5137,222
321.13,5184,223
321.92,5231,220
322.71,4935,213
323.50,4903,219
324.30,3516,219
325.09,3625,218
325.88,3734,217
326.67,3875,215
327.46,4046,212
328.25,4186,220
329.04,4249,224
329.87,4296,226
330.70,4342,226
331.52,4389,224
332.35,4436,224
333.18,4483,223
334.01,4561,224
334.84,4607,225
335.67,4670,225
336.49,4732,224
337.32,2238,221
338.15,2207,228
338.95,2176,226
339.74,2145,226
340.54,2129,225
341.33,2098,227
342.12,2067,225
342.91,2051,225
343.71,2036,223
344.50,2004,223
345.29,1989,224
346.08,1958,222
346.88,1942,221
347.67,1942,220
348.50,2675,217
349.26,2659,219
350.02,2628,221
350.78,2612,223
351.54,2597,218
352.30,2565,220
353.07,2550,217
353.83,2098,215
354.59,2051,216
355.35,2067,218
356.11,2036,216
356.87,2472,216
357.66,2020,215
358.46,2456,215
359.25,2067,213
0.05,1989,217
0.85,2020,214
1.65,2394,215
2.44,2020,212
3.24,2020,213
4.04,2004,211
4.84,1693,211
5.63,1677,216
6.43,1989,211
7.18,2254,212
7.94,2207,212
8.70,1973,211
9.46,1693,213
10.22,1677,193
10.98,1677,193
11.75,1677,216
12.51,1724,213
13.27,1786,216
14.03,1802,217
14.79,1802,213
15.55,1926,214
16.34,1942,219
17.13,1926,220
17.92,1911,218
18.71,1911,218
19.50,1911,216
20.29,1895,217
21.08,1880,215
21.87,1880,217
22.66,1864,213
23.45,1771,214
24.24,1926,161
25.03,1973,215
25.82,2347,216
26.62,2332,222
27.41,1942,212
28.21,2378,216
29.01,2425,215
29.81,3127,222
30.60,3127,224
31.40,3142,224
32.20,3142,224
33.00,3158,224
33.79,3173,224
34.59,3173,223
35.34,3189,225
36.12,3205,224
36.90,3205,223
37.68,3220,224
38.46,3251,222
39.24,3236,218
40.02,3251,168
40.80,3267,161
41.58,60,119
42.36,3314,138
43.14,3314,138
43.92,3407,106
44.72,3360,109
45.54,3392,126
46.35,3407,138
47.17,3469,214
47.98,3563,226
48.80,3563,228
49.61,3579,226
50.43,3594,211
51.24,3625,151
52.06,3812,218
52.87,3766,222
53.69,3734,222
54.49,3625,217
55.28,3547,216
56.08,3469,216
56.87,2908,222
57.66,2908,216
58.46,3345,215
59.25,1989,227
60.05,1989,231
60.84,2020,233
61.63,2020,232
62.43,2036,232
63.22,2051,232
64.01,2067,232
64.76,2067,232
65.50,2098,232
66.25,2098,231
67.00,2129,233
67.75,2145,232
68.49,2160,231
69.24,2176,230
69.99,2191,230
70.74,2207,232
71.48,2238,231
72.23,2254,228
73.02,2285,229
73.81,2301,229
74.61,2316,228
75.40,2347,228
76.19,2363,228
76.99,2410,226
77.78,2410,229
78.58,2378,227
79.37,2378,229
80.16,2223,217
80.96,2207,226
81.75,2238,223
82.68,2316,225
83.47,2082,226
84.27,2067,229
85.06,2067,232
85.85,2067,229
86.65,2082,229
87.44,2113,220
88.24,2301,232
89.03,2316,231
89.82,2316,232
90.62,2332,231
91.41,2238,222
92.21,2223,230
92.96,2223,230
93.70,2223,220
94.45,2425,213
95.20,2113,161
95.94,2067,100
96.69,2067,161
97.43,2051,126
98.18,2004,116
98.93,1989,113
99.67,1989,116
100.42,309,174
101.22,1942,151
102.01,1958,138
102.81,1895,142
103.60,350,148
104.39,336,174
105.19,336,164
105.98,336,210
106.78,202,215
107.57,202,214
108.36,208,211
109.16,1849,203
109.95,188,180
110.78,208,212
111.60,218,219
112.41,223,216
113.23,1662,214
114.04,1677,219
114.86,1677,203
115.67,2020,225
116.49,2020,232
117.30,2036,215
118.12,2378,225
118.93,2363,225
119.75,2347,222
120.55,2098,227
121.37,1319,221
122.19,1319,229
123.01,2269,221
123.83,1412,225
124.65,1412,223
125.46,1443,214
126.28,2020,212
127.10,2207,218
127.92,2191,225
128.74,2176,228
129.56,2160,227
130.32,1739,220
131.11,1739,223
131.91,2113,218
132.70,2113,225
133.49,2051,226
134.29,2067,222
135.08,2332,223
135.88,2394,226
136.67,2378,228
137.46,2347,230
138.26,2347,228
139.05,2347,230
139.88,2332,227
140.65,2332,227
141.43,1163,224
142.20,1163,222
142.97,2316,224
143.74,1630,224
144.52,2301,217
145.29,2301,224
146.06,2285,223
146.83,2285,223
147.61,2285,222
148.38,2285,221
149.18,2285,220
150.00,2254,220
150.82,2269,215
151.64,1178,228
152.46,1662,216
153.28,1677,214
154.09,1989,222
154.91,1973,224
155.73,1989,222
156.55,2004,220
157.37,2004,217
158.19,2285,216
158.95,2269,216
159.74,2269,216
160.54,2269,215
161.33,2285,218
162.12,2301,217
162.91,1926,213
163.71,1926,222
164.50,1942,221
165.29,1942,222
166.08,1708,216
166.88,1724,215
167.67,1973,220
168.50,2004,223
169.30,2067,215
170.11,2067,214
170.91,2082,215
171.71,2067,212
172.52,1256,222
173.32,1256,219
174.13,2129,216
174.93,1365,214
175.73,1334,221
176.54,1350,221
177.34,2176,214
178.13,2191,213
178.92,2207,214
179.72,2207,214
180.51,2534,212
181.30,2550,211
182.10,2269,212
182.89,2285,212
183.69,2597,211
184.48,2316,212
185.27,2628,213
186.07,2503,210
186.86,2441,211
187.61,2410,218
188.41,2363,222
189.20,2363,221
190.00,2378,219
190.80,2410,218
191.60,2441,221
192.39,2441,219
193.19,2488,221
193.99,2503,218
194.79,2519,218
195.58,2550,218
196.38,2581,217
197.17,2612,216
197.97,2643,218
198.77,2659,200
199.57,1989,211
200.37,2753,211
201.17,2768,216
201.97,2799,220
202.77,1880,219
203.57,2129,221
204.37,2067,215
205.17,2098,229
205.97,2098,225
206.76,2098,226
207.55,2098,226
208.35,2082,229
209.14,2082,227
209.93,2082,227
210.73,2082,226
211.52,2067,225
212.32,2067,228
213.11,2067,228
213.90,2067,228
214.70,2067,228
215.49,2067,229
216.28,2067,229
217.08,2067,231
217.87,2067,230
218.67,2067,231
219.47,2067,230
220.26,2067,229
221.06,2067,231
221.85,2067,231
222.65,2067,230
223.45,2082,229
224.24,2082,228
225.04,2082,230
225.80,2082,227
226.60,2098,228
227.41,2098,226
228.21,2098,224
229.01,2113,224
229.81,2113,224
230.62,2129,221
231.42,2129,222
232.22,2145,222
233.02,2160,222
233.83,2160,221
234.63,2176,219
235.46,2145,214
236.25,2191,227
237.04,2207,231
237.83,2924,220
238.62,2191,211
239.41,2191,210
240.20,2971,222
240.99,2986,222
241.78,3017,221
242.57,3017,220
243.36,3049,221
244.15,2986,210
244.95,2955,210
245.71,3095,213
246.48,3033,211
247.24,3173,221
248.00,1646,218
248.77,1506,218
249.53,1490,220
250.30,1490,216
251.06,2488,155
251.82,2706,225
252.59,2690,225
253.35,2597,218
254.10,2394,213
254.89,2285,226
255.68,2269,229
256.47,2207,226
257.26,2191,227
258.05,2145,226
258.84,2113,228
259.63,2113,225
260.42,2082,227
261.21,2067,228
262.00,2051,227
262.79,1849,212
263.62,1849,216
264.41,1895,213
265.20,1973,229
265.99,1958,230
266.78,1973,227
267.57,2020,220
268.36,1615,217
269.15,1599,230
269.94,1615,232
270.73,1630,216
271.52,4109,212
272.31,4186,216
273.11,3875,193
273.96,4140,218
274.81,4124,219
275.67,4124,217
276.52,4124,210
277.37,4093,214
278.22,4077,216
279.07,3906,142
279.92,4561,225
280.78,4561,220
281.63,3890,217
282.48,2207,230
283.24,2207,228
284.03,2207,230
284.83,2207,232
285.62,2207,232
286.41,2207,230
287.21,2191,231
288.00,2191,230
288.80,2191,232
289.59,2191,232
290.38,2191,234
291.18,2191,224
291.97,1942,218
292.76,1926,217
293.55,1926,218
294.34,1911,220
295.13,1911,215
295.92,1911,219
296.71,2207,218
297.50,2254,230
298.29,2597,227
299.08,2597,231
299.87,2612,214
300.66,1755,221
301.45,1771,217
302.24,2628,212
303.06,2628,229
303.87,2643,229
304.69,2659,229
305.51,2659,230
306.32,2675,229
307.14,2690,229
307.95,2690,229
308.77,2706,230
309.59,2721,224
310.40,2410,216
311.22,2363,219
312.01,2394,218
312.81,2799,219
313.60,2830,225
314.40,2893,221
315.20,3563,221
316.00,3641,223
316.79,3688,226
317.59,3734,214
318.39,1942,221
319.19,1958,219
319.98,5122,221
320.78,5153,222
321.57,5184,224
322.36,5231,223
323.15,4919,218
323.94,4888,214
324.73,3516,218
325.52,3641,218
326.31,3766,216
327.10,3921,216
327.89,4093,213
328.68,4202,221
329.47,4264,225
330.26,4311,226
331.06,4358,226
331.87,4405,224
332.68,4451,225
333.50,4514,224
334.31,4561,224
335.12,4623,221
335.93,4685,223
336.74,4748,221
337.55,2223,226
338.37,2207,230
339.18,2176,225
339.99,2145,224
340.79,2113,225
341.59,2098,226
342.38,2067,224
343.18,2051,225
343.98,2020,223
344.77,2004,222
345.57,1989,221
346.36,1973,221
347.16,1942,220
347.96,1942,218
348.75,2675,221
349.55,2659,219
350.34,2612,219
351.06,2597,220
351.78,2565,217
352.49,2581,218
353.21,2051,216
353.93,2051,218
354.65,2051,216
355.37,2488,214
356.09,2051,215
356.80,2456,214
357.52,2472,212
358.24,2441,214
359.07,2004,214
359.86,2020,215
0.65,2020,215
1.44,1989,213
2.23,2020,212
3.02,2004,214
3.81,2020,211
4.60,1677,214
5.39,1693,212
6.18,2036,212
6.97,2223,212
7.76,2238,212
8.55,1989,210
9.35,1693,213
10.14,1677,206
10.94,1677,210
11.74,1693,218
12.53,1802,213
13.33,1786,218
14.12,1786,218
14.92,1817,212
15.72,1942,217
16.51,1942,218
17.31,1926,219
18.07,1911,218
18.85,1911,218
19.62,1895,217
20.40,1895,216
21.18,1880,216
21.96,1864,215
22.73,1849,213
23.51,1771,212
24.29,1926,210
25.07,1958,211
25.84,2332,219
26.62,2348,218
27.41,1942,212
28.20,2379,216
29.00,3127,212
29.79,3127,221
30.58,3127,223
31.38,3142,223
32.17,3142,222
32.97,3158,224
33.76,3174,225
34.55,3174,223
35.35,3189,224
36.14,3205,223
36.93,3220,224
37.71,3236,224
38.49,3267,225
39.27,3236,217
40.05,3267,190
40.83,3298,142
41.61,3330,129
42.39,3314,135
43.17,3345,158
43.95,3376,119
44.73,60,96
45.51,3392,138
46.27,90,106
47.07,3470,218
47.88,3563,227
48.68,3563,228
49.48,3594,222
50.28,3626,212
51.09,3782,210
51.89,3797,216
52.69,3782,225
53.49,3688,219
54.30,3594,217
55.10,3517,217
55.93,3485,213
56.72,2893,224
57.51,2955,213
58.30,2909,215
59.09,1989,230
59.88,2005,231
60.67,2020,234
61.46,2020,232
62.25,2051,229
63.04,2051,231
63.83,2067,232
64.62,2083,232
65.42,2098,234
66.22,2114,233
67.03,2129,232
67.83,2145,230
68.63,2161,232
69.43,2176,230
70.24,2207,228
71.04,2223,229
71.84,2238,230
72.64,2270,227
73.45,2285,230
74.25,2301,228
75.04,2332,228
75.80,2348,228
76.57,2379,230
77.33,2410,227
78.09,2394,227
78.86,2379,227
79.62,2379,220
80.39,2223,223
81.15,2207,226
81.91,2316,226
82.68,2316,217
83.44,2083,229
84.23,2067,230
85.02,2067,232
85.82,2067,231
86.61,2083,229
87.40,2301,222
88.20,2301,232
88.99,2316,231
89.79,2332,230
90.58,2316,228
91.37,2223,226
92.17,2223,229
92.96,2223,228
93.76,2426,221
94.56,2129,129
95.37,2083,135
96.17,2098,122
96.97,2036,138
97.77,2051,96
98.58,2051,96
99.38,1989,122
100.18,296,116
100.98,309,126
101.79,1958,161
102.59,1927,187
103.38,1911,164
104.17,350,119
104.97,1849,132
105.76,283,126
106.55,283,211
107.35,216,214
108.14,216,213
108.94,1849,213
109.73,189,187
110.52,216,211
111.32,229,216
112.11,236,217
112.76,1646,212
113.55,1662,217
114.34,1677,220
115.13,1942,203
115.92,2005,232
116.71,2020,227
117.50,2332,215
118.29,2379,223
119.08,2348,225
119.87,2098,217
120.66,2098,228
121.45,1319,228
122.28,1319,224
123.07,2270,221
123.85,1412,226
124.64,1412,222
125.43,2223,210
126.21,2020,215
127.00,2192,220
127.78,2176,227
128.57,2176,229
129.36,2161,226
130.14,1740,227
130.93,1755,220
131.72,2114,221
132.51,2098,225
133.31,2051,229
134.10,2051,214
134.89,2348,226
135.69,2394,220
136.48,2379,228
137.28,2363,229
138.07,2348,228
138.86,2348,227
139.66,2332,226
140.45,2332,223
141.25,1163,228
142.05,2316,216
142.86,2301,222
143.66,1631,224
144.46,2301,219
145.26,2285,225
146.07,2254,223
146.87,2285,222
147.67,2270,222
148.47,2270,223
149.28,2270,220
150.08,2270,217
150.91,1179,217
151.70,1179,226
152.48,1662,220
153.27,2270,213
154.06,1989,223
154.84,1989,222
155.63,1989,222
156.41,2005,219
157.20,2005,218
157.99,2005,216
158.77,2270,215
159.56,2285,216
160.35,2285,217
161.14,2301,215
161.94,2301,215
162.73,1927,215
163.52,1927,222
164.32,1927,221
165.11,1942,221
165.91,1709,216
166.70,1724,216
167.49,1974,222
168.29,1989,222
169.08,2067,215
169.88,2083,215
170.70,2083,215
171.52,2379,213
172.34,1241,222
173.16,1257,217
173.98,2129,215
174.79,1366,215
175.61,1335,223
176.43,1350,220
177.25,2176,215
178.07,2192,214
178.89,2503,211
179.72,2223,212
180.54,2535,213
181.35,2254,212
182.17,2566,211
182.98,2566,212
183.80,2301,211
184.61,2316,211
185.43,2628,212
186.24,2363,211
187.06,2410,214
187.87,2394,219
188.69,2348,224
189.49,2363,219
190.29,2379,220
191.08,2410,220
191.88,2426,219
192.68,2457,219
193.47,2472,218
194.27,2503,220
195.06,2519,218
195.86,2550,220
196.66,2581,218
197.45,2613,217
198.25,2644,218
199.01,2690,197
199.80,1989,211
200.60,2737,212
201.39,2768,218
202.18,2815,220
202.97,1880,218
203.77,2129,220
204.56,2067,215
205.35,2114,227
206.14,2098,224
206.94,2098,224
207.73,2098,226
208.53,2083,227
209.32,2083,228
210.11,2083,227
210.90,2067,229
211.69,2067,229
212.48,2067,228
213.27,2067,227
214.06,2067,229
214.85,2067,232
215.64,2067,229
216.43,2067,229
217.22,2067,232
217.94,2067,230
218.73,2067,228
219.53,2067,228
220.32,2067,229
221.11,2067,230
221.90,2067,230
222.70,2067,229
223.49,2083,230
224.28,2083,231
225.07,2083,229
225.87,2083,229
226.66,2098,227
227.46,2098,227
228.26,2098,226
229.05,2114,228
229.85,2114,224
230.65,2129,224
231.44,2145,222
232.24,2145,222
233.03,2161,220
233.83,2161,222
234.63,2176,219
235.42,2129,215
236.22,2192,228
237.01,2207,229
237.80,2924,218
238.59,2192,213
239.38,2192,211
240.17,2987,221
240.96,2987,221
241.75,3018,221
242.54,3033,222
243.33,3065,221
244.12,3002,206
244.91,2987,203
245.70,3065,213
246.53,3033,206
247.32,3174,222
248.10,1646,218
248.89,1490,219
249.68,1490,221
250.47,1506,216
251.25,2472,193
252.04,2722,227
252.83,2659,225
253.62,2597,217
254.40,2410,214
255.19,2285,227
255.98,2254,231
256.77,2207,229
257.57,2176,226
258.36,2145,227
259.15,2114,230
259.94,2098,225
260.74,2083,228
261.53,2067,228
262.32,2051,228
263.11,1864,214
263.91,1849,216
264.70,1942,216
265.46,1973,229
266.25,1958,231
267.05,1989,227
267.84,2036,219
268.63,1615,220
269.43,1599,233
270.22,1615,233
271.02,1646,210
271.81,4124,214
272.60,4186,217
273.40,4155,211
274.19,4155,219
275.02,4140,218
275.82,4124,217
276.62,4109,116
277.42,4093,218
278.22,4077,216
279.02,4576,212
279.82,4576,223
280.62,4561,217
281.42,3890,214
282.22,2207,232
283.02,2223,231
283.82,2207,232
284.61,2207,230
285.45,2207,230
286.28,2207,230
287.12,2207,232
287.95,2191,234
288.79,2191,233
289.62,2191,231
290.46,2191,233
291.29,2191,222
292.13,2191,217
292.96,1926,218
293.80,1911,220
294.56,1911,218
295.35,1942,214
296.15,1911,216
296.94,2238,223
297.73,2254,226
298.53,2597,231
299.32,2597,231
300.12,1771,219
300.91,1755,222
301.70,1786,214
302.50,2628,216
303.29,2628,230
304.12,2643,228
304.91,2659,229
305.69,2675,230
306.48,2675,228
307.27,2690,231
308.05,2706,228
308.84,2706,226
309.62,2721,216
310.41,2378,216
311.20,2378,220
311.98,2394,219
312.77,2815,222
313.56,2846,225
314.35,2908,216
315.15,3594,222
315.94,3657,223
316.73,3703,225
317.53,1958,217
318.32,1942,221
319.12,1973,216
319.91,5122,222
320.70,5168,223
321.50,5200,220
322.29,5246,219
323.09,4903,222
323.89,3516,219
324.68,3563,220
325.48,3672,216
326.28,3859,217
327.07,3984,215
327.87,4155,216
328.66,4218,222
329.46,4280,228
330.26,4327,225
331.05,4373,226
331.85,4420,225
332.64,4467,224
333.47,4545,224
334.29,4592,223
335.12,4654,225
335.94,4716,224
336.77,4763,213
337.59,2223,226
338.42,2191,227
339.24,2160,226
340.07,2129,224
340.89,2098,226
341.72,2082,225
342.52,2051,226
343.31,2036,224
344.11,2020,223
344.90,1989,223
345.69,1973,221
346.48,1958,220
347.28,1942,220
348.07,1926,219
348.86,2675,218
349.65,2659,218
350.45,2612,220
351.24,2597,220
352.04,2581,219
352.79,2565,219
353.54,2020,215
354.29,2067,218
355.04,2051,217
355.79,2020,215
356.54,2488,216
357.29,2036,214
358.04,1973,213
358.79,2067,217
359.54,2410,214
0.29,2051,215
1.05,2004,213
1.86,2036,213
2.66,2036,211
3.47,2020,212
4.28,2316,211
5.08,1677,217
5.89,2036,193
6.69,2254,212
7.50,2238,212
8.31,1958,211
9.11,1708,211
9.92,1693,210
10.71,1662,174
11.50,1677,214
12.30,1693,216
13.09,1802,216
13.88,1786,217
14.68,1802,214
15.47,1926,210
16.27,1942,219
17.06,1926,219
17.85,1926,219
18.65,1911,220
19.44,1911,218
20.23,1895,217
21.01,1880,216
21.78,1880,216
22.56,1864,214
23.34,1771,212
24.12,1802,210
24.89,1958,211
25.67,2332,210
26.45,2332,220
27.23,2347,214
28.00,2394,211
28.78,2410,216
29.61,3127,220
30.37,3127,223
31.12,3127,224
31.88,3142,224
32.64,3158,223
33.40,3158,223
34.15,3173,224
34.91,3189,224
35.67,3189,223
36.43,3205,224
37.18,3220,224
37.94,3251,222
38.77,3251,222
39.56,3251,211
40.35,3267,193
41.14,3314,122
41.93,3298,184
42.72,3329,129
43.51,3345,119
44.30,3392,103
45.09,3360,119
45.88,3407,135
46.67,3438,177
47.46,3485,220
48.25,3563,229
49.03,3579,228
49.81,3610,217
50.59,3625,210
51.37,3797,213
52.15,3750,220
52.93,3781,226
53.71,3657,220
54.49,3579,216
55.27,3516,217
56.05,2908,218
56.83,2908,223
57.59,3329,213
58.38,1989,215
59.18,1989,229
59.97,2004,231
60.76,2020,233
61.55,2020,232
62.35,2051,232
63.14,2051,231
63.93,2067,232
64.72,2082,231
65.52,2098,232
66.31,2113,232
67.11,2129,231
67.92,2145,231
68.72,2176,229
69.53,2191,231
70.34,2207,231
71.14,2223,230
71.95,2254,228
72.75,2269,229
73.56,2301,228
74.37,2316,228
75.17,2347,227
75.98,2363,228
76.77,2394,227
77.55,2410,229
78.33,2394,223
79.11,2378,229
79.89,2378,214
80.67,2207,221
81.45,2223,225
82.23,2316,230
83.01,2098,224
83.79,2067,229
84.57,2067,229
85.35,2067,230
86.11,2067,231
86.90,2098,228
87.70,2285,230
88.49,2301,232
89.28,2316,232
90.08,2332,232
90.87,2316,223
91.67,2223,227
92.46,2223,229
93.25,2223,227
94.05,2425,221
94.84,2160,151
95.67,2098,132
96.47,2082,151
97.27,2036,129
98.07,2020,142
98.87,90,119
99.67,1973,138
100.46,1973,126
101.26,1974,142
102.06,1927,132
102.86,1896,148
103.66,1880,116
104.46,1849,132
105.26,1849,155
106.04,105,129
106.81,167,213
107.59,191,213
108.37,203,214
109.14,1849,214
109.92,229,210
110.69,229,210
111.47,222,215
112.25,219,218
113.02,1662,213
113.80,1662,219
114.59,1677,222
115.39,2020,214
116.18,2005,233
116.98,2020,228
117.78,2394,218
118.58,2379,223
119.37,2348,226
120.17,2114,218
120.97,2098,227
121.77,1319,228
122.56,1319,222
123.36,2270,219
124.15,1412,225
124.92,1428,223
125.69,2238,212
126.46,2192,212
127.23,2192,225
128.00,2176,228
128.77,2176,228
129.54,2161,226
130.31,1740,227
131.08,1755,214
131.85,2114,224
132.62,2067,224
133.42,2051,228
134.24,2301,213
135.07,2363,231
135.89,2410,221
136.71,2363,229
137.53,2363,226
138.36,2348,226
139.18,2348,226
140.00,2332,228
140.82,2332,220
141.65,1147,227
142.47,2316,219
143.22,2316,223
144.02,1631,224
144.81,2301,223
145.61,2285,226
146.41,2285,226
147.21,2270,225
148.00,2270,224
148.80,2270,223
149.60,2270,219
150.40,2270,221
151.19,1179,220
151.99,1179,225
152.74,1662,225
153.55,2270,215
154.35,1989,222
155.16,2005,222
155.97,1989,223
156.77,2005,218
157.58,2005,217
158.38,2254,216
159.19,2270,216
160.00,2285,218
160.80,2285,216
161.61,2285,215
162.44,2301,215
163.23,1927,218
164.02,1927,222
164.81,1927,222
165.60,1942,222
166.39,1709,219
167.18,1958,214
167.97,1974,220
168.76,2005,221
169.55,2083,213
170.34,2051,213
171.13,2083,216
171.93,2098,211
172.73,1241,222
173.54,1257,214
174.34,2114,215
175.14,1366,215
175.94,1335,227
176.75,1350,216
177.55,2161,215
178.35,2192,213
179.15,2503,213
179.96,2519,210
180.76,2535,214
181.55,2238,212
182.35,2270,211
183.16,2597,210
183.96,2628,210
184.76,2628,211
185.57,2597,211
186.37,2363,211
187.18,2410,214
187.98,2394,223
188.78,2348,224
189.59,2379,219
190.39,2379,221
191.18,2410,220
191.97,2426,220
192.77,2457,218
193.56,2488,221
194.35,2503,219
195.15,2535,218
195.94,2566,218
196.74,2581,219
197.53,2613,218
198.32,2659,216
199.12,1989,174
199.91,1989,210
200.70,2737,215
201.49,2784,218
202.28,2815,218
203.07,1880,214
203.86,2114,217
204.65,2098,216
205.44,2114,226
206.23,2098,229
207.02,2098,225
207.81,2083,225
208.60,2083,225
209.39,2083,228
210.18,2083,227
210.97,2067,228
211.76,2067,226
212.55,2067,227
213.34,2067,229
214.13,2067,228
214.92,2067,232
215.71,2067,230
216.50,2067,229
217.29,2067,230
218.08,2067,228
218.87,2067,230
219.70,2067,231
220.49,2067,229
221.28,2067,229
222.07,2067,229
222.86,2067,230
223.65,2083,230
224.44,2083,230
225.23,2083,230
226.02,2098,229
226.81,2098,228
227.60,2098,227
228.39,2114,227
229.19,2114,227
230.00,2129,225
230.81,2129,225
231.62,2129,224
232.43,2145,223
233.24,2161,224
234.04,2161,222
234.85,2145,218
235.66,2145,219
236.47,2192,231
237.28,2207,215
238.09,2940,213
238.85,2192,213
239.63,2971,214
240.40,2987,224
241.18,3002,222
241.96,3018,222
242.74,3049,219
243.51,3049,219
244.29,2955,210
245.07,3096,216
245.85,3033,213
246.62,3158,216
247.40,3189,220
247.97,1584,220
248.76,1490,220
249.55,1490,220
250.34,1506,206
251.13,2737,216
251.92,2706,228
252.71,2659,224
253.50,2581,211
254.29,2301,218
255.08,2270,229
255.87,2238,227
256.66,2192,228
257.46,2161,223
258.29,2129,227
259.11,2114,227
259.94,2098,223
260.76,2083,227
261.59,2051,228
262.41,2036,220
263.24,1849,216
264.06,1864,216
264.89,1989,226
265.71,1958,229
266.54,1958,228
267.34,2005,222
268.14,2051,218
268.93,1615,226
269.73,1599,235
270.53,1615,225
271.32,4124,126
272.12,4124,215
272.91,4187,177
273.71,4156,218
274.51,4140,219
275.30,4124,217
276.10,4109,216
276.86,4093,187
277.68,4078,217
278.49,4078,187
279.31,4561,221
280.12,4561,223
280.94,3891,220
281.75,2207,219
282.57,2223,231
283.38,2207,230
284.20,2207,233
285.01,2207,230
285.83,2207,233
286.66,2207,231
287.48,2192,232
288.29,2192,232
289.11,2192,233
289.93,2192,233
290.74,2192,233
291.56,2192,225
292.37,1927,217
293.19,1927,219
294.01,1927,217
294.82,1911,215
295.64,1911,212
296.43,2161,214
297.23,2238,234
298.02,2597,217
298.82,2597,230
299.62,2613,227
300.42,1771,221
301.21,1771,222
302.01,2301,211
302.81,2628,222
303.61,2644,228
304.40,2659,229
305.20,2659,231
305.95,2659,229
306.74,2690,228
307.53,2690,226
308.32,2706,226
309.11,2706,226
309.90,2426,213
310.69,2379,216
311.48,2379,219
312.27,2394,215
313.06,2815,224
313.85,2862,223
314.64,3548,213
315.47,3610,222
316.26,3672,223
317.05,3719,221
317.84,1958,222
318.63,1958,220
319.42,5106,215
320.21,5137,223
321.00,5184,222
321.79,5215,223
322.58,5262,216
323.37,4904,223
324.16,3501,219
324.96,3594,218
325.76,3735,216
326.55,3875,215
327.35,4046,214
328.15,4187,220
328.94,4234,224
329.74,4296,225
330.53,4343,228
331.33,4389,224
332.13,4436,224
332.92,4498,223
333.72,4545,223
334.48,4608,224
335.31,4670,224
336.14,4732,222
336.97,2238,218
337.80,2207,226
338.63,2192,223
339.45,2161,227
340.28,2129,227
341.11,2098,227
341.94,2067,227
342.77,2051,225
343.60,2036,224
344.43,2005,225
345.17,1989,224
345.92,1958,224
346.66,1958,221
347.40,1942,220
348.15,1927,220
348.89,2659,221
349.64,2644,219
350.38,2613,219
351.12,2597,219
351.87,2581,222
352.61,2566,218
353.40,2067,216
354.20,2036,216
354.99,2036,217
355.79,2488,216
356.59,1989,215
357.39,2051,215
358.18,2036,215
358.98,2005,214
359.78,1989,214
0.58,2005,215
1.37,2005,215
2.17,2067,212
2.93,2020,212
3.74,2005,212
4.55,2285,210
5.36,1693,215
6.17,1989,210
6.98,1989,213
7.78,1989,212
8.59,1958,212
9.40,1724,211
10.21,1662,193
11.02,1646,168
11.83,1677,213
12.63,1709,215
13.42,1787,216
14.21,1787,218
15.00,1802,214
15.79,1927,211
16.58,1942,218
17.37,1927,219
18.16,1911,219
18.95,1911,218
19.74,1896,215
20.53,1896,219
21.32,1880,216
22.11,1880,216
22.87,1880,216
23.63,1771,212
24.39,1787,210
25.15,1958,213
25.91,2332,211
26.67,2332,220
27.43,2363,212
28.19,2379,213
28.95,2410,215
29.71,3127,222
30.47,3127,222
31.27,3142,224
32.01,3158,223
32.75,3158,223
33.49,3158,222
34.23,3174,225
34.97,3189,226
35.71,3205,221
36.45,3205,223
37.19,3220,225
37.93,3236,223
38.67,3236,221
39.41,3252,211
40.21,3298,155
41.00,3330,126
41.79,3298,142
42.58,3330,138
43.37,3345,96
44.16,3345,129
44.95,3376,132
45.74,3407,129
46.53,3454,211
47.32,3501,220
48.11,3563,229
48.90,3579,226
49.69,3626,215
50.51,3610,210
51.32,3797,215
52.14,3750,220
52.96,3782,224
53.77,3657,218
54.59,3563,218
55.40,3485,218
56.22,2909,221
57.04,2909,222
57.85,2940,212
58.67,1989,220
59.46,2005,230
60.25,2005,232
61.05,2020,231
61.84,2036,231
62.63,2051,232
63.43,2067,232
64.22,2067,232
65.02,2083,230
65.81,2098,231
66.60,2114,231
67.40,2129,230
68.19,2161,231
68.95,2176,232
69.74,2192,230
70.54,2207,231
71.33,2223,229
72.12,2238,228
72.91,2270,228
73.71,2301,228
74.50,2316,229
75.29,2348,228
76.08,2363,227
76.88,2394,227
77.67,2410,229
78.50,2379,224
79.29,2379,228
80.07,2223,216
80.86,2207,223
81.65,2223,226
82.44,2316,229
83.22,2083,227
84.01,2067,227
84.80,2067,230
85.59,2067,229
86.37,2083,229
87.16,2098,224
87.95,2285,230
88.75,2316,231
89.54,2316,232
90.34,2332,230
91.14,2238,220
91.93,2223,230
92.73,2223,231
93.52,2223,226
94.32,2426,219
95.12,2145,148
95.91,2083,106
96.71,90,113
97.40,2083,129
98.18,2020,145
98.97,2020,126
99.75,323,142
100.53,330,145
101.32,1927,142
102.10,1927,129
102.89,323,145
103.67,1927,145
104.45,1880,129
105.24,372,151
106.02,151,164
106.85,183,213
107.62,206,212
108.40,211,213
109.17,1849,214
109.94,216,197
110.71,216,211
111.49,222,217
112.26,225,216
113.03,1662,215
113.80,1662,220
114.58,1678,215
115.35,2020,221
116.15,2005,231
116.95,2020,223
117.74,2379,224
118.54,2363,222
119.34,2348,225
120.13,2114,226
120.93,2098,218
121.72,1319,230
122.52,2285,216
123.32,1413,221
124.11,1413,227
124.91,1428,219
125.67,2020,214
126.51,2207,217
127.34,2192,226
128.18,2176,226
129.01,2161,227
129.85,2161,218
130.68,1740,226
131.52,2130,223
132.35,2114,224
133.19,2067,224
134.02,2052,223
134.86,2301,220
135.66,2395,234
136.43,2379,221
137.21,2363,229
137.98,2363,228
138.75,2348,228
139.52,2332,227
140.30,2332,227
141.07,1163,221
141.84,1163,227
142.61,2317,223
143.39,1646,219
144.16,1631,219
144.99,2301,224
145.78,2285,225
146.57,2285,224
147.36,2270,224
148.15,2270,224
148.94,2254,225
149.73,2270,224
150.52,2270,222
151.31,1163,226
152.10,1179,221
152.89,1662,221
153.68,2005,217
154.48,1989,222
155.29,2005,221
156.09,2005,217
156.90,2285,216
157.71,2270,216
158.51,2285,218
159.32,2285,216
160.12,2285,217
160.93,2285,217
161.74,2285,217
162.54,2301,216
163.35,1927,218
164.10,1943,221
164.90,1927,221
165.71,1943,220
166.51,1709,220
167.31,1958,217
168.12,1989,222
168.92,2005,217
169.73,2348,215
170.53,2083,214
171.33,2098,213
172.14,1257,217
172.94,1241,225
173.77,2130,213
174.56,2130,214
175.35,1350,219
176.14,1350,226
176.93,2176,212
177.72,2192,214
178.51,2472,213
179.30,2488,212
180.09,2519,213
180.88,2239,212
181.67,2550,212
182.46,2582,211
183.25,2597,213
184.07,2613,211
184.90,2613,212
185.72,2332,211
186.54,2379,212
187.36,2410,216
188.19,2379,224
189.01,2348,220
189.83,2379,220
190.65,2395,218
191.48,2410,220
192.30,2426,218
193.06,2457,219
193.85,2488,217
194.65,2519,219
195.44,2535,217
196.23,2566,217
197.03,2597,218
197.82,2628,217
198.62,2659,216
199.41,1974,203
200.20,1989,190
201.00,2753,217
201.79,2784,216
202.40,2815,212
203.19,2114,217
203.98,2067,215
204.77,2114,223
205.56,2114,225
206.35,2098,224
207.14,2098,228
207.93,2098,225
208.72,2083,226
209.51,2083,225
210.30,2083,227
211.09,2083,227
211.88,2067,227
212.70,2067,229
213.53,2067,229
214.35,2067,230
215.17,2067,231
215.99,2067,229
216.82,2067,229
217.64,2067,229
218.46,2067,233
219.28,2067,231
220.11,2067,231
220.93,2067,231
221.69,2067,231
222.48,2067,233
223.28,2067,229
224.07,2083,230
224.86,2083,228
225.66,2083,227
226.45,2098,229
227.25,2098,228
228.04,2098,227
228.83,2098,226
229.63,2114,226
230.42,2130,224
231.25,2130,224
232.05,2145,222
232.85,2145,222
233.65,2161,222
234.45,2161,221
235.25,2145,216
236.04,2192,221
236.84,2192,232
237.64,2909,218
238.44,2192,210
239.24,2192,213
240.04,2971,218
240.84,2987,223
241.62,3002,222
242.40,3034,222
243.18,3049,220
243.96,3065,214
244.74,2956,211
245.51,3080,216
246.29,3018,211
247.07,3158,219
247.85,3189,216
248.63,1506,215
249.41,1491,221
250.17,1491,217
250.96,2457,210
251.76,2737,224
252.55,2691,229
253.34,2582,220
254.14,2426,210
254.93,2301,225
255.73,2270,231
256.52,2223,226
257.31,2192,228
258.11,2161,223
258.90,2130,229
259.69,2114,226
260.48,2083,226
261.27,2067,225
262.06,2052,225
262.85,2020,213
263.64,1849,217
264.43,1865,213
265.22,1974,225
266.01,1958,227
266.80,1974,225
267.59,2020,220
268.38,1631,213
269.18,1615,228
269.97,1615,235
270.76,1631,219
271.55,4140,211
272.34,4187,215
273.13,3860,197
273.91,4156,218
274.70,4140,217
275.49,4125,219
276.28,4109,212
277.07,4093,215
277.86,4078,218
278.66,3891,151
279.46,4561,225
280.25,4561,223
281.05,3891,219
281.85,2207,229
282.64,2207,231
283.44,2207,230
284.23,2207,230
285.03,2207,232
285.83,2192,230
286.62,2192,233
287.42,2192,233
288.22,2192,233
289.06,2192,232
289.90,2192,234
290.75,2192,226
291.59,2192,219
292.43,1927,219
293.27,1911,217
294.11,1911,218
294.95,1911,213
295.80,1911,216
296.64,2161,217
297.48,2254,233
298.27,2613,224
299.06,2597,231
299.86,2597,219
300.65,1771,220
301.44,1787,219
302.24,2285,214
303.03,2644,230
303.83,2644,229
304.62,2659,230
305.41,2659,229
306.21,2675,230
307.00,2691,230
307.76,2706,227
308.56,2706,227
309.35,2722,224
310.15,2410,214
310.95,2348,218
311.74,2379,219
312.54,2410,213
313.33,2831,223
314.13,2878,223
314.93,3548,217
315.72,3610,224
316.52,3673,224
317.28,3719,217
318.07,1958,220
318.87,1958,221
319.66,5106,217
320.45,5153,223
321.25,5184,223
322.04,5231,220
322.84,4919,213
323.63,4888,219
324.42,3517,221
325.22,3626,217
326.01,3735,217
326.84,3906,216
327.63,4062,214
328.42,4202,221
329.21,4234,224
330.00,4296,226
330.79,4343,226
331.58,4405,226
332.37,4436,224
333.16,4499,223
333.95,4545,225
334.74,4608,223
335.53,4670,223
336.32,4732,224
337.17,2239,220
338.01,2207,227
338.86,2176,225
339.70,2161,226
340.55,2130,224
341.39,2098,224
342.24,2067,225
343.08,2052,224
343.93,2020,224
344.77,2020,223
345.62,1989,222
346.42,1974,223
347.10,1958,222
347.77,1943,221
348.45,1927,218
349.13,2659,220
349.81,2644,221
350.48,2613,218
351.16,2597,219
351.84,2582,219
352.52,2550,217
353.19,2052,216
353.87,2036,215
354.70,1958,214
355.49,2005,215
356.28,2005,215
357.07,1989,214
357.86,2457,214
358.65,2036,215
359.45,1989,214
0.24,1989,213
1.03,2395,212
1.82,2036,211
2.61,2020,213
3.40,1989,212
4.20,1678,211
5.03,1678,213
5.86,1989,211
6.70,2270,212
7.53,1989,212
8.36,1974,211
9.19,1709,212
10.02,1678,211
10.85,1678,161
11.69,1678,216
12.52,1709,215
13.35,1802,215
14.14,1787,217
14.90,1802,213
15.66,1943,211
16.42,1942,219
17.18,1942,219
17.94,1911,219
18.70,1911,218
19.46,1911,217
20.22,1880,215
20.98,1896,216
21.74,1880,215
22.50,1864,215
23.33,1771,212
24.12,1818,190
24.91,1974,212
25.70,2332,210
26.49,2332,221
27.28,2348,215
28.08,2379,213
28.87,2410,218
29.66,3111,221
30.45,3127,223
31.24,3142,223
32.03,3142,224
32.83,3158,222
33.59,3158,225
34.36,3174,225
35.12,3189,225
35.88,3205,223
36.64,3205,224
37.41,3220,224
38.17,3252,223
38.93,3236,223
39.69,3252,210
40.46,3298,168
41.22,3298,142
42.01,3298,132
42.81,3361,106
43.60,3345,142
44.40,3345,129
45.20,120,100
46.00,3407,158
46.79,3454,211
47.59,3485,221
48.39,3563,229
49.19,3579,227
49.98,3610,217
50.78,3610,210
51.58,3782,215
52.37,3766,219
53.15,3766,224
53.94,3657,219
54.73,3579,216
55.51,3485,217
56.30,2908,218
57.08,2908,223
57.87,3329,212
58.66,1989,218
59.44,1989,230
60.23,2004,231
61.02,2020,233
61.80,2036,232
62.57,2051,233
63.35,2067,232
64.13,2067,230
64.90,2082,232
65.68,2098,231
66.45,2113,230
67.23,2129,231
68.01,2145,230
68.78,2160,232
69.56,2191,232
70.35,2207,231
71.15,2223,232
71.94,2238,229
72.74,2269,230
73.54,2285,228
74.34,2316,228
75.13,2332,226
75.93,2363,226
76.73,2394,228
77.53,2410,228
78.32,2394,223
79.12,2378,229
79.88,2223,214
80.68,2207,222
81.49,2223,225
82.29,2316,232
83.09,2098,223
83.89,2067,230
84.70,2067,231
85.50,2067,231
86.30,2067,227
87.10,2098,225
87.91,2301,229
88.71,2301,231
89.54,2316,231
90.30,2332,233
91.06,2301,221
91.82,2223,227
92.58,2223,230
93.34,2223,227
94.10,2410,220
94.86,2160,113
95.62,2082,129
96.38,2067,109
97.14,2051,116
97.90,2051,103
98.69,135,100
99.49,336,113
100.28,283,135
101.08,350,174
101.88,1926,126
102.68,363,151
103.47,343,155
104.27,326,148
105.07,324,174
105.87,256,145
106.66,215,213
107.46,215,215
108.22,215,213
109.02,1849,212
109.83,215,187
110.63,222,211
111.43,225,215
112.23,227,216
113.04,1646,216
113.84,1662,217
114.64,1677,212
115.44,2020,221
116.25,2004,232
117.05,2020,222
117.88,2378,225
118.67,2347,222
119.46,2347,226
120.25,2098,226
121.04,2098,220
121.83,1303,228
122.63,2269,218
123.42,1412,221
124.21,1397,224
125.00,1443,218
125.79,2020,212
126.58,2191,215
127.50,2191,226
128.30,2176,225
129.09,2160,227
129.89,1739,217
130.69,1739,227
131.49,2113,217
132.28,2113,224
133.08,2051,224
133.88,2051,222
134.68,2316,223
135.47,2394,230
136.27,2378,227
137.03,2363,227
137.85,2363,228
138.66,2347,229
139.48,2332,226
140.29,2332,227
141.11,1147,225
141.92,1147,223
142.74,2316,226
143.55,1630,224
144.37,2301,216
145.18,2285,223
146.00,2285,225
146.83,2269,226
147.62,2285,223
148.41,2269,222
149.20,2269,224
149.99,2269,222
150.78,2269,215
151.58,1178,226
152.37,1194,215
153.16,1677,215
153.95,1989,219
154.74,1989,221
155.53,2004,219
156.33,2004,219
157.14,2269,217
157.94,2269,215
158.75,2269,216
159.55,2254,217
160.36,2285,217
161.16,2269,216
161.97,2285,218
162.77,2301,213
163.58,1926,221
164.38,1926,223
165.19,1926,220
165.95,1926,213
166.77,1708,217
167.59,1958,219
168.42,2004,220
169.24,2082,213
170.06,2347,214
170.88,2082,214
171.70,2378,214
172.52,1241,221
173.35,1256,220
174.17,2410,213
174.99,1365,212
175.79,1334,222
176.58,1350,223
177.37,2176,214
178.16,2488,214
178.95,2503,215
179.74,2503,213
180.54,2503,214
181.33,2550,212
182.12,2565,213
182.91,2581,213
183.70,2597,212
184.49,2628,212
185.28,2628,217
186.07,2550,210
186.86,2456,213
187.65,2394,217
188.44,2363,225
189.23,2363,220
190.01,2378,220
190.80,2410,219
191.59,2425,219
192.38,2441,218
193.17,2488,218
193.96,2488,218
194.76,2519,218
195.55,2550,217
196.35,2565,218
197.14,2612,217
197.93,2628,217
198.72,2659,210
199.52,1989,211
200.31,2737,164
201.10,2768,217
201.89,2815,218
202.69,1880,217
203.48,2129,222
204.24,2067,214
205.03,2113,226
205.83,2098,225
206.62,2098,226
207.41,2098,228
208.21,2082,225
209.00,2082,227
209.80,2082,227
210.59,2082,228
211.38,2067,227
212.18,2067,227
212.97,2067,227
213.80,2067,226
214.59,2067,229
215.37,2067,231
216.16,2067,229
216.95,2067,230
217.73,2067,231
218.52,2067,231
219.30,2067,230
220.09,2067,229
220.88,2067,230
221.66,2067,230
222.45,2082,230
223.24,2082,228
224.04,2082,229
224.83,2082,228
225.63,2082,226
226.43,2098,229
227.23,2098,226
228.02,2113,226
228.82,2113,226
229.62,2129,223
230.42,2129,224
231.21,2145,222
232.01,2145,222
232.90,2145,220
233.69,2160,220
234.49,2176,221
235.28,2129,216
236.07,2191,223
236.87,2191,233
237.66,2924,219
238.46,2191,211
239.25,2191,211
240.04,2971,220
240.84,2986,222
241.63,3002,223
242.46,3033,221
243.22,3049,221
243.97,3064,214
244.73,2955,214
245.49,3095,216
246.25,3033,212
247.00,3173,221
247.76,3189,216
248.52,1506,216
249.28,1490,220
250.03,1490,219
250.79,2456,148
251.58,2721,224
252.38,2690,227
253.17,2597,221
253.97,2425,212
254.77,2301,226
255.57,2269,229
256.36,2223,228
257.16,2191,226
257.96,2145,222
258.76,2113,227
259.55,2113,227
260.35,2082,227
261.11,2067,227
261.92,2036,226
262.72,2020,212
263.53,1849,218
264.33,1911,212
265.14,1973,227
265.94,1958,229
266.75,1973,225
267.55,2004,220
268.36,1615,213
269.16,1599,229
269.97,1615,233
270.77,1630,217
271.60,4124,210
272.43,4124,216
273.27,3859,187
274.10,4155,219
274.93,4140,219
275.76,4124,218
276.59,4109,211
277.42,4093,213
278.26,4077,217
279.09,3906,138
279.92,4561,223
280.72,4576,223
281.52,3890,220
282.31,2207,229
283.11,2207,231
283.91,2207,232
284.71,2207,233
285.50,2207,231
286.30,2207,232
287.10,2191,230
287.90,2191,232
288.69,2191,233
289.49,2191,232
290.24,2191,234
291.03,2191,226
291.83,1942,218
292.62,1942,218
293.41,1926,219
294.20,1911,222
295.00,1911,217
295.79,1911,217
296.58,2191,217
297.37,2254,232
298.17,2597,225
298.96,2597,232
299.76,2612,219
300.56,1771,221
301.36,1771,217
302.16,2316,213
302.96,2628,229
303.76,2643,229
304.55,2659,230
305.35,2659,228
306.15,2675,229
306.95,2690,228
307.75,2690,228
308.55,2706,228
309.34,2721,226
310.13,2410,214
310.93,2363,217
311.72,2378,219
312.52,2815,213
313.31,2830,223
314.11,2877,222
314.90,3563,220
315.70,3625,224
316.49,3688,227
317.29,3734,217
318.08,1942,221
318.87,1958,219
319.67,5122,221
320.46,5137,222
321.26,5184,224
322.06,5231,222
322.86,4919,217
323.65,4903,218
324.45,3516,220
325.25,3625,217
326.05,3750,217
326.84,3906,217
327.64,4062,213
328.40,4202,220
329.19,4249,225
329.99,4296,225
330.78,4342,224
331.57,4405,225
332.37,4451,224
333.16,4498,224
333.96,4561,224
334.75,4623,223
335.54,4670,225
336.34,4748,222
337.13,2238,225
338.01,2207,226
338.80,2176,225
339.59,2160,225
340.37,2113,226
341.16,2098,227
341.95,2082,225
342.74,2051,225
343.53,2020,223
344.32,2004,223
345.10,1989,224
345.89,1973,222
346.68,1958,221
347.47,1942,221
348.23,1926,218
348.98,2659,218
349.74,2628,218
350.49,2628,218
351.25,2597,219
352.00,2581,219
352.76,2581,216
353.51,2051,214
354.27,2051,216
355.02,2020,214
355.78,2004,214
356.53,2004,216
357.32,1989,214
358.11,1989,214
358.91,2004,214
359.70,2036,214
0.49,1989,214
1.28,2067,211
2.07,2004,212
2.86,2020,212
3.66,2004,212
4.45,1693,213
5.24,1677,213
6.07,2269,211
6.87,2254,213
7.67,1989,212
8.47,1973,210
9.27,1677,213
10.07,1662,190
10.88,1662,210
11.68,1693,215
12.48,1724,214
13.28,1802,218
14.08,1802,215
14.88,1802,212
15.67,1942,215
16.45,1942,219
17.23,1926,219
18.02,1911,218
18.80,1911,218
19.58,1895,218
20.36,1895,216
21.14,1880,216
21.92,1880,214
22.71,1880,212
23.49,1786,213
24.27,1911,187
25.02,1958,214
25.81,2316,215
26.60,2332,221
27.40,2363,213
28.19,2378,216
28.98,2425,213
29.77,3127,221
30.56,3127,222
31.35,3142,221
32.15,3142,223
32.94,3158,225
33.73,3173,225
34.56,3173,225
35.32,3189,224
36.08,3205,225
36.83,3220,224
37.59,3220,225
38.35,3267,222
39.11,3251,220
39.87,3251,168
40.63,3267,148
41.38,3282,103
42.14,3298,148
42.90,3329,116
43.69,3329,103
44.50,3376,148
45.31,3392,119
46.12,3438,151
46.93,3469,213
47.74,3501,223
48.56,3563,229
49.37,3579,227
50.18,3641,213
50.99,3610,174
51.80,3844,215
52.61,3750,225
53.37,3766,222
54.16,3641,218
54.96,3563,218
55.75,3469,216
56.55,2908,221
57.34,2908,218
58.14,3345,216
58.93,1989,224
59.73,2004,231
60.52,2004,232
61.32,2020,231
62.11,2036,231
62.90,2051,232
63.66,2067,232
64.42,2067,232
65.18,2082,233
65.94,2098,233
66.70,2113,229
67.45,2145,231
68.21,2160,232
68.97,2176,230
69.73,2191,228
70.49,2207,232
71.25,2238,229
72.04,2254,230
72.83,2269,229
73.62,2301,229
74.42,2316,228
75.21,2347,227
76.00,2363,227
76.79,2410,228
77.58,2410,229
78.37,2394,225
79.17,2378,229
79.96,2223,217
80.75,2207,225
81.54,2238,223
82.36,2316,232
83.19,2098,227
84.01,2067,229
84.83,2067,231
85.66,2067,230
86.48,2082,228
87.31,2098,221
88.13,2301,231
88.95,2316,231
89.78,2316,230
90.60,2332,233
91.36,2238,219
92.14,2223,230
92.91,2223,230
93.69,2223,226
94.47,2425,218
95.25,2145,145
96.02,2160,106
96.80,2082,145
97.58,2067,113
98.36,2020,116
99.13,2020,116
99.91,2004,126
100.74,1942,142
101.53,1989,132
102.32,336,145
103.11,329,210
103.90,339,151
104.69,363,135
105.47,349,135
106.26,242,174
107.05,228,213
107.84,221,214
108.63,211,212
109.42,1849,214
110.17,175,180
110.94,269,211
111.71,229,217
112.47,229,216
113.24,1646,215
114.01,1662,217
114.78,1677,213
115.55,2020,219
116.32,2004,232
117.08,2020,222
117.85,2378,223
118.62,2363,221
119.41,2347,225
120.21,2098,225
121.02,2098,221
121.82,1319,228
122.63,2269,216
123.43,1412,222
124.24,1412,225
125.04,1443,218
125.85,2004,211
126.65,2176,215
127.46,2191,226
128.26,2176,228
129.09,2160,229
129.88,1739,215
130.67,1739,228
131.45,2129,218
132.24,2113,224
133.03,2051,226
133.82,2051,222
134.61,2332,220
135.40,2378,231
136.18,2378,224
136.97,2363,230
137.76,2347,228
138.55,2332,226
139.39,2332,227
140.22,2332,229
141.06,1147,226
141.90,1163,223
142.74,2316,225
143.57,1630,223
144.41,2301,215
145.25,2285,224
146.09,2285,223
146.92,2285,224
147.76,2269,223
148.51,2269,222
149.30,2269,221
150.09,2269,220
150.89,2269,215
151.68,1178,228
152.47,1194,215
153.26,1662,216
154.05,1989,220
154.84,1989,222
155.64,2004,223
156.43,2004,220
157.22,2004,218
157.97,2004,215
158.76,2269,215
159.55,2269,215
160.33,2285,216
161.12,2285,217
161.91,2285,217
162.70,1926,214
163.49,1926,221
164.28,1911,221
165.06,1942,221
165.85,1724,214
166.64,1708,217
167.44,1973,221
168.25,2004,222
169.06,2067,215
169.87,2082,214
170.68,2082,215
171.49,2098,213
172.30,1256,221
173.11,1256,221
173.92,2129,214
174.73,1365,215
175.54,1334,224
176.35,1350,220
177.11,2176,214
177.90,2191,212
178.69,2503,212
179.49,2207,212
180.28,2223,212
181.07,2550,213
181.86,2565,212
182.65,2581,211
183.44,2301,211
184.24,2628,212
185.03,2628,214
185.82,2503,210
186.61,2394,214
187.43,2410,219
188.26,2363,224
189.08,2363,219
189.90,2394,219
190.73,2410,220
191.55,2441,218
192.38,2441,217
193.20,2472,218
194.02,2503,219
194.85,2519,218
195.67,2550,217
196.46,2581,217
197.25,2612,218
198.04,2643,217
198.84,2675,184
199.63,1958,210
200.42,2737,212
201.21,2768,218
202.00,2815,220
202.79,1880,217
203.59,2113,221
204.38,2067,216
205.17,2098,226
205.96,2098,225
206.75,2098,226
207.55,2098,227
208.34,2082,226
209.14,2082,228
209.93,2082,225
210.73,2067,227
211.52,2067,226
212.32,2067,227
213.11,2067,229
213.91,2067,229
214.70,2067,229
215.46,2067,229
216.25,2067,230
217.04,2067,231
217.83,2067,229
218.62,2067,231
219.41,2067,231
220.21,2067,232
221.00,2067,230
221.79,2067,230
222.58,2067,230
223.37,2082,230
224.16,2082,227
224.99,2082,230
225.79,2098,226
226.59,2098,226
227.39,2098,224
228.19,2113,224
228.99,2113,225
229.80,2129,224
230.60,2129,223
231.40,2129,219
232.20,2145,222
233.00,2145,220
233.80,2160,218
234.59,2176,217
235.39,2129,214
236.18,2191,231
236.98,2207,225
237.77,2924,218
238.57,2191,214
239.36,2191,177
240.16,2986,221
240.95,2986,223
241.75,3017,221
242.54,3033,220
243.34,3049,222
244.09,3033,210
244.87,3095,206
245.65,3064,212
246.42,3158,211
247.20,3173,223
247.98,1646,223
248.76,1490,217
249.54,1490,221
250.32,1490,214
251.09,2488,177
251.87,2706,226
252.65,2659,225
253.48,2597,216
254.27,2410,212
255.06,2285,228
255.84,2254,228
256.63,2207,229
257.42,2176,227
258.21,2145,226
259.00,2113,228
259.79,2098,225
260.57,2082,229
261.36,2067,226
262.15,2051,227
262.97,1849,214
263.76,1849,217
264.55,1989,217
265.35,1973,229
266.14,1958,230
266.93,1973,227
267.72,2051,219
268.51,1615,223
269.30,1599,233
270.10,1615,233
270.89,1646,210
271.68,4124,215
272.47,4186,215
273.29,4155,212
274.10,4140,218
274.92,4124,219
275.74,4124,217
276.56,4109,122
277.37,4093,216
278.19,4077,215
279.01,4576,210
279.83,4576,224
280.64,4576,218
281.46,3890,215
282.29,2207,231
283.08,2207,231
283.87,2207,231
284.65,2207,231
285.44,2207,231
286.23,2191,232
287.02,2191,232
287.81,2191,233
288.60,2191,231
289.38,2191,233
290.17,2191,235
290.96,2191,222
291.76,1926,220
292.58,1926,218
293.40,1911,219
294.22,1911,220
295.04,1911,216
295.86,1911,218
296.68,2207,220
297.50,2254,227
298.32,2597,229
299.14,2597,233
299.96,1786,216
300.78,1755,221
301.54,1771,216
302.33,2628,214
303.13,2628,229
303.92,2643,231
304.71,2659,229
305.51,2659,230
306.30,2675,231
307.10,2690,230
307.89,2690,227
308.68,2706,230
309.48,2721,225
310.27,2410,214
311.07,2363,219
311.86,2378,218
312.65,2799,217
313.43,2815,222
314.22,2893,222
315.01,3563,221
315.80,3625,225
316.59,3688,226
317.38,3719,215
318.16,1958,222
318.95,1958,219
319.74,5122,219
320.53,5153,222
321.32,5184,223
322.11,5246,221
322.91,4919,218
323.70,4888,215
324.49,3516,219
325.28,3625,218
326.07,3766,218
326.86,3906,215
327.66,4093,213
328.45,4202,221
329.24,4249,225
330.03,4296,226
330.85,4342,225
331.68,4405,223
332.50,4451,224
333.32,4498,224
334.15,4561,222
334.97,4623,222
335.80,4685,223
336.62,4748,223
337.44,2238,224
338.27,2207,226
339.09,2176,226
339.88,2145,223
340.67,2113,224
341.46,2098,225
342.25,2067,226
343.04,2051,222
343.83,2036,224
344.63,2004,223
345.42,1989,222
346.21,1973,221
347.00,1958,219
347.79,1926,219
348.58,2690,220
349.37,2643,217
350.09,2628,223
350.81,2597,220
351.53,2597,219
352.25,2565,218
352.97,2565,216
353.70,2067,218
354.42,2051,218
355.14,2036,217
355.86,2488,215
356.58,2472,213
357.30,2036,213
358.09,2051,214
358.88,2036,212
359.68,2067,215
0.47,2410,213
1.26,2410,214
2.06,2036,212
2.85,2004,214
3.65,2020,212
4.44,1693,212
5.23,1677,214
6.03,2036,211
6.82,2269,214
7.61,1989,211
8.40,1989,211
9.19,1708,212
9.98,1677,197
10.77,1677,180
11.56,1677,216
12.35,1708,212
13.14,1786,219
13.93,1802,217
14.72,1802,213
15.51,1942,213
16.30,1942,219
17.10,1926,218
17.88,1911,219
18.65,1911,217
19.43,1895,218
20.21,1880,217
20.98,1880,217
21.76,1864,216
22.53,1880,213
23.31,1771,214
24.09,1911,184
24.86,1973,211
25.64,2332,215
26.43,2332,220
27.23,2363,211
28.02,2394,216
28.82,2425,213
29.62,3127,223
30.42,3127,223
31.21,3142,222
32.01,3142,223
32.81,3158,223
33.61,3173,223
34.40,3173,226
35.20,3189,224
35.96,3189,224
36.75,3205,224
37.54,3220,225
38.33,3267,223
39.12,3236,220
39.91,3251,174
40.70,3267,142
41.49,3298,132
42.28,3298,138
43.07,3314,119
43.86,3345,119
44.65,3376,119
45.47,3376,132
46.27,3407,151
47.07,3469,216
47.87,3563,225
48.67,3563,229
49.47,3579,225
50.27,3641,212
51.07,3812,148
51.87,3828,217
52.67,3766,226
53.47,3734,221
54.27,3625,219
55.06,3547,217
55.85,3485,216
56.65,2908,223
57.44,2908,217
58.23,3392,213
59.03,1989,227
59.82,2004,230
60.62,2020,232
61.41,2020,231
62.20,2036,230
63.00,2051,234
63.79,2067,231
64.59,2082,231
65.37,2098,232
66.15,2113,230
66.93,2129,234
67.71,2145,231
68.49,2160,230
69.27,2176,233
70.05,2191,233
70.83,2223,229
71.61,2238,231
72.39,2254,228
73.17,2269,228
73.96,2301,229
74.73,2332,227
75.51,2347,228
76.28,2378,227
77.05,2410,229
77.83,2410,229
78.60,2378,226
79.38,2378,226
80.15,2223,220
80.92,2207,225
81.70,2254,223
82.47,2316,223
83.26,2082,229
84.05,2067,231
84.85,2067,232
85.64,2067,230
86.43,2082,230
87.23,2269,217
88.02,2301,229
88.82,2316,231
89.61,2316,229
90.40,2332,231
91.20,2223,224
91.99,2223,230
92.78,2223,230
93.56,2410,216
94.33,2425,164
95.11,2145,148
95.89,2067,148
96.67,2051,142
97.44,2051,135
98.22,2051,119
99.00,1973,122
99.78,1973,126
100.55,1926,135
101.33,1926,132
102.12,1926,151
102.91,1911,145
103.70,336,138
104.49,1849,161
105.28,336,164
106.07,229,206
106.86,222,215
107.65,218,212
108.44,210,213
109.23,1880,190
110.02,202,210
110.81,256,212
111.61,229,218
112.45,229,213
113.28,1662,216
114.12,1662,218
114.95,1942,210
115.79,2020,230
116.62,2004,231
117.46,2316,212
118.29,2378,224
119.13,2347,225
119.96,2347,218
120.80,2098,229
121.59,1319,225
122.40,1319,225
123.20,2269,221
124.01,1412,226
124.82,1412,223
125.62,2223,210
126.43,2020,214
127.23,2176,220
128.04,2176,225
128.85,2160,227
129.65,2160,228
130.46,1739,225
131.22,1739,220
132.01,2113,220
132.81,2098,224
133.60,2051,227
134.39,2067,217
135.19,2347,224
135.98,2394,224
136.78,2378,229
137.57,2363,231
138.36,2347,227
139.16,2347,227
139.95,2332,226
140.78,2332,225
141.57,1147,226
142.35,1163,216
143.14,2316,225
143.93,1630,226
144.71,2269,220
145.50,2285,223
146.28,2285,225
147.07,2285,223
147.86,2269,222
148.64,2269,221
149.43,2269,220
150.22,2238,220
151.02,1178,218
151.83,1178,225
152.63,1662,221
153.43,1973,214
154.23,1989,223
155.04,1989,223
155.84,1989,223
156.64,2004,221
157.44,2004,218
158.25,2004,218
159.05,2020,216
159.85,2269,216
160.64,2285,214
161.44,2269,216
162.23,2285,215
163.02,1926,216
163.82,1926,221
164.61,1926,224
165.41,1942,222
166.20,1708,216
166.99,1708,215
167.79,1973,221
168.58,2004,220
169.41,2051,214
170.20,2067,215
170.99,2082,215
171.78,2098,212
172.57,1241,223
173.36,1256,218
174.14,2129,216
174.93,1350,214
175.72,1334,223
176.51,1350,217
177.30,2176,215
178.09,2191,214
178.89,2191,212
179.70,2207,212
180.50,2223,210
181.31,2238,212
182.12,2269,212
182.92,2285,211
183.73,2597,211
184.53,2316,212
185.34,2628,213
186.15,2347,211
186.95,2456,213
187.76,2394,220
188.51,2347,222
189.30,2363,218
190.10,2394,218
190.89,2410,221
191.68,2425,218
192.48,2456,218
193.27,2488,218
194.07,2503,218
194.86,2534,217
195.65,2550,218
196.45,2565,217
197.24,2612,216
198.07,2643,219
198.87,2675,145
199.67,1989,211
200.47,2737,213
201.27,2768,216
202.07,2815,218
202.87,1880,218
203.67,2113,221
204.47,2067,215
205.27,2113,227
206.07,2098,224
206.87,2098,227
207.66,2098,225
208.45,2082,227
209.25,2082,227
210.04,2082,227
210.83,2082,227
211.63,2067,226
212.42,2067,228
213.22,2067,228
214.01,2067,229
214.80,2067,229
215.60,2067,230
216.39,2067,229
217.18,2067,229
217.97,2067,230
218.77,2067,230
219.56,2067,230
220.35,2067,231
221.15,2067,230
221.94,2067,231
222.74,2067,230
223.53,2082,228
224.32,2082,230
225.12,2082,229
225.91,2082,229
226.66,2098,228
227.45,2098,226
228.24,2113,225
229.03,2113,226
229.82,2129,224
230.61,2129,225
231.40,2129,223
232.19,2145,221
232.98,2145,221
233.77,2160,222
234.56,2176,219
235.35,2145,216
236.15,2191,230
236.94,2207,225
237.74,2924,218
238.53,2191,214
239.32,2191,210
240.12,2986,222
240.91,2986,223
241.71,3017,221
242.50,3033,222
243.29,3049,220
244.09,3017,211
244.88,2955,184
245.67,3080,212
246.45,3111,210
247.22,3173,221
248.00,1630,219
248.78,1506,217
249.55,1490,219
250.33,1506,213
251.10,2472,197
251.88,2706,226
252.66,2659,226
253.43,2581,218
254.21,2410,214
255.04,2285,227
255.83,2254,227
256.61,2207,230
257.40,2191,227
258.19,2145,226
258.97,2113,227
259.76,2113,223
260.54,2082,228
261.33,2067,228
262.12,2051,227
262.90,1849,214
263.69,1849,216
264.52,1942,215
265.31,1973,230
266.10,1958,229
266.89,1973,225
267.68,2051,218
268.47,1615,220
269.27,1599,231
270.06,1615,233
270.85,1646,211
271.64,4124,213
272.43,4186,217
273.22,4171,210
274.01,4155,218
274.86,4124,218
275.71,4109,217
276.56,4109,116
277.41,4093,217
278.26,4077,215
279.10,4576,213
279.95,4561,223
280.80,4561,218
281.65,3890,214
282.50,2207,231
283.35,2223,231
284.10,2207,232
284.89,2207,232
285.68,2207,232
286.47,2207,230
287.26,2191,232
288.05,2191,231
288.84,2191,231
289.63,2191,232
290.42,2191,234
291.21,2191,223
292.00,2207,218
292.79,1926,219
293.62,1911,219
294.41,1911,221
295.20,1911,215
295.99,1911,216
296.78,2238,221
297.57,2254,228
298.36,2597,232
299.15,2597,232
299.94,1771,216
300.73,1771,223
301.52,1786,215
302.31,2643,215
303.11,2643,230
303.90,2643,232
304.70,2659,228
305.49,2659,228
306.28,2675,229
307.07,2690,229
307.87,2706,227
308.66,2706,227
309.45,2721,219
310.24,2378,217
311.04,2363,219
311.83,2394,219
312.59,2799,220
313.38,2846,226
314.18,2893,217
314.97,3579,222
315.76,3641,226
316.56,3703,223
317.35,1973,215
318.15,1942,220
318.94,1973,216
319.73,5122,222
320.53,5153,222
321.32,5184,221
322.15,5246,223
322.94,4903,221
323.73,3516,217
324.52,3516,217
325.31,3657,217
326.10,3812,216
326.89,3968,215
327.68,4155,215
328.47,4217,221
329.26,4264,225
330.05,4327,225
330.84,4358,224
331.63,4420,223
332.50,4467,223
333.37,4514,222
334.25,4576,225
335.12,4638,225
335.99,4701,225
336.86,4763,217
337.73,2222,225
338.60,2191,225
339.48,2160,225
340.35,2129,224
341.22,2113,225
342.02,2082,226
342.82,2067,226
343.61,2051,223
344.41,2020,222
345.21,2004,223
346.01,1973,221
346.80,1957,220
347.60,1957,219
348.40,1957,217
349.20,2674,217
349.99,2659,221
350.79,2628,219
351.58,2597,220
352.31,2581,219
353.04,2565,222
353.77,2051,216
354.50,2020,217
355.23,2098,215
355.97,1989,215
356.70,2487,215
357.43,2004,213
358.16,2051,215
358.89,2067,216
359.62,2020,215
0.41,2051,214
1.16,2394,213
1.91,2067,213
2.66,2020,213
3.41,2067,213
4.16,2347,211
4.91,1677,216
5.66,1989,210
6.41,2004,212
7.16,2254,212
7.91,2254,212
8.66,1708,184
9.45,1693,213
10.25,1661,184
11.05,1661,212
11.84,1693,220
12.64,1802,214
13.44,1786,218
14.24,1802,218
15.04,1817,210
15.84,1942,218
16.63,1942,219
17.43,1926,219
18.23,1911,219
18.98,1911,218
19.77,1895,217
20.56,1895,216
21.35,1880,215
22.14,1880,214
22.93,1802,212
23.72,1802,211
24.51,1973,210
25.30,1973,187
26.09,2332,221
26.88,2332,216
27.67,1942,211
28.50,2378,218
29.29,3126,213
30.08,3126,222
30.87,3126,222
31.66,3142,225
32.45,3158,225
33.25,3158,223
34.04,3173,225
34.83,3189,225
35.62,3189,222
36.41,3204,223
37.20,3220,224
37.97,3236,227
38.77,3267,223
39.56,3236,216
40.36,3251,138
41.16,3282,161
41.96,3298,148
42.75,120,119
43.55,3329,109
44.35,3360,135
45.15,3391,129
45.94,3391,129
46.74,3407,138
47.50,3485,219
48.27,3563,231
49.05,3563,229
49.82,3610,221
50.59,3625,211
51.37,3797,211
52.14,3828,215
52.92,3797,227
53.69,3672,219
54.46,3610,217
55.24,3532,217
56.01,2908,212
56.80,2908,224
57.59,3313,213
58.39,2924,214
59.18,1989,230
59.98,2004,232
60.77,2020,232
61.57,2035,233
62.36,2035,232
63.16,2051,231
63.95,2067,232
64.75,2082,232
65.54,2098,233
66.33,2113,231
67.15,2129,231
67.97,2145,229
68.79,2160,231
69.61,2191,231
70.43,2207,231
71.24,2222,228
72.06,2238,229
72.88,2269,229
73.70,2285,228
74.52,2316,228
75.34,2332,227
76.10,2363,226
76.86,2394,228
77.63,2409,228
78.39,2394,225
79.15,2378,227
79.91,2347,217
80.68,2207,221
81.44,2222,225
82.20,2316,230
82.96,2098,221
83.73,2082,227
84.49,2067,230
85.32,2067,232
86.11,2067,231
86.90,2082,230
87.69,2300,226
88.48,2300,232
89.27,2316,233
90.07,2332,231
90.86,2285,225
91.65,2222,228
92.44,2207,230
93.23,2222,228
94.02,2409,220
94.81,2113,113
95.59,2129,116
96.37,2067,145
97.15,2051,116
97.93,2035,119
98.71,2035,103
99.49,1989,142
100.27,323,119
101.05,1957,129
101.83,1942,142
102.61,1911,187
103.39,1895,145
104.15,1926,126
104.96,1848,168
105.76,1848,151
106.57,202,213
107.37,202,214
108.18,208,215
108.98,1848,213
109.79,229,168
110.59,235,210
111.40,232,217
112.20,230,218
113.01,1661,214
113.80,1661,218
114.59,1677,220
115.38,2004,214
116.17,2004,234
116.96,2004,227
117.75,2378,219
118.55,2363,221
119.34,2347,227
120.13,2113,218
120.92,2098,226
121.71,1318,227
122.50,1318,222
123.30,2269,218
124.09,1412,227
124.88,1428,223
125.67,2238,212
126.46,2020,212
127.25,2191,223
128.03,2176,225
128.82,2160,226
129.61,2160,226
130.40,1739,230
131.19,1755,216
131.98,2113,223
132.77,2098,224
133.56,2051,227
134.36,2285,215
135.15,2378,230
135.95,2378,220
136.74,2378,228
137.54,2363,226
138.33,2347,227
139.13,2347,229
139.92,2332,227
140.72,2332,221
141.51,1147,228
142.47,2316,221
143.26,2316,220
144.05,1630,224
144.84,2285,223
145.63,2285,225
146.42,2285,224
147.22,2285,225
148.01,2285,223
148.80,2269,220
149.59,2269,223
150.38,2269,219
151.17,1178,222
152.00,1178,223
152.81,1662,222
153.62,2004,215
154.44,1989,222
155.25,2004,223
156.06,1989,221
156.87,2004,220
157.68,2004,218
158.49,2269,216
159.31,2285,216
160.12,2285,215
160.93,2285,215
161.73,2285,216
162.53,2269,214
163.32,1926,219
164.12,1926,221
164.92,1926,221
165.72,1942,221
166.51,1708,220
167.31,1942,213
168.11,1973,222
168.91,2020,218
169.70,2082,214
170.50,2082,214
171.26,2082,216
172.05,1256,214
172.84,1241,224
173.63,1256,213
174.42,2129,216
175.21,1350,217
175.99,1334,224
176.78,1350,214
177.57,2176,215
178.36,2191,213
179.15,2207,212
179.94,2238,213
180.77,2534,212
181.57,2565,211
182.37,2285,210
183.17,2597,211
183.97,2301,211
184.77,2347,211
185.56,2347,211
186.36,2363,211
187.16,2410,214
187.96,2378,222
188.76,2363,222
189.56,2363,220
190.36,2394,219
191.15,2410,220
191.95,2441,219
192.74,2456,220
193.53,2472,218
194.33,2503,218
195.12,2534,217
195.92,2565,218
196.71,2581,217
197.50,2597,216
198.30,2659,217
199.09,1989,210
199.89,1989,210
200.68,2753,216
201.47,2784,217
202.26,2815,215
203.05,1895,213
203.84,2082,217
204.62,2082,218
205.41,2114,227
206.20,2098,224
206.99,2098,224
207.78,2098,229
208.57,2083,225
209.36,2083,225
210.15,2083,226
210.95,2067,227
211.74,2067,228
212.53,2067,228
213.32,2067,226
214.12,2067,232
214.91,2067,230
215.70,2067,231
216.49,2067,231
217.29,2067,230
218.08,2067,231
218.88,2067,230
219.68,2067,230
220.47,2067,230
221.27,2067,230
222.07,2067,230
222.87,2067,229
223.66,2083,229
224.46,2083,229
225.26,2098,230
226.06,2098,229
226.85,2098,228
227.65,2098,229
228.41,2114,228
229.20,2114,228
229.99,2129,226
230.79,2129,226
231.58,2129,223
232.37,2145,222
233.16,2161,223
233.95,2161,224
234.74,2176,220
235.54,2145,217
236.33,2192,231
237.12,2207,218
237.92,2924,212
238.71,2192,214
239.50,2971,213
240.29,2987,222
241.08,3002,222
241.87,3018,220
242.67,3049,221
243.46,3065,221
244.25,2955,211
245.04,3111,214
245.83,3033,211
246.62,3158,214
247.40,3189,222
248.18,1646,221
248.95,1490,219
249.73,1490,219
250.51,1506,210
251.29,2737,213
252.06,2706,229
252.84,2659,225
253.62,2597,214
254.40,2316,216
255.17,2270,229
255.95,2238,227
256.74,2207,228
257.54,2161,223
258.35,2129,228
259.15,2098,227
259.95,2098,224
260.75,2083,228
261.56,2051,228
262.36,2051,221
263.16,1849,216
263.96,1849,215
264.77,1989,222
265.57,1958,227
266.37,1958,228
267.16,1989,223
267.95,2051,219
268.74,1615,227
269.53,1599,234
270.32,1615,229
271.12,4124,129
271.91,4124,214
272.70,4187,213
273.49,4156,215
274.28,4140,218
275.07,4124,218
275.90,4109,217
276.70,3283,106
277.50,4093,217
278.31,4078,211
279.11,4561,217
279.91,4561,224
280.71,3891,216
281.51,2207,217
282.31,2223,233
283.12,2207,230
283.92,2207,233
284.72,2207,232
285.52,2207,233
286.36,2191,230
287.19,2207,230
288.03,2191,233
288.86,2191,230
289.70,2191,232
290.53,2191,235
291.37,2207,221
292.20,1942,216
293.04,1926,217
293.87,1911,217
294.71,1911,216
295.46,2129,213
296.25,1911,215
297.05,2238,230
297.84,2269,219
298.64,2597,232
299.43,2597,231
300.23,1771,219
301.02,1771,222
301.82,1786,212
302.61,2628,221
303.41,2643,229
304.20,2659,230
305.03,2659,232
305.82,2659,230
306.60,2675,230
307.39,2690,229
308.18,2706,230
308.96,2706,225
309.75,2737,214
310.53,2363,216
311.32,2378,219
312.11,2394,218
312.89,2815,224
313.68,2846,224
314.47,2924,214
315.27,3594,222
316.06,3657,224
316.86,3703,224
317.66,1958,220
318.46,1958,222
319.25,5106,212
320.05,5137,222
320.85,5184,221
321.65,5215,220
322.44,5262,218
323.24,4903,225
324.00,3501,221
324.79,3579,218
325.59,3734,217
326.38,3875,216
327.18,4015,216
327.97,4171,217
328.77,4233,222
329.56,4280,227
330.36,4327,226
331.15,4389,224
331.95,4436,225
332.74,4483,223
333.57,4545,224
334.41,4607,223
335.24,4654,224
336.08,4716,222
336.91,2238,216
337.75,2207,227
338.58,2191,225
339.42,2160,227
340.25,2129,224
341.09,2098,226
341.92,2067,225
342.76,2051,225
343.56,2036,222
344.36,2004,224
345.15,1989,222
345.95,1973,224
346.74,1942,221
347.54,1942,221
348.33,1926,218
349.13,2659,220
349.92,2643,222
350.72,2628,219
351.51,2581,220
352.31,2565,222
352.40,2565,218
353.19,2051,215
353.97,2051,215
354.76,2067,216
355.54,2020,214
356.33,2488,215
357.11,2051,216
357.90,2020,214
358.68,2020,214
359.47,2425,214
0.25,2020,214
1.04,2410,213
1.83,2020,212
2.65,2020,212
3.46,1989,213
4.28,2301,211
5.10,1677,215
5.92,2036,210
6.73,2238,212
7.55,2254,213
8.37,2254,210
9.19,1708,211
10.00,1693,213
10.82,1662,190
11.61,1677,213
12.40,1708,216
13.20,1786,216
13.99,1786,217
14.78,1802,214
15.57,1895,211
16.37,1942,218
17.16,1926,219
17.95,1926,218
18.74,1911,219
19.54,1911,217
20.33,1895,217
21.12,1895,217
21.91,1880,216
22.71,1864,215
23.50,1771,212
24.29,1802,210
25.09,1958,211
25.88,2316,211
26.68,2332,220
27.47,2347,216
28.26,2378,211
29.06,2410,217
29.85,3127,219
30.61,3127,224
31.36,3142,224
32.11,3142,223
32.86,3158,223
33.61,3158,224
34.36,3173,225
35.12,3189,224
35.87,3205,224
36.62,3205,223
37.37,3220,225
38.12,3236,224
38.87,3236,222
39.66,3267,210
40.45,3267,158
41.25,3282,148
42.04,3298,145
42.83,3314,103
43.62,3329,116
44.42,45,96
45.21,3376,103
46.00,3407,148
46.79,3423,193
47.59,3485,221
48.38,3563,229
